1.4615368380000e-06;          0
1.5256446750000e-06;          0
1.5454670840000e-06;          0
1.5619790350000e-06;          0
1.5818069030000e-06;          0
1.6016230230000e-06;          0
1.6214511020000e-06;          0
1.6412670660000e-06;          0
1.6577910580000e-06;          0
1.6776070580000e-06;          0
1.6974349840000e-06;          0
1.7172509970000e-06;          0
1.7370790390000e-06;          0
1.7568949500000e-06;          0
1.7734192450000e-06;          0
1.7932352330000e-06;          0
1.8130633280000e-06;          0
1.8328792560000e-06;          0
1.8527070950000e-06;          0
1.8692194590000e-06;          0
1.8890475180000e-06;          0
1.9088634860000e-06;          0
1.9286913420000e-06;          0
1.9485074710000e-06;          0
1.9683353190000e-06;          0
1.9848476440000e-06;          0
2.0046757730000e-06;          0
2.0244917360000e-06;          0
2.0443196760000e-06;          0
2.0641356410000e-06;          0
2.0839634670000e-06;          0
2.1004759830000e-06;          0
2.1203039220000e-06;          0
2.1401199260000e-06;          0
2.1599479330000e-06;          0
2.1797636730000e-06;          0
2.1962880840000e-06;          0
2.2161038580000e-06;          0
2.2359318890000e-06;          0
2.2557479140000e-06;          0
2.2755758100000e-06;          0
2.2953918240000e-06;          0
2.3119161380000e-06;          0
2.3317321100000e-06;          0
2.3515600320000e-06;          0
2.3713761430000e-06;          0
2.3912040120000e-06;          0
2.4077163440000e-06;          0
2.4275443160000e-06;          0
2.4473604610000e-06;          0
2.4671884120000e-06;          0
2.4870044740000e-06;          0
2.5068323980000e-06;          0
2.5233445900000e-06;          0
2.5431725710000e-06;          0
2.5629884960000e-06;          0
2.5828165230000e-06;          0
2.6026324960000e-06;          0
2.6224605580000e-06;          0
2.6389728000000e-06;          0
2.6588007210000e-06;          0
2.6786166210000e-06;          0
2.6984445610000e-06;          0
2.7182606890000e-06;          0
2.7347851020000e-06;          0
2.7546010090000e-06;          0
2.7744291710000e-06;          0
2.7942451360000e-06;          0
2.8140730710000e-06;          0
2.8338889630000e-06;          0
2.8504132500000e-06;          0
2.8702294060000e-06;          0
2.8900572560000e-06;          0
2.9098732600000e-06;          0
2.9297013780000e-06;          0
2.9462136430000e-06;          0
2.9660415760000e-06;          0
2.9858574570000e-06;          0
3.0056855440000e-06;          0
3.0255015250000e-06;          0
3.0453295020000e-06;          0
3.0618418770000e-06;          0
3.0816698550000e-06;          0
3.1014858280000e-06;          0
3.1213136580000e-06;          0
3.1411296720000e-06;          0
3.1609578110000e-06;          0
3.1774701300000e-06;          0
3.1972981890000e-06;          0
3.2171142410000e-06;          0
3.2369421810000e-06;          0
3.2567579120000e-06;          0
3.2732821870000e-06;          0
3.2930981360000e-06;          0
3.3129261870000e-06;          0
3.3327421510000e-06;          0
3.3525701020000e-06;          0
3.3723860550000e-06;          0
3.3889102830000e-06;          0
3.4087263900000e-06;          0
3.4285543670000e-06;          0
3.4483703070000e-06;          0
3.4681983090000e-06;          0
3.4847107030000e-06;          0
3.5045386920000e-06;          0
3.5243545660000e-06;          0
3.5441825910000e-06;          0
3.5639986280000e-06;          0
3.5838264980000e-06;          0
3.6003388470000e-06;          0
3.6201666910000e-06;          0
3.6399827280000e-06;          0
3.6598108320000e-06;          0
3.6796268000000e-06;          0
3.6961509850000e-06;          0
3.7159670500000e-06;          0
3.7357951370000e-06;          0
3.7556111520000e-06;          0
3.7754391120000e-06;          0
3.7952549620000e-06;          0
3.8117792920000e-06;          0
3.8315952480000e-06;          0
3.8514232270000e-06;          0
3.8712392930000e-06;          0
3.8910672650000e-06;          0
3.9075795940000e-06;          0
3.9274078340000e-06;          0
3.9472238710000e-06;          0
3.9670519510000e-06;          0
3.9868678900000e-06;          0
4.0066959060000e-06;          0
4.0232082210000e-06;          0
4.0430362430000e-06;          0
4.0628522520000e-06;          0
4.0826802520000e-06;          0
4.1024960830000e-06;          0
4.1190204600000e-06;          0
4.1388365840000e-06;          0
4.1586646050000e-06;          0
4.1784806800000e-06;          0
4.1983085280000e-06;          0
4.2181244200000e-06;          0
4.2346487760000e-06;          0
4.2544646500000e-06;          0
4.2742926890000e-06;          0
4.2941086870000e-06;          0
4.3139368500000e-06;          0
4.3337525470000e-06;          0
4.3502769380000e-06;          0
4.3700930610000e-06;          0
4.3899211070000e-06;          0
4.4097370420000e-06;          0
4.4295649970000e-06;          0
4.4460774630000e-06;          0
4.4659054840000e-06;          0
4.4857213540000e-06;          0
4.5055494920000e-06;          0
4.5253654600000e-06;          0
4.5451933960000e-06;          0
4.5617057830000e-06;          0
4.5815336690000e-06;          0
4.6013496220000e-06;          0
4.6211775920000e-06;          0
4.6409937360000e-06;          0
4.6575180900000e-06;          0
4.6773340800000e-06;          0
4.6971619290000e-06;          0
4.7169778770000e-06;          0
4.7368058030000e-06;          0
4.7566218240000e-06;          0
4.7731460830000e-06;          0
4.7929621590000e-06;          0
4.8127902260000e-06;          0
4.8326061800000e-06;          0
4.8524341530000e-06;          0
4.8722501080000e-06;          0
4.8887744350000e-06;          0
4.9085904640000e-06;          0
4.9284183770000e-06;          0
4.9482342690000e-06;          0
4.9680622210000e-06;          0
4.9845745580000e-06;          0
5.0044025250000e-06;          0
5.0242184110000e-06;          0
5.0440464250000e-06;          0
5.0638624980000e-06;          0
5.0836902220000e-06;          0
5.1002024070000e-06;          0
5.1200303250000e-06;          0
5.1398463140000e-06;          0
5.1596742440000e-06;          0
5.1794902170000e-06;          0
5.1993183800000e-06;          0
5.2158306060000e-06;          0
5.2356586050000e-06;          0
5.2554745570000e-06;          0
5.2753024490000e-06;          0
5.2951183840000e-06;          0
5.3116426710000e-06;          0
5.3314585490000e-06;          0
5.3512866690000e-06;          0
5.3711026060000e-06;          0
5.3909304630000e-06;          0
5.4107464950000e-06;          0
5.4272708210000e-06;          0
5.4470868700000e-06;          0
5.4669147530000e-06;          0
5.4867306130000e-06;          0
5.5065586650000e-06;          0
5.5230710770000e-06;          0
5.5428991000000e-06;          0
5.5627150740000e-06;          0
5.5825430230000e-06;          0
5.6023589630000e-06;          0
5.6221869780000e-06;          0
5.6386992490000e-06;          0
5.6585272870000e-06;          0
5.6783431720000e-06;          0
5.6981711990000e-06;          0
5.7179872230000e-06;          0
5.7378151720000e-06;          0
5.7543274240000e-06;          0
5.7741553160000e-06;          0
5.7939712350000e-06;          0
5.8137993780000e-06;          0
5.8336152630000e-06;          0
5.8501395790000e-06;          0
5.8699554330000e-06;          0
5.8897834740000e-06;          0
5.9095995920000e-06;          0
5.9294273940000e-06;          0
5.9492435170000e-06;          0
5.9657677500000e-06;          0
5.9855836360000e-06;          0
6.0054114990000e-06;          0
6.0252273730000e-06;          0
6.0450552950000e-06;          0
6.0615677160000e-06;          0
6.0813957080000e-06;          0
6.1012116550000e-06;          0
6.1210397440000e-06;          0
6.1408556280000e-06;          0
6.1606835310000e-06;          0
6.1771958680000e-06;          0
6.1970238220000e-06;          0
6.2168398080000e-06;          0
6.2366677660000e-06;          0
6.2564836800000e-06;          0
6.2763116140000e-06;          0
6.2928238850000e-06;          0
6.3126518770000e-06;          0
6.3324677950000e-06;          0
6.3522958440000e-06;          0
6.3721117030000e-06;          0
6.3886360550000e-06;          0
6.4084518240000e-06;          0
6.4282796980000e-06;          0
6.4480958630000e-06;          0
6.4679239390000e-06;          0
6.4877397080000e-06;          0
6.5042640190000e-06;          0
6.5240800840000e-06;          0
6.5439079770000e-06;          0
6.5637237500000e-06;          0
6.5835519390000e-06;          0
6.6000642810000e-06;          0
6.6198922660000e-06;          0
6.6397083550000e-06;          0
6.6595362980000e-06;          0
6.6793522920000e-06;          0
6.6991746020000e-06;     183434
6.7156823610000e-06;     183434
6.7355046760000e-06;     366868
6.7553150550000e-06;     366868
6.7751362600000e-06;     183434
6.7949455540000e-06;     183434
6.8147657240000e-06;     359192
6.8312714980000e-06;     359192
6.8510926180000e-06;     541466
6.8709019320000e-06;     541466
6.8907229300000e-06;     717224
6.9105318950000e-06;     717224
6.9270438550000e-06;     892982
6.9468446910000e-06;     892982
6.9666571520000e-06;    1068740
6.9864576370000e-06;    1068740
7.0062630120000e-06;    1236822
7.0260562670000e-06;    1236822
7.0425614070000e-06;    1404904
7.0623543970000e-06;    1404904
7.0821528810000e-06;    1564150
7.1019391460000e-06;    1564150
7.1217379220000e-06;    1724556
7.1415245380000e-06;    1724556
7.1580199350000e-06;    1869610
7.1778010820000e-06;    1869610
7.1975951270000e-06;    2021180
7.2173774680000e-06;    2021180
7.2371676820000e-06;    2166234
7.2569456550000e-06;    2166234
7.2734345140000e-06;    2311288
7.2932077430000e-06;    2311288
7.3129957130000e-06;    2456342
7.3327716070000e-06;    2456342
7.3525555230000e-06;    2584884
7.3723273820000e-06;    2584884
7.3888170520000e-06;    2722262
7.4085913950000e-06;    2722262
7.4283655700000e-06;    2859640
7.4481275010000e-06;    2859640
7.4679044220000e-06;    2988182
7.4876693510000e-06;    2988182
7.5041483170000e-06;    3110208
7.5239100910000e-06;    3110208
7.5436812060000e-06;    3231074
7.5634403800000e-06;    3231074
7.5832064790000e-06;    3353100
7.6029602110000e-06;    3353100
7.6194314670000e-06;    3467450
7.6391834750000e-06;    3467450
7.6589453740000e-06;    3580640
7.6786952490000e-06;    3580640
7.6984532200000e-06;    3687314
7.7181987670000e-06;    3687314
7.7346634360000e-06;    3792828
7.7544077680000e-06;    3792828
7.7741635020000e-06;    3891826
7.7939074960000e-06;    3891826
7.8136601080000e-06;    3989664
7.8334004250000e-06;    3989664
7.8531529400000e-06;    4088662
7.8696025460000e-06;    4088662
7.8893558210000e-06;    4178824
7.9090970190000e-06;    4178824
7.9288474610000e-06;    4270146
7.9485857490000e-06;    4270146
7.9683370860000e-06;    4360308
7.9847856300000e-06;    4360308
8.0045285560000e-06;    4459306
8.0242588360000e-06;    4459306
8.0440023600000e-06;    4541792
8.0637340230000e-06;    4541792
8.0834750660000e-06;    4625438
8.0999146680000e-06;    4625438
8.1196571810000e-06;    4707924
8.1393880280000e-06;    4707924
8.1591228690000e-06;    4791570
8.1788453350000e-06;    4791570
8.1985818000000e-06;    4866380
8.2183064320000e-06;    4866380
8.2347534110000e-06;    4942350
8.2544764940000e-06;    4942350
8.2742141340000e-06;    5009484
8.2939400160000e-06;    5009484
8.3136708630000e-06;    5085454
8.3333891600000e-06;    5085454
8.3531230020000e-06;    5160264
8.3695569780000e-06;    5160264
8.3892903720000e-06;    5219722
8.4090116810000e-06;    5219722
8.4287378850000e-06;    5295692
8.4484515920000e-06;    5295692
8.4681814530000e-06;    5362826
8.4846123140000e-06;    5362826
8.5043353160000e-06;    5423444
8.5240457630000e-06;    5423444
8.5437717040000e-06;    5490578
8.5634859650000e-06;    5490578
8.5832130190000e-06;    5542360
8.6029280860000e-06;    5542360
8.6193628390000e-06;    5602978
8.6390714130000e-06;    5602978
8.6587965750000e-06;    5662436
8.6785098760000e-06;    5662436
8.6982297870000e-06;    5723054
8.7179371040000e-06;    5723054
8.7376509090000e-06;    5774836
8.7540678270000e-06;    5774836
8.7737852530000e-06;    5834294
8.7934908850000e-06;    5834294
8.8132105350000e-06;    5879560
8.8329177860000e-06;    5879560
8.8526314130000e-06;    5923666
8.8723326620000e-06;    5923666
8.8887661060000e-06;    5975448
8.9084734770000e-06;    5975448
8.9281883980000e-06;    6020714
8.9478913500000e-06;    6020714
8.9676012520000e-06;    6072496
8.9872988390000e-06;    6072496
9.0070140110000e-06;    6116602
9.0234325770000e-06;    6116602
9.0431429780000e-06;    6161868
9.0628413840000e-06;    6161868
9.0825542380000e-06;    6205974
9.1022549760000e-06;    6205974
9.1219633870000e-06;    6242404
9.1383761400000e-06;    6242404
9.1580900210000e-06;    6287670
9.1777920360000e-06;    6287670
9.1975026750000e-06;    6324100
9.2172009810000e-06;    6324100
9.2369072750000e-06;    6368206
9.2566011980000e-06;    6368206
9.2730207400000e-06;    6413472
9.2927111250000e-06;    6413472
9.3124191590000e-06;    6449902
9.3321152960000e-06;    6449902
9.3518191260000e-06;    6478656
9.3715107490000e-06;    6478656
9.3912176760000e-06;    6515086
9.4076292620000e-06;    6515086
9.4273333950000e-06;    6545000
9.4470254670000e-06;    6545000
9.4667261010000e-06;    6581430
9.4864144440000e-06;    6581430
9.5061219130000e-06;    6610184
9.5258175940000e-06;    6610184
9.5422388170000e-06;    6638938
9.5619309350000e-06;    6638938
9.5816324600000e-06;    6676528
9.6013216400000e-06;    6676528
9.6210202370000e-06;    6712958
9.6407065800000e-06;    6712958
9.6604012410000e-06;    6741712
9.6768025870000e-06;    6741712
9.6965034860000e-06;    6771626
9.7161926990000e-06;    6771626
9.7358913540000e-06;    6785028
9.7555777090000e-06;    6785028
9.7752733070000e-06;    6813782
9.7949569150000e-06;    6813782
9.8146578930000e-06;    6842536
9.8310644450000e-06;    6842536
9.8507627590000e-06;      22238
9.8704488180000e-06;      22238
9.8901441510000e-06;      50992
9.9098275960000e-06;      50992
9.9295546050000e-06;      72070
9.9492706930000e-06;      72070
9.9657112310000e-06;      93148
9.9854263380000e-06;      93148
1.0005153146000e-05;     153766
1.0024867985000e-05;     153766
1.0044594415000e-05;     213224
1.0064308796000e-05;     213224
1.0080755221000e-05;     272682
1.0100478250000e-05;     272682
1.0120211932000e-05;     333300
1.0139933391000e-05;     333300
1.0159665443000e-05;     400434
1.0179385465000e-05;     400434
1.0199115926000e-05;     476404
1.0215547137000e-05;     476404
1.0235276035000e-05;     535862
1.0254992876000e-05;     535862
1.0274719731000e-05;     602996
1.0294434635000e-05;     602996
1.0314160226000e-05;     671290
1.0333873637000e-05;     671290
1.0350311266000e-05;     730748
1.0370023034000e-05;     730748
1.0389745167000e-05;     791366
1.0409455337000e-05;     791366
1.0429176088000e-05;     850824
1.0448884754000e-05;     850824
1.0465318662000e-05;     902606
1.0485025729000e-05;     902606
1.0504753258000e-05;     955548
1.0524469343000e-05;     955548
1.0544196065000e-05;    1007330
1.0563910662000e-05;    1007330
1.0583636089000e-05;    1066788
1.0600062733000e-05;    1066788
1.0619786808000e-05;    1127406
1.0639498721000e-05;    1127406
1.0659221509000e-05;    1186864
1.0678932236000e-05;    1186864
1.0698653368000e-05;    1247482
1.0718362459000e-05;    1247482
1.0734802168000e-05;    1299264
1.0754516473000e-05;    1299264
1.0774241588000e-05;    1358722
1.0793954418000e-05;    1358722
1.0813678104000e-05;    1419340
1.0833389908000e-05;    1419340
1.0853111980000e-05;    1471122
1.0869536131000e-05;    1471122
1.0889256842000e-05;    1530580
1.0908965413000e-05;    1530580
1.0928684811000e-05;    1583522
1.0948392202000e-05;    1583522
1.0968120037000e-05;    1635304
1.0984549132000e-05;    1635304
1.1004276160000e-05;    1688246
1.1023991070000e-05;    1688246
1.1043716622000e-05;    1747704
1.1063430157000e-05;    1747704
1.1083154433000e-05;    1807162
1.1102866543000e-05;    1807162
1.1119303176000e-05;    1867780
1.1139013957000e-05;    1867780
1.1158735192000e-05;    1927238
1.1178444533000e-05;    1927238
1.1198164417000e-05;    1979020
1.1217872291000e-05;    1979020
1.1237590758000e-05;    2039638
1.1254011486000e-05;    2039638
1.1273728509000e-05;    2091420
1.1293433588000e-05;    2091420
1.1313149231000e-05;    2135526
1.1332852785000e-05;    2135526
1.1352566838000e-05;    2188468
1.1372269011000e-05;    2188468
1.1388697727000e-05;    2240250
1.1408399003000e-05;    2240250
1.1428120561000e-05;    2276680
1.1447830700000e-05;    2276680
1.1467551555000e-05;    2329622
1.1487260115000e-05;    2329622
1.1506979898000e-05;    2381404
1.1523402255000e-05;    2381404
1.1543120884000e-05;    2434346
1.1562827310000e-05;    2434346
1.1582544729000e-05;    2486128
1.1602249907000e-05;    2486128
1.1621965895000e-05;    2537910
1.1638384966000e-05;    2537910
1.1658099613000e-05;    2590852
1.1677802348000e-05;    2590852
1.1697522472000e-05;    2634958
1.1717230678000e-05;    2634958
1.1736949626000e-05;    2679064
1.1756656486000e-05;    2679064
1.1773089047000e-05;    2732006
1.1792794755000e-05;    2732006
1.1812511299000e-05;    2783788
1.1832215927000e-05;    2783788
1.1851931292000e-05;    2827894
1.1871634690000e-05;    2827894
1.1891348886000e-05;    2880836
1.1907766381000e-05;    2880836
1.1927479340000e-05;    2924942
1.1947180289000e-05;    2924942
1.1966902063000e-05;    2969048
1.1986611987000e-05;    2969048
1.2006332916000e-05;    3014314
1.2026041766000e-05;    3014314
1.2042476123000e-05;    3066096
1.2062183865000e-05;    3066096
1.2081902580000e-05;    3117878
1.2101609219000e-05;    3117878
1.2121326583000e-05;    3178496
1.2141032026000e-05;    3178496
1.2160748014000e-05;    3222602
1.2177167058000e-05;    3222602
1.2196881628000e-05;    3274384
1.2216584047000e-05;    3274384
1.2236297934000e-05;    3319650
1.2255999351000e-05;    3319650
1.2275711531000e-05;    3363756
1.2295411682000e-05;    3363756
1.2311838629000e-05;    3415538
1.2331537615000e-05;    3415538
1.2351247662000e-05;    3460804
1.2370945584000e-05;    3460804
1.2390654413000e-05;    3497234
1.2410351079000e-05;    3497234
1.2430058650000e-05;    3533664
1.2446470830000e-05;    3533664
1.2466177395000e-05;    3578930
1.2485871839000e-05;    3578930
1.2505587479000e-05;    3607684
1.2525291472000e-05;    3607684
1.2545006144000e-05;    3644114
1.2561424143000e-05;    3644114
1.2581138340000e-05;    3688220
1.2600840333000e-05;    3688220
1.2620553556000e-05;    3741162
1.2640254801000e-05;    3741162
1.2659966849000e-05;    3785268
1.2679666755000e-05;    3785268
1.2696093599000e-05;    3821698
1.2715792366000e-05;    3821698
1.2735502176000e-05;    3866964
1.2755199702000e-05;    3866964
1.2774908462000e-05;    3911070
1.2794605197000e-05;    3911070
1.2814319496000e-05;    3947500
1.2830737311000e-05;    3947500
1.2850450916000e-05;    3985090
1.2870152352000e-05;    3985090
1.2889864829000e-05;    4029196
1.2909565290000e-05;    4029196
1.2929276934000e-05;    4073302
1.2948976574000e-05;    4073302
1.2965402990000e-05;    4118568
1.2985101496000e-05;    4118568
1.3004810883000e-05;    4162674
1.3024508388000e-05;    4162674
1.3044216924000e-05;    4199104
1.3063913161000e-05;    4199104
1.3083620241000e-05;    4244370
1.3100031953000e-05;    4244370
1.3119738160000e-05;    4280800
1.3139432486000e-05;    4280800
1.3159147583000e-05;    4317230
1.3178850795000e-05;    4317230
1.3198565400000e-05;    4345984
1.3218267913000e-05;    4345984
1.3234697093000e-05;    4398926
1.3254398497000e-05;    4398926
1.3274111446000e-05;    4443032
1.3293812279000e-05;    4443032
1.3313523838000e-05;    4479462
1.3333223287000e-05;    4479462
1.3352933815000e-05;    4532404
1.3369348294000e-05;    4532404
1.3389057689000e-05;    4568834
1.3408755282000e-05;    4568834
1.3428463607000e-05;    4612940
1.3448159770000e-05;    4612940
1.3467867299000e-05;    4650530
1.3487562681000e-05;    4650530
1.3503985551000e-05;    4694636
1.3523679941000e-05;    4694636
1.3543385200000e-05;    4723390
1.3563078652000e-05;    4723390
1.3582782782000e-05;    4760980
1.3602474998000e-05;    4760980
1.3622178488000e-05;    4797410
1.3638587000000e-05;    4797410
1.3658289801000e-05;    4826164
1.3677980434000e-05;    4826164
1.3697682104000e-05;    4862594
1.3717371658000e-05;    4862594
1.3737072602000e-05;    4892508
1.3756761377000e-05;    4892508
1.3773178948000e-05;    4921262
1.3792867109000e-05;    4921262
1.3812576075000e-05;    4950016
1.3832273509000e-05;    4950016
1.3851982525000e-05;    4971094
1.3871679206000e-05;    4971094
1.3891387395000e-05;    5016360
1.3907799748000e-05;    5016360
1.3927507349000e-05;    5052790
1.3947202882000e-05;    5052790
1.3966909431000e-05;    5089220
1.3986603906000e-05;    5089220
1.4006309475000e-05;    5126810
1.4026003080000e-05;    5126810
1.4042424633000e-05;    5163240
1.4062117217000e-05;    5163240
1.4081820876000e-05;    5199670
1.4101512458000e-05;    5199670
1.4121215431000e-05;    5237260
1.4140906145000e-05;    5237260
1.4160608027000e-05;    5266014
1.4177015252000e-05;    5266014
1.4196722952000e-05;    5294768
1.4216418679000e-05;    5294768
1.4236125727000e-05;    5323522
1.4255820759000e-05;    5323522
1.4275527187000e-05;    5361112
1.4295221588000e-05;    5361112
1.4311643820000e-05;    5397542
1.4331337324000e-05;    5397542
1.4351042070000e-05;    5433972
1.4370734702000e-05;    5433972
1.4390438574000e-05;    5462726
1.4410130301000e-05;    5462726
1.4429833128000e-05;    5500316
1.4446241323000e-05;    5500316
1.4465943397000e-05;    5529070
1.4485633491000e-05;    5529070
1.4505334868000e-05;    5565500
1.4525023835000e-05;    5565500
1.4544724307000e-05;    5595414
1.4564412819000e-05;    5595414
1.4580838496000e-05;    5616492
1.4600536456000e-05;    5616492
1.4620245663000e-05;    5645246
1.4639943014000e-05;    5645246
1.4659651455000e-05;    5689352
1.4679348127000e-05;    5689352
1.4699055999000e-05;    5726942
1.4715468220000e-05;    5726942
1.4735175148000e-05;    5763372
1.4754869979000e-05;    5763372
1.4774575859000e-05;      36430
1.4794269658000e-05;      36430
1.4813974446000e-05;      74020
1.4833667146000e-05;      74020
1.4850107034000e-05;     110450
1.4869822126000e-05;     110450
1.4889548376000e-05;     139204
1.4909262496000e-05;     139204
1.4928987857000e-05;     199822
1.4948701150000e-05;     199822
1.4968435552000e-05;     259280
1.4984870310000e-05;     259280
1.5004603581000e-05;     318738
1.5024324893000e-05;     318738
1.5044056804000e-05;     387032
1.5063776517000e-05;     387032
1.5083506805000e-05;     454166
1.5099937801000e-05;     454166
1.5119666576000e-05;     522460
1.5139383292000e-05;     522460
1.5159110521000e-05;     589594
1.5178825170000e-05;     589594
1.5198550522000e-05;     649052
1.5218263868000e-05;     649052
1.5234701063000e-05;     709670
1.5254412528000e-05;     709670
1.5274134549000e-05;     769128
1.5293844488000e-05;     769128
1.5313565164000e-05;     828586
1.5333273740000e-05;     828586
1.5352992752000e-05;     881528
1.5369414256000e-05;     881528
1.5389141719000e-05;     933310
1.5408857557000e-05;     933310
1.5428583943000e-05;     986252
1.5448298285000e-05;     986252
1.5468023271000e-05;    1045710
1.5487736418000e-05;    1045710
1.5504173850000e-05;    1105168
1.5523885534000e-05;    1105168
1.5543607582000e-05;    1165786
1.5563317627000e-05;    1165786
1.5583038418000e-05;    1225244
1.5602746931000e-05;    1225244
1.5619185991000e-05;    1277026
1.5638899757000e-05;    1277026
1.5658624000000e-05;    1329968
1.5678336260000e-05;    1329968
1.5698059177000e-05;    1389426
1.5717770033000e-05;    1389426
1.5737491746000e-05;    1450044
1.5753915357000e-05;    1450044
1.5773635624000e-05;    1509502
1.5793343528000e-05;    1509502
1.5813072001000e-05;    1561284
1.5832788755000e-05;    1561284
1.5852515780000e-05;    1614226
1.5872231074000e-05;    1614226
1.5888670333000e-05;    1673684
1.5908384134000e-05;    1673684
1.5928108604000e-05;    1733142
1.5947821021000e-05;    1733142
1.5967544156000e-05;    1793760
1.5987254900000e-05;    1793760
1.6006976326000e-05;    1853218
1.6023399791000e-05;    1853218
1.6043119751000e-05;    1913836
1.6062827502000e-05;    1913836
1.6082545625000e-05;    1965618
1.6102251814000e-05;    1965618
1.6121968437000e-05;    2017400
1.6138387880000e-05;    2017400
1.6158103268000e-05;    2070342
1.6177806242000e-05;    2070342
1.6197520120000e-05;    2114448
1.6217221926000e-05;    2114448
1.6236944264000e-05;    2158554
1.6256655102000e-05;    2158554
1.6273090681000e-05;    2211496
1.6292800294000e-05;    2211496
1.6312520470000e-05;    2263278
1.6332228733000e-05;    2263278
1.6351947703000e-05;    2315060
1.6371654656000e-05;    2315060
1.6391372019000e-05;    2368002
1.6407792131000e-05;    2368002
1.6427508391000e-05;    2419784
1.6447212595000e-05;    2419784
1.6466927352000e-05;    2463890
1.6486629897000e-05;    2463890
1.6506349856000e-05;    2516832
1.6526058013000e-05;    2516832
1.6542491387000e-05;    2560938
1.6562198230000e-05;    2560938
1.6581915595000e-05;    2612720
1.6601621120000e-05;    2612720
1.6621337329000e-05;    2665662
1.6641041428000e-05;    2665662
1.6660756204000e-05;    2709768
1.6677174228000e-05;    2709768
1.6696887616000e-05;    2761550
1.6716589009000e-05;    2761550
1.6736311089000e-05;    2806816
1.6756021592000e-05;    2806816
1.6775742752000e-05;    2850922
1.6792165877000e-05;    2850922
1.6811885390000e-05;    2902704
1.6831593129000e-05;    2902704
1.6851311620000e-05;    2955646
1.6871018140000e-05;    2955646
1.6890735298000e-05;    3007428
1.6910440357000e-05;    3007428
1.6926870937000e-05;    3059210
1.6946574447000e-05;    3059210
1.6966288713000e-05;    3104476
1.6985990854000e-05;    3104476
1.7005703674000e-05;    3156258
1.7025404181000e-05;    3156258
1.7045115701000e-05;    3200364
1.7061530896000e-05;    3200364
1.7081240887000e-05;    3245630
1.7100938793000e-05;    3245630
1.7120647600000e-05;    3282060
1.7140344454000e-05;    3282060
1.7160051844000e-05;    3326166
1.7179747289000e-05;    3326166
1.7196170470000e-05;    3363756
1.7215864833000e-05;    3363756
1.7235579864000e-05;    3400186
1.7255283166000e-05;    3400186
1.7274997554000e-05;    3436616
1.7294699911000e-05;    3436616
1.7314413158000e-05;    3481882
1.7330829736000e-05;    3481882
1.7350542014000e-05;    3525988
1.7370242138000e-05;    3525988
1.7389953024000e-05;    3570094
1.7409651907000e-05;    3570094
1.7429361685000e-05;    3615360
1.7449059306000e-05;    3615360
1.7465484080000e-05;    3659466
1.7485180235000e-05;    3659466
1.7504893976000e-05;    3695896
1.7524595864000e-05;    3695896
1.7544308630000e-05;    3732326
1.7564009404000e-05;    3732326
1.7583720942000e-05;    3777592
1.7600136086000e-05;    3777592
1.7619846726000e-05;    3821698
1.7639545243000e-05;    3821698
1.7659254477000e-05;    3858128
1.7678951707000e-05;    3858128
1.7698659609000e-05;    3903394
1.7718355418000e-05;    3903394
1.7734778834000e-05;    3939824
1.7754473661000e-05;    3939824
1.7774188978000e-05;    3976254
1.7793892851000e-05;    3976254
1.7813607370000e-05;    4013844
1.7833310154000e-05;    4013844
1.7853023342000e-05;    4057950
1.7869440327000e-05;    4057950
1.7889152709000e-05;    4102056
1.7908852888000e-05;    4102056
1.7928564075000e-05;    4154998
1.7948263227000e-05;    4154998
1.7967972967000e-05;    4191428
1.7987670752000e-05;    4191428
1.8004095442000e-05;    4235534
1.8023791778000e-05;    4235534
1.8043499148000e-05;    4273124
1.8063194484000e-05;    4273124
1.8082900593000e-05;    4309554
1.8102594328000e-05;    4309554
1.8122299081000e-05;    4345984
1.8138708660000e-05;    4345984
1.8158412273000e-05;    4382414
1.8178103850000e-05;    4382414
1.8197806513000e-05;    4420004
1.8217496996000e-05;    4420004
1.8237198519000e-05;    4448758
1.8256888074000e-05;    4448758
1.8273306045000e-05;    4477512
1.8292994013000e-05;    4477512
1.8312703177000e-05;    4515102
1.8332400767000e-05;    4515102
1.8352109541000e-05;    4536180
1.8371806014000e-05;    4536180
1.8391513737000e-05;    4572610
1.8407925579000e-05;    4572610
1.8427632472000e-05;    4616716
1.8447327161000e-05;    4616716
1.8467032953000e-05;    4654306
1.8486726533000e-05;    4654306
1.8506431023000e-05;    4683060
1.8526123386000e-05;    4683060
1.8542543633000e-05;    4719490
1.8562234804000e-05;    4719490
1.8581937045000e-05;    4757080
1.8601627238000e-05;    4757080
1.8621335032000e-05;    4785834
1.8641030955000e-05;    4785834
1.8660737790000e-05;    4814588
1.8677149057000e-05;    4814588
1.8696854840000e-05;    4851018
1.8716548726000e-05;    4851018
1.8736253646000e-05;    4888608
1.8755946512000e-05;    4888608
1.8775650196000e-05;    4925038
1.8795341976000e-05;    4925038
1.8811761947000e-05;    4953792
1.8831452501000e-05;    4953792
1.8851154083000e-05;    4982546
1.8870843531000e-05;    4982546
1.8890543911000e-05;    5020136
1.8910232338000e-05;    5020136
1.8929941880000e-05;    5048890
1.8946355781000e-05;    5048890
1.8966064403000e-05;    5077644
1.8985761050000e-05;    5077644
1.9005468653000e-05;    5115234
1.9025164283000e-05;    5115234
1.9044871053000e-05;    5151664
1.9064565651000e-05;    5151664
1.9080988083000e-05;    5188094
1.9100681404000e-05;    5188094
1.9120385949000e-05;    5224524
1.9140078383000e-05;    5224524
1.9159781587000e-05;    5254438
1.9179472673000e-05;    5254438
1.9199174853000e-05;    5290868
1.9215582297000e-05;    5290868
1.9235283594000e-05;    5327298
1.9254972719000e-05;    5327298
1.9274672663000e-05;    5357212
1.9294360496000e-05;    5357212
1.9314059252000e-05;    5385966
1.9333745951000e-05;    5385966
1.9350161749000e-05;    5407044
1.9369847505000e-05;    5407044
1.9389544301000e-05;    5435798
1.9409229064000e-05;    5435798
1.9428924863000e-05;    5465712
1.9448608874000e-05;    5465712
1.9468303902000e-05;    5479114
1.9484705342000e-05;    5479114
1.9504399340000e-05;    5507868
1.9524081159000e-05;    5507868
1.9543784570000e-05;    5528946
1.9563476142000e-05;    5528946
1.9583178730000e-05;    5551184
1.9602869387000e-05;    5551184
1.9619288501000e-05;    5579938
1.9638978282000e-05;    5579938
1.9658679376000e-05;    5608692
1.9678368345000e-05;    5608692
1.9698068325000e-05;    5637446
1.9717756350000e-05;    5637446
1.9737455439000e-05;    5667360
1.9753860232000e-05;    5667360
1.9773558227000e-05;    5696114
1.9793244156000e-05;    5696114
1.9812941209000e-05;    5717192
1.9832626226000e-05;    5717192
1.9852322293000e-05;    5745946
1.9872006360000e-05;    5745946
1.9888420068000e-05;    5768184
1.9908103318000e-05;    5768184
1.9927804195000e-05;    5789262
1.9947493310000e-05;    5789262
1.9967193482000e-05;    5810340
1.9986882007000e-05;    5810340
2.0006581496000e-05;    5839094
2.0022986715000e-05;    5839094
2.0042685443000e-05;    5869008
2.0062372169000e-05;    5869008
2.0082069842000e-05;    5897762
2.0101755597000e-05;    5897762
2.0121452387000e-05;    5918840
2.0141137020000e-05;    5918840
2.0160832683000e-05;    5947594
2.0177234845000e-05;    5947594
2.0196929725000e-05;    5969832
2.0216612648000e-05;    5969832
2.0236306458000e-05;    5990910
2.0255988235000e-05;    5990910
2.0275691087000e-05;    6011988
2.0295382381000e-05;    6011988
2.0311802148000e-05;    6033066
2.0331492631000e-05;    6033066
2.0351194352000e-05;    6062980
2.0370883889000e-05;    6062980
2.0390584782000e-05;    6091734
2.0410273636000e-05;    6091734
2.0429973445000e-05;    6120488
2.0446378893000e-05;    6120488
2.0466077917000e-05;    6149242
2.0485764526000e-05;    6149242
2.0505462371000e-05;    6179156
2.0525148203000e-05;    6179156
2.0544844928000e-05;    6207910
2.0564529588000e-05;    6207910
2.0580943798000e-05;    6228988
2.0600627487000e-05;    6228988
2.0620322435000e-05;    6250066
2.0640005171000e-05;    6250066
2.0659699133000e-05;    6279980
2.0679381073000e-05;    6279980
2.0699074100000e-05;    6301058
2.0715473988000e-05;    6301058
2.0735166070000e-05;    6314460
2.0754845978000e-05;    6314460
2.0774537218000e-05;    6335538
2.0794216387000e-05;    6335538
2.0813906828000e-05;    6357776
2.0833585411000e-05;    6357776
2.0849994675000e-05;    6363502
2.0869672272000e-05;    6363502
2.0889361381000e-05;    6384580
2.0909038138000e-05;    6384580
2.0928726663000e-05;    6397982
2.0948403109000e-05;    6397982
2.0968090891000e-05;    6411384
2.0984486117000e-05;    6411384
2.1004182894000e-05;    6425946
2.1023868099000e-05;    6425946
2.1043564753000e-05;    6439348
2.1063249147000e-05;    6439348
2.1082945114000e-05;    6460426
2.1102629018000e-05;    6460426
2.1122324282000e-05;    6481504
2.1138725979000e-05;    6481504
2.1158420464000e-05;    6503742
2.1178102870000e-05;    6503742
2.1197796449000e-05;    6524820
2.1217477933000e-05;    6524820
2.1237170763000e-05;    6545898
2.1256851377000e-05;    6545898
2.1273262298000e-05;    6566976
2.1292942229000e-05;    6566976
2.1312633364000e-05;    6580378
2.1332312261000e-05;    6580378
2.1352002410000e-05;    6602616
2.1371680590000e-05;    6602616
2.1391370049000e-05;    6623694
2.1407767066000e-05;    6623694
2.1427462428000e-05;    6637096
2.1447145942000e-05;    6637096
2.1466840822000e-05;    6650498
2.1486523419000e-05;    6650498
2.1506217408000e-05;    6672736
2.1525899352000e-05;    6672736
2.1542311564000e-05;    6686138
2.1561993063000e-05;    6686138
2.1581685438000e-05;    6707216
2.1601365765000e-05;    6707216
2.1621057671000e-05;    6728294
2.1640737500000e-05;    6728294
2.1660428482000e-05;    6741696
2.1676826492000e-05;    6741696
2.1696516492000e-05;    6763934
2.1716194617000e-05;    6763934
2.1735884056000e-05;    6785012
2.1755561466000e-05;    6785012
2.1775250031000e-05;    6798414
2.1794926671000e-05;    6798414
2.1814614338000e-05;    6811816
2.1831009940000e-05;    6811816
2.1850706833000e-05;    6817542
2.1870392268000e-05;    6817542
2.1890089026000e-05;    6832104
2.1909773633000e-05;    6832104
2.1929469909000e-05;    6860858
2.1949153965000e-05;    6860858
2.1965567821000e-05;    6881936
2.1985251290000e-05;    6881936
2.2004945815000e-05;    6903014
2.2024628121000e-05;    6903014
2.2044321800000e-05;    6925252
2.2064003241000e-05;    6925252
2.2083695923000e-05;    6946330
2.2100095470000e-05;    6946330
2.2119787430000e-05;    6967408
2.2139467254000e-05;    6967408
2.2159158371000e-05;    6980810
2.2178837234000e-05;    6980810
2.2198527369000e-05;    7003048
2.2218205403000e-05;    7003048
2.2234614271000e-05;    7016450
2.2254291797000e-05;    7016450
2.2273980566000e-05;    7037528
2.2293657140000e-05;    7037528
2.2313344999000e-05;    7043254
2.2333020866000e-05;    7043254
2.2352708040000e-05;    7056656
2.2369102910000e-05;    7056656
2.2388789569000e-05;    7071218
2.2408464032000e-05;    7071218
2.2428150042000e-05;    7084620
2.2447823866000e-05;    7084620
2.2467508949000e-05;    7098022
2.2487182196000e-05;    7098022
2.2506866600000e-05;    7103748
2.2523259388000e-05;    7103748
2.2542943171000e-05;    7109474
2.2562614860000e-05;    7109474
2.2582298197000e-05;    7124036
2.2601969681000e-05;    7124036
2.2621652458000e-05;    7129762
2.2641323210000e-05;    7129762
2.2657726099000e-05;    7135488
2.2677396244000e-05;    7135488
2.2697077765000e-05;    7141214
2.2716747421000e-05;    7141214
2.2736428476000e-05;    7146940
2.2756097488000e-05;    7146940
2.2775788028000e-05;    7144990
2.2792186389000e-05;    7144990
2.2811876985000e-05;    7151876
2.2831555440000e-05;    7151876
2.2851245772000e-05;    7165278
2.2870923957000e-05;    7165278
2.2890613551000e-05;    7186356
2.2910291181000e-05;    7186356
2.2929980279000e-05;    7199758
2.2946376687000e-05;    7199758
2.2966064836000e-05;    7213160
2.2985740948000e-05;    7213160
2.3005428417000e-05;    7227722
2.3025103907000e-05;    7227722
2.3044790863000e-05;    7241124
2.3064465528000e-05;    7241124
2.3080871416000e-05;    7254526
2.3100545519000e-05;    7254526
2.3120230723000e-05;    7260252
2.3139904148000e-05;    7260252
2.3159588963000e-05;    7273654
2.3179261752000e-05;    7273654
2.3198945938000e-05;    7280540
2.3215338330000e-05;    7280540
2.3235021845000e-05;    7293942
2.3254693327000e-05;    7293942
2.3274376375000e-05;    7299668
2.3294047391000e-05;    7299668
2.3313736179000e-05;    7305394
2.3333413274000e-05;    7305394
2.3353101839000e-05;    7311120
2.3369498023000e-05;    7311120
2.3389186078000e-05;    7325682
2.3408862303000e-05;    7325682
2.3428549884000e-05;    7339084
2.3448225544000e-05;    7339084
2.3467912377000e-05;    7344810
2.3487587266000e-05;    7344810
2.3503993507000e-05;    7358212
2.3523667654000e-05;    7358212
2.3543353262000e-05;    7371614
2.3563026839000e-05;    7371614
2.3582711869000e-05;    7386176
2.3602384879000e-05;    7386176
2.3622069018000e-05;    7391902
2.3638461668000e-05;    7391902
2.3658145458000e-05;    7397628
2.3677817021000e-05;    7397628
2.3697500253000e-05;    7403354
2.3717171397000e-05;    7403354
2.3736854062000e-05;    7416756
2.3756524604000e-05;    7416756
2.3776206755000e-05;    7414806
2.3792597524000e-05;    7414806
2.3812278963000e-05;    7429368
2.3831948397000e-05;    7429368
2.3851629643000e-05;    7435094
2.3871298529000e-05;    7435094
2.3890988901000e-05;    7440820
2.3910667569000e-05;    7440820
2.3927077173000e-05;    7438870
2.3946755271000e-05;    7438870
2.3966445109000e-05;    7452272
2.3986122728000e-05;    7452272
2.4005811891000e-05;    7466834
2.4025489141000e-05;    7466834
2.4045177875000e-05;    7480236
2.4061574056000e-05;    7480236
2.4081261886000e-05;    7501314
2.4100937799000e-05;    7501314
2.4120624987000e-05;    7507040
2.4140300465000e-05;    7507040
2.4159986935000e-05;    7520442
2.4179661310000e-05;    7520442
2.4196067200000e-05;    7535004
2.4215741105000e-05;    7535004
2.4235426101000e-05;    7540730
2.4255099325000e-05;    7540730
2.4274783907000e-05;    7554132
2.4294456331000e-05;    7554132
2.4314140304000e-05;    7559858
2.4333812377000e-05;    7559858
2.4350215917000e-05;    7573260
2.4369887276000e-05;    7573260
2.4389570118000e-05;    7580146
2.4409240834000e-05;    7580146
2.4428922857000e-05;    7585872
2.4448592946000e-05;    7585872
2.4468274516000e-05;    7591598
2.4484664903000e-05;    7591598
2.4504345813000e-05;    7597324
2.4524014854000e-05;    7597324
2.4543695512000e-05;    7603050
2.4563363852000e-05;    7603050
2.4583043965000e-05;    7601100
2.4602712038000e-05;    7601100
2.4619112485000e-05;       6886
2.4638780428000e-05;       6886
2.4658459468000e-05;       4936
2.4678126898000e-05;       4936
2.4697811349000e-05;      10662
2.4717484267000e-05;      10662
2.4737170607000e-05;       8712
2.4756844618000e-05;       8712
2.4773248397000e-05;      22114
2.4792919703000e-05;      22114
2.4812607061000e-05;      27840
2.4832282565000e-05;      27840
2.4851975531000e-05;      42402
2.4871656834000e-05;      42402
2.4891350199000e-05;      48128
2.4907750301000e-05;      48128
2.4927450763000e-05;      69206
2.4947139651000e-05;      69206
2.4966835894000e-05;      82608
2.4986519973000e-05;      82608
2.5006219378000e-05;     112522
2.5025907050000e-05;     112522
2.5042320910000e-05;     133600
2.5062004178000e-05;     133600
2.5081700653000e-05;     162354
2.5101385307000e-05;     162354
2.5121082802000e-05;     183432
2.5140768345000e-05;     183432
2.5160466152000e-05;     204510
2.5176870082000e-05;     204510
2.5196568189000e-05;     226748
2.5216254459000e-05;     226748
2.5235952612000e-05;     255502
2.5255638591000e-05;     255502
2.5275336506000e-05;     284256
2.5295022426000e-05;     284256
2.5311438212000e-05;     305334
2.5331123917000e-05;     305334
2.5350821467000e-05;     327572
2.5370506966000e-05;     327572
2.5390204196000e-05;     356326
2.5409889499000e-05;     356326
2.5429586544000e-05;     377404
2.5449271418000e-05;     377404
2.5465686384000e-05;     398482
2.5485371068000e-05;     398482
2.5505067349000e-05;     428396
2.5524751576000e-05;     428396
2.5544447637000e-05;     449474
2.5564131709000e-05;     449474
2.5583827483000e-05;     470552
2.5600229578000e-05;     470552
2.5619924813000e-05;     491630
2.5639608257000e-05;     491630
2.5659309966000e-05;     521544
2.5678999799000e-05;     521544
2.5698701611000e-05;     542622
2.5718391360000e-05;     542622
2.5734810061000e-05;     563700
2.5754499353000e-05;     563700
2.5774200334000e-05;     592454
2.5793889121000e-05;     592454
2.5813589928000e-05;     622368
2.5833278504000e-05;     622368
2.5852978872000e-05;     651122
2.5869384803000e-05;     651122
2.5889084897000e-05;     679876
2.5908772900000e-05;     679876
2.5928472590000e-05;     708630
2.5948160437000e-05;     708630
2.5967859746000e-05;     738544
2.5987546928000e-05;     738544
2.6003963626000e-05;     767298
2.6023650621000e-05;     767298
2.6043349326000e-05;     788376
2.6063035914000e-05;     788376
2.6082734019000e-05;     818290
2.6102420308000e-05;     818290
2.6122118310000e-05;     839368
2.6138522197000e-05;     839368
2.6158219562000e-05;     868122
2.6177905022000e-05;     868122
2.6197602201000e-05;     889200
2.6217287325000e-05;     889200
2.6236984139000e-05;     910278
2.6256669058000e-05;     910278
2.6273083680000e-05;     940192
2.6292768114000e-05;     940192
2.6312464244000e-05;     968946
2.6332148373000e-05;     968946
2.6351844142000e-05;     990024
2.6371527851000e-05;     990024
2.6391223111000e-05;    1003426
2.6407624806000e-05;    1003426
2.6427319686000e-05;    1033340
2.6447002659000e-05;    1033340
2.6466697286000e-05;    1054418
2.6486379809000e-05;    1054418
2.6506074105000e-05;    1075496
2.6525756327000e-05;    1075496
2.6545450488000e-05;    1096574
2.6561851028000e-05;    1096574
2.6581544572000e-05;    1118812
2.6601226115000e-05;    1118812
2.6620929310000e-05;    1132214
2.6640620795000e-05;    1132214
2.6660324057000e-05;    1153292
2.6680015272000e-05;    1153292
2.6696435527000e-05;    1182046
2.6716126415000e-05;    1182046
2.6735828945000e-05;    1219636
2.6755519490000e-05;    1219636
2.6775221871000e-05;    1248390
2.6794912172000e-05;    1248390
2.6814613907000e-05;    1277144
2.6831021250000e-05;    1277144
2.6850722897000e-05;    1305898
2.6870412465000e-05;    1305898
2.6890113668000e-05;    1335812
2.6909802826000e-05;    1335812
2.6929503557000e-05;    1364566
2.6949192242000e-05;    1364566
2.6965610326000e-05;    1393320
2.6985298698000e-05;    1393320
2.7004998628000e-05;    1423234
2.7024686545000e-05;    1423234
2.7044386133000e-05;    1451988
2.7064073801000e-05;    1451988
2.7083773086000e-05;    1480742
2.7100178087000e-05;    1480742
2.7119876963000e-05;    1501820
2.7139563625000e-05;    1501820
2.7159262122000e-05;    1531734
2.7178948352000e-05;    1531734
2.7198646235000e-05;    1560488
2.7218332028000e-05;    1560488
2.7234747604000e-05;    1581566
2.7254433159000e-05;    1581566
2.7274130162000e-05;    1610320
2.7293815277000e-05;    1610320
2.7313511948000e-05;    1632558
2.7333196762000e-05;    1632558
2.7352893114000e-05;    1653636
2.7369295640000e-05;    1653636
2.7388991481000e-05;    1674714
2.7408675160000e-05;    1674714
2.7428370608000e-05;    1703468
2.7448053951000e-05;    1703468
2.7467749058000e-05;    1725706
2.7487432105000e-05;    1725706
2.7503845462000e-05;    1746784
2.7523528271000e-05;    1746784
2.7543222523000e-05;    1767862
2.7562904723000e-05;    1767862
2.7582598676000e-05;    1788940
2.7602280637000e-05;    1788940
2.7621974156000e-05;    1802342
2.7638374391000e-05;    1802342
2.7658067517000e-05;    1824580
2.7677748555000e-05;    1824580
2.7697441384000e-05;    1845658
2.7717122104000e-05;    1845658
2.7736814628000e-05;    1866736
2.7756495015000e-05;    1866736
2.7776186974000e-05;    1880138
2.7792586138000e-05;    1880138
2.7812277829000e-05;    1902376
2.7831957732000e-05;    1902376
2.7851649237000e-05;    1915778
2.7871328763000e-05;    1915778
2.7891019734000e-05;    1936856
2.7910698898000e-05;    1936856
2.7927108882000e-05;    1950258
2.7946787568000e-05;    1950258
2.7966478065000e-05;    1963660
2.7986156465000e-05;    1963660
2.8005846675000e-05;    1985898
2.8025524851000e-05;    1985898
2.8045214763000e-05;    1999300
2.8061612152000e-05;    1999300
2.8081301707000e-05;    2012702
2.8100979257000e-05;    2012702
2.8120668387000e-05;    2033780
2.8140345736000e-05;    2033780
2.8160034804000e-05;    2048342
2.8179711779000e-05;    2048342
2.8196120102000e-05;    2061744
2.8215796476000e-05;    2061744
2.8235484985000e-05;    2075146
2.8255161262000e-05;    2075146
2.8274849366000e-05;    2088548
2.8294525234000e-05;    2088548
2.8314213047000e-05;    2101950
2.8333888760000e-05;    2101950
2.8350295945000e-05;    2116512
2.8369971342000e-05;    2116512
2.8389668580000e-05;    2122238
2.8409354071000e-05;    2122238
2.8429051309000e-05;    2135640
2.8448736517000e-05;    2135640
2.8468433482000e-05;    2156718
2.8484836570000e-05;    2156718
2.8504533303000e-05;    2177796
2.8524217958000e-05;    2177796
2.8543914298000e-05;    2207710
2.8563598841000e-05;    2207710
2.8583294844000e-05;    2228788
2.8602978921000e-05;    2228788
2.8619393122000e-05;    2249866
2.8639076969000e-05;    2249866
2.8658772474000e-05;    2270944
2.8678455958000e-05;    2270944
2.8698151069000e-05;    2300858
2.8717834122000e-05;    2300858
2.8737528939000e-05;    2314260
2.8753930377000e-05;    2314260
2.8773624816000e-05;    2335338
2.8793307209000e-05;    2335338
2.8813001092000e-05;    2364092
2.8832683268000e-05;    2364092
2.8852376932000e-05;    2378654
2.8872058564000e-05;    2378654
2.8888470619000e-05;    2399732
2.8908151911000e-05;    2399732
2.8927844729000e-05;    2420810
2.8947525544000e-05;    2420810
2.8967218065000e-05;    2441888
2.8986898515000e-05;    2441888
2.9006590739000e-05;    2455290
2.9022989791000e-05;    2455290
2.9042681681000e-05;    2477528
2.9062361517000e-05;    2477528
2.9082052707000e-05;    2490930
2.9101732041000e-05;    2490930
2.9121423230000e-05;    2512008
2.9141102125000e-05;    2512008
2.9160792941000e-05;    2525410
2.9177190730000e-05;    2525410
2.9196880961000e-05;    2547648
2.9216559430000e-05;    2547648
2.9236249264000e-05;    2561050
2.9255927309000e-05;    2561050
2.9275616937000e-05;    2574452
2.9295294577000e-05;    2574452
2.9311703294000e-05;    2587854
2.9331380525000e-05;    2587854
2.9351069371000e-05;    2601256
2.9370746272000e-05;    2601256
2.9390441602000e-05;    2615818
2.9410125053000e-05;    2615818
2.9429820467000e-05;    2629220
2.9446221944000e-05;    2629220
2.9465916692000e-05;    2650298
2.9485599446000e-05;    2650298
2.9505293993000e-05;    2671376
2.9524976311000e-05;    2671376
2.9544670531000e-05;    2693614
2.9564352611000e-05;    2693614
2.9580765268000e-05;    2714692
2.9600447067000e-05;    2714692
2.9620140909000e-05;    2735770
2.9639822344000e-05;    2735770
2.9659515467000e-05;    2749172
2.9679196555000e-05;    2749172
2.9698889413000e-05;    2770250
2.9715289121000e-05;    2770250
2.9734981695000e-05;    2792488
2.9754662210000e-05;    2792488
2.9774354263000e-05;    2805890
2.9794034269000e-05;    2805890
2.9813725977000e-05;    2826968
2.9833405782000e-05;    2826968
2.9853096957000e-05;    2848046
2.9869495320000e-05;    2848046
2.9889186383000e-05;    2862608
2.9908865459000e-05;    2862608
2.9928555989000e-05;    2876010
2.9948234525000e-05;    2876010
2.9967924935000e-05;    2897088
2.9987603262000e-05;    2897088
3.0004012607000e-05;    2910490
3.0023690569000e-05;    2910490
3.0043380206000e-05;    2923892
3.0063057660000e-05;    2923892
3.0082746922000e-05;    2946130
3.0102424207000e-05;    2946130
3.0122113030000e-05;    2951856
3.0138509476000e-05;    2951856
3.0158197740000e-05;    2965258
3.0177874132000e-05;    2965258
3.0197562189000e-05;    2978660
3.0217238377000e-05;    2978660
3.0236926126000e-05;    2992062
3.0256601870000e-05;    2992062
3.0273009170000e-05;    3006624
3.0292684525000e-05;    3006624
3.0312381496000e-05;    3020026
3.0332066999000e-05;    3020026
3.0351764112000e-05;    3033428
3.0371449104000e-05;    3033428
3.0391145928000e-05;    3054506
3.0407548872000e-05;    3054506
3.0427245390000e-05;    3084420
3.0446929911000e-05;    3084420
3.0466626168000e-05;    3097822
3.0486310185000e-05;    3097822
3.0506005902000e-05;    3126576
3.0525689697000e-05;    3126576
3.0545385082000e-05;    3147654
3.0561787009000e-05;    3147654
3.0581481943000e-05;    3168732
3.0601165155000e-05;    3168732
3.0620859660000e-05;    3190970
3.0640542352000e-05;    3190970
3.0660236514000e-05;    3212048
3.0679918906000e-05;    3212048
3.0696331599000e-05;    3233126
3.0716013474000e-05;    3233126
3.0735707027000e-05;    3254204
3.0755388602000e-05;    3254204
3.0775081622000e-05;    3276442
3.0794762731000e-05;    3276442
3.0814455337000e-05;    3289844
3.0830854916000e-05;    3289844
3.0850547148000e-05;    3310922
3.0870227428000e-05;    3310922
3.0889919306000e-05;    3332000
3.0909599034000e-05;    3332000
3.0929290247000e-05;    3346562
3.0948969758000e-05;    3346562
3.0965380071000e-05;    3359964
3.0985058880000e-05;    3359964
3.1004749504000e-05;    3381042
3.1024428162000e-05;    3381042
3.1044118446000e-05;    3394444
3.1063796555000e-05;    3394444
3.1083486268000e-05;    3407846
3.1099883383000e-05;    3407846
3.1119572793000e-05;    3430084
3.1139250308000e-05;    3430084
3.1158939282000e-05;    3443486
3.1178616502000e-05;    3443486
3.1198305269000e-05;    3456888
3.1217981867000e-05;    3456888
3.1237670291000e-05;    3470290
3.1254066203000e-05;    3470290
3.1273754142000e-05;    3476016
3.1293429988000e-05;    3476016
3.1313117617000e-05;    3498254
3.1332793243000e-05;    3498254
3.1352480516000e-05;    3511656
3.1372155840000e-05;    3511656
3.1388562535000e-05;    3517382
3.1408237332000e-05;    3517382
3.1427923794000e-05;    3530784
3.1447598247000e-05;    3530784
3.1467284357000e-05;    3536510
3.1486958469000e-05;    3536510
3.1506644380000e-05;    3551072
3.1523038264000e-05;    3551072
3.1542723780000e-05;    3564474
3.1562397276000e-05;    3564474
3.1582082547000e-05;    3570200
3.1601755788000e-05;    3570200
3.1621440752000e-05;    3583602
3.1641113713000e-05;    3583602
3.1660798330000e-05;    3589328
3.1677191055000e-05;    3589328
3.1696875284000e-05;    3603890
3.1716547534000e-05;    3603890
3.1736231481000e-05;    3609616
3.1755903517000e-05;    3609616
3.1775587170000e-05;    3615342
3.1795258776000e-05;    3615342
3.1811662544000e-05;    3621068
3.1831333993000e-05;    3621068
3.1851017113000e-05;    3626794
3.1870688127000e-05;    3626794
3.1890370983000e-05;    3632520
3.1910041731000e-05;    3632520
3.1929724154000e-05;    3647082
3.1946115174000e-05;    3647082
3.1965797380000e-05;    3645132
3.1985467719000e-05;    3645132
3.2005149707000e-05;    3650858
3.2024819688000e-05;    3650858
3.2044501414000e-05;    3656584
3.2064171139000e-05;    3656584
3.2083852468000e-05;    3662310
3.2100242639000e-05;    3662310
3.2119923822000e-05;    3669196
3.2139592794000e-05;    3669196
3.2159273746000e-05;    3674922
3.2178942681000e-05;    3674922
3.2198633400000e-05;    3680648
3.2218312399000e-05;    3680648
3.2234722397000e-05;    3678698
3.2254401170000e-05;    3678698
3.2274091798000e-05;    3692100
3.2293770194000e-05;    3692100
3.2313460515000e-05;    3705502
3.2333138818000e-05;    3705502
3.2352828838000e-05;    3727740
3.2369226285000e-05;    3727740
3.2388915920000e-05;    3741142
3.2408593756000e-05;    3741142
3.2428283132000e-05;    3754544
3.2447960793000e-05;    3754544
3.2467649987000e-05;    3767946
3.2487327317000e-05;    3767946
3.2507016228000e-05;    3782508
3.2523412758000e-05;    3782508
3.2543101351000e-05;    3795910
3.2562777939000e-05;    3795910
3.2582466257000e-05;    3809312
3.2602142511000e-05;    3809312
3.2621830352000e-05;    3822714
3.2641506221000e-05;    3822714
3.2657913545000e-05;    3836116
3.2677588938000e-05;    3836116
3.2697276211000e-05;    3850678
3.2716951278000e-05;    3850678
3.2736638197000e-05;    3864080
3.2756313004000e-05;    3864080
3.2775999506000e-05;    3869806
3.2792393850000e-05;    3869806
3.2812079985000e-05;    3883208
3.2831754091000e-05;    3883208
3.2851439874000e-05;    3896610
3.2871113662000e-05;    3896610
3.2890799116000e-05;    3903496
3.2910472554000e-05;    3903496
3.2926877796000e-05;    3916898
3.2946550899000e-05;    3916898
3.2966235663000e-05;    3922624
3.2985908464000e-05;    3922624
3.3005592752000e-05;    3928350
3.3025265261000e-05;    3928350
3.3044949424000e-05;    3941752
3.3064621561000e-05;    3941752
3.3081025755000e-05;    3947478
3.3100697432000e-05;    3947478
3.3120381063000e-05;    3954364
3.3140052508000e-05;    3954364
3.3159735679000e-05;    3967766
3.3179406850000e-05;    3967766
3.3199089779000e-05;    3973492
3.3215481206000e-05;    3973492
3.3235163976000e-05;    3971542
3.3254834442000e-05;    3971542
3.3274523276000e-05;    3984944
3.3294200205000e-05;    3984944
3.3313889044000e-05;    3991830
3.3333565826000e-05;    3991830
3.3349973936000e-05;    3997556
3.3369650280000e-05;    3997556
3.3389338633000e-05;    4010958
3.3409014763000e-05;    4010958
3.3428702578000e-05;    4024360
3.3448378431000e-05;    4024360
3.3468065935000e-05;    4037762
3.3484461226000e-05;    4037762
3.3504148605000e-05;    4052324
3.3523823667000e-05;    4052324
3.3543510871000e-05;    4065726
3.3563185835000e-05;    4065726
3.3582872551000e-05;    4079128
3.3602547144000e-05;    4079128
3.3622233632000e-05;    4084854
3.3638627718000e-05;    4084854
3.3658313621000e-05;    4098256
3.3677987729000e-05;    4098256
3.3697673463000e-05;    4112818
3.3717347103000e-05;    4112818
3.3737032443000e-05;    4118544
3.3756705742000e-05;    4118544
3.3773110759000e-05;    4124270
3.3792783835000e-05;    4124270
3.3812468621000e-05;    4137672
3.3832141194000e-05;    4137672
3.3851825594000e-05;    4143398
3.3871498061000e-05;    4143398
3.3891182200000e-05;    4149124
3.3907574413000e-05;    4149124
3.3927258167000e-05;    4163686
3.3946929702000e-05;    4163686
3.3966613071000e-05;    4169412
3.3986284327000e-05;    4169412
3.4005967338000e-05;    4175138
3.4025638341000e-05;    4175138
3.4045320914000e-05;    4180864
3.4061712119000e-05;    4180864
3.4081394676000e-05;    4186590
3.4101065048000e-05;    4186590
3.4120746955000e-05;    4193476
3.4140417098000e-05;    4193476
3.4160098921000e-05;    4199202
3.4179768755000e-05;    4199202
3.4196171112000e-05;    4204928
3.4215840632000e-05;    4204928
3.4235521610000e-05;    4210654
3.4255190844000e-05;    4210654
3.4274871768000e-05;    4208704
3.4294540646000e-05;    4208704
3.4314231202000e-05;    4214430
3.4330629389000e-05;    4214430
3.4350320067000e-05;    4221316
3.4369998838000e-05;    4221316
3.4389689208000e-05;    4234718
3.4409367434000e-05;    4234718
3.4429057699000e-05;    4248120
3.4448735978000e-05;    4248120
3.4468425820000e-05;    4261522
3.4484822943000e-05;    4261522
3.4504512662000e-05;    4282600
3.4524190319000e-05;    4282600
3.4543879658000e-05;    4297162
3.4563556941000e-05;    4297162
3.4583245986000e-05;    4310564
3.4602923040000e-05;    4310564
3.4619331185000e-05;    4323966
3.4639007895000e-05;    4323966
3.4658696235000e-05;    4337368
3.4678372360000e-05;    4337368
3.4698060380000e-05;    4343094
3.4717736471000e-05;    4343094
3.4737423822000e-05;    4365332
3.4753819049000e-05;    4365332
3.4773506165000e-05;    4371058
3.4793181312000e-05;    4371058
3.4812868105000e-05;    4384460
3.4832542870000e-05;    4384460
3.4852229213000e-05;    4397862
3.4871903759000e-05;    4397862
3.4891589819000e-05;    4403588
3.4907983826000e-05;    4403588
3.4927669375000e-05;    4418150
3.4947343133000e-05;    4418150
3.4967028497000e-05;    4431552
3.4986701690000e-05;    4431552
3.5006386775000e-05;    4437278
3.5026059894000e-05;    4437278
3.5042464640000e-05;    4443004
3.5062137327000e-05;    4443004
3.5081821681000e-05;    4456406
3.5101493966000e-05;    4456406
3.5121177932000e-05;    4463292
3.5140849861000e-05;    4463292
3.5160533213000e-05;    4469018
3.5176925122000e-05;    4469018
3.5196608391000e-05;    4482420
3.5216279540000e-05;    4482420
3.5235962498000e-05;    4488146
3.5255633451000e-05;    4488146
3.5275315993000e-05;    4493872
3.5294986431000e-05;    4493872
3.5314668784000e-05;    4499598
3.5331059467000e-05;    4499598
3.5350741598000e-05;    4506484
3.5370411556000e-05;    4506484
3.5390093186000e-05;    4512210
3.5409762714000e-05;    4512210
3.5429443949000e-05;    4517936
3.5449113308000e-05;    4517936
3.5465515068000e-05;    4515986
3.5485184090000e-05;    4515986
3.5504864724000e-05;    4521712
3.5524533447000e-05;    4521712
3.5544213814000e-05;    4519762
3.5563882251000e-05;    4519762
3.5583562392000e-05;    4534324
3.5599951444000e-05;    4534324
3.5619631154000e-05;    4532374
3.5639298977000e-05;    4532374
3.5658978455000e-05;    4538100
3.5678646052000e-05;    4538100
3.5698325347000e-05;    4536150
3.5717992782000e-05;    4536150
3.5737671705000e-05;    4534200
3.5754059781000e-05;    4534200
3.5773738485000e-05;    4539926
3.5793405143000e-05;    4539926
3.5813083523000e-05;    4539136
3.5832750007000e-05;    4539136
3.5852428118000e-05;    4544862
3.5872094450000e-05;    4544862
3.5888493636000e-05;    4542912
3.5908159752000e-05;    4542912
3.5927837529000e-05;    4540962
3.5947503418000e-05;    4540962
3.5967180872000e-05;    4539012
3.5986846497000e-05;    4539012
3.6006523901000e-05;    4544738
3.6026189016000e-05;    4544738
3.6042587666000e-05;    4543948
3.6062252691000e-05;    4543948
3.6081929629000e-05;    4541998
3.6101594425000e-05;    4541998
3.6121270980000e-05;    4540048
3.6140935659000e-05;    4540048
3.6160612177000e-05;    4538098
3.6176998224000e-05;    4538098
3.6196674458000e-05;    4536148
3.6216338485000e-05;    4536148
3.6236014420000e-05;    4534198
3.6255678171000e-05;    4534198
3.6275353957000e-05;    4532248
3.6295017556000e-05;    4532248
3.6311414825000e-05;    4531458
3.6331078347000e-05;    4531458
3.6350753568000e-05;    4521832
3.6370416877000e-05;    4521832
3.6390091843000e-05;    4519882
3.6409754905000e-05;    4519882
3.6429429831000e-05;    4517932
3.6449092772000e-05;    4517932
3.6465489311000e-05;    4515982
3.6485151916000e-05;    4515982
3.6504836107000e-05;    4506356
3.6524508985000e-05;    4506356
3.6544193402000e-05;    4504406
3.6563866127000e-05;    4504406
3.6583550425000e-05;    4518968
3.6599943134000e-05;    4518968
3.6619627301000e-05;    4524694
3.6639299509000e-05;    4524694
3.6658983554000e-05;    4530420
3.6678655511000e-05;    4530420
3.6698339375000e-05;    4536146
3.6718011159000e-05;    4536146
3.6737694749000e-05;    4541872
3.6754086885000e-05;    4541872
3.6773770137000e-05;    4556434
3.6793441540000e-05;    4556434
3.6813124710000e-05;    4562160
3.6832795839000e-05;    4562160
3.6852478672000e-05;    4567886
3.6872149527000e-05;    4567886
3.6888552630000e-05;    4573612
3.6908223006000e-05;    4573612
3.6927905258000e-05;    4579338
3.6947575527000e-05;    4579338
3.6967257233000e-05;    4585064
3.6986927241000e-05;    4585064
3.7006608853000e-05;    4591950
3.7022999166000e-05;    4591950
3.7042680542000e-05;    4590000
3.7062349828000e-05;    4590000
3.7082030837000e-05;    4595726
3.7101699676000e-05;    4595726
3.7121380348000e-05;    4601452
3.7141049075000e-05;    4601452
3.7160729539000e-05;    4607178
3.7177118852000e-05;    4607178
3.7196799008000e-05;    4605228
3.7216467182000e-05;    4605228
3.7236146952000e-05;    4612114
3.7255814833000e-05;    4612114
3.7275494323000e-05;    4610164
3.7295161923000e-05;    4610164
3.7311562305000e-05;    4615890
3.7331229569000e-05;    4615890
3.7350908636000e-05;    4613940
3.7370575466000e-05;    4613940
3.7390254291000e-05;    4619666
3.7409920986000e-05;    4619666
3.7429599483000e-05;    4617716
3.7449266066000e-05;    4617716
3.7465665655000e-05;    4624602
3.7485332107000e-05;    4624602
3.7505010185000e-05;    4622652
3.7524676254000e-05;    4622652
3.7544354054000e-05;    4620702
3.7564019865000e-05;    4620702
3.7583697394000e-05;    4618752
3.7600084472000e-05;    4618752
3.7619761667000e-05;    4616802
3.7639426912000e-05;    4616802
3.7659103904000e-05;    4622528
3.7678768850000e-05;    4622528
3.7698445795000e-05;    4612902
3.7718110429000e-05;    4612902
3.7734508673000e-05;    4619788
3.7754173093000e-05;    4619788
3.7773849422000e-05;    4617838
3.7793513552000e-05;    4617838
3.7813196443000e-05;    4615888
3.7832867283000e-05;    4615888
3.7852549917000e-05;    4613938
3.7872220644000e-05;    4613938
3.7888623862000e-05;    4619664
3.7908294361000e-05;    4619664
3.7927976541000e-05;    4625390
3.7947646886000e-05;    4625390
3.7967329043000e-05;    4632276
3.7986999241000e-05;    4632276
3.8006680915000e-05;    4630326
3.8023071562000e-05;    4630326
3.8042753131000e-05;    4643728
3.8062422676000e-05;    4643728
3.8082104039000e-05;    4641778
3.8101773420000e-05;    4641778
3.8121454412000e-05;    4647504
3.8141123596000e-05;    4647504
3.8160804496000e-05;    4645554
3.8177194275000e-05;    4645554
3.8196874642000e-05;    4660116
3.8216543175000e-05;    4660116
3.8236223526000e-05;    4658166
3.8255891721000e-05;    4658166
3.8275571762000e-05;    4663892
3.8295239807000e-05;    4663892
3.8311640710000e-05;    4661942
3.8331308360000e-05;    4661942
3.8350987804000e-05;    4667668
3.8370655212000e-05;    4667668
3.8390334494000e-05;    4665718
3.8410001690000e-05;    4665718
3.8429680586000e-05;    4672604
3.8446068479000e-05;    4672604
3.8465747100000e-05;    4670654
3.8485413729000e-05;    4670654
3.8505092140000e-05;    4676380
3.8524758755000e-05;    4676380
3.8544436865000e-05;    4674430
3.8564102961000e-05;    4674430
3.8583780869000e-05;    4672480
3.8600168227000e-05;    4672480
3.8619845910000e-05;    4670530
3.8639511599000e-05;    4670530
3.8659189086000e-05;    4677416
3.8678854314000e-05;    4677416
3.8698531642000e-05;    4675466
3.8718196764000e-05;    4675466
3.8734595123000e-05;    4673516
3.8754259993000e-05;    4673516
3.8773936696000e-05;    4671566
3.8793601399000e-05;    4671566
3.8813277822000e-05;    4669616
3.8832942370000e-05;    4669616
3.8852618675000e-05;    4667666
3.8872282761000e-05;    4667666
3.8888680451000e-05;    4665716
3.8908344435000e-05;    4665716
3.8928020297000e-05;    4664926
3.8947684163000e-05;    4664926
3.8967359535000e-05;    4662976
3.8987023140000e-05;    4662976
3.9006698528000e-05;    4661026
3.9023083521000e-05;    4661026
3.9042758910000e-05;    4659076
3.9062422083000e-05;    4659076
3.9082096879000e-05;    4649450
3.9101759734000e-05;    4649450
3.9121434537000e-05;    4647500
3.9141097132000e-05;    4647500
3.9160781448000e-05;    4645550
3.9177174494000e-05;    4645550
3.9196859154000e-05;    4644760
3.9216531977000e-05;    4644760
3.9236216277000e-05;    4642810
3.9255888598000e-05;    4642810
3.9275572991000e-05;    4656212
3.9295245222000e-05;    4656212
3.9311649499000e-05;    4661938
3.9331321553000e-05;    4661938
3.9351005378000e-05;    4667664
3.9370677240000e-05;    4667664
3.9390360731000e-05;    4673390
3.9410032339000e-05;    4673390
3.9429715654000e-05;    4687952
3.9446107422000e-05;    4687952
3.9465790484000e-05;    4693678
3.9485461493000e-05;    4693678
3.9505144435000e-05;    4699404
3.9524815238000e-05;    4699404
3.9544497678000e-05;    4705130
3.9564168133000e-05;    4705130
3.9583850218000e-05;    4710856
3.9600241039000e-05;    4710856
3.9619922887000e-05;    4717742
3.9639592827000e-05;    4717742
3.9659274558000e-05;    4715792
3.9678944137000e-05;    4715792
3.9698625194000e-05;    4721518
3.9718294341000e-05;    4721518
3.9734696275000e-05;    4727244
3.9754365195000e-05;    4727244
3.9774045845000e-05;    4732970
3.9793714473000e-05;    4732970
3.9813394811000e-05;    4738696
3.9833063171000e-05;    4738696
3.9852743147000e-05;    4737906
3.9869132239000e-05;    4737906
3.9888812151000e-05;    4743632
3.9908479837000e-05;    4743632
3.9928159461000e-05;    4749358
3.9947826870000e-05;    4749358
3.9967505992000e-05;    4747408
3.9987173189000e-05;    4747408
4.0006852245000e-05;    4745458
4.0023240469000e-05;    4745458
4.0042919041000e-05;    4751184
4.0062585679000e-05;    4751184
4.0082264034000e-05;    4750394
4.0101930512000e-05;    4750394
4.0121608655000e-05;    4756120
4.0141274768000e-05;    4756120
4.0157674157000e-05;    4754170
4.0177340056000e-05;    4754170
4.0197017580000e-05;    4752220
4.0216683164000e-05;    4752220
4.0236360689000e-05;    4750270
4.0256026138000e-05;    4750270
4.0275703284000e-05;    4748320
4.0295368346000e-05;    4748320
4.0311766573000e-05;    4746370
4.0331431434000e-05;    4746370
4.0351108130000e-05;    4753256
4.0370772735000e-05;    4753256
4.0390449390000e-05;    4751306
4.0410113951000e-05;    4751306
4.0429790039000e-05;    4749356
4.0446175947000e-05;    4749356
4.0465851934000e-05;    4747406
4.0485515929000e-05;    4747406
4.0505191599000e-05;    4737780
4.0524855556000e-05;    4737780
4.0544531133000e-05;    4735830
4.0564194632000e-05;    4735830
4.0583869972000e-05;    4733880
4.0600255006000e-05;    4733880
4.0619929975000e-05;    4733090
4.0639592998000e-05;    4733090
4.0659267733000e-05;    4731140
4.0678930819000e-05;    4731140
4.0698605435000e-05;    4729190
4.0718268243000e-05;    4729190
4.0734664654000e-05;    4719564
4.0754327195000e-05;    4719564
4.0774001446000e-05;    4717614
4.0793663880000e-05;    4717614
4.0813337908000e-05;    4715664
4.0832999741000e-05;    4715664
4.0852673705000e-05;    4706038
4.0872335532000e-05;    4706038
4.0888731526000e-05;    4705248
4.0908393227000e-05;    4705248
4.0928066770000e-05;    4695622
4.0947728413000e-05;    4695622
4.0967401715000e-05;    4693672
4.0987063016000e-05;    4693672
4.1006736255000e-05;    4684046
4.1023119477000e-05;    4684046
4.1042792351000e-05;    4682096
4.1062453242000e-05;    4682096
4.1082126200000e-05;    4672470
4.1101786835000e-05;    4672470
4.1121459621000e-05;    4670520
4.1141120262000e-05;    4670520
4.1160792540000e-05;    4660894
4.1177175202000e-05;    4660894
4.1196847733000e-05;    4660104
4.1216508036000e-05;    4660104
4.1236180111000e-05;    4650478
4.1255840258000e-05;    4650478
4.1275512304000e-05;    4640852
4.1295172336000e-05;    4640852
4.1311566660000e-05;    4631226
4.1331226476000e-05;    4631226
4.1350898243000e-05;    4629276
4.1370557910000e-05;    4629276
4.1390229541000e-05;    4619650
4.1409889191000e-05;    4619650
4.1429560346000e-05;    4610024
4.1449219949000e-05;    4610024
4.1465613818000e-05;    4600398
4.1485273093000e-05;    4600398
4.1504944291000e-05;    4591932
4.1524603606000e-05;    4591932
4.1544274729000e-05;    4582306
4.1563933545000e-05;    4582306
4.1583604410000e-05;    4572680
4.1599985705000e-05;    4572680
4.1619656636000e-05;    4570730
4.1639315414000e-05;    4570730
4.1658986100000e-05;    4553428
4.1678644840000e-05;    4553428
4.1698315447000e-05;    4551478
4.1717974039000e-05;    4551478
4.1737644522000e-05;    4541852
4.1754025563000e-05;    4541852
4.1773695855000e-05;    4524550
4.1793353957000e-05;    4524550
4.1813024199000e-05;    4523760
4.1832682422000e-05;    4523760
4.1852352488000e-05;    4514134
4.1872010545000e-05;    4514134
4.1888403145000e-05;    4504508
4.1908061019000e-05;    4504508
4.1927731020000e-05;    4494882
4.1947388753000e-05;    4494882
4.1967058666000e-05;    4477580
4.1986716241000e-05;    4477580
4.2006385766000e-05;    4467954
4.2026043439000e-05;    4467954
4.2042435746000e-05;    4458328
4.2062093301000e-05;    4458328
4.2081762689000e-05;    4448702
4.2101420343000e-05;    4448702
4.2121089714000e-05;    4431400
4.2140746994000e-05;    4431400
4.2160416369000e-05;    4430610
4.2176796201000e-05;    4430610
4.2196465363000e-05;    4413308
4.2216122624000e-05;    4413308
4.2235791872000e-05;    4403682
4.2255449020000e-05;    4403682
4.2275118114000e-05;    4394056
4.2294775252000e-05;    4394056
4.2314444113000e-05;    4384430
4.2330823959000e-05;    4384430
4.2350492689000e-05;    4374804
4.2370149515000e-05;    4374804
4.2389818350000e-05;    4357502
4.2409475071000e-05;    4357502
4.2429143818000e-05;    4347876
4.2448800536000e-05;    4347876
4.2468468987000e-05;    4330574
4.2484848579000e-05;    4330574
4.2504517014000e-05;    4329784
4.2524173545000e-05;    4329784
4.2543842087000e-05;    4312482
4.2563498521000e-05;    4312482
4.2583176501000e-05;    4302856
4.2602843070000e-05;    4302856
4.2619242942000e-05;    4293230
4.2638909566000e-05;    4293230
4.2658588030000e-05;    4283604
4.2678254585000e-05;    4283604
4.2697933109000e-05;    4289330
4.2717599620000e-05;    4289330
4.2737277875000e-05;    4287380
4.2756944250000e-05;    4287380
4.2773343850000e-05;    4294266
4.2793010272000e-05;    4294266
4.2812688568000e-05;    4292316
4.2832354671000e-05;    4292316
4.2852032744000e-05;    4290366
4.2871698719000e-05;    4290366
4.2891376568000e-05;    4288416
4.2907763783000e-05;    4288416
4.2927441522000e-05;    4286466
4.2947107268000e-05;    4286466
4.2966784732000e-05;    4292192
4.2986450196000e-05;    4292192
4.3006127296000e-05;    4290242
4.3025792634000e-05;    4290242
4.3042191120000e-05;    4289452
4.3061856183000e-05;    4289452
4.3081533084000e-05;    4287502
4.3101197985000e-05;    4287502
4.3120874695000e-05;    4285552
4.3140539259000e-05;    4285552
4.3160215835000e-05;    4283602
4.3179880242000e-05;    4283602
4.3196278357000e-05;    4281652
4.3215942521000e-05;    4281652
4.3235618505000e-05;    4279702
4.3255282569000e-05;    4279702
4.3274958371000e-05;    4277752
4.3294622339000e-05;    4277752
4.3314297968000e-05;    4276962
4.3330683306000e-05;    4276962
4.3350358777000e-05;    4275012
4.3370022318000e-05;    4275012
4.3389697538000e-05;    4273062
4.3409360720000e-05;    4273062
4.3429035926000e-05;    4263436
4.3448699163000e-05;    4263436
4.3468374017000e-05;    4261486
4.3484758889000e-05;    4261486
4.3504433514000e-05;    4259536
4.3524096362000e-05;    4259536
4.3543770981000e-05;    4249910
4.3563433596000e-05;    4249910
4.3583108075000e-05;    4256796
4.3602770380000e-05;    4256796
4.3619166526000e-05;    4247170
4.3638828822000e-05;    4247170
4.3658502902000e-05;    4245220
4.3678165012000e-05;    4245220
4.3697838869000e-05;    4235594
4.3717500734000e-05;    4235594
4.3737174463000e-05;    4233644
4.3756836258000e-05;    4233644
4.3773231873000e-05;    4224018
4.3792893512000e-05;    4224018
4.3812566983000e-05;    4222068
4.3832228550000e-05;    4222068
4.3851901857000e-05;    4221278
4.3871563112000e-05;    4221278
4.3891236312000e-05;    4211652
4.3907619585000e-05;    4211652
4.3927292624000e-05;    4202026
4.3946953577000e-05;    4202026
4.3966626475000e-05;    4200076
4.3986287169000e-05;    4200076
4.4005959873000e-05;    4190450
4.4025620614000e-05;    4190450
4.4045293263000e-05;    4180824
4.4061676061000e-05;    4180824
4.4081348703000e-05;    4178874
4.4101009112000e-05;    4178874
4.4120681341000e-05;    4169248
4.4140341869000e-05;    4169248
4.4160013967000e-05;    4168458
4.4179674061000e-05;    4168458
4.4196068528000e-05;    4158832
4.4215728745000e-05;    4158832
4.4235400609000e-05;    4149206
4.4255060513000e-05;    4149206
4.4274732302000e-05;    4139580
4.4294392299000e-05;    4139580
4.4314063858000e-05;    4129954
4.4333723578000e-05;    4129954
4.4350117706000e-05;    4128004
4.4369777203000e-05;    4128004
4.4389448479000e-05;    4118378
4.4409107916000e-05;    4118378
4.4428779266000e-05;    4108752
4.4448438783000e-05;    4108752
4.4468109915000e-05;    4100286
4.4484491670000e-05;    4100286
4.4504162973000e-05;    4090660
4.4523822159000e-05;    4090660
4.4543493207000e-05;    4081034
4.4563152338000e-05;    4081034
4.4582823236000e-05;    4079084
4.4602482249000e-05;    4079084
4.4622153146000e-05;    4069458
4.4638534465000e-05;    4069458
4.4658205275000e-05;    4059832
4.4677864088000e-05;    4059832
4.4697534783000e-05;    4050206
4.4717193383000e-05;    4050206
4.4736863971000e-05;    4040580
4.4756522631000e-05;    4040580
4.4776193111000e-05;    4032114
4.4792574187000e-05;    4032114
4.4812244516000e-05;    4022488
4.4831902836000e-05;    4022488
4.4851572977000e-05;    4012862
4.4871231372000e-05;    4012862
4.4890901594000e-05;    4003236
4.4910559720000e-05;    4003236
4.4926952488000e-05;    3993610
4.4946610666000e-05;    3993610
4.4966280513000e-05;    3983984
4.4985938571000e-05;    3983984
4.5005615125000e-05;    3974358
4.5025279787000e-05;    3974358
4.5044956475000e-05;    3964732
4.5064621049000e-05;    3964732
4.5081019272000e-05;    3955106
4.5100683953000e-05;    3955106
4.5120360489000e-05;    3961992
4.5140025130000e-05;    3961992
4.5159701736000e-05;    3952366
4.5179366138000e-05;    3952366
4.5199042582000e-05;    3958092
4.5215428595000e-05;    3958092
4.5235104994000e-05;    3948466
4.5254769333000e-05;    3948466
4.5274445471000e-05;    3946516
4.5294109543000e-05;    3946516
4.5313785645000e-05;    3944566
4.5333449590000e-05;    3944566
4.5353125431000e-05;    3943776
4.5369511169000e-05;    3943776
4.5389186912000e-05;    3941826
4.5408850724000e-05;    3941826
4.5428526154000e-05;    3939876
4.5448189925000e-05;    3939876
4.5467865312000e-05;    3937926
4.5487528787000e-05;    3937926
4.5503925935000e-05;    3935976
4.5523589278000e-05;    3935976
4.5543264490000e-05;    3934026
4.5562927666000e-05;    3934026
4.5582602625000e-05;    3924400
4.5602265711000e-05;    3924400
4.5621940333000e-05;    3923610
4.5638325080000e-05;    3923610
4.5657999722000e-05;    3921660
4.5677662327000e-05;    3921660
4.5697337141000e-05;    3912034
4.5716999536000e-05;    3912034
4.5736673737000e-05;    3910084
4.5756336165000e-05;    3910084
4.5776010671000e-05;    3908134
4.5792394660000e-05;    3908134
4.5812068688000e-05;    3898508
4.5831730938000e-05;    3898508
4.5851404721000e-05;    3896558
4.5871066608000e-05;    3896558
4.5890740320000e-05;    3886932
4.5910401978000e-05;    3886932
4.5930075738000e-05;    3886142
4.5946459396000e-05;    3886142
4.5966132952000e-05;    3876516
4.5985794507000e-05;    3876516
4.6005467664000e-05;    3874566
4.6025129205000e-05;    3874566
4.6044802373000e-05;    3872616
4.6064463628000e-05;    3872616
4.6080858735000e-05;    3862990
4.6100519907000e-05;    3862990
4.6120192827000e-05;    3861040
4.6139853766000e-05;    3861040
4.6159526892000e-05;    3851414
4.6179187880000e-05;    3851414
4.6198860528000e-05;    3850624
4.6215243418000e-05;    3850624
4.6234916025000e-05;    3840998
4.6254576525000e-05;    3840998
4.6274249044000e-05;    3831372
4.6293909447000e-05;    3831372
4.6313581889000e-05;    3821746
4.6333242261000e-05;    3821746
4.6352914393000e-05;    3819796
4.6369297036000e-05;    3819796
4.6388969051000e-05;    3810170
4.6408629181000e-05;    3810170
4.6428301130000e-05;    3800544
4.6447961362000e-05;    3800544
4.6467633289000e-05;    3790918
4.6487293325000e-05;    3790918
4.6506965304000e-05;    3790128
4.6523347335000e-05;    3790128
4.6543019008000e-05;    3780502
4.6562678709000e-05;    3780502
4.6582350253000e-05;    3770876
4.6602009827000e-05;    3770876
4.6621681563000e-05;    3761250
4.6641341205000e-05;    3761250
4.6657735075000e-05;    3759300
4.6677394580000e-05;    3759300
4.6697066023000e-05;    3749674
4.6716725487000e-05;    3749674
4.6736396852000e-05;    3740048
4.6756055925000e-05;    3740048
4.6775727232000e-05;    3730422
4.6795386530000e-05;    3730422
4.6811780089000e-05;    3721956
4.6831439203000e-05;    3721956
4.6851110036000e-05;    3712330
4.6870769161000e-05;    3712330
4.6890440252000e-05;    3702704
4.6910099213000e-05;    3702704
4.6929769977000e-05;    3700754
4.6946151247000e-05;    3700754
4.6965822059000e-05;    3691128
4.6985480705000e-05;    3691128
4.7005151461000e-05;    3673826
4.7024810157000e-05;    3673826
4.7044480999000e-05;    3671876
4.7064139621000e-05;    3671876
4.7083810142000e-05;    3662250
4.7100191243000e-05;    3662250
4.7119861914000e-05;    3644948
4.7139520399000e-05;    3644948
4.7159190989000e-05;    3644158
4.7178849477000e-05;    3644158
4.7198519732000e-05;    3634532
4.7218178015000e-05;    3634532
4.7234571023000e-05;    3624906
4.7254229463000e-05;    3624906
4.7273899570000e-05;    3615280
4.7293557695000e-05;    3615280
4.7313227933000e-05;    3605654
4.7332886081000e-05;    3605654
4.7352556240000e-05;    3588352
4.7372214259000e-05;    3588352
4.7388607051000e-05;    3578726
4.7408265000000e-05;    3578726
4.7427935066000e-05;    3569100
4.7447592964000e-05;    3569100
4.7467262932000e-05;    3568310
4.7486920971000e-05;    3568310
4.7506590819000e-05;    3551008
4.7522971399000e-05;    3551008
4.7542641175000e-05;    3541382
4.7562299200000e-05;    3541382
4.7581968958000e-05;    3531756
4.7601626722000e-05;    3531756
4.7621296363000e-05;    3522130
4.7640954177000e-05;    3522130
4.7660623784000e-05;    3512504
4.7677004232000e-05;    3512504
4.7696673890000e-05;    3502878
4.7716331609000e-05;    3502878
4.7736001137000e-05;    3493252
4.7755658781000e-05;    3493252
4.7775328364000e-05;    3475950
4.7794985831000e-05;    3475950
4.7814655328000e-05;    3467484
4.7831035507000e-05;    3467484
4.7850704857000e-05;    3457858
4.7870362244000e-05;    3457858
4.7890031696000e-05;    3448232
4.7909689047000e-05;    3448232
4.7929358529000e-05;    3438606
4.7949015783000e-05;    3438606
4.7965407866000e-05;    3428980
4.7985065168000e-05;    3428980
4.8004734450000e-05;    3411678
4.8024391660000e-05;    3411678
4.8044060933000e-05;    3402052
4.8063718263000e-05;    3402052
4.8083387445000e-05;    3392426
4.8103044651000e-05;    3392426
4.8119436597000e-05;    3375124
4.8139093753000e-05;    3375124
4.8158762855000e-05;    3374334
4.8178420018000e-05;    3374334
4.8198089132000e-05;    3357032
4.8217746071000e-05;    3357032
4.8237415217000e-05;    3347406
4.8253795435000e-05;    3347406
4.8273464462000e-05;    3337780
4.8293121648000e-05;    3337780
4.8312790708000e-05;    3328154
4.8332447849000e-05;    3328154
4.8352116880000e-05;    3310852
4.8371773762000e-05;    3310852
4.8391442766000e-05;    3301226
4.8407822531000e-05;    3301226
4.8427491503000e-05;    3291600
4.8447148353000e-05;    3291600
4.8466817293000e-05;    3274298
4.8486474215000e-05;    3274298
4.8506142988000e-05;    3273508
4.8525799763000e-05;    3273508
4.8542191562000e-05;    3256206
4.8561848473000e-05;    3256206
4.8581517260000e-05;    3246580
4.8601174095000e-05;    3246580
4.8620842920000e-05;    3236954
4.8640499692000e-05;    3236954
4.8660168511000e-05;    3219652
4.8679825312000e-05;    3219652
4.8696217104000e-05;    3210026
4.8715874015000e-05;    3210026
4.8735542759000e-05;    3200400
4.8755199437000e-05;    3200400
4.8774868169000e-05;    3183098
4.8794525098000e-05;    3183098
4.8814193864000e-05;    3173472
4.8833850503000e-05;    3173472
4.8850242299000e-05;    3165006
4.8869898986000e-05;    3165006
4.8889567752000e-05;    3155380
4.8909224544000e-05;    3155380
4.8928893189000e-05;    3138078
4.8948549902000e-05;    3138078
4.8968218669000e-05;    3128452
4.8984598273000e-05;    3128452
4.9004267020000e-05;    3118826
4.9023923680000e-05;    3118826
4.9043592408000e-05;    3101524
4.9063248984000e-05;    3101524
4.9082917557000e-05;    3091898
4.9102574172000e-05;    3091898
4.9122242966000e-05;    3082272
4.9138622402000e-05;    3082272
4.9158290977000e-05;    3064970
4.9177947649000e-05;    3064970
4.9197616251000e-05;    3056504
4.9217272970000e-05;    3056504
4.9236941479000e-05;    3046878
4.9256598103000e-05;    3046878
4.9272989753000e-05;    3029576
4.9292646361000e-05;    3029576
4.9312314981000e-05;    3019950
4.9331971662000e-05;    3019950
4.9351640311000e-05;    3010324
4.9371296953000e-05;    3010324
4.9390965615000e-05;    3000698
4.9410622255000e-05;    3000698
4.9427013730000e-05;    2983396
4.9446670324000e-05;    2983396
4.9466339003000e-05;    2973770
4.9485995549000e-05;    2973770
4.9505664206000e-05;    2964144
4.9525320654000e-05;    2964144
4.9544989309000e-05;    2946842
4.9564646096000e-05;    2946842
4.9581037627000e-05;    2938376
4.9600694219000e-05;    2938376
4.9620362769000e-05;    2928750
4.9640019491000e-05;    2928750
4.9659688012000e-05;    2919124
4.9679344688000e-05;    2919124
4.9699013437000e-05;    2901822
4.9715392996000e-05;    2901822
4.9735061613000e-05;    2892196
4.9754718119000e-05;    2892196
4.9774386847000e-05;    2874894
4.9794043615000e-05;    2874894
4.9813712092000e-05;    2865268
4.9833368929000e-05;    2865268
4.9853037555000e-05;    2855642
4.9869417179000e-05;    2855642
4.9889085859000e-05;    2838340
4.9908742608000e-05;    2838340
4.9928411326000e-05;    2829874
4.9948067982000e-05;    2829874
4.9967736526000e-05;    2820248
4.9987393159000e-05;    2820248
5.0003784732000e-05;    2810622
5.0023441464000e-05;    2810622
5.0043110123000e-05;    2793320
5.0062766882000e-05;    2793320
5.0082435488000e-05;    2783694
5.0102092296000e-05;    2783694
5.0121761061000e-05;    2774068
5.0141417899000e-05;    2774068
5.0157809494000e-05;    2764442
5.0177466222000e-05;    2764442
5.0197135057000e-05;    2747140
5.0216791807000e-05;    2747140
5.0236460652000e-05;    2729838
5.0256117291000e-05;    2729838
5.0275786084000e-05;    2729048
5.0292165498000e-05;    2729048
5.0311834196000e-05;    2719422
5.0331491114000e-05;    2719422
5.0351159800000e-05;    2702120
5.0370816586000e-05;    2702120
5.0390485401000e-05;    2692494
5.0410142350000e-05;    2692494
5.0429811065000e-05;    2675192
5.0446190695000e-05;    2675192
5.0465859404000e-05;    2665566
5.0485516113000e-05;    2665566
5.0505184842000e-05;    2655940
5.0524841777000e-05;    2655940
5.0544510577000e-05;    2646314
5.0564167487000e-05;    2646314
5.0583836325000e-05;    2629012
5.0600215924000e-05;    2629012
5.0619884663000e-05;    2620546
5.0639541591000e-05;    2620546
5.0659210270000e-05;    2610920
5.0678867229000e-05;    2610920
5.0698536076000e-05;    2593618
5.0718193098000e-05;    2593618
5.0734584804000e-05;    2583992
5.0754241590000e-05;    2583992
5.0773910737000e-05;    2574366
5.0793567691000e-05;    2574366
5.0813236896000e-05;    2557064
5.0832893789000e-05;    2557064
5.0852562751000e-05;    2547438
5.0872219712000e-05;    2547438
5.0888611581000e-05;    2537812
5.0908268605000e-05;    2537812
5.0927937614000e-05;    2528186
5.0947594624000e-05;    2528186
5.0967263592000e-05;    2519720
5.0986920716000e-05;    2519720
5.1006589665000e-05;    2510094
5.1022969594000e-05;    2510094
5.1042638722000e-05;    2492792
5.1062295814000e-05;    2492792
5.1081964947000e-05;    2483166
5.1101622034000e-05;    2483166
5.1121291255000e-05;    2473540
5.1140948278000e-05;    2473540
5.1160617377000e-05;    2456238
5.1176997278000e-05;    2456238
5.1196666264000e-05;    2446612
5.1216323377000e-05;    2446612
5.1235992504000e-05;    2436986
5.1255649727000e-05;    2436986
5.1275318915000e-05;    2427360
5.1294976041000e-05;    2427360
5.1314645293000e-05;    2418894
5.1331025326000e-05;    2418894
5.1350694434000e-05;    2401592
5.1370351688000e-05;    2401592
5.1390021108000e-05;    2391966
5.1409678406000e-05;    2391966
5.1429347478000e-05;    2382340
5.1449004753000e-05;    2382340
5.1465396719000e-05;    2372714
5.1485054172000e-05;    2372714
5.1504723554000e-05;    2355412
5.1524380698000e-05;    2355412
5.1544050155000e-05;    2345786
5.1563707350000e-05;    2345786
5.1583376657000e-05;    2336160
5.1603034137000e-05;    2336160
5.1619426210000e-05;    2326534
5.1639083547000e-05;    2326534
5.1658752908000e-05;    2318068
5.1678410318000e-05;    2318068
5.1698079838000e-05;    2308442
5.1717737168000e-05;    2308442
5.1737406536000e-05;    2291140
5.1753786759000e-05;    2291140
5.1773456343000e-05;    2281514
5.1793113747000e-05;    2281514
5.1812783136000e-05;    2271888
5.1832440582000e-05;    2271888
5.1852110313000e-05;    2262262
5.1871767744000e-05;    2262262
5.1891437256000e-05;    2244960
5.1907817542000e-05;    2244960
5.1927487010000e-05;    2235334
5.1947144445000e-05;    2235334
5.1966813960000e-05;    2225708
5.1986471544000e-05;    2225708
5.2006141207000e-05;    2217242
5.2025798835000e-05;    2217242
5.2042191270000e-05;    2207616
5.2061849054000e-05;    2207616
5.2081518743000e-05;    2197990
5.2101176366000e-05;    2197990
5.2120846105000e-05;    2188364
5.2140503866000e-05;    2188364
5.2160173580000e-05;    2171062
5.2179831421000e-05;    2171062
5.2196223755000e-05;    2161436
5.2215881462000e-05;    2161436
5.2235551168000e-05;    2151810
5.2255208831000e-05;    2151810
5.2274878727000e-05;    2142184
5.2294536572000e-05;    2142184
5.2314206397000e-05;    2132558
5.2333864188000e-05;    2132558
5.2350256638000e-05;    2124092
5.2369914490000e-05;    2124092
5.2389584235000e-05;    2114466
5.2409242117000e-05;    2114466
5.2428912092000e-05;    2097164
5.2448569875000e-05;    2097164
5.2468239950000e-05;    2087538
5.2484620462000e-05;    2087538
5.2504290460000e-05;    2077912
5.2523948332000e-05;    2077912
5.2543618208000e-05;    2068286
5.2563276381000e-05;    2068286
5.2582946469000e-05;    2058660
5.2602604561000e-05;    2058660
5.2622274488000e-05;    2049034
5.2638655290000e-05;    2049034
5.2658325373000e-05;    2039408
5.2677983433000e-05;    2039408
5.2697653509000e-05;    2030942
5.2717311638000e-05;    2030942
5.2736981761000e-05;    2021316
5.2756639906000e-05;    2021316
5.2773032702000e-05;    2011690
5.2792690894000e-05;    2011690
5.2812360911000e-05;    2002064
5.2832019037000e-05;    2002064
5.2851689303000e-05;    1992438
5.2871347357000e-05;    1992438
5.2891017699000e-05;    1975136
5.2910675917000e-05;    1975136
5.2927068765000e-05;    1965510
5.2946726950000e-05;    1965510
5.2966397244000e-05;    1955884
5.2986055614000e-05;    1955884
5.3005725954000e-05;    1955094
5.3025384368000e-05;    1955094
5.3045054681000e-05;    1937792
5.3061435715000e-05;    1937792
5.3081106163000e-05;    1928166
5.3100764381000e-05;    1928166
5.3120434615000e-05;    1918540
5.3140093004000e-05;    1918540
5.3159763359000e-05;    1908914
5.3179421940000e-05;    1908914
5.3199092266000e-05;    1899288
5.3215473370000e-05;    1899288
5.3235143821000e-05;    1889662
5.3254802279000e-05;    1889662
5.3274472709000e-05;    1880036
5.3294131270000e-05;    1880036
5.3313801723000e-05;    1870410
5.3333459984000e-05;    1870410
5.3353130710000e-05;    1861944
5.3369511668000e-05;    1861944
5.3389182212000e-05;    1852318
5.3408840879000e-05;    1852318
5.3428511546000e-05;    1842692
5.3448170221000e-05;    1842692
5.3467840752000e-05;    1833066
5.3487499508000e-05;    1833066
5.3503892639000e-05;    1823440
5.3523551444000e-05;    1823440
5.3543222124000e-05;    1813814
5.3562880747000e-05;    1813814
5.3582551388000e-05;    1804188
5.3602210055000e-05;    1804188
5.3621880964000e-05;    1794562
5.3641539690000e-05;    1794562
5.3657933080000e-05;    1786096
5.3677591704000e-05;    1786096
5.3697262426000e-05;    1776470
5.3716921116000e-05;    1776470
5.3736591906000e-05;    1766844
5.3756250884000e-05;    1766844
5.3775921773000e-05;    1757218
5.3792303107000e-05;    1757218
5.3811974074000e-05;    1747592
5.3831633049000e-05;    1747592
5.3851303934000e-05;    1737966
5.3870962803000e-05;    1737966
5.3890633541000e-05;    1728340
5.3910292599000e-05;    1728340
5.3929963721000e-05;    1718714
5.3946345269000e-05;    1718714
5.3966016386000e-05;    1709088
5.3985675359000e-05;    1709088
5.4005346339000e-05;    1708298
5.4025005423000e-05;    1708298
5.4044676273000e-05;    1698672
5.4064335438000e-05;    1698672
5.4080728938000e-05;    1689046
5.4100387868000e-05;    1689046
5.4120059148000e-05;    1679420
5.4139718203000e-05;    1679420
5.4159389562000e-05;    1669794
5.4179048511000e-05;    1669794
5.4198719690000e-05;    1660168
5.4218378822000e-05;    1660168
5.4234772574000e-05;    1650542
5.4254431606000e-05;    1650542
5.4274102760000e-05;    1640916
5.4293761938000e-05;    1640916
5.4313433209000e-05;    1640126
5.4333092336000e-05;    1640126
5.4352763560000e-05;    1630500
5.4369145361000e-05;    1630500
5.4388816750000e-05;    1620874
5.4408476125000e-05;    1620874
5.4428147265000e-05;    1611248
5.4447806530000e-05;    1611248
5.4467477926000e-05;    1601622
5.4487137120000e-05;    1601622
5.4506808564000e-05;    1591996
5.4523190394000e-05;    1591996
5.4542862032000e-05;    1582370
5.4562521449000e-05;    1582370
5.4582192876000e-05;    1572744
5.4601852276000e-05;    1572744
5.4621523740000e-05;    1564278
5.4641183041000e-05;    1564278
5.4657576858000e-05;    1562328
5.4677236332000e-05;    1562328
5.4696907638000e-05;    1552702
5.4716567242000e-05;    1552702
5.4736238711000e-05;    1543076
5.4755898327000e-05;    1543076
5.4775569783000e-05;    1533450
5.4795229625000e-05;    1533450
5.4811623630000e-05;    1523824
5.4831283120000e-05;    1523824
5.4850954717000e-05;    1514198
5.4870614405000e-05;    1514198
5.4890286024000e-05;    1512248
5.4909945557000e-05;    1512248
5.4929617399000e-05;    1494946
5.4945999527000e-05;    1494946
5.4965671386000e-05;    1494156
5.4985331082000e-05;    1494156
5.5005002856000e-05;    1484530
5.5024662421000e-05;    1484530
5.5044334307000e-05;    1474904
5.5063994115000e-05;    1474904
5.5083665895000e-05;    1465278
5.5100048070000e-05;    1465278
5.5119719875000e-05;    1455652
5.5139379844000e-05;    1455652
5.5159051735000e-05;    1453702
5.5178711589000e-05;    1453702
5.5198383557000e-05;    1444076
5.5218043494000e-05;    1444076
5.5237715455000e-05;    1434450
5.5254097787000e-05;    1434450
5.5273769683000e-05;    1433660
5.5293429739000e-05;    1433660
5.5313101711000e-05;    1424034
5.5332761623000e-05;    1424034
5.5352433540000e-05;    1414408
5.5372093742000e-05;    1414408
5.5388488096000e-05;    1404782
5.5408148102000e-05;    1404782
5.5427820144000e-05;    1395156
5.5447480233000e-05;    1395156
5.5467152438000e-05;    1393206
5.5486812420000e-05;    1393206
5.5506484492000e-05;    1383580
5.5526144609000e-05;    1383580
5.5542539043000e-05;    1373954
5.5562199275000e-05;    1373954
5.5581871447000e-05;    1365488
5.5601531629000e-05;    1365488
5.5621203821000e-05;    1355862
5.5640864015000e-05;    1355862
5.5660536329000e-05;    1353912
5.5676918793000e-05;    1353912
5.5696591063000e-05;    1344286
5.5716251345000e-05;    1344286
5.5735923407000e-05;    1334660
5.5755583819000e-05;    1334660
5.5775256020000e-05;    1332710
5.5794916352000e-05;    1332710
5.5814588666000e-05;    1323084
5.5830971359000e-05;    1323084
5.5850643760000e-05;    1313458
5.5870304077000e-05;    1313458
5.5889976452000e-05;    1312668
5.5909637019000e-05;    1312668
5.5929309360000e-05;    1303042
5.5948969778000e-05;    1303042
5.5965364625000e-05;    1293416
5.5985025042000e-05;    1293416
5.6004697277000e-05;    1291466
5.6024357811000e-05;    1291466
5.6044030150000e-05;    1281840
5.6063690655000e-05;    1281840
5.6083363098000e-05;    1272214
5.6103023555000e-05;    1272214
5.6119418276000e-05;    1262588
5.6139078771000e-05;    1262588
5.6158751234000e-05;    1252962
5.6178411677000e-05;    1252962
5.6198084324000e-05;    1252172
5.6217744910000e-05;    1252172
5.6237417465000e-05;    1242546
5.6253800180000e-05;    1242546
5.6273472834000e-05;    1232920
5.6293133309000e-05;    1232920
5.6312805872000e-05;    1230970
5.6332466590000e-05;    1230970
5.6352139391000e-05;    1221344
5.6371800010000e-05;    1221344
5.6391472653000e-05;    1219394
5.6407855622000e-05;    1219394
5.6427528263000e-05;    1209768
5.6447189206000e-05;    1209768
5.6466862002000e-05;    1208978
5.6486522849000e-05;    1208978
5.6506195570000e-05;    1199352
5.6525856440000e-05;    1199352
5.6542251406000e-05;    1189726
5.6561912189000e-05;    1189726
5.6581585103000e-05;    1180100
5.6601245884000e-05;    1180100
5.6620918770000e-05;    1178150
5.6640579464000e-05;    1178150
5.6660252349000e-05;    1168524
5.6679913274000e-05;    1168524
5.6696308260000e-05;    1158898
5.6715969263000e-05;    1158898
5.6735642299000e-05;    1156948
5.6755303246000e-05;    1156948
5.6774976175000e-05;    1156158
5.6794637005000e-05;    1156158
5.6814310054000e-05;    1146532
5.6830693171000e-05;    1146532
5.6850366102000e-05;    1136906
5.6870027110000e-05;    1136906
5.6889700100000e-05;    1134956
5.6909361242000e-05;    1134956
5.6929034282000e-05;    1125330
5.6948695495000e-05;    1125330
5.6968368416000e-05;    1115704
5.6984751659000e-05;    1115704
5.7004424816000e-05;    1113754
5.7024085910000e-05;    1113754
5.7043759179000e-05;    1104128
5.7063420269000e-05;    1104128
5.7083093396000e-05;    1103338
5.7102754601000e-05;    1103338
5.7119149764000e-05;    1093712
5.7138810856000e-05;    1093712
5.7158483959000e-05;    1084086
5.7178145208000e-05;    1084086
5.7197818480000e-05;    1082136
5.7217479811000e-05;    1082136
5.7237153066000e-05;    1072510
5.7256814256000e-05;    1072510
5.7273209590000e-05;    1070560
5.7292870874000e-05;    1070560
5.7312544158000e-05;    1060934
5.7332205472000e-05;    1060934
5.7351878722000e-05;    1051308
5.7371540019000e-05;    1051308
5.7391213384000e-05;    1050518
5.7407596877000e-05;    1050518
5.7427270248000e-05;    1040892
5.7446931807000e-05;    1040892
5.7466605268000e-05;    1038942
5.7486266635000e-05;    1038942
5.7505940036000e-05;    1029316
5.7525601470000e-05;    1029316
5.7545274998000e-05;    1027366
5.7561658556000e-05;    1027366
5.7581332092000e-05;    1017740
5.7600993727000e-05;    1017740
5.7620667118000e-05;    1015790
5.7640328644000e-05;    1015790
5.7660001927000e-05;    1007324
5.7679663397000e-05;    1007324
5.7696059075000e-05;    1005374
5.7715720619000e-05;    1005374
5.7735394234000e-05;     995748
5.7755055745000e-05;     995748
5.7774729252000e-05;     993798
5.7794390902000e-05;     993798
5.7814064564000e-05;     984172
5.7833726145000e-05;     984172
5.7850121874000e-05;     982222
5.7869783405000e-05;     982222
5.7889457027000e-05;     972596
5.7909118725000e-05;     972596
5.7928792634000e-05;     962970
5.7948454291000e-05;     962970
5.7968128147000e-05;     962180
5.7984511992000e-05;     962180
5.8004185704000e-05;     952554
5.8023847380000e-05;     952554
5.8043521193000e-05;     950604
5.8063182871000e-05;     950604
5.8082856453000e-05;     948654
5.8102518310000e-05;     948654
5.8122192282000e-05;     939028
5.8138576175000e-05;     939028
5.8158250015000e-05;     937078
5.8177911788000e-05;     937078
5.8197585736000e-05;     927452
5.8217247566000e-05;     927452
5.8236921499000e-05;     926662
5.8256583489000e-05;     926662
5.8272979236000e-05;     917036
5.8292641257000e-05;     917036
5.8312315208000e-05;     915086
5.8331977191000e-05;     915086
5.8351650946000e-05;     905460
5.8371313040000e-05;     905460
5.8390986882000e-05;     903510
5.8410648910000e-05;     903510
5.8427044950000e-05;     893884
5.8446706857000e-05;     893884
5.8466380864000e-05;     891934
5.8486042811000e-05;     891934
5.8505716829000e-05;     882308
5.8525378915000e-05;     882308
5.8545052897000e-05;     881518
5.8561437031000e-05;     881518
5.8581111243000e-05;     879568
5.8600773210000e-05;     879568
5.8620447322000e-05;     869942
5.8640109464000e-05;     869942
5.8659783650000e-05;     867992
5.8679445573000e-05;     867992
5.8699119869000e-05;     858366
5.8715504036000e-05;     858366
5.8735178227000e-05;     856416
5.8754840502000e-05;     856416
5.8774514651000e-05;     854466
5.8794176932000e-05;     854466
5.8813851250000e-05;     846000
5.8833513448000e-05;     846000
5.8849909717000e-05;     844050
5.8869571896000e-05;     844050
5.8889246117000e-05;     834424
5.8908908427000e-05;     834424
5.8928582542000e-05;     832474
5.8948244869000e-05;     832474
5.8967919091000e-05;     822848
5.8987581379000e-05;     822848
5.9003977542000e-05;     820898
5.9023639958000e-05;     820898
5.9043314315000e-05;     818948
5.9062976677000e-05;     818948
5.9082651204000e-05;     809322
5.9102313669000e-05;     809322
5.9121988123000e-05;     808532
5.9138372455000e-05;     808532
5.9158046840000e-05;     806582
5.9177709138000e-05;     806582
5.9197383668000e-05;     796956
5.9217045970000e-05;     796956
5.9236720542000e-05;     795006
5.9256382985000e-05;     795006
5.9276057515000e-05;     793056
5.9292441814000e-05;     793056
5.9312116253000e-05;     783430
5.9331778777000e-05;     783430
5.9351453256000e-05;     781480
5.9371115744000e-05;     781480
5.9390790241000e-05;     780690
5.9410452837000e-05;     780690
5.9426849319000e-05;     771064
5.9446511767000e-05;     771064
5.9466186286000e-05;     769114
5.9485848796000e-05;     769114
5.9505523292000e-05;     767164
5.9525185776000e-05;     767164
5.9544860430000e-05;     757538
5.9564523067000e-05;     757538
5.9580919571000e-05;     755588
5.9600582143000e-05;     755588
5.9620256616000e-05;     745962
5.9639919259000e-05;     745962
5.9659593807000e-05;     745172
5.9679256610000e-05;     745172
5.9698931204000e-05;     743222
5.9715315736000e-05;     743222
5.9734990475000e-05;     733596
5.9754652963000e-05;     733596
5.9774327830000e-05;     731646
5.9793990430000e-05;     731646
5.9813665361000e-05;     722020
5.9833328044000e-05;     722020
5.9853002674000e-05;     720070
5.9869387396000e-05;     720070
5.9889062229000e-05;     718120
5.9908724935000e-05;     718120
5.9928399722000e-05;     708494
5.9948062353000e-05;     708494
5.9967737060000e-05;     715380
5.9987399790000e-05;     715380
6.0003796483000e-05;     705754
6.0023459425000e-05;     705754
6.0043134337000e-05;     703804
6.0062797132000e-05;     703804
6.0082472178000e-05;     694178
6.0102134902000e-05;     694178
6.0121809847000e-05;     692228
6.0141472784000e-05;     692228
6.0157869632000e-05;     690278
6.0177532481000e-05;     690278
6.0197207270000e-05;     680652
6.0216870193000e-05;     680652
6.0236545065000e-05;     679862
6.0256208020000e-05;     679862
6.0275882936000e-05;     677912
6.0292267673000e-05;     677912
6.0311942727000e-05;     675962
6.0331605770000e-05;     675962
6.0351280759000e-05;     666336
6.0370943696000e-05;     666336
6.0390618740000e-05;     664386
6.0410281784000e-05;     664386
6.0429956949000e-05;     662436
6.0446341791000e-05;     662436
6.0466016852000e-05;     652810
6.0485679912000e-05;     652810
6.0505354896000e-05;     652020
6.0525018149000e-05;     652020
6.0544693233000e-05;     650070
6.0564356261000e-05;     650070
6.0580753037000e-05;     648120
6.0600416090000e-05;     648120
6.0620091216000e-05;     646170
6.0639754259000e-05;     646170
6.0659429369000e-05;     636544
6.0679092548000e-05;     636544
6.0698767636000e-05;     634594
6.0718430859000e-05;     634594
6.0734827919000e-05;     632644
6.0754491077000e-05;     632644
6.0774166126000e-05;     631854
6.0793829371000e-05;     631854
6.0813504653000e-05;     622228
6.0833167767000e-05;     622228
6.0852842974000e-05;     620278
6.0869227812000e-05;     620278
6.0888903121000e-05;     618328
6.0908566228000e-05;     618328
6.0928241586000e-05;     608702
6.0947904795000e-05;     608702
6.0967579940000e-05;     606752
6.0987243240000e-05;     606752
6.1006918298000e-05;     604802
6.1023303456000e-05;     604802
6.1042978865000e-05;     604012
6.1062642069000e-05;     604012
6.1082317301000e-05;     602062
6.1101980557000e-05;     602062
6.1121655740000e-05;     592436
6.1141319101000e-05;     592436
6.1157716199000e-05;     590486
6.1177379502000e-05;     590486
6.1197054793000e-05;     588536
6.1216718049000e-05;     588536
6.1236393560000e-05;     586586
6.1256056926000e-05;     586586
6.1275732207000e-05;     576960
6.1295395656000e-05;     576960
6.1311792875000e-05;     576170
6.1331456210000e-05;     576170
6.1351131686000e-05;     574220
6.1370794998000e-05;     574220
6.1390470519000e-05;     572270
6.1410133917000e-05;     572270
6.1429809415000e-05;     570320
6.1446194562000e-05;     570320
6.1465870227000e-05;     560694
6.1485533622000e-05;     560694
6.1505208837000e-05;     558744
6.1524872355000e-05;     558744
6.1544547676000e-05;     556794
6.1564211105000e-05;     556794
6.1583886828000e-05;     547168
6.1600272101000e-05;     547168
6.1619947603000e-05;     554054
6.1639611154000e-05;     554054
6.1659286439000e-05;     544428
6.1678949943000e-05;     544428
6.1698625500000e-05;     542478
6.1718289020000e-05;     542478
6.1734686258000e-05;     540528
6.1754349808000e-05;     540528
6.1774025322000e-05;     538578
6.1793688767000e-05;     538578
6.1813364434000e-05;     536628
6.1833028090000e-05;     536628
6.1852703709000e-05;     527002
6.1869089034000e-05;     527002
6.1888764775000e-05;     526212
6.1908428425000e-05;     526212
6.1928104136000e-05;     524262
6.1947767773000e-05;     524262
6.1967443421000e-05;     522312
6.1987107026000e-05;     522312
6.2006782682000e-05;     520362
6.2023168013000e-05;     520362
6.2042843627000e-05;     510736
6.2062507320000e-05;     510736
6.2082183150000e-05;     508786
6.2101846954000e-05;     508786
6.2121522587000e-05;     506836
6.2141186409000e-05;     506836
6.2157583827000e-05;     506046
6.2177247651000e-05;     506046
6.2196923339000e-05;     504096
6.2216587118000e-05;     504096
6.2236262928000e-05;     502146
6.2255926676000e-05;     502146
6.2275602327000e-05;     492520
6.2295266153000e-05;     492520
6.2311663694000e-05;     490570
6.2331327389000e-05;     490570
6.2351003121000e-05;     488620
6.2370667123000e-05;     488620
6.2390342755000e-05;     486670
6.2410006528000e-05;     486670
6.2429682391000e-05;     485880
6.2446067942000e-05;     485880
6.2465743912000e-05;     483930
6.2485407830000e-05;     483930
6.2505083576000e-05;     481980
6.2524747367000e-05;     481980
6.2544423271000e-05;     472354
6.2564086925000e-05;     472354
6.2583762688000e-05;     470404
6.2600148277000e-05;     470404
6.2619824034000e-05;     468454
6.2639488016000e-05;     468454
6.2659163885000e-05;     466504
6.2678827797000e-05;     466504
6.2698503767000e-05;     465714
6.2718167524000e-05;     465714
6.2734565314000e-05;     463764
6.2754229271000e-05;     463764
6.2773905035000e-05;     461814
6.2793568924000e-05;     461814
6.2813244845000e-05;     452188
6.2832908764000e-05;     452188
6.2852584716000e-05;     450238
6.2872248716000e-05;     450238
6.2888646341000e-05;     448288
6.2908310327000e-05;     448288
6.2927986286000e-05;     446338
6.2947650229000e-05;     446338
6.2967326380000e-05;     445548
6.2986990412000e-05;     445548
6.3006666449000e-05;     443598
6.3023052253000e-05;     443598
6.3042728351000e-05;     441648
6.3062392406000e-05;     441648
6.3082068401000e-05;     439698
6.3101732404000e-05;     439698
6.3121408493000e-05;     430072
6.3141072443000e-05;     430072
6.3160748543000e-05;     428122
6.3177134347000e-05;     428122
6.3196810439000e-05;     426172
6.3216474455000e-05;     426172
6.3236150532000e-05;     425382
6.3255814735000e-05;     425382
6.3275490840000e-05;     423432
6.3295154946000e-05;     423432
6.3311552664000e-05;     421482
6.3331216888000e-05;     421482
6.3350892927000e-05;     419532
6.3370557127000e-05;     419532
6.3390233206000e-05;     417582
6.3409897520000e-05;     417582
6.3429573761000e-05;     415632
6.3449237826000e-05;     415632
6.3465635678000e-05;     414842
6.3485299909000e-05;     414842
6.3504976158000e-05;     412892
6.3524640175000e-05;     412892
6.3544316393000e-05;     403266
6.3563980546000e-05;     403266
6.3583656646000e-05;     401316
6.3600042565000e-05;     401316
6.3619718934000e-05;     399366
6.3639382996000e-05;     399366
6.3659059179000e-05;     397416
6.3678723423000e-05;     397416
6.3698399537000e-05;     395466
6.3718063647000e-05;     395466
6.3737739919000e-05;     394676
6.3754125837000e-05;     394676
6.3773802170000e-05;     392726
6.3793466380000e-05;     392726
6.3813142582000e-05;     390776
6.3832806612000e-05;     390776
6.3852482857000e-05;     388826
6.3872147169000e-05;     388826
6.3888545203000e-05;     386876
6.3908209468000e-05;     386876
6.3927885590000e-05;     384926
6.3947549977000e-05;     384926
6.3967226410000e-05;     382976
6.3986890593000e-05;     382976
6.4006566731000e-05;     382186
6.4022952583000e-05;     382186
6.4042628892000e-05;     380236
6.4062293094000e-05;     380236
6.4081969314000e-05;     370610
6.4101633734000e-05;     370610
6.4121309896000e-05;     368660
6.4140974198000e-05;     368660
6.4160650517000e-05;     366710
6.4177036460000e-05;     366710
6.4196712759000e-05;     364760
6.4216377046000e-05;     364760
6.4236053364000e-05;     362810
6.4255717505000e-05;     362810
6.4275393956000e-05;     362020
6.4295058206000e-05;     362020
6.4311456174000e-05;     360070
6.4331120745000e-05;     360070
6.4350797206000e-05;     358120
6.4370461739000e-05;     358120
6.4390138140000e-05;     356170
6.4409802545000e-05;     356170
6.4429478957000e-05;     354220
6.4449143370000e-05;     354220
6.4465541305000e-05;     352270
6.4485205744000e-05;     352270
6.4504882232000e-05;     350320
6.4524546715000e-05;     350320
6.4544222902000e-05;     349530
6.4563887379000e-05;     349530
6.4583563732000e-05;     339904
6.4599949879000e-05;     339904
6.4619626427000e-05;     337954
6.4639290789000e-05;     337954
6.4658967280000e-05;     343680
6.4678631706000e-05;     343680
6.4698308010000e-05;     334054
6.4717972384000e-05;     334054
6.4737648865000e-05;     332104
6.4754034884000e-05;     332104
6.4773711355000e-05;     330154
6.4793375993000e-05;     330154
6.4813052592000e-05;     329364
6.4832717165000e-05;     329364
6.4852393712000e-05;     327414
6.4872058338000e-05;     327414
6.4888456406000e-05;     325464
6.4908121069000e-05;     325464
6.4927797679000e-05;     323514
6.4947462202000e-05;     323514
6.4967138855000e-05;     321564
6.4986803458000e-05;     321564
6.5006480075000e-05;     319614
6.5026144812000e-05;     319614
6.5042542896000e-05;     317664
6.5062207522000e-05;     317664
6.5081884232000e-05;     316874
6.5101548666000e-05;     316874
6.5121225529000e-05;     314924
6.5140890131000e-05;     314924
6.5160566761000e-05;     312974
6.5176952860000e-05;     312974
6.5196629443000e-05;     311024
6.5216294149000e-05;     311024
6.5235970769000e-05;     309074
6.5255635437000e-05;     309074
6.5275312062000e-05;     307124
6.5294976845000e-05;     307124
6.5314653481000e-05;     305174
6.5331039635000e-05;     305174
6.5350716198000e-05;     304384
6.5370381013000e-05;     304384
6.5390057526000e-05;     302434
6.5409722477000e-05;     302434
6.5429399271000e-05;     300484
6.5449063820000e-05;     300484
6.5465461943000e-05;     298534
6.5485126694000e-05;     298534
6.5504803407000e-05;     296584
6.5524467947000e-05;     296584
6.5544144690000e-05;     294634
6.5563809339000e-05;     294634
6.5583485966000e-05;     293844
6.5599872235000e-05;     293844
6.5619548943000e-05;     291894
6.5639213712000e-05;     291894
6.5658890559000e-05;     289944
6.5678555328000e-05;     289944
6.5698232156000e-05;     287994
6.5717896815000e-05;     287994
6.5737573426000e-05;     286044
6.5753959600000e-05;     286044
6.5773636441000e-05;     284094
6.5793301135000e-05;     284094
6.5812977782000e-05;     282144
6.5832642576000e-05;     282144
6.5852319482000e-05;     281354
6.5871984136000e-05;     281354
6.5888382568000e-05;     279404
6.5908047445000e-05;     279404
6.5927724204000e-05;     277454
6.5947388914000e-05;     277454
6.5967059361000e-05;     275504
6.5986717260000e-05;     275504
6.6006387253000e-05;     273554
6.6026045312000e-05;     273554
6.6042437924000e-05;     263928
6.6062095791000e-05;     263928
6.6081765788000e-05;     254302
6.6101423780000e-05;     254302
6.6121093752000e-05;     244676
6.6140751680000e-05;     244676
6.6160421755000e-05;     236210
6.6176802250000e-05;     236210
6.6196472478000e-05;     226584
6.6216130463000e-05;     226584
6.6235800723000e-05;     216958
6.6255458774000e-05;     216958
6.6275128994000e-05;     207332
6.6294787070000e-05;     207332
6.6314457460000e-05;     190030
6.6330838172000e-05;     190030
6.6350508422000e-05;     180404
6.6370166773000e-05;     180404
6.6389837187000e-05;     170778
6.6409495664000e-05;     170778
6.6429166401000e-05;     161152
6.6448825051000e-05;     161152
6.6468495599000e-05;     160362
6.6484876798000e-05;     160362
6.6504547709000e-05;     150736
6.6524206605000e-05;     150736
6.6543877450000e-05;     133434
6.6563536319000e-05;     133434
6.6583207342000e-05;     123808
6.6602866260000e-05;     123808
6.6619259903000e-05;     121858
6.6638918968000e-05;     121858
6.6658590260000e-05;     104556
6.6678249463000e-05;     104556
6.6697920833000e-05;     102606
6.6717580143000e-05;     102606
6.6737251562000e-05;      92980
6.6756910985000e-05;      92980
6.6773305030000e-05;      83354
6.6792964627000e-05;      83354
6.6812636429000e-05;      74888
6.6832295964000e-05;      74888
6.6851967729000e-05;      65262
6.6871627554000e-05;      65262
6.6891299536000e-05;      55636
6.6907681653000e-05;      55636
6.6927353595000e-05;      53686
6.6947013532000e-05;      53686
6.6966685701000e-05;      44060
6.6986345831000e-05;      44060
6.7006018058000e-05;      34434
6.7025678374000e-05;      34434
6.7045350585000e-05;      24808
6.7061733341000e-05;      24808
6.7081405927000e-05;      15182
6.7101066225000e-05;      15182
6.7120738714000e-05;      14392
6.7140399224000e-05;      14392
6.7160071864000e-05;       4766
6.7179732524000e-05;       4766
6.7196127405000e-05;       2816
6.7215788095000e-05;       2816
6.7235460766000e-05;      -6810
6.7255121643000e-05;      -6810
6.7274794492000e-05;     -16436
6.7294455244000e-05;     -16436
6.7314128264000e-05;     -18386
6.7333789177000e-05;     -18386
6.7350184335000e-05;     -28012
6.7369845353000e-05;     -28012
6.7389518584000e-05;     -37638
6.7409179622000e-05;     -37638
6.7428852655000e-05;     -38428
6.7448514017000e-05;     -38428
6.7468187210000e-05;     -48054
6.7484570899000e-05;     -48054
6.7504244515000e-05;     -50004
6.7523905796000e-05;     -50004
6.7543579391000e-05;     -59630
6.7563240860000e-05;     -59630
6.7582914442000e-05;     -69256
6.7602575954000e-05;     -69256
6.7622249772000e-05;     -71206
6.7638633456000e-05;     -71206
6.7658307123000e-05;     -80832
6.7677968879000e-05;     -80832
6.7697642676000e-05;     -81622
6.7717304704000e-05;     -81622
6.7736978480000e-05;     -83572
6.7756640241000e-05;     -83572
6.7773036201000e-05;     -93198
6.7792698187000e-05;     -93198
6.7812372112000e-05;     -95148
6.7832034067000e-05;     -95148
6.7851708284000e-05;    -104774
6.7871370526000e-05;    -104774
6.7891044768000e-05;    -106724
6.7910706911000e-05;    -106724
6.7927103172000e-05;    -116350
6.7946765408000e-05;    -116350
6.7966439496000e-05;    -125976
6.7986101947000e-05;    -125976
6.8005776245000e-05;    -119090
6.8025438616000e-05;    -119090
6.8045113238000e-05;    -128716
6.8061497599000e-05;    -128716
6.8081172001000e-05;    -130666
6.8100834639000e-05;    -130666
6.8120509052000e-05;    -140292
6.8140171738000e-05;    -140292
6.8159846445000e-05;    -142242
6.8179509254000e-05;    -142242
6.8199183984000e-05;    -144192
6.8215568837000e-05;    -144192
6.8235243486000e-05;    -153818
6.8254906258000e-05;    -153818
6.8274581257000e-05;    -154608
6.8294244036000e-05;    -154608
6.8313919104000e-05;    -156558
6.8333582127000e-05;    -156558
6.8349978871000e-05;    -166184
6.8369642002000e-05;    -166184
6.8389317053000e-05;    -168134
6.8408980166000e-05;    -168134
6.8428655222000e-05;    -170084
6.8448318297000e-05;    -170084
6.8467993513000e-05;    -172034
6.8487656713000e-05;    -172034
6.8504053802000e-05;    -181660
6.8523717168000e-05;    -181660
6.8543392342000e-05;    -182450
6.8563055523000e-05;    -182450
6.8582730888000e-05;    -184400
6.8602394219000e-05;    -184400
6.8622069653000e-05;    -186350
6.8638454876000e-05;    -186350
6.8658130414000e-05;    -195976
6.8677793895000e-05;    -195976
6.8697469421000e-05;    -197926
6.8717132956000e-05;    -197926
6.8736808638000e-05;    -199876
6.8756472103000e-05;    -199876
6.8776147696000e-05;    -201826
6.8792533133000e-05;    -201826
6.8812208855000e-05;    -202616
6.8831872565000e-05;    -202616
6.8851548408000e-05;    -204566
6.8871212080000e-05;    -204566
6.8890887682000e-05;    -214192
6.8910551591000e-05;    -214192
6.8926949164000e-05;    -216142
6.8946613015000e-05;    -216142
6.8966288790000e-05;    -218092
6.8985952554000e-05;    -218092
6.9005628573000e-05;    -220042
6.9025292592000e-05;    -220042
6.9044968518000e-05;    -221992
6.9064632586000e-05;    -221992
6.9081030347000e-05;    -222782
6.9100694349000e-05;    -222782
6.9120370337000e-05;    -224732
6.9140034509000e-05;    -224732
6.9159710685000e-05;    -234358
6.9179374984000e-05;    -234358
6.9199051137000e-05;    -236308
6.9215436879000e-05;    -236308
6.9235113205000e-05;    -238258
6.9254777337000e-05;    -238258
6.9274453588000e-05;    -240208
6.9294117826000e-05;    -240208
6.9313794064000e-05;    -242158
6.9333458561000e-05;    -242158
6.9353134927000e-05;    -242948
6.9369520864000e-05;    -242948
6.9389197300000e-05;    -244898
6.9408861712000e-05;    -244898
6.9428538240000e-05;    -246848
6.9448202737000e-05;    -246848
6.9467879395000e-05;    -248798
6.9487543882000e-05;    -248798
6.9503942091000e-05;    -250748
6.9523606721000e-05;    -250748
6.9543283383000e-05;    -252698
6.9562947992000e-05;    -252698
6.9582624524000e-05;    -262324
6.9602289091000e-05;    -262324
6.9621965696000e-05;    -255438
6.9638351854000e-05;    -255438
6.9658028484000e-05;    -257388
6.9677693201000e-05;    -257388
6.9697369804000e-05;    -259338
6.9717034569000e-05;    -259338
6.9736711636000e-05;    -261288
6.9756376299000e-05;    -261288
6.9776053042000e-05;    -263238
6.9792439441000e-05;    -263238
6.9812116332000e-05;    -265188
6.9831781159000e-05;    -265188
6.9851458053000e-05;    -274814
6.9871122877000e-05;    -274814
6.9890799767000e-05;    -267928
6.9910464672000e-05;    -267928
6.9926863126000e-05;    -269878
6.9946528181000e-05;    -269878
6.9966205111000e-05;    -271828
6.9985870196000e-05;    -271828
7.0005547128000e-05;    -273778
7.0025212167000e-05;    -273778
7.0044889346000e-05;    -275728
7.0064554437000e-05;    -275728
7.0080952975000e-05;    -277678
7.0100618009000e-05;    -277678
7.0120295050000e-05;    -279628
7.0139960257000e-05;    -279628
7.0159637330000e-05;    -280418
7.0179302612000e-05;    -280418
7.0198979780000e-05;    -282368
7.0215366440000e-05;    -282368
7.0235043718000e-05;    -284318
7.0254708961000e-05;    -284318
7.0274386236000e-05;    -286268
7.0294051565000e-05;    -286268
7.0313728696000e-05;    -288218
7.0333393993000e-05;    -288218
7.0353071409000e-05;    -290168
7.0369458323000e-05;    -290168
7.0389135713000e-05;    -283282
7.0408801089000e-05;    -283282
7.0428478469000e-05;    -285232
7.0448143916000e-05;    -285232
7.0467821332000e-05;    -287182
7.0487486812000e-05;    -287182
7.0503885659000e-05;    -289132
7.0523550987000e-05;    -289132
7.0543228211000e-05;    -291082
7.0562893825000e-05;    -291082
7.0582571386000e-05;    -293032
7.0602236738000e-05;    -293032
7.0621914354000e-05;    -294982
7.0641579782000e-05;    -294982
7.0657978798000e-05;    -295772
7.0677644430000e-05;    -295772
7.0697321948000e-05;    -297722
7.0716987514000e-05;    -297722
7.0736665144000e-05;    -291996
7.0756330808000e-05;    -291996
7.0776008317000e-05;    -293946
7.0792395418000e-05;    -293946
7.0812073159000e-05;    -295896
7.0831738879000e-05;    -295896
7.0851416501000e-05;    -297846
7.0871082330000e-05;    -297846
7.0890759979000e-05;    -299796
7.0910425756000e-05;    -299796
7.0926825010000e-05;    -300586
7.0946490585000e-05;    -300586
7.0966168433000e-05;    -302536
7.0985834260000e-05;    -302536
7.1005512070000e-05;    -296810
7.1025177743000e-05;    -296810
7.1044855506000e-05;    -298760
7.1064521409000e-05;    -298760
7.1080920675000e-05;    -300710
7.1100586471000e-05;    -300710
7.1120264370000e-05;    -302660
7.1139930127000e-05;    -302660
7.1159608146000e-05;    -303450
7.1179274195000e-05;    -303450
7.1198952198000e-05;    -305400
7.1215339307000e-05;    -305400
7.1235017352000e-05;    -307350
7.1254683398000e-05;    -307350
7.1274361307000e-05;    -301624
7.1294027258000e-05;    -301624
7.1313705097000e-05;    -303574
7.1333371328000e-05;    -303574
7.1353049212000e-05;    -305524
7.1369436588000e-05;    -305524
7.1389114686000e-05;    -307474
7.1408780754000e-05;    -307474
7.1428458873000e-05;    -300588
7.1448124932000e-05;    -300588
7.1467803012000e-05;    -302538
7.1487469165000e-05;    -302538
7.1503868618000e-05;    -304488
7.1523534699000e-05;    -304488
7.1543212650000e-05;    -306438
7.1562878843000e-05;    -306438
7.1582556982000e-05;    -300712
7.1602223090000e-05;    -300712
7.1621901276000e-05;    -302662
7.1641567442000e-05;    -302662
7.1657967046000e-05;    -303452
7.1677633286000e-05;    -303452
7.1697311447000e-05;    -305402
7.1716977609000e-05;    -305402
7.1736655768000e-05;    -299676
7.1756321885000e-05;    -299676
7.1776000071000e-05;    -301626
7.1792387716000e-05;    -301626
7.1812066041000e-05;    -303576
7.1831732086000e-05;    -303576
7.1851410305000e-05;    -305526
7.1871076432000e-05;    -305526
7.1890754762000e-05;    -307476
7.1910421120000e-05;    -307476
7.1926820661000e-05;    -300590
7.1946487003000e-05;    -300590
7.1966165195000e-05;    -302540
7.1985831607000e-05;    -302540
7.2005509862000e-05;    -304490
7.2025176186000e-05;    -304490
7.2044854231000e-05;    -306440
7.2064520419000e-05;    -306440
7.2080920057000e-05;    -300714
7.2100586270000e-05;    -300714
7.2120264579000e-05;    -302664
7.2139930891000e-05;    -302664
7.2159609293000e-05;    -295778
7.2179275711000e-05;    -295778
7.2198953969000e-05;    -297728
7.2215341564000e-05;    -297728
7.2235019951000e-05;    -299678
7.2254686203000e-05;    -299678
7.2274364586000e-05;    -301628
7.2294031112000e-05;    -301628
7.2313709213000e-05;    -303578
7.2333375677000e-05;    -303578
7.2353054052000e-05;    -297852
7.2369441745000e-05;    -297852
7.2389120104000e-05;    -307478
7.2408786582000e-05;    -307478
7.2428464995000e-05;    -300592
7.2448131515000e-05;    -300592
7.2467809942000e-05;    -302542
7.2487476317000e-05;    -302542
7.2503876077000e-05;    -296816
7.2523542514000e-05;    -296816
7.2543221046000e-05;    -298766
7.2562887506000e-05;    -298766
7.2582566002000e-05;    -300716
7.2602232551000e-05;    -300716
7.2621910923000e-05;    -294990
7.2641577552000e-05;    -294990
7.2657977381000e-05;    -295780
7.2677643830000e-05;    -295780
7.2697322338000e-05;    -297730
7.2716988880000e-05;    -297730
7.2736667550000e-05;    -299680
7.2756334062000e-05;    -299680
7.2776012681000e-05;    -293954
7.2792400549000e-05;    -293954
7.2812079009000e-05;    -295904
7.2831745694000e-05;    -295904
7.2851424131000e-05;    -297854
7.2871090661000e-05;    -297854
7.2890769179000e-05;    -299804
7.2910435963000e-05;    -299804
7.2926835689000e-05;    -292918
7.2946502275000e-05;    -292918
7.2966181067000e-05;    -294868
7.2985847606000e-05;    -294868
7.3005526038000e-05;    -289142
7.3025192544000e-05;    -289142
7.3044871325000e-05;    -291092
7.3064537900000e-05;    -291092
7.3080937766000e-05;    -293042
7.3100604447000e-05;    -293042
7.3120283099000e-05;    -294992
7.3139949724000e-05;    -294992
7.3159628343000e-05;    -288106
7.3179294921000e-05;    -288106
7.3198973679000e-05;    -290056
7.3215361528000e-05;    -290056
7.3235040051000e-05;    -292006
7.3254706633000e-05;    -292006
7.3274385522000e-05;    -286280
7.3294052210000e-05;    -286280
7.3313730773000e-05;    -288230
7.3333397416000e-05;    -288230
7.3353066478000e-05;    -290180
7.3369445802000e-05;    -290180
7.3389114272000e-05;    -283294
7.3408770656000e-05;    -283294
7.3428439094000e-05;    -292920
7.3448095617000e-05;    -292920
7.3467764124000e-05;    -310222
7.3487420507000e-05;    -310222
7.3503811753000e-05;    -319848
7.3523468169000e-05;    -319848
7.3543136988000e-05;    -329474
7.3562793454000e-05;    -329474
7.3582461890000e-05;    -346776
7.3602118308000e-05;    -346776
7.3621787044000e-05;    -356402
7.3641443563000e-05;    -356402
7.3657835223000e-05;    -373704
7.3677491740000e-05;    -373704
7.3697160598000e-05;    -383330
7.3716817359000e-05;    -383330
7.3736486493000e-05;    -391796
7.3756143348000e-05;    -391796
7.3775812646000e-05;    -401422
7.3792192611000e-05;    -401422
7.3811861751000e-05;    -418724
7.3831518882000e-05;    -418724
7.3851188233000e-05;    -428350
7.3870845589000e-05;    -428350
7.3890515266000e-05;    -437976
7.3910172895000e-05;    -437976
7.3929842817000e-05;    -447602
7.3946223249000e-05;    -447602
7.3965893080000e-05;    -457228
7.3985550906000e-05;    -457228
7.4005220996000e-05;    -474530
7.4024879043000e-05;    -474530
7.4044549354000e-05;    -484156
7.4064207530000e-05;    -484156
7.4083877999000e-05;    -484946
7.4100258890000e-05;    -484946
7.4119929487000e-05;    -502248
7.4139588087000e-05;    -502248
7.4159258730000e-05;    -511874
7.4178917401000e-05;    -511874
7.4198588363000e-05;    -521500
7.4218247154000e-05;    -521500
7.4234640698000e-05;    -531126
7.4254299798000e-05;    -531126
7.4273971135000e-05;    -540752
7.4293630356000e-05;    -540752
7.4313301623000e-05;    -550378
7.4332960980000e-05;    -550378
7.4352632341000e-05;    -560004
7.4372291805000e-05;    -560004
7.4388685900000e-05;    -569630
7.4408345667000e-05;    -569630
7.4428017331000e-05;    -570420
7.4447677151000e-05;    -570420
7.4467348939000e-05;    -580046
7.4487008859000e-05;    -580046
7.4506680668000e-05;    -589672
7.4523063096000e-05;    -589672
7.4542735318000e-05;    -599298
7.4562395309000e-05;    -599298
7.4582067561000e-05;    -608924
7.4601727866000e-05;    -608924
7.4621400299000e-05;    -610874
7.4641060819000e-05;    -610874
7.4660733245000e-05;    -620500
7.4677116112000e-05;    -620500
7.4696788817000e-05;    -630126
7.4716449435000e-05;    -630126
7.4736122088000e-05;    -630916
7.4755782886000e-05;    -630916
7.4775455691000e-05;    -640542
7.4795116726000e-05;    -640542
7.4811511899000e-05;    -650168
7.4831172906000e-05;    -650168
7.4850846131000e-05;    -652118
7.4870507395000e-05;    -652118
7.4890180765000e-05;    -661744
7.4909842018000e-05;    -661744
7.4929515485000e-05;    -663694
7.4949176834000e-05;    -663694
7.4965572385000e-05;    -673320
7.4985233950000e-05;    -673320
7.5004907751000e-05;    -682946
7.5024569427000e-05;    -682946
7.5044243030000e-05;    -683736
7.5063904832000e-05;    -683736
7.5083578606000e-05;    -685686
7.5099962565000e-05;    -685686
7.5119636647000e-05;    -695312
7.5139298570000e-05;    -695312
7.5158972830000e-05;    -697262
7.5178635001000e-05;    -697262
7.5198309097000e-05;    -706888
7.5217971399000e-05;    -706888
7.5237645664000e-05;    -708838
7.5254029899000e-05;    -708838
7.5273704409000e-05;    -718464
7.5293366918000e-05;    -718464
7.5313041555000e-05;    -719254
7.5332704156000e-05;    -719254
7.5352378759000e-05;    -721204
7.5372041310000e-05;    -721204
7.5388437934000e-05;    -730830
7.5408100701000e-05;    -730830
7.5427775563000e-05;    -732780
7.5447438459000e-05;    -732780
7.5467113426000e-05;    -742406
7.5486776337000e-05;    -742406
7.5506451602000e-05;    -744356
7.5526114499000e-05;    -744356
7.5542511477000e-05;    -746306
7.5562174711000e-05;    -746306
7.5581849993000e-05;    -747096
7.5601513162000e-05;    -747096
7.5621188538000e-05;    -749046
7.5640851837000e-05;    -749046
7.5660527163000e-05;    -758672
7.5676912335000e-05;    -758672
7.5696587840000e-05;    -760622
7.5716251384000e-05;    -760622
7.5735926981000e-05;    -762572
7.5755590378000e-05;    -762572
7.5775266009000e-05;    -764522
7.5794929847000e-05;    -764522
7.5814605554000e-05;    -766472
7.5830991066000e-05;    -766472
7.5850666917000e-05;    -774938
7.5870330782000e-05;    -774938
7.5890006578000e-05;    -776888
7.5909670619000e-05;    -776888
7.5929346577000e-05;    -778838
7.5949010539000e-05;    -778838
7.5965408281000e-05;    -780788
7.5985072421000e-05;    -780788
7.6004748387000e-05;    -782738
7.6024412627000e-05;    -782738
7.6044088792000e-05;    -784688
7.6063753134000e-05;    -784688
7.6083429381000e-05;    -786638
7.6103093696000e-05;    -786638
7.6119491672000e-05;    -787428
7.6139155952000e-05;    -787428
7.6158832314000e-05;    -789378
7.6178496569000e-05;    -789378
7.6198172926000e-05;    -799004
7.6217837436000e-05;    -799004
7.6237514110000e-05;    -800954
7.6253900211000e-05;    -800954
7.6273576641000e-05;    -802904
7.6293241376000e-05;    -802904
7.6312917989000e-05;    -804854
7.6332582808000e-05;    -804854
7.6352259542000e-05;    -806804
7.6371924257000e-05;    -806804
7.6391601112000e-05;    -807594
7.6407987650000e-05;    -807594
7.6427664419000e-05;    -809544
7.6447329205000e-05;    -809544
7.6467006300000e-05;    -811494
7.6486671400000e-05;    -811494
7.6506348267000e-05;    -813444
7.6526013413000e-05;    -813444
7.6542412085000e-05;    -815394
7.6562077088000e-05;    -815394
7.6581754203000e-05;    -817344
7.6601419301000e-05;    -817344
7.6621096588000e-05;    -819294
7.6640761911000e-05;    -819294
7.6660439184000e-05;    -812408
7.6676825979000e-05;    -812408
7.6696503334000e-05;    -822034
7.6716168949000e-05;    -822034
7.6735846284000e-05;    -816308
7.6755511726000e-05;    -816308
7.6775189316000e-05;    -818258
7.6794854709000e-05;    -818258
7.6814532129000e-05;    -820208
7.6830919036000e-05;    -820208
7.6850596821000e-05;    -822158
7.6870262309000e-05;    -822158
7.6889940064000e-05;    -824108
7.6909605600000e-05;    -824108
7.6929283335000e-05;    -817222
7.6948948964000e-05;    -817222
7.6965348112000e-05;    -826848
7.6985013870000e-05;    -826848
7.7004691587000e-05;    -821122
7.7024357496000e-05;    -821122
7.7044035282000e-05;    -830748
7.7063701190000e-05;    -830748
7.7083379083000e-05;    -825022
7.7103045007000e-05;    -825022
7.7119444243000e-05;    -826972
7.7139110198000e-05;    -826972
7.7158788226000e-05;    -827762
7.7178454271000e-05;    -827762
7.7198132367000e-05;    -822036
7.7217798455000e-05;    -822036
7.7237476645000e-05;    -823986
7.7253864101000e-05;    -823986
7.7273542268000e-05;    -825936
7.7293208451000e-05;    -825936
7.7312886660000e-05;    -827886
7.7332553002000e-05;    -827886
7.7352231158000e-05;    -822160
7.7371897429000e-05;    -822160
7.7391575548000e-05;    -831786
7.7407962933000e-05;    -831786
7.7427641228000e-05;    -824900
7.7447307551000e-05;    -824900
7.7466985838000e-05;    -826850
7.7486652162000e-05;    -826850
7.7506330626000e-05;    -821124
7.7525997029000e-05;    -821124
7.7542396786000e-05;    -823074
7.7562063231000e-05;    -823074
7.7581741706000e-05;    -825024
7.7601408195000e-05;    -825024
7.7621086853000e-05;    -826974
7.7640753142000e-05;    -826974
7.7660431694000e-05;    -820088
7.7676819550000e-05;    -820088
7.7696498200000e-05;    -822038
7.7716164684000e-05;    -822038
7.7735843373000e-05;    -823988
7.7755510080000e-05;    -823988
7.7775188942000e-05;    -825938
7.7794855687000e-05;    -825938
7.7814534409000e-05;    -820212
7.7830922246000e-05;    -820212
7.7850601046000e-05;    -822162
7.7870267687000e-05;    -822162
7.7889946399000e-05;    -824112
7.7909613116000e-05;    -824112
7.7929291846000e-05;    -817226
7.7948958629000e-05;    -817226
7.7965358765000e-05;    -819176
7.7985025724000e-05;    -819176
7.8004704727000e-05;    -821126
7.8024371539000e-05;    -821126
7.8044050683000e-05;    -815400
7.8063717523000e-05;    -815400
7.8083396445000e-05;    -817350
7.8103063458000e-05;    -817350
7.8119463579000e-05;    -819300
7.8139130560000e-05;    -819300
7.8158809675000e-05;    -812414
7.8178476765000e-05;    -812414
7.8198155766000e-05;    -814364
7.8217822739000e-05;    -814364
7.8237501885000e-05;    -808638
7.8253890207000e-05;    -808638
7.8273569081000e-05;    -810588
7.8293236105000e-05;    -810588
7.8312915368000e-05;    -812538
7.8332582481000e-05;    -812538
7.8352261784000e-05;    -806812
7.8371928757000e-05;    -806812
7.8391608190000e-05;    -807602
7.8407996549000e-05;    -807602
7.8427675609000e-05;    -801876
7.8447342739000e-05;    -801876
7.8467022017000e-05;    -803826
7.8486689358000e-05;    -803826
7.8506368422000e-05;    -805776
7.8526035880000e-05;    -805776
7.8542436257000e-05;    -800050
7.8562103432000e-05;    -800050
7.8581782748000e-05;    -802000
7.8601450062000e-05;    -802000
7.8621129348000e-05;    -803950
7.8640796555000e-05;    -803950
7.8660475800000e-05;    -797064
7.8676864256000e-05;    -797064
7.8696543517000e-05;    -799014
7.8716211016000e-05;    -799014
7.8735890285000e-05;    -793288
7.8755557903000e-05;    -793288
7.8775237207000e-05;    -795238
7.8794904778000e-05;    -795238
7.8814584390000e-05;    -797188
7.8830972818000e-05;    -797188
7.8850652398000e-05;    -791462
7.8870319699000e-05;    -791462
7.8889999367000e-05;    -784576
7.8909666725000e-05;    -784576
7.8929346376000e-05;    -786526
7.8949013898000e-05;    -786526
7.8965414583000e-05;    -780800
7.8985082126000e-05;    -780800
7.9004761700000e-05;    -782750
7.9024429279000e-05;    -782750
7.9044108829000e-05;    -784700
7.9063776290000e-05;    -784700
7.9083455982000e-05;    -778974
7.9099844672000e-05;    -778974
7.9119524283000e-05;    -779764
7.9139191851000e-05;    -779764
7.9158871460000e-05;    -774038
7.9178539149000e-05;    -774038
7.9198218851000e-05;    -775988
7.9217886493000e-05;    -775988
7.9237566268000e-05;    -770262
7.9253954997000e-05;    -770262
7.9273634631000e-05;    -772212
7.9293302194000e-05;    -772212
7.9312981967000e-05;    -766486
7.9332649889000e-05;    -766486
7.9352329501000e-05;    -767276
7.9371997475000e-05;    -767276
7.9388398222000e-05;    -761550
7.9408065846000e-05;    -761550
7.9427745330000e-05;    -763500
7.9447413070000e-05;    -763500
7.9467092923000e-05;    -757774
7.9486760519000e-05;    -757774
7.9506440413000e-05;    -759724
7.9526108124000e-05;    -759724
7.9542508999000e-05;    -753998
7.9562176816000e-05;    -753998
7.9581856746000e-05;    -754788
7.9601524169000e-05;    -754788
7.9621203958000e-05;    -749062
7.9640871700000e-05;    -749062
7.9660551446000e-05;    -751012
7.9676940331000e-05;    -751012
7.9696620135000e-05;    -745286
7.9716288144000e-05;    -745286
7.9735967974000e-05;    -747236
7.9755635857000e-05;    -747236
7.9775315616000e-05;    -741510
7.9794983617000e-05;    -741510
7.9814663301000e-05;    -743460
7.9831052231000e-05;    -743460
7.9850732090000e-05;    -736574
7.9870399917000e-05;    -736574
7.9890079828000e-05;    -738524
7.9909747627000e-05;    -738524
7.9929427617000e-05;    -732798
7.9949095284000e-05;    -732798
7.9965496237000e-05;    -734748
7.9985164132000e-05;    -734748
8.0004843856000e-05;    -736698
8.0024511620000e-05;    -736698
8.0044191581000e-05;    -730972
8.0063859552000e-05;    -730972
8.0083539570000e-05;    -724086
8.0099928511000e-05;    -724086
8.0119608600000e-05;    -726036
8.0139276683000e-05;    -726036
8.0158956587000e-05;    -720310
8.0178624354000e-05;    -720310
8.0198304621000e-05;    -722260
8.0217972649000e-05;    -722260
8.0237652433000e-05;    -716534
8.0254041561000e-05;    -716534
8.0273721491000e-05;    -718484
8.0293389450000e-05;    -718484
8.0313069478000e-05;    -711598
8.0332737618000e-05;    -711598
8.0352417487000e-05;    -713548
8.0372085512000e-05;    -713548
8.0388486554000e-05;    -707822
8.0408154472000e-05;    -707822
8.0427834600000e-05;    -709772
8.0447502592000e-05;    -709772
8.0467182599000e-05;    -704046
8.0486850548000e-05;    -704046
8.0506530736000e-05;    -705996
8.0522919708000e-05;    -705996
8.0542599836000e-05;    -699110
8.0562268037000e-05;    -699110
8.0581948060000e-05;    -693384
8.0601616029000e-05;    -693384
8.0621296077000e-05;    -695334
8.0640964105000e-05;    -695334
8.0660644206000e-05;    -689608
8.0677033499000e-05;    -689608
8.0696713395000e-05;    -691558
8.0716381610000e-05;    -691558
8.0736061677000e-05;    -685832
8.0755729833000e-05;    -685832
8.0775409975000e-05;    -678946
8.0795077948000e-05;    -678946
8.0811479080000e-05;    -680896
8.0831147088000e-05;    -680896
8.0850827081000e-05;    -682846
8.0870495066000e-05;    -682846
8.0890175242000e-05;    -677120
8.0909843301000e-05;    -677120
8.0929523386000e-05;    -679070
8.0949191420000e-05;    -679070
8.0965592475000e-05;    -673344
8.0985260470000e-05;    -673344
8.1004940460000e-05;    -666458
8.1024608533000e-05;    -666458
8.1044288667000e-05;    -668408
8.1063956895000e-05;    -668408
8.1083637007000e-05;    -670358
8.1100026148000e-05;    -670358
8.1119706123000e-05;    -664632
8.1139374167000e-05;    -664632
8.1159054093000e-05;    -658906
8.1178722312000e-05;    -658906
8.1198402386000e-05;    -660856
8.1218070431000e-05;    -660856
8.1237750512000e-05;    -653970
8.1254139593000e-05;    -653970
8.1273819749000e-05;    -648244
8.1293488080000e-05;    -648244
8.1313168197000e-05;    -650194
8.1332836281000e-05;    -650194
8.1352516390000e-05;    -644468
8.1372184394000e-05;    -644468
8.1388585546000e-05;    -646418
8.1408253596000e-05;    -646418
8.1427933811000e-05;    -640692
8.1447601975000e-05;    -640692
8.1467282123000e-05;    -642642
8.1486950074000e-05;    -642642
8.1506630044000e-05;    -635756
8.1523019235000e-05;    -635756
8.1542699326000e-05;    -637706
8.1562367363000e-05;    -637706
8.1582047506000e-05;    -631980
8.1601715560000e-05;    -631980
8.1621395679000e-05;    -633930
8.1641063766000e-05;    -633930
8.1660743848000e-05;    -628204
8.1677132940000e-05;    -628204
8.1696813208000e-05;    -630154
8.1716481319000e-05;    -630154
8.1736161409000e-05;    -623268
8.1755829619000e-05;    -623268
8.1775509549000e-05;    -617542
8.1795177608000e-05;    -617542
8.1811578770000e-05;    -619492
8.1831246811000e-05;    -619492
8.1850926983000e-05;    -613766
8.1870595077000e-05;    -613766
8.1890275117000e-05;    -615716
8.1909943266000e-05;    -615716
8.1929623386000e-05;    -617666
8.1946012456000e-05;    -617666
8.1965692591000e-05;    -610780
8.1985360727000e-05;    -610780
8.2005040673000e-05;    -605054
8.2024708830000e-05;    -605054
8.2044388879000e-05;    -607004
8.2064057258000e-05;    -607004
8.2083737309000e-05;    -601278
8.2100126427000e-05;    -601278
8.2119806507000e-05;    -595552
8.2139474458000e-05;    -595552
8.2159154551000e-05;    -597502
8.2178822526000e-05;    -597502
8.2198502531000e-05;    -590616
8.2218170923000e-05;    -590616
8.2234572031000e-05;    -592566
8.2254240292000e-05;    -592566
8.2273920349000e-05;    -586840
8.2293588499000e-05;    -586840
8.2313268757000e-05;    -588790
8.2332936892000e-05;    -588790
8.2352617220000e-05;    -583064
8.2372285213000e-05;    -583064
8.2388686363000e-05;    -585014
8.2408354456000e-05;    -585014
8.2428034460000e-05;    -578128
8.2447702607000e-05;    -578128
8.2467382812000e-05;    -572402
8.2487050919000e-05;    -572402
8.2506731077000e-05;    -574352
8.2523120191000e-05;    -574352
8.2542800400000e-05;    -568626
8.2562468301000e-05;    -568626
8.2582148464000e-05;    -570576
8.2601816689000e-05;    -570576
8.2621496667000e-05;    -564850
8.2641164805000e-05;    -564850
8.2660844910000e-05;    -557964
8.2677234040000e-05;    -557964
8.2696914023000e-05;    -559914
8.2716582173000e-05;    -559914
8.2736262297000e-05;    -561864
8.2755930335000e-05;    -561864
8.2775610469000e-05;    -556138
8.2795278547000e-05;    -556138
8.2811679680000e-05;    -558088
8.2831347674000e-05;    -558088
8.2851027698000e-05;    -552362
8.2870695853000e-05;    -552362
8.2890375867000e-05;    -545476
8.2910044023000e-05;    -545476
8.2929724091000e-05;    -547426
8.2946113089000e-05;    -547426
8.2965793118000e-05;    -541700
8.2985461031000e-05;    -541700
8.3005141179000e-05;    -543650
8.3024809190000e-05;    -543650
8.3044489238000e-05;    -537924
8.3064157396000e-05;    -537924
8.3083837594000e-05;    -539874
8.3100226643000e-05;    -539874
8.3119906634000e-05;    -532988
8.3139574641000e-05;    -532988
8.3159254811000e-05;    -527262
8.3178922737000e-05;    -527262
8.3198602770000e-05;    -529212
8.3218270816000e-05;    -529212
8.3234671907000e-05;    -523486
8.3254339945000e-05;    -523486
8.3274019766000e-05;    -525436
8.3293687697000e-05;    -525436
8.3313367769000e-05;    -519710
8.3333035820000e-05;    -519710
8.3352715774000e-05;    -521660
8.3369104866000e-05;    -521660
8.3388784809000e-05;    -514774
8.3408452797000e-05;    -514774
8.3428132823000e-05;    -516724
8.3447800884000e-05;    -516724
8.3467480992000e-05;    -510998
8.3487148884000e-05;    -510998
8.3506828977000e-05;    -512948
8.3523217979000e-05;    -512948
8.3542898044000e-05;    -507222
8.3562565970000e-05;    -507222
8.3582245913000e-05;    -509172
8.3601914179000e-05;    -509172
8.3621594124000e-05;    -502286
8.3641262138000e-05;    -502286
8.3657663112000e-05;    -504236
8.3677330971000e-05;    -504236
8.3697010994000e-05;    -498510
8.3716679059000e-05;    -498510
8.3736359148000e-05;    -492784
8.3756027116000e-05;    -492784
8.3775707089000e-05;    -494734
8.3795375209000e-05;    -494734
8.3811776308000e-05;    -496684
8.3831444371000e-05;    -496684
8.3851124437000e-05;    -489798
8.3870792446000e-05;    -489798
8.3890472182000e-05;    -484072
8.3910140145000e-05;    -484072
8.3929820130000e-05;    -486022
8.3946209175000e-05;    -486022
8.3965889251000e-05;    -487972
8.3985557106000e-05;    -487972
8.4005237130000e-05;    -482246
8.4024905119000e-05;    -482246
8.4044585152000e-05;    -476520
8.4064253074000e-05;    -476520
8.4080654016000e-05;    -477310
8.4100322082000e-05;    -477310
8.4120002100000e-05;    -471584
8.4139669977000e-05;    -471584
8.4159349780000e-05;    -473534
8.4179017821000e-05;    -473534
8.4198697653000e-05;    -467808
8.4218365717000e-05;    -467808
8.4234766682000e-05;    -469758
8.4254434661000e-05;    -469758
8.4274114507000e-05;    -464032
8.4293782530000e-05;    -464032
8.4313462480000e-05;    -457146
8.4333130394000e-05;    -457146
8.4352810170000e-05;    -459096
8.4369199208000e-05;    -459096
8.4388878988000e-05;    -453370
8.4408546995000e-05;    -453370
8.4428226838000e-05;    -455320
8.4447894673000e-05;    -455320
8.4467574540000e-05;    -457270
8.4487242561000e-05;    -457270
8.4506922552000e-05;    -451544
8.4523311395000e-05;    -451544
8.4542991305000e-05;    -444658
8.4562659267000e-05;    -444658
8.4582339229000e-05;    -446608
8.4602007225000e-05;    -446608
8.4621686991000e-05;    -448558
8.4641355017000e-05;    -448558
8.4657756013000e-05;    -442832
8.4677423978000e-05;    -442832
8.4697103796000e-05;    -437106
8.4716771676000e-05;    -437106
8.4736451405000e-05;    -439056
8.4756119277000e-05;    -439056
8.4775799194000e-05;    -432170
8.4792187999000e-05;    -432170
8.4811867829000e-05;    -426444
8.4831535595000e-05;    -426444
8.4851215548000e-05;    -428394
8.4870883493000e-05;    -428394
8.4890563231000e-05;    -430344
8.4910231018000e-05;    -430344
8.4929910867000e-05;    -424618
8.4946299863000e-05;    -424618
8.4965979652000e-05;    -426568
8.4985647391000e-05;    -426568
8.5005327170000e-05;    -428518
8.5024995048000e-05;    -428518
8.5044674861000e-05;    -421632
8.5064342465000e-05;    -421632
8.5080743406000e-05;    -415906
8.5100411256000e-05;    -415906
8.5120091064000e-05;    -417856
8.5139758868000e-05;    -417856
8.5159438695000e-05;    -412130
8.5179106509000e-05;    -412130
8.5198786252000e-05;    -414080
8.5218454148000e-05;    -414080
8.5234855037000e-05;    -416030
8.5254522847000e-05;    -416030
8.5274202603000e-05;    -409144
8.5293870342000e-05;    -409144
8.5313549830000e-05;    -403418
8.5333217734000e-05;    -403418
8.5352897336000e-05;    -405368
8.5369286294000e-05;    -405368
8.5388966033000e-05;    -399642
8.5408633661000e-05;    -399642
8.5428313468000e-05;    -401592
8.5447981216000e-05;    -401592
8.5467660994000e-05;    -395866
8.5487328681000e-05;    -395866
8.5503729523000e-05;    -396656
8.5523397310000e-05;    -396656
8.5543077198000e-05;    -390930
8.5562744817000e-05;    -390930
8.5582424514000e-05;    -392880
8.5602092380000e-05;    -392880
8.5621772084000e-05;    -387154
8.5641439647000e-05;    -387154
8.5657840467000e-05;    -389104
8.5677508072000e-05;    -389104
8.5697187901000e-05;    -383378
8.5716855651000e-05;    -383378
8.5736535315000e-05;    -384168
8.5756203045000e-05;    -384168
8.5775882773000e-05;    -378442
8.5792271311000e-05;    -378442
8.5811951118000e-05;    -380392
8.5831618901000e-05;    -380392
8.5851298726000e-05;    -374666
8.5870966398000e-05;    -374666
8.5890646154000e-05;    -376616
8.5910313884000e-05;    -376616
8.5929993553000e-05;    -370890
8.5946382282000e-05;    -370890
8.5966062049000e-05;    -371680
8.5985729635000e-05;    -371680
8.6005409381000e-05;    -365954
8.6025077056000e-05;    -365954
8.6044756675000e-05;    -367904
8.6064424272000e-05;    -367904
8.6080824986000e-05;    -362178
8.6100492525000e-05;    -362178
8.6120172371000e-05;    -364128
8.6139839955000e-05;    -364128
8.6159519609000e-05;    -358402
8.6179187284000e-05;    -358402
8.6198866941000e-05;    -360352
8.6215255632000e-05;    -360352
8.6234935245000e-05;    -353466
8.6254602837000e-05;    -353466
8.6274282592000e-05;    -355416
8.6293950102000e-05;    -355416
8.6313629969000e-05;    -357366
8.6333297450000e-05;    -357366
8.6352977053000e-05;    -351640
8.6369365681000e-05;    -351640
8.6389045168000e-05;    -353590
8.6408712730000e-05;    -353590
8.6428392403000e-05;    -347864
8.6448059901000e-05;    -347864
8.6467739373000e-05;    -340978
8.6487406943000e-05;    -340978
8.6503807643000e-05;    -342928
8.6523475449000e-05;    -342928
8.6543155012000e-05;    -344878
8.6562822634000e-05;    -344878
8.6582502517000e-05;    -339152
8.6602170000000e-05;    -339152
8.6621849627000e-05;    -341102
8.6641517195000e-05;    -341102
8.6657917675000e-05;    -335376
8.6677585549000e-05;    -335376
8.6697265012000e-05;    -336166
8.6716932626000e-05;    -336166
8.6736612185000e-05;    -338116
8.6756279698000e-05;    -338116
8.6775959340000e-05;    -332390
8.6792347857000e-05;    -332390
8.6812027427000e-05;    -334340
8.6831694858000e-05;    -334340
8.6851374420000e-05;    -328614
8.6871041900000e-05;    -328614
8.6890721566000e-05;    -330564
8.6910389227000e-05;    -330564
8.6930068700000e-05;    -323678
8.6946457410000e-05;    -323678
8.6966136930000e-05;    -325628
8.6985804424000e-05;    -325628
8.7005484031000e-05;    -319902
8.7025151461000e-05;    -319902
8.7044831143000e-05;    -321852
8.7064498627000e-05;    -321852
8.7080899160000e-05;    -316126
8.7100566700000e-05;    -316126
8.7120246376000e-05;    -318076
8.7139913827000e-05;    -318076
8.7159593300000e-05;    -320026
8.7179260813000e-05;    -320026
8.7198940245000e-05;    -313140
8.7215328703000e-05;    -313140
8.7235008070000e-05;    -307414
8.7254675725000e-05;    -307414
8.7274354945000e-05;    -309364
8.7294022281000e-05;    -309364
8.7313701816000e-05;    -311314
8.7333369426000e-05;    -311314
8.7353048962000e-05;    -305588
8.7369437647000e-05;    -305588
8.7389116977000e-05;    -307538
8.7408784467000e-05;    -307538
8.7428463945000e-05;    -300652
8.7448131472000e-05;    -300652
8.7467810910000e-05;    -302602
8.7487478249000e-05;    -302602
8.7503878915000e-05;    -296876
8.7523546339000e-05;    -296876
8.7543225874000e-05;    -298826
8.7562893538000e-05;    -298826
8.7582572888000e-05;    -300776
8.7602240315000e-05;    -300776
8.7621919538000e-05;    -295050
8.7638308285000e-05;    -295050
8.7657987573000e-05;    -288164
8.7677655056000e-05;    -288164
8.7697334567000e-05;    -290114
8.7717001915000e-05;    -290114
8.7736681257000e-05;    -292064
8.7756348789000e-05;    -292064
8.7776028166000e-05;    -286338
8.7792416557000e-05;    -286338
8.7812096186000e-05;    -288288
8.7831763359000e-05;    -288288
8.7851442764000e-05;    -282562
8.7871110164000e-05;    -282562
8.7890789337000e-05;    -283352
8.7910456851000e-05;    -283352
8.7926857344000e-05;    -277626
8.7946524704000e-05;    -277626
8.7966204214000e-05;    -279576
8.7985871664000e-05;    -279576
8.8005550908000e-05;    -281526
8.8025218354000e-05;    -281526
8.8044897720000e-05;    -275800
8.8064564945000e-05;    -275800
8.8080965477000e-05;    -277750
8.8100632734000e-05;    -277750
8.8120312102000e-05;    -279700
8.8139979340000e-05;    -279700
8.8159658698000e-05;    -272814
8.8179326052000e-05;    -272814
8.8199005378000e-05;    -267088
8.8215393860000e-05;    -267088
8.8235073308000e-05;    -269038
8.8254740601000e-05;    -269038
8.8274419748000e-05;    -270988
8.8294087079000e-05;    -270988
8.8313766383000e-05;    -265262
8.8333433621000e-05;    -265262
8.8353112837000e-05;    -267212
8.8369501413000e-05;    -267212
8.8389180618000e-05;    -260326
8.8408847816000e-05;    -260326
8.8428527325000e-05;    -262276
8.8448194539000e-05;    -262276
8.8467873944000e-05;    -256550
8.8487541257000e-05;    -256550
8.8503941722000e-05;    -258500
8.8523608939000e-05;    -258500
8.8543288169000e-05;    -260450
8.8562955612000e-05;    -260450
8.8582634918000e-05;    -254724
8.8602302121000e-05;    -254724
8.8621981362000e-05;    -255514
8.8638369830000e-05;    -255514
8.8658049098000e-05;    -249788
8.8677716401000e-05;    -249788
8.8697395650000e-05;    -251738
8.8717063062000e-05;    -251738
8.8736742271000e-05;    -253688
8.8756409379000e-05;    -253688
8.8776088571000e-05;    -247962
8.8792476959000e-05;    -247962
8.8812156135000e-05;    -249912
8.8831823288000e-05;    -249912
8.8851502561000e-05;    -243026
8.8871170002000e-05;    -243026
8.8890849448000e-05;    -244976
8.8910516580000e-05;    -244976
8.8926917048000e-05;    -246926
8.8946584163000e-05;    -246926
8.8966263523000e-05;    -241200
8.8985930837000e-05;    -241200
8.9005610111000e-05;    -243150
8.9025277164000e-05;    -243150
8.9044956598000e-05;    -237424
8.9064623694000e-05;    -237424
8.9081024057000e-05;    -239374
8.9100691461000e-05;    -239374
8.9120370606000e-05;    -232488
8.9140037908000e-05;    -232488
8.9159717125000e-05;    -234438
8.9179384281000e-05;    -234438
8.9199063560000e-05;    -236388
8.9215451931000e-05;    -236388
8.9235131168000e-05;    -230662
8.9254798277000e-05;    -230662
8.9274477568000e-05;    -232612
8.9294144814000e-05;    -232612
8.9313823979000e-05;    -234562
8.9333491148000e-05;    -234562
8.9349891611000e-05;    -227676
8.9369558753000e-05;    -227676
8.9389237941000e-05;    -229626
8.9408905092000e-05;    -229626
8.9428584204000e-05;    -223900
8.9448251355000e-05;    -223900
8.9467930398000e-05;    -225850
8.9487597698000e-05;    -225850
8.9503997961000e-05;    -220124
8.9523665280000e-05;    -220124
8.9543344325000e-05;    -222074
8.9563011580000e-05;    -222074
8.9582690776000e-05;    -215188
8.9602357932000e-05;    -215188
8.9622036991000e-05;    -217138
8.9638425381000e-05;    -217138
8.9658104590000e-05;    -219088
8.9677771827000e-05;    -219088
8.9697450899000e-05;    -213362
8.9717117975000e-05;    -213362
8.9736797191000e-05;    -215312
8.9756464399000e-05;    -215312
8.9776143422000e-05;    -217262
8.9792531548000e-05;    -217262
8.9812210691000e-05;    -210376
8.9831877871000e-05;    -210376
8.9851556740000e-05;    -212326
8.9871223759000e-05;    -212326
8.9890902752000e-05;    -206600
8.9910569864000e-05;    -206600
8.9926969975000e-05;    -208550
8.9946637057000e-05;    -208550
8.9966316138000e-05;    -210500
8.9985983149000e-05;    -210500
9.0005662376000e-05;    -204774
9.0025329637000e-05;    -204774
9.0045008908000e-05;    -206724
9.0061397028000e-05;    -206724
9.0081076089000e-05;    -199838
9.0100743193000e-05;    -199838
9.0120422322000e-05;    -201788
9.0140089498000e-05;    -201788
9.0159768637000e-05;    -203738
9.0179435671000e-05;    -203738
9.0199114969000e-05;    -205688
9.0215503227000e-05;    -205688
9.0235182198000e-05;    -199962
9.0254849451000e-05;    -199962
9.0274528434000e-05;    -201912
9.0294195528000e-05;    -201912
9.0313874586000e-05;    -195026
9.0333541640000e-05;    -195026
9.0349941952000e-05;    -196976
9.0369609001000e-05;    -196976
9.0389287892000e-05;    -191250
9.0408954931000e-05;    -191250
9.0428634039000e-05;    -193200
9.0448301170000e-05;    -193200
9.0467980265000e-05;    -187474
9.0487647316000e-05;    -187474
9.0504047383000e-05;    -189424
9.0523714591000e-05;    -189424
9.0543393712000e-05;    -190214
9.0563060769000e-05;    -190214
9.0582739754000e-05;    -184488
9.0602406827000e-05;    -184488
9.0622085853000e-05;    -186438
9.0638474099000e-05;    -186438
9.0658153172000e-05;    -180712
9.0677820211000e-05;    -180712
9.0697499120000e-05;    -182662
9.0717166081000e-05;    -182662
9.0736845177000e-05;    -184612
9.0756512195000e-05;    -184612
9.0776191172000e-05;    -186562
9.0792579477000e-05;    -186562
9.0812258441000e-05;    -179676
9.0831925426000e-05;    -179676
9.0851604423000e-05;    -181626
9.0871271427000e-05;    -181626
9.0890950282000e-05;    -175900
9.0910617204000e-05;    -175900
9.0927017476000e-05;    -177850
9.0946684388000e-05;    -177850
9.0966363206000e-05;    -179800
9.0986030243000e-05;    -179800
9.1005709097000e-05;    -174074
9.1025375984000e-05;    -174074
9.1045055201000e-05;    -174864
9.1061443262000e-05;    -174864
9.1081122470000e-05;    -176814
9.1100789270000e-05;    -176814
9.1120468426000e-05;    -171088
9.1140135550000e-05;    -171088
9.1159814304000e-05;    -173038
9.1179481243000e-05;    -173038
9.1199160128000e-05;    -167312
9.1215548397000e-05;    -167312
9.1235227326000e-05;    -169262
9.1254894264000e-05;    -169262
9.1274573277000e-05;    -170052
9.1294240298000e-05;    -170052
9.1313919102000e-05;    -164326
9.1333586130000e-05;    -164326
9.1349986310000e-05;    -166276
9.1369653248000e-05;    -166276
9.1389332288000e-05;    -160550
9.1408999249000e-05;    -160550
9.1428678080000e-05;    -162500
9.1448345017000e-05;    -162500
9.1468024048000e-05;    -164450
9.1487690856000e-05;    -164450
9.1504090962000e-05;    -166400
9.1523757756000e-05;    -166400
9.1543436850000e-05;    -159514
9.1563103662000e-05;    -159514
9.1582782736000e-05;    -161464
9.1602449424000e-05;    -161464
9.1622128327000e-05;    -155738
9.1638516483000e-05;    -155738
9.1658195337000e-05;    -157688
9.1677862191000e-05;    -157688
9.1697541091000e-05;    -159638
9.1717207885000e-05;    -159638
9.1736886763000e-05;    -161588
9.1756553506000e-05;    -161588
9.1776232455000e-05;    -154702
9.1792620433000e-05;    -154702
9.1812299359000e-05;    -156652
9.1831966016000e-05;    -156652
9.1851645013000e-05;    -150926
9.1871311817000e-05;    -150926
9.1890990708000e-05;    -152876
9.1910657658000e-05;    -152876
9.1927057753000e-05;    -154826
9.1946724566000e-05;    -154826
9.1966403378000e-05;    -149100
9.1986070173000e-05;    -149100
9.2005748990000e-05;    -149890
9.2025415880000e-05;    -149890
9.2045094793000e-05;    -144164
9.2061482865000e-05;    -144164
9.2081161742000e-05;    -146114
9.2100828583000e-05;    -146114
9.2120507227000e-05;    -148064
9.2140174118000e-05;    -148064
9.2159852872000e-05;    -150014
9.2179519780000e-05;    -150014
9.2199198630000e-05;    -151964
9.2215586804000e-05;    -151964
9.2235265554000e-05;    -146238
9.2254932471000e-05;    -146238
9.2274611340000e-05;    -139352
9.2294278271000e-05;    -139352
9.2313957049000e-05;    -141302
9.2333623950000e-05;    -141302
9.2350023980000e-05;    -143252
9.2369690683000e-05;    -143252
9.2389369615000e-05;    -145202
9.2409036201000e-05;    -145202
9.2428714847000e-05;    -139476
9.2448381709000e-05;    -139476
9.2468060441000e-05;    -141426
9.2487727254000e-05;    -141426
9.2504127391000e-05;    -134540
9.2523794004000e-05;    -134540
9.2543472825000e-05;    -136490
9.2563139602000e-05;    -136490
9.2582818437000e-05;    -138440
9.2602485230000e-05;    -138440
9.2622164192000e-05;    -140390
9.2638552201000e-05;    -140390
9.2658230961000e-05;    -134664
9.2677897661000e-05;    -134664
9.2697576663000e-05;    -136614
9.2717243362000e-05;    -136614
9.2736922214000e-05;    -138564
9.2756588841000e-05;    -138564
9.2772988825000e-05;    -131678
9.2792655538000e-05;    -131678
9.2812334472000e-05;    -133628
9.2832001216000e-05;    -133628
9.2851680023000e-05;    -135578
9.2871346755000e-05;    -135578
9.2891025625000e-05;    -129852
9.2910692440000e-05;    -129852
9.2927092306000e-05;    -131802
9.2946759049000e-05;    -131802
9.2966437983000e-05;    -133752
9.2986104597000e-05;    -133752
9.3005783427000e-05;    -126866
9.3025450037000e-05;    -126866
9.3045128985000e-05;    -128816
9.3061516898000e-05;    -128816
9.3081195728000e-05;    -130766
9.3100862481000e-05;    -130766
9.3120541371000e-05;    -125040
9.3140208192000e-05;    -125040
9.3159886873000e-05;    -126990
9.3179553699000e-05;    -126990
9.3199232485000e-05;    -121264
9.3215620490000e-05;    -121264
9.3235299313000e-05;    -122054
9.3254966135000e-05;    -122054
9.3274645034000e-05;    -124004
9.3294311896000e-05;    -124004
9.3313990421000e-05;    -125954
9.3333657115000e-05;    -125954
9.3350057119000e-05;    -120228
9.3369723739000e-05;    -120228
9.3389402634000e-05;    -122178
9.3409069289000e-05;    -122178
9.3428748040000e-05;    -116452
9.3448414803000e-05;    -116452
9.3468093495000e-05;    -118402
9.3484481385000e-05;    -118402
9.3504160088000e-05;    -119192
9.3523826740000e-05;    -119192
9.3543505462000e-05;    -121142
9.3563172098000e-05;    -121142
9.3582850770000e-05;    -115416
9.3602517422000e-05;    -115416
9.3622196204000e-05;    -117366
9.3638584140000e-05;    -117366
9.3658262837000e-05;    -119316
9.3677929384000e-05;    -119316
9.3697608077000e-05;    -113590
9.3717274751000e-05;    -113590
9.3736953470000e-05;    -114380
9.3756620238000e-05;    -114380
9.3773020339000e-05;    -116330
9.3792687010000e-05;    -116330
9.3812365720000e-05;    -110604
9.3832032450000e-05;    -110604
9.3851711088000e-05;    -112554
9.3871377748000e-05;    -112554
9.3891056367000e-05;    -114504
9.3910723101000e-05;    -114504
9.3927123037000e-05;    -108778
9.3946789859000e-05;    -108778
9.3966468410000e-05;    -109568
9.3986135209000e-05;    -109568
9.4005813827000e-05;    -111518
9.4025480308000e-05;    -111518
9.4045158990000e-05;    -105792
9.4061546741000e-05;    -105792
9.4081225651000e-05;    -107742
9.4100892335000e-05;    -107742
9.4120570983000e-05;    -109692
9.4140237684000e-05;    -109692
9.4159916307000e-05;    -103966
9.4179583063000e-05;    -103966
9.4199261706000e-05;    -105916
9.4215649575000e-05;    -105916
9.4235328225000e-05;     -99030
9.4254994904000e-05;     -99030
9.4274673469000e-05;    -100980
9.4294340092000e-05;    -100980
9.4314018590000e-05;    -102930
9.4333685126000e-05;    -102930
9.4350084825000e-05;    -104880
9.4369751495000e-05;    -104880
9.4389430220000e-05;    -106830
9.4409096712000e-05;    -106830
9.4428775354000e-05;    -101104
9.4448442013000e-05;    -101104
9.4468120711000e-05;    -101894
9.4484508404000e-05;    -101894
9.4504186980000e-05;     -96168
9.4523853607000e-05;     -96168
9.4543532150000e-05;     -98118
9.4563198742000e-05;     -98118
9.4582877281000e-05;    -100068
9.4602543915000e-05;    -100068
9.4622222371000e-05;    -102018
9.4638610176000e-05;    -102018
9.4658288655000e-05;     -96292
9.4677955385000e-05;     -96292
9.4697633977000e-05;     -98242
9.4717300656000e-05;     -98242
9.4736979264000e-05;     -99032
9.4756645905000e-05;     -99032
9.4773045734000e-05;     -93306
9.4792712406000e-05;     -93306
9.4812391024000e-05;     -95256
9.4832057709000e-05;     -95256
9.4851736234000e-05;     -97206
9.4871402844000e-05;     -97206
9.4891081376000e-05;     -91480
9.4910748056000e-05;     -91480
9.4927147803000e-05;     -93430
9.4946814554000e-05;     -93430
9.4966493171000e-05;     -94220
9.4986159742000e-05;     -94220
9.5005838407000e-05;     -88494
9.5025504760000e-05;     -88494
9.5045183338000e-05;     -90444
9.5061571159000e-05;     -90444
9.5081249818000e-05;     -92394
9.5100916382000e-05;     -92394
9.5120594771000e-05;     -94344
9.5140261264000e-05;     -94344
9.5159940014000e-05;     -88618
9.5179606592000e-05;     -88618
9.5199285088000e-05;     -89408
9.5215673020000e-05;     -89408
9.5235351725000e-05;     -91358
9.5255018308000e-05;     -91358
9.5274696808000e-05;     -85632
9.5294363291000e-05;     -85632
9.5314042163000e-05;     -87582
9.5333708720000e-05;     -87582
9.5350108483000e-05;     -89532
9.5369775035000e-05;     -89532
9.5389453596000e-05;     -91482
9.5409120061000e-05;     -91482
9.5428798603000e-05;     -93432
9.5448465065000e-05;     -93432
9.5468143734000e-05;     -86546
9.5484531530000e-05;     -86546
9.5504210163000e-05;     -88496
9.5523876762000e-05;     -88496
9.5543555341000e-05;     -82770
9.5563221939000e-05;     -82770
9.5582900621000e-05;     -84720
9.5602567205000e-05;     -84720
9.5622245770000e-05;     -86670
9.5638633669000e-05;     -86670
9.5658312371000e-05;     -80944
9.5677978893000e-05;     -80944
9.5697657458000e-05;     -81734
9.5717324120000e-05;     -81734
9.5737002680000e-05;     -83684
9.5756669161000e-05;     -83684
9.5773068942000e-05;     -85634
9.5792735434000e-05;     -85634
9.5812414020000e-05;     -79908
9.5832080662000e-05;     -79908
9.5851759122000e-05;     -81858
9.5871425633000e-05;     -81858
9.5891104101000e-05;     -83808
9.5910770664000e-05;     -83808
9.5927170344000e-05;     -85758
9.5946836807000e-05;     -85758
9.5966515359000e-05;     -78872
9.5986182092000e-05;     -78872
9.6005860566000e-05;     -80822
9.6025526891000e-05;     -80822
9.6045205519000e-05;     -75096
9.6061593196000e-05;     -75096
9.6081271679000e-05;     -77046
9.6100938132000e-05;     -77046
9.6120616741000e-05;     -78996
9.6140283168000e-05;     -78996
9.6159961647000e-05;     -80946
9.6179628208000e-05;     -80946
9.6199306687000e-05;     -74060
9.6215694449000e-05;     -74060
9.6235373149000e-05;     -76010
9.6255039551000e-05;     -76010
9.6274718136000e-05;     -70284
9.6294384609000e-05;     -70284
9.6314063206000e-05;     -72234
9.6333729597000e-05;     -72234
9.6350129434000e-05;     -74184
9.6369795990000e-05;     -74184
9.6389474514000e-05;     -76134
9.6409140955000e-05;     -76134
9.6428819508000e-05;     -78084
9.6448485987000e-05;     -78084
9.6468164466000e-05;     -71198
9.6484552208000e-05;     -71198
9.6504230628000e-05;     -73148
9.6523897078000e-05;     -73148
9.6543575448000e-05;     -75098
9.6563241958000e-05;     -75098
9.6582920517000e-05;     -69372
9.6602586969000e-05;     -69372
9.6622265563000e-05;     -71322
9.6638653289000e-05;     -71322
9.6658331936000e-05;     -73272
9.6677998491000e-05;     -73272
9.6697677027000e-05;     -66386
9.6717343574000e-05;     -66386
9.6737022054000e-05;     -68336
9.6756688567000e-05;     -68336
9.6773088223000e-05;     -70286
9.6792754683000e-05;     -70286
9.6812433215000e-05;     -64560
9.6832099816000e-05;     -64560
9.6851778347000e-05;     -66510
9.6871444807000e-05;     -66510
9.6891123330000e-05;     -68460
9.6910789746000e-05;     -68460
9.6927189575000e-05;     -61574
9.6946856009000e-05;     -61574
9.6966534497000e-05;     -63524
9.6986201075000e-05;     -63524
9.7005879468000e-05;     -65474
9.7025545862000e-05;     -65474
9.7045224297000e-05;     -59748
9.7061612047000e-05;     -59748
9.7081290422000e-05;     -61698
9.7100956787000e-05;     -61698
9.7120635357000e-05;     -63648
9.7140301944000e-05;     -63648
9.7159980457000e-05;     -65598
9.7179646806000e-05;     -65598
9.7196046461000e-05;     -58712
9.7215712871000e-05;     -58712
9.7235391266000e-05;     -68338
9.7255057642000e-05;     -68338
9.7274736043000e-05;     -62612
9.7294402562000e-05;     -62612
9.7314081151000e-05;     -64562
9.7333747553000e-05;     -64562
9.7350147362000e-05;     -58836
9.7369813774000e-05;     -58836
9.7389492245000e-05;     -60786
9.7409158810000e-05;     -60786
9.7428837019000e-05;     -61576
9.7448503412000e-05;     -61576
9.7468181830000e-05;     -63526
9.7484569480000e-05;     -63526
9.7504247831000e-05;     -57800
9.7523914285000e-05;     -57800
9.7543592623000e-05;     -59750
9.7563259030000e-05;     -59750
9.7582937300000e-05;     -61700
9.7602603680000e-05;     -61700
9.7622282210000e-05;     -63650
9.7638669964000e-05;     -63650
9.7658348365000e-05;     -65600
9.7678014667000e-05;     -65600
9.7697693012000e-05;     -58714
9.7717359325000e-05;     -58714
9.7737037742000e-05;     -60664
9.7756704298000e-05;     -60664
9.7773103998000e-05;     -54938
9.7792770285000e-05;     -54938
9.7812448728000e-05;     -56888
9.7832115221000e-05;     -56888
9.7851793710000e-05;     -58838
9.7871460045000e-05;     -58838
9.7891138572000e-05;     -60788
9.7910805069000e-05;     -60788
9.7927204831000e-05;     -53902
9.7946871235000e-05;     -53902
9.7966549708000e-05;     -55852
9.7986216105000e-05;     -55852
9.8005894633000e-05;     -57802
9.8025561060000e-05;     -57802
9.8045239565000e-05;     -59752
9.8061627312000e-05;     -59752
9.8081305667000e-05;     -54026
9.8100972057000e-05;     -54026
9.8120650555000e-05;     -55976
9.8140317009000e-05;     -55976
9.8159995551000e-05;     -57926
9.8179661912000e-05;     -57926
9.8196061706000e-05;     -51040
9.8215728326000e-05;     -51040
9.8235406605000e-05;     -52990
9.8255072975000e-05;     -52990
9.8274751275000e-05;     -54940
9.8294417936000e-05;     -54940
9.8314096341000e-05;     -56890
9.8333762794000e-05;     -56890
9.8350162399000e-05;     -51164
9.8369828815000e-05;     -51164
9.8389507320000e-05;     -53114
9.8409173796000e-05;     -53114
9.8428852079000e-05;     -53904
9.8448518549000e-05;     -53904
9.8468197000000e-05;     -55854
9.8484584770000e-05;     -55854
9.8504263192000e-05;     -50128
9.8523929659000e-05;     -50128
9.8543607992000e-05;     -52078
9.8563274473000e-05;     -52078
9.8582952857000e-05;     -54028
9.8602619219000e-05;     -54028
9.8622297685000e-05;     -48302
9.8638685298000e-05;     -48302
9.8658363864000e-05;     -49092
9.8678030205000e-05;     -49092
9.8697708607000e-05;     -43366
9.8717375094000e-05;     -43366
9.8737053401000e-05;     -45316
9.8756719956000e-05;     -45316
9.8773119599000e-05;     -47266
9.8792786003000e-05;     -47266
9.8812464385000e-05;     -49216
9.8832130874000e-05;     -49216
9.8851809251000e-05;     -51166
9.8871475672000e-05;     -51166
9.8891154043000e-05;     -53116
9.8907541572000e-05;     -53116
9.8927219829000e-05;     -46230
9.8946886191000e-05;     -46230
9.8966564587000e-05;     -48180
9.8986230910000e-05;     -48180
9.9005909226000e-05;     -42454
9.9025575491000e-05;     -42454
9.9045253885000e-05;     -44404
9.9061641708000e-05;     -44404
9.9081319829000e-05;     -46354
9.9100986242000e-05;     -46354
9.9120664626000e-05;     -48304
9.9140331182000e-05;     -48304
9.9160009515000e-05;     -41418
9.9179675955000e-05;     -41418
9.9196075561000e-05;     -43368
9.9215741827000e-05;     -43368
9.9235420158000e-05;     -45318
9.9255086561000e-05;     -45318
9.9274764906000e-05;     -47268
9.9294431086000e-05;     -47268
9.9314109444000e-05;     -49218
9.9333775755000e-05;     -49218
9.9350175328000e-05;     -43492
9.9369841472000e-05;     -43492
9.9389519956000e-05;     -45442
9.9409186257000e-05;     -45442
9.9428864547000e-05;     -38556
9.9448530918000e-05;     -38556
9.9468209208000e-05;     -48182
9.9484596728000e-05;     -48182
9.9504275199000e-05;     -42456
9.9523941428000e-05;     -42456
9.9543619769000e-05;     -44406
9.9563286050000e-05;     -44406
9.9582964220000e-05;     -46356
9.9602630656000e-05;     -46356
9.9622309057000e-05;     -40630
9.9638696667000e-05;     -40630
9.9658374956000e-05;     -41420
9.9678041312000e-05;     -41420
9.9697719681000e-05;     -43370
9.9717386003000e-05;     -43370
9.9737064390000e-05;     -45320
9.9756730748000e-05;     -45320
9.9773130538000e-05;     -39594
9.9792796745000e-05;     -39594
9.9812475071000e-05;     -41544
9.9832141561000e-05;     -41544
9.9851820007000e-05;     -43494
9.9871486399000e-05;     -43494
9.9891164833000e-05;     -45444
9.9907552365000e-05;     -45444
9.9927230649000e-05;     -38558
9.9946896985000e-05;     -38558
9.9966575385000e-05;     -40508
9.9986241815000e-05;     -40508
1.0000592022700e-04;     -42458
1.0002558655500e-04;     -42458
1.0004526494900e-04;     -44408
1.0006165256600e-04;     -44408
1.0008133069700e-04;     -38682
1.0010099723900e-04;     -38682
1.0012067568900e-04;     -40632
1.0014034202900e-04;     -40632
1.0016002028300e-04;     -33746
1.0017968674400e-04;     -33746
1.0019608641000e-04;     -35696
1.0021575276400e-04;     -35696
1.0023543099100e-04;     -37646
1.0025509731700e-04;     -37646
1.0027477566200e-04;     -39596
1.0029444201500e-04;     -39596
1.0031412031100e-04;     -41546
1.0033378668200e-04;     -41546
1.0035018621200e-04;     -35820
1.0036985259500e-04;     -35820
1.0038953086800e-04;     -37770
1.0040919726400e-04;     -37770
1.0042887548700e-04;     -38560
1.0044854173600e-04;     -38560
1.0046822005000e-04;     -32834
1.0048460749700e-04;     -32834
1.0050428590900e-04;     -34784
1.0052395218000e-04;     -34784
1.0054363052400e-04;     -36734
1.0056329694400e-04;     -36734
1.0058297511100e-04;     -38684
1.0060264130000e-04;     -38684
1.0062231941800e-04;     -32958
1.0063870726200e-04;     -32958
1.0065838550500e-04;     -33748
1.0067805184700e-04;     -33748
1.0069773025500e-04;     -35698
1.0071739663200e-04;     -35698
1.0073707493200e-04;     -37648
1.0075674121500e-04;     -37648
1.0077314062700e-04;     -31922
1.0079280686800e-04;     -31922
1.0081248508000e-04;     -33872
1.0083215145100e-04;     -33872
1.0085182968000e-04;     -35822
1.0087149598900e-04;     -35822
1.0089117408200e-04;     -37772
1.0090756179200e-04;     -37772
1.0092724006500e-04;     -30886
1.0094690629700e-04;     -30886
1.0096658464500e-04;     -32836
1.0098625090100e-04;     -32836
1.0100592899700e-04;     -34786
1.0102559541100e-04;     -34786
1.0104527366800e-04;     -36736
1.0106166117900e-04;     -36736
1.0108133956300e-04;     -31010
1.0110100593800e-04;     -31010
1.0112068422100e-04;     -32960
1.0114035032400e-04;     -32960
1.0116002871100e-04;     -33750
1.0117969511600e-04;     -33750
1.0119609463900e-04;     -35700
1.0121576097400e-04;     -35700
1.0123543933400e-04;     -29974
1.0125510546100e-04;     -29974
1.0127478387900e-04;     -31924
1.0129445017000e-04;     -31924
1.0131412859400e-04;     -33874
1.0133379494100e-04;     -33874
1.0135019460200e-04;     -35824
1.0136986112600e-04;     -35824
1.0138953946300e-04;     -37774
1.0140920580800e-04;     -37774
1.0142888406100e-04;     -30888
1.0144855030100e-04;     -30888
1.0146822845400e-04;     -32838
1.0148461608000e-04;     -32838
1.0150429431000e-04;     -27112
1.0152396070600e-04;     -27112
1.0154363904800e-04;     -29062
1.0156330539500e-04;     -29062
1.0158298363100e-04;     -31012
1.0160264992800e-04;     -31012
1.0162232809900e-04;     -32962
1.0163871583000e-04;     -32962
1.0165839415500e-04;     -26076
1.0167806057900e-04;     -26076
1.0169773877700e-04;     -28026
1.0171740508800e-04;     -28026
1.0173708328800e-04;     -29976
1.0175674953600e-04;     -29976
1.0177314927700e-04;     -31926
1.0179281559400e-04;     -31926
1.0181249380300e-04;     -33876
1.0183216038700e-04;     -33876
1.0185183859400e-04;     -28150
1.0187150508100e-04;     -28150
1.0189118333000e-04;     -28940
1.0190757097000e-04;     -28940
1.0192724919800e-04;     -30890
1.0194691557300e-04;     -30890
1.0196659391900e-04;     -25164
1.0198626022400e-04;     -25164
1.0200593860800e-04;     -27114
1.0202560492800e-04;     -27114
1.0204528325500e-04;     -29064
1.0206167062700e-04;     -29064
1.0208134910300e-04;     -31014
1.0210101535600e-04;     -31014
1.0212069368200e-04;     -32964
1.0214035989700e-04;     -32964
1.0216003821400e-04;     -26078
1.0217970458700e-04;     -26078
1.0219610407800e-04;     -28028
1.0221577037900e-04;     -28028
1.0223544872800e-04;     -29978
1.0225511504200e-04;     -29978
1.0227479348500e-04;     -24252
1.0229445974300e-04;     -24252
1.0231413815400e-04;     -26202
1.0233380437300e-04;     -26202
1.0235020400900e-04;     -28152
1.0236987038000e-04;     -28152
1.0238954877200e-04;     -21266
1.0240921520000e-04;     -21266
1.0242889356500e-04;     -23216
1.0244855989100e-04;     -23216
1.0246823814300e-04;     -25166
1.0248462576100e-04;     -25166
1.0250430402100e-04;     -27116
1.0252397021400e-04;     -27116
1.0254364843500e-04;     -29066
1.0256331465700e-04;     -29066
1.0258299279900e-04;     -23340
1.0260265920000e-04;     -23340
1.0262233738100e-04;     -25290
1.0263872496300e-04;     -25290
1.0265840333900e-04;     -26080
1.0267806963000e-04;     -26080
1.0269774783800e-04;     -28030
1.0271741407100e-04;     -28030
1.0273709237700e-04;     -22304
1.0275675871200e-04;     -22304
1.0277315831800e-04;     -24254
1.0279282466000e-04;     -24254
1.0281250286900e-04;     -26204
1.0283216911700e-04;     -26204
1.0285184738000e-04;     -20478
1.0287151373600e-04;     -20478
1.0289119198000e-04;     -21268
1.0290757962100e-04;     -21268
1.0292725778900e-04;     -23218
1.0294692404800e-04;     -23218
1.0296660225100e-04;     -25168
1.0298626841000e-04;     -25168
1.0300594656900e-04;     -19442
1.0302561273700e-04;     -19442
1.0304529099600e-04;     -21392
1.0306167857400e-04;     -21392
1.0308135639400e-04;     -23342
1.0310102269200e-04;     -23342
1.0312070105300e-04;     -25292
1.0314036727300e-04;     -25292
1.0316004550100e-04;     -18406
1.0317971166900e-04;     -18406
1.0319611117800e-04;     -20356
1.0321577728800e-04;     -20356
1.0323545573200e-04;     -22306
1.0325512202000e-04;     -22306
1.0327480035600e-04;     -24256
1.0329446650700e-04;     -24256
1.0331414461500e-04;     -18530
1.0333381089200e-04;     -18530
1.0335021048500e-04;     -20480
1.0336987675300e-04;     -20480
1.0338955496500e-04;     -21270
1.0340922124100e-04;     -21270
1.0342889964800e-04;     -23220
1.0344856590000e-04;     -23220
1.0346824428700e-04;     -25170
1.0348463175000e-04;     -25170
1.0350430999600e-04;     -19444
1.0352397619400e-04;     -19444
1.0354365463000e-04;     -21394
1.0356332079900e-04;     -21394
1.0358299904600e-04;     -23344
1.0360266523300e-04;     -23344
1.0362234332500e-04;     -25294
1.0363873091900e-04;     -25294
1.0365840908600e-04;     -18408
1.0367807528100e-04;     -18408
1.0369775350100e-04;     -20358
1.0371741978600e-04;     -20358
1.0373709811400e-04;     -22308
1.0375676431200e-04;     -22308
1.0377316395700e-04;     -24258
1.0379283010800e-04;     -24258
1.0381250815500e-04;     -18532
1.0383217453400e-04;     -18532
1.0385185276800e-04;     -20482
1.0387151904000e-04;     -20482
1.0389119736100e-04;     -21272
1.0390758487200e-04;     -21272
1.0392726304100e-04;     -15546
1.0394692935600e-04;     -15546
1.0396660764200e-04;     -17496
1.0398627371600e-04;     -17496
1.0400595204300e-04;     -19446
1.0402561818600e-04;     -19446
1.0404529647300e-04;     -21396
1.0406168399100e-04;     -21396
1.0408136229700e-04;     -15670
1.0410102856400e-04;     -15670
1.0412070685300e-04;     -25296
1.0414037323700e-04;     -25296
1.0416005145400e-04;     -18410
1.0417971774300e-04;     -18410
1.0419611732100e-04;     -20360
1.0421578356200e-04;     -20360
1.0423546188600e-04;     -22310
1.0425512825400e-04;     -22310
1.0427480651600e-04;     -16584
1.0429447284900e-04;     -16584
1.0431415102300e-04;     -18534
1.0433381734900e-04;     -18534
1.0435021698700e-04;     -20484
1.0436988316700e-04;     -20484
1.0438956153000e-04;     -13598
1.0440922765800e-04;     -13598
1.0442890598600e-04;     -15548
1.0444857229900e-04;     -15548
1.0446825064700e-04;     -17498
1.0448463811400e-04;     -17498
1.0450431646600e-04;     -19448
1.0452398262700e-04;     -19448
1.0454366095700e-04;     -21398
1.0456332716600e-04;     -21398
1.0458300534900e-04;     -15672
1.0460267137000e-04;     -15672
1.0462234984900e-04;     -17622
1.0463873714400e-04;     -17622
1.0465841546400e-04;     -18412
1.0467808166700e-04;     -18412
1.0469776005000e-04;     -20362
1.0471742625800e-04;     -20362
1.0473710449800e-04;     -14636
1.0475677075700e-04;     -14636
1.0477317029200e-04;     -16586
1.0479283661800e-04;     -16586
1.0481251491900e-04;     -18536
1.0483218113100e-04;     -18536
1.0485185931400e-04;     -20486
1.0487152546000e-04;     -20486
1.0489120361800e-04;     -13600
1.0490759135700e-04;     -13600
1.0492726958900e-04;     -15550
1.0494693575500e-04;     -15550
1.0496661410200e-04;     -17500
1.0498628017900e-04;     -17500
1.0500595855500e-04;     -11774
1.0502562482800e-04;     -11774
1.0504530288900e-04;     -13724
1.0506169044300e-04;     -13724
1.0508136870200e-04;     -15674
1.0510103488500e-04;     -15674
1.0512071309200e-04;     -17624
1.0514037912900e-04;     -17624
1.0516005743000e-04;     -10738
1.0517972368500e-04;     -10738
1.0519612313200e-04;     -12688
1.0521578939800e-04;     -12688
1.0523546758000e-04;     -14638
1.0525513361000e-04;     -14638
1.0527481177400e-04;     -16588
1.0529447809200e-04;     -16588
1.0531415616200e-04;     -18538
1.0533382242100e-04;     -18538
1.0535022189400e-04;     -12812
1.0536988804300e-04;     -12812
1.0538956626300e-04;     -13602
1.0540923254700e-04;     -13602
1.0542891069100e-04;     -15552
1.0544857689700e-04;     -15552
1.0546825512400e-04;      -9826
1.0548464276100e-04;      -9826
1.0550432088000e-04;     -11776
1.0552398710300e-04;     -11776
1.0554366533900e-04;     -13726
1.0556333155800e-04;     -13726
1.0558300967600e-04;     -15676
1.0560267597200e-04;     -15676
1.0562235424300e-04;     -17626
1.0563874171600e-04;     -17626
1.0565842005600e-04;     -10740
1.0567808626100e-04;     -10740
1.0569776437700e-04;     -12690
1.0571743079600e-04;     -12690
1.0573710902900e-04;     -14640
1.0575677507000e-04;     -14640
1.0577317464500e-04;     -16590
1.0579284085200e-04;     -16590
1.0581251909200e-04;     -10864
1.0583218542800e-04;     -10864
1.0585186350900e-04;     -12814
1.0587152987700e-04;     -12814
1.0589120808300e-04;     -13604
1.0590759555700e-04;     -13604
1.0592727385600e-04;     -15554
1.0594694018300e-04;     -15554
1.0596661834800e-04;      -9828
1.0598628450600e-04;      -9828
1.0600596283900e-04;     -11778
1.0602562899800e-04;     -11778
1.0604530722900e-04;     -13728
1.0606169453800e-04;     -13728
1.0608137292200e-04;     -15678
1.0610103914500e-04;     -15678
1.0612071721700e-04;      -8792
1.0614038356600e-04;      -8792
1.0616006176000e-04;     -10742
1.0617972796200e-04;     -10742
1.0619612754300e-04;     -12692
1.0621579385900e-04;     -12692
1.0623547204000e-04;     -14642
1.0625513817900e-04;     -14642
1.0627481634500e-04;     -16592
1.0629448254800e-04;     -16592
1.0631416064100e-04;     -10866
1.0633382686200e-04;     -10866
1.0635022620700e-04;     -12816
1.0636989226300e-04;     -12816
1.0638957062800e-04;     -13606
1.0640923679400e-04;     -13606
1.0642891503200e-04;     -15556
1.0644858128700e-04;     -15556
1.0646825950200e-04;      -9830
1.0648464707800e-04;      -9830
1.0650432543300e-04;     -11780
1.0652399170700e-04;     -11780
1.0654366988600e-04;     -13730
1.0656333622700e-04;     -13730
1.0658301430600e-04;      -8004
1.0660268048100e-04;      -8004
1.0662235871100e-04;      -8794
1.0663874627900e-04;      -8794
1.0665842451600e-04;     -10744
1.0667809073300e-04;     -10744
1.0669776903000e-04;     -12694
1.0671743531300e-04;     -12694
1.0673711344900e-04;      -6968
1.0675677971400e-04;      -6968
1.0677317915500e-04;      -8918
1.0679284554400e-04;      -8918
1.0681252358200e-04;     -10868
1.0683218984600e-04;     -10868
1.0685186809200e-04;     -12818
1.0687153424200e-04;     -12818
1.0689121247200e-04;      -5932
1.0690759986700e-04;      -5932
1.0692727813000e-04;      -7882
1.0694694432000e-04;      -7882
1.0696662278600e-04;      -9832
1.0698628895100e-04;      -9832
1.0700596716800e-04;     -11782
1.0702563338800e-04;     -11782
1.0704531156700e-04;     -13732
1.0706169906900e-04;     -13732
1.0708137718400e-04;      -8006
1.0710104335900e-04;      -8006
1.0712072156000e-04;      -8796
1.0714038775500e-04;      -8796
1.0716006578100e-04;      -3070
1.0717973195200e-04;      -3070
1.0719613156500e-04;     -12696
1.0721579768700e-04;     -12696
1.0723547583500e-04;      -6970
1.0725514201600e-04;      -6970
1.0727482024900e-04;      -8920
1.0729448643400e-04;      -8920
1.0731416469800e-04;     -10870
1.0733383085200e-04;     -10870
1.0735023009600e-04;     -12820
1.0736989646500e-04;     -12820
1.0738957444900e-04;      -5934
1.0740924072400e-04;      -5934
1.0742891897200e-04;      -7884
1.0744858513300e-04;      -7884
1.0746826335700e-04;      -9834
1.0748465077800e-04;      -9834
1.0750432901000e-04;     -11784
1.0752399517500e-04;     -11784
1.0754367334200e-04;      -6058
1.0756333952100e-04;      -6058
1.0758301777200e-04;      -8008
1.0760268394500e-04;      -8008
1.0762236220800e-04;      -8798
1.0763874972200e-04;      -8798
1.0765842806700e-04;     -10748
1.0767809427600e-04;     -10748
1.0769777243300e-04;      -5022
1.0771743862800e-04;      -5022
1.0773711684200e-04;      -6972
1.0775678294800e-04;      -6972
1.0777318260500e-04;      -8922
1.0779284876400e-04;      -8922
1.0781252695000e-04;     -10872
1.0783219300700e-04;     -10872
1.0785187131200e-04;     -12822
1.0787153750500e-04;     -12822
1.0789121578500e-04;      -5936
1.0790760335200e-04;      -5936
1.0792728155400e-04;      -7886
1.0794694767000e-04;      -7886
1.0796662577200e-04;      -9836
1.0798629212100e-04;      -9836
1.0800597029700e-04;     -11786
1.0802563662400e-04;     -11786
1.0804531490400e-04;      -6060
1.0806170232600e-04;      -6060
1.0808138066000e-04;      -8010
1.0810104685900e-04;      -8010
1.0812072496300e-04;      -8800
1.0814039121700e-04;      -8800
1.0816006930700e-04;      -3074
1.0817973558000e-04;      -3074
1.0819613500900e-04;      -5024
1.0821580120800e-04;      -5024
1.0823547954400e-04;      -6974
1.0825514582600e-04;      -6974
1.0827482395300e-04;      -8924
1.0829449028700e-04;      -8924
1.0831416845900e-04;     -10874
1.0833383461900e-04;     -10874
1.0835023415500e-04;     -12824
1.0836990030600e-04;     -12824
1.0838957847700e-04;      -5938
1.0840924455900e-04;      -5938
1.0842892272700e-04;      -7888
1.0844858894700e-04;      -7888
1.0846826703000e-04;      -9838
1.0848465458400e-04;      -9838
1.0850433281800e-04;      -4112
1.0852399906300e-04;      -4112
1.0854367723900e-04;      -6062
1.0856334336900e-04;      -6062
1.0858302156600e-04;      -8012
1.0860268767100e-04;      -8012
1.0862236595000e-04;      -1126
1.0863875341700e-04;      -1126
1.0865843154100e-04;      -3076
1.0867809781300e-04;      -3076
1.0869777599100e-04;      -5026
1.0871744210100e-04;      -5026
1.0873712043900e-04;      -6976
1.0875678650900e-04;      -6976
1.0877318592400e-04;      -8926
1.0879285232200e-04;      -8926
1.0881253051300e-04;     -10876
1.0883219684000e-04;     -10876
1.0885187489300e-04;      -5150
1.0887154114100e-04;      -5150
1.0889121922000e-04;      -5940
1.0890760673600e-04;      -5940
1.0892728500100e-04;      -7890
1.0894695140800e-04;      -7890
1.0896662950700e-04;      -2164
1.0898629571300e-04;      -2164
1.0900597390800e-04;      -4114
1.0902564013900e-04;      -4114
1.0904531840300e-04;      -6064
1.0906170593900e-04;      -6064
1.0908138410200e-04;      -8014
1.0910105016300e-04;      -8014
1.0912072849400e-04;      -1128
1.0914039467200e-04;      -1128
1.0916007286500e-04;      -3078
1.0917973918100e-04;      -3078
1.0919613866600e-04;      -5028
1.0921580486500e-04;      -5028
1.0923548308400e-04;      -6978
1.0925514900300e-04;      -6978
1.0927482712500e-04;      -8928
1.0929449333200e-04;      -8928
1.0931417150400e-04;      -3202
1.0933383757100e-04;      -3202
1.0935023710600e-04;      -5152
1.0936990334200e-04;      -5152
1.0938958151000e-04;      -5942
1.0940924764300e-04;      -5942
1.0942892578700e-04;      -7892
1.0944859215200e-04;      -7892
1.0946827029100e-04;      -2166
1.0948465775200e-04;      -2166
1.0950433609000e-04;      -4116
1.0952400204100e-04;      -4116
1.0954368033700e-04;      -6066
1.0956334652100e-04;      -6066
1.0958302457900e-04;      -8016
1.0960269075400e-04;      -8016
1.0962236881700e-04;      -1130
1.0963875639700e-04;      -1130
1.0965843462200e-04;      -3080
1.0967810097100e-04;      -3080
1.0969777910400e-04;      -5030
1.0971744518600e-04;      -5030
1.0973712330500e-04;        696
1.0975678954700e-04;        696
1.0977318909600e-04;      -1254
1.0979285529200e-04;      -1254
1.0981253361700e-04;      -3204
1.0983219972400e-04;      -3204
1.0985187772300e-04;      -5154
1.0987154391200e-04;      -5154
1.0989122200800e-04;      -5944
1.0990760951400e-04;      -5944
1.0992728766300e-04;      -7894
1.0994695367900e-04;      -7894
1.0996663177100e-04;      -2168
1.0998629796100e-04;      -2168
1.1000597593300e-04;      -4118
1.1002564226000e-04;      -4118
1.1004532046200e-04;      -6068
1.1006170779600e-04;      -6068
1.1008138614500e-04;       -342
1.1010105226300e-04;       -342
1.1012073048600e-04;      -1132
1.1014039660600e-04;      -1132
1.1016007493400e-04;      -3082
1.1017974103000e-04;      -3082
1.1019614053700e-04;      -5032
1.1021580688400e-04;      -5032
1.1023548500100e-04;        694
1.1025515117200e-04;        694
1.1027482930800e-04;      -1256
1.1029449532800e-04;      -1256
1.1031417351400e-04;      -3206
1.1033383964300e-04;      -3206
1.1035023916800e-04;      -5156
1.1036990531400e-04;      -5156
1.1038958362400e-04;      -5946
1.1040924978300e-04;      -5946
1.1042892807300e-04;      -7896
1.1044859427900e-04;      -7896
1.1046827234700e-04;      -2170
1.1048465984600e-04;      -2170
1.1050433797600e-04;      -4120
1.1052400410300e-04;      -4120
1.1054368222700e-04;      -6070
1.1056334846900e-04;      -6070
1.1058302672000e-04;      -8020
1.1060269280800e-04;      -8020
1.1062237112200e-04;      -1134
1.1063875855200e-04;      -1134
1.1065843673800e-04;      -3084
1.1067810289300e-04;      -3084
1.1069778102500e-04;      -5034
1.1071744707700e-04;      -5034
1.1073712525400e-04;        692
1.1075679139600e-04;        692
1.1077319095100e-04;      -1258
1.1079285717600e-04;      -1258
1.1081253538500e-04;      -3208
1.1083220162700e-04;      -3208
1.1085187984400e-04;      -5158
1.1087154592700e-04;      -5158
1.1089122430000e-04;       1728
1.1090761162700e-04;       1728
1.1092728973100e-04;       -222
1.1094695595300e-04;       -222
1.1096663419300e-04;      -2172
1.1098630026900e-04;      -2172
1.1100597844800e-04;      -4122
1.1102564450600e-04;      -4122
1.1104532250700e-04;      -6072
1.1106170996400e-04;      -6072
1.1108138829100e-04;       -346
1.1110105441500e-04;       -346
1.1112073251100e-04;      -1136
1.1114039871700e-04;      -1136
1.1116007682800e-04;      -3086
1.1117974308000e-04;      -3086
1.1119614245500e-04;      -5036
1.1121580862100e-04;      -5036
1.1123548666400e-04;        690
1.1125515280800e-04;        690
1.1127483109300e-04;      -1260
1.1129449729300e-04;      -1260
1.1131417545700e-04;      -3210
1.1133384156800e-04;      -3210
1.1135024107200e-04;      -5160
1.1136990728100e-04;      -5160
1.1138958544200e-04;       1726
1.1140925151000e-04;       1726
1.1142892969000e-04;       -224
1.1144859583800e-04;       -224
1.1146827418300e-04;      -2174
1.1148466165200e-04;      -2174
1.1150433976300e-04;      -4124
1.1152400590600e-04;      -4124
1.1154368400200e-04;       1602
1.1156335012400e-04;       1602
1.1158302831100e-04;       -348
1.1160269459200e-04;       -348
1.1162237266000e-04;      -1138
1.1163876009300e-04;      -1138
1.1165843818600e-04;      -3088
1.1167810440400e-04;      -3088
1.1169778259300e-04;      -5038
1.1171744887500e-04;      -5038
1.1173712709000e-04;        688
1.1175679322100e-04;        688
1.1177319282600e-04;      -1262
1.1179285891200e-04;      -1262
1.1181253702200e-04;      -3212
1.1183220326900e-04;      -3212
1.1185188128900e-04;      -5162
1.1187154721400e-04;      -5162
1.1189122545700e-04;       1724
1.1190761297200e-04;       1724
1.1192729119100e-04;       -226
1.1194695730700e-04;       -226
1.1196663563600e-04;      -2176
1.1198630184200e-04;      -2176
1.1200597994600e-04;      -4126
1.1202564625200e-04;      -4126
1.1204532426500e-04;       1600
1.1206171182200e-04;       1600
1.1208138983700e-04;       -350
1.1210105612500e-04;       -350
1.1212073429300e-04;      -1140
1.1214040051200e-04;      -1140
1.1216007881000e-04;      -3090
1.1217974494600e-04;      -3090
1.1219614449600e-04;      -5040
1.1221581070900e-04;      -5040
1.1223548894600e-04;        686
1.1225515515200e-04;        686
1.1227483323400e-04;      -1264
1.1229449953100e-04;      -1264
1.1231417774400e-04;      -3214
1.1233384399300e-04;      -3214
1.1235024338100e-04;      -5164
1.1236990957600e-04;      -5164
1.1238958773900e-04;       1722
1.1240925387500e-04;       1722
1.1242893214500e-04;       -228
1.1244859831100e-04;       -228
1.1246827652000e-04;      -2178
1.1248466395300e-04;      -2178
1.1250434210800e-04;      -4128
1.1252400824300e-04;      -4128
1.1254368642200e-04;       1598
1.1256335264300e-04;       1598
1.1258303079700e-04;       -352
1.1260269706200e-04;       -352
1.1262237528300e-04;      -1142
1.1263876283700e-04;      -1142
1.1265844106800e-04;      -3092
1.1267810718000e-04;      -3092
1.1269778537800e-04;       2634
1.1271745160700e-04;       2634
1.1273712968000e-04;        684
1.1275679578100e-04;        684
1.1277319540400e-04;      -1266
1.1279286151800e-04;      -1266
1.1281253977100e-04;      -3216
1.1283220595000e-04;      -3216
1.1285188412800e-04;      -5166
1.1287155020300e-04;      -5166
1.1289122844000e-04;       1720
1.1290761581600e-04;       1720
1.1292729408900e-04;       -230
1.1294696025200e-04;       -230
1.1296663840600e-04;      -2180
1.1298630467700e-04;      -2180
1.1300598287600e-04;      -4130
1.1302564900000e-04;      -4130
1.1304532713400e-04;       1596
1.1306171461800e-04;       1596
1.1308139289200e-04;       -354
1.1310105917400e-04;       -354
1.1312073737600e-04;      -1144
1.1314040343100e-04;      -1144
1.1316008157600e-04;       4582
1.1317974764200e-04;       4582
1.1319614714800e-04;       2632
1.1321581346400e-04;       2632
1.1323549171700e-04;        682
1.1325515777000e-04;        682
1.1327483599400e-04;      -1268
1.1329450217900e-04;      -1268
1.1331418036800e-04;       4458
1.1333384642800e-04;       4458
1.1335024585800e-04;      -5168
1.1336991208000e-04;      -5168
1.1338959027600e-04;       1718
1.1340925635300e-04;       1718
1.1342893445400e-04;       -232
1.1344860049200e-04;       -232
1.1346827865200e-04;       5494
1.1348466622000e-04;       5494
1.1350434420600e-04;      -4132
1.1352401022100e-04;      -4132
1.1354368852800e-04;       1594
1.1356335463100e-04;       1594
1.1358303289300e-04;       -356
1.1360269903900e-04;       -356
1.1362237727700e-04;       6530
1.1363876490300e-04;       6530
1.1365844294700e-04;       4580
1.1367810903200e-04;       4580
1.1369778731700e-04;       2630
1.1371745339600e-04;       2630
1.1373713168400e-04;        680
1.1375679786500e-04;        680
1.1377319713600e-04;      -1270
1.1379286340800e-04;      -1270
1.1381254143400e-04;       4456
1.1383220747400e-04;       4456
1.1385188558300e-04;      -5170
1.1387155160900e-04;      -5170
1.1389122985000e-04;       1716
1.1390761707300e-04;       1716
1.1392729538700e-04;       -234
1.1394696165100e-04;       -234
1.1396663976400e-04;      -2184
1.1398630582000e-04;      -2184
1.1400598415000e-04;       3542
1.1402565029200e-04;       3542
1.1404532848200e-04;       1592
1.1406171595900e-04;       1592
1.1408139419400e-04;       -358
1.1410106011100e-04;       -358
1.1412073834000e-04;       6528
1.1414040442000e-04;       6528
1.1416008259800e-04;       4578
1.1417974864600e-04;       4578
1.1419614804100e-04;       2628
1.1421581445800e-04;       2628
1.1423549255800e-04;        678
1.1425515858800e-04;        678
1.1427483667700e-04;      -1272
1.1429450287100e-04;      -1272
1.1431418109000e-04;       4454
1.1433384723200e-04;       4454
1.1435024674500e-04;      -5172
1.1436991289800e-04;      -5172
1.1438959110500e-04;       1714
1.1440925725400e-04;       1714
1.1442893528600e-04;       -236
1.1444860138700e-04;       -236
1.1446827957800e-04;       5490
1.1448466696400e-04;       5490
1.1450434491600e-04;       3540
1.1452401107800e-04;       3540
1.1454368929300e-04;       1590
1.1456335530100e-04;       1590
1.1458303339100e-04;       -360
1.1460269958500e-04;       -360
1.1462237780800e-04;       6526
1.1463876527300e-04;       6526
1.1465844343500e-04;       4576
1.1467810963000e-04;       4576
1.1469778775500e-04;       2626
1.1471745395800e-04;       2626
1.1473713203600e-04;        676
1.1475679817400e-04;        676
1.1477319770500e-04;      -1274
1.1479286389700e-04;      -1274
1.1481254190600e-04;       4452
1.1483220811000e-04;       4452
1.1485188636600e-04;      -5174
1.1487155244400e-04;      -5174
1.1489123065200e-04;       1712
1.1490761816200e-04;       1712
1.1492729618400e-04;       -238
1.1494696229200e-04;       -238
1.1496664048400e-04;       5488
1.1498630656700e-04;       5488
1.1500598464900e-04;       3538
1.1502565083100e-04;       3538
1.1504532892800e-04;       1588
1.1506171646200e-04;       1588
1.1508139471300e-04;       -362
1.1510106083900e-04;       -362
1.1512073903400e-04;       6524
1.1514040511700e-04;       6524
1.1516008318100e-04;       4574
1.1517974928000e-04;       4574
1.1519614882600e-04;       2624
1.1521581491100e-04;       2624
1.1523549324500e-04;        674
1.1525515946900e-04;        674
1.1527483751100e-04;      -1276
1.1529450367900e-04;      -1276
1.1531418161300e-04;      -3226
1.1533384781300e-04;      -3226
1.1535024729200e-04;      -5176
1.1536991342000e-04;      -5176
1.1538959149500e-04;       1710
1.1540925761000e-04;       1710
1.1542893559100e-04;       -240
1.1544860194600e-04;       -240
1.1546828008400e-04;       5486
1.1548466750200e-04;       5486
1.1550434578600e-04;       3536
1.1552401200800e-04;       3536
1.1554369011200e-04;       1586
1.1556335622100e-04;       1586
1.1558303426800e-04;       -364
1.1560270046800e-04;       -364
1.1562237856400e-04;       6522
1.1563876611800e-04;       6522
1.1565844425600e-04;       4572
1.1567811038600e-04;       4572
1.1569778853500e-04;       2622
1.1571745480200e-04;       2622
1.1573713289900e-04;        672
1.1575679902800e-04;        672
1.1577319839400e-04;      -1278
1.1579286454700e-04;      -1278
1.1581254266500e-04;       4448
1.1583220888100e-04;       4448
1.1585188701500e-04;       2498
1.1587155300900e-04;       2498
1.1589123120800e-04;       1708
1.1590761855600e-04;       1708
1.1592729664700e-04;       -242
1.1594696274900e-04;       -242
1.1596664075000e-04;      -2192
1.1598630688900e-04;      -2192
1.1600598506700e-04;       3534
1.1602565140900e-04;       3534
1.1604532950700e-04;       1584
1.1606171692900e-04;       1584
1.1608139499600e-04;       -366
1.1610106108600e-04;       -366
1.1612073922900e-04;       6520
1.1614040531800e-04;       6520
1.1616008337800e-04;       4570
1.1617974965400e-04;       4570
1.1619614907300e-04;       2620
1.1621581516300e-04;       2620
1.1623549331100e-04;        670
1.1625515952900e-04;        670
1.1627483759900e-04;      -1280
1.1629450391600e-04;      -1280
1.1631418207000e-04;       4446
1.1633384805400e-04;       4446
1.1635024758000e-04;      -5180
1.1636991373900e-04;      -5180
1.1638959186500e-04;       1706
1.1640925809700e-04;       1706
1.1642893616100e-04;       -244
1.1644860221700e-04;       -244
1.1646828031300e-04;       5482
1.1648466789300e-04;       5482
1.1650434606300e-04;       3532
1.1652401224300e-04;       3532
1.1654369042400e-04;       1582
1.1656335654500e-04;       1582
1.1658303471700e-04;       -368
1.1660270070100e-04;       -368
1.1662237873700e-04;       6518
1.1663876631400e-04;       6518
1.1665844432000e-04;       4568
1.1667811044400e-04;       4568
1.1669778849800e-04;       2618
1.1671745471800e-04;       2618
1.1673713286300e-04;        668
1.1675679900300e-04;        668
1.1677319844200e-04;      -1282
1.1679286460400e-04;      -1282
1.1681254267200e-04;       4444
1.1683220877300e-04;       4444
1.1685188683100e-04;      -5182
1.1687155306500e-04;      -5182
1.1689123110400e-04;       1704
1.1690761839700e-04;       1704
1.1692729647000e-04;       -246
1.1694696262300e-04;       -246
1.1696664076300e-04;       5480
1.1698630690500e-04;       5480
1.1700598517800e-04;       3530
1.1702565121000e-04;       3530
1.1704532926500e-04;       1580
1.1706171669200e-04;       1580
1.1708139489400e-04;       -370
1.1710106088100e-04;       -370
1.1712073926200e-04;       6516
1.1714040536600e-04;       6516
1.1716008345600e-04;       4566
1.1717974960200e-04;       4566
1.1719614883200e-04;       2616
1.1721581498100e-04;       2616
1.1723549320800e-04;        666
1.1725515943300e-04;        666
1.1727483741300e-04;      -1284
1.1729450361100e-04;      -1284
1.1731418175300e-04;       4442
1.1733384810500e-04;       4442
1.1735024758100e-04;       2492
1.1736991385200e-04;       2492
1.1738959181000e-04;       1702
1.1740925801900e-04;       1702
1.1742893618400e-04;       -248
1.1744860237300e-04;       -248
1.1746828042200e-04;       5478
1.1748466793500e-04;       5478
1.1750434595800e-04;       3528
1.1752401201800e-04;       3528
1.1754369021900e-04;       1578
1.1756335640500e-04;       1578
1.1758303450600e-04;       -372
1.1760270071600e-04;       -372
1.1762237885700e-04;       6514
1.1763876645900e-04;       6514
1.1765844438000e-04;       4564
1.1767811046800e-04;       4564
1.1769778851500e-04;       2614
1.1771745476800e-04;       2614
1.1773713269300e-04;        664
1.1775679888500e-04;        664
1.1777319834000e-04;      -1286
1.1779286442200e-04;      -1286
1.1781254255400e-04;       4440
1.1783220865700e-04;       4440
1.1785188664300e-04;      -5186
1.1787155266000e-04;      -5186
1.1789123082500e-04;       1700
1.1790761809300e-04;       1700
1.1792729634000e-04;       -250
1.1794696266900e-04;       -250
1.1796664080000e-04;      -2200
1.1798630701900e-04;      -2200
1.1800598524700e-04;      -4150
1.1802565145200e-04;      -4150
1.1804532949000e-04;       1576
1.1806171687600e-04;       1576
1.1808139501000e-04;       -374
1.1810106110000e-04;       -374
1.1812073930400e-04;       6512
1.1814040544100e-04;       6512
1.1816008355700e-04;       4562
1.1817974971400e-04;       4562
1.1819614902200e-04;       2612
1.1821581518100e-04;       2612
1.1823549324200e-04;        662
1.1825515930700e-04;        662
1.1827483750400e-04;      -1288
1.1829450377700e-04;      -1288
1.1831418194700e-04;       4438
1.1833384805600e-04;       4438
1.1835024749700e-04;       2488
1.1836991359800e-04;       2488
1.1838959177300e-04;       1698
1.1840925786900e-04;       1698
1.1842893611900e-04;       -252
1.1844860201900e-04;       -252
1.1846828016000e-04;       5474
1.1848466759800e-04;       5474
1.1850434583300e-04;       3524
1.1852401199600e-04;       3524
1.1854369019400e-04;       1574
1.1856335620900e-04;       1574
1.1858303434100e-04;       -376
1.1860270046900e-04;       -376
1.1862237866100e-04;       6510
1.1863876622400e-04;       6510
1.1865844436800e-04;       4560
1.1867811056900e-04;       4560
1.1869778870100e-04;       2610
1.1871745467900e-04;       2610
1.1873713284500e-04;        660
1.1875679902200e-04;        660
1.1877319846200e-04;      -1290
1.1879286459100e-04;      -1290
1.1881254258400e-04;       4436
1.1883220872000e-04;       4436
1.1885188690300e-04;       2486
1.1887155296600e-04;       2486
1.1889123107700e-04;       1696
1.1890761849900e-04;       1696
1.1892729664200e-04;       -254
1.1894696259400e-04;       -254
1.1896664071300e-04;       5472
1.1898630689000e-04;       5472
1.1900598493200e-04;       3522
1.1902565103600e-04;       3522
1.1904532912700e-04;       1572
1.1906171652400e-04;       1572
1.1908139468200e-04;       -378
1.1910106092100e-04;       -378
1.1912073893000e-04;       6508
1.1914040515400e-04;       6508
1.1916008327200e-04;       4558
1.1917974928600e-04;       4558
1.1919614868400e-04;       2608
1.1921581495800e-04;       2608
1.1923549295600e-04;        658
1.1925515915700e-04;        658
1.1927483720800e-04;      -1292
1.1929450347500e-04;      -1292
1.1931418168300e-04;       4434
1.1933384778700e-04;       4434
1.1935024726800e-04;       2484
1.1936991325700e-04;       2484
1.1938959146400e-04;       1694
1.1940925763300e-04;       1694
1.1942893564000e-04;       -256
1.1944860158100e-04;       -256
1.1946827988500e-04;       5470
1.1948466722400e-04;       5470
1.1950434547000e-04;       3520
1.1952401163500e-04;       3520
1.1954368970100e-04;       1570
1.1956335580400e-04;       1570
1.1958303398400e-04;       -380
1.1960270016300e-04;       -380
1.1962237831400e-04;       6506
1.1963876577100e-04;       6506
1.1965844386800e-04;       4556
1.1967810994800e-04;       4556
1.1969778791500e-04;       2606
1.1971745413100e-04;       2606
1.1973713220200e-04;        656
1.1975679841200e-04;        656
1.1977319783400e-04;      -1294
1.1979286388700e-04;      -1294
1.1981254206000e-04;       4432
1.1983220812000e-04;       4432
1.1985188618600e-04;      -5194
1.1987155248400e-04;      -5194
1.1989123054300e-04;       1692
1.1990761791700e-04;       1692
1.1992729594700e-04;       -258
1.1994696210600e-04;       -258
1.1996664030900e-04;       5468
1.1998630644600e-04;       5468
1.2000598466300e-04;       3518
1.2002565094900e-04;       3518
1.2004532912600e-04;       1568
1.2006171643800e-04;       1568
1.2008139455500e-04;       -382
1.2010106069600e-04;       -382
1.2012073881600e-04;       6504
1.2014040504500e-04;       6504
1.2016008319300e-04;       4554
1.2017974915700e-04;       4554
1.2019614850600e-04;       2604
1.2021581455500e-04;       2604
1.2023549277500e-04;        654
1.2025515883300e-04;        654
1.2027483693000e-04;      -1296
1.2029450307700e-04;      -1296
1.2031418121100e-04;       4430
1.2033384735900e-04;       4430
1.2035024673700e-04;      -5196
1.2036991276500e-04;      -5196
1.2038959105500e-04;       1690
1.2040925714800e-04;       1690
1.2042893531900e-04;       -260
1.2044860159300e-04;       -260
1.2046827972300e-04;       5466
1.2048466717400e-04;       5466
1.2050434516700e-04;       3516
1.2052401135000e-04;       3516
1.2054368970600e-04;       1566
1.2056335575200e-04;       1566
1.2058303405000e-04;       -384
1.2060270005400e-04;       -384
1.2062237808800e-04;       6502
1.2063876558100e-04;       6502
1.2065844375800e-04;       4552
1.2067810982100e-04;       4552
1.2069778807100e-04;       2602
1.2071745422400e-04;       2602
1.2073713238200e-04;        652
1.2075679847600e-04;        652
1.2077319771400e-04;      -1298
1.2079286374400e-04;      -1298
1.2081254209700e-04;       4428
1.2083220809800e-04;       4428
1.2085188637100e-04;      -5198
1.2087155246600e-04;      -5198
1.2089123049700e-04;       1688
1.2090761785000e-04;       1688
1.2092729607000e-04;       -262
1.2094696218800e-04;       -262
1.2096664042100e-04;      -2212
1.2098630645500e-04;      -2212
1.2100598456200e-04;       3514
1.2102565057900e-04;       3514
1.2104532877400e-04;       1564
1.2106171620800e-04;       1564
1.2108139430200e-04;       -386
1.2110106045300e-04;       -386
1.2112073842100e-04;      -1176
1.2114040463900e-04;      -1176
1.2116008267700e-04;      -3126
1.2117974885200e-04;      -3126
1.2119614833700e-04;       2600
1.2121581431500e-04;       2600
1.2123549243500e-04;        650
1.2125515858600e-04;        650
1.2127483678100e-04;      -1300
1.2129450298300e-04;      -1300
1.2131418125300e-04;       4426
1.2133384746900e-04;       4426
1.2135024682700e-04;      -5200
1.2136991302300e-04;      -5200
1.2138959120800e-04;       1686
1.2140925745400e-04;       1686
1.2142893555400e-04;       -264
1.2144860195300e-04;       -264
1.2146828023500e-04;      -2214
1.2148466752300e-04;      -2214
1.2150434572400e-04;       3512
1.2152401190100e-04;       3512
1.2154368999400e-04;       1562
1.2156335601300e-04;       1562
1.2158303425600e-04;       -388
1.2160270043400e-04;       -388
1.2162237867400e-04;      -1178
1.2163876618700e-04;      -1178
1.2165844427800e-04;       4548
1.2167811055000e-04;       4548
1.2169778900900e-04;       2598
1.2171745518100e-04;       2598
1.2173713344100e-04;        648
1.2175679955400e-04;        648
1.2177319898600e-04;      -1302
1.2179286522100e-04;      -1302
1.2181254338600e-04;       4424
1.2183220950800e-04;       4424
1.2185188771900e-04;       2474
1.2187155381500e-04;       2474
1.2189123212700e-04;       1684
1.2190761952000e-04;       1684
1.2192729752900e-04;       -266
1.2194696370400e-04;       -266
1.2196664194800e-04;       5460
1.2198630814500e-04;       5460
1.2200598628200e-04;       3510
1.2202565244900e-04;       3510
1.2204533059400e-04;       1560
1.2206171810500e-04;       1560
1.2208139625300e-04;       -390
1.2210106257000e-04;       -390
1.2212074072300e-04;       6496
1.2214040692300e-04;       6496
1.2216008507000e-04;       4546
1.2217975119400e-04;       4546
1.2219615055900e-04;       2596
1.2221581674100e-04;       2596
1.2223549487900e-04;        646
1.2225516097200e-04;        646
1.2227483907500e-04;      -1304
1.2229450531200e-04;      -1304
1.2231418346200e-04;       4422
1.2233384963300e-04;       4422
1.2235024902100e-04;       2472
1.2236991517700e-04;       2472
1.2238959329900e-04;       1682
1.2240925942800e-04;       1682
1.2242893762800e-04;       -268
1.2244860388200e-04;       -268
1.2246828211000e-04;       5458
1.2248466970400e-04;       5458
1.2250434760600e-04;       3508
1.2252401371000e-04;       3508
1.2254369185000e-04;       1558
1.2256335810300e-04;       1558
1.2258303613700e-04;       -392
1.2260270220300e-04;       -392
1.2262238052700e-04;       6494
1.2263876808300e-04;       6494
1.2265844624200e-04;       4544
1.2267811221900e-04;       4544
1.2269779040600e-04;       2594
1.2271745668800e-04;       2594
1.2273713475600e-04;        644
1.2275680088400e-04;        644
1.2277320029600e-04;       6370
1.2279286660900e-04;       6370
1.2281254478700e-04;       4420
1.2283221099900e-04;       4420
1.2285188909300e-04;       2470
1.2287155518600e-04;       2470
1.2289123344600e-04;       9356
1.2290762095200e-04;       9356
1.2292729897800e-04;       7406
1.2294696489700e-04;       7406
1.2296664323800e-04;       5456
1.2298630945800e-04;       5456
1.2300598728000e-04;       3506
1.2302565350300e-04;       3506
1.2304533159600e-04;       1556
1.2306171889100e-04;       1556
1.2308139709600e-04;       -394
1.2310106336600e-04;       -394
1.2312074136800e-04;       6492
1.2314040760600e-04;       6492
1.2316008567600e-04;       4542
1.2317975175300e-04;       4542
1.2319615113800e-04;       2592
1.2321581719100e-04;       2592
1.2323549545200e-04;        642
1.2325516158500e-04;        642
1.2327483964600e-04;      -1308
1.2329450579500e-04;      -1308
1.2331418392900e-04;       4418
1.2333385009100e-04;       4418
1.2335024959500e-04;       2468
1.2336991569700e-04;       2468
1.2338959375800e-04;       1678
1.2340926001700e-04;       1678
1.2342893809400e-04;       -272
1.2344860428900e-04;       -272
1.2346828243800e-04;       5454
1.2348466986600e-04;       5454
1.2350434803600e-04;       3504
1.2352401425000e-04;       3504
1.2354369237800e-04;       1554
1.2356335855900e-04;       1554
1.2358303661600e-04;       -396
1.2360270271300e-04;       -396
1.2362238093000e-04;       6490
1.2363876827300e-04;       6490
1.2365844638000e-04;       4540
1.2367811253500e-04;       4540
1.2369779059800e-04;       2590
1.2371745676000e-04;       2590
1.2373713499300e-04;        640
1.2375680119100e-04;        640
1.2377320063400e-04;       6366
1.2379286668600e-04;       6366
1.2381254493600e-04;       4416
1.2383221098300e-04;       4416
1.2385188898500e-04;       2466
1.2387155506400e-04;       2466
1.2389123312900e-04;       1676
1.2390762055300e-04;       1676
1.2392729855200e-04;       -274
1.2394696473400e-04;       -274
1.2396664294400e-04;       5452
1.2398630906100e-04;       5452
1.2400598721500e-04;       3502
1.2402565341000e-04;       3502
1.2404533145400e-04;       1552
1.2406171886600e-04;       1552
1.2408139703800e-04;       -398
1.2410106313700e-04;       -398
1.2412074134000e-04;       6488
1.2414040751800e-04;       6488
1.2416008567100e-04;       4538
1.2417975167100e-04;       4538
1.2419615117000e-04;       2588
1.2421581717900e-04;       2588
1.2423549533200e-04;        638
1.2425516153100e-04;        638
1.2427483964300e-04;      -1312
1.2429450570800e-04;      -1312
1.2431418375200e-04;       4414
1.2433384978700e-04;       4414
1.2435024918000e-04;       2464
1.2436991545600e-04;       2464
1.2438959351600e-04;       1674
1.2440925962600e-04;       1674
1.2442893774200e-04;       -276
1.2444860403500e-04;       -276
1.2446828229100e-04;       5450
1.2448466958800e-04;       5450
1.2450434776500e-04;       3500
1.2452401407800e-04;       3500
1.2454369219000e-04;       1550
1.2456335829000e-04;       1550
1.2458303645100e-04;       -400
1.2460270259800e-04;       -400
1.2462238080000e-04;       6486
1.2463876828100e-04;       6486
1.2465844650500e-04;       4536
1.2467811255700e-04;       4536
1.2469779077500e-04;       2586
1.2471745681700e-04;       2586
1.2473713486300e-04;        636
1.2475680104600e-04;        636
1.2477320055700e-04;      -1314
1.2479286673200e-04;      -1314
1.2481254476700e-04;       4412
1.2483221086300e-04;       4412
1.2485188883900e-04;       2462
1.2487155511800e-04;       2462
1.2489123332200e-04;       1672
1.2490762070900e-04;       1672
1.2492729896900e-04;       -278
1.2494696519800e-04;       -278
1.2496664328600e-04;       5448
1.2498630950000e-04;       5448
1.2500598766300e-04;       3498
1.2502565363500e-04;       3498
1.2504533184500e-04;       1548
1.2506171915200e-04;       1548
1.2508139726900e-04;       -402
1.2510106343800e-04;       -402
1.2512074170600e-04;       6484
1.2514040777300e-04;       6484
1.2516008588100e-04;       4534
1.2517975201900e-04;       4534
1.2519615147000e-04;       2584
1.2521581757400e-04;       2584
1.2523549559400e-04;        634
1.2525516174800e-04;        634
1.2527483987700e-04;       6360
1.2529450591600e-04;       6360
1.2531418418400e-04;       4410
1.2533385034100e-04;       4410
1.2535024976300e-04;       2460
1.2536991584500e-04;       2460
1.2538959401100e-04;       9346
1.2540926027000e-04;       9346
1.2542893837700e-04;       -280
1.2544860453700e-04;       -280
1.2546828260400e-04;       5446
1.2548467012700e-04;       5446
1.2550434809400e-04;       3496
1.2552401414000e-04;       3496
1.2554369234300e-04;       1546
1.2556335849200e-04;       1546
1.2558303648700e-04;       -404
1.2560270290800e-04;       -404
1.2562238103700e-04;       6482
1.2563876828400e-04;       6482
1.2565844632700e-04;       4532
1.2567811256900e-04;       4532
1.2569779079900e-04;       2582
1.2571745684300e-04;       2582
1.2573713502400e-04;        632
1.2575680125100e-04;        632
1.2577320073200e-04;       6358
1.2579286683000e-04;       6358
1.2581254496400e-04;       4408
1.2583221112800e-04;       4408
1.2585188919000e-04;       2458
1.2587155528800e-04;       2458
1.2589123347600e-04;       9344
1.2590762091900e-04;       9344
1.2592729904200e-04;       -282
1.2594696516300e-04;       -282
1.2596664328700e-04;       5444
1.2598630928500e-04;       5444
1.2600598728800e-04;       3494
1.2602565340400e-04;       3494
1.2604533151400e-04;       1544
1.2606171900400e-04;       1544
1.2608139699800e-04;       -406
1.2610106311900e-04;       -406
1.2612074139700e-04;       6480
1.2614040752800e-04;       6480
1.2616008559600e-04;       4530
1.2617975157000e-04;       4530
1.2619615092200e-04;       2580
1.2621581708900e-04;       2580
1.2623549504900e-04;        630
1.2625516113000e-04;        630
1.2627483904000e-04;      -1320
1.2629450511100e-04;      -1320
1.2631418324900e-04;       4406
1.2633384944400e-04;       4406
1.2635024885700e-04;      -5220
1.2636991492800e-04;      -5220
1.2638959293700e-04;       1666
1.2640925911000e-04;       1666
1.2642893726800e-04;       -284
1.2644860353700e-04;       -284
1.2646828150700e-04;       5442
1.2648466897400e-04;       5442
1.2650434712200e-04;       3492
1.2652401312400e-04;       3492
1.2654369134300e-04;       1542
1.2656335736900e-04;       1542
1.2658303543300e-04;       -408
1.2660270171600e-04;       -408
1.2662237986400e-04;       6478
1.2663876728900e-04;       6478
1.2665844548500e-04;       4528
1.2667811169400e-04;       4528
1.2669778982100e-04;       2578
1.2671745593100e-04;       2578
1.2673713407000e-04;       8304
1.2675680031900e-04;       8304
1.2677319973100e-04;       6354
1.2679286580000e-04;       6354
1.2681254388200e-04;       4404
1.2683220986400e-04;       4404
1.2685188798900e-04;       2454
1.2687155406000e-04;       2454
1.2689123201500e-04;       1664
1.2690761956500e-04;       1664
1.2692729758000e-04;       -286
1.2694696345500e-04;       -286
1.2696664144100e-04;       5440
1.2698630761000e-04;       5440
1.2700598588500e-04;       3490
1.2702565206700e-04;       3490
1.2704533014500e-04;       1540
1.2706171749600e-04;       1540
1.2708139561100e-04;       -410
1.2710106181000e-04;       -410
1.2712073987800e-04;       6476
1.2714040609100e-04;       6476
1.2716008430300e-04;       4526
1.2717975041900e-04;       4526
1.2719614982800e-04;       2576
1.2721581581800e-04;       2576
1.2723549397000e-04;        626
1.2725516009800e-04;        626
1.2727483833400e-04;       6352
1.2729450439900e-04;       6352
1.2731418256300e-04;       4402
1.2733384877700e-04;       4402
1.2735024823000e-04;       2452
1.2736991424100e-04;       2452
1.2738959243300e-04;       1662
1.2740925861500e-04;       1662
1.2742893658600e-04;       -288
1.2744860273900e-04;       -288
1.2746828069500e-04;       5438
1.2748466816900e-04;       5438
1.2750434636900e-04;       3488
1.2752401242300e-04;       3488
1.2754369042800e-04;       1538
1.2756335658900e-04;       1538
1.2758303465100e-04;       -412
1.2760270069400e-04;       -412
1.2762237895600e-04;       6474
1.2763876650200e-04;       6474
1.2765844437800e-04;       4524
1.2767811045300e-04;       4524
1.2769778863700e-04;       2574
1.2771745486500e-04;       2574
1.2773713300000e-04;        624
1.2775679917000e-04;        624
1.2777319861600e-04;      -1326
1.2779286475800e-04;      -1326
1.2781254291500e-04;       4400
1.2783220903700e-04;       4400
1.2785188721500e-04;       2450
1.2787155321900e-04;       2450
1.2789123145000e-04;       1660
1.2790761896400e-04;       1660
1.2792729686800e-04;       -290
1.2794696300600e-04;       -290
1.2796664109600e-04;       5436
1.2798630720500e-04;       5436
1.2800598520600e-04;       3486
1.2802565136200e-04;       3486
1.2804532958600e-04;       1536
1.2806171711400e-04;       1536
1.2808139529700e-04;       -414
1.2810106127800e-04;       -414
1.2812073935900e-04;      -1204
1.2814040545900e-04;      -1204
1.2816008352300e-04;       4522
1.2817974975300e-04;       4522
1.2819614930200e-04;       2572
1.2821581535000e-04;       2572
1.2823549345200e-04;        622
1.2825515952100e-04;        622
1.2827483761500e-04;      -1328
1.2829450391700e-04;      -1328
1.2831418195700e-04;       4398
1.2833384790300e-04;       4398
1.2835024740600e-04;      -5228
1.2836991361500e-04;      -5228
1.2838959172100e-04;       1658
1.2840925788800e-04;       1658
1.2842893604800e-04;       -292
1.2844860212600e-04;       -292
1.2846828028200e-04;       5434
1.2848466801200e-04;       5434
1.2850434624300e-04;       3484
1.2852401229300e-04;       3484
1.2854369031100e-04;       1534
1.2856335648900e-04;       1534
1.2858303461200e-04;       -416
1.2860270099900e-04;       -416
1.2862237904300e-04;       6470
1.2863876653700e-04;       6470
1.2865844463200e-04;       4520
1.2867811091500e-04;       4520
1.2869778898300e-04;       2570
1.2871745516500e-04;       2570
1.2873713322200e-04;        620
1.2875679931100e-04;        620
1.2877319871800e-04;      -1330
1.2879286487700e-04;      -1330
1.2881254294100e-04;       4396
1.2883220931400e-04;       4396
1.2885188733700e-04;      -5230
1.2887155345000e-04;      -5230
1.2889123165600e-04;       1656
1.2890761910900e-04;       1656
1.2892729714200e-04;       -294
1.2894696335800e-04;       -294
1.2896664148700e-04;       5432
1.2898630771200e-04;       5432
1.2900598580400e-04;       3482
1.2902565188600e-04;       3482
1.2904533015900e-04;       1532
1.2906171766300e-04;       1532
1.2908139579700e-04;       -418
1.2910106190400e-04;       -418
1.2912074003900e-04;       6468
1.2914040602300e-04;       6468
1.2916008420600e-04;       4518
1.2917975045700e-04;       4518
1.2919614995500e-04;       2568
1.2921581581700e-04;       2568
1.2923549391000e-04;        618
1.2925515987100e-04;        618
1.2927483796300e-04;      -1332
1.2929450431800e-04;      -1332
1.2931418224500e-04;       4394
1.2933384832200e-04;       4394
1.2935024768600e-04;       2444
1.2936991380700e-04;       2444
1.2938959183000e-04;       1654
1.2940925803200e-04;       1654
1.2942893600000e-04;       -296
1.2944860221500e-04;       -296
1.2946828044200e-04;       5430
1.2948466793500e-04;       5430
1.2950434617800e-04;       3480
1.2952401218100e-04;       3480
1.2954369047700e-04;       1530
1.2956335657100e-04;       1530
1.2958303465600e-04;       -420
1.2960270080100e-04;       -420
1.2962237886200e-04;       6466
1.2963876627100e-04;       6466
1.2965844454100e-04;       4516
1.2967811054900e-04;       4516
1.2969778886400e-04;       2566
1.2971745493100e-04;       2566
1.2973713308700e-04;        616
1.2975679924500e-04;        616
1.2977319855100e-04;      -1334
1.2979286454100e-04;      -1334
1.2981254265600e-04;       4392
1.2983220878200e-04;       4392
1.2985188686400e-04;       2442
1.2987155312100e-04;       2442
1.2989123115200e-04;       1652
1.2990761874200e-04;       1652
1.2992729677800e-04;       -298
1.2994696296000e-04;       -298
1.2996664110900e-04;       5428
1.2998630706900e-04;       5428
1.3000598536200e-04;       3478
1.3002565150900e-04;       3478
1.3004532951600e-04;       1528
1.3006171692800e-04;       1528
1.3008139492000e-04;       -422
1.3010106116000e-04;       -422
1.3012073944700e-04;       6464
1.3014040548900e-04;       6464
1.3016008355700e-04;       4514
1.3017974957500e-04;       4514
1.3019614908400e-04;       2564
1.3021581516900e-04;       2564
1.3023549333900e-04;        614
1.3025515937300e-04;        614
1.3027483729600e-04;      -1336
1.3029450344600e-04;      -1336
1.3031418151800e-04;      -3286
1.3033384763000e-04;      -3286
1.3035024708600e-04;      -5236
1.3036991316600e-04;      -5236
1.3038959136100e-04;       1650
1.3040925726700e-04;       1650
1.3042893545600e-04;       -300
1.3044860168000e-04;       -300
1.3046827982600e-04;       5426
1.3048466733900e-04;       5426
1.3050434562100e-04;       3476
1.3052401174200e-04;       3476
1.3054368986400e-04;       1526
1.3056335611000e-04;       1526
1.3058303423700e-04;       -424
1.3060270049300e-04;       -424
1.3062237860300e-04;       6462
1.3063876606500e-04;       6462
1.3065844411800e-04;       4512
1.3067811032700e-04;       4512
1.3069778843300e-04;       2562
1.3071745466000e-04;       2562
1.3073713289000e-04;        612
1.3075679886900e-04;        612
1.3077319831200e-04;      -1338
1.3079286445900e-04;      -1338
1.3081254268600e-04;      -3288
1.3083220887300e-04;      -3288
1.3085188704400e-04;      -5238
1.3087155312400e-04;      -5238
1.3089123118900e-04;       1648
1.3090761864300e-04;       1648
1.3092729684400e-04;       -302
1.3094696293200e-04;       -302
1.3096664117800e-04;       5424
1.3098630731800e-04;       5424
1.3100598548200e-04;       3474
1.3102565162300e-04;       3474
1.3104532979800e-04;       1524
1.3106171729100e-04;       1524
1.3108139553100e-04;       -426
1.3110106158000e-04;       -426
1.3112073979400e-04;       6460
1.3114040587900e-04;       6460
1.3116008404600e-04;       4510
1.3117975025800e-04;       4510
1.3119614956500e-04;       2560
1.3121581556500e-04;       2560
1.3123549382800e-04;        610
1.3125515982900e-04;        610
1.3127483790100e-04;      -1340
1.3129450412600e-04;      -1340
1.3131418217200e-04;       4386
1.3133384831300e-04;       4386
1.3135024762300e-04;      -5240
1.3136991380600e-04;      -5240
1.3138959189500e-04;       1646
1.3140925781300e-04;       1646
1.3142893609300e-04;       -304
1.3144860230600e-04;       -304
1.3146828044800e-04;      -2254
1.3148466780200e-04;      -2254
1.3150434588500e-04;       3472
1.3152401199700e-04;       3472
1.3154369022000e-04;       1522
1.3156335642400e-04;       1522
1.3158303452900e-04;       -428
1.3160270073800e-04;       -428
1.3162237893100e-04;       6458
1.3163876651800e-04;       6458
1.3165844465800e-04;       4508
1.3167811097800e-04;       4508
1.3169778891600e-04;       2558
1.3171745498500e-04;       2558
1.3173713312800e-04;        608
1.3175679924900e-04;        608
1.3177319868700e-04;      -1342
1.3179286478500e-04;      -1342
1.3181254293000e-04;       4384
1.3183220896100e-04;       4384
1.3185188719600e-04;       2434
1.3187155327200e-04;       2434
1.3189123142800e-04;       1644
1.3190761886400e-04;       1644
1.3192729689800e-04;       -306
1.3194696301300e-04;       -306
1.3196664107800e-04;       5420
1.3198630701200e-04;       5420
1.3200598519600e-04;       3470
1.3202565137500e-04;       3470
1.3204532946000e-04;       1520
1.3206171686900e-04;       1520
1.3208139506700e-04;       -430
1.3210106120400e-04;       -430
1.3212073931000e-04;       6456
1.3214040549100e-04;       6456
1.3216008347100e-04;       4506
1.3217974969600e-04;       4506
1.3219614904000e-04;       2556
1.3221581525900e-04;       2556
1.3223549345500e-04;        606
1.3225515960200e-04;        606
1.3227483785400e-04;      -1344
1.3229450406000e-04;      -1344
1.3231418208600e-04;       4382
1.3233384822400e-04;       4382
1.3235024787400e-04;      -5244
1.3236991400500e-04;      -5244
1.3238959223700e-04;       1642
1.3240925824900e-04;       1642
1.3242893649500e-04;       -308
1.3244860265400e-04;       -308
1.3246828101500e-04;       5418
1.3248466844300e-04;       5418
1.3250434641300e-04;       3468
1.3252401262800e-04;       3468
1.3254369073000e-04;       1518
1.3256335695400e-04;       1518
1.3258303511000e-04;       -432
1.3260270125300e-04;       -432
1.3262237953700e-04;       6454
1.3263876688900e-04;       6454
1.3265844498400e-04;       4504
1.3267811126600e-04;       4504
1.3269778925200e-04;       2554
1.3271745531900e-04;       2554
1.3273713335300e-04;        604
1.3275679947900e-04;        604
1.3277319887800e-04;      -1346
1.3279286491500e-04;      -1346
1.3281254300800e-04;       4380
1.3283220919100e-04;       4380
1.3285188739400e-04;       2430
1.3287155348100e-04;       2430
1.3289123165200e-04;       1640
1.3290761912600e-04;       1640
1.3292729734100e-04;       -310
1.3294696348800e-04;       -310
1.3296664177100e-04;       5416
1.3298630767400e-04;       5416
1.3300598593400e-04;       3466
1.3302565215000e-04;       3466
1.3304533018300e-04;       1516
1.3306171763100e-04;       1516
1.3308139573700e-04;       -434
1.3310106182500e-04;       -434
1.3312073996100e-04;       6452
1.3314040615300e-04;       6452
1.3316008425600e-04;       4502
1.3317975059000e-04;       4502
1.3319615004100e-04;       2552
1.3321581620800e-04;       2552
1.3323549427000e-04;        602
1.3325516038400e-04;        602
1.3327483851400e-04;       6328
1.3329450467200e-04;       6328
1.3331418285600e-04;       4378
1.3333384904400e-04;       4378
1.3335024840500e-04;       2428
1.3336991460200e-04;       2428
1.3338959268900e-04;       1638
1.3340925860700e-04;       1638
1.3342893662100e-04;       -312
1.3344860287900e-04;       -312
1.3346828100500e-04;       5414
1.3348466835000e-04;       5414
1.3350434650500e-04;       3464
1.3352401262100e-04;       3464
1.3354369076800e-04;       1514
1.3356335687200e-04;       1514
1.3358303498500e-04;       -436
1.3360270119400e-04;       -436
1.3362237920900e-04;       6450
1.3363876674800e-04;       6450
1.3365844476300e-04;       4500
1.3367811107400e-04;       4500
1.3369778906000e-04;       2550
1.3371745525200e-04;       2550
1.3373713333000e-04;        600
1.3375679932100e-04;        600
1.3377319859600e-04;      -1350
1.3379286468300e-04;      -1350
1.3381254282200e-04;       4376
1.3383220887900e-04;       4376
1.3385188696300e-04;      -5250
1.3387155313300e-04;      -5250
1.3389123115900e-04;       1636
1.3390761871800e-04;       1636
1.3392729691400e-04;       -314
1.3394696285700e-04;       -314
1.3396664092200e-04;       5412
1.3398630711900e-04;       5412
1.3400598528200e-04;       3462
1.3402565122900e-04;       3462
1.3404532923000e-04;       1512
1.3406171684500e-04;       1512
1.3408139495200e-04;       -438
1.3410106103100e-04;       -438
1.3412073929000e-04;       6448
1.3414040535900e-04;       6448
1.3416008331900e-04;       4498
1.3417974952500e-04;       4498
1.3419614906100e-04;       2548
1.3421581519100e-04;       2548
1.3423549333300e-04;        598
1.3425515945400e-04;        598
1.3427483758500e-04;      -1352
1.3429450356800e-04;      -1352
1.3431418160300e-04;       4374
1.3433384760600e-04;       4374
1.3435024710600e-04;       2424
1.3436991316600e-04;       2424
1.3438959139700e-04;       1634
1.3440925756700e-04;       1634
1.3442893574800e-04;       -316
1.3444860185900e-04;       -316
1.3446828011700e-04;       5410
1.3448466766400e-04;       5410
1.3450434572300e-04;       3460
1.3452401207500e-04;       3460
1.3454369022200e-04;       1510
1.3456335625500e-04;       1510
1.3458303449700e-04;       -440
1.3460270060400e-04;       -440
1.3462237874100e-04;       6446
1.3463876609900e-04;       6446
1.3465844415400e-04;       4496
1.3467811031500e-04;       4496
1.3469778829000e-04;       2546
1.3471745442000e-04;       2546
1.3473713259200e-04;        596
1.3475679856400e-04;        596
1.3477319795700e-04;      -1354
1.3479286410600e-04;      -1354
1.3481254228900e-04;       4372
1.3483220851500e-04;       4372
1.3485188644900e-04;       2422
1.3487155266400e-04;       2422
1.3489123086300e-04;       1632
1.3490761824300e-04;       1632
1.3492729627600e-04;       -318
1.3494696238200e-04;       -318
1.3496664049000e-04;       5408
1.3498630663400e-04;       5408
1.3500598465500e-04;       3458
1.3502565090300e-04;       3458
1.3504532906300e-04;       1508
1.3506171664400e-04;       1508
1.3508139464500e-04;       -442
1.3510106091200e-04;       -442
1.3512073904400e-04;       6444
1.3514040499200e-04;       6444
1.3516008315500e-04;       4494
1.3517974938800e-04;       4494
1.3519614866900e-04;       2544
1.3521581471100e-04;       2544
1.3523549284100e-04;        594
1.3525515884000e-04;        594
1.3527483693000e-04;      -1356
1.3529450302100e-04;      -1356
1.3531418131600e-04;      -3306
1.3533384746000e-04;      -3306
1.3535024688500e-04;      -5256
1.3536991294900e-04;      -5256
1.3538959113900e-04;       1630
1.3540925715800e-04;       1630
1.3542893523800e-04;       -320
1.3544860139000e-04;       -320
1.3546827936500e-04;       5406
1.3548466710200e-04;       5406
1.3550434503900e-04;       3456
1.3552401123200e-04;       3456
1.3554368934100e-04;       1506
1.3556335560100e-04;       1506
1.3558303361800e-04;       -444
1.3560269986100e-04;       -444
1.3562237807200e-04;       6442
1.3563876540200e-04;       6442
1.3565844342900e-04;       4492
1.3567810972600e-04;       4492
1.3569778775200e-04;       2542
1.3571745400100e-04;       2542
1.3573713219300e-04;        592
1.3575679840200e-04;        592
1.3577319771500e-04;      -1358
1.3579286378900e-04;      -1358
1.3581254185800e-04;       4368
1.3583220781200e-04;       4368
1.3585188597600e-04;      -5258
1.3587155212600e-04;      -5258
1.3589123019000e-04;       1628
1.3590761767500e-04;       1628
1.3592729583700e-04;       -322
1.3594696195200e-04;       -322
1.3596664017900e-04;       5404
1.3598630625100e-04;       5404
1.3600598442100e-04;       3454
1.3602565053600e-04;       3454
1.3604532864800e-04;       1504
1.3606171623000e-04;       1504
1.3608139441400e-04;       -446
1.3610106058400e-04;       -446
1.3612073861300e-04;      -1236
1.3614040486700e-04;      -1236
1.3616008299900e-04;       4490
1.3617974902000e-04;       4490
1.3619614850100e-04;       2540
1.3621581452700e-04;       2540
1.3623549282000e-04;        590
1.3625515902400e-04;        590
1.3627483708100e-04;      -1360
1.3629450323400e-04;      -1360
1.3631418126600e-04;       4366
1.3633384744000e-04;       4366
1.3635024672600e-04;      -5260
1.3636991301000e-04;      -5260
1.3638959119500e-04;       1626
1.3640925721700e-04;       1626
1.3642893556200e-04;       -324
1.3644860158100e-04;       -324
1.3646827989900e-04;       5402
1.3648466726200e-04;       5402
1.3650434546500e-04;       3452
1.3652401157100e-04;       3452
1.3654368968200e-04;       1502
1.3656335583200e-04;       1502
1.3658303420000e-04;       -448
1.3660270034800e-04;       -448
1.3662237853800e-04;      -1238
1.3663876611800e-04;      -1238
1.3665844414500e-04;      -3188
1.3667811027900e-04;      -3188
1.3669778859000e-04;       2538
1.3671745480300e-04;       2538
1.3673713279300e-04;        588
1.3675679908600e-04;        588
1.3677319850700e-04;      -1362
1.3679286475300e-04;      -1362
1.3681254291800e-04;       4364
1.3683220917500e-04;       4364
1.3685188720400e-04;      -5262
1.3687155328400e-04;      -5262
1.3689123147900e-04;       1624
1.3690761894300e-04;       1624
1.3692729700400e-04;       -326
1.3694696315100e-04;       -326
1.3696664146700e-04;       5400
1.3698630756100e-04;       5400
1.3700598579800e-04;       3450
1.3702565177200e-04;       3450
1.3704532993800e-04;       1500
1.3706171727700e-04;       1500
1.3708139542900e-04;       -450
1.3710106167200e-04;       -450
1.3712073986500e-04;       6436
1.3714040609300e-04;       6436
1.3716008420300e-04;       4486
1.3717975047000e-04;       4486
1.3719614992000e-04;       2536
1.3721581621500e-04;       2536
1.3723549447700e-04;        586
1.3725516062100e-04;        586
1.3727483860400e-04;      -1364
1.3729450487900e-04;      -1364
1.3731418300900e-04;       4362
1.3733384910400e-04;       4362
1.3735024846300e-04;       2412
1.3736991456900e-04;       2412
1.3738959280000e-04;       1622
1.3740925891200e-04;       1622
1.3742893705400e-04;       -328
1.3744860321500e-04;       -328
1.3746828134800e-04;       5398
1.3748466867700e-04;       5398
1.3750434675100e-04;       3448
1.3752401286500e-04;       3448
1.3754369112000e-04;       1498
1.3756335726800e-04;       1498
1.3758303548800e-04;       -452
1.3760270166600e-04;       -452
1.3762237991700e-04;       6434
1.3763876724000e-04;       6434
1.3765844549600e-04;       4484
1.3767811156100e-04;       4484
1.3769778971200e-04;       2534
1.3771745595300e-04;       2534
1.3773713409100e-04;        584
1.3775680017000e-04;        584
1.3777319967200e-04;      -1366
1.3779286585500e-04;      -1366
1.3781254393900e-04;       4360
1.3783221009200e-04;       4360
1.3785188819200e-04;       2410
1.3787155431400e-04;       2410
1.3789123248600e-04;       1620
1.3790762003500e-04;       1620
1.3792729815600e-04;       -330
1.3794696426400e-04;       -330
1.3796664239900e-04;       5396
1.3798630856700e-04;       5396
1.3800598687100e-04;       3446
1.3802565292600e-04;       3446
1.3804533109800e-04;       1496
1.3806171846400e-04;       1496
1.3808139655600e-04;       -454
1.3810106272500e-04;       -454
1.3812074086200e-04;       6432
1.3814040698800e-04;       6432
1.3816008509000e-04;       4482
1.3817975111000e-04;       4482
1.3819615059600e-04;       2532
1.3821581682100e-04;       2532
1.3823549485900e-04;        582
1.3825516101800e-04;        582
1.3827483900600e-04;       6308
1.3829450513700e-04;       6308
1.3831418318800e-04;       4358
1.3833384924800e-04;       4358
1.3835024878300e-04;       2408
1.3836991480600e-04;       2408
1.3838959279500e-04;       1618
1.3840925892000e-04;       1618
1.3842893703100e-04;       -332
1.3844860313600e-04;       -332
1.3846828129300e-04;       5394
1.3848466878000e-04;       5394
1.3850434678200e-04;       3444
1.3852401277600e-04;       3444
1.3854369100600e-04;       1494
1.3856335706600e-04;       1494
1.3858303529800e-04;       -456
1.3860270136200e-04;       -456
1.3862237946700e-04;       6430
1.3863876669800e-04;       6430
1.3865844505800e-04;       4480
1.3867811109900e-04;       4480
1.3869778926100e-04;       2530
1.3871745538300e-04;       2530
1.3873713354600e-04;        580
1.3875679968200e-04;        580
1.3877319903400e-04;      -1370
1.3879286529100e-04;      -1370
1.3881254328000e-04;       4356
1.3883220943800e-04;       4356
1.3885188754100e-04;       2406
1.3887155375100e-04;       2406
1.3889123185000e-04;       1616
1.3890761928100e-04;       1616
1.3892729753900e-04;       -334
1.3894696367900e-04;       -334
1.3896664179600e-04;       5392
1.3898630776900e-04;       5392
1.3900598585600e-04;       3442
1.3902565203000e-04;       3442
1.3904533026200e-04;       1492
1.3906171761200e-04;       1492
1.3908139563300e-04;       -458
1.3910106184500e-04;       -458
1.3912073982700e-04;      -1248
1.3914040591200e-04;      -1248
1.3916008404200e-04;       4478
1.3917975018100e-04;       4478
1.3919614975100e-04;       2528
1.3921581591100e-04;       2528
1.3923549402700e-04;        578
1.3925516025400e-04;        578
1.3927483830500e-04;      -1372
1.3929450445000e-04;      -1372
1.3931418257000e-04;       4354
1.3933384872000e-04;       4354
1.3935024799900e-04;      -5272
1.3936991425300e-04;      -5272
1.3938959242600e-04;       1614
1.3940925866500e-04;       1614
1.3942893668700e-04;       -336
1.3944860297600e-04;       -336
1.3946828112300e-04;       5390
1.3948466853100e-04;       5390
1.3950434668100e-04;       3440
1.3952401270500e-04;       3440
1.3954369081400e-04;       1490
1.3956335693900e-04;       1490
1.3958303489200e-04;       -460
1.3960270116100e-04;       -460
1.3962237936900e-04;       6426
1.3963876685800e-04;       6426
1.3965844508800e-04;       4476
1.3967811135100e-04;       4476
1.3969778953100e-04;       2526
1.3971745562400e-04;       2526
1.3973713381200e-04;        576
1.3975679991100e-04;        576
1.3977319932000e-04;      -1374
1.3979286547400e-04;      -1374
1.3981254368400e-04;       4352
1.3983220973100e-04;       4352
1.3985188788900e-04;       2402
1.3987155408800e-04;       2402
1.3989123217200e-04;       1612
1.3990761984800e-04;       1612
1.3992729775200e-04;       -338
1.3994696402100e-04;       -338
1.3996664212500e-04;       5388
1.3998630805900e-04;       5388
1.4000598622100e-04;       3438
1.4002565230000e-04;       3438
1.4004533042600e-04;       1488
1.4006171784700e-04;       1488
1.4008139610300e-04;       -462
1.4010106231100e-04;       -462
1.4012074026600e-04;       6424
1.4014040637700e-04;       6424
1.4016008458000e-04;       4474
1.4017975065400e-04;       4474
1.4019615015000e-04;       2524
1.4021581618600e-04;       2524
1.4023549442500e-04;        574
1.4025516053300e-04;        574
1.4027483883000e-04;      -1376
1.4029450503000e-04;      -1376
1.4031418307000e-04;       4350
1.4033384916500e-04;       4350
1.4035024878800e-04;       2400
1.4036991486100e-04;       2400
1.4038959299900e-04;       1610
1.4040925919600e-04;       1610
1.4042893740100e-04;       -340
1.4044860347500e-04;       -340
1.4046828181400e-04;       5386
1.4048466921300e-04;       5386
1.4050434733900e-04;       3436
1.4052401353200e-04;       3436
1.4054369173900e-04;       1486
1.4056335794700e-04;       1486
1.4058303602400e-04;       -464
1.4060270208100e-04;       -464
1.4062238037100e-04;       6422
1.4063876778300e-04;       6422
1.4065844622600e-04;       4472
1.4067811248000e-04;       4472
1.4069779064900e-04;       2522
1.4071745673600e-04;       2522
1.4073713489500e-04;       8248
1.4075680118300e-04;       8248
1.4077320050400e-04;       6298
1.4079286669500e-04;       6298
1.4081254471800e-04;       4348
1.4083221069900e-04;       4348
1.4085188887900e-04;       2398
1.4087155504300e-04;       2398
1.4089123293600e-04;       1608
1.4090762036200e-04;       1608
1.4092729848500e-04;       -342
1.4094696466700e-04;       -342
1.4096664278100e-04;       5384
1.4098630875300e-04;       5384
1.4100598688600e-04;       3434
1.4102565306200e-04;       3434
1.4104533099900e-04;       1484
1.4106171842300e-04;       1484
1.4108139649800e-04;       -466
1.4110106265500e-04;       -466
1.4112074068000e-04;       6420
1.4114040681300e-04;       6420
1.4116008493700e-04;       4470
1.4117975107800e-04;       4470
1.4119615041400e-04;       2520
1.4121581661200e-04;       2520
1.4123549473600e-04;        570
1.4125516092200e-04;        570
1.4127483915700e-04;      -1380
1.4129450527900e-04;      -1380
1.4131418332500e-04;       4346
1.4133384947300e-04;       4346
1.4135024905300e-04;       2396
1.4136991513900e-04;       2396
1.4138959326400e-04;       1606
1.4140925936000e-04;       1606
1.4142893748200e-04;       -344
1.4144860360300e-04;       -344
1.4146828160800e-04;       5382
1.4148466912700e-04;       5382
1.4150434733200e-04;       3432
1.4152401347700e-04;       3432
1.4154369159900e-04;       1482
1.4156335763900e-04;       1482
1.4158303577900e-04;       -468
1.4160270175300e-04;       -468
1.4162238004600e-04;       6418
1.4163876741000e-04;       6418
1.4165844567500e-04;       4468
1.4167811164500e-04;       4468
1.4169778986800e-04;       2518
1.4171745595900e-04;       2518
1.4173713396000e-04;        568
1.4175680009200e-04;        568
1.4177319957600e-04;       6294
1.4179286583400e-04;       6294
1.4181254391000e-04;       4344
1.4183220998000e-04;       4344
1.4185188816700e-04;       2394
1.4187155420100e-04;       2394
1.4189123231400e-04;       1604
1.4190761982100e-04;       1604
1.4192729794100e-04;       -346
1.4194696410500e-04;       -346
1.4196664219100e-04;       5380
1.4198630831800e-04;       5380
1.4200598631600e-04;       3430
1.4202565245900e-04;       3430
1.4204533061600e-04;       1480
1.4206171784300e-04;       1480
1.4208139599800e-04;       -470
1.4210106223200e-04;       -470
1.4212074035200e-04;       6416
1.4214040650200e-04;       6416
1.4216008453600e-04;       4466
1.4217975073900e-04;       4466
1.4219615038300e-04;       2516
1.4221581647600e-04;       2516
1.4223549458500e-04;        566
1.4225516074500e-04;        566
1.4227483891100e-04;      -1384
1.4229450483900e-04;      -1384
1.4231418299300e-04;       4342
1.4233384916300e-04;       4342
1.4235024857800e-04;       2392
1.4236991469600e-04;       2392
1.4238959277200e-04;       1602
1.4240925882000e-04;       1602
1.4242893696700e-04;       -348
1.4244860320000e-04;       -348
1.4246828132400e-04;       5378
1.4248466893200e-04;       5378
1.4250434690300e-04;       3428
1.4252401304500e-04;       3428
1.4254369139400e-04;       1478
1.4256335765500e-04;       1478
1.4258303585200e-04;       -472
1.4260270211100e-04;       -472
1.4262238042500e-04;       6414
1.4263876783700e-04;       6414
1.4265844601700e-04;       4464
1.4267811194700e-04;       4464
1.4269779021200e-04;       2514
1.4271745626900e-04;       2514
1.4273713448800e-04;        564
1.4275680062300e-04;        564
1.4277320022200e-04;      -1386
1.4279286617800e-04;      -1386
1.4281254411600e-04;       4340
1.4283221032700e-04;       4340
1.4285188841100e-04;       2390
1.4287155440000e-04;       2390
1.4289123270900e-04;       1600
1.4290762022700e-04;       1600
1.4292729832600e-04;       -350
1.4294696442100e-04;       -350
1.4296664262000e-04;       5376
1.4298630878300e-04;       5376
1.4300598668300e-04;       3426
1.4302565270200e-04;       3426
1.4304533091300e-04;       1476
1.4306171838500e-04;       1476
1.4308139664700e-04;       -474
1.4310106279800e-04;       -474
1.4312074106000e-04;       6412
1.4314040713300e-04;       6412
1.4316008526900e-04;       4462
1.4317975165000e-04;       4462
1.4319615109100e-04;       2512
1.4321581713600e-04;       2512
1.4323549524500e-04;        562
1.4325516116700e-04;        562
1.4327483938500e-04;       6288
1.4329450541100e-04;       6288
1.4331418351600e-04;       4338
1.4333384959800e-04;       4338
1.4335024895600e-04;       2388
1.4336991513000e-04;       2388
1.4338959323500e-04;       1598
1.4340925936900e-04;       1598
1.4342893732700e-04;       -352
1.4344860340800e-04;       -352
1.4346828166800e-04;       5374
1.4348466897800e-04;       5374
1.4350434721400e-04;       3424
1.4352401340600e-04;       3424
1.4354369159900e-04;       1474
1.4356335765800e-04;       1474
1.4358303595400e-04;       -476
1.4360270198100e-04;       -476
1.4362238006000e-04;       6410
1.4363876756500e-04;       6410
1.4365844565900e-04;       4460
1.4367811174900e-04;       4460
1.4369778990700e-04;       2510
1.4371745597500e-04;       2510
1.4373713432900e-04;        560
1.4375680034600e-04;        560
1.4377319976000e-04;      -1390
1.4379286577000e-04;      -1390
1.4381254392000e-04;       4336
1.4383221006800e-04;       4336
1.4385188824000e-04;       2386
1.4387155449700e-04;       2386
1.4389123248100e-04;       1596
1.4390761988900e-04;       1596
1.4392729813500e-04;       -354
1.4394696423000e-04;       -354
1.4396664249400e-04;       5372
1.4398630854800e-04;       5372
1.4400598668500e-04;       3422
1.4402565284000e-04;       3422
1.4404533090500e-04;       1472
1.4406171829700e-04;       1472
1.4408139652100e-04;       -478
1.4410106269500e-04;       -478
1.4412074082600e-04;       6408
1.4414040709600e-04;       6408
1.4416008534800e-04;       4458
1.4417975130600e-04;       4458
1.4419615090200e-04;       2508
1.4421581691000e-04;       2508
1.4423549503500e-04;        558
1.4425516112600e-04;        558
1.4427483933000e-04;      -1392
1.4429450549900e-04;      -1392
1.4431418360400e-04;       4334
1.4433384979200e-04;       4334
1.4435024933100e-04;      -5292
1.4436991548600e-04;      -5292
1.4438959366500e-04;       1594
1.4440925993600e-04;       1594
1.4442893803000e-04;       -356
1.4444860411300e-04;       -356
1.4446828229100e-04;       5370
1.4448466987700e-04;       5370
1.4450434813100e-04;       3420
1.4452401422900e-04;       3420
1.4454369242600e-04;       1470
1.4456335857000e-04;       1470
1.4458303671500e-04;       -480
1.4460270271500e-04;       -480
1.4462238102100e-04;       6406
1.4463876838000e-04;       6406
1.4465844655200e-04;       4456
1.4467811262900e-04;       4456
1.4469779086500e-04;       2506
1.4471745706000e-04;       2506
1.4473713521400e-04;        556
1.4475680128100e-04;        556
1.4477320076300e-04;       6282
1.4479286689400e-04;       6282
1.4481254499400e-04;       4332
1.4483221117600e-04;       4332
1.4485188935400e-04;       2382
1.4487155539700e-04;       2382
1.4489123350500e-04;       1592
1.4490762090800e-04;       1592
1.4492729895400e-04;       -358
1.4494696513300e-04;       -358
1.4496664329100e-04;       5368
1.4498630943900e-04;       5368
1.4500598756600e-04;       3418
1.4502565372600e-04;       3418
1.4504533190400e-04;       1468
1.4506171927500e-04;       1468
1.4508139731200e-04;       -482
1.4510106358900e-04;       -482
1.4512074170000e-04;       6404
1.4514040797700e-04;       6404
1.4516008611200e-04;       4454
1.4517975215100e-04;       4454
1.4519615158600e-04;       2504
1.4521581764500e-04;       2504
1.4523549554900e-04;        554
1.4525516181900e-04;        554
1.4527483988200e-04;       6280
1.4529450592700e-04;       6280
1.4531418397900e-04;       4330
1.4533384996300e-04;       4330
1.4535024966400e-04;       2380
1.4536991587900e-04;       2380
1.4538959384600e-04;       9266
1.4540925994800e-04;       9266
1.4542893813700e-04;       -360
1.4544860434400e-04;       -360
1.4546828247400e-04;       5366
1.4548466986600e-04;       5366
1.4550434801900e-04;       3416
1.4552401413000e-04;       3416
1.4554369232500e-04;       1466
1.4556335838100e-04;       1466
1.4558303658800e-04;       -484
1.4560270271400e-04;       -484
1.4562238092200e-04;       6402
1.4563876839500e-04;       6402
1.4565844628400e-04;       4452
1.4567811249100e-04;       4452
1.4569779073500e-04;       2502
1.4571745684800e-04;       2502
1.4573713488300e-04;        552
1.4575680098300e-04;        552
1.4577320030800e-04;      -1398
1.4579286641600e-04;      -1398
1.4581254462500e-04;       4328
1.4583221075300e-04;       4328
1.4585188886900e-04;       2378
1.4587155504100e-04;       2378
1.4589123317300e-04;       1588
1.4590762061600e-04;       1588
1.4592729855500e-04;       -362
1.4594696474700e-04;       -362
1.4596664288900e-04;       5364
1.4598630904800e-04;       5364
1.4600598734200e-04;       3414
1.4602565323700e-04;       3414
1.4604533134500e-04;       1464
1.4606171884300e-04;       1464
1.4608139699500e-04;       -486
1.4610106313200e-04;       -486
1.4612074125300e-04;       6400
1.4614040739300e-04;       6400
1.4616008539900e-04;       4450
1.4617975149100e-04;       4450
1.4619615088100e-04;       2500
1.4621581699500e-04;       2500
1.4623549522000e-04;        550
1.4625516141200e-04;        550
1.4627483954500e-04;       6276
1.4629450562300e-04;       6276
1.4631418380400e-04;       4326
1.4633384992300e-04;       4326
1.4635024933800e-04;       2376
1.4636991553100e-04;       2376
1.4638959365600e-04;       1586
1.4640925975000e-04;       1586
1.4642893797100e-04;       -364
1.4644860401700e-04;       -364
1.4646828220300e-04;       5362
1.4648466952200e-04;       5362
1.4650434759400e-04;       3412
1.4652401372000e-04;       3412
1.4654369192800e-04;       1462
1.4656335800200e-04;       1462
1.4658303612300e-04;       -488
1.4660270229900e-04;       -488
1.4662238039200e-04;       6398
1.4663876783700e-04;       6398
1.4665844591000e-04;       4448
1.4667811207200e-04;       4448
1.4669779014400e-04;       2498
1.4671745635200e-04;       2498
1.4673713448300e-04;        548
1.4675680045900e-04;        548
1.4677319997300e-04;      -1402
1.4679286622000e-04;      -1402
1.4681254427300e-04;       4324
1.4683221042600e-04;       4324
1.4685188840200e-04;       2374
1.4687155456100e-04;       2374
1.4689123261900e-04;       1584
1.4690762011500e-04;       1584
1.4692729809200e-04;       -366
1.4694696411700e-04;       -366
1.4696664237100e-04;       5360
1.4698630835300e-04;       5360
1.4700598651100e-04;       3410
1.4702565258700e-04;       3410
1.4704533076400e-04;       1460
1.4706171822000e-04;       1460
1.4708139633700e-04;       -490
1.4710106254800e-04;       -490
1.4712074078900e-04;       6396
1.4714040676900e-04;       6396
1.4716008484100e-04;       4446
1.4717975104700e-04;       4446
1.4719615038300e-04;       2496
1.4721581660900e-04;       2496
1.4723549480100e-04;        546
1.4725516084400e-04;        546
1.4727483906600e-04;      -1404
1.4729450519700e-04;      -1404
1.4731418336400e-04;       4322
1.4733384948300e-04;       4322
1.4735024883300e-04;       2372
1.4736991499500e-04;       2372
1.4738959316800e-04;       1582
1.4740925907600e-04;       1582
1.4742893733500e-04;       -368
1.4744860351400e-04;       -368
1.4746828153000e-04;       5358
1.4748466905200e-04;       5358
1.4750434731000e-04;       3408
1.4752401341800e-04;       3408
1.4754369154500e-04;       1458
1.4756335775000e-04;       1458
1.4758303571700e-04;       -492
1.4760270203800e-04;       -492
1.4762238009500e-04;       6394
1.4763876772100e-04;       6394
1.4765844593400e-04;       4444
1.4767811194100e-04;       4444
1.4769778993200e-04;       2494
1.4771745612900e-04;       2494
1.4773713437800e-04;        544
1.4775680056000e-04;        544
1.4777319999600e-04;      -1406
1.4779286608200e-04;      -1406
1.4781254432000e-04;       4320
1.4783221052200e-04;       4320
1.4785188864100e-04;       2370
1.4787155482400e-04;       2370
1.4789123294700e-04;       1580
1.4790762052200e-04;       1580
1.4792729850500e-04;       -370
1.4794696465700e-04;       -370
1.4796664280800e-04;       5356
1.4798630877800e-04;       5356
1.4800598695600e-04;       3406
1.4802565307400e-04;       3406
1.4804533115100e-04;       1456
1.4806171856900e-04;       1456
1.4808139682300e-04;       -494
1.4810106299600e-04;       -494
1.4812074105000e-04;       6392
1.4814040713200e-04;       6392
1.4816008523300e-04;       4442
1.4817975130900e-04;       4442
1.4819615079000e-04;       2492
1.4821581693400e-04;       2492
1.4823549500200e-04;        542
1.4825516107300e-04;        542
1.4827483934000e-04;      -1408
1.4829450546200e-04;      -1408
1.4831418355800e-04;       4318
1.4833384980400e-04;       4318
1.4835024924200e-04;       2368
1.4836991535100e-04;       2368
1.4838959332300e-04;       1578
1.4840925938100e-04;       1578
1.4842893748500e-04;       -372
1.4844860348600e-04;       -372
1.4846828181000e-04;       5354
1.4848466925000e-04;       5354
1.4850434728000e-04;       3404
1.4852401348300e-04;       3404
1.4854369154600e-04;       1454
1.4856335758300e-04;       1454
1.4858303579600e-04;       -496
1.4860270200800e-04;       -496
1.4862237995800e-04;       6390
1.4863876741500e-04;       6390
1.4865844558200e-04;       4440
1.4867811166800e-04;       4440
1.4869778974600e-04;       2490
1.4871745589300e-04;       2490
1.4873713408200e-04;        540
1.4875680023800e-04;        540
1.4877319956900e-04;      -1410
1.4879286567200e-04;      -1410
1.4881254401900e-04;       4316
1.4883221013000e-04;       4316
1.4885188831700e-04;       2366
1.4887155443500e-04;       2366
1.4889123241900e-04;       1576
1.4890761983300e-04;       1576
1.4892729806200e-04;       -374
1.4894696425000e-04;       -374
1.4896664237900e-04;       5352
1.4898630859400e-04;       5352
1.4900598663000e-04;       3402
1.4902565261800e-04;       3402
1.4904533070300e-04;       1452
1.4906171818500e-04;       1452
1.4908139636300e-04;       -498
1.4910106263600e-04;       -498
1.4912074072400e-04;       6388
1.4914040700900e-04;       6388
1.4916008513100e-04;       4438
1.4917975123900e-04;       4438
1.4919615056700e-04;       2488
1.4921581664000e-04;       2488
1.4923549463000e-04;        538
1.4925516077500e-04;        538
1.4927483901800e-04;      -1412
1.4929450524200e-04;      -1412
1.4931418320000e-04;       4314
1.4933384950100e-04;       4314
1.4935024895000e-04;       2364
1.4936991513600e-04;       2364
1.4938959335400e-04;       1574
1.4940925941600e-04;       1574
1.4942893756200e-04;       -376
1.4944860374200e-04;       -376
1.4946828190400e-04;       5350
1.4948466937000e-04;       5350
1.4950434753400e-04;       3400
1.4952401375000e-04;       3400
1.4954369195800e-04;       1450
1.4956335806300e-04;       1450
1.4958303615300e-04;       -500
1.4960270243700e-04;       -500
1.4962238063100e-04;       6386
1.4963876801000e-04;       6386
1.4965844618800e-04;       4436
1.4967811244800e-04;       4436
1.4969779054500e-04;       2486
1.4971745669600e-04;       2486
1.4973713503600e-04;        536
1.4975680111600e-04;        536
1.4977320059300e-04;       6262
1.4979286670700e-04;       6262
1.4981254494300e-04;       4312
1.4983221107000e-04;       4312
1.4985188923000e-04;       2362
1.4987155536300e-04;       2362
1.4989123345500e-04;       1572
1.4990762091200e-04;       1572
1.4992729903000e-04;       -378
1.4994696512300e-04;       -378
1.4996664305600e-04;       5348
1.4998630924700e-04;       5348
1.5000598745900e-04;       3398
1.5002565346300e-04;       3398
1.5004533175400e-04;       1448
1.5006171925300e-04;       1448
1.5008139723200e-04;       -502
1.5010106323400e-04;       -502
1.5012074143100e-04;       6384
1.5014040761400e-04;       6384
1.5016008571000e-04;       4434
1.5017975194000e-04;       4434
1.5019615134100e-04;       2484
1.5021581744900e-04;       2484
1.5023549557700e-04;        534
1.5025516172600e-04;        534
1.5027483986800e-04;       6260
1.5029450595700e-04;       6260
1.5031418411900e-04;       4310
1.5033385020800e-04;       4310
1.5035024983800e-04;       2360
1.5036991594400e-04;       2360
1.5038959417100e-04;       1570
1.5040926027300e-04;       1570
1.5042893828000e-04;       -380
1.5044860426100e-04;       -380
1.5046828248900e-04;       5346
1.5048466983000e-04;       5346
1.5050434809100e-04;       3396
1.5052401422000e-04;       3396
1.5054369227500e-04;       1446
1.5056335850100e-04;       1446
1.5058303663000e-04;       -504
1.5060270277600e-04;       -504
1.5062238096800e-04;       6382
1.5063876849900e-04;       6382
1.5065844681300e-04;       4432
1.5067811300600e-04;       4432
1.5069779112100e-04;       2482
1.5071745718900e-04;       2482
1.5073713534200e-04;        532
1.5075680136800e-04;        532
1.5077320087300e-04;      -1418
1.5079286695000e-04;      -1418
1.5081254511100e-04;       4308
1.5083221121400e-04;       4308
1.5085188936600e-04;       2358
1.5087155534900e-04;       2358
1.5089123350400e-04;       1568
1.5090762091200e-04;       1568
1.5092729905200e-04;       -382
1.5094696502700e-04;       -382
1.5096664329800e-04;       5344
1.5098630958500e-04;       5344
1.5100598767000e-04;       3394
1.5102565380000e-04;       3394
1.5104533199700e-04;       1444
1.5106171949900e-04;       1444
1.5108139767000e-04;       -506
1.5110106377400e-04;       -506
1.5112074192000e-04;       6380
1.5114040800800e-04;       6380
1.5116008603800e-04;       4430
1.5117975214400e-04;       4430
1.5119615161000e-04;       2480
1.5121581765500e-04;       2480
1.5123549586100e-04;        530
1.5125516190600e-04;        530
1.5127484004900e-04;       6256
1.5129450613200e-04;       6256
1.5131418426500e-04;       4306
1.5133385048000e-04;       4306
1.5135024980600e-04;       2356
1.5136991596300e-04;       2356
1.5138959404100e-04;       1566
1.5140926017300e-04;       1566
1.5142893817500e-04;       -384
1.5144860433600e-04;       -384
1.5146828250000e-04;       5342
1.5148466976300e-04;       5342
1.5150434782300e-04;       3392
1.5152401392200e-04;       3392
1.5154369200400e-04;       1442
1.5156335807000e-04;       1442
1.5158303608900e-04;       -508
1.5160270223000e-04;       -508
1.5162238037500e-04;       6378
1.5163876784100e-04;       6378
1.5165844589800e-04;       4428
1.5167811201500e-04;       4428
1.5169779010900e-04;       2478
1.5171745626000e-04;       2478
1.5173713448900e-04;        528
1.5175680064500e-04;        528
1.5177320030700e-04;       6254
1.5179286651900e-04;       6254
1.5181254474000e-04;       4304
1.5183221094200e-04;       4304
1.5185188919800e-04;       2354
1.5187155528500e-04;       2354
1.5189123347600e-04;       1564
1.5190762092100e-04;       1564
1.5192729899000e-04;       -386
1.5194696511400e-04;       -386
1.5196664331000e-04;       5340
1.5198630944000e-04;       5340
1.5200598747500e-04;       3390
1.5202565370000e-04;       3390
1.5204533183300e-04;       1440
1.5206171930400e-04;       1440
1.5208139732100e-04;       -510
1.5210106357700e-04;       -510
1.5212074163800e-04;       6376
1.5214040787600e-04;       6376
1.5216008586500e-04;       4426
1.5217975191400e-04;       4426
1.5219615124500e-04;       2476
1.5221581745100e-04;       2476
1.5223549558800e-04;        526
1.5225516176000e-04;        526
1.5227483999600e-04;      -1424
1.5229450609100e-04;      -1424
1.5231418429800e-04;       4302
1.5233385043400e-04;       4302
1.5235024978500e-04;       2352
1.5236991585600e-04;       2352
1.5238959404500e-04;       1562
1.5240926021400e-04;       1562
1.5242893835500e-04;       -388
1.5244860436300e-04;       -388
1.5246828263700e-04;       5338
1.5248467013700e-04;       5338
1.5250434818300e-04;       3388
1.5252401422700e-04;       3388
1.5254369245100e-04;       1438
1.5256335868300e-04;       1438
1.5258303686200e-04;       -512
1.5260270286000e-04;       -512
1.5262238101600e-04;       6374
1.5263876859500e-04;       6374
1.5265844675100e-04;       4424
1.5267811277400e-04;       4424
1.5269779091200e-04;       2474
1.5271745713800e-04;       2474
1.5273713516600e-04;        524
1.5275680136600e-04;        524
1.5277320083600e-04;       6250
1.5279286691300e-04;       6250
1.5281254512100e-04;       4300
1.5283221116700e-04;       4300
1.5285188935600e-04;       2350
1.5287155560400e-04;       2350
1.5289123363700e-04;       1560
1.5290762098800e-04;       1560
1.5292729916300e-04;       -390
1.5294696536200e-04;       -390
1.5296664352400e-04;       5336
1.5298630958500e-04;       5336
1.5300598769600e-04;       3386
1.5302565375300e-04;       3386
1.5304533185100e-04;       1436
1.5306171933000e-04;       1436
1.5308139747100e-04;       -514
1.5310106361000e-04;       -514
1.5312074205000e-04;       6372
1.5314040809600e-04;       6372
1.5316008638200e-04;       4422
1.5317975241700e-04;       4422
1.5319615206100e-04;       2472
1.5321581812900e-04;       2472
1.5323549632000e-04;        522
1.5325516238700e-04;        522
1.5327484066200e-04;       6248
1.5329450672000e-04;       6248
1.5331418488900e-04;       4298
1.5333385107800e-04;       4298
1.5335025048000e-04;       2348
1.5336991638700e-04;       2348
1.5338959450600e-04;       1558
1.5340926067000e-04;       1558
1.5342893883100e-04;       -392
1.5344860493400e-04;       -392
1.5346828311800e-04;       5334
1.5348467047700e-04;       5334
1.5350434869000e-04;       3384
1.5352401477500e-04;       3384
1.5354369290300e-04;       1434
1.5356335905700e-04;       1434
1.5358303732100e-04;       7160
1.5360270331500e-04;       7160
1.5362238153500e-04;       6370
1.5363876890500e-04;       6370
1.5365844703600e-04;       4420
1.5367811325900e-04;       4420
1.5369779130500e-04;       2470
1.5371745749300e-04;       2470
1.5373713576900e-04;        520
1.5375680194600e-04;        520
1.5377320142700e-04;      -1430
1.5379286756800e-04;      -1430
1.5381254560000e-04;       4296
1.5383221168500e-04;       4296
1.5385188978700e-04;       2346
1.5387155593400e-04;       2346
1.5389123411400e-04;       1556
1.5390762158000e-04;       1556
1.5392729948900e-04;       -394
1.5394696573300e-04;       -394
1.5396664382300e-04;       5332
1.5398631004400e-04;       5332
1.5400598813700e-04;       3382
1.5402565432200e-04;       3382
1.5404533246500e-04;       1432
1.5406171993100e-04;       1432
1.5408139818100e-04;       7158
1.5410106433300e-04;       7158
1.5412074251100e-04;       6368
1.5414040862100e-04;       6368
1.5416008673900e-04;       4418
1.5417975284100e-04;       4418
1.5419615232100e-04;       2468
1.5421581834400e-04;       2468
1.5423549651900e-04;        518
1.5425516258300e-04;        518
1.5427484067900e-04;       6244
1.5429450674300e-04;       6244
1.5431418485800e-04;       4294
1.5433385097900e-04;       4294
1.5435025039500e-04;       2344
1.5436991635800e-04;       2344
1.5438959459900e-04;       1554
1.5440926062200e-04;       1554
1.5442893877000e-04;       -396
1.5444860487500e-04;       -396
1.5446828292900e-04;       5330
1.5448467041800e-04;       5330
1.5450434837700e-04;       3380
1.5452401441900e-04;       3380
1.5454369263000e-04;       1430
1.5456335883400e-04;       1430
1.5458303693200e-04;       7156
1.5460270287000e-04;       7156
1.5462238107000e-04;       6366
1.5463876859200e-04;       6366
1.5465844664900e-04;       4416
1.5467811282100e-04;       4416
1.5469779085400e-04;       2466
1.5471745721100e-04;       2466
1.5473713539600e-04;        516
1.5475680142200e-04;        516
1.5477320091400e-04;      -1434
1.5479286713900e-04;      -1434
1.5481254534200e-04;       4292
1.5483221123600e-04;       4292
1.5485188927400e-04;       2342
1.5487155542900e-04;       2342
1.5489123347700e-04;       9228
1.5490762106500e-04;       9228
1.5492729914100e-04;       -398
1.5494696530900e-04;       -398
1.5496664325500e-04;       5328
1.5498630940700e-04;       5328
1.5500598748300e-04;       3378
1.5502565365500e-04;       3378
1.5504533184200e-04;       1428
1.5506171917600e-04;       1428
1.5508139742900e-04;       -522
1.5510106365700e-04;       -522
1.5512074180600e-04;       6364
1.5514040809400e-04;       6364
1.5516008621300e-04;       4414
1.5517975229500e-04;       4414
1.5519615186100e-04;       2464
1.5521581803500e-04;       2464
1.5523549638400e-04;        514
1.5525516239400e-04;        514
1.5527484049800e-04;       6240
1.5529450661200e-04;       6240
1.5531418464700e-04;       4290
1.5533385073900e-04;       4290
1.5535025027500e-04;       2340
1.5536991640700e-04;       2340
1.5538959444300e-04;       1550
1.5540926068900e-04;       1550
1.5542893872200e-04;       -400
1.5544860468600e-04;       -400
1.5546828290700e-04;       5326
1.5548467037900e-04;       5326
1.5550434837300e-04;       3376
1.5552401442300e-04;       3376
1.5554369248300e-04;       1426
1.5556335853600e-04;       1426
1.5558303665000e-04;       -524
1.5560270268400e-04;       -524
1.5562238086700e-04;       6362
1.5563876830500e-04;       6362
1.5565844650500e-04;       4412
1.5567811267600e-04;       4412
1.5569779081100e-04;       2462
1.5571745695900e-04;       2462
1.5573713517900e-04;        512
1.5575680117400e-04;        512
1.5577320067200e-04;       6238
1.5579286684000e-04;       6238
1.5581254497500e-04;       4288
1.5583221104300e-04;       4288
1.5585188917400e-04;       2338
1.5587155532600e-04;       2338
1.5589123336800e-04;       1548
1.5590762081800e-04;       1548
1.5592729895700e-04;       -402
1.5594696505400e-04;       -402
1.5596664306100e-04;       5324
1.5598630933900e-04;       5324
1.5600598746300e-04;       3374
1.5602565353800e-04;       3374
1.5604533162600e-04;       1424
1.5606171906000e-04;       1424
1.5608139731400e-04;       -526
1.5610106339400e-04;       -526
1.5612074144200e-04;       6360
1.5614040750200e-04;       6360
1.5616008552200e-04;       4410
1.5617975174200e-04;       4410
1.5619615128000e-04;       2460
1.5621581740500e-04;       2460
1.5623549559700e-04;        510
1.5625516150500e-04;        510
1.5627483983100e-04;       6236
1.5629450586100e-04;       6236
1.5631418387800e-04;       4286
1.5633385001000e-04;       4286
1.5635024952400e-04;       2336
1.5636991568500e-04;       2336
1.5638959397900e-04;       1546
1.5640925996800e-04;       1546
1.5642893802800e-04;       -404
1.5644860414400e-04;       -404
1.5646828244000e-04;       5322
1.5648466992900e-04;       5322
1.5650434822900e-04;       3372
1.5652401426500e-04;       3372
1.5654369232700e-04;       1422
1.5656335859600e-04;       1422
1.5658303672700e-04;       -528
1.5660270291600e-04;       -528
1.5662238114200e-04;       6358
1.5663876855900e-04;       6358
1.5665844684200e-04;       4408
1.5667811297800e-04;       4408
1.5669779104100e-04;       2458
1.5671745705900e-04;       2458
1.5673713516500e-04;        508
1.5675680106300e-04;        508
1.5677320073200e-04;      -1442
1.5679286689100e-04;      -1442
1.5681254503000e-04;       4284
1.5683221115900e-04;       4284
1.5685188918900e-04;       2334
1.5687155527400e-04;       2334
1.5689123343100e-04;       9220
1.5690762091100e-04;       9220
1.5692729909400e-04;       -406
1.5694696518400e-04;       -406
1.5696664334400e-04;       5320
1.5698630935000e-04;       5320
1.5700598758100e-04;       3370
1.5702565370000e-04;       3370
1.5704533182300e-04;       1420
1.5706171927300e-04;       1420
1.5708139737700e-04;       -530
1.5710106355200e-04;       -530
1.5712074160400e-04;       6356
1.5714040771600e-04;       6356
1.5716008599400e-04;       4406
1.5717975217000e-04;       4406
1.5719615168600e-04;       2456
1.5721581770200e-04;       2456
1.5723549579300e-04;        506
1.5725516202100e-04;        506
1.5727484000900e-04;       6232
1.5729450614000e-04;       6232
1.5731418437800e-04;       4282
1.5733385043000e-04;       4282
1.5735024993700e-04;       2332
1.5736991593800e-04;       2332
1.5738959416400e-04;       1542
1.5740926029400e-04;       1542
1.5742893849800e-04;       -408
1.5744860465100e-04;       -408
1.5746828272600e-04;       5318
1.5748467008600e-04;       5318
1.5750434822200e-04;       3368
1.5752401426100e-04;       3368
1.5754369238100e-04;       1418
1.5756335842400e-04;       1418
1.5758303657100e-04;       -532
1.5760270256900e-04;       -532
1.5762238086800e-04;       6354
1.5763876823600e-04;       6354
1.5765844634700e-04;       4404
1.5767811248600e-04;       4404
1.5769779057300e-04;       2454
1.5771745696000e-04;       2454
1.5773713510100e-04;        504
1.5775680126500e-04;        504
1.5777320072400e-04;       6230
1.5779286684600e-04;       6230
1.5781254492100e-04;       4280
1.5783221084600e-04;       4280
1.5785188899200e-04;       2330
1.5787155514400e-04;       2330
1.5789123340700e-04;       1540
1.5790762089000e-04;       1540
1.5792729900600e-04;       -410
1.5794696506200e-04;       -410
1.5796664314200e-04;       5316
1.5798630924500e-04;       5316
1.5800598745600e-04;       3366
1.5802565369200e-04;       3366
1.5804533163500e-04;       1416
1.5806171932200e-04;       1416
1.5808139737000e-04;       -534
1.5810106369300e-04;       -534
1.5812074175000e-04;       6352
1.5814040786000e-04;       6352
1.5816008598300e-04;       4402
1.5817975225500e-04;       4402
1.5819615175000e-04;       2452
1.5821581775700e-04;       2452
1.5823549598300e-04;        502
1.5825516201400e-04;        502
1.5827484015000e-04;       6228
1.5829450640300e-04;       6228
1.5831418460400e-04;       4278
1.5833385057300e-04;       4278
1.5835025005200e-04;       2328
1.5836991632700e-04;       2328
1.5838959427600e-04;       9214
1.5840926043700e-04;       9214
1.5842893854400e-04;       -412
1.5844860465200e-04;       -412
1.5846828293000e-04;       5314
1.5848467012700e-04;       5314
1.5850434813900e-04;       3364
1.5852401437900e-04;       3364
1.5854369237000e-04;       1414
1.5856335856300e-04;       1414
1.5858303678200e-04;       -536
1.5860270277300e-04;       -536
1.5862238092400e-04;       6350
1.5863876832500e-04;       6350
1.5865844626300e-04;       4400
1.5867811236000e-04;       4400
1.5869779049200e-04;       2450
1.5871745666400e-04;       2450
1.5873713478000e-04;       8176
1.5875680090800e-04;       8176
1.5877320038900e-04;       6226
1.5879286648800e-04;       6226
1.5881254453300e-04;       4276
1.5883221052400e-04;       4276
1.5885188868000e-04;      -5350
1.5887155477200e-04;      -5350
1.5889123276500e-04;       1536
1.5890762015900e-04;       1536
1.5892729838500e-04;       -414
1.5894696462600e-04;       -414
1.5896664287600e-04;       5312
1.5898630894200e-04;       5312
1.5900598720700e-04;       3362
1.5902565328800e-04;       3362
1.5904533131300e-04;       1412
1.5906171872900e-04;       1412
1.5908139676800e-04;       -538
1.5910106296200e-04;       -538
1.5912074100300e-04;       6348
1.5914040722200e-04;       6348
1.5916008532600e-04;       4398
1.5917975135700e-04;       4398
1.5919615090400e-04;       2448
1.5921581700500e-04;       2448
1.5923549525200e-04;        498
1.5925516156100e-04;        498
1.5927483980000e-04;       6224
1.5929450591100e-04;       6224
1.5931418412500e-04;       4274
1.5933385008500e-04;       4274
1.5935024961000e-04;      -5352
1.5936991571800e-04;      -5352
1.5938959386800e-04;       1534
1.5940925996700e-04;       1534
1.5942893813500e-04;       -416
1.5944860433400e-04;       -416
1.5946828247000e-04;       5310
1.5948467001400e-04;       5310
1.5950434813300e-04;       3360
1.5952401416500e-04;       3360
1.5954369229100e-04;       1410
1.5956335856500e-04;       1410
1.5958303664200e-04;       -540
1.5960270282200e-04;       -540
1.5962238089400e-04;       6346
1.5963876841200e-04;       6346
1.5965844654200e-04;       4396
1.5967811268700e-04;       4396
1.5969779088400e-04;       2446
1.5971745706100e-04;       2446
1.5973713522300e-04;       8172
1.5975680150500e-04;       8172
1.5977320083500e-04;       6222
1.5979286715000e-04;       6222
1.5981254517000e-04;       4272
1.5983221113200e-04;       4272
1.5985188921600e-04;       2322
1.5987155537000e-04;       2322
1.5989123335700e-04;       1532
1.5990762081500e-04;       1532
1.5992729887300e-04;       -418
1.5994696505200e-04;       -418
1.5996664325200e-04;       5308
1.5998630931000e-04;       5308
1.6000598762100e-04;       3358
1.6002565359600e-04;       3358
1.6004533160100e-04;       1408
1.6006171908800e-04;       1408
1.6008139725300e-04;       -542
1.6010106346800e-04;       -542
1.6012074160800e-04;       6344
1.6014040784900e-04;       6344
1.6016008598900e-04;       4394
1.6017975215100e-04;       4394
1.6019615162300e-04;       2444
1.6021581770200e-04;       2444
1.6023549576700e-04;        494
1.6025516183300e-04;        494
1.6027483987100e-04;      -1456
1.6029450605000e-04;      -1456
1.6031418429300e-04;       4270
1.6033385042800e-04;       4270
1.6035024978000e-04;       2320
1.6036991594600e-04;       2320
1.6038959404400e-04;       9206
1.6040926030800e-04;       9206
1.6042893840800e-04;       -420
1.6044860452100e-04;       -420
1.6046828268400e-04;       5306
1.6048467010400e-04;       5306
1.6050434833100e-04;       3356
1.6052401441000e-04;       3356
1.6054369255600e-04;       1406
1.6056335861900e-04;       1406
1.6058303670400e-04;       -544
1.6060270274600e-04;       -544
1.6062238103200e-04;       6342
1.6063876836200e-04;       6342
1.6065844642800e-04;       4392
1.6067811246600e-04;       4392
1.6069779051400e-04;       2442
1.6071745659200e-04;       2442
1.6073713467100e-04;        492
1.6075680076200e-04;        492
1.6077320006000e-04;      -1458
1.6079286612900e-04;      -1458
1.6081254421700e-04;       4268
1.6083221029300e-04;       4268
1.6085188854700e-04;       2318
1.6087155478600e-04;       2318
1.6089123273300e-04;       1528
1.6090762023700e-04;       1528
1.6092729830300e-04;       -422
1.6094696456800e-04;       -422
1.6096664265300e-04;       5304
1.6098630873600e-04;       5304
1.6100598682200e-04;       3354
1.6102565308900e-04;       3354
1.6104533138700e-04;       1404
1.6106171879600e-04;       1404
1.6108139690200e-04;       -546
1.6110106319200e-04;       -546
1.6112074132100e-04;       6340
1.6114040768600e-04;       6340
1.6116008566200e-04;       4390
1.6117975180900e-04;       4390
1.6119615131700e-04;       2440
1.6121581744300e-04;       2440
1.6123549562500e-04;        490
1.6125516179500e-04;        490
1.6127484004700e-04;       6216
1.6129450618200e-04;       6216
1.6131418422000e-04;       4266
1.6133385033900e-04;       4266
1.6135024977900e-04;       2316
1.6136991596900e-04;       2316
1.6138959401600e-04;       1526
1.6140926015500e-04;       1526
1.6142893820800e-04;       -424
1.6144860439400e-04;       -424
1.6146828248400e-04;       5302
1.6148467006900e-04;       5302
1.6150434814100e-04;       3352
1.6152401430200e-04;       3352
1.6154369230300e-04;       1402
1.6156335852200e-04;       1402
1.6158303670500e-04;       -548
1.6160270296400e-04;       -548
1.6162238108400e-04;       6338
1.6163876863100e-04;       6338
1.6165844681100e-04;       4388
1.6167811281100e-04;       4388
1.6169779089200e-04;       2438
1.6171745713900e-04;       2438
1.6173713527200e-04;        488
1.6175680141200e-04;        488
1.6177320085700e-04;       6214
1.6179286709700e-04;       6214
1.6181254518600e-04;       4264
1.6183221128600e-04;       4264
1.6185188929800e-04;       2314
1.6187155556600e-04;       2314
1.6189123368100e-04;       1524
1.6190762117500e-04;       1524
1.6192729904800e-04;       -426
1.6194696514900e-04;       -426
1.6196664322800e-04;       5300
1.6198630929900e-04;       5300
1.6200598757500e-04;       3350
1.6202565367900e-04;       3350
1.6204533174500e-04;       1400
1.6206171919100e-04;       1400
1.6208139719300e-04;       -550
1.6210106322200e-04;       -550
1.6212074133300e-04;       6336
1.6214040747300e-04;       6336
1.6216008563900e-04;       4386
1.6217975182300e-04;       4386
1.6219615121800e-04;       2436
1.6221581736100e-04;       2436
1.6223549548800e-04;        486
1.6225516162800e-04;        486
1.6227483970700e-04;       6212
1.6229450589500e-04;       6212
1.6231418394700e-04;       4262
1.6233385025200e-04;       4262
1.6235024961500e-04;       2312
1.6236991574900e-04;       2312
1.6238959389700e-04;       1522
1.6240925994400e-04;       1522
1.6242893806200e-04;       -428
1.6244860405600e-04;       -428
1.6246828222000e-04;       5298
1.6248466963500e-04;       5298
1.6250434770100e-04;       3348
1.6252401393200e-04;       3348
1.6254369203800e-04;       1398
1.6256335813100e-04;       1398
1.6258303624200e-04;       -552
1.6260270251500e-04;       -552
1.6262238040400e-04;       6334
1.6263876795300e-04;       6334
1.6265844609500e-04;       4384
1.6267811230600e-04;       4384
1.6269779039400e-04;       2434
1.6271745662600e-04;       2434
1.6273713473500e-04;        484
1.6275680094700e-04;        484
1.6277320043800e-04;       6210
1.6279286659100e-04;       6210
1.6281254473900e-04;       4260
1.6283221099400e-04;       4260
1.6285188893000e-04;       2310
1.6287155496300e-04;       2310
1.6289123321800e-04;       1520
1.6290762069400e-04;       1520
1.6292729880100e-04;       -430
1.6294696483000e-04;       -430
1.6296664287600e-04;       5296
1.6298630893500e-04;       5296
1.6300598695000e-04;       3346
1.6302565314900e-04;       3346
1.6304533129700e-04;       1396
1.6306171876400e-04;       1396
1.6308139695400e-04;       -554
1.6310106293400e-04;       -554
1.6312074104900e-04;       6332
1.6314040703100e-04;       6332
1.6316008528000e-04;       4382
1.6317975142700e-04;       4382
1.6319615083900e-04;       2432
1.6321581692100e-04;       2432
1.6323549508500e-04;        482
1.6325516134100e-04;        482
1.6327483951400e-04;      -1468
1.6329450566400e-04;      -1468
1.6331418388700e-04;       4258
1.6333385005400e-04;       4258
1.6335024936900e-04;       2308
1.6336991570200e-04;       2308
1.6338959380600e-04;       1518
1.6340926001900e-04;       1518
1.6342893813300e-04;       -432
1.6344860428600e-04;       -432
1.6346828238900e-04;       5294
1.6348467008200e-04;       5294
1.6350434815300e-04;       3344
1.6352401434400e-04;       3344
1.6354369241000e-04;       1394
1.6356335842900e-04;       1394
1.6358303674500e-04;       -556
1.6360270276600e-04;       -556
1.6362238087400e-04;       6330
1.6363876829700e-04;       6330
1.6365844638100e-04;       4380
1.6367811244700e-04;       4380
1.6369779050800e-04;       2430
1.6371745670100e-04;       2430
1.6373713480400e-04;        480
1.6375680072300e-04;        480
1.6377320019100e-04;       6206
1.6379286627100e-04;       6206
1.6381254453700e-04;       4256
1.6383221069600e-04;       4256
1.6385188888400e-04;       2306
1.6387155508200e-04;       2306
1.6389123321100e-04;       1516
1.6390762057500e-04;       1516
1.6392729889400e-04;       7242
1.6394696510700e-04;       7242
1.6396664310600e-04;       5292
1.6398630911600e-04;       5292
1.6400598735300e-04;       3342
1.6402565349800e-04;       3342
1.6404533159500e-04;       1392
1.6406171910200e-04;       1392
1.6408139730900e-04;       -558
1.6410106351700e-04;       -558
1.6412074143400e-04;       6328
1.6414040761800e-04;       6328
1.6416008592900e-04;       4378
1.6417975220300e-04;       4378
1.6419615152100e-04;       2428
1.6421581765000e-04;       2428
1.6423549574900e-04;        478
1.6425516173500e-04;        478
1.6427483992000e-04;       6204
1.6429450605200e-04;       6204
1.6431418417800e-04;       4254
1.6433385027700e-04;       4254
1.6435024966300e-04;       2304
1.6436991567500e-04;       2304
1.6438959382000e-04;       1514
1.6440926000400e-04;       1514
1.6442893811100e-04;       -436
1.6444860419400e-04;       -436
1.6446828242900e-04;       5290
1.6448466988000e-04;       5290
1.6450434785500e-04;       3340
1.6452401390800e-04;       3340
1.6454369207400e-04;       1390
1.6456335814400e-04;       1390
1.6458303625900e-04;       -560
1.6460270230800e-04;       -560
1.6462238049500e-04;       6326
1.6463876799500e-04;       6326
1.6465844612800e-04;       4376
1.6467811230600e-04;       4376
1.6469779054200e-04;       2426
1.6471745665200e-04;       2426
1.6473713488800e-04;        476
1.6475680099900e-04;        476
1.6477320043100e-04;       6202
1.6479286664700e-04;       6202
1.6481254478300e-04;       4252
1.6483221089000e-04;       4252
1.6485188885100e-04;       2302
1.6487155496900e-04;       2302
1.6489123309400e-04;       1512
1.6490762064800e-04;       1512
1.6492729881300e-04;       -438
1.6494696507500e-04;       -438
1.6496664328300e-04;       5288
1.6498630938300e-04;       5288
1.6500598758000e-04;       3338
1.6502565364300e-04;       3338
1.6504533174100e-04;       1388
1.6506171927100e-04;       1388
1.6508139736500e-04;       7114
1.6510106363700e-04;       7114
1.6512074171800e-04;       6324
1.6514040796000e-04;       6324
1.6516008604400e-04;       4374
1.6517975224700e-04;       4374
1.6519615160500e-04;       2424
1.6521581769200e-04;       2424
1.6523549570300e-04;        474
1.6525516195600e-04;        474
1.6527484003100e-04;       6200
1.6529450618200e-04;       6200
1.6531418433500e-04;       4250
1.6533385042400e-04;       4250
1.6535024984500e-04;       2300
1.6536991600300e-04;       2300
1.6538959397400e-04;       1510
1.6540926000000e-04;       1510
1.6542893812400e-04;       -440
1.6544860426700e-04;       -440
1.6546828227800e-04;       5286
1.6548466989800e-04;       5286
1.6550434805700e-04;       3336
1.6552401412900e-04;       3336
1.6554369227000e-04;       1386
1.6556335835900e-04;       1386
1.6558303647100e-04;       -564
1.6560270257700e-04;       -564
1.6562238065000e-04;       6322
1.6563876818000e-04;       6322
1.6565844636300e-04;       4372
1.6567811243700e-04;       4372
1.6569779059800e-04;       2422
1.6571745696600e-04;       2422
1.6573713504100e-04;        472
1.6575680116300e-04;        472
1.6577320064000e-04;       6198
1.6579286682200e-04;       6198
1.6581254497600e-04;       4248
1.6583221104700e-04;       4248
1.6585188916000e-04;       2298
1.6587155537200e-04;       2298
1.6589123334800e-04;       1508
1.6590762074700e-04;       1508
1.6592729873200e-04;       -442
1.6594696480200e-04;       -442
1.6596664295200e-04;       5284
1.6598630891700e-04;       5284
1.6600598706000e-04;       3334
1.6602565302700e-04;       3334
1.6604533121100e-04;       1384
1.6606171857700e-04;       1384
1.6608139677300e-04;       -566
1.6610106278500e-04;       -566
1.6612074084900e-04;       6320
1.6614040695500e-04;       6320
1.6616008516600e-04;       4370
1.6617975131100e-04;       4370
1.6619615077100e-04;       2420
1.6621581690500e-04;       2420
1.6623549493100e-04;        470
1.6625516101500e-04;        470
1.6627483912500e-04;       6196
1.6629450510500e-04;       6196
1.6631418311300e-04;       4246
1.6633384921400e-04;       4246
1.6635024877300e-04;       2296
1.6636991472100e-04;       2296
1.6638959268700e-04;       1506
1.6640925891900e-04;       1506
1.6642893713400e-04;       -444
1.6644860310900e-04;       -444
1.6646828123300e-04;       5282
1.6648466877900e-04;       5282
1.6650434682500e-04;       3332
1.6652401298000e-04;       3332
1.6654369121800e-04;       1382
1.6656335737200e-04;       1382
1.6658303575300e-04;       -568
1.6660270173300e-04;       -568
1.6662237987100e-04;       6318
1.6663876712700e-04;       6318
1.6665844538200e-04;       4368
1.6667811142900e-04;       4368
1.6669778971100e-04;       2418
1.6671745595000e-04;       2418
1.6673713398700e-04;        468
1.6675680018500e-04;        468
1.6677319963400e-04;      -1482
1.6679286569500e-04;      -1482
1.6681254378800e-04;       4244
1.6683220973600e-04;       4244
1.6685188785900e-04;       2294
1.6687155406100e-04;       2294
1.6689123222100e-04;       1504
1.6690761965700e-04;       1504
1.6692729780600e-04;       -446
1.6694696389900e-04;       -446
1.6696664210800e-04;       5280
1.6698630847800e-04;       5280
1.6700598664300e-04;       3330
1.6702565271400e-04;       3330
1.6704533079200e-04;       1380
1.6706171821200e-04;       1380
1.6708139629400e-04;       -570
1.6710106236600e-04;       -570
1.6712074060400e-04;       6316
1.6714040675700e-04;       6316
1.6716008485900e-04;       4366
1.6717975099200e-04;       4366
1.6719615044000e-04;       2416
1.6721581653800e-04;       2416
1.6723549464600e-04;        466
1.6725516081200e-04;        466
1.6727483888400e-04;       6192
1.6729450508700e-04;       6192
1.6731418308700e-04;       4242
1.6733384909800e-04;       4242
1.6735024867700e-04;      -5384
1.6736991473800e-04;      -5384
1.6738959285700e-04;       1502
1.6740925917000e-04;       1502
1.6742893738300e-04;       -448
1.6744860356600e-04;       -448
1.6746828193500e-04;       5278
1.6748466921300e-04;       5278
1.6750434731400e-04;       3328
1.6752401337100e-04;       3328
1.6754369171300e-04;       1378
1.6756335778200e-04;       1378
1.6758303594000e-04;       -572
1.6760270201700e-04;       -572
1.6762238016600e-04;       6314
1.6763876757800e-04;       6314
1.6765844555100e-04;       4364
1.6767811173000e-04;       4364
1.6769778991800e-04;       2414
1.6771745605800e-04;       2414
1.6773713426900e-04;        464
1.6775680039800e-04;        464
1.6777319995900e-04;       6190
1.6779286588900e-04;       6190
1.6781254412900e-04;       4240
1.6783221033000e-04;       4240
1.6785188846200e-04;       2290
1.6787155457800e-04;       2290
1.6789123258200e-04;       1500
1.6790762008100e-04;       1500
1.6792729828800e-04;       -450
1.6794696444800e-04;       -450
1.6796664258600e-04;       5276
1.6798630881200e-04;       5276
1.6800598687500e-04;       3326
1.6802565293400e-04;       3326
1.6804533096100e-04;       1376
1.6806171845300e-04;       1376
1.6808139661300e-04;       -574
1.6810106265200e-04;       -574
1.6812074074300e-04;       6312
1.6814040682900e-04;       6312
1.6816008513000e-04;       4362
1.6817975128800e-04;       4362
1.6819615066100e-04;       2412
1.6821581689900e-04;       2412
1.6823549506900e-04;        462
1.6825516130300e-04;        462
1.6827483931700e-04;      -1488
1.6829450532100e-04;      -1488
1.6831418342500e-04;       4238
1.6833384968200e-04;       4238
1.6835024899000e-04;       2288
1.6836991513400e-04;       2288
1.6838959326500e-04;       1498
1.6840925938400e-04;       1498
1.6842893758600e-04;       7224
1.6844860364800e-04;       7224
1.6846828157900e-04;       5274
1.6848466909500e-04;       5274
1.6850434730000e-04;       3324
1.6852401339300e-04;       3324
1.6854369139300e-04;       1374
1.6856335753300e-04;       1374
1.6858303567400e-04;       -576
1.6860270177500e-04;       -576
1.6862237977800e-04;       6310
1.6863876720200e-04;       6310
1.6865844533000e-04;       4360
1.6867811155900e-04;       4360
1.6869778951300e-04;       2410
1.6871745564400e-04;       2410
1.6873713362300e-04;        460
1.6875679978800e-04;        460
1.6877319917500e-04;      -1490
1.6879286528300e-04;      -1490
1.6881254339200e-04;       4236
1.6883220939900e-04;       4236
1.6885188760300e-04;       2286
1.6887155383200e-04;       2286
1.6889123193000e-04;       1496
1.6890761928800e-04;       1496
1.6892729747900e-04;       -454
1.6894696336800e-04;       -454
1.6896664158200e-04;       5272
1.6898630781600e-04;       5272
1.6900598595200e-04;       3322
1.6902565219300e-04;       3322
1.6904533028000e-04;       1372
1.6906171777500e-04;       1372
1.6908139588800e-04;       -578
1.6910106200500e-04;       -578
1.6912074018900e-04;       6308
1.6914040639200e-04;       6308
1.6916008450400e-04;       4358
1.6917975074600e-04;       4358
1.6919615035200e-04;       2408
1.6921581643100e-04;       2408
1.6923549468100e-04;        458
1.6925516075600e-04;        458
1.6927483894900e-04;      -1492
1.6929450504400e-04;      -1492
1.6931418316300e-04;       4234
1.6933384949400e-04;       4234
1.6935024900300e-04;      -5392
1.6936991493700e-04;      -5392
1.6938959321800e-04;       1494
1.6940925923300e-04;       1494
1.6942893724600e-04;       -456
1.6944860355000e-04;       -456
1.6946828171000e-04;       5270
1.6948466926300e-04;       5270
1.6950434744600e-04;       3320
1.6952401348800e-04;       3320
1.6954369165600e-04;       1370
1.6956335786900e-04;       1370
1.6958303608400e-04;       -580
1.6960270231300e-04;       -580
1.6962238038200e-04;       6306
1.6963876784100e-04;       6306
1.6965844609900e-04;       4356
1.6967811238300e-04;       4356
1.6969779041700e-04;       2406
1.6971745661400e-04;       2406
1.6973713479900e-04;        456
1.6975680097900e-04;        456
1.6977320046800e-04;       6182
1.6979286662500e-04;       6182
1.6981254461400e-04;       4232
1.6983221080900e-04;       4232
1.6985188892600e-04;      -5394
1.6987155511700e-04;      -5394
1.6989123335200e-04;       1492
1.6990762095600e-04;       1492
1.6992729906500e-04;       -458
1.6994696533300e-04;       -458
1.6996664336700e-04;       5268
1.6998630945000e-04;       5268
1.7000598741900e-04;       3318
1.7002565344400e-04;       3318
1.7004533162700e-04;       1368
1.7006171912300e-04;       1368
1.7008139724200e-04;       -582
1.7010106328800e-04;       -582
1.7012074138700e-04;       6304
1.7014040753400e-04;       6304
1.7016008561100e-04;       4354
1.7017975187600e-04;       4354
1.7019615125800e-04;       2404
1.7021581735500e-04;       2404
1.7023549556000e-04;        454
1.7025516146500e-04;        454
1.7027483970200e-04;      -1496
1.7029450599700e-04;      -1496
1.7031418424400e-04;       4230
1.7033385031200e-04;       4230
1.7035024969000e-04;       2280
1.7036991581700e-04;       2280
1.7038959409100e-04;       1490
1.7040926016200e-04;       1490
1.7042893835400e-04;       -460
1.7044860444100e-04;       -460
1.7046828251500e-04;       5266
1.7048466999200e-04;       5266
1.7050434825900e-04;       3316
1.7052401434000e-04;       3316
1.7054369242000e-04;       1366
1.7056335847400e-04;       1366
1.7058303659000e-04;       -584
1.7060270275900e-04;       -584
1.7062238086400e-04;       6302
1.7063876844800e-04;       6302
1.7065844669300e-04;       4352
1.7067811272700e-04;       4352
1.7069779097500e-04;       2402
1.7071745698700e-04;       2402
1.7073713512200e-04;        452
1.7075680128300e-04;        452
1.7077320072200e-04;       6178
1.7079286674700e-04;       6178
1.7081254497300e-04;       4228
1.7083221107400e-04;       4228
1.7085188915500e-04;       2278
1.7087155524400e-04;       2278
1.7089123338200e-04;       1488
1.7090762076500e-04;       1488
1.7092729881200e-04;       -462
1.7094696502300e-04;       -462
1.7096664317200e-04;       5264
1.7098630940300e-04;       5264
1.7100598758900e-04;       3314
1.7102565360800e-04;       3314
1.7104533183100e-04;       1364
1.7106171935400e-04;       1364
1.7108139749500e-04;       -586
1.7110106380400e-04;       -586
1.7112074188100e-04;       6300
1.7114040811800e-04;       6300
1.7116008640100e-04;       4350
1.7117975252000e-04;       4350
1.7119615206500e-04;       2400
1.7121581805900e-04;       2400
1.7123549618900e-04;        450
1.7125516220500e-04;        450
1.7127484032600e-04;       6176
1.7129450636800e-04;       6176
1.7131418470200e-04;       4226
1.7133385089500e-04;       4226
1.7135025024900e-04;       2276
1.7136991633700e-04;       2276
1.7138959455000e-04;       1486
1.7140926062800e-04;       1486
1.7142893869800e-04;       7212
1.7144860485800e-04;       7212
1.7146828308500e-04;       5262
1.7148467065300e-04;       5262
1.7150434871600e-04;       3312
1.7152401501600e-04;       3312
1.7154369313600e-04;       1362
1.7156335922100e-04;       1362
1.7158303732500e-04;       -588
1.7160270350600e-04;       -588
1.7162238158800e-04;       6298
1.7163876897300e-04;       6298
1.7165844721100e-04;       4348
1.7167811335000e-04;       4348
1.7169779129900e-04;       2398
1.7171745730900e-04;       2398
1.7173713532900e-04;        448
1.7175680144100e-04;        448
1.7177320086700e-04;       6174
1.7179286682400e-04;       6174
1.7181254507200e-04;       4224
1.7183221121600e-04;       4224
1.7185188925100e-04;       2274
1.7187155527400e-04;       2274
1.7189123346400e-04;       1484
1.7190762095500e-04;       1484
1.7192729905700e-04;       -466
1.7194696519700e-04;       -466
1.7196664339100e-04;       5260
1.7198630952500e-04;       5260
1.7200598765300e-04;       3310
1.7202565381900e-04;       3310
1.7204533192700e-04;       1360
1.7206171944400e-04;       1360
1.7208139737800e-04;       -590
1.7210106361500e-04;       -590
1.7212074184600e-04;       6296
1.7214040793500e-04;       6296
1.7216008610600e-04;       4346
1.7217975212600e-04;       4346
1.7219615156900e-04;       2396
1.7221581767500e-04;       2396
1.7223549581900e-04;        446
1.7225516188900e-04;        446
1.7227483993900e-04;      -1504
1.7229450624100e-04;      -1504
1.7231418442900e-04;       4222
1.7233385047100e-04;       4222
1.7235024988500e-04;       2272
1.7236991599200e-04;       2272
1.7238959412800e-04;       1482
1.7240926019500e-04;       1482
1.7242893829800e-04;       -468
1.7244860442200e-04;       -468
1.7246828266500e-04;       5258
1.7248467006800e-04;       5258
1.7250434822700e-04;       3308
1.7252401427800e-04;       3308
1.7254369228600e-04;       1358
1.7256335843900e-04;       1358
1.7258303655100e-04;       -592
1.7260270251100e-04;       -592
1.7262238081600e-04;       6294
1.7263876821000e-04;       6294
1.7265844633100e-04;       4344
1.7267811233200e-04;       4344
1.7269779051800e-04;       2394
1.7271745664500e-04;       2394
1.7273713483100e-04;        444
1.7275680111300e-04;        444
1.7277320062500e-04;       6170
1.7279286672800e-04;       6170
1.7281254485200e-04;       4220
1.7283221103700e-04;       4220
1.7285188926800e-04;       2270
1.7287155536500e-04;       2270
1.7289123349700e-04;       1480
1.7290762092300e-04;       1480
1.7292729910600e-04;       -470
1.7294696513500e-04;       -470
1.7296664318700e-04;       5256
1.7298630933600e-04;       5256
1.7300598744000e-04;       3306
1.7302565355600e-04;       3306
1.7304533168500e-04;       1356
1.7306171908500e-04;       1356
1.7308139707400e-04;       -594
1.7310106319900e-04;       -594
1.7312074151900e-04;       6292
1.7314040767100e-04;       6292
1.7316008589900e-04;       4342
1.7317975196200e-04;       4342
1.7319615139500e-04;       2392
1.7321581753700e-04;       2392
1.7323549565300e-04;       8118
1.7325516184500e-04;       8118
1.7327484002300e-04;       6168
1.7329450614700e-04;       6168
1.7331418419100e-04;       4218
1.7333385045300e-04;       4218
1.7335024984000e-04;       2268
1.7336991596800e-04;       2268
1.7338959395800e-04;       9154
1.7340926000500e-04;       9154
1.7342893817400e-04;       -472
1.7344860424300e-04;       -472
1.7346828236100e-04;       5254
1.7348466970900e-04;       5254
1.7350434794800e-04;       3304
1.7352401405200e-04;       3304
1.7354369201800e-04;       1354
1.7356335814300e-04;       1354
1.7358303609200e-04;       -596
1.7360270237000e-04;       -596
1.7362238074000e-04;       6290
1.7363876814900e-04;       6290
1.7365844617600e-04;       4340
1.7367811233800e-04;       4340
1.7369779042500e-04;       2390
1.7371745649500e-04;       2390
1.7373713458100e-04;        440
1.7375680076100e-04;        440
1.7377320024900e-04;       6166
1.7379286622300e-04;       6166
1.7381254443200e-04;       4216
1.7383221046500e-04;       4216
1.7385188859800e-04;       2266
1.7387155469600e-04;       2266
1.7389123288900e-04;       9152
1.7390762014000e-04;       9152
1.7392729830400e-04;       -474
1.7394696443800e-04;       -474
1.7396664236800e-04;       5252
1.7398630857500e-04;       5252
1.7400598672600e-04;       3302
1.7402565283000e-04;       3302
1.7404533099200e-04;       1352
1.7406171842100e-04;       1352
1.7408139647800e-04;       -598
1.7410106255000e-04;       -598
1.7412074059100e-04;       6288
1.7414040675100e-04;       6288
1.7416008500100e-04;       4338
1.7417975112400e-04;       4338
1.7419615042800e-04;       2388
1.7421581657100e-04;       2388
1.7423549468800e-04;        438
1.7425516062600e-04;        438
1.7427483871800e-04;      -1512
1.7429450474800e-04;      -1512
1.7431418284400e-04;       4214
1.7433384911700e-04;       4214
1.7435024862700e-04;       2264
1.7436991482000e-04;       2264
1.7438959293200e-04;       1474
1.7440925916800e-04;       1474
1.7442893732700e-04;       -476
1.7444860351000e-04;       -476
1.7446828151100e-04;       5250
1.7448466906100e-04;       5250
1.7450434743500e-04;       3300
1.7452401349400e-04;       3300
1.7454369173200e-04;       1350
1.7456335782600e-04;       1350
1.7458303587700e-04;       -600
1.7460270191700e-04;       -600
1.7462238011300e-04;       6286
1.7463876748500e-04;       6286
1.7465844552400e-04;       4336
1.7467811179600e-04;       4336
1.7469778991600e-04;       2386
1.7471745604800e-04;       2386
1.7473713410900e-04;        436
1.7475680031400e-04;        436
1.7477319977500e-04;      -1514
1.7479286590400e-04;      -1514
1.7481254415000e-04;       4212
1.7483221028100e-04;       4212
1.7485188837800e-04;       2262
1.7487155465300e-04;       2262
1.7489123272600e-04;       1472
1.7490762019500e-04;       1472
1.7492729857000e-04;       -478
1.7494696464300e-04;       -478
1.7496664277500e-04;       5248
1.7498630889300e-04;       5248
1.7500598703900e-04;       3298
1.7502565319300e-04;       3298
1.7504533137500e-04;       1348
1.7506171901300e-04;       1348
1.7508139705500e-04;       -602
1.7510106333900e-04;       -602
1.7512074163600e-04;       6284
1.7514040775300e-04;       6284
1.7516008596500e-04;       4334
1.7517975196000e-04;       4334
1.7519615147200e-04;       2384
1.7521581757100e-04;       2384
1.7523549586500e-04;       8110
1.7525516190100e-04;       8110
1.7527484004200e-04;       6160
1.7529450619000e-04;       6160
1.7531418433500e-04;       4210
1.7533385061500e-04;       4210
1.7535024992300e-04;       2260
1.7536991600500e-04;       2260
1.7538959401200e-04;       9146
1.7540925997400e-04;       9146
1.7542893796600e-04;       -480
1.7544860408200e-04;       -480
1.7546828214300e-04;       5246
1.7548466966000e-04;       5246
1.7550434775200e-04;       3296
1.7552401397000e-04;       3296
1.7554369212900e-04;       1346
1.7556335806000e-04;       1346
1.7558303626300e-04;       -604
1.7560270236500e-04;       -604
1.7562238062000e-04;       6282
1.7563876800900e-04;       6282
1.7565844617300e-04;       4332
1.7567811245200e-04;       4332
1.7569779057700e-04;       2382
1.7571745681400e-04;       2382
1.7573713487300e-04;        432
1.7575680081900e-04;        432
1.7577320040200e-04;      -1518
1.7579286662200e-04;      -1518
1.7581254465800e-04;       4208
1.7583221071500e-04;       4208
1.7585188886200e-04;       2258
1.7587155490300e-04;       2258
1.7589123283100e-04;       1468
1.7590762041000e-04;       1468
1.7592729849900e-04;       -482
1.7594696455000e-04;       -482
1.7596664291500e-04;       5244
1.7598630893700e-04;       5244
1.7600598706100e-04;       3294
1.7602565310500e-04;       3294
1.7604533137300e-04;       1344
1.7606171888500e-04;       1344
1.7608139684800e-04;       -606
1.7610106300900e-04;       -606
1.7612074093400e-04;       6280
1.7614040699600e-04;       6280
1.7616008512800e-04;       4330
1.7617975134900e-04;       4330
1.7619615093300e-04;       2380
1.7621581699500e-04;       2380
1.7623549517200e-04;        430
1.7625516131400e-04;        430
1.7627483940000e-04;      -1520
1.7629450544900e-04;      -1520
1.7631418370500e-04;       4206
1.7633384985100e-04;       4206
1.7635024925300e-04;       2256
1.7636991553200e-04;       2256
1.7638959363200e-04;       1466
1.7640925978000e-04;       1466
1.7642893784400e-04;       -484
1.7644860409700e-04;       -484
1.7646828206700e-04;       5242
1.7648466958000e-04;       5242
1.7650434771900e-04;       3292
1.7652401409600e-04;       3292
1.7654369204600e-04;       1342
1.7656335822800e-04;       1342
1.7658303627700e-04;       -608
1.7660270224200e-04;       -608
1.7662238043900e-04;       6278
1.7663876773700e-04;       6278
1.7665844599400e-04;       4328
1.7667811207500e-04;       4328
1.7669779023800e-04;       2378
1.7671745623800e-04;       2378
1.7673713436900e-04;        428
1.7675680070100e-04;        428
1.7677320001500e-04;       6154
1.7679286616600e-04;       6154
1.7681254425300e-04;       4204
1.7683221045100e-04;       4204
1.7685188849000e-04;       2254
1.7687155445600e-04;       2254
1.7689123259800e-04;       1464
1.7690762014000e-04;       1464
1.7692729815900e-04;       -486
1.7694696438900e-04;       -486
1.7696664241600e-04;       5240
1.7698630866100e-04;       5240
1.7700598675800e-04;       3290
1.7702565280300e-04;       3290
1.7704533088700e-04;       1340
1.7706171809900e-04;       1340
1.7708139623900e-04;       -610
1.7710106248300e-04;       -610
1.7712074052700e-04;       6276
1.7714040666300e-04;       6276
1.7716008461900e-04;       4326
1.7717975076700e-04;       4326
1.7719615016100e-04;       2376
1.7721581628600e-04;       2376
1.7723549443700e-04;        426
1.7725516055700e-04;        426
1.7727483860800e-04;      -1524
1.7729450481800e-04;      -1524
1.7731418284900e-04;       4202
1.7733384897000e-04;       4202
1.7735024853600e-04;      -5424
1.7736991465200e-04;      -5424
1.7738959269500e-04;       1462
1.7740925876300e-04;       1462
1.7742893689000e-04;       -488
1.7744860303300e-04;       -488
1.7746828116700e-04;       5238
1.7748466866000e-04;       5238
1.7750434673400e-04;       3288
1.7752401289800e-04;       3288
1.7754369094900e-04;       1338
1.7756335717300e-04;       1338
1.7758303542900e-04;       -612
1.7760270162800e-04;       -612
1.7762237985900e-04;       6274
1.7763876735700e-04;       6274
1.7765844546500e-04;       4324
1.7767811166000e-04;       4324
1.7769778959400e-04;       2374
1.7771745574800e-04;       2374
1.7773713375800e-04;        424
1.7775679998000e-04;        424
1.7777319951000e-04;      -1526
1.7779286571100e-04;      -1526
1.7781254387600e-04;       4200
1.7783221002800e-04;       4200
1.7785188813400e-04;       2250
1.7787155420000e-04;       2250
1.7789123228700e-04;       1460
1.7790761967600e-04;       1460
1.7792729793200e-04;       -490
1.7794696411000e-04;       -490
1.7796664221100e-04;       5236
1.7798630826600e-04;       5236
1.7800598643700e-04;       3286
1.7802565250900e-04;       3286
1.7804533064300e-04;       1336
1.7806171818600e-04;       1336
1.7808139628900e-04;       -614
1.7810106242200e-04;       -614
1.7812074052500e-04;       6272
1.7814040660900e-04;       6272
1.7816008476200e-04;       4322
1.7817975089800e-04;       4322
1.7819615038800e-04;       2372
1.7821581655800e-04;       2372
1.7823549477800e-04;        422
1.7825516099200e-04;        422
1.7827483915200e-04;       6148
1.7829450521700e-04;       6148
1.7831418350200e-04;       4198
1.7833384962300e-04;       4198
1.7835024901300e-04;       2248
1.7836991525100e-04;       2248
1.7838959328500e-04;       1458
1.7840925931400e-04;       1458
1.7842893747400e-04;       -492
1.7844860369100e-04;       -492
1.7846828156800e-04;       5234
1.7848466913800e-04;       5234
1.7850434735200e-04;       3284
1.7852401347700e-04;       3284
1.7854369161200e-04;       1334
1.7856335757300e-04;       1334
1.7858303570900e-04;       -616
1.7860270200200e-04;       -616
1.7862238018900e-04;       6270
1.7863876779000e-04;       6270
1.7865844592000e-04;       4320
1.7867811206500e-04;       4320
1.7869779018800e-04;       2370
1.7871745649600e-04;       2370
1.7873713455800e-04;        420
1.7875680066200e-04;        420
1.7877320009600e-04;      -1530
1.7879286631300e-04;      -1530
1.7881254449200e-04;       4196
1.7883221061000e-04;       4196
1.7885188872800e-04;       2246
1.7887155481200e-04;       2246
1.7889123284100e-04;       1456
1.7890762023000e-04;       1456
1.7892729835200e-04;       -494
1.7894696450900e-04;       -494
1.7896664274300e-04;       5232
1.7898630879200e-04;       5232
1.7900598707400e-04;       3282
1.7902565300600e-04;       3282
1.7904533108900e-04;       1332
1.7906171850400e-04;       1332
1.7908139655300e-04;       -618
1.7910106269100e-04;       -618
1.7912074088200e-04;       6268
1.7914040709500e-04;       6268
1.7916008520400e-04;       4318
1.7917975136600e-04;       4318
1.7919615076600e-04;       2368
1.7921581684600e-04;       2368
1.7923549503300e-04;        418
1.7925516126900e-04;        418
1.7927483945600e-04;      -1532
1.7929450565900e-04;      -1532
1.7931418379500e-04;       4194
1.7933384983800e-04;       4194
1.7935024925400e-04;       2244
1.7936991529900e-04;       2244
1.7938959346100e-04;       1454
1.7940925940100e-04;       1454
1.7942893747400e-04;       -496
1.7944860370800e-04;       -496
1.7946828171400e-04;       5230
1.7948466915800e-04;       5230
1.7950434726900e-04;       3280
1.7952401340200e-04;       3280
1.7954369156400e-04;       1330
1.7956335765100e-04;       1330
1.7958303566800e-04;       -620
1.7960270178700e-04;       -620
1.7962237987500e-04;       6266
1.7963876733300e-04;       6266
1.7965844549900e-04;       4316
1.7967811159800e-04;       4316
1.7969778975600e-04;       2366
1.7971745574700e-04;       2366
1.7973713362400e-04;        416
1.7975679984700e-04;        416
1.7977319932400e-04;      -1534
1.7979286559800e-04;      -1534
1.7981254368000e-04;       4192
1.7983220995800e-04;       4192
1.7985188814500e-04;      -5434
1.7987155415700e-04;      -5434
1.7989123239900e-04;       1452
1.7990761990500e-04;       1452
1.7992729803300e-04;       -498
1.7994696414900e-04;       -498
1.7996664238300e-04;       5228
1.7998630847800e-04;       5228
1.8000598660900e-04;       3278
1.8002565283100e-04;       3278
1.8004533094400e-04;       1328
1.8006171843100e-04;       1328
1.8008139657200e-04;       -622
1.8010106262500e-04;       -622
1.8012074086800e-04;       6264
1.8014040704200e-04;       6264
1.8016008506900e-04;       4314
1.8017975131200e-04;       4314
1.8019615068300e-04;       2364
1.8021581671300e-04;       2364
1.8023549489900e-04;        414
1.8025516103200e-04;        414
1.8027483920000e-04;      -1536
1.8029450534600e-04;      -1536
1.8031418346400e-04;       4190
1.8033384955300e-04;       4190
1.8035024900100e-04;       2240
1.8036991511400e-04;       2240
1.8038959329500e-04;       1450
1.8040925953400e-04;       1450
1.8042893776000e-04;       -500
1.8044860391400e-04;       -500
1.8046828201200e-04;       5226
1.8048466946900e-04;       5226
1.8050434749100e-04;       3276
1.8052401368000e-04;       3276
1.8054369178300e-04;       1326
1.8056335800600e-04;       1326
1.8058303616500e-04;       -624
1.8060270220100e-04;       -624
1.8062238048900e-04;       6262
1.8063876785400e-04;       6262
1.8065844605700e-04;       4312
1.8067811219100e-04;       4312
1.8069779046300e-04;       2362
1.8071745654000e-04;       2362
1.8073713463700e-04;        412
1.8075680085500e-04;        412
1.8077320035800e-04;      -1538
1.8079286643900e-04;      -1538
1.8081254451800e-04;       4188
1.8083221060800e-04;       4188
1.8085188873500e-04;       2238
1.8087155494300e-04;       2238
1.8089123318900e-04;       1448
1.8090762051600e-04;       1448
1.8092729869600e-04;       -502
1.8094696486100e-04;       -502
1.8096664297900e-04;       5224
1.8098630912500e-04;       5224
1.8100598725000e-04;       3274
1.8102565321400e-04;       3274
1.8104533126500e-04;       1324
1.8106171872900e-04;       1324
1.8108139693300e-04;       -626
1.8110106286700e-04;       -626
1.8112074091800e-04;       6260
1.8114040722000e-04;       6260
1.8116008547500e-04;       4310
1.8117975158400e-04;       4310
1.8119615100800e-04;       2360
1.8121581694200e-04;       2360
1.8123549489900e-04;        410
1.8125516117800e-04;        410
1.8127483940400e-04;       6136
1.8129450548200e-04;       6136
1.8131418366700e-04;       4186
1.8133384983400e-04;       4186
1.8135024927500e-04;       2236
1.8136991554600e-04;       2236
1.8138959369500e-04;       1446
1.8140925974500e-04;       1446
1.8142893778900e-04;       -504
1.8144860379700e-04;       -504
1.8146828191700e-04;       5222
1.8148466941900e-04;       5222
1.8150434737500e-04;       3272
1.8152401360400e-04;       3272
1.8154369154800e-04;       1322
1.8156335764600e-04;       1322
1.8158303568900e-04;       -628
1.8160270176400e-04;       -628
1.8162237997200e-04;       6258
1.8163876740000e-04;       6258
1.8165844546100e-04;       4308
1.8167811170900e-04;       4308
1.8169778990000e-04;       2358
1.8171745611700e-04;       2358
1.8173713422800e-04;        408
1.8175680049200e-04;        408
1.8177319989200e-04;       6134
1.8179286595700e-04;       6134
1.8181254407900e-04;       4184
1.8183221037100e-04;       4184
1.8185188848800e-04;       2234
1.8187155452700e-04;       2234
1.8189123267700e-04;       1444
1.8190762009300e-04;       1444
1.8192729813800e-04;       -506
1.8194696408500e-04;       -506
1.8196664230400e-04;       5220
1.8198630829000e-04;       5220
1.8200598656300e-04;       3270
1.8202565281500e-04;       3270
1.8204533097300e-04;       1320
1.8206171838500e-04;       1320
1.8208139650900e-04;       -630
1.8210106266900e-04;       -630
1.8212074087800e-04;       6256
1.8214040691100e-04;       6256
1.8216008502700e-04;       4306
1.8217975135200e-04;       4306
1.8219615077300e-04;       2356
1.8221581692100e-04;       2356
1.8223549500400e-04;        406
1.8225516102200e-04;        406
1.8227483915400e-04;      -1544
1.8229450519000e-04;      -1544
1.8231418313200e-04;       4182
1.8233384925100e-04;       4182
1.8235024865200e-04;       2232
1.8236991475600e-04;       2232
1.8238959279900e-04;       1442
1.8240925887800e-04;       1442
1.8242893689600e-04;       -508
1.8244860305800e-04;       -508
1.8246828114400e-04;       5218
1.8248466851400e-04;       5218
1.8250434655800e-04;       3268
1.8252401260800e-04;       3268
1.8254369075900e-04;       1318
1.8256335708900e-04;       1318
1.8258303516100e-04;       -632
1.8260270136600e-04;       -632
1.8262237952700e-04;       6254
1.8263876689500e-04;       6254
1.8265844490600e-04;       4304
1.8267811108400e-04;       4304
1.8269778914800e-04;       2354
1.8271745526700e-04;       2354
1.8273713336600e-04;        404
1.8275679934900e-04;        404
1.8277319889900e-04;      -1546
1.8279286518700e-04;      -1546
1.8281254337200e-04;       4180
1.8283220954600e-04;       4180
1.8285188760700e-04;      -5446
1.8287155383500e-04;      -5446
1.8289123192100e-04;       1440
1.8290761931300e-04;       1440
1.8292729755100e-04;       -510
1.8294696361900e-04;       -510
1.8296664196800e-04;       5216
1.8298630793200e-04;       5216
1.8300598605600e-04;       3266
1.8302565222400e-04;       3266
1.8304533048200e-04;       1316
1.8306171776100e-04;       1316
1.8308139594300e-04;       -634
1.8310106217000e-04;       -634
1.8312074026700e-04;       6252
1.8314040630300e-04;       6252
1.8316008448500e-04;       4302
1.8317975069900e-04;       4302
1.8319615008000e-04;       2352
1.8321581625900e-04;       2352
1.8323549441800e-04;        402
1.8325516033000e-04;        402
1.8327483860900e-04;      -1548
1.8329450461100e-04;      -1548
1.8331418267600e-04;       4178
1.8333384891600e-04;       4178
1.8335024834100e-04;      -5448
1.8336991448200e-04;      -5448
1.8338959266400e-04;       1438
1.8340925870400e-04;       1438
1.8342893689100e-04;       -512
1.8344860305300e-04;       -512
1.8346828127900e-04;       5214
1.8348466874000e-04;       5214
1.8350434685700e-04;       3264
1.8352401297200e-04;       3264
1.8354369098700e-04;       1314
1.8356335714300e-04;       1314
1.8358303538900e-04;       -636
1.8360270151700e-04;       -636
1.8362237970200e-04;       6250
1.8363876709100e-04;       6250
1.8365844526900e-04;       4300
1.8367811137400e-04;       4300
1.8369778957600e-04;       2350
1.8371745565100e-04;       2350
1.8373713389700e-04;        400
1.8375680024600e-04;        400
1.8377319958900e-04;      -1550
1.8379286581300e-04;      -1550
1.8381254395200e-04;       4176
1.8383221009400e-04;       4176
1.8385188815400e-04;       2226
1.8387155435600e-04;       2226
1.8389123261200e-04;       1436
1.8390761995600e-04;       1436
1.8392729797700e-04;       -514
1.8394696415300e-04;       -514
1.8396664225800e-04;       5212
1.8398630859500e-04;       5212
1.8400598658600e-04;       3262
1.8402565272600e-04;       3262
1.8404533082900e-04;       1312
1.8406171822700e-04;       1312
1.8408139626100e-04;       -638
1.8410106237900e-04;       -638
1.8412074060400e-04;       6248
1.8414040674200e-04;       6248
1.8416008497800e-04;       4298
1.8417975118700e-04;       4298
1.8419615061400e-04;       2348
1.8421581682500e-04;       2348
1.8423549496400e-04;        398
1.8425516091900e-04;        398
1.8427483926400e-04;       6124
1.8429450531500e-04;       6124
1.8431418337900e-04;       4174
1.8433384959300e-04;       4174
1.8435024900300e-04;       2224
1.8436991510700e-04;       2224
1.8438959328000e-04;       1434
1.8440925928800e-04;       1434
1.8442893737700e-04;       -516
1.8444860355500e-04;       -516
1.8446828155300e-04;       5210
1.8448466903500e-04;       5210
1.8450434708000e-04;       3260
1.8452401318800e-04;       3260
1.8454369132400e-04;       1310
1.8456335739600e-04;       1310
1.8458303555000e-04;       -640
1.8460270175700e-04;       -640
1.8462237998200e-04;       6246
1.8463876729500e-04;       6246
1.8465844538200e-04;       4296
1.8467811159400e-04;       4296
1.8469778973300e-04;       2346
1.8471745593800e-04;       2346
1.8473713414800e-04;        396
1.8475680019300e-04;        396
1.8477319972700e-04;      -1554
1.8479286572100e-04;      -1554
1.8481254390300e-04;       4172
1.8483220999800e-04;       4172
1.8485188819700e-04;       2222
1.8487155436900e-04;       2222
1.8489123251900e-04;       1432
1.8490762003600e-04;       1432
1.8492729807800e-04;       -518
1.8494696445200e-04;       -518
1.8496664255000e-04;       5208
1.8498630879700e-04;       5208
1.8500598691900e-04;       3258
1.8502565300900e-04;       3258
1.8504533101900e-04;       1308
1.8506171837900e-04;       1308
1.8508139648600e-04;       -642
1.8510106271100e-04;       -642
1.8512074085000e-04;       6244
1.8514040692600e-04;       6244
1.8516008517000e-04;       4294
1.8517975114300e-04;       4294
1.8519615053600e-04;       2344
1.8521581664500e-04;       2344
1.8523549477100e-04;        394
1.8525516082100e-04;        394
1.8527483907500e-04;      -1556
1.8529450512000e-04;      -1556
1.8531418322900e-04;       4170
1.8533384934000e-04;       4170
1.8535024880700e-04;      -5456
1.8536991492700e-04;      -5456
1.8538959309600e-04;       1430
1.8540925929900e-04;       1430
1.8542893747600e-04;       -520
1.8544860370800e-04;       -520
1.8546828178500e-04;       5206
1.8548466910700e-04;       5206
1.8550434731100e-04;       3256
1.8552401345800e-04;       3256
1.8554369147900e-04;       1306
1.8556335754600e-04;       1306
1.8558303584600e-04;       -644
1.8560270207600e-04;       -644
1.8562238013100e-04;       6242
1.8563876759700e-04;       6242
1.8565844585600e-04;       4292
1.8567811203600e-04;       4292
1.8569779014400e-04;       2342
1.8571745637700e-04;       2342
1.8573713447300e-04;        392
1.8575680052700e-04;        392
1.8577320008900e-04;      -1558
1.8579286612400e-04;      -1558
1.8581254433700e-04;       4168
1.8583221039600e-04;       4168
1.8585188860100e-04;       2218
1.8587155487700e-04;       2218
1.8589123296000e-04;       1428
1.8590762033500e-04;       1428
1.8592729845800e-04;       -522
1.8594696462200e-04;       -522
1.8596664276100e-04;       5204
1.8598630904900e-04;       5204
1.8600598726400e-04;       3254
1.8602565368700e-04;       3254
1.8604533187400e-04;       1304
1.8606171926000e-04;       1304
1.8608139732300e-04;       -646
1.8610106355600e-04;       -646
1.8612074170100e-04;       6240
1.8614040769100e-04;       6240
1.8616008599400e-04;       4290
1.8617975206400e-04;       4290
1.8619615162200e-04;       2340
1.8621581766400e-04;       2340
1.8623549572800e-04;        390
1.8625516173100e-04;        390
1.8627483993000e-04;       6116
1.8629450597000e-04;       6116
1.8631418435800e-04;       4166
1.8633385029400e-04;       4166
1.8635024966100e-04;       2216
1.8636991579200e-04;       2216
1.8638959393800e-04;       1426
1.8640926020700e-04;       1426
1.8642893831800e-04;       7152
1.8644860438800e-04;       7152
1.8646828255200e-04;       5202
1.8648466997800e-04;       5202
1.8650434803800e-04;       3252
1.8652401424200e-04;       3252
1.8654369242400e-04;       1302
1.8656335848900e-04;       1302
1.8658303666100e-04;       -648
1.8660270267900e-04;       -648
1.8662238080500e-04;       6238
1.8663876836300e-04;       6238
1.8665844660300e-04;       4288
1.8667811286400e-04;       4288
1.8669779078200e-04;       2338
1.8671745693000e-04;       2338
1.8673713508400e-04;        388
1.8675680116400e-04;        388
1.8677320051400e-04;      -1562
1.8679286650100e-04;      -1562
1.8681254449400e-04;       4164
1.8683221067500e-04;       4164
1.8685188888300e-04;       2214
1.8687155501800e-04;       2214
1.8689123325300e-04;       1424
1.8690762082300e-04;       1424
1.8692729895000e-04;       -526
1.8694696501300e-04;       -526
1.8696664318400e-04;       5200
1.8698630933200e-04;       5200
1.8700598747700e-04;       3250
1.8702565353700e-04;       3250
1.8704533171900e-04;       1300
1.8706171915800e-04;       1300
1.8708139734600e-04;       -650
1.8710106353100e-04;       -650
1.8712074166200e-04;       6236
1.8714040783200e-04;       6236
1.8716008597600e-04;       4286
1.8717975222800e-04;       4286
1.8719615143200e-04;       2336
1.8721581761100e-04;       2336
1.8723549584300e-04;        386
1.8725516192000e-04;        386
1.8727484008600e-04;      -1564
1.8729450618000e-04;      -1564
1.8731418425600e-04;       4162
1.8733385029200e-04;       4162
1.8735024972900e-04;       2212
1.8736991587700e-04;       2212
1.8738959402800e-04;       1422
1.8740926027800e-04;       1422
1.8742893824800e-04;       7148
1.8744860452000e-04;       7148
1.8746828257000e-04;       5198
1.8748466995600e-04;       5198
1.8750434823200e-04;       3248
1.8752401441400e-04;       3248
1.8754369246800e-04;       1298
1.8756335851300e-04;       1298
1.8758303670900e-04;       -652
1.8760270290900e-04;       -652
1.8762238104400e-04;       6234
1.8763876862100e-04;       6234
1.8765844669300e-04;       4284
1.8767811282600e-04;       4284
1.8769779095000e-04;       2334
1.8771745718600e-04;       2334
1.8773713546300e-04;        384
1.8775680167200e-04;        384
1.8777320122100e-04;      -1566
1.8779286734700e-04;      -1566
1.8781254525500e-04;       4160
1.8783221139800e-04;       4160
1.8785188949600e-04;       2210
1.8787155573500e-04;       2210
1.8789123388900e-04;       1420
1.8790762132200e-04;       1420
1.8792729941600e-04;       -530
1.8794696563800e-04;       -530
1.8796664369300e-04;       5196
1.8798630978200e-04;       5196
1.8800598796900e-04;       3246
1.8802565395000e-04;       3246
1.8804533219900e-04;       1296
1.8806171941500e-04;       1296
1.8808139771600e-04;       -654
1.8810106376000e-04;       -654
1.8812074182300e-04;       6232
1.8814040798300e-04;       6232
1.8816008612500e-04;       4282
1.8817975218000e-04;       4282
1.8819615179600e-04;       2332
1.8821581783000e-04;       2332
1.8823549571700e-04;        382
1.8825516185600e-04;        382
1.8827484000400e-04;       6108
1.8829450608800e-04;       6108
1.8831418418900e-04;       4158
1.8833385040000e-04;       4158
1.8835024989800e-04;       2208
1.8836991587000e-04;       2208
1.8838959385000e-04;       1418
1.8840926011100e-04;       1418
1.8842893804700e-04;       -532
1.8844860428200e-04;       -532
1.8846828233600e-04;       5194
1.8848466970000e-04;       5194
1.8850434783600e-04;       3244
1.8852401398900e-04;       3244
1.8854369182100e-04;       1294
1.8856335799800e-04;       1294
1.8858303617700e-04;       -656
1.8860270227100e-04;       -656
1.8862238026600e-04;       6230
1.8863876782000e-04;       6230
1.8865844607500e-04;       4280
1.8867811204900e-04;       4280
1.8869779021900e-04;       2330
1.8871745637200e-04;       2330
1.8873713441400e-04;        380
1.8875680047400e-04;        380
1.8877319997200e-04;       6106
1.8879286617600e-04;       6106
1.8881254422700e-04;       4156
1.8883221036200e-04;       4156
1.8885188835700e-04;       2206
1.8887155448200e-04;       2206
1.8889123257000e-04;       1416
1.8890761992400e-04;       1416
1.8892729800700e-04;       -534
1.8894696401800e-04;       -534
1.8896664215400e-04;       5192
1.8898630831000e-04;       5192
1.8900598644900e-04;      -4434
1.8902565258900e-04;      -4434
1.8904533064400e-04;       1292
1.8906171823500e-04;       1292
1.8908139641100e-04;       -658
1.8910106256600e-04;       -658
1.8912074060900e-04;       6228
1.8914040665400e-04;       6228
1.8916008477800e-04;       4278
1.8917975091200e-04;       4278
1.8919615050700e-04;       2328
1.8921581659600e-04;       2328
1.8923549457200e-04;        378
1.8925516065900e-04;        378
1.8927483900400e-04;       6104
1.8929450508500e-04;       6104
1.8931418323100e-04;       4154
1.8933384942100e-04;       4154
1.8935024880100e-04;      -5472
1.8936991477200e-04;      -5472
1.8938959298600e-04;       1414
1.8940925917200e-04;       1414
1.8942893732300e-04;       -536
1.8944860347200e-04;       -536
1.8946828160800e-04;       5190
1.8948466901000e-04;       5190
1.8950434709800e-04;       3240
1.8952401315100e-04;       3240
1.8954369122500e-04;       1290
1.8956335737400e-04;       1290
1.8958303544900e-04;       -660
1.8960270161300e-04;       -660
1.8962237965200e-04;       6226
1.8963876701100e-04;       6226
1.8965844515300e-04;       4276
1.8967811146300e-04;       4276
1.8969778966900e-04;       2326
1.8971745587300e-04;       2326
1.8973713408800e-04;        376
1.8975680012700e-04;        376
1.8977319957100e-04;      -1574
1.8979286573600e-04;      -1574
1.8981254366000e-04;       4152
1.8983220986400e-04;       4152
1.8985188802500e-04;       2202
1.8987155415200e-04;       2202
1.8989123234000e-04;       1412
1.8990761976000e-04;       1412
1.8992729781200e-04;       -538
1.8994696401800e-04;       -538
1.8996664212500e-04;       5188
1.8998630835400e-04;       5188
1.9000598653600e-04;       3238
1.9002565278500e-04;       3238
1.9004533098000e-04;       1288
1.9006171831400e-04;       1288
1.9008139655100e-04;       -662
1.9010106244200e-04;       -662
1.9012074060900e-04;       6224
1.9014040658200e-04;       6224
1.9016008481800e-04;       4274
1.9017975087300e-04;       4274
1.9019615033900e-04;       2324
1.9021581651500e-04;       2324
1.9023549436500e-04;        374
1.9025516055400e-04;        374
1.9027483874100e-04;      -1576
1.9029450490600e-04;      -1576
1.9031418315200e-04;       4150
1.9033384921300e-04;       4150
1.9035024860900e-04;       2200
1.9036991477200e-04;       2200
1.9038959295900e-04;       1410
1.9040925911600e-04;       1410
1.9042893718200e-04;       -540
1.9044860337400e-04;       -540
1.9046828160600e-04;       5186
1.9048466921200e-04;       5186
1.9050434735900e-04;       3236
1.9052401354200e-04;       3236
1.9054369173500e-04;       1286
1.9056335770900e-04;       1286
1.9058303608600e-04;       -664
1.9060270223000e-04;       -664
1.9062238023500e-04;       6222
1.9063876758900e-04;       6222
1.9065844588600e-04;       4272
1.9067811198600e-04;       4272
1.9069779012800e-04;       2322
1.9071745617100e-04;       2322
1.9073713431900e-04;        372
1.9075680027700e-04;        372
1.9077319967100e-04;       6098
1.9079286592300e-04;       6098
1.9081254400800e-04;       4148
1.9083221004300e-04;       4148
1.9085188819400e-04;       2198
1.9087155429400e-04;       2198
1.9089123234000e-04;       1408
1.9090761983400e-04;       1408
1.9092729788100e-04;       -542
1.9094696401300e-04;       -542
1.9096664214800e-04;       5184
1.9098630805900e-04;       5184
1.9100598625700e-04;       3234
1.9102565236100e-04;       3234
1.9104533047100e-04;       1284
1.9106171796500e-04;       1284
1.9108139604000e-04;       -666
1.9110106210500e-04;       -666
1.9112074007500e-04;       6220
1.9114040614900e-04;       6220
1.9116008438300e-04;       4270
1.9117975039500e-04;       4270
1.9119614994000e-04;       2320
1.9121581601400e-04;       2320
1.9123549406000e-04;        370
1.9125516035600e-04;        370
1.9127483845600e-04;      -1580
1.9129450469500e-04;      -1580
1.9131418260900e-04;       4146
1.9133384896400e-04;       4146
1.9135024838100e-04;       2196
1.9136991454800e-04;       2196
1.9138959260100e-04;       1406
1.9140925872300e-04;       1406
1.9142893695100e-04;       -544
1.9144860297300e-04;       -544
1.9146828123800e-04;       5182
1.9148466868500e-04;       5182
1.9150434664300e-04;       3232
1.9152401289200e-04;       3232
1.9154369100400e-04;       1282
1.9156335705200e-04;       1282
1.9158303505400e-04;       -668
1.9160270125700e-04;       -668
1.9162237943100e-04;       6218
1.9163876697000e-04;       6218
1.9165844512300e-04;       4268
1.9167811119800e-04;       4268
1.9169778924600e-04;       2318
1.9171745550900e-04;       2318
1.9173713357300e-04;        368
1.9175679975000e-04;        368
1.9177319921000e-04;      -1582
1.9179286531600e-04;      -1582
1.9181254344900e-04;       4144
1.9183220949000e-04;       4144
1.9185188756400e-04;       2194
1.9187155361200e-04;       2194
1.9189123165500e-04;       1404
1.9190761908600e-04;       1404
1.9192729714000e-04;       -546
1.9194696334800e-04;       -546
1.9196664155100e-04;       5180
1.9198630752500e-04;       5180
1.9200598582600e-04;       3230
1.9202565188100e-04;       3230
1.9204533005000e-04;       1280
1.9206171742700e-04;       1280
1.9208139582700e-04;       -670
1.9210106191000e-04;       -670
1.9212074010200e-04;       6216
1.9214040620900e-04;       6216
1.9216008449100e-04;       4266
1.9217975061800e-04;       4266
1.9219615015700e-04;       2316
1.9221581615000e-04;       2316
1.9223549428100e-04;        366
1.9225516047900e-04;        366
1.9227483847000e-04;       6092
1.9229450448500e-04;       6092
1.9231418270800e-04;       4142
1.9233384870100e-04;       4142
1.9235024814900e-04;      -5484
1.9236991412500e-04;      -5484
1.9238959235200e-04;       1402
1.9240925840800e-04;       1402
1.9242893652800e-04;       -548
1.9244860278800e-04;       -548
1.9246828092500e-04;       5178
1.9248466837500e-04;       5178
1.9250434646900e-04;       3228
1.9252401255200e-04;       3228
1.9254369058600e-04;       1278
1.9256335663400e-04;       1278
1.9258303470700e-04;       -672
1.9260270084800e-04;       -672
1.9262237897200e-04;       6214
1.9263876636900e-04;       6214
1.9265844445100e-04;       4264
1.9267811052500e-04;       4264
1.9269778872300e-04;       2314
1.9271745476200e-04;       2314
1.9273713297900e-04;        364
1.9275679918000e-04;        364
1.9277319866600e-04;      -1586
1.9279286493100e-04;      -1586
1.9281254301800e-04;       4140
1.9283220920300e-04;       4140
1.9285188710300e-04;       2190
1.9287155337300e-04;       2190
1.9289123155800e-04;       1400
1.9290761902500e-04;       1400
1.9292729733100e-04;       -550
1.9294696339800e-04;       -550
1.9296664159400e-04;       5176
1.9298630776100e-04;       5176
1.9300598585200e-04;       3226
1.9302565198100e-04;       3226
1.9304533019700e-04;       1276
1.9306171750900e-04;       1276
1.9308139556500e-04;       -674
1.9310106178700e-04;       -674
1.9312073988000e-04;       6212
1.9314040586400e-04;       6212
1.9316008403300e-04;       4262
1.9317975011200e-04;       4262
1.9319614959400e-04;       2312
1.9321581557600e-04;       2312
1.9323549374800e-04;        362
1.9325515977600e-04;        362
1.9327483788500e-04;      -1588
1.9329450393400e-04;      -1588
1.9331418191400e-04;       4138
1.9333384806100e-04;       4138
1.9335024747500e-04;      -5488
1.9336991367300e-04;      -5488
1.9338959178700e-04;       1398
1.9340925779900e-04;       1398
1.9342893584800e-04;       -552
1.9344860198400e-04;       -552
1.9346828021400e-04;       5174
1.9348466771900e-04;       5174
1.9350434588400e-04;       3224
1.9352401199200e-04;       3224
1.9354369006000e-04;       1274
1.9356335626100e-04;       1274
1.9358303447200e-04;       -676
1.9360270047800e-04;       -676
1.9362237868800e-04;       6210
1.9363876620700e-04;       6210
1.9365844425400e-04;       4260
1.9367811050300e-04;       4260
1.9369778858100e-04;       2310
1.9371745460900e-04;       2310
1.9373713258400e-04;        360
1.9375679874300e-04;        360
1.9377319818400e-04;      -1590
1.9379286434000e-04;      -1590
1.9381254243100e-04;       4136
1.9383220857700e-04;       4136
1.9385188670800e-04;      -5490
1.9387155283800e-04;      -5490
1.9389123101800e-04;       1396
1.9390761851500e-04;       1396
1.9392729665600e-04;       -554
1.9394696281500e-04;       -554
1.9396664093100e-04;       5172
1.9398630689500e-04;       5172
1.9400598515200e-04;       3222
1.9402565124700e-04;       3222
1.9404532932900e-04;       1272
1.9406171686300e-04;       1272
1.9408139499900e-04;       -678
1.9410106114900e-04;       -678
1.9412073932500e-04;       6208
1.9414040550600e-04;       6208
1.9416008347400e-04;       4258
1.9417974972200e-04;       4258
1.9419614923900e-04;       2308
1.9421581525300e-04;       2308
1.9423549352600e-04;        358
1.9425515972800e-04;        358
1.9427483795400e-04;      -1592
1.9429450401700e-04;      -1592
1.9431418201000e-04;       4134
1.9433384819700e-04;       4134
1.9435024765900e-04;       2184
1.9436991390500e-04;       2184
1.9438959197300e-04;       1394
1.9440925814300e-04;       1394
1.9442893619900e-04;       -556
1.9444860248200e-04;       -556
1.9446828063700e-04;       5170
1.9448466804400e-04;       5170
1.9450434632100e-04;       3220
1.9452401236800e-04;       3220
1.9454369048000e-04;       1270
1.9456335667600e-04;       1270
1.9458303489600e-04;       -680
1.9460270101100e-04;       -680
1.9462237916100e-04;       6206
1.9463876663900e-04;       6206
1.9465844472600e-04;       4256
1.9467811084200e-04;       4256
1.9469778886700e-04;       2306
1.9471745518000e-04;       2306
1.9473713312600e-04;        356
1.9475679926200e-04;        356
1.9477319871700e-04;      -1594
1.9479286492300e-04;      -1594
1.9481254320500e-04;       4132
1.9483220928400e-04;       4132
1.9485188747500e-04;       2182
1.9487155347000e-04;       2182
1.9489123175200e-04;       1392
1.9490761921600e-04;       1392
1.9492729738600e-04;       -558
1.9494696366200e-04;       -558
1.9496664187200e-04;       5168
1.9498630816000e-04;       5168
1.9500598629600e-04;       3218
1.9502565235400e-04;       3218
1.9504533045000e-04;       1268
1.9506171802900e-04;       1268
1.9508139606000e-04;       -682
1.9510106224100e-04;       -682
1.9512074037000e-04;       6204
1.9514040634900e-04;       6204
1.9516008448000e-04;       4254
1.9517975061400e-04;       4254
1.9519615006900e-04;       2304
1.9521581608700e-04;       2304
1.9523549409500e-04;        354
1.9525516026300e-04;        354
1.9527483830700e-04;      -1596
1.9529450450300e-04;      -1596
1.9531418251500e-04;       4130
1.9533384871400e-04;       4130
1.9535024815200e-04;       2180
1.9536991436700e-04;       2180
1.9538959243900e-04;       1390
1.9540925859900e-04;       1390
1.9542893670100e-04;       -560
1.9544860271300e-04;       -560
1.9546828079400e-04;       5166
1.9548466831800e-04;       5166
1.9550434644200e-04;       3216
1.9552401244400e-04;       3216
1.9554369059900e-04;       1266
1.9556335682800e-04;       1266
1.9558303506200e-04;       -684
1.9560270121200e-04;       -684
1.9562237936400e-04;       6202
1.9563876667600e-04;       6202
1.9565844494800e-04;       4252
1.9567811105500e-04;       4252
1.9569778910400e-04;       2302
1.9571745520800e-04;       2302
1.9573713335100e-04;        352
1.9575679955100e-04;        352
1.9577319882400e-04;      -1598
1.9579286496400e-04;      -1598
1.9581254321100e-04;       4128
1.9583220944200e-04;       4128
1.9585188746500e-04;      -5498
1.9587155347400e-04;      -5498
1.9589123159900e-04;       1388
1.9590761896700e-04;       1388
1.9592729710100e-04;       -562
1.9594696344800e-04;       -562
1.9596664167500e-04;       5164
1.9598630760500e-04;       5164
1.9600598566900e-04;       3214
1.9602565188800e-04;       3214
1.9604533001300e-04;       1264
1.9606171729500e-04;       1264
1.9608139549800e-04;       -686
1.9610106163200e-04;       -686
1.9612073980600e-04;       6200
1.9614040602800e-04;       6200
1.9616008431600e-04;       4250
1.9617975037000e-04;       4250
1.9619614986400e-04;       2300
1.9621581584400e-04;       2300
1.9623549395300e-04;        350
1.9625516011500e-04;        350
1.9627483834000e-04;      -1600
1.9629450441400e-04;      -1600
1.9631418253800e-04;       4126
1.9633384861300e-04;       4126
1.9635024796700e-04;       2176
1.9636991414100e-04;       2176
1.9638959229300e-04;       1386
1.9640925846900e-04;       1386
1.9642893656900e-04;       -564
1.9644860253000e-04;       -564
1.9646828076500e-04;       5162
1.9648466823000e-04;       5162
1.9650434618500e-04;       3212
1.9652401252200e-04;       3212
1.9654369065600e-04;       1262
1.9656335667300e-04;       1262
1.9658303480500e-04;       -688
1.9660270104500e-04;       -688
1.9662237913600e-04;       6198
1.9663876653600e-04;       6198
1.9665844479200e-04;       4248
1.9667811082300e-04;       4248
1.9669778900800e-04;       2298
1.9671745517000e-04;       2298
1.9673713328000e-04;        348
1.9675679934800e-04;        348
1.9677319883600e-04;      -1602
1.9679286513500e-04;      -1602
1.9681254328600e-04;       4124
1.9683220939700e-04;       4124
1.9685188751000e-04;      -5502
1.9687155358200e-04;      -5502
1.9689123181500e-04;       1384
1.9690761923300e-04;       1384
1.9692729745500e-04;       -566
1.9694696369500e-04;       -566
1.9696664186500e-04;       5160
1.9698630791200e-04;       5160
1.9700598603200e-04;       3210
1.9702565221800e-04;       3210
1.9704533042700e-04;       1260
1.9706171783200e-04;       1260
1.9708139590600e-04;       -690
1.9710106202500e-04;       -690
1.9712074022600e-04;       6196
1.9714040621400e-04;       6196
1.9716008437400e-04;       4246
1.9717975056000e-04;       4246
1.9719615011600e-04;       2296
1.9721581620900e-04;       2296
1.9723549439800e-04;        346
1.9725516058500e-04;        346
1.9727483870300e-04;      -1604
1.9729450488900e-04;      -1604
1.9731418299800e-04;       4122
1.9733384911000e-04;       4122
1.9735024858800e-04;       2172
1.9736991466400e-04;       2172
1.9738959277800e-04;       1382
1.9740925897900e-04;       1382
1.9742893701400e-04;       -568
1.9744860314900e-04;       -568
1.9746828129500e-04;       5158
1.9748466878400e-04;       5158
1.9750434687600e-04;       3208
1.9752401307000e-04;       3208
1.9754369113800e-04;       1258
1.9756335733500e-04;       1258
1.9758303546300e-04;       -692
1.9760270160400e-04;       -692
1.9762237972700e-04;       6194
1.9763876710100e-04;       6194
1.9765844512200e-04;       4244
1.9767811130100e-04;       4244
1.9769778954900e-04;       2294
1.9771745560400e-04;       2294
1.9773713368700e-04;        344
1.9775679979800e-04;        344
1.9777319932400e-04;      -1606
1.9779286540300e-04;      -1606
1.9781254342700e-04;       4120
1.9783220965300e-04;       4120
1.9785188752200e-04;       2170
1.9787155370700e-04;       2170
1.9789123182500e-04;       1380
1.9790761921000e-04;       1380
1.9792729750600e-04;       -570
1.9794696369600e-04;       -570
1.9796664194600e-04;       5156
1.9798630804800e-04;       5156
1.9800598618800e-04;       3206
1.9802565213100e-04;       3206
1.9804533033700e-04;       1256
1.9806171775400e-04;       1256
1.9808139585700e-04;       -694
1.9810106218600e-04;       -694
1.9812074034700e-04;       6192
1.9814040656200e-04;       6192
1.9816008469300e-04;       4242
1.9817975092300e-04;       4242
1.9819615031100e-04;       2292
1.9821581636400e-04;       2292
1.9823549432700e-04;        342
1.9825516040200e-04;        342
1.9827483850200e-04;       6068
1.9829450478900e-04;       6068
1.9831418284600e-04;       4118
1.9833384913700e-04;       4118
1.9835024851800e-04;       2168
1.9836991462900e-04;       2168
1.9838959271300e-04;       1378
1.9840925883800e-04;       1378
1.9842893701700e-04;       -572
1.9844860309100e-04;       -572
1.9846828124500e-04;       5154
1.9848466856200e-04;       5154
1.9850434667700e-04;       3204
1.9852401270700e-04;       3204
1.9854369083800e-04;       1254
1.9856335696500e-04;       1254
1.9858303504700e-04;       -696
1.9860270122000e-04;       -696
1.9862237932400e-04;       6190
1.9863876683600e-04;       6190
1.9865844489400e-04;       4240
1.9867811090700e-04;       4240
1.9869778905300e-04;       2290
1.9871745516100e-04;       2290
1.9873713334300e-04;        340
1.9875679947700e-04;        340
1.9877319876800e-04;      -1610
1.9879286495500e-04;      -1610
1.9881254301300e-04;       4116
1.9883220910700e-04;       4116
1.9885188733500e-04;       2166
1.9887155347700e-04;       2166
1.9889123158600e-04;       1376
1.9890761905500e-04;       1376
1.9892729710100e-04;       -574
1.9894696334700e-04;       -574
1.9896664145800e-04;       5152
1.9898630755300e-04;       5152
1.9900598582300e-04;       3202
1.9902565196200e-04;       3202
1.9904533017200e-04;       1252
1.9906171749000e-04;       1252
1.9908139563900e-04;       -698
1.9910106166000e-04;       -698
1.9912073971800e-04;       6188
1.9914040595500e-04;       6188
1.9916008389300e-04;       4238
1.9917975003400e-04;       4238
1.9919614943000e-04;       2288
1.9921581562800e-04;       2288
1.9923549371800e-04;        338
1.9925515995100e-04;        338
1.9927483815900e-04;      -1612
1.9929450429200e-04;      -1612
1.9931418242300e-04;       4114
1.9933384850500e-04;       4114
1.9935024790800e-04;       2164
1.9936991404600e-04;       2164
1.9938959236900e-04;       1374
1.9940925854200e-04;       1374
1.9942893674600e-04;       -576
1.9944860299400e-04;       -576
1.9946828107200e-04;       5150
1.9948466855000e-04;       5150
1.9950434660600e-04;       3200
1.9952401276100e-04;       3200
1.9954369100400e-04;       1250
1.9956335713000e-04;       1250
1.9958303539100e-04;       -700
1.9960270145600e-04;       -700
1.9962237964100e-04;       6186
1.9963876700100e-04;       6186
1.9965844526100e-04;       4236
1.9967811118700e-04;       4236
1.9969778947200e-04;       2286
1.9971745565500e-04;       2286
1.9973713380200e-04;        336
1.9975679993100e-04;        336
1.9977319929800e-04;      -1614
1.9979286540300e-04;      -1614
1.9981254351200e-04;       4112
1.9983220970100e-04;       4112
1.9985188772300e-04;      -5514
1.9987155394300e-04;      -5514
1.9989123201400e-04;       1372
1.9990761940600e-04;       1372
1.9992729760300e-04;       -578
1.9994696387400e-04;       -578
1.9996664197900e-04;       5148
1.9998630810300e-04;       5148
2.0000598624000e-04;       3198
2.0002565231700e-04;       3198
2.0004533079200e-04;       1248
2.0006171823100e-04;       1248
2.0008139632300e-04;       -702
2.0010106249200e-04;       -702
2.0012074063700e-04;       6184
2.0014040676800e-04;       6184
2.0016008498800e-04;       4234
2.0017975103600e-04;       4234
2.0019615054200e-04;       2284
2.0021581661500e-04;       2284
2.0023549478100e-04;        334
2.0025516095700e-04;        334
2.0027483905500e-04;      -1616
2.0029450517700e-04;      -1616
2.0031418327900e-04;       4110
2.0033384932700e-04;       4110
2.0035024879000e-04;       2160
2.0036991495900e-04;       2160
2.0038959308200e-04;       1370
2.0040925921300e-04;       1370
2.0042893736200e-04;       -580
2.0044860344800e-04;       -580
2.0046828169800e-04;       5146
2.0048466906600e-04;       5146
2.0050434729600e-04;       3196
2.0052401337600e-04;       3196
2.0054369161800e-04;       1246
2.0056335763400e-04;       1246
2.0058303583700e-04;       -704
2.0060270189700e-04;       -704
2.0062238020900e-04;       6182
2.0063876762800e-04;       6182
2.0065844580400e-04;       4232
2.0067811195100e-04;       4232
2.0069779016800e-04;       2282
2.0071745634800e-04;       2282
2.0073713446100e-04;        332
2.0075680064000e-04;        332
2.0077320002400e-04;      -1618
2.0079286602700e-04;      -1618
2.0081254413700e-04;       4108
2.0083221021300e-04;       4108
2.0085188836900e-04;       2158
2.0087155437000e-04;       2158
2.0089123243600e-04;       1368
2.0090761979400e-04;       1368
2.0092729806000e-04;       -582
2.0094696426200e-04;       -582
2.0096664240400e-04;       5144
2.0098630867300e-04;       5144
2.0100598678800e-04;       3194
2.0102565282900e-04;       3194
2.0104533101800e-04;       1244
2.0106171843300e-04;       1244
2.0108139666800e-04;       -706
2.0110106282500e-04;       -706
2.0112074102000e-04;       6180
2.0114040705300e-04;       6180
2.0116008521900e-04;       4230
2.0117975146200e-04;       4230
2.0119615098100e-04;       2280
2.0121581709500e-04;       2280
2.0123549524600e-04;        330
2.0125516144900e-04;        330
2.0127483950100e-04;      -1620
2.0129450558200e-04;      -1620
2.0131418371100e-04;       4106
2.0133384976600e-04;       4106
2.0135024925500e-04;       2156
2.0136991550400e-04;       2156
2.0138959359700e-04;       1366
2.0140925974500e-04;       1366
2.0142893799700e-04;       -584
2.0144860398700e-04;       -584
2.0146828220600e-04;       5142
2.0148466954700e-04;       5142
2.0150434778500e-04;       3192
2.0152401389300e-04;       3192
2.0154369185000e-04;       1242
2.0156335809700e-04;       1242
2.0158303627600e-04;       -708
2.0160270232200e-04;       -708
2.0162238073200e-04;       6178
2.0163876819400e-04;       6178
2.0165844635300e-04;       4228
2.0167811261000e-04;       4228
2.0169779086400e-04;       2278
2.0171745680900e-04;       2278
2.0173713505700e-04;        328
2.0175680117000e-04;        328
2.0177320047200e-04;      -1622
2.0179286656500e-04;      -1622
2.0181254487500e-04;       4104
2.0183221098100e-04;       4104
2.0185188918500e-04;       2154
2.0187155543400e-04;       2154
2.0189123351500e-04;       1364
2.0190762103300e-04;       1364
2.0192729895000e-04;       -586
2.0194696516800e-04;       -586
2.0196664322600e-04;       5140
2.0198630945400e-04;       5140
2.0200598749400e-04;       3190
2.0202565370900e-04;       3190
2.0204533190500e-04;       1240
2.0206171932000e-04;       1240
2.0208139755500e-04;       -710
2.0210106357400e-04;       -710
2.0212074164600e-04;       6176
2.0214040786100e-04;       6176
2.0216008599300e-04;       4226
2.0217975219300e-04;       4226
2.0219615152000e-04;       2276
2.0221581785800e-04;       2276
2.0223549593700e-04;        326
2.0225516198500e-04;        326
2.0227484013800e-04;      -1624
2.0229450630100e-04;      -1624
2.0231418449100e-04;       4102
2.0233385067600e-04;       4102
2.0235025014100e-04;       2152
2.0236991630000e-04;       2152
2.0238959440300e-04;       1362
2.0240926061200e-04;       1362
2.0242893871900e-04;       -588
2.0244860482200e-04;       -588
2.0246828305800e-04;       5138
2.0248467048000e-04;       5138
2.0250434866800e-04;       3188
2.0252401489700e-04;       3188
2.0254369319400e-04;       1238
2.0256335932100e-04;       1238
2.0258303731300e-04;       -712
2.0260270337600e-04;       -712
2.0262238161600e-04;       6174
2.0263876893600e-04;       6174
2.0265844698300e-04;       4224
2.0267811309600e-04;       4224
2.0269779136900e-04;       2274
2.0271745749800e-04;       2274
2.0273713566000e-04;        324
2.0275680179400e-04;        324
2.0277320131100e-04;       6050
2.0279286753900e-04;       6050
2.0281254557000e-04;       4100
2.0283221174300e-04;       4100
2.0285188987600e-04;       2150
2.0287155606700e-04;       2150
2.0289123408800e-04;       1360
2.0290762161500e-04;       1360
2.0292729951900e-04;       -590
2.0294696563100e-04;       -590
2.0296664361500e-04;       5136
2.0298630960100e-04;       5136
2.0300598766500e-04;       3186
2.0302565381900e-04;       3186
2.0304533203200e-04;       1236
2.0306171963400e-04;       1236
2.0308139775400e-04;       -714
2.0310106379600e-04;       -714
2.0312074208300e-04;       6172
2.0314040817000e-04;       6172
2.0316008640500e-04;       4222
2.0317975248700e-04;       4222
2.0319615190300e-04;       2272
2.0321581803100e-04;       2272
2.0323549636900e-04;        322
2.0325516239700e-04;        322
2.0327484047600e-04;       6048
2.0329450660900e-04;       6048
2.0331418463000e-04;       4098
2.0333385062900e-04;       4098
2.0335025018500e-04;       2148
2.0336991617700e-04;       2148
2.0338959430100e-04;       1358
2.0340926038800e-04;       1358
2.0342893857200e-04;       7084
2.0344860448500e-04;       7084
2.0346828267400e-04;       5134
2.0348467010500e-04;       5134
2.0350434819700e-04;       3184
2.0352401438300e-04;       3184
2.0354369257500e-04;       1234
2.0356335879400e-04;       1234
2.0358303688200e-04;       -716
2.0360270314800e-04;       -716
2.0362238116800e-04;       6170
2.0363876855400e-04;       6170
2.0365844663500e-04;       4220
2.0367811277900e-04;       4220
2.0369779085800e-04;       2270
2.0371745719200e-04;       2270
2.0373713513500e-04;        320
2.0375680122600e-04;        320
2.0377320066300e-04;       6046
2.0379286676900e-04;       6046
2.0381254489800e-04;       4096
2.0383221098200e-04;       4096
2.0385188905300e-04;       2146
2.0387155524300e-04;       2146
2.0389123324600e-04;       1356
2.0390762061300e-04;       1356
2.0392729867000e-04;       -594
2.0394696484300e-04;       -594
2.0396664295400e-04;       5132
2.0398630922400e-04;       5132
2.0400598732400e-04;       3182
2.0402565349700e-04;       3182
2.0404533173400e-04;       1232
2.0406171909500e-04;       1232
2.0408139718000e-04;       -718
2.0410106327100e-04;       -718
2.0412074149300e-04;       6168
2.0414040780400e-04;       6168
2.0416008584300e-04;       4218
2.0417975189700e-04;       4218
2.0419615154400e-04;       2268
2.0421581754800e-04;       2268
2.0423549562200e-04;        318
2.0425516181000e-04;        318
2.0427484007800e-04;       6044
2.0429450610400e-04;       6044
2.0431418432700e-04;       4094
2.0433385053100e-04;       4094
2.0435024998700e-04;       2144
2.0436991601700e-04;       2144
2.0438959411000e-04;       1354
2.0440926033700e-04;       1354
2.0442893832000e-04;       -596
2.0444860435100e-04;       -596
2.0446828232300e-04;       5130
2.0448466983600e-04;       5130
2.0450434792900e-04;       3180
2.0452401403300e-04;       3180
2.0454369218400e-04;       1230
2.0456335832700e-04;       1230
2.0458303657900e-04;       -720
2.0460270260100e-04;       -720
2.0462238087500e-04;       6166
2.0463876831800e-04;       6166
2.0465844637600e-04;       4216
2.0467811243100e-04;       4216
2.0469779062200e-04;       2266
2.0471745675700e-04;       2266
2.0473713502600e-04;        316
2.0475680097200e-04;        316
2.0477320049500e-04;      -1634
2.0479286663900e-04;      -1634
2.0481254471000e-04;       4092
2.0483221078700e-04;       4092
2.0485188884900e-04;       2142
2.0487155501100e-04;       2142
2.0489123319100e-04;       1352
2.0490762066500e-04;       1352
2.0492729879200e-04;       -598
2.0494696490500e-04;       -598
2.0496664305100e-04;       5128
2.0498630928800e-04;       5128
2.0500598739100e-04;       3178
2.0502565367200e-04;       3178
2.0504533189400e-04;       1228
2.0506171932900e-04;       1228
2.0508139758800e-04;       -722
2.0510106361400e-04;       -722
2.0512074177500e-04;       6164
2.0514040796900e-04;       6164
2.0516008616100e-04;       4214
2.0517975236400e-04;       4214
2.0519615196200e-04;       2264
2.0521581808800e-04;       2264
2.0523549604700e-04;        314
2.0525516214000e-04;        314
2.0527484044200e-04;       6040
2.0529450655800e-04;       6040
2.0531418477500e-04;       4090
2.0533385090100e-04;       4090
2.0535025025200e-04;       2140
2.0536991626200e-04;       2140
2.0538959440800e-04;       1350
2.0540926042400e-04;       1350
2.0542893855600e-04;       -600
2.0544860478500e-04;       -600
2.0546828280300e-04;       5126
2.0548467018400e-04;       5126
2.0550434838300e-04;       3176
2.0552401460500e-04;       3176
2.0554369278100e-04;       1226
2.0556335914800e-04;       1226
2.0558303734700e-04;       -724
2.0560270351500e-04;       -724
2.0562238167000e-04;       6162
2.0563876909200e-04;       6162
2.0565844729000e-04;       4212
2.0567811319500e-04;       4212
2.0569779142700e-04;       2262
2.0571745767700e-04;       2262
2.0573713577100e-04;        312
2.0575680202100e-04;        312
2.0577320143300e-04;       6038
2.0579286762700e-04;       6038
2.0581254560400e-04;       4088
2.0583221177800e-04;       4088
2.0585188983500e-04;       2138
2.0587155594700e-04;       2138
2.0589123405000e-04;       1348
2.0590762146000e-04;       1348
2.0592729942900e-04;       -602
2.0594696556200e-04;       -602
2.0596664357400e-04;       5124
2.0598630969800e-04;       5124
2.0600598799600e-04;       3174
2.0602565403800e-04;       3174
2.0604533212200e-04;       1224
2.0606171965100e-04;       1224
2.0608139774700e-04;       6950
2.0610106388200e-04;       6950
2.0612074214500e-04;       6160
2.0614040816000e-04;       6160
2.0616008631900e-04;       4210
2.0617975232500e-04;       4210
2.0619615188600e-04;       2260
2.0621581812400e-04;       2260
2.0623549632100e-04;        310
2.0625516232100e-04;        310
2.0627484027400e-04;       6036
2.0629450634500e-04;       6036
2.0631418455200e-04;       4086
2.0633385052000e-04;       4086
2.0635024991300e-04;       2136
2.0636991607700e-04;       2136
2.0638959423900e-04;       9022
2.0640926041700e-04;       9022
2.0642893853200e-04;       7072
2.0644860466800e-04;       7072
2.0646828283200e-04;       5122
2.0648467025200e-04;       5122
2.0650434822300e-04;       3172
2.0652401432000e-04;       3172
2.0654369245800e-04;       1222
2.0656335855500e-04;       1222
2.0658303667800e-04;       -728
2.0660270285500e-04;       -728
2.0662238096200e-04;       6158
2.0663876824400e-04;       6158
2.0665844635100e-04;       4208
2.0667811228000e-04;       4208
2.0669779055700e-04;       2258
2.0671745673600e-04;       2258
2.0673713489300e-04;        308
2.0675680097400e-04;        308
2.0677320049300e-04;       6034
2.0679286662800e-04;       6034
2.0681254473400e-04;       4084
2.0683221081300e-04;       4084
2.0685188891600e-04;       2134
2.0687155507900e-04;       2134
2.0689123318300e-04;       1344
2.0690762078400e-04;       1344
2.0692729884500e-04;       -606
2.0694696491400e-04;       -606
2.0696664286000e-04;       5120
2.0698630890900e-04;       5120
2.0700598715300e-04;       3170
2.0702565321700e-04;       3170
2.0704533124900e-04;       1220
2.0706171863500e-04;       1220
2.0708139690500e-04;       -730
2.0710106300600e-04;       -730
2.0712074123900e-04;       6156
2.0714040741400e-04;       6156
2.0716008548400e-04;       4206
2.0717975152600e-04;       4206
2.0719615112700e-04;       2256
2.0721581708600e-04;       2256
2.0723549534500e-04;        306
2.0725516143400e-04;        306
2.0727483964700e-04;      -1644
2.0729450579500e-04;      -1644
2.0731418398100e-04;       4082
2.0733385006500e-04;       4082
2.0735024954300e-04;       2132
2.0736991569000e-04;       2132
2.0738959368700e-04;       1342
2.0740925977600e-04;       1342
2.0742893788100e-04;       -608
2.0744860406400e-04;       -608
2.0746828205400e-04;       5118
2.0748466959000e-04;       5118
2.0750434765300e-04;       3168
2.0752401369400e-04;       3168
2.0754369192000e-04;       1218
2.0756335809800e-04;       1218
2.0758303630500e-04;       -732
2.0760270243400e-04;       -732
2.0762238080000e-04;       6154
2.0763876817700e-04;       6154
2.0765844623200e-04;       4204
2.0767811247700e-04;       4204
2.0769779056400e-04;       2254
2.0771745669000e-04;       2254
2.0773713486900e-04;        304
2.0775680091100e-04;        304
2.0777320032900e-04;      -1646
2.0779286651500e-04;      -1646
2.0781254443000e-04;       4080
2.0783221076900e-04;       4080
2.0785188885400e-04;       2130
2.0787155498700e-04;       2130
2.0789123307000e-04;       1340
2.0790762036500e-04;       1340
2.0792729863100e-04;       -610
2.0794696471600e-04;       -610
2.0796664288200e-04;       5116
2.0798630897000e-04;       5116
2.0800598699600e-04;       3166
2.0802565332300e-04;       3166
2.0804533145400e-04;       1216
2.0806171909400e-04;       1216
2.0808139703100e-04;       -734
2.0810106324500e-04;       -734
2.0812074139400e-04;       6152
2.0814040756200e-04;       6152
2.0816008563900e-04;       4202
2.0817975178000e-04;       4202
2.0819615129400e-04;       2252
2.0821581742200e-04;       2252
2.0823549564200e-04;        302
2.0825516184000e-04;        302
2.0827483980200e-04;      -1648
2.0829450593100e-04;      -1648
2.0831418397000e-04;       4078
2.0833385014400e-04;       4078
2.0835024946300e-04;       2128
2.0836991567800e-04;       2128
2.0838959388900e-04;       1338
2.0840926010800e-04;       1338
2.0842893827400e-04;       -612
2.0844860442000e-04;       -612
2.0846828246800e-04;       5114
2.0848466991600e-04;       5114
2.0850434809800e-04;       3164
2.0852401424100e-04;       3164
2.0854369244400e-04;       1214
2.0856335860600e-04;       1214
2.0858303660200e-04;       -736
2.0860270268700e-04;       -736
2.0862238077700e-04;       6150
2.0863876823600e-04;       6150
2.0865844637400e-04;       4200
2.0867811244100e-04;       4200
2.0869779047400e-04;       2250
2.0871745669800e-04;       2250
2.0873713484600e-04;        300
2.0875680098600e-04;        300
2.0877320044000e-04;      -1650
2.0879286649800e-04;      -1650
2.0881254442200e-04;       4076
2.0883221054700e-04;       4076
2.0885188869600e-04;       2126
2.0887155488200e-04;       2126
2.0889123305900e-04;       1336
2.0890762042600e-04;       1336
2.0892729849800e-04;       -614
2.0894696470400e-04;       -614
2.0896664279600e-04;       5112
2.0898630903400e-04;       5112
2.0900598713600e-04;       3162
2.0902565305500e-04;       3162
2.0904533120500e-04;       1212
2.0906171872100e-04;       1212
2.0908139684400e-04;       -738
2.0910106290000e-04;       -738
2.0912074091100e-04;       6148
2.0914040709600e-04;       6148
2.0916008516100e-04;       4198
2.0917975125300e-04;       4198
2.0919615079100e-04;       2248
2.0921581664200e-04;       2248
2.0923549491300e-04;        298
2.0925516099300e-04;        298
2.0927483903100e-04;       6024
2.0929450515100e-04;       6024
2.0931418337600e-04;       4074
2.0933384942000e-04;       4074
2.0935024882500e-04;       2124
2.0936991517100e-04;       2124
2.0938959306700e-04;       1334
2.0940925921700e-04;       1334
2.0942893746600e-04;       -616
2.0944860342500e-04;       -616
2.0946828158100e-04;       5110
2.0948466903400e-04;       5110
2.0950434717600e-04;       3160
2.0952401328800e-04;       3160
2.0954369134900e-04;       1210
2.0956335759700e-04;       1210
2.0958303574400e-04;       -740
2.0960270191400e-04;       -740
2.0962237991200e-04;       6146
2.0963876731700e-04;       6146
2.0965844533300e-04;       4196
2.0967811162800e-04;       4196
2.0969778966600e-04;       2246
2.0971745569100e-04;       2246
2.0973713373300e-04;        296
2.0975679995800e-04;        296
2.0977319930800e-04;      -1654
2.0979286537400e-04;      -1654
2.0981254358700e-04;       4072
2.0983220967500e-04;       4072
2.0985188800600e-04;      -5554
2.0987155403100e-04;      -5554
2.0989123234300e-04;       1332
2.0990761976200e-04;       1332
2.0992729779400e-04;       -618
2.0994696377400e-04;       -618
2.0996664217200e-04;       5108
2.0998630828800e-04;       5108
2.1000598662900e-04;       3158
2.1002565264200e-04;       3158
2.1004533082600e-04;       1208
2.1006171827100e-04;       1208
2.1008139655300e-04;       -742
2.1010106272600e-04;       -742
2.1012074069600e-04;       6144
2.1014040677100e-04;       6144
2.1016008497300e-04;       4194
2.1017975103000e-04;       4194
2.1019615046300e-04;       2244
2.1021581647000e-04;       2244
2.1023549470100e-04;        294
2.1025516084900e-04;        294
2.1027483909300e-04;      -1656
2.1029450499100e-04;      -1656
2.1031418323000e-04;       4070
2.1033384932500e-04;       4070
2.1035024876200e-04;       2120
2.1036991479100e-04;       2120
2.1038959310500e-04;       1330
2.1040925919300e-04;       1330
2.1042893742000e-04;       -620
2.1044860368200e-04;       -620
2.1046828174900e-04;       5106
2.1048466913700e-04;       5106
2.1050434740400e-04;       3156
2.1052401357200e-04;       3156
2.1054369164500e-04;       1206
2.1056335767600e-04;       1206
2.1058303582600e-04;       -744
2.1060270195900e-04;       -744
2.1062237988100e-04;       6142
2.1063876742000e-04;       6142
2.1065844541600e-04;       4192
2.1067811155200e-04;       4192
2.1069778963400e-04;       2242
2.1071745586800e-04;       2242
2.1073713415700e-04;        292
2.1075680018100e-04;        292
2.1077319967300e-04;      -1658
2.1079286590300e-04;      -1658
2.1081254401000e-04;       4068
2.1083221023900e-04;       4068
2.1085188839600e-04;       2118
2.1087155458500e-04;       2118
2.1089123269100e-04;       1328
2.1090762026100e-04;       1328
2.1092729834600e-04;       -622
2.1094696452400e-04;       -622
2.1096664269700e-04;       5104
2.1098630889700e-04;       5104
2.1100598703200e-04;       3154
2.1102565308000e-04;       3154
2.1104533137600e-04;       1204
2.1106171881800e-04;       1204
2.1108139698800e-04;       -746
2.1110106321900e-04;       -746
2.1112074139000e-04;       6140
2.1114040750000e-04;       6140
2.1116008562600e-04;       4190
2.1117975172500e-04;       4190
2.1119615116300e-04;       2240
2.1121581737200e-04;       2240
2.1123549557600e-04;        290
2.1125516169000e-04;        290
2.1127483988700e-04;      -1660
2.1129450600800e-04;      -1660
2.1131418421900e-04;       4066
2.1133385057000e-04;       4066
2.1135025011000e-04;       2116
2.1136991627000e-04;       2116
2.1138959444800e-04;       1326
2.1140926054700e-04;       1326
2.1142893886800e-04;       -624
2.1144860477100e-04;       -624
2.1146828283200e-04;       5102
2.1148467047800e-04;       5102
2.1150434847300e-04;       3152
2.1152401478300e-04;       3152
2.1154369293900e-04;       1202
2.1156335917200e-04;       1202
2.1158303719600e-04;       -748
2.1160270348400e-04;       -748
2.1162238144200e-04;       6138
2.1163876904900e-04;       6138
2.1165844728200e-04;       4188
2.1167811344400e-04;       4188
2.1169779152600e-04;       2238
2.1171745777100e-04;       2238
2.1173713602600e-04;        288
2.1175680213500e-04;        288
2.1177320161800e-04;       6014
2.1179286776300e-04;       6014
2.1181254594300e-04;       4064
2.1183221191600e-04;       4064
2.1185189000900e-04;       2114
2.1187155597400e-04;       2114
2.1189123435400e-04;       1324
2.1190762174200e-04;       1324
2.1192729993600e-04;       7050
2.1194696613500e-04;       7050
2.1196664435400e-04;       5100
2.1198631056500e-04;       5100
2.1200598867000e-04;       3150
2.1202565471400e-04;       3150
2.1204533284400e-04;       1200
2.1206172026300e-04;       1200
2.1208139852800e-04;       -750
2.1210106459700e-04;       -750
2.1212074268400e-04;       6136
2.1214040872000e-04;       6136
2.1216008675300e-04;       4186
2.1217975290600e-04;       4186
2.1219615253400e-04;       2236
2.1221581848700e-04;       2236
2.1223549661700e-04;        286
2.1225516269900e-04;        286
2.1227484081700e-04;       6012
2.1229450686100e-04;       6012
2.1231418498900e-04;       4062
2.1233385119900e-04;       4062
2.1235025072400e-04;       2112
2.1236991693700e-04;       2112
2.1238959510000e-04;       8998
2.1240926108300e-04;       8998
2.1242893926000e-04;       7048
2.1244860538600e-04;       7048
2.1246828343900e-04;       5098
2.1248467088600e-04;       5098
2.1250434901000e-04;       3148
2.1252401499300e-04;       3148
2.1254369297900e-04;       1198
2.1256335910600e-04;       1198
2.1258303711000e-04;       -752
2.1260270299300e-04;       -752
2.1262238121500e-04;       6134
2.1263876860100e-04;       6134
2.1265844683400e-04;       4184
2.1267811283700e-04;       4184
2.1269779090700e-04;       2234
2.1271745703900e-04;       2234
2.1273713524600e-04;        284
2.1275680131200e-04;        284
2.1277320077300e-04;      -1666
2.1279286685500e-04;      -1666
2.1281254500200e-04;       4060
2.1283221118800e-04;       4060
2.1285188945800e-04;       2110
2.1287155589000e-04;       2110
2.1289123396300e-04;       1320
2.1290762137700e-04;       1320
2.1292729962700e-04;       -630
2.1294696576700e-04;       -630
2.1296664393000e-04;       5096
2.1298631008600e-04;       5096
2.1300598825200e-04;       3146
2.1302565438200e-04;       3146
2.1304533256800e-04;       1196
2.1306171999400e-04;       1196
2.1308139826100e-04;       6922
2.1310106439900e-04;       6922
2.1312074234600e-04;       6132
2.1314040842200e-04;       6132
2.1316008677700e-04;       4182
2.1317975282400e-04;       4182
2.1319615229200e-04;       2232
2.1321581845100e-04;       2232
2.1323549644900e-04;        282
2.1325516254900e-04;        282
2.1327484069200e-04;       6008
2.1329450675100e-04;       6008
2.1331418490000e-04;       4058
2.1333385088100e-04;       4058
2.1335025036100e-04;       2108
2.1336991646100e-04;       2108
2.1338959474100e-04;       8994
2.1340926076200e-04;       8994
2.1342893893200e-04;       -632
2.1344860517800e-04;       -632
2.1346828329200e-04;       5094
2.1348467066700e-04;       5094
2.1350434875000e-04;       3144
2.1352401488400e-04;       3144
2.1354369293500e-04;       1194
2.1356335909000e-04;       1194
2.1358303736700e-04;       -756
2.1360270346800e-04;       -756
2.1362238171800e-04;       6130
2.1363876909600e-04;       6130
2.1365844711600e-04;       4180
2.1367811338900e-04;       4180
2.1369779140800e-04;       2230
2.1371745752100e-04;       2230
2.1373713576000e-04;       7956
2.1375680190200e-04;       7956
2.1377320134700e-04;       6006
2.1379286740200e-04;       6006
2.1381254536800e-04;       4056
2.1383221149500e-04;       4056
2.1385188961100e-04;       2106
2.1387155568000e-04;       2106
2.1389123367800e-04;       8992
2.1390762104300e-04;       8992
2.1392729922700e-04;       7042
2.1394696533000e-04;       7042
2.1396664360900e-04;       5092
2.1398630971700e-04;       5092
2.1400598774900e-04;       3142
2.1402565396300e-04;       3142
2.1404533202300e-04;       1192
2.1406171950000e-04;       1192
2.1408139764300e-04;       -758
2.1410106364200e-04;       -758
2.1412074190400e-04;       6128
2.1414040787300e-04;       6128
2.1416008582600e-04;       4178
2.1417975179500e-04;       4178
2.1419615149600e-04;       2228
2.1421581766100e-04;       2228
2.1423549576200e-04;        278
2.1425516183200e-04;        278
2.1427484004800e-04;       6004
2.1429450596600e-04;       6004
2.1431418422000e-04;       4054
2.1433385031300e-04;       4054
2.1435024961500e-04;       2104
2.1436991576000e-04;       2104
2.1438959395500e-04;       8990
2.1440926003800e-04;       8990
2.1442893819700e-04;       -636
2.1444860420400e-04;       -636
2.1446828251300e-04;       5090
2.1448467006900e-04;       5090
2.1450434816300e-04;       3140
2.1452401423000e-04;       3140
2.1454369221300e-04;       1190
2.1456335836700e-04;       1190
2.1458303636800e-04;       -760
2.1460270244300e-04;       -760
2.1462238054300e-04;       6126
2.1463876803100e-04;       6126
2.1465844619800e-04;       4176
2.1467811236200e-04;       4176
2.1469779060700e-04;       2226
2.1471745671500e-04;       2226
2.1473713494100e-04;       7952
2.1475680113400e-04;       7952
2.1477320057100e-04;       6002
2.1479286677000e-04;       6002
2.1481254485900e-04;       4052
2.1483221104800e-04;       4052
2.1485188920500e-04;       2102
2.1487155542000e-04;       2102
2.1489123362900e-04;       1312
2.1490762092900e-04;       1312
2.1492729914000e-04;       -638
2.1494696503200e-04;       -638
2.1496664328100e-04;       5088
2.1498630957100e-04;       5088
2.1500598753600e-04;       3138
2.1502565350000e-04;       3138
2.1504533169400e-04;       1188
2.1506171918800e-04;       1188
2.1508139725500e-04;       -762
2.1510106336300e-04;       -762
2.1512074155700e-04;       6124
2.1514040774900e-04;       6124
2.1516008587600e-04;       4174
2.1517975200800e-04;       4174
2.1519615147000e-04;       2224
2.1521581747100e-04;       2224
2.1523549549300e-04;        274
2.1525516154300e-04;        274
2.1527483964900e-04;      -1676
2.1529450590600e-04;      -1676
2.1531418399800e-04;       4050
2.1533385023800e-04;       4050
2.1535024955600e-04;       2100
2.1536991580000e-04;       2100
2.1538959395500e-04;       1310
2.1540926013100e-04;       1310
2.1542893819600e-04;       -640
2.1544860416200e-04;       -640
2.1546828231300e-04;       5086
2.1548466974600e-04;       5086
2.1550434781400e-04;       3136
2.1552401389800e-04;       3136
2.1554369193400e-04;       1186
2.1556335785300e-04;       1186
2.1558303609600e-04;       -764
2.1560270221800e-04;       -764
2.1562238039300e-04;       6122
2.1563876777600e-04;       6122
2.1565844593800e-04;       4172
2.1567811219400e-04;       4172
2.1569779033900e-04;       2222
2.1571745645000e-04;       2222
2.1573713456100e-04;        272
2.1575680076900e-04;        272
2.1577320014300e-04;      -1678
2.1579286617800e-04;      -1678
2.1581254442700e-04;       4048
2.1583221042400e-04;       4048
2.1585188859200e-04;       2098
2.1587155480600e-04;       2098
2.1589123292100e-04;       1308
2.1590762030900e-04;       1308
2.1592729852500e-04;       -642
2.1594696443800e-04;       -642
2.1596664276200e-04;       5084
2.1598630915300e-04;       5084
2.1600598722600e-04;       3134
2.1602565343800e-04;       3134
2.1604533162100e-04;       1184
2.1606171916800e-04;       1184
2.1608139712100e-04;       -766
2.1610106335400e-04;       -766
2.1612074140100e-04;       6120
2.1614040758000e-04;       6120
2.1616008568100e-04;       4170
2.1617975186700e-04;       4170
2.1619615133600e-04;       2220
2.1621581771800e-04;       2220
2.1623549559800e-04;        270
2.1625516172800e-04;        270
2.1627483996000e-04;       5996
2.1629450599100e-04;       5996
2.1631418417100e-04;       4046
2.1633385027700e-04;       4046
2.1635024971300e-04;       2096
2.1636991579900e-04;       2096
2.1638959404000e-04;       1306
2.1640926006000e-04;       1306
2.1642893818300e-04;       -644
2.1644860419300e-04;       -644
2.1646828241600e-04;       5082
2.1648466998700e-04;       5082
2.1650434807400e-04;       3132
2.1652401421600e-04;       3132
2.1654369235300e-04;       1182
2.1656335844800e-04;       1182
2.1658303663100e-04;       -768
2.1660270269800e-04;       -768
2.1662238091900e-04;       6118
2.1663876829800e-04;       6118
2.1665844649300e-04;       4168
2.1667811268600e-04;       4168
2.1669779091200e-04;       2218
2.1671745702400e-04;       2218
2.1673713519000e-04;        268
2.1675680147700e-04;        268
2.1677320083800e-04;       5994
2.1679286695100e-04;       5994
2.1681254510200e-04;       4044
2.1683221109100e-04;       4044
2.1685188935900e-04;       2094
2.1687155538400e-04;       2094
2.1689123347600e-04;       1304
2.1690762090200e-04;       1304
2.1692729915500e-04;       -646
2.1694696523900e-04;       -646
2.1696664344300e-04;       5080
2.1698630950900e-04;       5080
2.1700598742100e-04;       3130
2.1702565355400e-04;       3130
2.1704533185200e-04;       1180
2.1706171926700e-04;       1180
2.1708139752100e-04;       -770
2.1710106356400e-04;       -770
2.1712074162900e-04;       6116
2.1714040787400e-04;       6116
2.1716008597200e-04;       4166
2.1717975224700e-04;       4166
2.1719615154200e-04;       2216
2.1721581775000e-04;       2216
2.1723549578500e-04;        266
2.1725516195400e-04;        266
2.1727483994200e-04;       5992
2.1729450603100e-04;       5992
2.1731418401500e-04;       4042
2.1733385018600e-04;       4042
2.1735024968700e-04;       2092
2.1736991586500e-04;       2092
2.1738959386100e-04;       1302
2.1740925997800e-04;       1302
2.1742893818800e-04;       -648
2.1744860434500e-04;       -648
2.1746828261000e-04;       5078
2.1748467005400e-04;       5078
2.1750434824900e-04;       3128
2.1752401427900e-04;       3128
2.1754369237600e-04;       1178
2.1756335846200e-04;       1178
2.1758303653700e-04;       -772
2.1760270259900e-04;       -772
2.1762238088100e-04;       6114
2.1763876836400e-04;       6114
2.1765844643900e-04;       4164
2.1767811262500e-04;       4164
2.1769779063300e-04;       2214
2.1771745678500e-04;       2214
2.1773713495200e-04;        264
2.1775680101000e-04;        264
2.1777320044100e-04;      -1686
2.1779286663100e-04;      -1686
2.1781254466300e-04;       4040
2.1783221082000e-04;       4040
2.1785188913900e-04;       2090
2.1787155520800e-04;       2090
2.1789123334700e-04;       1300
2.1790762083600e-04;       1300
2.1792729898400e-04;       -650
2.1794696514200e-04;       -650
2.1796664320200e-04;       5076
2.1798630932500e-04;       5076
2.1800598742100e-04;       3126
2.1802565339700e-04;       3126
2.1804533174000e-04;       1176
2.1806171908300e-04;       1176
2.1808139719100e-04;       -774
2.1810106333800e-04;       -774
2.1812074149500e-04;       6112
2.1814040770100e-04;       6112
2.1816008592700e-04;       4162
2.1817975190300e-04;       4162
2.1819615132700e-04;       2212
2.1821581744800e-04;       2212
2.1823549566600e-04;        262
2.1825516195900e-04;        262
2.1827484006600e-04;       5988
2.1829450616900e-04;       5988
2.1831418421100e-04;       4038
2.1833385032700e-04;       4038
2.1835024966100e-04;       2088
2.1836991582400e-04;       2088
2.1838959391800e-04;       1298
2.1840926020200e-04;       1298
2.1842893820100e-04;       -652
2.1844860434900e-04;       -652
2.1846828238800e-04;       5074
2.1848466990300e-04;       5074
2.1850434805500e-04;       3124
2.1852401418300e-04;       3124
2.1854369218000e-04;       1174
2.1856335836500e-04;       1174
2.1858303646000e-04;       -776
2.1860270261900e-04;       -776
2.1862238068400e-04;       6110
2.1863876810200e-04;       6110
2.1865844630300e-04;       4160
2.1867811246000e-04;       4160
2.1869779067000e-04;       2210
2.1871745688200e-04;       2210
2.1873713499000e-04;        260
2.1875680121300e-04;        260
2.1877320054700e-04;      -1690
2.1879286672700e-04;      -1690
2.1881254487400e-04;       4036
2.1883221098600e-04;       4036
2.1885188907000e-04;       2086
2.1887155512800e-04;       2086
2.1889123331200e-04;       1296
2.1890762068800e-04;       1296
2.1892729884100e-04;       -654
2.1894696496200e-04;       -654
2.1896664314200e-04;       5072
2.1898630913100e-04;       5072
2.1900598751600e-04;       3122
2.1902565374000e-04;       3122
2.1904533181100e-04;       1172
2.1906171920500e-04;       1172
2.1908139733600e-04;       -778
2.1910106357400e-04;       -778
2.1912074168100e-04;       6108
2.1914040761800e-04;       6108
2.1916008582600e-04;       4158
2.1917975208500e-04;       4158
2.1919615160500e-04;       2208
2.1921581775900e-04;       2208
2.1923549586500e-04;        258
2.1925516209100e-04;        258
2.1927484015300e-04;      -1692
2.1929450632400e-04;      -1692
2.1931418449100e-04;       4034
2.1933385058500e-04;       4034
2.1935024997500e-04;       2084
2.1936991607000e-04;       2084
2.1938959426900e-04;       1294
2.1940926043300e-04;       1294
2.1942893861200e-04;       -656
2.1944860470800e-04;       -656
2.1946828291000e-04;       5070
2.1948467038600e-04;       5070
2.1950434861000e-04;       3120
2.1952401496600e-04;       3120
2.1954369311800e-04;       1170
2.1956335918000e-04;       1170
2.1958303728000e-04;       -780
2.1960270327600e-04;       -780
2.1962238140500e-04;       6106
2.1963876892400e-04;       6106
2.1965844705900e-04;       4156
2.1967811322600e-04;       4156
2.1969779139200e-04;       2206
2.1971745759500e-04;       2206
2.1973713600800e-04;        256
2.1975680214000e-04;        256
2.1977320152400e-04;      -1694
2.1979286772100e-04;      -1694
2.1981254586500e-04;       4032
2.1983221204300e-04;       4032
2.1985189030700e-04;       2082
2.1987155640900e-04;       2082
2.1989123458800e-04;       1292
2.1990762187000e-04;       1292
2.1992730012000e-04;       -658
2.1994696629000e-04;       -658
2.1996664445100e-04;       5068
2.1998631047100e-04;       5068
2.2000598856100e-04;       3118
2.2002565468700e-04;       3118
2.2004533279700e-04;       1168
2.2006172027600e-04;       1168
2.2008139851400e-04;       -782
2.2010106465400e-04;       -782
2.2012074275700e-04;       6104
2.2014040889900e-04;       6104
2.2016008699800e-04;       4154
2.2017975327900e-04;       4154
2.2019615281000e-04;       2204
2.2021581875900e-04;       2204
2.2023549685400e-04;       7930
2.2025516310400e-04;       7930
2.2027484107800e-04;       5980
2.2029450717900e-04;       5980
2.2031418532400e-04;       4030
2.2033385144100e-04;       4030
2.2035025095000e-04;       2080
2.2036991707700e-04;       2080
2.2038959525800e-04;       1290
2.2040926146000e-04;       1290
2.2042893950200e-04;       -660
2.2044860557000e-04;       -660
2.2046828375900e-04;       5066
2.2048467122000e-04;       5066
2.2050434939600e-04;       3116
2.2052401560300e-04;       3116
2.2054369370900e-04;       1166
2.2056335986700e-04;       1166
2.2058303798600e-04;       -784
2.2060270403500e-04;       -784
2.2062238219500e-04;       6102
2.2063876981400e-04;       6102
2.2065844787800e-04;       4152
2.2067811391800e-04;       4152
2.2069779230500e-04;       2202
2.2071745851300e-04;       2202
2.2073713665100e-04;       7928
2.2075680277400e-04;       7928
2.2077320222800e-04;       5978
2.2079286828000e-04;       5978
2.2081254653900e-04;       4028
2.2083221275300e-04;       4028
2.2085189075100e-04;       2078
2.2087155683700e-04;       2078
2.2089123486600e-04;       8964
2.2090762216400e-04;       8964
2.2092730022200e-04;       7014
2.2094696629100e-04;       7014
2.2096664424000e-04;       5064
2.2098631034000e-04;       5064
2.2100598823500e-04;       3114
2.2102565457500e-04;       3114
2.2104533258700e-04;       1164
2.2106172005500e-04;       1164
2.2108139815300e-04;       6890
2.2110106419000e-04;       6890
2.2112074207700e-04;       6100
2.2114040811200e-04;       6100
2.2116008617200e-04;       4150
2.2117975213800e-04;       4150
2.2119615157100e-04;       2200
2.2121581754400e-04;       2200
2.2123549568800e-04;        250
2.2125516181300e-04;        250
2.2127483964700e-04;       5976
2.2129450567300e-04;       5976
2.2131418381900e-04;       4026
2.2133385008100e-04;       4026
2.2135024941500e-04;       2076
2.2136991543300e-04;       2076
2.2138959345100e-04;       1286
2.2140925962800e-04;       1286
2.2142893780000e-04;       -664
2.2144860405300e-04;       -664
2.2146828216900e-04;       5062
2.2148466967200e-04;       5062
2.2150434770000e-04;       3112
2.2152401391300e-04;       3112
2.2154369202800e-04;       1162
2.2156335837400e-04;       1162
2.2158303638900e-04;       -788
2.2160270252700e-04;       -788
2.2162238060600e-04;       6098
2.2163876811100e-04;       6098
2.2165844623800e-04;       4148
2.2167811251500e-04;       4148
2.2169779061800e-04;       2198
2.2171745683300e-04;       2198
2.2173713499900e-04;        248
2.2175680109400e-04;        248
2.2177320051100e-04;      -1702
2.2179286668100e-04;      -1702
2.2181254479700e-04;       4024
2.2183221096700e-04;       4024
2.2185188897800e-04;       2074
2.2187155511000e-04;       2074
2.2189123328800e-04;       1284
2.2190762065200e-04;       1284
2.2192729875000e-04;       -666
2.2194696476300e-04;       -666
2.2196664297900e-04;       5060
2.2198630919900e-04;       5060
2.2200598751900e-04;       3110
2.2202565354600e-04;       3110
2.2204533155100e-04;       1160
2.2206171894100e-04;       1160
2.2208139712600e-04;       -790
2.2210106333500e-04;       -790
2.2212074138100e-04;       6096
2.2214040760800e-04;       6096
2.2216008566800e-04;       4146
2.2217975179200e-04;       4146
2.2219615118500e-04;       2196
2.2221581731000e-04;       2196
2.2223549561100e-04;        246
2.2225516170300e-04;        246
2.2227483975100e-04;       5972
2.2229450587400e-04;       5972
2.2231418391400e-04;       4022
2.2233384997100e-04;       4022
2.2235024949000e-04;       2072
2.2236991558900e-04;       2072
2.2238959384800e-04;       1282
2.2240925992900e-04;       1282
2.2242893806900e-04;       -668
2.2244860413300e-04;       -668
2.2246828251300e-04;       5058
2.2248466974500e-04;       5058
2.2250434786200e-04;       3108
2.2252401421100e-04;       3108
2.2254369237100e-04;       1158
2.2256335852500e-04;       1158
2.2258303667300e-04;       -792
2.2260270294700e-04;       -792
2.2262238112400e-04;       6094
2.2263876862700e-04;       6094
2.2265844660600e-04;       4144
2.2267811277200e-04;       4144
2.2269779088200e-04;       2194
2.2271745697300e-04;       2194
2.2273713507700e-04;        244
2.2275680125600e-04;        244
2.2277320072300e-04;      -1706
2.2279286693900e-04;      -1706
2.2281254509300e-04;       4020
2.2283221117100e-04;       4020
2.2285188927900e-04;       2070
2.2287155552100e-04;       2070
2.2289123379300e-04;       1280
2.2290762116800e-04;       1280
2.2292729921200e-04;       -670
2.2294696542000e-04;       -670
2.2296664343400e-04;       5056
2.2298630969800e-04;       5056
2.2300598793400e-04;       3106
2.2302565409700e-04;       3106
2.2304533228900e-04;       1156
2.2306171964900e-04;       1156
2.2308139776200e-04;       -794
2.2310106380700e-04;       -794
2.2312074200400e-04;       6092
2.2314040831800e-04;       6092
2.2316008654900e-04;       4142
2.2317975256200e-04;       4142
2.2319615179700e-04;       2192
2.2321581800200e-04;       2192
2.2323549612700e-04;        242
2.2325516231200e-04;        242
2.2327484045800e-04;      -1708
2.2329450650900e-04;      -1708
2.2331418465900e-04;       4018
2.2333385077900e-04;       4018
2.2335025021000e-04;       2068
2.2336991637800e-04;       2068
2.2338959449700e-04;       1278
2.2340926060500e-04;       1278
2.2342893876200e-04;       -672
2.2344860487100e-04;       -672
2.2346828307000e-04;       5054
2.2348467056900e-04;       5054
2.2350434873200e-04;       3104
2.2352401479400e-04;       3104
2.2354369291400e-04;       1154
2.2356335896700e-04;       1154
2.2358303710000e-04;       -796
2.2360270323200e-04;       -796
2.2362238131900e-04;       6090
2.2363876882600e-04;       6090
2.2365844687000e-04;       4140
2.2367811305600e-04;       4140
2.2369779104900e-04;       2190
2.2371745719100e-04;       2190
2.2373713530800e-04;        240
2.2375680144900e-04;        240
2.2377320104900e-04;       5966
2.2379286714800e-04;       5966
2.2381254515400e-04;       4016
2.2383221123400e-04;       4016
2.2385188925800e-04;       2066
2.2387155543700e-04;       2066
2.2389123351300e-04;       1276
2.2390762088200e-04;       1276
2.2392729919100e-04;       -674
2.2394696518100e-04;       -674
2.2396664320100e-04;       5052
2.2398630938700e-04;       5052
2.2400598750400e-04;       3102
2.2402565380500e-04;       3102
2.2404533195400e-04;       1152
2.2406171920800e-04;       1152
2.2408139750800e-04;       -798
2.2410106374400e-04;       -798
2.2412074186000e-04;       6088
2.2414040792900e-04;       6088
2.2416008592200e-04;       4138
2.2417975200900e-04;       4138
2.2419615143300e-04;       2188
2.2421581766100e-04;       2188
2.2423549569700e-04;        238
2.2425516178100e-04;        238
2.2427483981400e-04;      -1712
2.2429450603800e-04;      -1712
2.2431418425900e-04;       4014
2.2433385039700e-04;       4014
2.2435024980100e-04;       2064
2.2436991605800e-04;       2064
2.2438959420500e-04;       1274
2.2440926026900e-04;       1274
2.2442893844500e-04;       -676
2.2444860444200e-04;       -676
2.2446828273000e-04;       5050
2.2448467017100e-04;       5050
2.2450434833400e-04;       3100
2.2452401452800e-04;       3100
2.2454369265200e-04;       1150
2.2456335873500e-04;       1150
2.2458303678200e-04;       -800
2.2460270289200e-04;       -800
2.2462238107900e-04;       6086
2.2463876861700e-04;       6086
2.2465844681800e-04;       4136
2.2467811281400e-04;       4136
2.2469779102000e-04;       2186
2.2471745709900e-04;       2186
2.2473713533500e-04;        236
2.2475680139500e-04;        236
2.2477320090200e-04;       5962
2.2479286697400e-04;       5962
2.2481254516300e-04;       4012
2.2483221133700e-04;       4012
2.2485188937300e-04;       2062
2.2487155524700e-04;       2062
2.2489123356100e-04;       1272
2.2490762105300e-04;       1272
2.2492729915900e-04;       -678
2.2494696545300e-04;       -678
2.2496664360300e-04;       5048
2.2498630969600e-04;       5048
2.2500598785100e-04;       3098
2.2502565406200e-04;       3098
2.2504533208800e-04;       1148
2.2506171942700e-04;       1148
2.2508139760300e-04;       -802
2.2510106365600e-04;       -802
2.2512074175300e-04;       6084
2.2514040782300e-04;       6084
2.2516008615500e-04;       4134
2.2517975226500e-04;       4134
2.2519615170900e-04;       2184
2.2521581784600e-04;       2184
2.2523549599000e-04;        234
2.2525516204600e-04;        234
2.2527484010300e-04;       5960
2.2529450607100e-04;       5960
2.2531418425900e-04;       4010
2.2533385034700e-04;       4010
2.2535024961300e-04;       2060
2.2536991565800e-04;       2060
2.2538959389300e-04;       8946
2.2540926004200e-04;       8946
2.2542893799200e-04;       -680
2.2544860420400e-04;       -680
2.2546828224500e-04;       5046
2.2548466966600e-04;       5046
2.2550434771600e-04;       3096
2.2552401385800e-04;       3096
2.2554369203300e-04;       1146
2.2556335818600e-04;       1146
2.2558303632200e-04;       -804
2.2560270233000e-04;       -804
2.2562238037500e-04;       6082
2.2563876778100e-04;       6082
2.2565844593600e-04;       4132
2.2567811200200e-04;       4132
2.2569779015300e-04;       2182
2.2571745629100e-04;       2182
2.2573713456600e-04;        232
2.2575680052300e-04;        232
2.2577319982800e-04;      -1718
2.2579286597500e-04;      -1718
2.2581254421500e-04;       4008
2.2583221051600e-04;       4008
2.2585188856300e-04;       2058
2.2587155458300e-04;       2058
2.2589123284700e-04;       1268
2.2590762030300e-04;       1268
2.2592729835200e-04;       -682
2.2594696443600e-04;       -682
2.2596664271000e-04;       5044
2.2598630889300e-04;       5044
2.2600598711600e-04;       3094
2.2602565324300e-04;       3094
2.2604533135900e-04;       1144
2.2606171882300e-04;       1144
2.2608139694900e-04;       -806
2.2610106312700e-04;       -806
2.2612074125400e-04;       6080
2.2614040744700e-04;       6080
2.2616008564800e-04;       4130
2.2617975186600e-04;       4130
2.2619615120400e-04;       2180
2.2621581718400e-04;       2180
2.2623549535800e-04;        230
2.2625516176600e-04;        230
2.2627483988500e-04;       5956
2.2629450607700e-04;       5956
2.2631418421200e-04;       4006
2.2633385033900e-04;       4006
2.2635024980400e-04;       2056
2.2636991587000e-04;       2056
2.2638959388300e-04;       1266
2.2640925997100e-04;       1266
2.2642893792300e-04;       -684
2.2644860410800e-04;       -684
2.2646828224000e-04;       5042
2.2648466978200e-04;       5042
2.2650434803300e-04;       3092
2.2652401407300e-04;       3092
2.2654369240700e-04;       1142
2.2656335854700e-04;       1142
2.2658303659100e-04;       -808
2.2660270256600e-04;       -808
2.2662238069200e-04;       6078
2.2663876813200e-04;       6078
2.2665844627800e-04;       4128
2.2667811236300e-04;       4128
2.2669779051000e-04;       2178
2.2671745674900e-04;       2178
2.2673713485400e-04;        228
2.2675680097600e-04;        228
2.2677320043900e-04;       5954
2.2679286651500e-04;       5954
2.2681254458100e-04;       4004
2.2683221067600e-04;       4004
2.2685188881600e-04;       2054
2.2687155475500e-04;       2054
2.2689123294500e-04;       1264
2.2690762046700e-04;       1264
2.2692729852000e-04;       -686
2.2694696483500e-04;       -686
2.2696664291900e-04;       5040
2.2698630902600e-04;       5040
2.2700598703200e-04;       3090
2.2702565328500e-04;       3090
2.2704533112300e-04;       1140
2.2706171854500e-04;       1140
2.2708139673700e-04;       -810
2.2710106290800e-04;       -810
2.2712074087400e-04;       6076
2.2714040708400e-04;       6076
2.2716008521500e-04;       4126
2.2717975127900e-04;       4126
2.2719615084600e-04;       2176
2.2721581687800e-04;       2176
2.2723549510800e-04;        226
2.2725516115400e-04;        226
2.2727483934600e-04;      -1724
2.2729450550900e-04;      -1724
2.2731418358100e-04;       4002
2.2733384974400e-04;       4002
2.2735024905200e-04;       2052
2.2736991524700e-04;       2052
2.2738959350200e-04;       1262
2.2740925948700e-04;       1262
2.2742893763700e-04;       -688
2.2744860372600e-04;       -688
2.2746828185000e-04;       5038
2.2748466903700e-04;       5038
2.2750434715100e-04;       3088
2.2752401323300e-04;       3088
2.2754369132000e-04;       1138
2.2756335736100e-04;       1138
2.2758303545700e-04;       -812
2.2760270169000e-04;       -812
2.2762237967100e-04;       6074
2.2763876700300e-04;       6074
2.2765844516600e-04;       4124
2.2767811131400e-04;       4124
2.2769778935100e-04;       2174
2.2771745542200e-04;       2174
2.2773713357500e-04;        224
2.2775679979100e-04;        224
2.2777319930900e-04;      -1726
2.2779286527000e-04;      -1726
2.2781254348200e-04;       4000
2.2783220951300e-04;       4000
2.2785188772700e-04;       2050
2.2787155381900e-04;       2050
2.2789123201500e-04;       1260
2.2790761963200e-04;       1260
2.2792729768600e-04;       -690
2.2794696368400e-04;       -690
2.2796664188800e-04;       5036
2.2798630777100e-04;       5036
2.2800598611500e-04;       3086
2.2802565227200e-04;       3086
2.2804533049500e-04;       1136
2.2806171788400e-04;       1136
2.2808139597400e-04;       -814
2.2810106201000e-04;       -814
2.2812074006600e-04;       6072
2.2814040623800e-04;       6072
2.2816008443500e-04;       4122
2.2817975064400e-04;       4122
2.2819615007500e-04;       2172
2.2821581627600e-04;       2172
2.2823549434100e-04;        222
2.2825516056800e-04;        222
2.2827483867100e-04;      -1728
2.2829450481200e-04;      -1728
2.2831418303700e-04;       3998
2.2833384920500e-04;       3998
2.2835024868900e-04;       2048
2.2836991472300e-04;       2048
2.2838959281900e-04;       1258
2.2840925889300e-04;       1258
2.2842893697000e-04;       -692
2.2844860309400e-04;       -692
2.2846828139800e-04;       5034
2.2848466881600e-04;       5034
2.2850434698300e-04;       3084
2.2852401324300e-04;       3084
2.2854369126500e-04;       1134
2.2856335743400e-04;       1134
2.2858303543400e-04;       -816
2.2860270149100e-04;       -816
2.2862237972300e-04;       6070
2.2863876713200e-04;       6070
2.2865844526900e-04;       4120
2.2867811142400e-04;       4120
2.2869778942000e-04;       2170
2.2871745550000e-04;       2170
2.2873713366300e-04;        220
2.2875679975900e-04;        220
2.2877319918600e-04;      -1730
2.2879286530000e-04;      -1730
2.2881254347100e-04;       3996
2.2883220957600e-04;       3996
2.2885188773400e-04;      -5630
2.2887155375400e-04;      -5630
2.2889123192700e-04;       1256
2.2890761939700e-04;       1256
2.2892729755300e-04;       -694
2.2894696365000e-04;       -694
2.2896664175100e-04;       5032
2.2898630793600e-04;       5032
2.2900598600900e-04;       3082
2.2902565219200e-04;       3082
2.2904533034300e-04;       1132
2.2906171776000e-04;       1132
2.2908139593000e-04;       -818
2.2910106229300e-04;       -818
2.2912074027700e-04;       6068
2.2914040648500e-04;       6068
2.2916008458300e-04;       4118
2.2917975068500e-04;       4118
2.2919615015900e-04;       2168
2.2921581639700e-04;       2168
2.2923549454700e-04;        218
2.2925516073800e-04;        218
2.2927483878800e-04;      -1732
2.2929450506300e-04;      -1732
2.2931418305900e-04;       3994
2.2933384929000e-04;       3994
2.2935024881100e-04;       2044
2.2936991500000e-04;       2044
2.2938959322300e-04;       1254
2.2940925932100e-04;       1254
2.2942893759800e-04;       -696
2.2944860378200e-04;       -696
2.2946828198200e-04;       5030
2.2948466937200e-04;       5030
2.2950434759300e-04;       3080
2.2952401378000e-04;       3080
2.2954369190700e-04;       1130
2.2956335803400e-04;       1130
2.2958303619200e-04;       -820
2.2960270237600e-04;       -820
2.2962238054200e-04;       6066
2.2963876809100e-04;       6066
2.2965844620200e-04;       4116
2.2967811237500e-04;       4116
2.2969779042400e-04;       2166
2.2971745673400e-04;       2166
2.2973713476500e-04;        216
2.2975680086200e-04;        216
2.2977320023100e-04;       5942
2.2979286638800e-04;       5942
2.2981254469800e-04;       3992
2.2983221085800e-04;       3992
2.2985188901000e-04;       2042
2.2987155514400e-04;       2042
2.2989123332800e-04;       1252
2.2990762079700e-04;       1252
2.2992729896200e-04;       -698
2.2994696498000e-04;       -698
2.2996664299000e-04;       5028
2.2998630907000e-04;       5028
2.3000598734400e-04;       3078
2.3002565344500e-04;       3078
2.3004533133200e-04;       1128
2.3006171883200e-04;       1128
2.3008139701400e-04;       -822
2.3010106310600e-04;       -822
2.3012074116900e-04;       6064
2.3014040738100e-04;       6064
2.3016008552700e-04;       4114
2.3017975171200e-04;       4114
2.3019615105400e-04;       2164
2.3021581731600e-04;       2164
2.3023549534100e-04;        214
2.3025516158800e-04;        214
2.3027483963800e-04;      -1736
2.3029450594400e-04;      -1736
2.3031418410200e-04;       3990
2.3033385023100e-04;       3990
2.3035024975900e-04;       2040
2.3036991594100e-04;       2040
2.3038959393100e-04;       1250
2.3040926014800e-04;       1250
2.3042893832800e-04;       -700
2.3044860439300e-04;       -700
2.3046828252600e-04;       5026
2.3048466998800e-04;       5026
2.3050434813900e-04;       3076
2.3052401436700e-04;       3076
2.3054369245200e-04;       1126
2.3056335876700e-04;       1126
2.3058303682800e-04;       -824
2.3060270306000e-04;       -824
2.3062238118400e-04;       6062
2.3063876868400e-04;       6062
2.3065844671900e-04;       4112
2.3067811302300e-04;       4112
2.3069779117300e-04;       2162
2.3071745717400e-04;       2162
2.3073713537100e-04;        212
2.3075680156100e-04;        212
2.3077320108400e-04;       5938
2.3079286713400e-04;       5938
2.3081254529200e-04;       3988
2.3083221157500e-04;       3988
2.3085188963200e-04;       2038
2.3087155593200e-04;       2038
2.3089123416100e-04;       1248
2.3090762145400e-04;       1248
2.3092729963500e-04;       6974
2.3094696576600e-04;       6974
2.3096664388000e-04;       5024
2.3098630995200e-04;       5024
2.3100598802900e-04;       3074
2.3102565409800e-04;       3074
2.3104533224000e-04;       1124
2.3106171958400e-04;       1124
2.3108139778900e-04;       -826
2.3110106399300e-04;       -826
2.3112074211600e-04;       6060
2.3114040816900e-04;       6060
2.3116008611200e-04;       4110
2.3117975220200e-04;       4110
2.3119615173100e-04;       2160
2.3121581792000e-04;       2160
2.3123549601500e-04;        210
2.3125516205700e-04;        210
2.3127484011300e-04;       5936
2.3129450638000e-04;       5936
2.3131418454500e-04;       3986
2.3133385085500e-04;       3986
2.3135025028500e-04;       2036
2.3136991629300e-04;       2036
2.3138959446800e-04;       1246
2.3140926070800e-04;       1246
2.3142893879900e-04;       -704
2.3144860509300e-04;       -704
2.3146828312700e-04;       5022
2.3148467046800e-04;       5022
2.3150434859200e-04;       3072
2.3152401459700e-04;       3072
2.3154369265500e-04;       1122
2.3156335876100e-04;       1122
2.3158303684600e-04;       -828
2.3160270296500e-04;       -828
2.3162238092100e-04;       6058
2.3163876822200e-04;       6058
2.3165844645200e-04;       4108
2.3167811264500e-04;       4108
2.3169779073600e-04;       2158
2.3171745692700e-04;       2158
2.3173713509000e-04;       7884
2.3175680113600e-04;       7884
2.3177320059300e-04;       5934
2.3179286686900e-04;       5934
2.3181254493800e-04;       3984
2.3183221113100e-04;       3984
2.3185188928500e-04;       2034
2.3187155534800e-04;       2034
2.3189123350100e-04;       1244
2.3190762083000e-04;       1244
2.3192729900600e-04;       -706
2.3194696500400e-04;       -706
2.3196664330800e-04;       5020
2.3198630935400e-04;       5020
2.3200598742800e-04;       3070
2.3202565346000e-04;       3070
2.3204533158300e-04;       1120
2.3206171905900e-04;       1120
2.3208139712100e-04;       -830
2.3210106315800e-04;       -830
2.3212074117200e-04;       6056
2.3214040736700e-04;       6056
2.3216008552900e-04;       4106
2.3217975177300e-04;       4106
2.3219615111500e-04;       2156
2.3221581718900e-04;       2156
2.3223549517800e-04;        206
2.3225516140800e-04;        206
2.3227483948700e-04;       5932
2.3229450562200e-04;       5932
2.3231418385500e-04;       3982
2.3233385005600e-04;       3982
2.3235024955200e-04;       2032
2.3236991570200e-04;       2032
2.3238959394000e-04;       8918
2.3240925999700e-04;       8918
2.3242893805900e-04;       -708
2.3244860414900e-04;       -708
2.3246828228300e-04;       5018
2.3248466950100e-04;       5018
2.3250434765600e-04;       3068
2.3252401376900e-04;       3068
2.3254369175900e-04;       1118
2.3256335774800e-04;       1118
2.3258303601000e-04;       -832
2.3260270215400e-04;       -832
2.3262238031900e-04;       6054
2.3263876782700e-04;       6054
2.3265844595100e-04;       4104
2.3267811197100e-04;       4104
2.3269779008900e-04;       2154
2.3271745625500e-04;       2154
2.3273713432200e-04;        204
2.3275680053500e-04;        204
2.3277320002100e-04;      -1746
2.3279286615000e-04;      -1746
2.3281254417600e-04;       3980
2.3283221048000e-04;       3980
2.3285188867600e-04;       2030
2.3287155477300e-04;       2030
2.3289123288100e-04;       1240
2.3290762037200e-04;       1240
2.3292729836200e-04;       -710
2.3294696449100e-04;       -710
2.3296664274400e-04;       5016
2.3298630871100e-04;       5016
2.3300598699300e-04;       3066
2.3302565301100e-04;       3066
2.3304533125200e-04;       1116
2.3306171866100e-04;       1116
2.3308139696100e-04;       -834
2.3310106310500e-04;       -834
2.3312074132100e-04;       6052
2.3314040736500e-04;       6052
2.3316008549300e-04;       4102
2.3317975151400e-04;       4102
2.3319615096100e-04;       2152
2.3321581711900e-04;       2152
2.3323549520100e-04;        202
2.3325516127300e-04;        202
2.3327483942600e-04;       5928
2.3329450556200e-04;       5928
2.3331418377100e-04;       3978
2.3333384979100e-04;       3978
2.3335024920300e-04;       2028
2.3336991531500e-04;       2028
2.3338959333200e-04;       1238
2.3340925952800e-04;       1238
2.3342893760900e-04;       -712
2.3344860383800e-04;       -712
2.3346828186800e-04;       5014
2.3348466928400e-04;       5014
2.3350434741900e-04;       3064
2.3352401349400e-04;       3064
2.3354369158500e-04;       1114
2.3356335771200e-04;       1114
2.3358303580700e-04;       -836
2.3360270179500e-04;       -836
2.3362237982700e-04;       6050
2.3363876735300e-04;       6050
2.3365844551200e-04;       4100
2.3367811160200e-04;       4100
2.3369778964900e-04;       2150
2.3371745564500e-04;       2150
2.3373713388900e-04;        200
2.3375679984300e-04;        200
2.3377319939500e-04;      -1750
2.3379286549400e-04;      -1750
2.3381254362100e-04;       3976
2.3383220983800e-04;       3976
2.3385188793000e-04;       2026
2.3387155401900e-04;       2026
2.3389123218100e-04;       1236
2.3390761949500e-04;       1236
2.3392729766100e-04;       -714
2.3394696367200e-04;       -714
2.3396664188000e-04;       5012
2.3398630807600e-04;       5012
2.3400598619100e-04;       3062
2.3402565223000e-04;       3062
2.3404533039400e-04;       1112
2.3406171775700e-04;       1112
2.3408139596800e-04;       -838
2.3410106204600e-04;       -838
2.3412074020600e-04;       6048
2.3414040634100e-04;       6048
2.3416008443600e-04;       4098
2.3417975072500e-04;       4098
2.3419615020100e-04;       2148
2.3421581649300e-04;       2148
2.3423549452400e-04;        198
2.3425516054200e-04;        198
2.3427483860100e-04;       5924
2.3429450482000e-04;       5924
2.3431418304700e-04;       3974
2.3433384910100e-04;       3974
2.3435024856100e-04;      -5652
2.3436991466700e-04;      -5652
2.3438959303000e-04;       1234
2.3440925911400e-04;       1234
2.3442893731800e-04;       -716
2.3444860340700e-04;       -716
2.3446828169100e-04;       5010
2.3448466895200e-04;       5010
2.3450434706800e-04;       3060
2.3452401322300e-04;       3060
2.3454369138500e-04;       1110
2.3456335745900e-04;       1110
2.3458303556200e-04;       -840
2.3460270180500e-04;       -840
2.3462237991300e-04;       6046
2.3463876729000e-04;       6046
2.3465844548100e-04;       4096
2.3467811157300e-04;       4096
2.3469778975600e-04;       2146
2.3471745582200e-04;       2146
2.3473713397600e-04;        196
2.3475680022900e-04;        196
2.3477319962900e-04;      -1754
2.3479286587900e-04;      -1754
2.3481254398900e-04;       3972
2.3483221000700e-04;       3972
2.3485188807100e-04;       2022
2.3487155415300e-04;       2022
2.3489123230900e-04;       8908
2.3490761972900e-04;       8908
2.3492729789000e-04;       6958
2.3494696406300e-04;       6958
2.3496664223500e-04;       5008
2.3498630825300e-04;       5008
2.3500598645900e-04;       3058
2.3502565253100e-04;       3058
2.3504533073800e-04;       1108
2.3506171828300e-04;       1108
2.3508139638000e-04;       -842
2.3510106244600e-04;       -842
2.3512074070200e-04;       6044
2.3514040690800e-04;       6044
2.3516008513100e-04;       4094
2.3517975138200e-04;       4094
2.3519615082000e-04;       2144
2.3521581686400e-04;       2144
2.3523549511600e-04;        194
2.3525516105100e-04;        194
2.3527483912900e-04;      -1756
2.3529450534500e-04;      -1756
2.3531418334900e-04;       3970
2.3533384947400e-04;       3970
2.3535024880600e-04;       2020
2.3536991493100e-04;       2020
2.3538959287900e-04;       1230
2.3540925889800e-04;       1230
2.3542893709700e-04;       -720
2.3544860321900e-04;       -720
2.3546828131900e-04;       5006
2.3548466885600e-04;       5006
2.3550434707300e-04;       3056
2.3552401310700e-04;       3056
2.3554369132500e-04;       1106
2.3556335753000e-04;       1106
2.3558303566100e-04;       -844
2.3560270178000e-04;       -844
2.3562237998900e-04;       6042
2.3563876748500e-04;       6042
2.3565844559100e-04;       4092
2.3567811177300e-04;       4092
2.3569779007100e-04;       2142
2.3571745624400e-04;       2142
2.3573713415800e-04;        192
2.3575680046900e-04;        192
2.3577319995100e-04;      -1758
2.3579286618300e-04;      -1758
2.3581254437400e-04;       3968
2.3583221033900e-04;       3968
2.3585188844000e-04;      -5658
2.3587155478300e-04;      -5658
2.3589123289700e-04;       1228
2.3590762021100e-04;       1228
2.3592729839200e-04;       -722
2.3594696437900e-04;       -722
2.3596664239400e-04;       5004
2.3598630865700e-04;       5004
2.3600598687500e-04;       3054
2.3602565288200e-04;       3054
2.3604533116800e-04;       1104
2.3606171863600e-04;       1104
2.3608139675900e-04;       -846
2.3610106296800e-04;       -846
2.3612074106100e-04;       6040
2.3614040713400e-04;       6040
2.3616008535000e-04;       4090
2.3617975147600e-04;       4090
2.3619615102000e-04;       2140
2.3621581719300e-04;       2140
2.3623549529600e-04;        190
2.3625516146600e-04;        190
2.3627483956200e-04;      -1760
2.3629450565200e-04;      -1760
2.3631418388400e-04;       3966
2.3633384995000e-04;       3966
2.3635024953100e-04;       2016
2.3636991566500e-04;       2016
2.3638959380600e-04;       1226
2.3640925994600e-04;       1226
2.3642893811000e-04;       -724
2.3644860417600e-04;       -724
2.3646828228000e-04;       5002
2.3648466970800e-04;       5002
2.3650434795000e-04;       3052
2.3652401401000e-04;       3052
2.3654369213300e-04;       1102
2.3656335820900e-04;       1102
2.3658303624800e-04;       -848
2.3660270224300e-04;       -848
2.3662238040300e-04;       6038
2.3663876785300e-04;       6038
2.3665844616200e-04;       4088
2.3667811215600e-04;       4088
2.3669779032100e-04;       2138
2.3671745658100e-04;       2138
2.3673713467200e-04;        188
2.3675680090000e-04;        188
2.3677320031100e-04;       5914
2.3679286636200e-04;       5914
2.3681254457300e-04;       3964
2.3683221057900e-04;       3964
2.3685188866400e-04;      -5662
2.3687155482900e-04;      -5662
2.3689123298700e-04;       1224
2.3690762045000e-04;       1224
2.3692729874400e-04;       -726
2.3694696480200e-04;       -726
2.3696664288300e-04;       5000
2.3698630906300e-04;       5000
2.3700598721600e-04;       3050
2.3702565330700e-04;       3050
2.3704533127000e-04;       1100
2.3706171860600e-04;       1100
2.3708139676400e-04;       -850
2.3710106287000e-04;       -850
2.3712074103100e-04;       6036
2.3714040722100e-04;       6036
2.3716008524900e-04;       4086
2.3717975127800e-04;       4086
2.3719615069000e-04;       2136
2.3721581676900e-04;       2136
2.3723549496000e-04;        186
2.3725516116900e-04;        186
2.3727483920700e-04;      -1764
2.3729450526200e-04;      -1764
2.3731418326900e-04;       3962
2.3733384948800e-04;       3962
2.3735024890900e-04;      -5664
2.3736991497100e-04;      -5664
2.3738959310300e-04;       1222
2.3740925930500e-04;       1222
2.3742893752300e-04;       -728
2.3744860360000e-04;       -728
2.3746828177600e-04;       4998
2.3748466931800e-04;       4998
2.3750434755500e-04;       3048
2.3752401393300e-04;       3048
2.3754369209900e-04;       1098
2.3756335814600e-04;       1098
2.3758303626200e-04;       -852
2.3760270232200e-04;       -852
2.3762238052800e-04;       6034
2.3763876805800e-04;       6034
2.3765844635700e-04;       4084
2.3767811249300e-04;       4084
2.3769779062800e-04;       2134
2.3771745669200e-04;       2134
2.3773713481100e-04;        184
2.3775680100000e-04;        184
2.3777320039900e-04;       5910
2.3779286655300e-04;       5910
2.3781254447800e-04;       3960
2.3783221062400e-04;       3960
2.3785188870000e-04;       2010
2.3787155479800e-04;       2010
2.3789123298200e-04;       1220
2.3790762033400e-04;       1220
2.3792729861500e-04;       -730
2.3794696458700e-04;       -730
2.3796664268300e-04;       4996
2.3798630888000e-04;       4996
2.3800598694500e-04;       3046
2.3802565308900e-04;       3046
2.3804533112600e-04;       1096
2.3806171855600e-04;       1096
2.3808139666000e-04;       -854
2.3810106284000e-04;       -854
2.3812074092000e-04;       6032
2.3814040696200e-04;       6032
2.3816008522500e-04;       4082
2.3817975131400e-04;       4082
2.3819615076400e-04;       2132
2.3821581682800e-04;       2132
2.3823549486900e-04;        182
2.3825516102000e-04;        182
2.3827483917800e-04;       5908
2.3829450532100e-04;       5908
2.3831418340100e-04;       3958
2.3833384969500e-04;       3958
2.3835024918100e-04;       2008
2.3836991546000e-04;       2008
2.3838959347600e-04;       1218
2.3840925957200e-04;       1218
2.3842893765700e-04;       -732
2.3844860377100e-04;       -732
2.3846828192900e-04;       4994
2.3848466938400e-04;       4994
2.3850434753900e-04;       3044
2.3852401376900e-04;       3044
2.3854369185100e-04;       1094
2.3856335809300e-04;       1094
2.3858303626000e-04;       -856
2.3860270238400e-04;       -856
2.3862238047600e-04;       6030
2.3863876797000e-04;       6030
2.3865844600600e-04;       4080
2.3867811218600e-04;       4080
2.3869779025900e-04;       2130
2.3871745633000e-04;       2130
2.3873713442200e-04;        180
2.3875680064000e-04;        180
2.3877320009200e-04;      -1770
2.3879286624500e-04;      -1770
2.3881254438200e-04;       3956
2.3883221051400e-04;       3956
2.3885188882000e-04;       2006
2.3887155498500e-04;       2006
2.3889123296100e-04;       1216
2.3890762030800e-04;       1216
2.3892729864100e-04;       -734
2.3894696466000e-04;       -734
2.3896664291200e-04;       4992
2.3898630902000e-04;       4992
2.3900598710100e-04;       3042
2.3902565333900e-04;       3042
2.3904533139500e-04;       1092
2.3906171893800e-04;       1092
2.3908139709000e-04;       -858
2.3910106332600e-04;       -858
2.3912074156000e-04;       6028
2.3914040772400e-04;       6028
2.3916008588500e-04;       4078
2.3917975197500e-04;       4078
2.3919615140000e-04;       2128
2.3921581754300e-04;       2128
2.3923549559600e-04;        178
2.3925516169700e-04;        178
2.3927483991900e-04;      -1772
2.3929450616400e-04;      -1772
2.3931418440500e-04;       3954
2.3933385057900e-04;       3954
2.3935024986200e-04;       2004
2.3936991609700e-04;       2004
2.3938959437200e-04;       1214
2.3940926062200e-04;       1214
2.3942893882900e-04;       -736
2.3944860501300e-04;       -736
2.3946828320100e-04;       4990
2.3948467053600e-04;       4990
2.3950434876400e-04;       3040
2.3952401476300e-04;       3040
2.3954369294300e-04;       1090
2.3956335909100e-04;       1090
2.3958303734700e-04;       6816
2.3960270324300e-04;       6816
2.3962238144300e-04;       6026
2.3963876889400e-04;       6026
2.3965844710100e-04;       4076
2.3967811328700e-04;       4076
2.3969779138800e-04;       2126
2.3971745734000e-04;       2126
2.3973713553100e-04;        176
2.3975680157600e-04;        176
2.3977320109300e-04;      -1774
2.3979286733200e-04;      -1774
2.3981254539300e-04;       3952
2.3983221151000e-04;       3952
2.3985188964700e-04;       2002
2.3987155573700e-04;       2002
2.3989123372800e-04;       1212
2.3990762118500e-04;       1212
2.3992729927200e-04;       -738
2.3994696558600e-04;       -738
2.3996664355700e-04;       4988
2.3998630965200e-04;       4988
2.4000598778300e-04;       3038
2.4002565396300e-04;       3038
2.4004533225300e-04;       1088
2.4006171951700e-04;       1088
2.4008139772400e-04;       -862
2.4010106383900e-04;       -862
2.4012074183300e-04;       6024
2.4014040812400e-04;       6024
2.4016008628900e-04;       4074
2.4017975241500e-04;       4074
2.4019615171800e-04;       2124
2.4021581785100e-04;       2124
2.4023549593800e-04;        174
2.4025516203600e-04;        174
2.4027484023800e-04;      -1776
2.4029450645700e-04;      -1776
2.4031418456400e-04;       3950
2.4033385076300e-04;       3950
2.4035025009200e-04;       2000
2.4036991643500e-04;       2000
2.4038959473200e-04;       1210
2.4040926087600e-04;       1210
2.4042893896400e-04;       -740
2.4044860523300e-04;       -740
2.4046828329600e-04;       4986
2.4048467066900e-04;       4986
2.4050434880000e-04;       3036
2.4052401493200e-04;       3036
2.4054369298300e-04;       1086
2.4056335907600e-04;       1086
2.4058303722000e-04;       -864
2.4060270322700e-04;       -864
2.4062238147600e-04;       6022
2.4063876905900e-04;       6022
2.4065844705800e-04;       4072
2.4067811316100e-04;       4072
2.4069779122200e-04;       2122
2.4071745730200e-04;       2122
2.4073713534200e-04;        172
2.4075680165800e-04;        172
2.4077320104700e-04;      -1778
2.4079286725800e-04;      -1778
2.4081254546000e-04;       3948
2.4083221161900e-04;       3948
2.4085188987400e-04;       1998
2.4087155601400e-04;       1998
2.4089123411800e-04;       1208
2.4090762162900e-04;       1208
2.4092729970500e-04;       6934
2.4094696576000e-04;       6934
2.4096664384600e-04;       4984
2.4098631007300e-04;       4984
2.4100598825400e-04;       3034
2.4102565432000e-04;       3034
2.4104533257900e-04;       1084
2.4106172004800e-04;       1084
2.4108139814900e-04;       -866
2.4110106444700e-04;       -866
2.4112074252700e-04;       6020
2.4114040872800e-04;       6020
2.4116008671900e-04;       4070
2.4117975277200e-04;       4070
2.4119615220100e-04;       2120
2.4121581832700e-04;       2120
2.4123549632100e-04;        170
2.4125516246500e-04;        170
2.4127484063700e-04;      -1780
2.4129450671300e-04;      -1780
2.4131418493700e-04;       3946
2.4133385105500e-04;       3946
2.4135025050700e-04;       1996
2.4136991660600e-04;       1996
2.4138959477600e-04;       1206
2.4140926109800e-04;       1206
2.4142893904800e-04;       -744
2.4144860515200e-04;       -744
2.4146828340300e-04;       4982
2.4148467105100e-04;       4982
2.4150434916000e-04;       3032
2.4152401554900e-04;       3032
2.4154369369900e-04;       1082
2.4156335975400e-04;       1082
2.4158303791800e-04;       -868
2.4160270406700e-04;       -868
2.4162238211400e-04;       6018
2.4163876952300e-04;       6018
2.4165844757500e-04;       4068
2.4167811389600e-04;       4068
2.4169779201500e-04;       2118
2.4171745801700e-04;       2118
2.4173713625100e-04;        168
2.4175680231800e-04;        168
2.4177320187000e-04;       5894
2.4179286805100e-04;       5894
2.4181254623100e-04;       3944
2.4183221232100e-04;       3944
2.4185189057500e-04;       1994
2.4187155679600e-04;       1994
2.4189123476100e-04;       8880
2.4190762213400e-04;       8880
2.4192730024900e-04;       6930
2.4194696630700e-04;       6930
2.4196664444000e-04;       4980
2.4198631055200e-04;       4980
2.4200598857100e-04;       3030
2.4202565485100e-04;       3030
2.4204533264700e-04;       1080
2.4206172057300e-04;       1080
2.4208139863000e-04;       -870
2.4210106461200e-04;       -870
2.4212074281400e-04;       6016
2.4214040881000e-04;       6016
2.4216008708600e-04;       4066
2.4217975323700e-04;       4066
2.4219615259700e-04;       2116
2.4221581859100e-04;       2116
2.4223549672000e-04;       7842
2.4225516281500e-04;       7842
2.4227484081100e-04;       5892
2.4229450687900e-04;       5892
2.4231418489500e-04;       3942
2.4233385087500e-04;       3942
2.4235025034600e-04;       1992
2.4236991657200e-04;       1992
2.4238959459400e-04;       1202
2.4240926082100e-04;       1202
2.4242893887000e-04;       -748
2.4244860507900e-04;       -748
2.4246828318000e-04;       4978
2.4248467066700e-04;       4978
2.4250434899700e-04;       3028
2.4252401510600e-04;       3028
2.4254369339500e-04;       1078
2.4256335940300e-04;       1078
2.4258303742400e-04;       -872
2.4260270370300e-04;       -872
2.4262238184600e-04;       6014
2.4263876909900e-04;       6014
2.4265844716900e-04;       4064
2.4267811340400e-04;       4064
2.4269779141200e-04;       2114
2.4271745762000e-04;       2114
2.4273713556600e-04;        164
2.4275680181500e-04;        164
2.4277320125100e-04;       5890
2.4279286735000e-04;       5890
2.4281254538100e-04;       3940
2.4283221145900e-04;       3940
2.4285188949300e-04;       1990
2.4287155554600e-04;       1990
2.4289123357600e-04;       1200
2.4290762117600e-04;       1200
2.4292729921800e-04;       6926
2.4294696528600e-04;       6926
2.4296664330200e-04;       4976
2.4298630955200e-04;       4976
2.4300598772800e-04;       3026
2.4302565402300e-04;       3026
2.4304533201400e-04;       1076
2.4306171945200e-04;       1076
2.4308139755500e-04;       -874
2.4310106374900e-04;       -874
2.4312074184900e-04;       6012
2.4314040803200e-04;       6012
2.4316008614300e-04;       4062
2.4317975236500e-04;       4062
2.4319615182500e-04;       2112
2.4321581800200e-04;       2112
2.4323549602000e-04;        162
2.4325516219300e-04;        162
2.4327484025600e-04;       5888
2.4329450644800e-04;       5888
2.4331418455900e-04;       3938
2.4333385068100e-04;       3938
2.4335025021700e-04;       1988
2.4336991632000e-04;       1988
2.4338959441200e-04;       1198
2.4340926048100e-04;       1198
2.4342893865800e-04;       -752
2.4344860486000e-04;       -752
2.4346828297900e-04;       4974
2.4348467035400e-04;       4974
2.4350434856800e-04;       3024
2.4352401468500e-04;       3024
2.4354369281800e-04;       1074
2.4356335889100e-04;       1074
2.4358303704600e-04;       6800
2.4360270322300e-04;       6800
2.4362238128100e-04;       6010
2.4363876874000e-04;       6010
2.4365844682400e-04;       4060
2.4367811282200e-04;       4060
2.4369779093600e-04;       2110
2.4371745710200e-04;       2110
2.4373713520800e-04;        160
2.4375680133700e-04;        160
2.4377320070700e-04;      -1790
2.4379286676600e-04;      -1790
2.4381254492200e-04;       3936
2.4383221096500e-04;       3936
2.4385188904000e-04;       1986
2.4387155520300e-04;       1986
2.4389123336700e-04;       1196
2.4390762078400e-04;       1196
2.4392729901100e-04;       -754
2.4394696517400e-04;       -754
2.4396664327200e-04;       4972
2.4398630942900e-04;       4972
2.4400598743000e-04;       3022
2.4402565370600e-04;       3022
2.4404533176200e-04;       1072
2.4406171915100e-04;       1072
2.4408139726600e-04;       -878
2.4410106355500e-04;       -878
2.4412074170300e-04;       6008
2.4414040778800e-04;       6008
2.4416008585000e-04;       4058
2.4417975201000e-04;       4058
2.4419615140000e-04;       2108
2.4421581757900e-04;       2108
2.4423549562200e-04;        158
2.4425516191200e-04;        158
2.4427483999700e-04;       5884
2.4429450620400e-04;       5884
2.4431418426600e-04;       3934
2.4433385050200e-04;       3934
2.4435024985500e-04;       1984
2.4436991589400e-04;       1984
2.4438959392000e-04;       1194
2.4440926008400e-04;       1194
2.4442893834400e-04;       -756
2.4444860431000e-04;       -756
2.4446828255700e-04;       4970
2.4448466996600e-04;       4970
2.4450434808200e-04;       3020
2.4452401440300e-04;       3020
2.4454369240900e-04;       1070
2.4456335866900e-04;       1070
2.4458303687600e-04;       -880
2.4460270304000e-04;       -880
2.4462238111400e-04;       6006
2.4463876870500e-04;       6006
2.4465844695500e-04;       4056
2.4467811303100e-04;       4056
2.4469779106600e-04;       2106
2.4471745742300e-04;       2106
2.4473713564700e-04;        156
2.4475680179100e-04;        156
2.4477320127100e-04;       5882
2.4479286744500e-04;       5882
2.4481254561000e-04;       3932
2.4483221173200e-04;       3932
2.4485189001700e-04;       1982
2.4487155622300e-04;       1982
2.4489123431900e-04;       1192
2.4490762173200e-04;       1192
2.4492729989600e-04;       -758
2.4494696616400e-04;       -758
2.4496664409700e-04;       4968
2.4498631027500e-04;       4968
2.4500598843300e-04;       3018
2.4502565459600e-04;       3018
2.4504533283900e-04;       1068
2.4506172037000e-04;       1068
2.4508139835500e-04;       -882
2.4510106450100e-04;       -882
2.4512074248300e-04;       6004
2.4514040864100e-04;       6004
2.4516008672100e-04;       4054
2.4517975263300e-04;       4054
2.4519615224000e-04;       2104
2.4521581842400e-04;       2104
2.4523549654000e-04;       7830
2.4525516264900e-04;       7830
2.4527484073500e-04;       5880
2.4529450689100e-04;       5880
2.4531418505400e-04;       3930
2.4533385113500e-04;       3930
2.4535025051500e-04;       1980
2.4536991667500e-04;       1980
2.4538959480800e-04;       1190
2.4540926095400e-04;       1190
2.4542893915300e-04;       6916
2.4544860521400e-04;       6916
2.4546828346800e-04;       4966
2.4548467081200e-04;       4966
2.4550434892800e-04;       3016
2.4552401517800e-04;       3016
2.4554369309300e-04;       1066
2.4556335932500e-04;       1066
2.4558303731700e-04;       -884
2.4560270363100e-04;       -884
2.4562238180800e-04;       6002
2.4563876914700e-04;       6002
2.4565844731700e-04;       4052
2.4567811347600e-04;       4052
2.4569779169400e-04;       2102
2.4571745786500e-04;       2102
2.4573713599400e-04;       7828
2.4575680210200e-04;       7828
2.4577320168200e-04;       5878
2.4579286787000e-04;       5878
2.4581254603400e-04;       3928
2.4583221219900e-04;       3928
2.4585189015600e-04;       1978
2.4587155623700e-04;       1978
2.4589123425600e-04;       1188
2.4590762165200e-04;       1188
2.4592729970800e-04;       -762
2.4594696575200e-04;       -762
2.4596664399800e-04;       4964
2.4598630993300e-04;       4964
2.4600598790400e-04;       3014
2.4602565419700e-04;       3014
2.4604533216800e-04;       1064
2.4606171977200e-04;       1064
2.4608139793500e-04;       -886
2.4610106407900e-04;       -886
2.4612074226400e-04;       6000
2.4614040843900e-04;       6000
2.4616008638400e-04;       4050
2.4617975265700e-04;       4050
2.4619615198000e-04;       2100
2.4621581831300e-04;       2100
2.4623549634400e-04;       7826
2.4625516250700e-04;       7826
2.4627484064800e-04;       5876
2.4629450695000e-04;       5876
2.4631418491800e-04;       3926
2.4633385089500e-04;       3926
2.4635025050700e-04;       1976
2.4636991667300e-04;       1976
2.4638959466800e-04;       1186
2.4640926079100e-04;       1186
2.4642893895200e-04;       -764
2.4644860494500e-04;       -764
2.4646828317300e-04;       4962
2.4648467056800e-04;       4962
2.4650434863600e-04;       3012
2.4652401475700e-04;       3012
2.4654369298400e-04;       1062
2.4656335912800e-04;       1062
2.4658303707300e-04;       -888
2.4660270327300e-04;       -888
2.4662238156800e-04;       5998
2.4663876907800e-04;       5998
2.4665844725100e-04;       4048
2.4667811359100e-04;       4048
2.4669779164400e-04;       2098
2.4671745771500e-04;       2098
2.4673713592800e-04;        148
2.4675680217900e-04;        148
2.4677320157100e-04;       5874
2.4679286764400e-04;       5874
2.4681254586100e-04;       3924
2.4683221188100e-04;       3924
2.4685189006400e-04;       1974
2.4687155624200e-04;       1974
2.4689123411800e-04;       1184
2.4690762160200e-04;       1184
2.4692729984100e-04;       6910
2.4694696588600e-04;       6910
2.4696664407500e-04;       4960
2.4698631010800e-04;       4960
2.4700598831800e-04;       3010
2.4702565446400e-04;       3010
2.4704533246500e-04;       1060
2.4706172001600e-04;       1060
2.4708139824200e-04;       -890
2.4710106437100e-04;       -890
2.4712074246100e-04;       5996
2.4714040855900e-04;       5996
2.4716008664300e-04;       4046
2.4717975264200e-04;       4046
2.4719615218100e-04;       2096
2.4721581824600e-04;       2096
2.4723549646300e-04;       7822
2.4725516254700e-04;       7822
2.4727484073200e-04;       5872
2.4729450692900e-04;       5872
2.4731418489400e-04;       3922
2.4733385096100e-04;       3922
2.4735025050200e-04;       1972
2.4736991659500e-04;       1972
2.4738959478400e-04;       1182
2.4740926078800e-04;       1182
2.4742893896600e-04;       -768
2.4744860516500e-04;       -768
2.4746828320700e-04;       4958
2.4748467063000e-04;       4958
2.4750434861700e-04;       3008
2.4752401485000e-04;       3008
2.4754369309000e-04;       1058
2.4756335917200e-04;       1058
2.4758303736800e-04;       -892
2.4760270350700e-04;       -892
2.4762238173700e-04;       5994
2.4763876917700e-04;       5994
2.4765844734000e-04;       4044
2.4767811347100e-04;       4044
2.4769779159700e-04;       2094
2.4771745775700e-04;       2094
2.4773713592500e-04;        144
2.4775680205800e-04;        144
2.4777320158900e-04;       5870
2.4779286778200e-04;       5870
2.4781254593200e-04;       3920
2.4783221193700e-04;       3920
2.4785189006400e-04;       1970
2.4787155607600e-04;       1970
2.4789123426300e-04;       1180
2.4790762181800e-04;       1180
2.4792730000500e-04;       6906
2.4794696612600e-04;       6906
2.4796664414500e-04;       4956
2.4798631037100e-04;       4956
2.4800598843900e-04;       3006
2.4802565455500e-04;       3006
2.4804533279400e-04;       1056
2.4806172026400e-04;       1056
2.4808139832300e-04;       6782
2.4810106448300e-04;       6782
2.4812074276400e-04;       5992
2.4814040892900e-04;       5992
2.4816008696800e-04;       4042
2.4817975314300e-04;       4042
2.4819615242300e-04;       2092
2.4821581865600e-04;       2092
2.4823549651500e-04;        142
2.4825516271600e-04;        142
2.4827484087200e-04;       5868
2.4829450694300e-04;       5868
2.4831418506700e-04;       3918
2.4833385113900e-04;       3918
2.4835025062100e-04;       1968
2.4836991675600e-04;       1968
2.4838959490300e-04;       8854
2.4840926104100e-04;       8854
2.4842893922200e-04;       6904
2.4844860543300e-04;       6904
2.4846828347400e-04;       4954
2.4848467110900e-04;       4954
2.4850434925700e-04;       3004
2.4852401530100e-04;       3004
2.4854369328700e-04;       1054
2.4856335937200e-04;       1054
2.4858303753300e-04;       -896
2.4860270359700e-04;       -896
2.4862238179200e-04;       5990
2.4863876919800e-04;       5990
2.4865844746800e-04;       4040
2.4867811359900e-04;       4040
2.4869779166100e-04;       2090
2.4871745772100e-04;       2090
2.4873713577000e-04;       7816
2.4875680209100e-04;       7816
2.4877320150000e-04;       5866
2.4879286740600e-04;       5866
2.4881254557200e-04;       3916
2.4883221167300e-04;       3916
2.4885188993500e-04;       1966
2.4887155589900e-04;       1966
2.4889123383000e-04;       8852
2.4890762128700e-04;       8852
2.4892729924900e-04;       6902
2.4894696540100e-04;       6902
2.4896664349900e-04;       4952
2.4898630953800e-04;       4952
2.4900598749900e-04;       3002
2.4902565367200e-04;       3002
2.4904533179300e-04;       1052
2.4906171920900e-04;       1052
2.4908139720900e-04;       6778
2.4910106341200e-04;       6778
2.4912074163700e-04;       5988
2.4914040766500e-04;       5988
2.4916008585600e-04;       4038
2.4917975190200e-04;       4038
2.4919615128400e-04;       2088
2.4921581749900e-04;       2088
2.4923549566300e-04;        138
2.4925516171300e-04;        138
2.4927483976500e-04;       5864
2.4929450585600e-04;       5864
2.4931418400000e-04;       3914
2.4933385009800e-04;       3914
2.4935024966600e-04;       1964
2.4936991568100e-04;       1964
2.4938959385600e-04;       1174
2.4940925996700e-04;       1174
2.4942893818300e-04;       -776
2.4944860436500e-04;       -776
2.4946828254700e-04;       4950
2.4948466975900e-04;       4950
2.4950434792900e-04;       3000
2.4952401415700e-04;       3000
2.4954369225600e-04;       1050
2.4956335835800e-04;       1050
2.4958303644000e-04;       -900
2.4960270253100e-04;       -900
2.4962238047600e-04;       5986
2.4963876789900e-04;       5986
2.4965844623500e-04;       4036
2.4967811235800e-04;       4036
2.4969779051200e-04;       2086
2.4971745673000e-04;       2086
2.4973713495400e-04;        136
2.4975680125000e-04;        136
2.4977320058800e-04;       5862
2.4979286686600e-04;       5862
2.4981254495900e-04;       3912
2.4983221101600e-04;       3912
2.4985188930300e-04;       1962
2.4987155539500e-04;       1962
2.4989123355000e-04;       1172
2.4990762096600e-04;       1172
2.4992729915700e-04;       -778
2.4994696540500e-04;       -778
2.4996664365100e-04;       4948
2.4998630969200e-04;       4948
2.5000598788100e-04;       2998
2.5002565400000e-04;       2998
2.5004533221300e-04;       1048
2.5006171963600e-04;       1048
2.5008139783300e-04;       -902
2.5010106387300e-04;       -902
2.5012074207400e-04;       5984
2.5014040816400e-04;       5984
2.5016008622000e-04;       4034
2.5017975251600e-04;       4034
2.5019615197700e-04;       2084
2.5021581798700e-04;       2084
2.5023549608900e-04;        134
2.5025516230600e-04;        134
2.5027484026200e-04;       5860
2.5029450645900e-04;       5860
2.5031418454400e-04;       3910
2.5033385061800e-04;       3910
2.5035025001500e-04;       1960
2.5036991611800e-04;       1960
2.5038959428900e-04;       8846
2.5040926042200e-04;       8846
2.5042893845700e-04;       6896
2.5044860440600e-04;       6896
2.5046828261500e-04;       4946
2.5048466992500e-04;       4946
2.5050434801600e-04;       2996
2.5052401411600e-04;       2996
2.5054369220700e-04;       1046
2.5056335824000e-04;       1046
2.5058303624800e-04;       -904
2.5060270250400e-04;       -904
2.5062238055700e-04;       5982
2.5063876790700e-04;       5982
2.5065844601300e-04;       4032
2.5067811221400e-04;       4032
2.5069779025300e-04;       2082
2.5071745645500e-04;       2082
2.5073713466200e-04;        132
2.5075680091900e-04;        132
2.5077320046400e-04;      -1818
2.5079286643100e-04;      -1818
2.5081254469700e-04;       3908
2.5083221081500e-04;       3908
2.5085188895100e-04;      -5718
2.5087155510400e-04;      -5718
2.5089123330900e-04;       1168
2.5090762075500e-04;       1168
2.5092729898600e-04;       -782
2.5094696510800e-04;       -782
2.5096664324800e-04;       4944
2.5098630941700e-04;       4944
2.5100598766100e-04;       2994
2.5102565379800e-04;       2994
2.5104533197200e-04;       1044
2.5106171940100e-04;       1044
2.5108139749000e-04;       -906
2.5110106369700e-04;       -906
2.5112074183800e-04;       5980
2.5114040800700e-04;       5980
2.5116008627400e-04;       4030
2.5117975233000e-04;       4030
2.5119615176700e-04;       2080
2.5121581785700e-04;       2080
2.5123549591100e-04;        130
2.5125516215700e-04;        130
2.5127484029900e-04;      -1820
2.5129450652100e-04;      -1820
2.5131418470000e-04;       3906
2.5133385079600e-04;       3906
2.5135025039000e-04;       1956
2.5136991642700e-04;       1956
2.5138959451000e-04;       8842
2.5140926056200e-04;       8842
2.5142893880500e-04;       -784
2.5144860495400e-04;       -784
2.5146828327000e-04;       4942
2.5148467075400e-04;       4942
2.5150434895200e-04;       2992
2.5152401508600e-04;       2992
2.5154369327100e-04;       1042
2.5156335925800e-04;       1042
2.5158303763000e-04;       -908
2.5160270378900e-04;       -908
2.5162238178700e-04;       5978
2.5163876930700e-04;       5978
2.5165844766200e-04;       4028
2.5167811361000e-04;       4028
2.5169779186000e-04;       2078
2.5171745801600e-04;       2078
2.5173713619200e-04;       7804
2.5175680215800e-04;       7804
2.5177320171600e-04;       5854
2.5179286787500e-04;       5854
2.5181254600100e-04;       3904
2.5183221219400e-04;       3904
2.5185189025400e-04;       1954
2.5187155633000e-04;       1954
2.5189123449400e-04;       1164
2.5190762201300e-04;       1164
2.5192730025900e-04;       -786
2.5194696634100e-04;       -786
2.5196664451200e-04;       4940
2.5198631074700e-04;       4940
2.5200598880900e-04;       2990
2.5202565486800e-04;       2990
2.5204533299600e-04;       1040
2.5206172040200e-04;       1040
2.5208139855900e-04;       -910
2.5210106464600e-04;       -910
2.5212074269800e-04;       5976
2.5214040892700e-04;       5976
2.5216008715200e-04;       4026
2.5217975338300e-04;       4026
2.5219615281800e-04;       2076
2.5221581878600e-04;       2076
2.5223549708500e-04;       7802
2.5225516306200e-04;       7802
2.5227484135000e-04;       5852
2.5229450744600e-04;       5852
2.5231418576600e-04;       3902
2.5233385188500e-04;       3902
2.5235025129500e-04;       1952
2.5236991728100e-04;       1952
2.5238959545700e-04;       1162
2.5240926162800e-04;       1162
2.5242893980000e-04;       -788
2.5244860585200e-04;       -788
2.5246828412700e-04;       4938
2.5248467143700e-04;       4938
2.5250434947400e-04;       2988
2.5252401566600e-04;       2988
2.5254369366200e-04;       1038
2.5256335988200e-04;       1038
2.5258303795200e-04;       -912
2.5260270394700e-04;       -912
2.5262238197200e-04;       5974
2.5263876949200e-04;       5974
2.5265844759600e-04;       4024
2.5267811363500e-04;       4024
2.5269779196300e-04;       2074
2.5271745824300e-04;       2074
2.5273713626100e-04;        124
2.5275680249400e-04;        124
2.5277320187400e-04;       5850
2.5279286798000e-04;       5850
2.5281254611900e-04;       3900
2.5283221238300e-04;       3900
2.5285189037700e-04;       1950
2.5287155645400e-04;       1950
2.5289123459900e-04;       8836
2.5290762198700e-04;       8836
2.5292730012300e-04;       6886
2.5294696616300e-04;       6886
2.5296664435500e-04;       4936
2.5298631059600e-04;       4936
2.5300598876600e-04;       2986
2.5302565478300e-04;       2986
2.5304533282800e-04;       1036
2.5306172027500e-04;       1036
2.5308139840200e-04;       -914
2.5310106437000e-04;       -914
2.5312074246000e-04;       5972
2.5314040859100e-04;       5972
2.5316008667200e-04;       4022
2.5317975281200e-04;       4022
2.5319615224600e-04;       2072
2.5321581852700e-04;       2072
2.5323549663900e-04;        122
2.5325516274200e-04;        122
2.5327484088500e-04;      -1828
2.5329450696100e-04;      -1828
2.5331418503600e-04;       3898
2.5333385106500e-04;       3898
2.5335025056600e-04;       1948
2.5336991654800e-04;       1948
2.5338959469500e-04;       8834
2.5340926083300e-04;       8834
2.5342893908900e-04;       6884
2.5344860519500e-04;       6884
2.5346828333500e-04;       4934
2.5348467066200e-04;       4934
2.5350434876700e-04;       2984
2.5352401489700e-04;       2984
2.5354369315000e-04;       1034
2.5356335918500e-04;       1034
2.5358303722000e-04;       -916
2.5360270337600e-04;       -916
2.5362238141400e-04;       5970
2.5363876889000e-04;       5970
2.5365844706900e-04;       4020
2.5367811326400e-04;       4020
2.5369779127700e-04;       2070
2.5371745745400e-04;       2070
2.5373713565600e-04;        120
2.5375680170900e-04;        120
2.5377320097100e-04;       5846
2.5379286712900e-04;       5846
2.5381254518900e-04;       3896
2.5383221130900e-04;       3896
2.5385188947100e-04;       1946
2.5387155561600e-04;       1946
2.5389123369200e-04;       1156
2.5390762109800e-04;       1156
2.5392729935100e-04;       6882
2.5394696538200e-04;       6882
2.5396664351700e-04;       4932
2.5398630957500e-04;       4932
2.5400598770000e-04;       2982
2.5402565378400e-04;       2982
2.5404533191600e-04;       1032
2.5406171926700e-04;       1032
2.5408139753800e-04;       -918
2.5410106359100e-04;       -918
2.5412074161500e-04;       5968
2.5414040757300e-04;       5968
2.5416008582800e-04;       4018
2.5417975185100e-04;       4018
2.5419615132300e-04;       2068
2.5421581744800e-04;       2068
2.5423549550600e-04;        118
2.5425516164000e-04;        118
2.5427483977200e-04;       5844
2.5429450581500e-04;       5844
2.5431418394600e-04;       3894
2.5433385003100e-04;       3894
2.5435024966800e-04;       1944
2.5436991564200e-04;       1944
2.5438959383500e-04;       1154
2.5440925993700e-04;       1154
2.5442893812100e-04;       -796
2.5444860419900e-04;       -796
2.5446828245200e-04;       4930
2.5448466981100e-04;       4930
2.5450434793300e-04;       2980
2.5452401399500e-04;       2980
2.5454369211900e-04;       1030
2.5456335825500e-04;       1030
2.5458303642800e-04;       -920
2.5460270265100e-04;       -920
2.5462238070300e-04;       5966
2.5463876817000e-04;       5966
2.5465844629400e-04;       4016
2.5467811238900e-04;       4016
2.5469779055000e-04;       2066
2.5471745661600e-04;       2066
2.5473713460300e-04;        116
2.5475680076500e-04;        116
2.5477320026600e-04;      -1834
2.5479286635400e-04;      -1834
2.5481254464200e-04;       3892
2.5483221077800e-04;       3892
2.5485188890200e-04;       1942
2.5487155504100e-04;       1942
2.5489123312800e-04;       1152
2.5490762057700e-04;       1152
2.5492729881700e-04;       -798
2.5494696493400e-04;       -798
2.5496664315500e-04;       4928
2.5498630911100e-04;       4928
2.5500598746400e-04;       2978
2.5502565366900e-04;       2978
2.5504533179200e-04;       1028
2.5506171923100e-04;       1028
2.5508139734000e-04;       -922
2.5510106349200e-04;       -922
2.5512074174800e-04;       5964
2.5514040781100e-04;       5964
2.5516008599900e-04;       4014
2.5517975225100e-04;       4014
2.5519615167700e-04;       2064
2.5521581791200e-04;       2064
2.5523549584200e-04;        114
2.5525516190500e-04;        114
2.5527484001200e-04;      -1836
2.5529450620800e-04;      -1836
2.5531418444700e-04;       3890
2.5533385050900e-04;       3890
2.5535024994000e-04;       1940
2.5536991614500e-04;       1940
2.5538959422000e-04;       8826
2.5540926035400e-04;       8826
2.5542893859200e-04;       6876
2.5544860475900e-04;       6876
2.5546828284900e-04;       4926
2.5548467019200e-04;       4926
2.5550434823200e-04;       2976
2.5552401445400e-04;       2976
2.5554369256500e-04;       1026
2.5556335865300e-04;       1026
2.5558303664600e-04;       -924
2.5560270272500e-04;       -924
2.5562238080800e-04;       5962
2.5563876823900e-04;       5962
2.5565844612900e-04;       4012
2.5567811244500e-04;       4012
2.5569779059200e-04;       2062
2.5571745670800e-04;       2062
2.5573713483700e-04;        112
2.5575680086600e-04;        112
2.5577320039900e-04;       5838
2.5579286636500e-04;       5838
2.5581254455000e-04;       3888
2.5583221052200e-04;       3888
2.5585188870600e-04;       1938
2.5587155490700e-04;       1938
2.5589123305400e-04;       1148
2.5590762053700e-04;       1148
2.5592729861100e-04;       -802
2.5594696478600e-04;       -802
2.5596664270400e-04;       4924
2.5598630871700e-04;       4924
2.5600598695800e-04;       2974
2.5602565310400e-04;       2974
2.5604533120900e-04;       1024
2.5606171890900e-04;       1024
2.5608139697300e-04;       -926
2.5610106330200e-04;       -926
2.5612074127700e-04;       5960
2.5614040724300e-04;       5960
2.5616008554200e-04;       4010
2.5617975169900e-04;       4010
2.5619615101400e-04;       2060
2.5621581709900e-04;       2060
2.5623549513100e-04;        110
2.5625516129100e-04;        110
2.5627483945200e-04;      -1840
2.5629450554600e-04;      -1840
2.5631418385300e-04;       3886
2.5633384989200e-04;       3886
2.5635024937800e-04;       1936
2.5636991548600e-04;       1936
2.5638959361500e-04;       1146
2.5640925976600e-04;       1146
2.5642893767500e-04;       -804
2.5644860398100e-04;       -804
2.5646828196300e-04;       4922
2.5648466959400e-04;       4922
2.5650434767500e-04;       2972
2.5652401369300e-04;       2972
2.5654369189800e-04;       1022
2.5656335802800e-04;       1022
2.5658303631300e-04;       -928
2.5660270227400e-04;       -928
2.5662238021000e-04;       5958
2.5663876769800e-04;       5958
2.5665844592600e-04;       4008
2.5667811201200e-04;       4008
2.5669779011000e-04;       2058
2.5671745626300e-04;       2058
2.5673713438400e-04;        108
2.5675680039400e-04;        108
2.5677319974800e-04;      -1842
2.5679286586400e-04;      -1842
2.5681254384600e-04;      -3792
2.5683220998100e-04;      -3792
2.5685188808600e-04;      -5742
2.5687155405000e-04;      -5742
2.5689123212500e-04;       1144
2.5690761955800e-04;       1144
2.5692729757400e-04;       -806
2.5694696375000e-04;       -806
2.5696664191600e-04;       4920
2.5698630798900e-04;       4920
2.5700598607000e-04;       2970
2.5702565246100e-04;       2970
2.5704533048900e-04;       1020
2.5706171782800e-04;       1020
2.5708139604600e-04;       -930
2.5710106227200e-04;       -930
2.5712074048700e-04;       5956
2.5714040671900e-04;       5956
2.5716008486000e-04;       4006
2.5717975116100e-04;       4006
2.5719615063500e-04;       2056
2.5721581684800e-04;       2056
2.5723549494700e-04;        106
2.5725516121800e-04;        106
2.5727483924300e-04;      -1844
2.5729450547300e-04;      -1844
2.5731418361500e-04;       3882
2.5733384982000e-04;       3882
2.5735024920600e-04;       1932
2.5736991542400e-04;       1932
2.5738959340900e-04;       1142
2.5740925936900e-04;       1142
2.5742893760000e-04;       -808
2.5744860389700e-04;       -808
2.5746828206000e-04;       4918
2.5748466959000e-04;       4918
2.5750434758900e-04;       2968
2.5752401378700e-04;       2968
2.5754369179900e-04;       1018
2.5756335785600e-04;       1018
2.5758303596000e-04;       -932
2.5760270224900e-04;       -932
2.5762238036200e-04;       5954
2.5763876789500e-04;       5954
2.5765844605900e-04;       4004
2.5767811208900e-04;       4004
2.5769779014300e-04;       2054
2.5771745629100e-04;       2054
2.5773713439200e-04;        104
2.5775680051000e-04;        104
2.5777319995100e-04;      -1846
2.5779286611100e-04;      -1846
2.5781254416700e-04;       3880
2.5783221033100e-04;       3880
2.5785188850900e-04;       1930
2.5787155454900e-04;       1930
2.5789123264400e-04;       1140
2.5790762017900e-04;       1140
2.5792729834000e-04;       -810
2.5794696447800e-04;       -810
2.5796664243300e-04;       4916
2.5798630856000e-04;       4916
2.5800598676200e-04;       2966
2.5802565293800e-04;       2966
2.5804533104600e-04;       1016
2.5806171861900e-04;       1016
2.5808139673300e-04;       -934
2.5810106290500e-04;       -934
2.5812074113200e-04;       5952
2.5814040724000e-04;       5952
2.5816008528200e-04;       4002
2.5817975144100e-04;       4002
2.5819615086900e-04;       2052
2.5821581687900e-04;       2052
2.5823549496000e-04;        102
2.5825516098800e-04;        102
2.5827483914000e-04;      -1848
2.5829450517400e-04;      -1848
2.5831418333700e-04;       3878
2.5833384946500e-04;       3878
2.5835024881600e-04;       1928
2.5836991497600e-04;       1928
2.5838959315200e-04;       1138
2.5840925936100e-04;       1138
2.5842893738100e-04;       -812
2.5844860341400e-04;       -812
2.5846828157000e-04;       4914
2.5848466899800e-04;       4914
2.5850434699100e-04;       2964
2.5852401319400e-04;       2964
2.5854369129100e-04;       1014
2.5856335753700e-04;       1014
2.5858303575000e-04;       -936
2.5860270192700e-04;       -936
2.5862237997900e-04;       5950
2.5863876733800e-04;       5950
2.5865844551900e-04;       4000
2.5867811175600e-04;       4000
2.5869778981500e-04;       2050
2.5871745606300e-04;       2050
2.5873713404900e-04;        100
2.5875680033800e-04;        100
2.5877319982600e-04;      -1850
2.5879286597400e-04;      -1850
2.5881254414100e-04;       3876
2.5883221032300e-04;       3876
2.5885188845900e-04;       1926
2.5887155474400e-04;       1926
2.5889123283300e-04;       1136
2.5890762021300e-04;       1136
2.5892729836400e-04;       -814
2.5894696430000e-04;       -814
2.5896664240400e-04;       4912
2.5898630853400e-04;       4912
2.5900598669600e-04;       2962
2.5902565286500e-04;       2962
2.5904533103900e-04;       1012
2.5906171840000e-04;       1012
2.5908139642000e-04;       -938
2.5910106260600e-04;       -938
2.5912074069300e-04;       5948
2.5914040685600e-04;       5948
2.5916008499700e-04;       3998
2.5917975120000e-04;       3998
2.5919615081500e-04;       2048
2.5921581681100e-04;       2048
2.5923549499600e-04;         98
2.5925516124200e-04;         98
2.5927483947100e-04;      -1852
2.5929450569300e-04;      -1852
2.5931418373000e-04;       3874
2.5933384999400e-04;       3874
2.5935024934300e-04;       1924
2.5936991547700e-04;       1924
2.5938959380500e-04;       1134
2.5940925979600e-04;       1134
2.5942893797900e-04;       -816
2.5944860429600e-04;       -816
2.5946828246300e-04;       4910
2.5948466986400e-04;       4910
2.5950434801300e-04;       2960
2.5952401424700e-04;       2960
2.5954369233000e-04;       1010
2.5956335858300e-04;       1010
2.5958303669900e-04;       -940
2.5960270284100e-04;       -940
2.5962238101000e-04;       5946
2.5963876868000e-04;       5946
2.5965844678300e-04;       3996
2.5967811293300e-04;       3996
2.5969779124000e-04;       2046
2.5971745742000e-04;       2046
2.5973713556500e-04;         96
2.5975680175600e-04;         96
2.5977320120700e-04;      -1854
2.5979286716200e-04;      -1854
2.5981254536300e-04;       3872
2.5983221143500e-04;       3872
2.5985188949100e-04;       1922
2.5987155574500e-04;       1922
2.5989123388300e-04;       8808
2.5990762138400e-04;       8808
2.5992729948800e-04;       6858
2.5994696569800e-04;       6858
2.5996664369700e-04;       4908
2.5998630982700e-04;       4908
2.6000598797100e-04;       2958
2.6002565405100e-04;       2958
2.6004533212400e-04;       1008
2.6006171951000e-04;       1008
2.6008139774100e-04;       -942
2.6010106382700e-04;       -942
2.6012074191500e-04;       5944
2.6014040807100e-04;       5944
2.6016008632100e-04;       3994
2.6017975243200e-04;       3994
2.6019615173800e-04;       2044
2.6021581794700e-04;       2044
2.6023549613400e-04;         94
2.6025516224100e-04;         94
2.6027484030000e-04;       5820
2.6029450630800e-04;       5820
2.6031418442400e-04;       3870
2.6033385051100e-04;       3870
2.6035024985000e-04;       1920
2.6036991588500e-04;       1920
2.6038959409200e-04;       1130
2.6040926031000e-04;       1130
2.6042893820800e-04;       -820
2.6044860443400e-04;       -820
2.6046828268600e-04;       4906
2.6048467016800e-04;       4906
2.6050434825300e-04;       2956
2.6052401437000e-04;       2956
2.6054369253900e-04;       1006
2.6056335879200e-04;       1006
2.6058303666000e-04;       -944
2.6060270292700e-04;       -944
2.6062238099100e-04;       5942
2.6063876846900e-04;       5942
2.6065844656400e-04;       3992
2.6067811270400e-04;       3992
2.6069779082400e-04;       2042
2.6071745698000e-04;       2042
2.6073713505600e-04;         92
2.6075680113600e-04;         92
2.6077320056300e-04;      -1858
2.6079286653200e-04;      -1858
2.6081254457700e-04;       3868
2.6083221073300e-04;       3868
2.6085188884500e-04;       1918
2.6087155504700e-04;       1918
2.6089123328700e-04;       8804
2.6090762074500e-04;       8804
2.6092729907200e-04;       -822
2.6094696524300e-04;       -822
2.6096664343900e-04;       4904
2.6098630954800e-04;       4904
2.6100598760100e-04;       2954
2.6102565371300e-04;       2954
2.6104533165100e-04;       1004
2.6106171919700e-04;       1004
2.6108139747300e-04;       -946
2.6110106353000e-04;       -946
2.6112074168900e-04;       5940
2.6114040787700e-04;       5940
2.6116008603700e-04;       3990
2.6117975220800e-04;       3990
2.6119615149600e-04;       2040
2.6121581762500e-04;       2040
2.6123549574600e-04;         90
2.6125516205000e-04;         90
2.6127484015100e-04;       5816
2.6129450630600e-04;       5816
2.6131418438100e-04;       3866
2.6133385045000e-04;       3866
2.6135024991400e-04;       1916
2.6136991592500e-04;       1916
2.6138959416300e-04;       1126
2.6140926024700e-04;       1126
2.6142893833000e-04;       -824
2.6144860449000e-04;       -824
2.6146828256400e-04;       4902
2.6148467015100e-04;       4902
2.6150434835400e-04;       2952
2.6152401459400e-04;       2952
2.6154369269800e-04;       1002
2.6156335870900e-04;       1002
2.6158303684800e-04;       -948
2.6160270292300e-04;       -948
2.6162238109600e-04;       5938
2.6163876855500e-04;       5938
2.6165844676500e-04;       3988
2.6167811280600e-04;       3988
2.6169779084000e-04;       2038
2.6171745683700e-04;       2038
2.6173713503900e-04;         88
2.6175680126700e-04;         88
2.6177320062700e-04;       5814
2.6179286691000e-04;       5814
2.6181254506300e-04;       3864
2.6183221120700e-04;       3864
2.6185188937500e-04;       1914
2.6187155552900e-04;       1914
2.6189123360500e-04;       1124
2.6190762090900e-04;       1124
2.6192729904600e-04;       -826
2.6194696522800e-04;       -826
2.6196664346500e-04;       4900
2.6198630968400e-04;       4900
2.6200598773200e-04;       2950
2.6202565392300e-04;       2950
2.6204533211600e-04;       1000
2.6206171949700e-04;       1000
2.6208139756400e-04;       -950
2.6210106371500e-04;       -950
2.6212074184100e-04;       5936
2.6214040792600e-04;       5936
2.6216008600000e-04;       3986
2.6217975216100e-04;       3986
2.6219615152300e-04;       2036
2.6221581753100e-04;       2036
2.6223549567100e-04;         86
2.6225516169600e-04;         86
2.6227483975900e-04;      -1864
2.6229450603100e-04;      -1864
2.6231418409400e-04;       3862
2.6233385027400e-04;       3862
2.6235024969400e-04;       1912
2.6236991582400e-04;       1912
2.6238959405200e-04;       1122
2.6240926019800e-04;       1122
2.6242893840100e-04;       -828
2.6244860453000e-04;       -828
2.6246828262400e-04;       4898
2.6248467006800e-04;       4898
2.6250434830000e-04;       2948
2.6252401446000e-04;       2948
2.6254369252100e-04;        998
2.6256335857000e-04;        998
2.6258303694400e-04;       -952
2.6260270298100e-04;       -952
2.6262238121200e-04;       5934
2.6263876860700e-04;       5934
2.6265844664900e-04;       3984
2.6267811267000e-04;       3984
2.6269779083500e-04;       2034
2.6271745713100e-04;       2034
2.6273713504800e-04;         84
2.6275680123600e-04;         84
2.6277320056300e-04;      -1866
2.6279286673900e-04;      -1866
2.6281254500100e-04;       3860
2.6283221111100e-04;       3860
2.6285188932200e-04;       1910
2.6287155551600e-04;       1910
2.6289123359600e-04;       8796
2.6290762102700e-04;       8796
2.6292729925600e-04;       -830
2.6294696557300e-04;       -830
2.6296664367500e-04;       4896
2.6298630970400e-04;       4896
2.6300598788400e-04;       2946
2.6302565412900e-04;       2946
2.6304533231700e-04;        996
2.6306171998500e-04;        996
2.6308139804200e-04;       6722
2.6310106414300e-04;       6722
2.6312074225000e-04;       5932
2.6314040842200e-04;       5932
2.6316008649900e-04;       3982
2.6317975256700e-04;       3982
2.6319615196300e-04;       2032
2.6321581811300e-04;       2032
2.6323549613200e-04;         82
2.6325516233800e-04;         82
2.6327484062700e-04;       5808
2.6329450665500e-04;       5808
2.6331418473500e-04;       3858
2.6333385086400e-04;       3858
2.6335025023500e-04;       1908
2.6336991632700e-04;       1908
2.6338959450500e-04;       1118
2.6340926079100e-04;       1118
2.6342893888100e-04;       -832
2.6344860511200e-04;       -832
2.6346828322800e-04;       4894
2.6348467049800e-04;       4894
2.6350434857100e-04;       2944
2.6352401483600e-04;       2944
2.6354369290300e-04;        994
2.6356335885100e-04;        994
2.6358303694000e-04;       -956
2.6360270306100e-04;       -956
2.6362238115100e-04;       5930
2.6363876856200e-04;       5930
2.6365844655400e-04;       3980
2.6367811266900e-04;       3980
2.6369779100500e-04;       2030
2.6371745704100e-04;       2030
2.6373713530600e-04;       7756
2.6375680151700e-04;       7756
2.6377320082300e-04;       5806
2.6379286706200e-04;       5806
2.6381254519900e-04;       3856
2.6383221132900e-04;       3856
2.6385188941100e-04;       1906
2.6387155549500e-04;       1906
2.6389123353600e-04;       1116
2.6390762103000e-04;       1116
2.6392729921300e-04;       6842
2.6394696538400e-04;       6842
2.6396664344300e-04;       4892
2.6398630946500e-04;       4892
2.6400598758000e-04;       2942
2.6402565370800e-04;       2942
2.6404533172500e-04;        992
2.6406171917300e-04;        992
2.6408139742200e-04;       -958
2.6410106345900e-04;       -958
2.6412074148600e-04;       5928
2.6414040772100e-04;       5928
2.6416008567700e-04;       3978
2.6417975183100e-04;       3978
2.6419615127100e-04;       2028
2.6421581766300e-04;       2028
2.6423549563500e-04;         78
2.6425516181700e-04;         78
2.6427483985100e-04;      -1872
2.6429450599800e-04;      -1872
2.6431418416100e-04;       3854
2.6433385017800e-04;       3854
2.6435024980700e-04;       1904
2.6436991571700e-04;       1904
2.6438959380600e-04;       1114
2.6440925980200e-04;       1114
2.6442893792100e-04;       -836
2.6444860394600e-04;       -836
2.6446828222700e-04;       4890
2.6448466981900e-04;       4890
2.6450434782600e-04;       2940
2.6452401394800e-04;       2940
2.6454369212700e-04;        990
2.6456335833900e-04;        990
2.6458303645500e-04;       -960
2.6460270264100e-04;       -960
2.6462238089200e-04;       5926
2.6463876828900e-04;       5926
2.6465844625400e-04;       3976
2.6467811248200e-04;       3976
2.6469779039800e-04;       2026
2.6471745656600e-04;       2026
2.6473713476300e-04;         76
2.6475680102600e-04;         76
2.6477320045000e-04;      -1874
2.6479286654200e-04;      -1874
2.6481254457500e-04;       3852
2.6483221052700e-04;       3852
2.6485188860100e-04;       1902
2.6487155480400e-04;       1902
2.6489123304500e-04;       1112
2.6490762059400e-04;       1112
2.6492729864500e-04;       -838
2.6494696473800e-04;       -838
2.6496664288000e-04;       4888
2.6498630906700e-04;       4888
2.6500598730000e-04;       2938
2.6502565338300e-04;       2938
2.6504533161500e-04;        988
2.6506171921400e-04;        988
2.6508139721700e-04;       -962
2.6510106330100e-04;       -962
2.6512074129000e-04;       5924
2.6514040758100e-04;       5924
2.6516008566300e-04;       3974
2.6517975161000e-04;       3974
2.6519615099800e-04;       2024
2.6521581716500e-04;       2024
2.6523549541100e-04;         74
2.6525516162900e-04;         74
2.6527483964800e-04;      -1876
2.6529450577300e-04;      -1876
2.6531418383800e-04;       3850
2.6533384999500e-04;       3850
2.6535024931000e-04;       1900
2.6536991536600e-04;       1900
2.6538959344900e-04;       1110
2.6540925956200e-04;       1110
2.6542893761500e-04;       -840
2.6544860394900e-04;       -840
2.6546828215200e-04;       4886
2.6548466953500e-04;       4886
2.6550434778200e-04;       2936
2.6552401385600e-04;       2936
2.6554369211600e-04;        986
2.6556335814500e-04;        986
2.6558303630200e-04;       -964
2.6560270234000e-04;       -964
2.6562238048500e-04;       5922
2.6563876804300e-04;       5922
2.6565844620000e-04;       3972
2.6567811232300e-04;       3972
2.6569779041800e-04;       2022
2.6571745651900e-04;       2022
2.6573713466000e-04;         72
2.6575680082400e-04;         72
2.6577320025500e-04;      -1878
2.6579286651500e-04;      -1878
2.6581254455800e-04;       3848
2.6583221066400e-04;       3848
2.6585188882300e-04;       1898
2.6587155497700e-04;       1898
2.6589123323100e-04;       1108
2.6590762073200e-04;       1108
2.6592729886000e-04;       -842
2.6594696499000e-04;       -842
2.6596664315400e-04;       4884
2.6598630931700e-04;       4884
2.6600598751400e-04;       2934
2.6602565363400e-04;       2934
2.6604533200700e-04;        984
2.6606171941500e-04;        984
2.6608139753000e-04;       -966
2.6610106354200e-04;       -966
2.6612074181200e-04;       5920
2.6614040797200e-04;       5920
2.6616008615800e-04;       3970
2.6617975219700e-04;       3970
2.6619615164600e-04;       2020
2.6621581784900e-04;       2020
2.6623549582000e-04;       7746
2.6625516191600e-04;       7746
2.6627484010000e-04;       5796
2.6629450605600e-04;       5796
2.6631418424400e-04;       3846
2.6633385020600e-04;       3846
2.6635024976400e-04;       1896
2.6636991584900e-04;       1896
2.6638959405000e-04;       1106
2.6640926009900e-04;       1106
2.6642893808600e-04;       -844
2.6644860413300e-04;       -844
2.6646828224300e-04;       4882
2.6648466965600e-04;       4882
2.6650434779800e-04;       2932
2.6652401396000e-04;       2932
2.6654369220500e-04;        982
2.6656335828400e-04;        982
2.6658303645400e-04;       -968
2.6660270259100e-04;       -968
2.6662238065600e-04;       5918
2.6663876825400e-04;       5918
2.6665844631600e-04;       3968
2.6667811238900e-04;       3968
2.6669779052700e-04;       2018
2.6671745674900e-04;       2018
2.6673713484200e-04;         68
2.6675680098600e-04;         68
2.6677320036700e-04;      -1882
2.6679286651200e-04;      -1882
2.6681254466300e-04;       3844
2.6683221086100e-04;       3844
2.6685188888400e-04;       1894
2.6687155504100e-04;       1894
2.6689123329000e-04;       1104
2.6690762077400e-04;       1104
2.6692729893600e-04;       6830
2.6694696523200e-04;       6830
2.6696664314500e-04;       4880
2.6698630939700e-04;       4880
2.6700598746100e-04;       2930
2.6702565361700e-04;       2930
2.6704533160500e-04;        980
2.6706171905500e-04;        980
2.6708139724900e-04;       -970
2.6710106353400e-04;       -970
2.6712074154200e-04;       5916
2.6714040768500e-04;       5916
2.6716008559800e-04;       3966
2.6717975191100e-04;       3966
2.6719615126500e-04;       2016
2.6721581738200e-04;       2016
2.6723549562400e-04;         66
2.6725516168900e-04;         66
2.6727483969500e-04;       5792
2.6729450565500e-04;       5792
2.6731418403400e-04;       3842
2.6733385023500e-04;       3842
2.6735024964000e-04;       1892
2.6736991578900e-04;       1892
2.6738959384300e-04;       1102
2.6740925991800e-04;       1102
2.6742893807400e-04;       6828
2.6744860422000e-04;       6828
2.6746828238100e-04;       4878
2.6748466968100e-04;       4878
2.6750434771600e-04;       2928
2.6752401381400e-04;       2928
2.6754369194200e-04;        978
2.6756335807000e-04;        978
2.6758303627500e-04;       -972
2.6760270251800e-04;       -972
2.6762238076400e-04;       5914
2.6763876798000e-04;       5914
2.6765844610000e-04;       3964
2.6767811210400e-04;       3964
2.6769779007800e-04;       2014
2.6771745638000e-04;       2014
2.6773713447800e-04;         64
2.6775680059800e-04;         64
2.6777320010900e-04;      -1886
2.6779286614500e-04;      -1886
2.6781254436200e-04;       3840
2.6783221041100e-04;       3840
2.6785188852300e-04;       1890
2.6787155468500e-04;       1890
2.6789123283200e-04;       1100
2.6790762026300e-04;       1100
2.6792729835600e-04;       -850
2.6794696461800e-04;       -850
2.6796664293100e-04;       4876
2.6798630895400e-04;       4876
2.6800598704200e-04;       2926
2.6802565322800e-04;       2926
2.6804533134700e-04;        976
2.6806171869600e-04;        976
2.6808139697200e-04;       -974
2.6810106306500e-04;       -974
2.6812074122300e-04;       5912
2.6814040736700e-04;       5912
2.6816008548200e-04;       3962
2.6817975167400e-04;       3962
2.6819615096200e-04;       2012
2.6821581716800e-04;       2012
2.6823549529200e-04;         62
2.6825516156600e-04;         62
2.6827483977800e-04;      -1888
2.6829450586600e-04;      -1888
2.6831418394800e-04;       3838
2.6833385013900e-04;       3838
2.6835024958900e-04;       1888
2.6836991574100e-04;       1888
2.6838959393600e-04;       1098
2.6840926001000e-04;       1098
2.6842893807600e-04;       -852
2.6844860430700e-04;       -852
2.6846828234000e-04;       4874
2.6848466984500e-04;       4874
2.6850434793100e-04;       2924
2.6852401402800e-04;       2924
2.6854369231400e-04;        974
2.6856335859700e-04;        974
2.6858303670500e-04;       -976
2.6860270272700e-04;       -976
2.6862238079500e-04;       5910
2.6863876815400e-04;       5910
2.6865844616300e-04;       3960
2.6867811243400e-04;       3960
2.6869779049000e-04;       2010
2.6871745663500e-04;       2010
2.6873713477600e-04;         60
2.6875680077300e-04;         60
2.6877320015700e-04;       5786
2.6879286643700e-04;       5786
2.6881254463100e-04;       3836
2.6883221071800e-04;       3836
2.6885188899100e-04;       1886
2.6887155512100e-04;       1886
2.6889123323600e-04;       1096
2.6890762074700e-04;       1096
2.6892729887000e-04;       -854
2.6894696488500e-04;       -854
2.6896664316200e-04;       4872
2.6898630927700e-04;       4872
2.6900598741600e-04;       2922
2.6902565355100e-04;       2922
2.6904533153400e-04;        972
2.6906171895100e-04;        972
2.6908139723400e-04;       -978
2.6910106327200e-04;       -978
2.6912074144700e-04;       5908
2.6914040756000e-04;       5908
2.6916008550800e-04;       3958
2.6917975169900e-04;       3958
2.6919615110600e-04;       2008
2.6921581749900e-04;       2008
2.6923549570700e-04;         58
2.6925516194900e-04;         58
2.6927484020400e-04;      -1892
2.6929450635900e-04;      -1892
2.6931418441600e-04;       3834
2.6933385061200e-04;       3834
2.6935024998600e-04;       1884
2.6936991600300e-04;       1884
2.6938959428500e-04;       1094
2.6940926042200e-04;       1094
2.6942893873200e-04;       6820
2.6944860479200e-04;       6820
2.6946828292900e-04;       4870
2.6948467038900e-04;       4870
2.6950434841600e-04;       2920
2.6952401464200e-04;       2920
2.6954369277900e-04;        970
2.6956335895400e-04;        970
2.6958303720800e-04;       -980
2.6960270344300e-04;       -980
2.6962238162100e-04;       5906
2.6963876902600e-04;       5906
2.6965844713400e-04;       3956
2.6967811322500e-04;       3956
2.6969779129400e-04;       2006
2.6971745750200e-04;       2006
2.6973713571100e-04;       7732
2.6975680193800e-04;       7732
2.6977320126600e-04;       5782
2.6979286745400e-04;       5782
2.6981254547000e-04;       3832
2.6983221170100e-04;       3832
2.6985188983500e-04;       1882
2.6987155591400e-04;       1882
2.6989123396700e-04;       8768
2.6990762151200e-04;       8768
2.6992729948600e-04;       -858
2.6994696577500e-04;       -858
2.6996664385300e-04;       4868
2.6998630977900e-04;       4868
2.7000598802700e-04;       2918
2.7002565419600e-04;       2918
2.7004533227600e-04;        968
2.7006171967400e-04;        968
2.7008139779300e-04;       -982
2.7010106394500e-04;       -982
2.7012074201900e-04;       5904
2.7014040806600e-04;       5904
2.7016008622500e-04;       3954
2.7017975237700e-04;       3954
2.7019615193000e-04;       2004
2.7021581793100e-04;       2004
2.7023549607600e-04;         54
2.7025516207200e-04;         54
2.7027484021300e-04;      -1896
2.7029450641600e-04;      -1896
2.7031418470200e-04;       3830
2.7033385074500e-04;       3830
2.7035025006600e-04;       1880
2.7036991621300e-04;       1880
2.7038959431600e-04;       1090
2.7040926052700e-04;       1090
2.7042893861900e-04;       -860
2.7044860493700e-04;       -860
2.7046828314200e-04;       4866
2.7048467059800e-04;       4866
2.7050434882600e-04;       2916
2.7052401497600e-04;       2916
2.7054369319200e-04;        966
2.7056335947600e-04;        966
2.7058303755800e-04;       -984
2.7060270381900e-04;       -984
2.7062238191900e-04;       5902
2.7063876931800e-04;       5902
2.7065844741500e-04;       3952
2.7067811357400e-04;       3952
2.7069779175800e-04;       2002
2.7071745792700e-04;       2002
2.7073713603900e-04;         52
2.7075680221500e-04;         52
2.7077320157700e-04;       5778
2.7079286765400e-04;       5778
2.7081254573800e-04;       3828
2.7083221197000e-04;       3828
2.7085189026000e-04;       1878
2.7087155627500e-04;       1878
2.7089123450200e-04;       8764
2.7090762201100e-04;       8764
2.7092730021000e-04;       -862
2.7094696644300e-04;       -862
2.7096664448600e-04;       4864
2.7098631058400e-04;       4864
2.7100598874400e-04;       2914
2.7102565490300e-04;       2914
2.7104533311500e-04;        964
2.7106172042900e-04;        964
2.7108139852500e-04;       -986
2.7110106469700e-04;       -986
2.7112074297000e-04;       5900
2.7114040914000e-04;       5900
2.7116008729900e-04;       3950
2.7117975358200e-04;       3950
2.7119615303300e-04;       2000
2.7121581919500e-04;       2000
2.7123549733600e-04;       7726
2.7125516324900e-04;       7726
2.7127484138200e-04;       5776
2.7129450758900e-04;       5776
2.7131418584000e-04;       3826
2.7133385205700e-04;       3826
2.7135025153300e-04;       1876
2.7136991764200e-04;       1876
2.7138959568400e-04;       1086
2.7140926174400e-04;       1086
2.7142893985600e-04;       6812
2.7144860600700e-04;       6812
2.7146828424000e-04;       4862
2.7148467151300e-04;       4862
2.7150434969600e-04;       2912
2.7152401569300e-04;       2912
2.7154369374000e-04;        962
2.7156335981800e-04;        962
2.7158303808000e-04;       -988
2.7160270407000e-04;       -988
2.7162238212600e-04;       5898
2.7163876959100e-04;       5898
2.7165844769500e-04;       3948
2.7167811371300e-04;       3948
2.7169779174000e-04;       1998
2.7171745789200e-04;       1998
2.7173713600200e-04;       7724
2.7175680212000e-04;       7724
2.7177320172400e-04;       5774
2.7179286774600e-04;       5774
2.7181254597000e-04;       3824
2.7183221210600e-04;       3824
2.7185189006700e-04;       1874
2.7187155615900e-04;       1874
2.7189123413800e-04;       1084
2.7190762156300e-04;       1084
2.7192729974300e-04;       -866
2.7194696591100e-04;       -866
2.7196664409900e-04;       4860
2.7198631026600e-04;       4860
2.7200598841200e-04;       2910
2.7202565447000e-04;       2910
2.7204533267300e-04;        960
2.7206172013600e-04;        960
2.7208139822200e-04;       6686
2.7210106426300e-04;       6686
2.7212074232500e-04;       5896
2.7214040848800e-04;       5896
2.7216008670900e-04;       3946
2.7217975290200e-04;       3946
2.7219615226200e-04;       1996
2.7221581842700e-04;       1996
2.7223549655000e-04;       7722
2.7225516274100e-04;       7722
2.7227484083100e-04;       5772
2.7229450686800e-04;       5772
2.7231418503900e-04;       3822
2.7233385095800e-04;       3822
2.7235025045100e-04;       1872
2.7236991641900e-04;       1872
2.7238959447600e-04;       1082
2.7240926052500e-04;       1082
2.7242893856000e-04;       -868
2.7244860458900e-04;       -868
2.7246828269900e-04;       4858
2.7248466999700e-04;       4858
2.7250434826100e-04;       2908
2.7252401453500e-04;       2908
2.7254369258600e-04;        958
2.7256335864900e-04;        958
2.7258303676300e-04;       -992
2.7260270287200e-04;       -992
2.7262238091700e-04;       5894
2.7263876838800e-04;       5894
2.7265844653800e-04;       3944
2.7267811261200e-04;       3944
2.7269779067100e-04;       1994
2.7271745668000e-04;       1994
2.7273713481400e-04;         44
2.7275680095200e-04;         44
2.7277320036000e-04;      -1906
2.7279286656200e-04;      -1906
2.7281254464600e-04;       3820
2.7283221067200e-04;       3820
2.7285188896900e-04;       1870
2.7287155516000e-04;       1870
2.7289123315400e-04;       1080
2.7290762049700e-04;       1080
2.7292729867200e-04;       -870
2.7294696483400e-04;       -870
2.7296664290100e-04;       4856
2.7298630911900e-04;       4856
2.7300598723100e-04;       2906
2.7302565344100e-04;       2906
2.7304533154800e-04;        956
2.7306171892100e-04;        956
2.7308139703400e-04;       -994
2.7310106324900e-04;       -994
2.7312074142300e-04;       5892
2.7314040750100e-04;       5892
2.7316008551500e-04;       3942
2.7317975164400e-04;       3942
2.7319615100400e-04;       1992
2.7321581722400e-04;       1992
2.7323549557400e-04;         42
2.7325516182400e-04;         42
2.7327483981800e-04;       5768
2.7329450592700e-04;       5768
2.7331418421600e-04;       3818
2.7333385021700e-04;       3818
2.7335024962100e-04;       1868
2.7336991566100e-04;       1868
2.7338959381600e-04;       1078
2.7340925995500e-04;       1078
2.7342893804600e-04;       -872
2.7344860441300e-04;       -872
2.7346828260400e-04;       4854
2.7348467003000e-04;       4854
2.7350434816700e-04;       2904
2.7352401447000e-04;       2904
2.7354369269900e-04;        954
2.7356335894900e-04;        954
2.7358303702000e-04;       -996
2.7360270308700e-04;       -996
2.7362238124200e-04;       5890
2.7363876877400e-04;       5890
2.7365844679200e-04;       3940
2.7367811298000e-04;       3940
2.7369779114800e-04;       1990
2.7371745731200e-04;       1990
2.7373713552800e-04;         40
2.7375680158900e-04;         40
2.7377320113900e-04;       5766
2.7379286720700e-04;       5766
2.7381254534100e-04;       3816
2.7383221142700e-04;       3816
2.7385188954400e-04;       1866
2.7387155573500e-04;       1866
2.7389123386700e-04;       8752
2.7390762123600e-04;       8752
2.7392729925700e-04;       6802
2.7394696555500e-04;       6802
2.7396664375700e-04;       4852
2.7398630989000e-04;       4852
2.7400598806900e-04;       2902
2.7402565407500e-04;       2902
2.7404533209400e-04;        952
2.7406171961000e-04;        952
2.7408139770600e-04;       -998
2.7410106391300e-04;       -998
2.7412074193600e-04;       5888
2.7414040804000e-04;       5888
2.7416008628700e-04;       3938
2.7417975257000e-04;       3938
2.7419615192900e-04;       1988
2.7421581811600e-04;       1988
2.7423549613400e-04;         38
2.7425516234900e-04;         38
2.7427484038400e-04;      -1912
2.7429450641700e-04;      -1912
2.7431418469100e-04;       3814
2.7433385076600e-04;       3814
2.7435025008700e-04;       1864
2.7436991625300e-04;       1864
2.7438959430300e-04;       1074
2.7440926048700e-04;       1074
2.7442893857400e-04;       -876
2.7444860466600e-04;       -876
2.7446828290400e-04;       4850
2.7448467021400e-04;       4850
2.7450434842600e-04;       2900
2.7452401451400e-04;       2900
2.7454369256400e-04;        950
2.7456335868300e-04;        950
2.7458303677700e-04;      -1000
2.7460270284600e-04;      -1000
2.7462238094100e-04;       5886
2.7463876834800e-04;       5886
2.7465844660700e-04;       3936
2.7467811266900e-04;       3936
2.7469779092700e-04;       1986
2.7471745694200e-04;       1986
2.7473713519300e-04;         36
2.7475680127400e-04;         36
2.7477320074800e-04;       5762
2.7479286684500e-04;       5762
2.7481254497000e-04;       3812
2.7483221114800e-04;       3812
2.7485188932100e-04;      -5814
2.7487155542200e-04;      -5814
2.7489123353200e-04;       1072
2.7490762093700e-04;       1072
2.7492729903100e-04;       -878
2.7494696532000e-04;       -878
2.7496664345000e-04;       4848
2.7498630961200e-04;       4848
2.7500598766100e-04;       2898
2.7502565398000e-04;       2898
2.7504533205100e-04;        948
2.7506171959600e-04;        948
2.7508139749800e-04;      -1002
2.7510106383800e-04;      -1002
2.7512074186500e-04;       5884
2.7514040809700e-04;       5884
2.7516008618000e-04;       3934
2.7517975212400e-04;       3934
2.7519615166000e-04;       1984
2.7521581765300e-04;       1984
2.7523549588200e-04;         34
2.7525516204300e-04;         34
2.7527484004800e-04;      -1916
2.7529450616700e-04;      -1916
2.7531418431100e-04;       3810
2.7533385055800e-04;       3810
2.7535025009700e-04;       1860
2.7536991636300e-04;       1860
2.7538959452100e-04;       8746
2.7540926057100e-04;       8746
2.7542893870000e-04;       -880
2.7544860484800e-04;       -880
2.7546828289600e-04;       4846
2.7548467038100e-04;       4846
2.7550434864600e-04;       2896
2.7552401467900e-04;       2896
2.7554369261700e-04;        946
2.7556335870400e-04;        946
2.7558303674000e-04;      -1004
2.7560270298500e-04;      -1004
2.7562238103600e-04;       5882
2.7563876850600e-04;       5882
2.7565844671000e-04;       3932
2.7567811273700e-04;       3932
2.7569779081700e-04;       1982
2.7571745698800e-04;       1982
2.7573713521500e-04;         32
2.7575680124300e-04;         32
2.7577320064900e-04;       5758
2.7579286672800e-04;       5758
2.7581254484800e-04;       3808
2.7583221096700e-04;       3808
2.7585188922800e-04;       1858
2.7587155531400e-04;       1858
2.7589123330500e-04;       1068
2.7590762075100e-04;       1068
2.7592729887100e-04;       6794
2.7594696503500e-04;       6794
2.7596664327700e-04;       4844
2.7598630951400e-04;       4844
2.7600598754400e-04;       2894
2.7602565373200e-04;       2894
2.7604533194700e-04;        944
2.7606171932800e-04;        944
2.7608139741100e-04;      -1006
2.7610106354800e-04;      -1006
2.7612074165900e-04;       5880
2.7614040783300e-04;       5880
2.7616008607500e-04;       3930
2.7617975218600e-04;       3930
2.7619615166900e-04;       1980
2.7621581772800e-04;       1980
2.7623549589000e-04;         30
2.7625516200600e-04;         30
2.7627484024000e-04;       5756
2.7629450652500e-04;       5756
2.7631418454700e-04;       3806
2.7633385070400e-04;       3806
2.7635025020200e-04;       1856
2.7636991637000e-04;       1856
2.7638959448400e-04;       8742
2.7640926074100e-04;       8742
2.7642893872000e-04;       -884
2.7644860485100e-04;       -884
2.7646828301000e-04;       4842
2.7648467043200e-04;       4842
2.7650434847900e-04;       2892
2.7652401466900e-04;       2892
2.7654369285200e-04;        942
2.7656335898500e-04;        942
2.7658303704200e-04;       6668
2.7660270331200e-04;       6668
2.7662238120900e-04;       5878
2.7663876880400e-04;       5878
2.7665844687500e-04;       3928
2.7667811294300e-04;       3928
2.7669779113200e-04;       1978
2.7671745732700e-04;       1978
2.7673713533200e-04;         28
2.7675680151600e-04;         28
2.7677320098700e-04;       5754
2.7679286706300e-04;       5754
2.7681254526500e-04;       3804
2.7683221143600e-04;       3804
2.7685188961600e-04;       1854
2.7687155580600e-04;       1854
2.7689123392800e-04;       1064
2.7690762139100e-04;       1064
2.7692729960300e-04;       -886
2.7694696572500e-04;       -886
2.7696664399300e-04;       4840
2.7698631005100e-04;       4840
2.7700598826600e-04;       2890
2.7702565438800e-04;       2890
2.7704533252600e-04;        940
2.7706171997300e-04;        940
2.7708139808500e-04;      -1010
2.7710106423300e-04;      -1010
2.7712074235600e-04;       5876
2.7714040853800e-04;       5876
2.7716008683400e-04;       3926
2.7717975295400e-04;       3926
2.7719615238300e-04;       1976
2.7721581853900e-04;       1976
2.7723549656600e-04;         26
2.7725516277300e-04;         26
2.7727484089300e-04;       5752
2.7729450697100e-04;       5752
2.7731418530500e-04;       3802
2.7733385131700e-04;       3802
2.7735025082400e-04;       1852
2.7736991685400e-04;       1852
2.7738959483200e-04;       8738
2.7740926091700e-04;       8738
2.7742893903200e-04;       6788
2.7744860507900e-04;       6788
2.7746828314700e-04;       4838
2.7748467055200e-04;       4838
2.7750434874000e-04;       2888
2.7752401477300e-04;       2888
2.7754369287400e-04;        938
2.7756335887400e-04;        938
2.7758303696600e-04;      -1012
2.7760270307700e-04;      -1012
2.7762238120100e-04;       5874
2.7763876873000e-04;       5874
2.7765844690600e-04;       3924
2.7767811294900e-04;       3924
2.7769779115200e-04;       1974
2.7771745743200e-04;       1974
2.7773713541600e-04;         24
2.7775680145700e-04;         24
2.7777320083400e-04;       5750
2.7779286685400e-04;       5750
2.7781254507400e-04;       3800
2.7783221130300e-04;       3800
2.7785188958100e-04;       1850
2.7787155577200e-04;       1850
2.7789123398800e-04;       8736
2.7790762131500e-04;       8736
2.7792729945000e-04;       6786
2.7794696539300e-04;       6786
2.7796664345400e-04;       4836
2.7798630976300e-04;       4836
2.7800598776500e-04;       2886
2.7802565389500e-04;       2886
2.7804533177800e-04;        936
2.7806171941100e-04;        936
2.7808139725100e-04;      -1014
2.7810106334100e-04;      -1014
2.7812074141800e-04;       5872
2.7814040747400e-04;       5872
2.7816008567700e-04;       3922
2.7817975176700e-04;       3922
2.7819615111400e-04;       1972
2.7821581750000e-04;       1972
2.7823549553500e-04;         22
2.7825516188500e-04;         22
2.7827484000600e-04;       5748
2.7829450604900e-04;       5748
2.7831418419800e-04;       3798
2.7833385030200e-04;       3798
2.7835025000300e-04;       1848
2.7836991594600e-04;       1848
2.7838959430600e-04;       1058
2.7840926053500e-04;       1058
2.7842893864100e-04;       -892
2.7844860468500e-04;       -892
2.7846828288400e-04;       4834
2.7848467032400e-04;       4834
2.7850434838500e-04;       2884
2.7852401447800e-04;       2884
2.7854369274800e-04;        934
2.7856335872000e-04;        934
2.7858303705300e-04;      -1016
2.7860270294000e-04;      -1016
2.7862238098200e-04;       5870
2.7863876859000e-04;       5870
2.7865844684800e-04;       3920
2.7867811312500e-04;       3920
2.7869779135500e-04;       1970
2.7871745752100e-04;       1970
2.7873713564900e-04;         20
2.7875680187400e-04;         20
2.7877320133700e-04;       5746
2.7879286768000e-04;       5746
2.7881254567200e-04;       3796
2.7883221188200e-04;       3796
2.7885189001500e-04;       1846
2.7887155625600e-04;       1846
2.7889123424200e-04;       1056
2.7890762161400e-04;       1056
2.7892729972400e-04;       -894
2.7894696590600e-04;       -894
2.7896664410600e-04;       4832
2.7898631015500e-04;       4832
2.7900598837100e-04;       2882
2.7902565451000e-04;       2882
2.7904533265700e-04;        932
2.7906172012000e-04;        932
2.7908139826100e-04;       6658
2.7910106452900e-04;       6658
2.7912074264800e-04;       5868
2.7914040882100e-04;       5868
2.7916008698000e-04;       3918
2.7917975299800e-04;       3918
2.7919615259200e-04;       1968
2.7921581884900e-04;       1968
2.7923549693800e-04;       7694
2.7925516283900e-04;       7694
2.7927484101700e-04;       5744
2.7929450714800e-04;       5744
2.7931418527400e-04;       3794
2.7933385144300e-04;       3794
2.7935025098200e-04;       1844
2.7936991697700e-04;       1844
2.7938959515400e-04;       1054
2.7940926114200e-04;       1054
2.7942893924900e-04;       -896
2.7944860543700e-04;       -896
2.7946828363500e-04;       4830
2.7948467103200e-04;       4830
2.7950434930800e-04;       2880
2.7952401552000e-04;       2880
2.7954369376400e-04;        930
2.7956335980000e-04;        930
2.7958303801600e-04;       6656
2.7960270416700e-04;       6656
2.7962238231500e-04;       5866
2.7963876975700e-04;       5866
2.7965844775600e-04;       3916
2.7967811396600e-04;       3916
2.7969779211700e-04;       1966
2.7971745826500e-04;       1966
2.7973713644100e-04;         16
2.7975680255500e-04;         16
2.7977320182200e-04;      -1934
2.7979286804100e-04;      -1934
2.7981254596300e-04;       3792
2.7983221230300e-04;       3792
2.7985189050500e-04;       1842
2.7987155664200e-04;       1842
2.7989123472900e-04;       1052
2.7990762217900e-04;       1052
2.7992730043300e-04;       -898
2.7994696671700e-04;       -898
2.7996664483300e-04;       4828
2.7998631091300e-04;       4828
2.8000598899700e-04;       2878
2.8002565512500e-04;       2878
2.8004533333300e-04;        928
2.8006172091800e-04;        928
2.8008139902400e-04;      -1022
2.8010106531100e-04;      -1022
2.8012074345400e-04;       5864
2.8014040955600e-04;       5864
2.8016008763700e-04;       3914
2.8017975381600e-04;       3914
2.8019615316800e-04;       1964
2.8021581938900e-04;       1964
2.8023549745600e-04;         14
2.8025516353500e-04;         14
2.8027484171900e-04;       5740
2.8029450776300e-04;       5740
2.8031418593500e-04;       3790
2.8033385197400e-04;       3790
2.8035025161300e-04;       1840
2.8036991766300e-04;       1840
2.8038959568800e-04;       8726
2.8040926187700e-04;       8726
2.8042894001200e-04;       -900
2.8044860598400e-04;       -900
2.8046828413400e-04;       4826
2.8048467168100e-04;       4826
2.8050434978700e-04;       2876
2.8052401584900e-04;       2876
2.8054369393300e-04;        926
2.8056336009500e-04;        926
2.8058303829500e-04;      -1024
2.8060270455600e-04;      -1024
2.8062238258900e-04;       5862
2.8063877009000e-04;       5862
2.8065844803300e-04;       3912
2.8067811416100e-04;       3912
2.8069779224700e-04;       1962
2.8071745831500e-04;       1962
2.8073713661200e-04;       7688
2.8075680282200e-04;       7688
2.8077320211000e-04;       5738
2.8079286836400e-04;       5738
2.8081254642200e-04;       3788
2.8083221265000e-04;       3788
2.8085189078400e-04;       1838
2.8087155699100e-04;       1838
2.8089123498700e-04;       1048
2.8090762245000e-04;       1048
2.8092730054500e-04;       -902
2.8094696662700e-04;       -902
2.8096664479900e-04;       4824
2.8098631093100e-04;       4824
2.8100598900400e-04;       2874
2.8102565515500e-04;       2874
2.8104533321900e-04;        924
2.8106172070200e-04;        924
2.8108139882600e-04;       6650
2.8110106497400e-04;       6650
2.8112074298200e-04;       5860
2.8114040914800e-04;       5860
2.8116008730300e-04;       3910
2.8117975330500e-04;       3910
2.8119615287400e-04;       1960
2.8121581908500e-04;       1960
2.8123549727500e-04;         10
2.8125516337600e-04;         10
2.8127484151400e-04;       5736
2.8129450750800e-04;       5736
2.8131418580400e-04;       3786
2.8133385182500e-04;       3786
2.8135025118100e-04;       1836
2.8136991731400e-04;       1836
2.8138959528400e-04;       1046
2.8140926142300e-04;       1046
2.8142893951000e-04;       6772
2.8144860569500e-04;       6772
2.8146828378700e-04;       4822
2.8148467123200e-04;       4822
2.8150434943300e-04;       2872
2.8152401567300e-04;       2872
2.8154369374400e-04;        922
2.8156335982200e-04;        922
2.8158303810300e-04;      -1028
2.8160270407500e-04;      -1028
2.8162238225400e-04;       5858
2.8163876980100e-04;       5858
2.8165844777100e-04;       3908
2.8167811390900e-04;       3908
2.8169779214400e-04;       1958
2.8171745837000e-04;       1958
2.8173713660600e-04;       7684
2.8175680267500e-04;       7684
2.8177320207500e-04;       5734
2.8179286822300e-04;       5734
2.8181254635500e-04;       3784
2.8183221241300e-04;       3784
2.8185189054100e-04;       1834
2.8187155661700e-04;       1834
2.8189123488100e-04;       8720
2.8190762221300e-04;       8720
2.8192730023900e-04;       6770
2.8194696626600e-04;       6770
2.8196664436500e-04;       4820
2.8198631059500e-04;       4820
2.8200598864100e-04;       2870
2.8202565468500e-04;       2870
2.8204533275900e-04;        920
2.8206172013600e-04;        920
2.8208139844100e-04;      -1030
2.8210106442300e-04;      -1030
2.8212074246500e-04;       5856
2.8214040859400e-04;       5856
2.8216008678700e-04;       3906
2.8217975304000e-04;       3906
2.8219615234000e-04;       1956
2.8221581845200e-04;       1956
2.8223549663900e-04;       7682
2.8225516267700e-04;       7682
2.8227484065000e-04;       5732
2.8229450680700e-04;       5732
2.8231418497100e-04;       3782
2.8233385114200e-04;       3782
2.8235025055600e-04;       1832
2.8236991657900e-04;       1832
2.8238959480300e-04;       8718
2.8240926086200e-04;       8718
2.8242893896200e-04;       6768
2.8244860509600e-04;       6768
2.8246828314000e-04;       4818
2.8248467066200e-04;       4818
2.8250434864500e-04;       2868
2.8252401493400e-04;       2868
2.8254369308800e-04;        918
2.8256335913300e-04;        918
2.8258303718700e-04;      -1032
2.8260270332800e-04;      -1032
2.8262238132800e-04;       5854
2.8263876867700e-04;       5854
2.8265844693400e-04;       3904
2.8267811307500e-04;       3904
2.8269779117100e-04;       1954
2.8271745729500e-04;       1954
2.8273713545000e-04;          4
2.8275680145600e-04;          4
2.8277320087000e-04;       5730
2.8279286677000e-04;       5730
2.8281254509200e-04;       3780
2.8283221121400e-04;       3780
2.8285188933000e-04;       1830
2.8287155538700e-04;       1830
2.8289123342700e-04;       1040
2.8290762091600e-04;       1040
2.8292729908000e-04;       -910
2.8294696512300e-04;       -910
2.8296664312700e-04;       4816
2.8298630931400e-04;       4816
2.8300598736900e-04;       2866
2.8302565357200e-04;       2866
2.8304533163500e-04;        916
2.8306171921900e-04;        916
2.8308139717700e-04;      -1034
2.8310106338800e-04;      -1034
2.8312074151800e-04;       5852
2.8314040752700e-04;       5852
2.8316008582000e-04;       3902
2.8317975190800e-04;       3902
2.8319615130600e-04;       1952
2.8321581739400e-04;       1952
2.8323549570300e-04;          2
2.8325516180400e-04;          2
2.8327483976800e-04;      -1948
2.8329450609800e-04;      -1948
2.8331418408200e-04;       3778
2.8333385014300e-04;       3778
2.8335024953800e-04;       1828
2.8336991582700e-04;       1828
2.8338959379700e-04;       8714
2.8340925986300e-04;       8714
2.8342893791000e-04;       -912
2.8344860409500e-04;       -912
2.8346828223500e-04;       4814
2.8348466960300e-04;       4814
2.8350434766000e-04;       2864
2.8352401369800e-04;       2864
2.8354369192500e-04;        914
2.8356335801900e-04;        914
2.8358303616400e-04;      -1036
2.8360270217100e-04;      -1036
2.8362238055000e-04;       5850
2.8363876792100e-04;       5850
2.8365844595100e-04;       3900
2.8367811219800e-04;       3900
2.8369779034900e-04;       1950
2.8371745645800e-04;       1950
2.8373713453000e-04;       7676
2.8375680064600e-04;       7676
2.8377320006800e-04;       5726
2.8379286622100e-04;       5726
2.8381254436700e-04;       3776
2.8383221046100e-04;       3776
2.8385188876400e-04;       1826
2.8387155485200e-04;       1826
2.8389123306700e-04;       8712
2.8390762041800e-04;       8712
2.8392729842900e-04;       -914
2.8394696446500e-04;       -914
2.8396664255300e-04;       4812
2.8398630871500e-04;       4812
2.8400598680200e-04;       2862
2.8402565281800e-04;       2862
2.8404533099400e-04;        912
2.8406171845400e-04;        912
2.8408139664800e-04;      -1038
2.8410106265400e-04;      -1038
2.8412074082200e-04;       5848
2.8414040689900e-04;       5848
2.8416008516100e-04;       3898
2.8417975116400e-04;       3898
2.8419615074900e-04;       1948
2.8421581680300e-04;       1948
2.8423549493400e-04;         -2
2.8425516103000e-04;         -2
2.8427483930400e-04;      -1952
2.8429450545500e-04;      -1952
2.8431418367300e-04;       3774
2.8433384970600e-04;       3774
2.8435024915000e-04;       1824
2.8436991541800e-04;       1824
2.8438959361500e-04;       1034
2.8440925962800e-04;       1034
2.8442893776000e-04;       -916
2.8444860387900e-04;       -916
2.8446828215500e-04;       4810
2.8448466954400e-04;       4810
2.8450434774300e-04;       2860
2.8452401379000e-04;       2860
2.8454369184300e-04;        910
2.8456335803200e-04;        910
2.8458303629900e-04;      -1040
2.8460270233200e-04;      -1040
2.8462238038900e-04;       5846
2.8463876795800e-04;       5846
2.8465844591200e-04;       3896
2.8467811207700e-04;       3896
2.8469779014100e-04;       1946
2.8471745633600e-04;       1946
2.8473713429700e-04;         -4
2.8475680040000e-04;         -4
2.8477320002000e-04;      -1954
2.8479286597500e-04;      -1954
2.8481254411100e-04;       3772
2.8483221021200e-04;       3772
2.8485188845400e-04;       1822
2.8487155447500e-04;       1822
2.8489123270300e-04;       1032
2.8490762016100e-04;       1032
2.8492729826500e-04;       -918
2.8494696453900e-04;       -918
2.8496664257600e-04;       4808
2.8498630869100e-04;       4808
2.8500598689300e-04;       2858
2.8502565320200e-04;       2858
2.8504533124400e-04;        908
2.8506171859000e-04;        908
2.8508139684800e-04;      -1042
2.8510106292800e-04;      -1042
2.8512074107800e-04;       5844
2.8514040713500e-04;       5844
2.8516008534200e-04;       3894
2.8517975144000e-04;       3894
2.8519615096200e-04;       1944
2.8521581713300e-04;       1944
2.8523549512600e-04;         -6
2.8525516128800e-04;         -6
2.8527483948400e-04;      -1956
2.8529450548500e-04;      -1956
2.8531418364000e-04;       3770
2.8533384968400e-04;       3770
2.8535024914600e-04;       1820
2.8536991548300e-04;       1820
2.8538959345300e-04;       1030
2.8540925954000e-04;       1030
2.8542893766800e-04;       -920
2.8544860385500e-04;       -920
2.8546828211100e-04;       4806
2.8548466959200e-04;       4806
2.8550434789600e-04;       2856
2.8552401390200e-04;       2856
2.8554369203100e-04;        906
2.8556335832400e-04;        906
2.8558303646100e-04;      -1044
2.8560270248500e-04;      -1044
2.8562238074000e-04;       5842
2.8563876808100e-04;       5842
2.8565844630000e-04;       3892
2.8567811242200e-04;       3892
2.8569779060600e-04;       1942
2.8571745668000e-04;       1942
2.8573713501400e-04;         -8
2.8575680104100e-04;         -8
2.8577320056300e-04;      -1958
2.8579286651100e-04;      -1958
2.8581254477900e-04;       3768
2.8583221086400e-04;       3768
2.8585188880900e-04;       1818
2.8587155519500e-04;       1818
2.8589123331300e-04;       1028
2.8590762082300e-04;       1028
2.8592729898900e-04;       -922
2.8594696528500e-04;       -922
2.8596664334200e-04;       4804
2.8598630933500e-04;       4804
2.8600598754400e-04;       2854
2.8602565375800e-04;       2854
2.8604533181800e-04;        904
2.8606171923900e-04;        904
2.8608139754500e-04;      -1046
2.8610106369600e-04;      -1046
2.8612074168000e-04;       5840
2.8614040794900e-04;       5840
2.8616008594200e-04;       3890
2.8617975213600e-04;       3890
2.8619615153400e-04;       1940
2.8621581758300e-04;       1940
2.8623549563100e-04;        -10
2.8625516192500e-04;        -10
2.8627484005400e-04;       5716
2.8629450628200e-04;       5716
2.8631418445500e-04;       3766
2.8633385048500e-04;       3766
2.8635024996100e-04;       1816
2.8636991618900e-04;       1816
2.8638959425700e-04;       1026
2.8640926047600e-04;       1026
2.8642893855400e-04;       -924
2.8644860465300e-04;       -924
2.8646828276100e-04;       4802
2.8648467013600e-04;       4802
2.8650434839200e-04;       2852
2.8652401446300e-04;       2852
2.8654369257200e-04;        902
2.8656335862500e-04;        902
2.8658303672600e-04;      -1048
2.8660270283300e-04;      -1048
2.8662238088300e-04;       5838
2.8663876839500e-04;       5838
2.8665844645100e-04;       3888
2.8667811262700e-04;       3888
2.8669779072900e-04;       1938
2.8671745691600e-04;       1938
2.8673713501200e-04;        -12
2.8675680102000e-04;        -12
2.8677320048600e-04;       5714
2.8679286656800e-04;       5714
2.8681254478900e-04;       3764
2.8683221094000e-04;       3764
2.8685188909500e-04;       1814
2.8687155514600e-04;       1814
2.8689123322700e-04;       1024
2.8690762071500e-04;       1024
2.8692729892400e-04;       -926
2.8694696510500e-04;       -926
2.8696664311700e-04;       4800
2.8698630930800e-04;       4800
2.8700598737700e-04;       2850
2.8702565354100e-04;       2850
2.8704533148200e-04;        900
2.8706171891300e-04;        900
2.8708139694500e-04;       6626
2.8710106311000e-04;       6626
2.8712074123700e-04;       5836
2.8714040744800e-04;       5836
2.8716008543700e-04;       3886
2.8717975161800e-04;       3886
2.8719615106800e-04;       1936
2.8721581729200e-04;       1936
2.8723549531800e-04;        -14
2.8725516155400e-04;        -14
2.8727483958500e-04;      -1964
2.8729450573800e-04;      -1964
2.8731418384800e-04;       3762
2.8733385002700e-04;       3762
2.8735024946200e-04;       1812
2.8736991554900e-04;       1812
2.8738959366500e-04;       1022
2.8740925980700e-04;       1022
2.8742893797200e-04;       -928
2.8744860399100e-04;       -928
2.8746828214000e-04;       4798
2.8748466942200e-04;       4798
2.8750434752300e-04;       2848
2.8752401357600e-04;       2848
2.8754369172300e-04;        898
2.8756335790200e-04;        898
2.8758303610600e-04;      -1052
2.8760270214800e-04;      -1052
2.8762238028400e-04;       5834
2.8763876769100e-04;       5834
2.8765844596700e-04;       3884
2.8767811193700e-04;       3884
2.8769779007400e-04;       1934
2.8771745622300e-04;       1934
2.8773713443900e-04;        -16
2.8775680059700e-04;        -16
2.8777319998700e-04;       5710
2.8779286625100e-04;       5710
2.8781254449800e-04;       3760
2.8783221063700e-04;       3760
2.8785188878900e-04;       1810
2.8787155493700e-04;       1810
2.8789123295700e-04;       1020
2.8790762052000e-04;       1020
2.8792729861100e-04;       -930
2.8794696485100e-04;       -930
2.8796664297900e-04;       4796
2.8798630921700e-04;       4796
2.8800598731100e-04;       2846
2.8802565357400e-04;       2846
2.8804533176700e-04;        896
2.8806171930400e-04;        896
2.8808139750100e-04;      -1054
2.8810106367900e-04;      -1054
2.8812074176600e-04;       5832
2.8814040788400e-04;       5832
2.8816008609200e-04;       3882
2.8817975226300e-04;       3882
2.8819615175600e-04;       1932
2.8821581777800e-04;       1932
2.8823549590700e-04;        -18
2.8825516219100e-04;        -18
2.8827484020300e-04;       5708
2.8829450624300e-04;       5708
2.8831418449900e-04;       3758
2.8833385062500e-04;       3758
2.8835025011300e-04;       1808
2.8836991610900e-04;       1808
2.8838959421500e-04;       1018
2.8840926049400e-04;       1018
2.8842893849400e-04;       -932
2.8844860460800e-04;       -932
2.8846828277000e-04;       4794
2.8848467027600e-04;       4794
2.8850434850400e-04;       2844
2.8852401468500e-04;       2844
2.8854369273100e-04;        894
2.8856335891200e-04;        894
2.8858303692600e-04;      -1056
2.8860270303500e-04;      -1056
2.8862238124700e-04;       5830
2.8863876858100e-04;       5830
2.8865844669900e-04;       3880
2.8867811312500e-04;       3880
2.8869779121400e-04;       1930
2.8871745727200e-04;       1930
2.8873713544600e-04;        -20
2.8875680145700e-04;        -20
2.8877320086200e-04;       5706
2.8879286690700e-04;       5706
2.8881254515200e-04;       3756
2.8883221113200e-04;       3756
2.8885188921500e-04;       1806
2.8887155530500e-04;       1806
2.8889123352300e-04;       1016
2.8890762102300e-04;       1016
2.8892729889800e-04;       -934
2.8894696510400e-04;       -934
2.8896664309600e-04;       4792
2.8898630940300e-04;       4792
2.8900598751700e-04;       2842
2.8902565369600e-04;       2842
2.8904533181900e-04;        892
2.8906171920700e-04;        892
2.8908139728900e-04;      -1058
2.8910106329500e-04;      -1058
2.8912074160700e-04;       5828
2.8914040761100e-04;       5828
2.8916008573300e-04;       3878
2.8917975194100e-04;       3878
2.8919615130900e-04;       1928
2.8921581736000e-04;       1928
2.8923549561500e-04;        -22
2.8925516168400e-04;        -22
2.8927483980900e-04;       5704
2.8929450586200e-04;       5704
2.8931418417700e-04;       3754
2.8933385037500e-04;       3754
2.8935024976300e-04;       1804
2.8936991587600e-04;       1804
2.8938959402200e-04;       1014
2.8940926019000e-04;       1014
2.8942893827600e-04;       -936
2.8944860442300e-04;       -936
2.8946828243600e-04;       4790
2.8948466983100e-04;       4790
2.8950434805300e-04;       2840
2.8952401433900e-04;       2840
2.8954369248500e-04;        890
2.8956335866900e-04;        890
2.8958303688200e-04;      -1060
2.8960270306800e-04;      -1060
2.8962238121000e-04;       5826
2.8963876862100e-04;       5826
2.8965844671300e-04;       3876
2.8967811300300e-04;       3876
2.8969779113000e-04;       1926
2.8971745730500e-04;       1926
2.8973713528700e-04;        -24
2.8975680159500e-04;        -24
2.8977320096700e-04;       5702
2.8979286715600e-04;       5702
2.8981254517000e-04;       3752
2.8983221123200e-04;       3752
2.8985188936600e-04;       1802
2.8987155551000e-04;       1802
2.8989123367700e-04;       1012
2.8990762116000e-04;       1012
2.8992729917500e-04;       6738
2.8994696554200e-04;       6738
2.8996664368200e-04;       4788
2.8998630984000e-04;       4788
2.9000598790200e-04;       2838
2.9002565399200e-04;       2838
2.9004533215300e-04;        888
2.9006171963900e-04;        888
2.9008139777400e-04;      -1062
2.9010106375300e-04;      -1062
2.9012074201900e-04;       5824
2.9014040827900e-04;       5824
2.9016008634400e-04;       3874
2.9017975247900e-04;       3874
2.9019615191400e-04;       1924
2.9021581807800e-04;       1924
2.9023549621100e-04;        -26
2.9025516237400e-04;        -26
2.9027484034900e-04;      -1976
2.9029450641800e-04;      -1976
2.9031418466000e-04;       3750
2.9033385074900e-04;       3750
2.9035025041800e-04;       1800
2.9036991637300e-04;       1800
2.9038959458900e-04;       8686
2.9040926079400e-04;       8686
2.9042893896600e-04;       -940
2.9044860520200e-04;       -940
2.9046828349000e-04;       4786
2.9048467098900e-04;       4786
2.9050434929800e-04;       2836
2.9052401545300e-04;       2836
2.9054369360600e-04;        886
2.9056335988600e-04;        886
2.9058303798900e-04;      -1064
2.9060270416500e-04;      -1064
2.9062238223900e-04;       5822
2.9063876971600e-04;       5822
2.9065844801600e-04;       3872
2.9067811421200e-04;       3872
2.9069779239100e-04;       1922
2.9071745846000e-04;       1922
2.9073713659000e-04;       7648
2.9075680265400e-04;       7648
2.9077320206600e-04;       5698
2.9079286839600e-04;       5698
2.9081254643700e-04;       3748
2.9083221258400e-04;       3748
2.9085189095900e-04;       1798
2.9087155694800e-04;       1798
2.9089123494900e-04;       8684
2.9090762229800e-04;       8684
2.9092730034700e-04;       6734
2.9094696664500e-04;       6734
2.9096664467200e-04;       4784
2.9098631073400e-04;       4784
2.9100598897700e-04;       2834
2.9102565503600e-04;       2834
2.9104533323200e-04;        884
2.9106172070300e-04;        884
2.9108139884000e-04;      -1066
2.9110106488900e-04;      -1066
2.9112074317900e-04;       5820
2.9114040919900e-04;       5820
2.9116008754800e-04;       3870
2.9117975371100e-04;       3870
2.9119615304800e-04;       1920
2.9121581918900e-04;       1920
2.9123549736000e-04;        -30
2.9125516345200e-04;        -30
2.9127484158500e-04;       5696
2.9129450763900e-04;       5696
2.9131418580900e-04;       3746
2.9133385196100e-04;       3746
2.9135025128900e-04;       1796
2.9136991759800e-04;       1796
2.9138959583900e-04;       8682
2.9140926189100e-04;       8682
2.9142894008700e-04;       -944
2.9144860623900e-04;       -944
2.9146828440100e-04;       4782
2.9148467194000e-04;       4782
2.9150434998400e-04;       2832
2.9152401606900e-04;       2832
2.9154369401800e-04;        882
2.9156336012600e-04;        882
2.9158303833400e-04;       6608
2.9160270445100e-04;       6608
2.9162238251900e-04;       5818
2.9163877004600e-04;       5818
2.9165844811300e-04;       3868
2.9167811428400e-04;       3868
2.9169779240200e-04;       1918
2.9171745862500e-04;       1918
2.9173713669000e-04;        -32
2.9175680275000e-04;        -32
2.9177320228100e-04;       5694
2.9179286848800e-04;       5694
2.9181254655000e-04;       3744
2.9183221254400e-04;       3744
2.9185189074000e-04;       1794
2.9187155681600e-04;       1794
2.9189123493600e-04;       1004
2.9190762237300e-04;       1004
2.9192730055800e-04;       -946
2.9194696680200e-04;       -946
2.9196664481500e-04;       4780
2.9198631109200e-04;       4780
2.9200598916000e-04;       2830
2.9202565547500e-04;       2830
2.9204533357600e-04;        880
2.9206172106400e-04;        880
2.9208139906800e-04;       6606
2.9210106521400e-04;       6606
2.9212074330400e-04;       5816
2.9214040931800e-04;       5816
2.9216008753800e-04;       3866
2.9217975369800e-04;       3866
2.9219615324400e-04;       1916
2.9221581936000e-04;       1916
2.9223549745800e-04;        -34
2.9225516366000e-04;        -34
2.9227484188200e-04;       5692
2.9229450805400e-04;       5692
2.9231418616900e-04;       3742
2.9233385234300e-04;       3742
2.9235025168300e-04;       1792
2.9236991792500e-04;       1792
2.9238959596500e-04;       8678
2.9240926197800e-04;       8678
2.9242894015900e-04;       6728
2.9244860623600e-04;       6728
2.9246828461900e-04;       4778
2.9248467194600e-04;       4778
2.9250435002200e-04;       2828
2.9252401617000e-04;       2828
2.9254369433200e-04;        878
2.9256336038000e-04;        878
2.9258303841700e-04;       6604
2.9260270450000e-04;       6604
2.9262238264200e-04;       5814
2.9263876992300e-04;       5814
2.9265844803700e-04;       3864
2.9267811418800e-04;       3864
2.9269779227000e-04;       1914
2.9271745852800e-04;       1914
2.9273713627100e-04;        -36
2.9275680227800e-04;        -36
2.9277320172200e-04;       5690
2.9279286792100e-04;       5690
2.9281254600700e-04;       3740
2.9283221200500e-04;       3740
2.9285189007200e-04;       1790
2.9287155633400e-04;       1790
2.9289123439300e-04;       8676
2.9290762195200e-04;       8676
2.9292730003700e-04;       -950
2.9294696620700e-04;       -950
2.9296664443400e-04;       4776
2.9298631057000e-04;       4776
2.9300598870600e-04;       2826
2.9302565479900e-04;       2826
2.9304533279100e-04;        876
2.9306172026800e-04;        876
2.9308139838600e-04;      -1074
2.9310106454700e-04;      -1074
2.9312074269700e-04;       5812
2.9314040883700e-04;       5812
2.9316008699100e-04;       3862
2.9317975309500e-04;       3862
2.9319615256900e-04;       1912
2.9321581878200e-04;       1912
2.9323549686800e-04;        -38
2.9325516292300e-04;        -38
2.9327484111600e-04;       5688
2.9329450739300e-04;       5688
2.9331418552800e-04;       3738
2.9333385158900e-04;       3738
2.9335025104900e-04;       1788
2.9336991716500e-04;       1788
2.9338959517900e-04;        998
2.9340926134500e-04;        998
2.9342893942900e-04;       -952
2.9344860553100e-04;       -952
2.9346828371800e-04;       4774
2.9348467108700e-04;       4774
2.9350434923400e-04;       2824
2.9352401529800e-04;       2824
2.9354369340200e-04;        874
2.9356335961400e-04;        874
2.9358303790300e-04;      -1076
2.9360270397500e-04;      -1076
2.9362238195800e-04;       5810
2.9363876943400e-04;       5810
2.9365844752900e-04;       3860
2.9367811383500e-04;       3860
2.9369779193700e-04;       1910
2.9371745811500e-04;       1910
2.9373713647500e-04;       7636
2.9375680259400e-04;       7636
2.9377320211300e-04;       5686
2.9379286821400e-04;       5686
2.9381254631000e-04;       3736
2.9383221237300e-04;       3736
2.9385189041800e-04;       1786
2.9387155662900e-04;       1786
2.9389123473600e-04;       8672
2.9390762206800e-04;       8672
2.9392730026000e-04;       6722
2.9394696629500e-04;       6722
2.9396664447800e-04;       4772
2.9398631054400e-04;       4772
2.9400598851900e-04;       2822
2.9402565451100e-04;       2822
2.9404533269000e-04;        872
2.9406172018400e-04;        872
2.9408139830200e-04;      -1078
2.9410106434400e-04;      -1078
2.9412074237100e-04;       5808
2.9414040851400e-04;       5808
2.9416008669600e-04;       3858
2.9417975270300e-04;       3858
2.9419615220200e-04;       1908
2.9421581827300e-04;       1908
2.9423549635300e-04;        -42
2.9425516239800e-04;        -42
2.9427484048800e-04;       5684
2.9429450660200e-04;       5684
2.9431418475500e-04;       3734
2.9433385103600e-04;       3734
2.9435025041700e-04;       1784
2.9436991662000e-04;       1784
2.9438959479600e-04;        994
2.9440926095800e-04;        994
2.9442893889300e-04;       -956
2.9444860515000e-04;       -956
2.9446828343400e-04;       4770
2.9448467079600e-04;       4770
2.9450434898900e-04;       2820
2.9452401518900e-04;       2820
2.9454369336000e-04;        870
2.9456335954000e-04;        870
2.9458303769300e-04;       6596
2.9460270372500e-04;       6596
2.9462238187200e-04;       5806
2.9463876933900e-04;       5806
2.9465844757800e-04;       3856
2.9467811368100e-04;       3856
2.9469779184000e-04;       1906
2.9471745789400e-04;       1906
2.9473713587200e-04;        -44
2.9475680230300e-04;        -44
2.9477320157900e-04;       5682
2.9479286781100e-04;       5682
2.9481254597400e-04;       3732
2.9483221216900e-04;       3732
2.9485189026800e-04;       1782
2.9487155625100e-04;       1782
2.9489123446700e-04;        992
2.9490762180300e-04;        992
2.9492730008200e-04;       -958
2.9494696620800e-04;       -958
2.9496664441300e-04;       4768
2.9498631032900e-04;       4768
2.9500598844500e-04;       2818
2.9502565470100e-04;       2818
2.9504533287300e-04;        868
2.9506172035000e-04;        868
2.9508139850500e-04;       6594
2.9510106472200e-04;       6594
2.9512074281700e-04;       5804
2.9514040886200e-04;       5804
2.9516008714700e-04;       3854
2.9517975324900e-04;       3854
2.9519615269100e-04;       1904
2.9521581875000e-04;       1904
2.9523549677600e-04;        -46
2.9525516299200e-04;        -46
2.9527484114200e-04;       5680
2.9529450737600e-04;       5680
2.9531418550100e-04;       3730
2.9533385158100e-04;       3730
2.9535025102900e-04;       1780
2.9536991710800e-04;       1780
2.9538959529600e-04;       8666
2.9540926147200e-04;       8666
2.9542893956700e-04;       -960
2.9544860576100e-04;       -960
2.9546828377500e-04;       4766
2.9548467113200e-04;       4766
2.9550434928000e-04;       2816
2.9552401535500e-04;       2816
2.9554369346700e-04;        866
2.9556335956200e-04;        866
2.9558303779700e-04;       6592
2.9560270386000e-04;       6592
2.9562238204400e-04;       5802
2.9563876943900e-04;       5802
2.9565844770500e-04;       3852
2.9567811372000e-04;       3852
2.9569779169500e-04;       1902
2.9571745772700e-04;       1902
2.9573713589000e-04;        -48
2.9575680220400e-04;        -48
2.9577320165300e-04;       5678
2.9579286793600e-04;       5678
2.9581254613700e-04;       3728
2.9583221210000e-04;       3728
2.9585189019200e-04;       1778
2.9587155640600e-04;       1778
2.9589123454400e-04;        988
2.9590762184500e-04;        988
2.9592729997300e-04;       -962
2.9594696599600e-04;       -962
2.9596664412000e-04;       4764
2.9598631018200e-04;       4764
2.9600598826600e-04;       2814
2.9602565440600e-04;       2814
2.9604533251700e-04;        864
2.9606171994400e-04;        864
2.9608139818000e-04;      -1086
2.9610106430200e-04;      -1086
2.9612074229000e-04;       5800
2.9614040855300e-04;       5800
2.9616008662800e-04;       3850
2.9617975291900e-04;       3850
2.9619615237600e-04;       1900
2.9621581846400e-04;       1900
2.9623549652200e-04;        -50
2.9625516264200e-04;        -50
2.9627484082500e-04;      -2000
2.9629450700100e-04;      -2000
2.9631418505900e-04;       3726
2.9633385129100e-04;       3726
2.9635025072600e-04;       1776
2.9636991697300e-04;       1776
2.9638959523200e-04;       8662
2.9640926145800e-04;       8662
2.9642893964000e-04;       -964
2.9644860576700e-04;       -964
2.9646828397600e-04;       4762
2.9648467158200e-04;       4762
2.9650434982700e-04;       2812
2.9652401592500e-04;       2812
2.9654369409800e-04;        862
2.9656336016500e-04;        862
2.9658303830400e-04;      -1088
2.9660270439100e-04;      -1088
2.9662238230800e-04;       5798
2.9663876984700e-04;       5798
2.9665844781800e-04;       3848
2.9667811405000e-04;       3848
2.9669779222600e-04;       1898
2.9671745828400e-04;       1898
2.9673713648200e-04;        -52
2.9675680266700e-04;        -52
2.9677320202500e-04;       5674
2.9679286816100e-04;       5674
2.9681254636400e-04;       3724
2.9683221243900e-04;       3724
2.9685189062900e-04;       1774
2.9687155672000e-04;       1774
2.9689123479600e-04;        984
2.9690762223300e-04;        984
2.9692730037500e-04;       -966
2.9694696673600e-04;       -966
2.9696664470800e-04;       4760
2.9698631072100e-04;       4760
2.9700598886600e-04;       2810
2.9702565489400e-04;       2810
2.9704533307700e-04;        860
2.9706172039600e-04;        860
2.9708139863200e-04;      -1090
2.9710106474000e-04;      -1090
2.9712074286500e-04;       5796
2.9714040894600e-04;       5796
2.9716008701100e-04;       3846
2.9717975326500e-04;       3846
2.9719615263000e-04;       1896
2.9721581870900e-04;       1896
2.9723549698900e-04;        -54
2.9725516303000e-04;        -54
2.9727484127000e-04;       5672
2.9729450728400e-04;       5672
2.9731418538600e-04;       3722
2.9733385134400e-04;       3722
2.9735025077000e-04;       1772
2.9736991702100e-04;       1772
2.9738959506000e-04;       8658
2.9740926128500e-04;       8658
2.9742893938500e-04;       6708
2.9744860540700e-04;       6708
2.9746828347900e-04;       4758
2.9748467092100e-04;       4758
2.9750434899000e-04;       2808
2.9752401499900e-04;       2808
2.9754369317800e-04;        858
2.9756335934400e-04;        858
2.9758303740500e-04;      -1092
2.9760270337400e-04;      -1092
2.9762238152500e-04;       5794
2.9763876893000e-04;       5794
2.9765844727000e-04;       3844
2.9767811326000e-04;       3844
2.9769779149000e-04;       1894
2.9771745762600e-04;       1894
2.9773713591200e-04;        -56
2.9775680193300e-04;        -56
2.9777320132500e-04;       5670
2.9779286748700e-04;       5670
2.9781254546500e-04;       3720
2.9783221165600e-04;       3720
2.9785188973900e-04;       1770
2.9787155587700e-04;       1770
2.9789123398000e-04;        980
2.9790762134800e-04;        980
2.9792729940100e-04;       -970
2.9794696545200e-04;       -970
2.9796664379300e-04;       4756
2.9798630979100e-04;       4756
2.9800598782900e-04;       2806
2.9802565395100e-04;       2806
2.9804533221600e-04;        856
2.9806171967600e-04;        856
2.9808139769700e-04;      -1094
2.9810106381700e-04;      -1094
2.9812074210300e-04;       5792
2.9814040832600e-04;       5792
2.9816008661300e-04;       3842
2.9817975269600e-04;       3842
2.9819615205400e-04;       1892
2.9821581829000e-04;       1892
2.9823549639800e-04;        -58
2.9825516246700e-04;        -58
2.9827484055100e-04;       5668
2.9829450672200e-04;       5668
2.9831418501600e-04;       3718
2.9833385117100e-04;       3718
2.9835025066900e-04;       1768
2.9836991671800e-04;       1768
2.9838959488900e-04;       8654
2.9840926095900e-04;       8654
2.9842893922200e-04;       6704
2.9844860535000e-04;       6704
2.9846828346800e-04;       4754
2.9848467078200e-04;       4754
2.9850434891400e-04;       2804
2.9852401495000e-04;       2804
2.9854369278900e-04;        854
2.9856335902400e-04;        854
2.9858303695200e-04;      -1096
2.9860270307400e-04;      -1096
2.9862238117500e-04;       5790
2.9863876872000e-04;       5790
2.9865844686200e-04;       3840
2.9867811309700e-04;       3840
2.9869779126400e-04;       1890
2.9871745731200e-04;       1890
2.9873713531500e-04;        -60
2.9875680153400e-04;        -60
2.9877320101500e-04;       5666
2.9879286699400e-04;       5666
2.9881254505400e-04;       3716
2.9883221110600e-04;       3716
2.9885188926700e-04;       1766
2.9887155544600e-04;       1766
2.9889123361100e-04;        976
2.9890762118900e-04;        976
2.9892729932300e-04;       6702
2.9894696552100e-04;       6702
2.9896664357600e-04;       4752
2.9898630967100e-04;       4752
2.9900598775800e-04;       2802
2.9902565382900e-04;       2802
2.9904533189500e-04;        852
2.9906171921700e-04;        852
2.9908139732800e-04;      -1098
2.9910106362800e-04;      -1098
2.9912074164000e-04;       5788
2.9914040779000e-04;       5788
2.9916008604400e-04;       3838
2.9917975209800e-04;       3838
2.9919615166700e-04;       1888
2.9921581773700e-04;       1888
2.9923549592400e-04;        -62
2.9925516199400e-04;        -62
2.9927484008800e-04;       5664
2.9929450632600e-04;       5664
2.9931418438800e-04;       3714
2.9933385050300e-04;       3714
2.9935024995100e-04;       1764
2.9936991610200e-04;       1764
2.9938959409500e-04;        974
2.9940926040800e-04;        974
2.9942893853500e-04;       6700
2.9944860471800e-04;       6700
2.9946828277900e-04;       4750
2.9948467033300e-04;       4750
2.9950434847400e-04;       2800
2.9952401479700e-04;       2800
2.9954369294600e-04;        850
2.9956335903400e-04;        850
2.9958303701200e-04;      -1100
2.9960270312600e-04;      -1100
2.9962238134200e-04;       5786
2.9963876884800e-04;       5786
2.9965844699000e-04;       3836
2.9967811310100e-04;       3836
2.9969779129200e-04;       1886
2.9971745723400e-04;       1886
2.9973713537900e-04;        -64
2.9975680150000e-04;        -64
2.9977320096500e-04;      -2014
2.9979286712100e-04;      -2014
2.9981254527500e-04;       3712
2.9983221150300e-04;       3712
2.9985188967700e-04;       1762
2.9987155587500e-04;       1762
2.9989123390800e-04;        972
2.9990762136200e-04;        972
2.9992729932400e-04;       -978
2.9994696573500e-04;       -978
2.9996664376300e-04;       4748
2.9998630981800e-04;       4748
3.0000598789700e-04;       2798
3.0002565402900e-04;       2798
3.0004533214000e-04;        848
3.0006171966500e-04;        848
3.0008139784300e-04;      -1102
3.0010106402400e-04;      -1102
3.0012074229500e-04;       5784
3.0014040839900e-04;       5784
3.0016008659100e-04;       3834
3.0017975251600e-04;       3834
3.0019615193900e-04;       1884
3.0021581797300e-04;       1884
3.0023549622300e-04;        -66
3.0025516235600e-04;        -66
3.0027484054500e-04;       5660
3.0029450660200e-04;       5660
3.0031418473400e-04;       3710
3.0033385078500e-04;       3710
3.0035025024700e-04;       1760
3.0036991644800e-04;       1760
3.0038959457400e-04;       8646
3.0040926074000e-04;       8646
3.0042893899500e-04;       -980
3.0044860508500e-04;       -980
3.0046828309100e-04;       4746
3.0048467055000e-04;       4746
3.0050434872900e-04;       2796
3.0052401478000e-04;       2796
3.0054369290100e-04;        846
3.0056335905800e-04;        846
3.0058303718700e-04;      -1104
3.0060270332800e-04;      -1104
3.0062238143200e-04;       5782
3.0063876886800e-04;       5782
3.0065844695300e-04;       3832
3.0067811306000e-04;       3832
3.0069779118000e-04;       1882
3.0071745726200e-04;       1882
3.0073713548500e-04;        -68
3.0075680165000e-04;        -68
3.0077320082700e-04;      -2018
3.0079286695400e-04;      -2018
3.0081254516300e-04;       3708
3.0083221129100e-04;       3708
3.0085188943400e-04;       1758
3.0087155552000e-04;       1758
3.0089123357400e-04;        968
3.0090762097300e-04;        968
3.0092729899900e-04;       -982
3.0094696511900e-04;       -982
3.0096664330500e-04;       4744
3.0098630928400e-04;       4744
3.0100598745800e-04;       2794
3.0102565355600e-04;       2794
3.0104533176000e-04;        844
3.0106171924700e-04;        844
3.0108139750300e-04;      -1106
3.0110106346500e-04;      -1106
3.0112074162800e-04;       5780
3.0114040774700e-04;       5780
3.0116008581400e-04;       3830
3.0117975205200e-04;       3830
3.0119615160900e-04;       1880
3.0121581767500e-04;       1880
3.0123549583000e-04;        -70
3.0125516176000e-04;        -70
3.0127483994900e-04;       5656
3.0129450607600e-04;       5656
3.0131418442200e-04;       3706
3.0133385046900e-04;       3706
3.0135024994900e-04;       1756
3.0136991602300e-04;       1756
3.0138959427700e-04;        966
3.0140926052100e-04;        966
3.0142893866000e-04;       -984
3.0144860496200e-04;       -984
3.0146828310700e-04;       4742
3.0148467045700e-04;       4742
3.0150434875700e-04;       2792
3.0152401502100e-04;       2792
3.0154369301500e-04;        842
3.0156335912200e-04;        842
3.0158303728600e-04;      -1108
3.0160270334000e-04;      -1108
3.0162238148600e-04;       5778
3.0163876896200e-04;       5778
3.0165844720100e-04;       3828
3.0167811318900e-04;       3828
3.0169779137800e-04;       1878
3.0171745747300e-04;       1878
3.0173713569500e-04;       7604
3.0175680186000e-04;       7604
3.0177320140100e-04;       5654
3.0179286752400e-04;       5654
3.0181254559700e-04;       3704
3.0183221191600e-04;       3704
3.0185189023700e-04;       1754
3.0187155630200e-04;       1754
3.0189123440000e-04;        964
3.0190762184100e-04;        964
3.0192729993700e-04;       -986
3.0194696610200e-04;       -986
3.0196664433100e-04;       4740
3.0198631037400e-04;       4740
3.0200598850700e-04;       2790
3.0202565462600e-04;       2790
3.0204533273500e-04;        840
3.0206172013300e-04;        840
3.0208139818100e-04;      -1110
3.0210106428300e-04;      -1110
3.0212074243200e-04;       5776
3.0214040847600e-04;       5776
3.0216008653300e-04;       3826
3.0217975281400e-04;       3826
3.0219615218000e-04;       1876
3.0221581826600e-04;       1876
3.0223549645100e-04;        -74
3.0225516252300e-04;        -74
3.0227484079800e-04;       5652
3.0229450681000e-04;       5652
3.0231418509200e-04;       3702
3.0233385121000e-04;       3702
3.0235025064900e-04;       1752
3.0236991677000e-04;       1752
3.0238959502400e-04;        962
3.0240926121400e-04;        962
3.0242893924100e-04;       -988
3.0244860530300e-04;       -988
3.0246828349800e-04;       4738
3.0248467092200e-04;       4738
3.0250434907800e-04;       2788
3.0252401514900e-04;       2788
3.0254369326200e-04;        838
3.0256335951100e-04;        838
3.0258303765100e-04;      -1112
3.0260270370200e-04;      -1112
3.0262238183100e-04;       5774
3.0263876922800e-04;       5774
3.0265844745900e-04;       3824
3.0267811351900e-04;       3824
3.0269779166000e-04;       1874
3.0271745782700e-04;       1874
3.0273713598700e-04;        -76
3.0275680221200e-04;        -76
3.0277320175200e-04;      -2026
3.0279286782000e-04;      -2026
3.0281254604300e-04;       3700
3.0283221210000e-04;       3700
3.0285189027800e-04;       1750
3.0287155640200e-04;       1750
3.0289123456000e-04;       8636
3.0290762205000e-04;       8636
3.0292730021500e-04;       6686
3.0294696636300e-04;       6686
3.0296664452100e-04;       4736
3.0298631049700e-04;       4736
3.0300598880200e-04;       2786
3.0302565482000e-04;       2786
3.0304533299700e-04;        836
3.0306172031800e-04;        836
3.0308139837800e-04;      -1114
3.0310106431200e-04;      -1114
3.0312074241800e-04;       5772
3.0314040845100e-04;       5772
3.0316008644200e-04;       3822
3.0317975249400e-04;       3822
3.0319615182600e-04;       1872
3.0321581806200e-04;       1872
3.0323549624700e-04;        -78
3.0325516242100e-04;        -78
3.0327484047100e-04;       5648
3.0329450671300e-04;       5648
3.0331418485100e-04;       3698
3.0333385110400e-04;       3698
3.0335025056700e-04;       1748
3.0336991673400e-04;       1748
3.0338959498300e-04;        958
3.0340926117300e-04;        958
3.0342893937100e-04;       -992
3.0344860533800e-04;       -992
3.0346828341000e-04;       4734
3.0348467091600e-04;       4734
3.0350434886500e-04;       2784
3.0352401500300e-04;       2784
3.0354369298000e-04;        834
3.0356335921700e-04;        834
3.0358303735200e-04;       6560
3.0360270364000e-04;       6560
3.0362238193800e-04;       5770
3.0363876935400e-04;       5770
3.0365844754500e-04;       3820
3.0367811366000e-04;       3820
3.0369779176600e-04;       1870
3.0371745784600e-04;       1870
3.0373713605400e-04;        -80
3.0375680223900e-04;        -80
3.0377320179700e-04;       5646
3.0379286776200e-04;       5646
3.0381254604200e-04;       3696
3.0383221221200e-04;       3696
3.0385189030200e-04;       1746
3.0387155616600e-04;       1746
3.0389123432300e-04;       8632
3.0390762163800e-04;       8632
3.0392729972300e-04;       -994
3.0394696597000e-04;       -994
3.0396664395600e-04;       4732
3.0398630992800e-04;       4732
3.0400598809000e-04;       2782
3.0402565433200e-04;       2782
3.0404533253500e-04;        832
3.0406172000900e-04;        832
3.0408139792900e-04;      -1118
3.0410106419700e-04;      -1118
3.0412074223700e-04;       5768
3.0414040826800e-04;       5768
3.0416008648500e-04;       3818
3.0417975246700e-04;       3818
3.0419615189600e-04;       1868
3.0421581794100e-04;       1868
3.0423549611000e-04;        -82
3.0425516221200e-04;        -82
3.0427484030200e-04;       5644
3.0429450659100e-04;       5644
3.0431418464600e-04;       3694
3.0433385100400e-04;       3694
3.0435025038800e-04;       1744
3.0436991648100e-04;       1744
3.0438959448700e-04;        954
3.0440926031000e-04;        954
3.0442893854300e-04;       -996
3.0444860466400e-04;       -996
3.0446828302600e-04;       4730
3.0448467045600e-04;       4730
3.0450434867800e-04;       2780
3.0452401465900e-04;       2780
3.0454369278000e-04;        830
3.0456335898300e-04;        830
3.0458303712900e-04;       6556
3.0460270317500e-04;       6556
3.0462238139000e-04;       5766
3.0463876867100e-04;       5766
3.0465844680000e-04;       3816
3.0467811302300e-04;       3816
3.0469779104800e-04;       1866
3.0471745712500e-04;       1866
3.0473713516100e-04;        -84
3.0475680132500e-04;        -84
3.0477320070300e-04;      -2034
3.0479286688300e-04;      -2034
3.0481254515200e-04;       3692
3.0483221121800e-04;       3692
3.0485188935500e-04;       1742
3.0487155538800e-04;       1742
3.0489123355800e-04;       8628
3.0490762110500e-04;       8628
3.0492729926700e-04;       -998
3.0494696548400e-04;       -998
3.0496664357600e-04;       4728
3.0498630956600e-04;       4728
3.0500598767200e-04;       2778
3.0502565375400e-04;       2778
3.0504533193900e-04;        828
3.0506171946600e-04;        828
3.0508139757800e-04;      -1122
3.0510106363300e-04;      -1122
3.0512074165100e-04;       5764
3.0514040782500e-04;       5764
3.0516008586500e-04;       3814
3.0517975203300e-04;       3814
3.0519615150200e-04;       1864
3.0521581747000e-04;       1864
3.0523549564900e-04;        -86
3.0525516173100e-04;        -86
3.0527483985400e-04;       5640
3.0529450618600e-04;       5640
3.0531418410700e-04;       3690
3.0533385031700e-04;       3690
3.0535024987900e-04;       1740
3.0536991587900e-04;       1740
3.0538959408700e-04;        950
3.0540926011700e-04;        950
3.0542893825600e-04;      -1000
3.0544860439900e-04;      -1000
3.0546828244000e-04;       4726
3.0548466989900e-04;       4726
3.0550434806800e-04;       2776
3.0552401415200e-04;       2776
3.0554369224200e-04;        826
3.0556335839800e-04;        826
3.0558303650800e-04;      -1124
3.0560270264000e-04;      -1124
3.0562238071800e-04;       5762
3.0563876819200e-04;       5762
3.0565844627500e-04;       3812
3.0567811236800e-04;       3812
3.0569779054400e-04;       1862
3.0571745658300e-04;       1862
3.0573713476100e-04;       7588
3.0575680091600e-04;       7588
3.0577320024600e-04;       5638
3.0579286633100e-04;       5638
3.0581254454100e-04;       3688
3.0583221063500e-04;       3688
3.0585188873200e-04;      -5938
3.0587155487400e-04;      -5938
3.0589123308100e-04;        948
3.0590762044200e-04;        948
3.0592729855900e-04;      -1002
3.0594696463200e-04;      -1002
3.0596664282900e-04;       4724
3.0598630900900e-04;       4724
3.0600598708600e-04;       2774
3.0602565317400e-04;       2774
3.0604533124000e-04;        824
3.0606171888200e-04;        824
3.0608139707300e-04;      -1126
3.0610106327600e-04;      -1126
3.0612074141100e-04;       5760
3.0614040766600e-04;       5760
3.0616008587000e-04;       3810
3.0617975190400e-04;       3810
3.0619615138400e-04;       1860
3.0621581740600e-04;       1860
3.0623549558600e-04;       7586
3.0625516177300e-04;       7586
3.0627483995800e-04;       5636
3.0629450611200e-04;       5636
3.0631418427700e-04;       3686
3.0633385028500e-04;       3686
3.0635024955000e-04;       1736
3.0636991570600e-04;       1736
3.0638959391200e-04;        946
3.0640926006000e-04;        946
3.0642893805100e-04;      -1004
3.0644860419200e-04;      -1004
3.0646828224100e-04;       4722
3.0648466973100e-04;       4722
3.0650434781600e-04;       2772
3.0652401389600e-04;       2772
3.0654369218600e-04;        822
3.0656335828800e-04;        822
3.0658303635000e-04;      -1128
3.0660270253600e-04;      -1128
3.0662238057900e-04;       5758
3.0663876799200e-04;       5758
3.0665844599700e-04;       3808
3.0667811228900e-04;       3808
3.0669779039700e-04;       1858
3.0671745630500e-04;       1858
3.0673713450200e-04;        -92
3.0675680060000e-04;        -92
3.0677320018700e-04;      -2042
3.0679286640200e-04;      -2042
3.0681254451600e-04;       3684
3.0683221069700e-04;       3684
3.0685188875700e-04;       1734
3.0687155488600e-04;       1734
3.0689123303900e-04;        944
3.0690762047000e-04;        944
3.0692729871500e-04;      -1006
3.0694696479500e-04;      -1006
3.0696664309000e-04;       4720
3.0698630916500e-04;       4720
3.0700598742000e-04;       2770
3.0702565355600e-04;       2770
3.0704533171300e-04;        820
3.0706171897500e-04;        820
3.0708139722900e-04;      -1130
3.0710106322700e-04;      -1130
3.0712074131200e-04;       5756
3.0714040738700e-04;       5756
3.0716008558400e-04;       3806
3.0717975159800e-04;       3806
3.0719615107200e-04;       1856
3.0721581713700e-04;       1856
3.0723549530800e-04;        -94
3.0725516143400e-04;        -94
3.0727483959400e-04;       5632
3.0729450557300e-04;       5632
3.0731418378800e-04;       3682
3.0733384989800e-04;       3682
3.0735024939100e-04;       1732
3.0736991556600e-04;       1732
3.0738959375200e-04;       8618
3.0740925986100e-04;       8618
3.0742893805600e-04;      -1008
3.0744860409600e-04;      -1008
3.0746828232800e-04;       4718
3.0748466988500e-04;       4718
3.0750434800000e-04;       2768
3.0752401412500e-04;       2768
3.0754369237500e-04;        818
3.0756335856300e-04;        818
3.0758303669300e-04;      -1132
3.0760270273800e-04;      -1132
3.0762238098100e-04;       5754
3.0763876825000e-04;       5754
3.0765844644700e-04;       3804
3.0767811268400e-04;       3804
3.0769779091900e-04;       1854
3.0771745705100e-04;       1854
3.0773713533900e-04;        -96
3.0775680140300e-04;        -96
3.0777320092600e-04;      -2046
3.0779286697200e-04;      -2046
3.0781254524100e-04;       3680
3.0783221120800e-04;       3680
3.0785188938100e-04;       1730
3.0787155541700e-04;       1730
3.0789123350100e-04;        940
3.0790762095000e-04;        940
3.0792729909000e-04;      -1010
3.0794696533400e-04;      -1010
3.0796664340500e-04;       4716
3.0798630952900e-04;       4716
3.0800598778700e-04;       2766
3.0802565381600e-04;       2766
3.0804533211200e-04;        816
3.0806171948600e-04;        816
3.0808139771300e-04;      -1134
3.0810106393400e-04;      -1134
3.0812074192000e-04;       5752
3.0814040811300e-04;       5752
3.0816008635200e-04;       3802
3.0817975244800e-04;       3802
3.0819615193300e-04;       1852
3.0821581807100e-04;       1852
3.0823549604300e-04;        -98
3.0825516214200e-04;        -98
3.0827484034600e-04;       5628
3.0829450658800e-04;       5628
3.0831418485100e-04;       3678
3.0833385083800e-04;       3678
3.0835025029600e-04;       1728
3.0836991645200e-04;       1728
3.0838959482400e-04;        938
3.0840926081300e-04;        938
3.0842893902100e-04;      -1012
3.0844860516700e-04;      -1012
3.0846828338100e-04;       4714
3.0848467073300e-04;       4714
3.0850434886200e-04;       2764
3.0852401500400e-04;       2764
3.0854369295800e-04;        814
3.0856335920500e-04;        814
3.0858303740300e-04;      -1136
3.0860270364700e-04;      -1136
3.0862238170800e-04;       5750
3.0863876919000e-04;       5750
3.0865844725000e-04;       3800
3.0867811333000e-04;       3800
3.0869779151700e-04;       1850
3.0871745756800e-04;       1850
3.0873713580600e-04;       -100
3.0875680202700e-04;       -100
3.0877320149000e-04;       5626
3.0879286755800e-04;       5626
3.0881254571200e-04;       3676
3.0883221166600e-04;       3676
3.0885188983800e-04;       1726
3.0887155596900e-04;       1726
3.0889123407100e-04;        936
3.0890762155800e-04;        936
3.0892729973500e-04;      -1014
3.0894696592200e-04;      -1014
3.0896664396400e-04;       4712
3.0898630998300e-04;       4712
3.0900598801300e-04;       2762
3.0902565412300e-04;       2762
3.0904533221600e-04;        812
3.0906171961500e-04;        812
3.0908139778800e-04;      -1138
3.0910106394700e-04;      -1138
3.0912074216200e-04;       5748
3.0914040831900e-04;       5748
3.0916008646000e-04;       3798
3.0917975266200e-04;       3798
3.0919615218200e-04;       1848
3.0921581824800e-04;       1848
3.0923549629400e-04;       -102
3.0925516243300e-04;       -102
3.0927484046800e-04;      -2052
3.0929450664300e-04;      -2052
3.0931418483600e-04;       3674
3.0933385098800e-04;       3674
3.0935025031600e-04;       1724
3.0936991658300e-04;       1724
3.0938959466800e-04;        934
3.0940926090200e-04;        934
3.0942893903500e-04;       6660
3.0944860507300e-04;       6660
3.0946828323800e-04;       4710
3.0948467055000e-04;       4710
3.0950434864400e-04;       2760
3.0952401485500e-04;       2760
3.0954369324600e-04;        810
3.0956335928400e-04;        810
3.0958303742100e-04;      -1140
3.0960270355200e-04;      -1140
3.0962238146900e-04;       5746
3.0963876873200e-04;       5746
3.0965844691900e-04;       3796
3.0967811293000e-04;       3796
3.0969779098700e-04;       1846
3.0971745710300e-04;       1846
3.0973713535500e-04;       -104
3.0975680155200e-04;       -104
3.0977320092900e-04;      -2054
3.0979286709400e-04;      -2054
3.0981254527900e-04;       3672
3.0983221129300e-04;       3672
3.0985188946200e-04;       1722
3.0987155568600e-04;       1722
3.0989123374300e-04;        932
3.0990762096600e-04;        932
3.0992729909200e-04;      -1018
3.0994696530400e-04;      -1018
3.0996664345300e-04;       4708
3.0998630941900e-04;       4708
3.1000598769400e-04;       2758
3.1002565382300e-04;       2758
3.1004533213700e-04;        808
3.1006171937500e-04;        808
3.1008139758200e-04;      -1142
3.1010106367600e-04;      -1142
3.1012074187700e-04;       5744
3.1014040784500e-04;       5744
3.1016008604300e-04;       3794
3.1017975213500e-04;       3794
3.1019615151400e-04;       1844
3.1021581756900e-04;       1844
3.1023549582000e-04;       -106
3.1025516188100e-04;       -106
3.1027483997400e-04;      -2056
3.1029450613800e-04;      -2056
3.1031418409400e-04;       3670
3.1033385034600e-04;       3670
3.1035024974800e-04;       1720
3.1036991600300e-04;       1720
3.1038959402400e-04;        930
3.1040926027400e-04;        930
3.1042893836900e-04;      -1020
3.1044860450100e-04;      -1020
3.1046828263700e-04;       4706
3.1048467000700e-04;       4706
3.1050434822800e-04;       2756
3.1052401432300e-04;       2756
3.1054369240700e-04;        806
3.1056335868100e-04;        806
3.1058303677600e-04;       6532
3.1060270281200e-04;       6532
3.1062238089900e-04;       5742
3.1063876836600e-04;       5742
3.1065844650500e-04;       3792
3.1067811260500e-04;       3792
3.1069779077100e-04;       1842
3.1071745694500e-04;       1842
3.1073713500500e-04;       -108
3.1075680116600e-04;       -108
3.1077320047300e-04;       5618
3.1079286681200e-04;       5618
3.1081254487500e-04;       3668
3.1083221102900e-04;       3668
3.1085188917100e-04;       1718
3.1087155534000e-04;       1718
3.1089123335100e-04;        928
3.1090762082100e-04;        928
3.1092729895900e-04;       6654
3.1094696501900e-04;       6654
3.1096664322100e-04;       4704
3.1098630926300e-04;       4704
3.1100598743000e-04;       2754
3.1102565363600e-04;       2754
3.1104533168700e-04;        804
3.1106171918300e-04;        804
3.1108139737200e-04;      -1146
3.1110106346800e-04;      -1146
3.1112074167800e-04;       5740
3.1114040772800e-04;       5740
3.1116008581100e-04;       3790
3.1117975202900e-04;       3790
3.1119615142800e-04;       1840
3.1121581760100e-04;       1840
3.1123549571100e-04;       -110
3.1125516177100e-04;       -110
3.1127483988700e-04;       5616
3.1129450619200e-04;       5616
3.1131418425700e-04;       3666
3.1133385040400e-04;       3666
3.1135024969000e-04;      -5960
3.1136991595200e-04;      -5960
3.1138959407700e-04;        926
3.1140926018300e-04;        926
3.1142893831700e-04;      -1024
3.1144860436900e-04;      -1024
3.1146828250700e-04;       4702
3.1148467007200e-04;       4702
3.1150434826200e-04;       2752
3.1152401449200e-04;       2752
3.1154369253800e-04;        802
3.1156335865300e-04;        802
3.1158303690800e-04;       6528
3.1160270302400e-04;       6528
3.1162238095800e-04;       5738
3.1163876847400e-04;       5738
3.1165844649100e-04;       3788
3.1167811272900e-04;       3788
3.1169779077900e-04;       1838
3.1171745690000e-04;       1838
3.1173713509700e-04;       -112
3.1175680122900e-04;       -112
3.1177320060400e-04;       5614
3.1179286664300e-04;       5614
3.1181254481500e-04;       3664
3.1183221091200e-04;       3664
3.1185188905000e-04;       1714
3.1187155525200e-04;       1714
3.1189123339700e-04;        924
3.1190762075000e-04;        924
3.1192729884400e-04;      -1026
3.1194696488000e-04;      -1026
3.1196664308400e-04;       4700
3.1198630924300e-04;       4700
3.1200598740800e-04;       2750
3.1202565346600e-04;       2750
3.1204533170100e-04;        800
3.1206171909600e-04;        800
3.1208139726700e-04;       6526
3.1210106331100e-04;       6526
3.1212074134900e-04;       5736
3.1214040739900e-04;       5736
3.1216008549900e-04;       3786
3.1217975165700e-04;       3786
3.1219615103500e-04;       1836
3.1221581738500e-04;       1836
3.1223549546200e-04;       7562
3.1225516145600e-04;       7562
3.1227483965500e-04;       5612
3.1229450583100e-04;       5612
3.1231418379100e-04;       3662
3.1233384991600e-04;       3662
3.1235024930200e-04;       1712
3.1236991534600e-04;       1712
3.1238959319700e-04;        922
3.1240925920300e-04;        922
3.1242893730800e-04;      -1028
3.1244860345400e-04;      -1028
3.1246828155400e-04;       4698
3.1248466896000e-04;       4698
3.1250434711200e-04;       2748
3.1252401315300e-04;       2748
3.1254369135700e-04;        798
3.1256335731500e-04;        798
3.1258303562600e-04;      -1152
3.1260270183600e-04;      -1152
3.1262237991600e-04;       5734
3.1263876731900e-04;       5734
3.1265844551900e-04;       3784
3.1267811152200e-04;       3784
3.1269778979500e-04;       1834
3.1271745600700e-04;       1834
3.1273713412700e-04;       -116
3.1275680007300e-04;       -116
3.1277319969500e-04;       5610
3.1279286574700e-04;       5610
3.1281254400100e-04;       3660
3.1283220996500e-04;       3660
3.1285188805100e-04;       1710
3.1287155425900e-04;       1710
3.1289123230400e-04;        920
3.1290761975100e-04;        920
3.1292729776600e-04;      -1030
3.1294696375200e-04;      -1030
3.1296664186400e-04;       4696
3.1298630790100e-04;       4696
3.1300598616600e-04;       2746
3.1302565229900e-04;       2746
3.1304533054300e-04;        796
3.1306171791000e-04;        796
3.1308139612900e-04;      -1154
3.1310106228400e-04;      -1154
3.1312074039700e-04;       5732
3.1314040685100e-04;       5732
3.1316008500100e-04;       3782
3.1317975117000e-04;       3782
3.1319615081200e-04;       1832
3.1321581697000e-04;       1832
3.1323549513900e-04;       -118
3.1325516142600e-04;       -118
3.1327483947900e-04;       5608
3.1329450563800e-04;       5608
3.1331418385700e-04;       3658
3.1333384999800e-04;       3658
3.1335024941400e-04;       1708
3.1336991544300e-04;       1708
3.1338959372300e-04;        918
3.1340925990800e-04;        918
3.1342893805500e-04;      -1032
3.1344860429700e-04;      -1032
3.1346828229900e-04;       4694
3.1348466994000e-04;       4694
3.1350434818200e-04;       2744
3.1352401436400e-04;       2744
3.1354369245700e-04;        794
3.1356335866200e-04;        794
3.1358303672200e-04;      -1156
3.1360270299200e-04;      -1156
3.1362238108700e-04;       5730
3.1363876858000e-04;       5730
3.1365844672000e-04;       3780
3.1367811285300e-04;       3780
3.1369779092700e-04;       1830
3.1371745695900e-04;       1830
3.1373713500900e-04;       -120
3.1375680137900e-04;       -120
3.1377320065400e-04;      -2070
3.1379286694300e-04;      -2070
3.1381254516900e-04;       3656
3.1383221145000e-04;       3656
3.1385188940400e-04;       1706
3.1387155555200e-04;       1706
3.1389123366200e-04;        916
3.1390762126700e-04;        916
3.1392729936200e-04;      -1034
3.1394696552000e-04;      -1034
3.1396664367400e-04;       4692
3.1398630980600e-04;       4692
3.1400598808700e-04;       2742
3.1402565418400e-04;       2742
3.1404533244300e-04;        792
3.1406171998000e-04;        792
3.1408139807000e-04;      -1158
3.1410106422700e-04;      -1158
3.1412074234000e-04;       5728
3.1414040858800e-04;       5728
3.1416008676600e-04;       3778
3.1417975280500e-04;       3778
3.1419615229700e-04;       1828
3.1421581859500e-04;       1828
3.1423549666900e-04;       -122
3.1425516274800e-04;       -122
3.1427484101000e-04;       5604
3.1429450704800e-04;       5604
3.1431418520300e-04;       3654
3.1433385139300e-04;       3654
3.1435025081700e-04;       1704
3.1436991697800e-04;       1704
3.1438959516200e-04;        914
3.1440926137600e-04;        914
3.1442893950100e-04;       6640
3.1444860554500e-04;       6640
3.1446828369400e-04;       4690
3.1448467096400e-04;       4690
3.1450434914600e-04;       2740
3.1452401528800e-04;       2740
3.1454369358000e-04;        790
3.1456335964100e-04;        790
3.1458303787700e-04;       6516
3.1460270408300e-04;       6516
3.1462238225800e-04;       5726
3.1463876956200e-04;       5726
3.1465844766700e-04;       3776
3.1467811370500e-04;       3776
3.1469779191500e-04;       1826
3.1471745803600e-04;       1826
3.1473713621400e-04;       -124
3.1475680238300e-04;       -124
3.1477320191400e-04;       5602
3.1479286798200e-04;       5602
3.1481254599400e-04;       3652
3.1483221191800e-04;       3652
3.1485189000600e-04;       1702
3.1487155626100e-04;       1702
3.1489123424900e-04;       8588
3.1490762161200e-04;       8588
3.1492729962100e-04;       6638
3.1494696593200e-04;       6638
3.1496664387500e-04;       4688
3.1498631004900e-04;       4688
3.1500598819600e-04;       2738
3.1502565447100e-04;       2738
3.1504533246200e-04;        788
3.1506171980300e-04;        788
3.1508139776100e-04;      -1162
3.1510106393600e-04;      -1162
3.1512074198500e-04;       5724
3.1514040822100e-04;       5724
3.1516008647100e-04;       3774
3.1517975266400e-04;       3774
3.1519615202700e-04;       1824
3.1521581808900e-04;       1824
3.1523549626700e-04;       7550
3.1525516233400e-04;       7550
3.1527484050300e-04;       5600
3.1529450657700e-04;       5600
3.1531418469200e-04;       3650
3.1533385074200e-04;       3650
3.1535025008400e-04;       1700
3.1536991629700e-04;       1700
3.1538959436900e-04;       8586
3.1540926059000e-04;       8586
3.1542893877700e-04;      -1040
3.1544860477200e-04;      -1040
3.1546828300800e-04;       4686
3.1548467037300e-04;       4686
3.1550434868400e-04;       2736
3.1552401483800e-04;       2736
3.1554369304800e-04;        786
3.1556335921900e-04;        786
3.1558303735100e-04;       6512
3.1560270352700e-04;       6512
3.1562238172700e-04;       5722
3.1563876906400e-04;       5722
3.1565844710100e-04;       3772
3.1567811321800e-04;       3772
3.1569779135300e-04;       1822
3.1571745736100e-04;       1822
3.1573713548700e-04;       -128
3.1575680149900e-04;       -128
3.1577320091500e-04;      -2078
3.1579286696800e-04;      -2078
3.1581254508400e-04;       3648
3.1583221129500e-04;       3648
3.1585188945900e-04;       1698
3.1587155542200e-04;       1698
3.1589123363700e-04;       8584
3.1590762120200e-04;       8584
3.1592729916600e-04;      -1042
3.1594696528200e-04;      -1042
3.1596664357900e-04;       4684
3.1598630955000e-04;       4684
3.1600598779000e-04;       2734
3.1602565382500e-04;       2734
3.1604533190600e-04;        784
3.1606171949400e-04;        784
3.1608139757600e-04;      -1166
3.1610106371200e-04;      -1166
3.1612074192900e-04;       5720
3.1614040798000e-04;       5720
3.1616008618700e-04;       3770
3.1617975228100e-04;       3770
3.1619615174900e-04;       1820
3.1621581799600e-04;       1820
3.1623549607100e-04;       -130
3.1625516229100e-04;       -130
3.1627484040000e-04;       5596
3.1629450656900e-04;       5596
3.1631418480100e-04;       3646
3.1633385101400e-04;       3646
3.1635025052500e-04;       1696
3.1636991672500e-04;       1696
3.1638959485400e-04;       8582
3.1640926103600e-04;       8582
3.1642893914800e-04;      -1044
3.1644860525800e-04;      -1044
3.1646828331300e-04;       4682
3.1648467087900e-04;       4682
3.1650434891900e-04;       2732
3.1652401515100e-04;       2732
3.1654369333400e-04;        782
3.1656335946800e-04;        782
3.1658303770100e-04;       6508
3.1660270389100e-04;       6508
3.1662238193000e-04;       5718
3.1663876933700e-04;       5718
3.1665844744100e-04;       3768
3.1667811368200e-04;       3768
3.1669779181300e-04;       1818
3.1671745786700e-04;       1818
3.1673713603100e-04;       -132
3.1675680213000e-04;       -132
3.1677320157700e-04;       5594
3.1679286780500e-04;       5594
3.1681254594400e-04;       3644
3.1683221201600e-04;       3644
3.1685189009900e-04;       1694
3.1687155629400e-04;       1694
3.1689123455400e-04;        904
3.1690762188300e-04;        904
3.1692729998500e-04;       6630
3.1694696613500e-04;       6630
3.1696664421100e-04;       4680
3.1698631037800e-04;       4680
3.1700598843700e-04;       2730
3.1702565483300e-04;       2730
3.1704533286100e-04;        780
3.1706172038400e-04;        780
3.1708139864600e-04;      -1170
3.1710106470600e-04;      -1170
3.1712074264500e-04;       5716
3.1714040877400e-04;       5716
3.1716008703000e-04;       3766
3.1717975322500e-04;       3766
3.1719615275900e-04;       1816
3.1721581892200e-04;       1816
3.1723549697100e-04;       7542
3.1725516301500e-04;       7542
3.1727484122600e-04;       5592
3.1729450721500e-04;       5592
3.1731418525300e-04;       3642
3.1733385122400e-04;       3642
3.1735025081400e-04;       1692
3.1736991702000e-04;       1692
3.1738959506900e-04;        902
3.1740926116400e-04;        902
3.1742893918500e-04;       6628
3.1744860525900e-04;       6628
3.1746828346800e-04;       4678
3.1748467092300e-04;       4678
3.1750434887900e-04;       2728
3.1752401499000e-04;       2728
3.1754369323000e-04;        778
3.1756335929200e-04;        778
3.1758303753300e-04;      -1172
3.1760270371800e-04;      -1172
3.1762238172100e-04;       5714
3.1763876925900e-04;       5714
3.1765844727800e-04;       3764
3.1767811348900e-04;       3764
3.1769779163700e-04;       1814
3.1771745779800e-04;       1814
3.1773713588200e-04;       7540
3.1775680201000e-04;       7540
3.1777320147700e-04;       5590
3.1779286769400e-04;       5590
3.1781254572700e-04;       3640
3.1783221182900e-04;       3640
3.1785188997100e-04;       1690
3.1787155612100e-04;       1690
3.1789123410700e-04;        900
3.1790762151800e-04;        900
3.1792729967900e-04;      -1050
3.1794696573600e-04;      -1050
3.1796664386000e-04;       4676
3.1798631008900e-04;       4676
3.1800598817600e-04;       2726
3.1802565427600e-04;       2726
3.1804533229900e-04;        776
3.1806171969900e-04;        776
3.1808139789000e-04;       6502
3.1810106395800e-04;       6502
3.1812074217100e-04;       5712
3.1814040834900e-04;       5712
3.1816008652200e-04;       3762
3.1817975269300e-04;       3762
3.1819615205200e-04;       1812
3.1821581827600e-04;       1812
3.1823549641300e-04;       -138
3.1825516254600e-04;       -138
3.1827484065400e-04;       5588
3.1829450685900e-04;       5588
3.1831418484500e-04;       3638
3.1833385099400e-04;       3638
3.1835025051700e-04;       1688
3.1836991656900e-04;       1688
3.1838959450800e-04;        898
3.1840926060900e-04;        898
3.1842893870900e-04;      -1052
3.1844860505700e-04;      -1052
3.1846828326500e-04;       4674
3.1848467049500e-04;       4674
3.1850434874700e-04;       2724
3.1852401498300e-04;       2724
3.1854369308800e-04;        774
3.1856335927100e-04;        774
3.1858303728400e-04;      -1176
3.1860270330900e-04;      -1176
3.1862238133500e-04;       5710
3.1863876886700e-04;       5710
3.1865844699500e-04;       3760
3.1867811304600e-04;       3760
3.1869779105900e-04;       1810
3.1871745736900e-04;       1810
3.1873713557600e-04;       -140
3.1875680165700e-04;       -140
3.1877320103600e-04;       5586
3.1879286706300e-04;       5586
3.1881254520400e-04;       3636
3.1883221139100e-04;       3636
3.1885188962000e-04;       1686
3.1887155594700e-04;       1686
3.1889123409400e-04;        896
3.1890762145100e-04;        896
3.1892729976800e-04;      -1054
3.1894696588700e-04;      -1054
3.1896664401400e-04;       4672
3.1898631026700e-04;       4672
3.1900598833800e-04;       2722
3.1902565461400e-04;       2722
3.1904533278000e-04;        772
3.1906172025300e-04;        772
3.1908139833700e-04;      -1178
3.1910106448800e-04;      -1178
3.1912074257000e-04;       5708
3.1914040875800e-04;       5708
3.1916008697500e-04;       3758
3.1917975303600e-04;       3758
3.1919615249800e-04;       1808
3.1921581857800e-04;       1808
3.1923549674500e-04;       -142
3.1925516289700e-04;       -142
3.1927484107500e-04;       5584
3.1929450725700e-04;       5584
3.1931418535100e-04;       3634
3.1933385142800e-04;       3634
3.1935025075900e-04;       1684
3.1936991699000e-04;       1684
3.1938959497900e-04;       8570
3.1940926115900e-04;       8570
3.1942893935400e-04;      -1056
3.1944860544000e-04;      -1056
3.1946828354500e-04;       4670
3.1948467097600e-04;       4670
3.1950434905000e-04;       2720
3.1952401515800e-04;       2720
3.1954369328700e-04;        770
3.1956335944600e-04;        770
3.1958303739600e-04;      -1180
3.1960270338700e-04;      -1180
3.1962238165200e-04;       5706
3.1963876899500e-04;       5706
3.1965844714600e-04;       3756
3.1967811324800e-04;       3756
3.1969779159000e-04;       1806
3.1971745770500e-04;       1806
3.1973713587500e-04;       -144
3.1975680211800e-04;       -144
3.1977320153200e-04;       5582
3.1979286759600e-04;       5582
3.1981254578300e-04;       3632
3.1983221200900e-04;       3632
3.1985189013700e-04;       1682
3.1987155625900e-04;       1682
3.1989123433100e-04;       8568
3.1990762168600e-04;       8568
3.1992729972000e-04;       6618
3.1994696573900e-04;       6618
3.1996664385400e-04;       4668
3.1998630984300e-04;       4668
3.2000598800500e-04;       2718
3.2002565398700e-04;       2718
3.2004533202500e-04;        768
3.2006171941100e-04;        768
3.2008139764600e-04;      -1182
3.2010106355400e-04;      -1182
3.2012074179100e-04;       5704
3.2014040787600e-04;       5704
3.2016008607900e-04;       3754
3.2017975207100e-04;       3754
3.2019615149800e-04;       1804
3.2021581775700e-04;       1804
3.2023549579700e-04;       -146
3.2025516173000e-04;       -146
3.2027483983900e-04;      -2096
3.2029450590100e-04;      -2096
3.2031418416500e-04;       3630
3.2033385023500e-04;       3630
3.2035024975100e-04;      -5996
3.2036991588900e-04;      -5996
3.2038959407100e-04;        890
3.2040926025900e-04;        890
3.2042893841100e-04;      -1060
3.2044860466800e-04;      -1060
3.2046828285900e-04;       4666
3.2048467028400e-04;       4666
3.2050434839300e-04;       2716
3.2052401454800e-04;       2716
3.2054369262100e-04;        766
3.2056335884800e-04;        766
3.2058303687200e-04;      -1184
3.2060270292600e-04;      -1184
3.2062238119000e-04;       5702
3.2063876851900e-04;       5702
3.2065844671500e-04;       3752
3.2067811289600e-04;       3752
3.2069779105500e-04;       1802
3.2071745723400e-04;       1802
3.2073713531300e-04;       -148
3.2075680161100e-04;       -148
3.2077320110500e-04;       5578
3.2079286730200e-04;       5578
3.2081254547400e-04;       3628
3.2083221153000e-04;       3628
3.2085188943000e-04;       1678
3.2087155565700e-04;       1678
3.2089123383900e-04;        888
3.2090762129300e-04;        888
3.2092729944300e-04;      -1062
3.2094696553000e-04;      -1062
3.2096664363000e-04;       4664
3.2098630964600e-04;       4664
3.2100598786400e-04;       2714
3.2102565396500e-04;       2714
3.2104533205500e-04;        764
3.2106171934400e-04;        764
3.2108139759300e-04;      -1186
3.2110106362900e-04;      -1186
3.2112074177500e-04;       5700
3.2114040809300e-04;       5700
3.2116008637100e-04;       3750
3.2117975246100e-04;       3750
3.2119615209600e-04;       1800
3.2121581818000e-04;       1800
3.2123549634900e-04;       -150
3.2125516250700e-04;       -150
3.2127484066300e-04;       5576
3.2129450676300e-04;       5576
3.2131418484900e-04;       3626
3.2133385089700e-04;       3626
3.2135025045500e-04;       1676
3.2136991659100e-04;       1676
3.2138959462300e-04;        886
3.2140926083600e-04;        886
3.2142893895900e-04;      -1064
3.2144860484500e-04;      -1064
3.2146828311100e-04;       4662
3.2148467052600e-04;       4662
3.2150434863100e-04;       2712
3.2152401487200e-04;       2712
3.2154369310100e-04;        762
3.2156335915800e-04;        762
3.2158303738700e-04;      -1188
3.2160270358800e-04;      -1188
3.2162238179400e-04;       5698
3.2163876920600e-04;       5698
3.2165844724300e-04;       3748
3.2167811342200e-04;       3748
3.2169779154100e-04;       1798
3.2171745766800e-04;       1798
3.2173713584100e-04;       -152
3.2175680202100e-04;       -152
3.2177320164300e-04;      -2102
3.2179286773800e-04;      -2102
3.2181254587000e-04;       3624
3.2183221197800e-04;       3624
3.2185188999000e-04;       1674
3.2187155622200e-04;       1674
3.2189123435800e-04;       8560
3.2190762182900e-04;       8560
3.2192729980300e-04;      -1066
3.2194696598000e-04;      -1066
3.2196664414300e-04;       4660
3.2198631031700e-04;       4660
3.2200598847000e-04;       2710
3.2202565451100e-04;       2710
3.2204533275300e-04;        760
3.2206172007800e-04;        760
3.2208139831000e-04;      -1190
3.2210106458400e-04;      -1190
3.2212074274200e-04;       5696
3.2214040868300e-04;       5696
3.2216008692100e-04;       3746
3.2217975309200e-04;       3746
3.2219615261800e-04;       1796
3.2221581877300e-04;       1796
3.2223549704900e-04;       -154
3.2225516304000e-04;       -154
3.2227484118800e-04;      -2104
3.2229450733200e-04;      -2104
3.2231418550000e-04;       3622
3.2233385175100e-04;       3622
3.2235025110500e-04;       1672
3.2236991713800e-04;       1672
3.2238959518600e-04;        882
3.2240926132200e-04;        882
3.2242893951200e-04;      -1068
3.2244860557500e-04;      -1068
3.2246828377700e-04;       4658
3.2248467121900e-04;       4658
3.2250434934500e-04;       2708
3.2252401551200e-04;       2708
3.2254369368300e-04;        758
3.2256335988200e-04;        758
3.2258303802000e-04;      -1192
3.2260270418600e-04;      -1192
3.2262238225000e-04;       5694
3.2263876976400e-04;       5694
3.2265844791300e-04;       3744
3.2267811406700e-04;       3744
3.2269779211900e-04;       1794
3.2271745811200e-04;       1794
3.2273713646500e-04;       7520
3.2275680276500e-04;       7520
3.2277320219000e-04;       5570
3.2279286821500e-04;       5570
3.2281254641500e-04;       3620
3.2283221269000e-04;       3620
3.2285189083500e-04;       1670
3.2287155700600e-04;       1670
3.2289123513900e-04;        880
3.2290762273200e-04;        880
3.2292730082400e-04;       6606
3.2294696680200e-04;       6606
3.2296664503400e-04;       4656
3.2298631115900e-04;       4656
3.2300598922200e-04;       2706
3.2302565518000e-04;       2706
3.2304533347400e-04;        756
3.2306172082000e-04;        756
3.2308139905200e-04;      -1194
3.2310106519400e-04;      -1194
3.2312074347300e-04;       5692
3.2314040962800e-04;       5692
3.2316008780700e-04;       3742
3.2317975382300e-04;       3742
3.2319615317000e-04;       1792
3.2321581923500e-04;       1792
3.2323549732100e-04;       -158
3.2325516334900e-04;       -158
3.2327484151200e-04;       5568
3.2329450762900e-04;       5568
3.2331418570700e-04;       3618
3.2333385169800e-04;       3618
3.2335025109100e-04;       1668
3.2336991720200e-04;       1668
3.2338959538700e-04;        878
3.2340926155900e-04;        878
3.2342893970700e-04;      -1072
3.2344860580300e-04;      -1072
3.2346828402800e-04;       4654
3.2348467131400e-04;       4654
3.2350434950700e-04;       2704
3.2352401565000e-04;       2704
3.2354369378000e-04;        754
3.2356336004000e-04;        754
3.2358303801900e-04;      -1196
3.2360270426700e-04;      -1196
3.2362238215100e-04;       5690
3.2363876966200e-04;       5690
3.2365844781100e-04;       3740
3.2367811379700e-04;       3740
3.2369779186800e-04;       1790
3.2371745798500e-04;       1790
3.2373713616500e-04;       7516
3.2375680237400e-04;       7516
3.2377320165300e-04;       5566
3.2379286782800e-04;       5566
3.2381254599000e-04;       3616
3.2383221220400e-04;       3616
3.2385189035200e-04;       1666
3.2387155652500e-04;       1666
3.2389123468600e-04;        876
3.2390762198400e-04;        876
3.2392730011600e-04;       6602
3.2394696626400e-04;       6602
3.2396664445700e-04;       4652
3.2398631051300e-04;       4652
3.2400598879900e-04;       2702
3.2402565476500e-04;       2702
3.2404533291200e-04;        752
3.2406172045900e-04;        752
3.2408139864300e-04;       6478
3.2410106472800e-04;       6478
3.2412074272500e-04;       5688
3.2414040892500e-04;       5688
3.2416008702600e-04;       3738
3.2417975314600e-04;       3738
3.2419615264500e-04;       1788
3.2421581884200e-04;       1788
3.2423549692500e-04;       -162
3.2425516292700e-04;       -162
3.2427484114100e-04;       5564
3.2429450711600e-04;       5564
3.2431418514900e-04;       3614
3.2433385117600e-04;       3614
3.2435025038700e-04;       1664
3.2436991638200e-04;       1664
3.2438959468800e-04;        874
3.2440926089000e-04;        874
3.2442893911500e-04;      -1076
3.2444860519000e-04;      -1076
3.2446828345000e-04;       4650
3.2448467083300e-04;       4650
3.2450434899600e-04;       2700
3.2452401516700e-04;       2700
3.2454369332800e-04;        750
3.2456335949900e-04;        750
3.2458303751500e-04;      -1200
3.2460270358900e-04;      -1200
3.2462238173500e-04;       5686
3.2463876916300e-04;       5686
3.2465844726600e-04;       3736
3.2467811343000e-04;       3736
3.2469779147600e-04;       1786
3.2471745759600e-04;       1786
3.2473713567100e-04;       -164
3.2475680156200e-04;       -164
3.2477320102400e-04;       5562
3.2479286719100e-04;       5562
3.2481254535800e-04;       3612
3.2483221155300e-04;       3612
3.2485188955200e-04;       1662
3.2487155568600e-04;       1662
3.2489123379300e-04;        872
3.2490762129100e-04;        872
3.2492729950100e-04;       6598
3.2494696554300e-04;       6598
3.2496664376500e-04;       4648
3.2498630982500e-04;       4648
3.2500598797200e-04;       2698
3.2502565416100e-04;       2698
3.2504533228200e-04;        748
3.2506171960400e-04;        748
3.2508139776700e-04;      -1202
3.2510106386600e-04;      -1202
3.2512074201100e-04;       5684
3.2514040810800e-04;       5684
3.2516008622200e-04;       3734
3.2517975216800e-04;       3734
3.2519615168400e-04;       1784
3.2521581777600e-04;       1784
3.2523549592400e-04;       -166
3.2525516194200e-04;       -166
3.2527483993800e-04;       5560
3.2529450595300e-04;       5560
3.2531418422400e-04;       3610
3.2533385038600e-04;       3610
3.2535024979700e-04;       1660
3.2536991593200e-04;       1660
3.2538959416200e-04;        870
3.2540926037700e-04;        870
3.2542893835100e-04;      -1080
3.2544860435300e-04;      -1080
3.2546828266200e-04;       4646
3.2548467005100e-04;       4646
3.2550434823200e-04;       2696
3.2552401425400e-04;       2696
3.2554369238700e-04;        746
3.2556335843100e-04;        746
3.2558303652700e-04;      -1204
3.2560270260500e-04;      -1204
3.2562238076100e-04;       5682
3.2563876826300e-04;       5682
3.2565844635300e-04;       3732
3.2567811257800e-04;       3732
3.2569779055500e-04;       1782
3.2571745680000e-04;       1782
3.2573713509200e-04;       -168
3.2575680120900e-04;       -168
3.2577320053500e-04;      -2118
3.2579286660600e-04;      -2118
3.2581254498900e-04;       3608
3.2583221107900e-04;       3608
3.2585188916300e-04;       1658
3.2587155522000e-04;       1658
3.2589123349700e-04;       8544
3.2590762078500e-04;       8544
3.2592729893900e-04;       6594
3.2594696493900e-04;       6594
3.2596664319800e-04;       4644
3.2598630938000e-04;       4644
3.2600598750500e-04;       2694
3.2602565371500e-04;       2694
3.2604533183300e-04;        744
3.2606171928900e-04;        744
3.2608139730800e-04;      -1206
3.2610106342500e-04;      -1206
3.2612074153400e-04;       5680
3.2614040766200e-04;       5680
3.2616008571800e-04;       3730
3.2617975186700e-04;       3730
3.2619615114500e-04;       1780
3.2621581740200e-04;       1780
3.2623549563600e-04;       7506
3.2625516179900e-04;       7506
3.2627483996500e-04;       5556
3.2629450623600e-04;       5556
3.2631418442400e-04;       3606
3.2633385059000e-04;       3606
3.2635024993600e-04;       1656
3.2636991611900e-04;       1656
3.2638959430500e-04;       8542
3.2640926053600e-04;       8542
3.2642893867500e-04;      -1084
3.2644860477300e-04;      -1084
3.2646828307500e-04;       4642
3.2648467049100e-04;       4642
3.2650434858800e-04;       2692
3.2652401463400e-04;       2692
3.2654369289600e-04;        742
3.2656335886700e-04;        742
3.2658303712700e-04;      -1208
3.2660270322900e-04;      -1208
3.2662238129100e-04;       5678
3.2663876879800e-04;       5678
3.2665844695800e-04;       3728
3.2667811314200e-04;       3728
3.2669779120800e-04;       1778
3.2671745736100e-04;       1778
3.2673713555100e-04;       -172
3.2675680160200e-04;       -172
3.2677320095900e-04;       5554
3.2679286726500e-04;       5554
3.2681254535200e-04;       3604
3.2683221147700e-04;       3604
3.2685188967200e-04;       1654
3.2687155569400e-04;       1654
3.2689123391300e-04;        864
3.2690762134400e-04;        864
3.2692729957800e-04;      -1086
3.2694696564800e-04;      -1086
3.2696664374900e-04;       4640
3.2698630979300e-04;       4640
3.2700598807300e-04;       2690
3.2702565417900e-04;       2690
3.2704533224600e-04;        740
3.2706171963100e-04;        740
3.2708139780600e-04;      -1210
3.2710106386200e-04;      -1210
3.2712074205500e-04;       5676
3.2714040816000e-04;       5676
3.2716008618200e-04;       3726
3.2717975236300e-04;       3726
3.2719615187600e-04;       1776
3.2721581799600e-04;       1776
3.2723549621100e-04;       -174
3.2725516224800e-04;       -174
3.2727484041300e-04;       5552
3.2729450649100e-04;       5552
3.2731418456100e-04;       3602
3.2733385086600e-04;       3602
3.2735025021800e-04;       1652
3.2736991633000e-04;       1652
3.2738959445200e-04;        862
3.2740926067100e-04;        862
3.2742893878000e-04;      -1088
3.2744860494400e-04;      -1088
3.2746828315000e-04;       4638
3.2748467042400e-04;       4638
3.2750434855900e-04;       2688
3.2752401479300e-04;       2688
3.2754369281100e-04;        738
3.2756335894400e-04;        738
3.2758303702600e-04;      -1212
3.2760270334200e-04;      -1212
3.2762238153900e-04;       5674
3.2763876894600e-04;       5674
3.2765844708600e-04;       3724
3.2767811321200e-04;       3724
3.2769779136300e-04;       1774
3.2771745757700e-04;       1774
3.2773713569700e-04;       -176
3.2775680189200e-04;       -176
3.2777320124800e-04;      -2126
3.2779286741500e-04;      -2126
3.2781254550700e-04;       3600
3.2783221148500e-04;       3600
3.2785188966700e-04;       1650
3.2787155580100e-04;       1650
3.2789123405800e-04;        860
3.2790762144500e-04;        860
3.2792729947700e-04;      -1090
3.2794696566600e-04;      -1090
3.2796664381700e-04;       4636
3.2798630997600e-04;       4636
3.2800598802400e-04;       2686
3.2802565423300e-04;       2686
3.2804533244200e-04;        736
3.2806171975700e-04;        736
3.2808139793400e-04;      -1214
3.2810106383500e-04;      -1214
3.2812074209600e-04;       5672
3.2814040819900e-04;       5672
3.2816008633000e-04;       3722
3.2817975229600e-04;       3722
3.2819615178500e-04;       1772
3.2821581790300e-04;       1772
3.2823549605600e-04;       -178
3.2825516207200e-04;       -178
3.2827484013700e-04;       5548
3.2829450638700e-04;       5548
3.2831418445000e-04;       3598
3.2833385039000e-04;       3598
3.2835024995400e-04;       1648
3.2836991604800e-04;       1648
3.2838959412900e-04;        858
3.2840926046900e-04;        858
3.2842893849100e-04;      -1092
3.2844860453000e-04;      -1092
3.2846828273100e-04;       4634
3.2848467008700e-04;       4634
3.2850434818900e-04;       2684
3.2852401441500e-04;       2684
3.2854369271200e-04;        734
3.2856335879300e-04;        734
3.2858303690100e-04;       6460
3.2860270297100e-04;       6460
3.2862238085300e-04;       5670
3.2863876859700e-04;       5670
3.2865844671700e-04;       3720
3.2867811291200e-04;       3720
3.2869779108100e-04;       1770
3.2871745721500e-04;       1770
3.2873713537100e-04;       -180
3.2875680140100e-04;       -180
3.2877320078600e-04;       5546
3.2879286681200e-04;       5546
3.2881254504400e-04;       3596
3.2883221110900e-04;       3596
3.2885188917300e-04;       1646
3.2887155549500e-04;       1646
3.2889123363100e-04;        856
3.2890762123900e-04;        856
3.2892729936100e-04;      -1094
3.2894696561600e-04;      -1094
3.2896664366500e-04;       4632
3.2898630973600e-04;       4632
3.2900598781800e-04;       2682
3.2902565386600e-04;       2682
3.2904533191200e-04;        732
3.2906171938500e-04;        732
3.2908139740600e-04;      -1218
3.2910106359700e-04;      -1218
3.2912074185800e-04;       5668
3.2914040798500e-04;       5668
3.2916008602500e-04;       3718
3.2917975225200e-04;       3718
3.2919615177800e-04;       1768
3.2921581786500e-04;       1768
3.2923549599500e-04;       -182
3.2925516212400e-04;       -182
3.2927484036200e-04;       5544
3.2929450649600e-04;       5544
3.2931418443800e-04;       3594
3.2933385054800e-04;       3594
3.2935024991800e-04;       1644
3.2936991617000e-04;       1644
3.2938959419500e-04;        854
3.2940926028300e-04;        854
3.2942893837700e-04;      -1096
3.2944860448600e-04;      -1096
3.2946828282500e-04;       4630
3.2948467024400e-04;       4630
3.2950434842800e-04;       2680
3.2952401469300e-04;       2680
3.2954369280300e-04;        730
3.2956335885200e-04;        730
3.2958303691500e-04;      -1220
3.2960270316600e-04;      -1220
3.2962238145800e-04;       5666
3.2963876896700e-04;       5666
3.2965844724100e-04;       3716
3.2967811332000e-04;       3716
3.2969779140700e-04;       1766
3.2971745758600e-04;       1766
3.2973713580600e-04;       -184
3.2975680184500e-04;       -184
3.2977320132100e-04;       5542
3.2979286736900e-04;       5542
3.2981254559400e-04;       3592
3.2983221168700e-04;       3592
3.2985188976400e-04;       1642
3.2987155589900e-04;       1642
3.2989123394600e-04;        852
3.2990762137900e-04;        852
3.2992729954300e-04;      -1098
3.2994696575800e-04;      -1098
3.2996664377000e-04;       4628
3.2998630988100e-04;       4628
3.3000598798500e-04;       2678
3.3002565403800e-04;       2678
3.3004533213300e-04;        728
3.3006171962200e-04;        728
3.3008139782800e-04;      -1222
3.3010106391600e-04;      -1222
3.3012074214000e-04;       5664
3.3014040811200e-04;       5664
3.3016008636400e-04;       3714
3.3017975243700e-04;       3714
3.3019615204400e-04;       1764
3.3021581808800e-04;       1764
3.3023549626500e-04;       -186
3.3025516251500e-04;       -186
3.3027484071500e-04;       5540
3.3029450678800e-04;       5540
3.3031418490300e-04;       3590
3.3033385102100e-04;       3590
3.3035025020400e-04;       1640
3.3036991634900e-04;       1640
3.3038959453000e-04;        850
3.3040926061000e-04;        850
3.3042893869500e-04;       6576
3.3044860491200e-04;       6576
3.3046828295000e-04;       4626
3.3048467051100e-04;       4626
3.3050434868700e-04;       2676
3.3052401473700e-04;       2676
3.3054369269100e-04;        726
3.3056335875700e-04;        726
3.3058303718300e-04;      -1224
3.3060270314800e-04;      -1224
3.3062238130300e-04;       5662
3.3063876880300e-04;       5662
3.3065844696600e-04;       3712
3.3067811303800e-04;       3712
3.3069779118500e-04;       1762
3.3071745738700e-04;       1762
3.3073713543900e-04;       -188
3.3075680162500e-04;       -188
3.3077320109100e-04;       5538
3.3079286728800e-04;       5538
3.3081254559700e-04;       3588
3.3083221169800e-04;       3588
3.3085188979500e-04;       1638
3.3087155598100e-04;       1638
3.3089123417600e-04;       8524
3.3090762165700e-04;       8524
3.3092729947800e-04;       6574
3.3094696565700e-04;       6574
3.3096664380200e-04;       4624
3.3098630994500e-04;       4624
3.3100598807000e-04;       2674
3.3102565393800e-04;       2674
3.3104533219800e-04;        724
3.3106171955800e-04;        724
3.3108139759600e-04;      -1226
3.3110106360700e-04;      -1226
3.3112074171600e-04;       5660
3.3114040780600e-04;       5660
3.3116008584900e-04;       3710
3.3117975202500e-04;       3710
3.3119615141800e-04;       1760
3.3121581752700e-04;       1760
3.3123549566900e-04;       -190
3.3125516193100e-04;       -190
3.3127483979500e-04;      -2140
3.3129450599300e-04;      -2140
3.3131418410700e-04;       3586
3.3133385054700e-04;       3586
3.3135025000400e-04;       1636
3.3136991605500e-04;       1636
3.3138959433200e-04;        846
3.3140926051000e-04;        846
3.3142893856900e-04;      -1104
3.3144860457400e-04;      -1104
3.3146828273600e-04;       4622
3.3148467009100e-04;       4622
3.3150434819800e-04;       2672
3.3152401431200e-04;       2672
3.3154369241500e-04;        722
3.3156335862300e-04;        722
3.3158303656500e-04;      -1228
3.3160270267200e-04;      -1228
3.3162238083000e-04;       5658
3.3163876818300e-04;       5658
3.3165844633700e-04;       3708
3.3167811249400e-04;       3708
3.3169779071000e-04;       1758
3.3171745679300e-04;       1758
3.3173713493500e-04;       -192
3.3175680118200e-04;       -192
3.3177320060100e-04;       5534
3.3179286668900e-04;       5534
3.3181254483500e-04;       3584
3.3183221102500e-04;       3584
3.3185188934200e-04;       1634
3.3187155544900e-04;       1634
3.3189123353000e-04;       8520
3.3190762086200e-04;       8520
3.3192729898400e-04;      -1106
3.3194696513400e-04;      -1106
3.3196664315300e-04;       4620
3.3198630924300e-04;       4620
3.3200598739700e-04;       2670
3.3202565345700e-04;       2670
3.3204533157300e-04;        720
3.3206171896100e-04;        720
3.3208139717100e-04;      -1230
3.3210106331500e-04;      -1230
3.3212074153400e-04;       5656
3.3214040776700e-04;       5656
3.3216008586200e-04;       3706
3.3217975202900e-04;       3706
3.3219615147000e-04;       1756
3.3221581751800e-04;       1756
3.3223549558900e-04;       -194
3.3225516168900e-04;       -194
3.3227483971900e-04;       5532
3.3229450586700e-04;       5532
3.3231418408800e-04;       3582
3.3233385023300e-04;       3582
3.3235024969200e-04;       1632
3.3236991570600e-04;       1632
3.3238959391800e-04;        842
3.3240925992600e-04;        842
3.3242893821300e-04;      -1108
3.3244860441800e-04;      -1108
3.3246828254200e-04;       4618
3.3248466996500e-04;       4618
3.3250434817500e-04;       2668
3.3252401422000e-04;       2668
3.3254369232200e-04;        718
3.3256335850900e-04;        718
3.3258303644700e-04;      -1232
3.3260270264100e-04;      -1232
3.3262238080900e-04;       5654
3.3263876824500e-04;       5654
3.3265844642100e-04;       3704
3.3267811243700e-04;       3704
3.3269779057100e-04;       1754
3.3271745663400e-04;       1754
3.3273713469500e-04;       -196
3.3275680071100e-04;       -196
3.3277320011200e-04;      -2146
3.3279286635600e-04;      -2146
3.3281254445300e-04;       3580
3.3283221054200e-04;       3580
3.3285188871300e-04;       1630
3.3287155480700e-04;       1630
3.3289123297500e-04;       8516
3.3290762025100e-04;       8516
3.3292729841500e-04;      -1110
3.3294696454400e-04;      -1110
3.3296664268800e-04;       4616
3.3298630876900e-04;       4616
3.3300598677400e-04;       2666
3.3302565289700e-04;       2666
3.3304533109100e-04;        716
3.3306171848800e-04;        716
3.3308139653800e-04;      -1234
3.3310106272300e-04;      -1234
3.3312074103200e-04;       5652
3.3314040725500e-04;       5652
3.3316008536200e-04;       3702
3.3317975144200e-04;       3702
3.3319615096100e-04;       1752
3.3321581703800e-04;       1752
3.3323549519500e-04;       -198
3.3325516136400e-04;       -198
3.3327483935000e-04;       5528
3.3329450559800e-04;       5528
3.3331418377100e-04;       3578
3.3333384991100e-04;       3578
3.3335024934200e-04;       1628
3.3336991546600e-04;       1628
3.3338959352200e-04;       8514
3.3340925979800e-04;       8514
3.3342893785100e-04;      -1112
3.3344860388900e-04;      -1112
3.3346828189800e-04;       4614
3.3348466936400e-04;       4614
3.3350434752900e-04;       2664
3.3352401371600e-04;       2664
3.3354369194400e-04;        714
3.3356335807800e-04;        714
3.3358303618200e-04;      -1236
3.3360270223900e-04;      -1236
3.3362238036300e-04;       5650
3.3363876777700e-04;       5650
3.3365844582800e-04;       3700
3.3367811201100e-04;       3700
3.3369779020400e-04;       1750
3.3371745630700e-04;       1750
3.3373713436600e-04;       -200
3.3375680050000e-04;       -200
3.3377319985300e-04;      -2150
3.3379286587500e-04;      -2150
3.3381254394100e-04;       3576
3.3383221017500e-04;       3576
3.3385188832400e-04;       1626
3.3387155451700e-04;       1626
3.3389123256200e-04;        836
3.3390762004700e-04;        836
3.3392729829600e-04;      -1114
3.3394696442800e-04;      -1114
3.3396664265700e-04;       4612
3.3398630881600e-04;       4612
3.3400598687200e-04;       2662
3.3402565303400e-04;       2662
3.3404533108900e-04;        712
3.3406171885200e-04;        712
3.3408139710600e-04;      -1238
3.3410106317400e-04;      -1238
3.3412074120000e-04;       5648
3.3414040743600e-04;       5648
3.3416008568700e-04;       3698
3.3417975178300e-04;       3698
3.3419615125800e-04;       1748
3.3421581735600e-04;       1748
3.3423549548900e-04;       -202
3.3425516169500e-04;       -202
3.3427483990700e-04;       5524
3.3429450595700e-04;       5524
3.3431418419200e-04;       3574
3.3433385038800e-04;       3574
3.3435024967700e-04;       1624
3.3436991600100e-04;       1624
3.3438959410500e-04;        834
3.3440926027800e-04;        834
3.3442893827100e-04;      -1116
3.3444860444800e-04;      -1116
3.3446828240000e-04;       4610
3.3448466997200e-04;       4610
3.3450434817500e-04;       2660
3.3452401431900e-04;       2660
3.3454369241700e-04;        710
3.3456335862900e-04;        710
3.3458303684200e-04;      -1240
3.3460270293500e-04;      -1240
3.3462238106800e-04;       5646
3.3463876858600e-04;       5646
3.3465844676300e-04;       3696
3.3467811290800e-04;       3696
3.3469779094800e-04;       1746
3.3471745713400e-04;       1746
3.3473713533500e-04;       -204
3.3475680142500e-04;       -204
3.3477320084300e-04;      -2154
3.3479286697900e-04;      -2154
3.3481254493500e-04;       3572
3.3483221113700e-04;       3572
3.3485188920100e-04;       1622
3.3487155534400e-04;       1622
3.3489123343700e-04;        832
3.3490762094400e-04;        832
3.3492729894100e-04;      -1118
3.3494696513800e-04;      -1118
3.3496664319200e-04;       4608
3.3498630949900e-04;       4608
3.3500598777000e-04;       2658
3.3502565393000e-04;       2658
3.3504533202700e-04;        708
3.3506171960700e-04;        708
3.3508139751600e-04;      -1242
3.3510106357900e-04;      -1242
3.3512074164000e-04;       5644
3.3514040787000e-04;       5644
3.3516008598500e-04;       3694
3.3517975216500e-04;       3694
3.3519615148000e-04;       1744
3.3521581761200e-04;       1744
3.3523549579800e-04;       -206
3.3525516182200e-04;       -206
3.3527483993800e-04;      -2156
3.3529450615500e-04;      -2156
3.3531418421300e-04;       3570
3.3533385022800e-04;       3570
3.3535024972000e-04;       1620
3.3536991586700e-04;       1620
3.3538959406900e-04;        830
3.3540926024400e-04;        830
3.3542893840800e-04;      -1120
3.3544860471100e-04;      -1120
3.3546828256500e-04;       4606
3.3548467012800e-04;       4606
3.3550434831000e-04;       2656
3.3552401432800e-04;       2656
3.3554369241000e-04;        706
3.3556335868500e-04;        706
3.3558303675500e-04;      -1244
3.3560270299000e-04;      -1244
3.3562238103200e-04;       5642
3.3563876859900e-04;       5642
3.3565844648300e-04;       3692
3.3567811273700e-04;       3692
3.3569779097100e-04;       1742
3.3571745700000e-04;       1742
3.3573713516700e-04;       -208
3.3575680130200e-04;       -208
3.3577320078900e-04;       5518
3.3579286701400e-04;       5518
3.3581254510300e-04;       3568
3.3583221123600e-04;       3568
3.3585188946500e-04;       1618
3.3587155553900e-04;       1618
3.3589123373400e-04;        828
3.3590762129600e-04;        828
3.3592729934900e-04;      -1122
3.3594696541200e-04;      -1122
3.3596664347800e-04;       4604
3.3598630952500e-04;       4604
3.3600598772200e-04;       2654
3.3602565377600e-04;       2654
3.3604533182600e-04;        704
3.3606171921100e-04;        704
3.3608139759400e-04;      -1246
3.3610106358500e-04;      -1246
3.3612074170000e-04;       5640
3.3614040789900e-04;       5640
3.3616008606600e-04;       3690
3.3617975227500e-04;       3690
3.3619615178700e-04;       1740
3.3621581784700e-04;       1740
3.3623549596600e-04;       -210
3.3625516198100e-04;       -210
3.3627484019300e-04;      -2160
3.3629450633900e-04;      -2160
3.3631418443600e-04;       3566
3.3633385064800e-04;       3566
3.3635025019200e-04;       1616
3.3636991633400e-04;       1616
3.3638959429900e-04;        826
3.3640926052100e-04;        826
3.3642893868200e-04;       6552
3.3644860470600e-04;       6552
3.3646828281100e-04;       4602
3.3648467038700e-04;       4602
3.3650434845700e-04;       2652
3.3652401464700e-04;       2652
3.3654369286700e-04;        702
3.3656335901900e-04;        702
3.3658303729800e-04;      -1248
3.3660270344300e-04;      -1248
3.3662238150200e-04;       5638
3.3663876901100e-04;       5638
3.3665844718200e-04;       3688
3.3667811338100e-04;       3688
3.3669779156700e-04;       1738
3.3671745770600e-04;       1738
3.3673713585400e-04;       7464
3.3675680199300e-04;       7464
3.3677320137300e-04;       5514
3.3679286766300e-04;       5514
3.3681254570800e-04;       3564
3.3683221197800e-04;       3564
3.3685188986800e-04;       1614
3.3687155600300e-04;       1614
3.3689123414300e-04;        824
3.3690762163800e-04;        824
3.3692729979600e-04;      -1126
3.3694696584900e-04;      -1126
3.3696664395200e-04;       4600
3.3698631000100e-04;       4600
3.3700598819000e-04;       2650
3.3702565423200e-04;       2650
3.3704533235400e-04;        700
3.3706171981700e-04;        700
3.3708139786000e-04;       6426
3.3710106399400e-04;       6426
3.3712074222100e-04;       5636
3.3714040845200e-04;       5636
3.3716008672100e-04;       3686
3.3717975281100e-04;       3686
3.3719615225400e-04;       1736
3.3721581827200e-04;       1736
3.3723549640500e-04;       -214
3.3725516254800e-04;       -214
3.3727484053900e-04;       5512
3.3729450663900e-04;       5512
3.3731418484500e-04;       3562
3.3733385109700e-04;       3562
3.3735025055500e-04;       1612
3.3736991654300e-04;       1612
3.3738959486200e-04;       8498
3.3740926087400e-04;       8498
3.3742893897100e-04;      -1128
3.3744860511100e-04;      -1128
3.3746828299600e-04;       4598
3.3748467057700e-04;       4598
3.3750434868400e-04;       2648
3.3752401485900e-04;       2648
3.3754369287600e-04;        698
3.3756335905300e-04;        698
3.3758303712000e-04;      -1252
3.3760270330300e-04;      -1252
3.3762238132000e-04;       5634
3.3763876874200e-04;       5634
3.3765844684900e-04;       3684
3.3767811312700e-04;       3684
3.3769779105000e-04;       1734
3.3771745718600e-04;       1734
3.3773713552400e-04;       -216
3.3775680174800e-04;       -216
3.3777320111800e-04;       5510
3.3779286729600e-04;       5510
3.3781254548900e-04;       3560
3.3783221154100e-04;       3560
3.3785188972800e-04;       1610
3.3787155576300e-04;       1610
3.3789123393300e-04;        820
3.3790762122900e-04;        820
3.3792729921400e-04;      -1130
3.3794696539900e-04;      -1130
3.3796664350000e-04;       4596
3.3798630958500e-04;       4596
3.3800598757100e-04;       2646
3.3802565385900e-04;       2646
3.3804533201800e-04;        696
3.3806171950700e-04;        696
3.3808139766400e-04;      -1254
3.3810106368600e-04;      -1254
3.3812074177000e-04;       5632
3.3814040784500e-04;       5632
3.3816008600900e-04;       3682
3.3817975220000e-04;       3682
3.3819615180400e-04;       1732
3.3821581796700e-04;       1732
3.3823549607300e-04;       -218
3.3825516220500e-04;       -218
3.3827484035200e-04;       5508
3.3829450636300e-04;       5508
3.3831418435700e-04;       3558
3.3833385066300e-04;       3558
3.3835025019600e-04;       1608
3.3836991633100e-04;       1608
3.3838959441600e-04;        818
3.3840926046500e-04;        818
3.3842893862900e-04;      -1132
3.3844860482100e-04;      -1132
3.3846828280600e-04;       4594
3.3848467023400e-04;       4594
3.3850434832100e-04;       2644
3.3852401442800e-04;       2644
3.3854369267800e-04;        694
3.3856335887400e-04;        694
3.3858303705200e-04;      -1256
3.3860270316800e-04;      -1256
3.3862238150200e-04;       5630
3.3863876878600e-04;       5630
3.3865844690600e-04;       3680
3.3867811307000e-04;       3680
3.3869779133300e-04;       1730
3.3871745743600e-04;       1730
3.3873713551100e-04;       -220
3.3875680171100e-04;       -220
3.3877320116900e-04;       5506
3.3879286741300e-04;       5506
3.3881254577900e-04;       3556
3.3883221174700e-04;       3556
3.3885188984800e-04;       1606
3.3887155595300e-04;       1606
3.3889123409000e-04;        816
3.3890762149300e-04;        816
3.3892729973700e-04;      -1134
3.3894696584000e-04;      -1134
3.3896664410900e-04;       4592
3.3898631008600e-04;       4592
3.3900598819900e-04;       2642
3.3902565431800e-04;       2642
3.3904533245100e-04;        692
3.3906171986800e-04;        692
3.3908139786600e-04;      -1258
3.3910106404200e-04;      -1258
3.3912074220400e-04;       5628
3.3914040838100e-04;       5628
3.3916008645000e-04;       3678
3.3917975261800e-04;       3678
3.3919615205000e-04;       1728
3.3921581835600e-04;       1728
3.3923549638400e-04;       -222
3.3925516252800e-04;       -222
3.3927484068700e-04;       5504
3.3929450678300e-04;       5504
3.3931418485500e-04;       3554
3.3933385087600e-04;       3554
3.3935025046000e-04;       1604
3.3936991660800e-04;       1604
3.3938959462400e-04;        814
3.3940926076200e-04;        814
3.3942893885300e-04;      -1136
3.3944860509800e-04;      -1136
3.3946828325800e-04;       4590
3.3948467077100e-04;       4590
3.3950434875200e-04;       2640
3.3952401502700e-04;       2640
3.3954369313600e-04;        690
3.3956335916800e-04;        690
3.3958303736800e-04;      -1260
3.3960270333400e-04;      -1260
3.3962238160700e-04;       5626
3.3963876908900e-04;       5626
3.3965844714700e-04;       3676
3.3967811324900e-04;       3676
3.3969779135500e-04;       1726
3.3971745749600e-04;       1726
3.3973713560500e-04;       -224
3.3975680180600e-04;       -224
3.3977320112600e-04;       5502
3.3979286726100e-04;       5502
3.3981254543800e-04;       3552
3.3983221158500e-04;       3552
3.3985188980000e-04;       1602
3.3987155608800e-04;       1602
3.3989123417200e-04;       8488
3.3990762162000e-04;       8488
3.3992729965200e-04;       6538
3.3994696588300e-04;       6538
3.3996664398400e-04;       4588
3.3998631012400e-04;       4588
3.4000598836400e-04;       2638
3.4002565454700e-04;       2638
3.4004533238700e-04;        688
3.4006171982900e-04;        688
3.4008139790900e-04;      -1262
3.4010106406900e-04;      -1262
3.4012074212100e-04;       5624
3.4014040829500e-04;       5624
3.4016008632800e-04;       3674
3.4017975246100e-04;       3674
3.4019615199100e-04;       1724
3.4021581810800e-04;       1724
3.4023549618600e-04;       7450
3.4025516233600e-04;       7450
3.4027484034100e-04;       5500
3.4029450643300e-04;       5500
3.4031418445800e-04;       3550
3.4033385066500e-04;       3550
3.4035025005000e-04;       1600
3.4036991624300e-04;       1600
3.4038959432000e-04;        810
3.4040926034100e-04;        810
3.4042893848700e-04;      -1140
3.4044860465900e-04;      -1140
3.4046828274000e-04;       4586
3.4048467002700e-04;       4586
3.4050434832000e-04;       2636
3.4052401432800e-04;       2636
3.4054369235300e-04;        686
3.4056335856000e-04;        686
3.4058303684200e-04;      -1264
3.4060270299700e-04;      -1264
3.4062238098700e-04;       5622
3.4063876845300e-04;       5622
3.4065844666500e-04;       3672
3.4067811272800e-04;       3672
3.4069779069900e-04;       1722
3.4071745689700e-04;       1722
3.4073713488900e-04;       -228
3.4075680097700e-04;       -228
3.4077320046000e-04;       5498
3.4079286674200e-04;       5498
3.4081254486400e-04;       3548
3.4083221114000e-04;       3548
3.4085188915400e-04;       1598
3.4087155525200e-04;       1598
3.4089123349700e-04;        808
3.4090762102400e-04;        808
3.4092729893300e-04;      -1142
3.4094696516300e-04;      -1142
3.4096664326900e-04;       4584
3.4098630939100e-04;       4584
3.4100598736200e-04;       2634
3.4102565360000e-04;       2634
3.4104533177900e-04;        684
3.4106171932500e-04;        684
3.4108139752800e-04;      -1266
3.4110106365100e-04;      -1266
3.4112074181000e-04;       5620
3.4114040789000e-04;       5620
3.4116008605500e-04;       3670
3.4117975207400e-04;       3670
3.4119615161200e-04;       1720
3.4121581783700e-04;       1720
3.4123549603100e-04;       -230
3.4125516224500e-04;       -230
3.4127484031800e-04;       5496
3.4129450646400e-04;       5496
3.4131418449800e-04;       3546
3.4133385070400e-04;       3546
3.4135025006700e-04;       1596
3.4136991628100e-04;       1596
3.4138959432400e-04;        806
3.4140926045300e-04;        806
3.4142893858800e-04;       6532
3.4144860474000e-04;       6532
3.4146828295600e-04;       4582
3.4148467057600e-04;       4582
3.4150434854700e-04;       2632
3.4152401465000e-04;       2632
3.4154369282500e-04;        682
3.4156335880400e-04;        682
3.4158303695100e-04;      -1268
3.4160270302000e-04;      -1268
3.4162238127400e-04;       5618
3.4163876878300e-04;       5618
3.4165844675500e-04;       3668
3.4167811299100e-04;       3668
3.4169779112100e-04;       1718
3.4171745718600e-04;       1718
3.4173713519500e-04;       -232
3.4175680139700e-04;       -232
3.4177320102100e-04;       5494
3.4179286699400e-04;       5494
3.4181254523300e-04;       3544
3.4183221143500e-04;       3544
3.4185188952600e-04;       1594
3.4187155575300e-04;       1594
3.4189123383100e-04;        804
3.4190762119800e-04;        804
3.4192729936800e-04;      -1146
3.4194696544600e-04;      -1146
3.4196664371000e-04;       4580
3.4198630974600e-04;       4580
3.4200598779600e-04;       2630
3.4202565412800e-04;       2630
3.4204533231600e-04;        680
3.4206171977100e-04;        680
3.4208139778600e-04;      -1270
3.4210106384600e-04;      -1270
3.4212074201200e-04;       5616
3.4214040823900e-04;       5616
3.4216008623700e-04;       3666
3.4217975235800e-04;       3666
3.4219615176100e-04;       1716
3.4221581800800e-04;       1716
3.4223549611600e-04;       -234
3.4225516230400e-04;       -234
3.4227484056400e-04;       5492
3.4229450670000e-04;       5492
3.4231418485400e-04;       3542
3.4233385088500e-04;       3542
3.4235025035800e-04;       1592
3.4236991653300e-04;       1592
3.4238959473500e-04;        802
3.4240926089300e-04;        802
3.4242893896600e-04;      -1148
3.4244860508500e-04;      -1148
3.4246828333500e-04;       4578
3.4248467065100e-04;       4578
3.4250434872300e-04;       2628
3.4252401468000e-04;       2628
3.4254369272400e-04;        678
3.4256335883200e-04;        678
3.4258303706200e-04;      -1272
3.4260270333900e-04;      -1272
3.4262238145500e-04;       5614
3.4263876887600e-04;       5614
3.4265844704000e-04;       3664
3.4267811333400e-04;       3664
3.4269779139400e-04;       1714
3.4271745755200e-04;       1714
3.4273713580000e-04;       -236
3.4275680186800e-04;       -236
3.4277320147000e-04;       5490
3.4279286770700e-04;       5490
3.4281254586400e-04;       3540
3.4283221215900e-04;       3540
3.4285189037600e-04;       1590
3.4287155651700e-04;       1590
3.4289123460200e-04;        800
3.4290762192500e-04;        800
3.4292730001400e-04;      -1150
3.4294696633400e-04;      -1150
3.4296664459900e-04;       4576
3.4298631059800e-04;       4576
3.4300598876700e-04;       2626
3.4302565483800e-04;       2626
3.4304533312400e-04;        676
3.4306172037000e-04;        676
3.4308139853600e-04;      -1274
3.4310106466200e-04;      -1274
3.4312074282600e-04;       5612
3.4314040901500e-04;       5612
3.4316008732300e-04;       3662
3.4317975349100e-04;       3662
3.4319615302000e-04;       1712
3.4321581916300e-04;       1712
3.4323549719900e-04;       7438
3.4325516339800e-04;       7438
3.4327484168300e-04;       5488
3.4329450766300e-04;       5488
3.4331418594400e-04;       3538
3.4333385209400e-04;       3538
3.4335025142500e-04;       1588
3.4336991752400e-04;       1588
3.4338959573200e-04;       8474
3.4340926193100e-04;       8474
3.4342894001400e-04;       6524
3.4344860606200e-04;       6524
3.4346828418300e-04;       4574
3.4348467156100e-04;       4574
3.4350434944800e-04;       2624
3.4352401556900e-04;       2624
3.4354369351200e-04;        674
3.4356335961600e-04;        674
3.4358303763100e-04;      -1276
3.4360270387900e-04;      -1276
3.4362238210000e-04;       5610
3.4363876944200e-04;       5610
3.4365844769800e-04;       3660
3.4367811374900e-04;       3660
3.4369779183500e-04;       1710
3.4371745796000e-04;       1710
3.4373713606300e-04;       7436
3.4375680227900e-04;       7436
3.4377320169400e-04;       5486
3.4379286792400e-04;       5486
3.4381254605900e-04;       3536
3.4383221208900e-04;       3536
3.4385189031000e-04;       1586
3.4387155633000e-04;       1586
3.4389123452400e-04;       8472
3.4390762198600e-04;       8472
3.4392729991000e-04;      -1154
3.4394696618000e-04;      -1154
3.4396664444900e-04;       4572
3.4398631053400e-04;       4572
3.4400598852700e-04;       2622
3.4402565451800e-04;       2622
3.4404533268100e-04;        672
3.4406172001700e-04;        672
3.4408139801100e-04;      -1278
3.4410106409500e-04;      -1278
3.4412074232700e-04;       5608
3.4414040843700e-04;       5608
3.4416008664700e-04;       3658
3.4417975287800e-04;       3658
3.4419615227100e-04;       1708
3.4421581855900e-04;       1708
3.4423549663700e-04;       -242
3.4425516280400e-04;       -242
3.4427484077200e-04;      -2192
3.4429450696300e-04;      -2192
3.4431418505000e-04;       3534
3.4433385119900e-04;       3534
3.4435025069500e-04;       1584
3.4436991682600e-04;       1584
3.4438959508200e-04;       8470
3.4440926115600e-04;       8470
3.4442893936600e-04;       6520
3.4444860532100e-04;       6520
3.4446828348300e-04;       4570
3.4448467112000e-04;       4570
3.4450434923500e-04;       2620
3.4452401532700e-04;       2620
3.4454369363300e-04;        670
3.4456335972000e-04;        670
3.4458303792400e-04;       6396
3.4460270403100e-04;       6396
3.4462238209100e-04;       5606
3.4463876948200e-04;       5606
3.4465844759200e-04;       3656
3.4467811356900e-04;       3656
3.4469779169400e-04;       1706
3.4471745786600e-04;       1706
3.4473713584600e-04;       -244
3.4475680190700e-04;       -244
3.4477320134700e-04;       5482
3.4479286754000e-04;       5482
3.4481254573500e-04;       3532
3.4483221197100e-04;       3532
3.4485189018000e-04;       1582
3.4487155628200e-04;       1582
3.4489123450400e-04;        792
3.4490762179400e-04;        792
3.4492729994900e-04;       6518
3.4494696599500e-04;       6518
3.4496664401100e-04;       4568
3.4498631015800e-04;       4568
3.4500598822800e-04;       2618
3.4502565443900e-04;       2618
3.4504533260400e-04;        668
3.4506171997200e-04;        668
3.4508139811300e-04;      -1282
3.4510106423300e-04;      -1282
3.4512074235200e-04;       5604
3.4514040849300e-04;       5604
3.4516008659500e-04;       3654
3.4517975265300e-04;       3654
3.4519615231300e-04;       1704
3.4521581852500e-04;       1704
3.4523549662600e-04;       -246
3.4525516283900e-04;       -246
3.4527484101400e-04;      -2196
3.4529450718500e-04;      -2196
3.4531418537600e-04;       3530
3.4533385162700e-04;       3530
3.4535025095500e-04;       1580
3.4536991711700e-04;       1580
3.4538959520500e-04;        790
3.4540926134500e-04;        790
3.4542893958400e-04;       6516
3.4544860578100e-04;       6516
3.4546828367300e-04;       4566
3.4548467110500e-04;       4566
3.4550434927000e-04;       2616
3.4552401534800e-04;       2616
3.4554369343100e-04;        666
3.4556335969600e-04;        666
3.4558303780000e-04;      -1284
3.4560270386300e-04;      -1284
3.4562238200500e-04;       5602
3.4563876944300e-04;       5602
3.4565844757400e-04;       3652
3.4567811381300e-04;       3652
3.4569779195800e-04;       1702
3.4571745811600e-04;       1702
3.4573713611500e-04;       -248
3.4575680237600e-04;       -248
3.4577320169100e-04;      -2198
3.4579286792600e-04;      -2198
3.4581254606700e-04;       3528
3.4583221206200e-04;       3528
3.4585189023100e-04;       1578
3.4587155632100e-04;       1578
3.4589123452400e-04;        788
3.4590762189200e-04;        788
3.4592730025300e-04;       6514
3.4594696638600e-04;       6514
3.4596664451200e-04;       4564
3.4598631061900e-04;       4564
3.4600598879100e-04;       2614
3.4602565502600e-04;       2614
3.4604533311200e-04;        664
3.4606172047800e-04;        664
3.4608139864300e-04;      -1286
3.4610106492500e-04;      -1286
3.4612074318000e-04;       5600
3.4614040926500e-04;       5600
3.4616008741800e-04;       3650
3.4617975341800e-04;       3650
3.4619615284900e-04;       1700
3.4621581901800e-04;       1700
3.4623549690200e-04;       -250
3.4625516320300e-04;       -250
3.4627484125700e-04;       5476
3.4629450728600e-04;       5476
3.4631418550700e-04;       3526
3.4633385152900e-04;       3526
3.4635025101200e-04;       1576
3.4636991714700e-04;       1576
3.4638959536100e-04;       8462
3.4640926163200e-04;       8462
3.4642893978000e-04;       6512
3.4644860580100e-04;       6512
3.4646828399800e-04;       4562
3.4648467138900e-04;       4562
3.4650434956900e-04;       2612
3.4652401566200e-04;       2612
3.4654369384800e-04;        662
3.4656335995000e-04;        662
3.4658303817000e-04;       6388
3.4660270421100e-04;       6388
3.4662238245900e-04;       5598
3.4663876988900e-04;       5598
3.4665844802800e-04;       3648
3.4667811418000e-04;       3648
3.4669779221900e-04;       1698
3.4671745843100e-04;       1698
3.4673713642700e-04;       -252
3.4675680256300e-04;       -252
3.4677320220700e-04;       5474
3.4679286825500e-04;       5474
3.4681254643200e-04;       3524
3.4683221246500e-04;       3524
3.4685189047000e-04;       1574
3.4687155668100e-04;       1574
3.4689123483400e-04;       8460
3.4690762229300e-04;       8460
3.4692730031800e-04;       6510
3.4694696653400e-04;       6510
3.4696664466000e-04;       4560
3.4698631074500e-04;       4560
3.4700598897100e-04;       2610
3.4702565497100e-04;       2610
3.4704533291200e-04;        660
3.4706172040900e-04;        660
3.4708139830000e-04;       6386
3.4710106444000e-04;       6386
3.4712074257000e-04;       5596
3.4714040875300e-04;       5596
3.4716008684600e-04;       3646
3.4717975304100e-04;       3646
3.4719615256500e-04;       1696
3.4721581859000e-04;       1696
3.4723549679100e-04;       -254
3.4725516285500e-04;       -254
3.4727484083300e-04;      -2204
3.4729450702100e-04;      -2204
3.4731418506300e-04;       3522
3.4733385113300e-04;       3522
3.4735025057600e-04;       1572
3.4736991687700e-04;       1572
3.4738959511700e-04;        782
3.4740926128200e-04;        782
3.4742893941800e-04;       6508
3.4744860555500e-04;       6508
3.4746828371700e-04;       4558
3.4748467104400e-04;       4558
3.4750434919400e-04;       2608
3.4752401538400e-04;       2608
3.4754369358600e-04;        658
3.4756335959400e-04;        658
3.4758303786100e-04;       6384
3.4760270389300e-04;       6384
3.4762238222000e-04;       5594
3.4763876946400e-04;       5594
3.4765844768800e-04;       3644
3.4767811378800e-04;       3644
3.4769779180700e-04;       1694
3.4771745787400e-04;       1694
3.4773713597200e-04;       7420
3.4775680209200e-04;       7420
3.4777320154900e-04;       5470
3.4779286768100e-04;       5470
3.4781254586700e-04;       3520
3.4783221202400e-04;       3520
3.4785188987100e-04;       1570
3.4787155613800e-04;       1570
3.4789123438500e-04;        780
3.4790762173000e-04;        780
3.4792729981600e-04;      -1170
3.4794696606100e-04;      -1170
3.4796664433500e-04;       4556
3.4798631050400e-04;       4556
3.4800598847800e-04;       2606
3.4802565466200e-04;       2606
3.4804533276400e-04;        656
3.4806171996600e-04;        656
3.4808139817300e-04;      -1294
3.4810106451800e-04;      -1294
3.4812074268800e-04;       5592
3.4814040894500e-04;       5592
3.4816008711100e-04;       3642
3.4817975325400e-04;       3642
3.4819615255100e-04;       1692
3.4821581888200e-04;       1692
3.4823549669700e-04;       7418
3.4825516303700e-04;       7418
3.4827484120900e-04;       5468
3.4829450721700e-04;       5468
3.4831418539400e-04;       3518
3.4833385150200e-04;       3518
3.4835025109400e-04;       1568
3.4836991726300e-04;       1568
3.4838959543400e-04;        778
3.4840926155400e-04;        778
3.4842893965000e-04;      -1172
3.4844860560800e-04;      -1172
3.4846828374400e-04;       4554
3.4848467126800e-04;       4554
3.4850434932500e-04;       2604
3.4852401543400e-04;       2604
3.4854369350400e-04;        654
3.4856335947300e-04;        654
3.4858303756200e-04;      -1296
3.4860270380500e-04;      -1296
3.4862238201000e-04;       5590
3.4863876951800e-04;       5590
3.4865844766100e-04;       3640
3.4867811389800e-04;       3640
3.4869779209800e-04;       1690
3.4871745803900e-04;       1690
3.4873713631900e-04;       7416
3.4875680250800e-04;       7416
3.4877320202300e-04;       5466
3.4879286818200e-04;       5466
3.4881254636300e-04;       3516
3.4883221261700e-04;       3516
3.4885189066900e-04;       1566
3.4887155686500e-04;       1566
3.4889123505700e-04;        776
3.4890762236300e-04;        776
3.4892730043400e-04;      -1174
3.4894696634600e-04;      -1174
3.4896664450300e-04;       4552
3.4898631052600e-04;       4552
3.4900598880500e-04;       2602
3.4902565495800e-04;       2602
3.4904533313100e-04;        652
3.4906172039000e-04;        652
3.4908139858700e-04;      -1298
3.4910106470000e-04;      -1298
3.4912074282100e-04;       5588
3.4914040895200e-04;       5588
3.4916008710700e-04;       3638
3.4917975316500e-04;       3638
3.4919615273300e-04;       1688
3.4921581870800e-04;       1688
3.4923549688500e-04;       -262
3.4925516302100e-04;       -262
3.4927484110200e-04;       5464
3.4929450728800e-04;       5464
3.4931418537400e-04;       3514
3.4933385148600e-04;       3514
3.4935025087400e-04;       1564
3.4936991705200e-04;       1564
3.4938959536600e-04;       8450
3.4940926161500e-04;       8450
3.4942893966000e-04;       6500
3.4944860567400e-04;       6500
3.4946828385200e-04;       4550
3.4948467121900e-04;       4550
3.4950434926000e-04;       2600
3.4952401550000e-04;       2600
3.4954369364400e-04;        650
3.4956335988100e-04;        650
3.4958303781100e-04;      -1300
3.4960270401300e-04;      -1300
3.4962238206000e-04;       5586
3.4963876951700e-04;       5586
3.4965844767500e-04;       3636
3.4967811375500e-04;       3636
3.4969779181800e-04;       1686
3.4971745806000e-04;       1686
3.4973713601300e-04;       -264
3.4975680216000e-04;       -264
3.4977320163600e-04;       5462
3.4979286770000e-04;       5462
3.4981254577500e-04;       3512
3.4983221210500e-04;       3512
3.4985189003800e-04;       1562
3.4987155630900e-04;       1562
3.4989123457600e-04;       8448
3.4990762191600e-04;       8448
3.4992730003900e-04;       6498
3.4994696613100e-04;       6498
3.4996664425600e-04;       4548
3.4998631037900e-04;       4548
3.5000598849800e-04;       2598
3.5002565461200e-04;       2598
3.5004533277500e-04;        648
3.5006172025800e-04;        648
3.5008139832600e-04;      -1302
3.5010106456100e-04;      -1302
3.5012074272700e-04;       5584
3.5014040888100e-04;       5584
3.5016008714800e-04;       3634
3.5017975338100e-04;       3634
3.5019615267000e-04;       1684
3.5021581880000e-04;       1684
3.5023549708700e-04;       -266
3.5025516308800e-04;       -266
3.5027484110400e-04;       5460
3.5029450721300e-04;       5460
3.5031418542800e-04;       3510
3.5033385160100e-04;       3510
3.5035025103300e-04;       1560
3.5036991726900e-04;       1560
3.5038959548200e-04;        770
3.5040926158500e-04;        770
3.5042893973000e-04;      -1180
3.5044860586300e-04;      -1180
3.5046828408900e-04;       4546
3.5048467153400e-04;       4546
3.5050434962600e-04;       2596
3.5052401583000e-04;       2596
3.5054369396100e-04;        646
3.5056336020700e-04;        646
3.5058303828800e-04;      -1304
3.5060270441200e-04;      -1304
3.5062238262700e-04;       5582
3.5063876999400e-04;       5582
3.5065844815900e-04;       3632
3.5067811429900e-04;       3632
3.5069779257200e-04;       1682
3.5071745862800e-04;       1682
3.5073713679100e-04;       -268
3.5075680281400e-04;       -268
3.5077320233200e-04;       5458
3.5079286835200e-04;       5458
3.5081254658900e-04;       3508
3.5083221270600e-04;       3508
3.5085189097600e-04;       1558
3.5087155692400e-04;       1558
3.5089123504500e-04;       8444
3.5090762250300e-04;       8444
3.5092730081000e-04;      -1182
3.5094696706600e-04;      -1182
3.5096664506100e-04;       4544
3.5098631135500e-04;       4544
3.5100598942900e-04;       2594
3.5102565564600e-04;       2594
3.5104533390600e-04;        644
3.5106172123300e-04;        644
3.5108139930700e-04;      -1306
3.5110106552000e-04;      -1306
3.5112074356500e-04;       5580
3.5114040973300e-04;       5580
3.5116008781700e-04;       3630
3.5117975398700e-04;       3630
3.5119615335600e-04;       1680
3.5121581960000e-04;       1680
3.5123549762400e-04;       -270
3.5125516389900e-04;       -270
3.5127484209000e-04;       5456
3.5129450834300e-04;       5456
3.5131418637700e-04;       3506
3.5133385247700e-04;       3506
3.5135025196800e-04;       1556
3.5136991823000e-04;       1556
3.5138959640500e-04;        766
3.5140926252900e-04;        766
3.5142894041400e-04;      -1184
3.5144860672000e-04;      -1184
3.5146828472300e-04;       4542
3.5148467212000e-04;       4542
3.5150435034200e-04;       2592
3.5152401639800e-04;       2592
3.5154369459400e-04;        642
3.5156336067900e-04;        642
3.5158303889500e-04;      -1308
3.5160270493500e-04;      -1308
3.5162238320900e-04;       5578
3.5163877058700e-04;       5578
3.5165844889600e-04;       3628
3.5167811510800e-04;       3628
3.5169779334500e-04;       1678
3.5171745946300e-04;       1678
3.5173713754800e-04;       7404
3.5175680375100e-04;       7404
3.5177320339000e-04;       5454
3.5179286941300e-04;       5454
3.5181254766700e-04;       3504
3.5183221376200e-04;       3504
3.5185189201200e-04;       1554
3.5187155796600e-04;       1554
3.5189123600600e-04;       8440
3.5190762345000e-04;       8440
3.5192730150400e-04;       6490
3.5194696764200e-04;       6490
3.5196664577600e-04;       4540
3.5198631198200e-04;       4540
3.5200598993300e-04;       2590
3.5202565594900e-04;       2590
3.5204533407400e-04;        640
3.5206172144800e-04;        640
3.5208139958400e-04;       6366
3.5210106572200e-04;       6366
3.5212074379000e-04;       5576
3.5214040995000e-04;       5576
3.5216008813500e-04;       3626
3.5217975403300e-04;       3626
3.5219615353100e-04;       1676
3.5221581970300e-04;       1676
3.5223549767600e-04;       7402
3.5225516377900e-04;       7402
3.5227484188700e-04;       5452
3.5229450796000e-04;       5452
3.5231418610900e-04;       3502
3.5233385226600e-04;       3502
3.5235025165900e-04;       1552
3.5236991772100e-04;       1552
3.5238959586600e-04;       8438
3.5240926214600e-04;       8438
3.5242894017600e-04;       6488
3.5244860628500e-04;       6488
3.5246828420000e-04;       4538
3.5248467170300e-04;       4538
3.5250434986300e-04;       2588
3.5252401595400e-04;       2588
3.5254369397900e-04;        638
3.5256335997700e-04;        638
3.5258303804400e-04;      -1312
3.5260270413900e-04;      -1312
3.5262238231800e-04;       5574
3.5263876967200e-04;       5574
3.5265844789800e-04;       3624
3.5267811400700e-04;       3624
3.5269779221700e-04;       1674
3.5271745830400e-04;       1674
3.5273713637600e-04;       -276
3.5275680251900e-04;       -276
3.5277320191200e-04;       5450
3.5279286805400e-04;       5450
3.5281254614000e-04;       3500
3.5283221231400e-04;       3500
3.5285189046900e-04;       1550
3.5287155663500e-04;       1550
3.5289123475700e-04;        760
3.5290762227200e-04;        760
3.5292730052700e-04;       6486
3.5294696639500e-04;       6486
3.5296664468900e-04;       4536
3.5298631083200e-04;       4536
3.5300598903100e-04;       2586
3.5302565519000e-04;       2586
3.5304533343000e-04;        636
3.5306172088800e-04;        636
3.5308139907500e-04;      -1314
3.5310106513700e-04;      -1314
3.5312074311200e-04;       5572
3.5314040925200e-04;       5572
3.5316008716900e-04;       3622
3.5317975329400e-04;       3622
3.5319615283200e-04;       1672
3.5321581893400e-04;       1672
3.5323549706400e-04;       7398
3.5325516314800e-04;       7398
3.5327484136800e-04;       5448
3.5329450748200e-04;       5448
3.5331418573200e-04;       3498
3.5333385194700e-04;       3498
3.5335025117700e-04;       1548
3.5336991738300e-04;       1548
3.5338959549700e-04;       8434
3.5340926153800e-04;       8434
3.5342893966500e-04;       6484
3.5344860566600e-04;       6484
3.5346828380400e-04;       4534
3.5348467135400e-04;       4534
3.5350434932500e-04;       2584
3.5352401544000e-04;       2584
3.5354369337100e-04;        634
3.5356335957000e-04;        634
3.5358303771000e-04;      -1316
3.5360270359600e-04;      -1316
3.5362238171400e-04;       5570
3.5363876917500e-04;       5570
3.5365844743000e-04;       3620
3.5367811347400e-04;       3620
3.5369779155200e-04;       1670
3.5371745785800e-04;       1670
3.5373713606500e-04;       -280
3.5375680213000e-04;       -280
3.5377320165700e-04;       5446
3.5379286781600e-04;       5446
3.5381254600200e-04;       3496
3.5383221225600e-04;       3496
3.5385189050200e-04;       1546
3.5387155667900e-04;       1546
3.5389123495600e-04;        756
3.5390762224800e-04;        756
3.5392730039800e-04;      -1194
3.5394696645500e-04;      -1194
3.5396664456900e-04;       4532
3.5398631081600e-04;       4532
3.5400598901500e-04;       2582
3.5402565507100e-04;       2582
3.5404533326500e-04;        632
3.5406172064600e-04;        632
3.5408139876600e-04;      -1318
3.5410106487500e-04;      -1318
3.5412074322400e-04;       5568
3.5414040928400e-04;       5568
3.5416008729200e-04;       3618
3.5417975350600e-04;       3618
3.5419615294000e-04;       1668
3.5421581903300e-04;       1668
3.5423549710600e-04;       -282
3.5425516320500e-04;       -282
3.5427484134400e-04;       5444
3.5429450741000e-04;       5444
3.5431418556300e-04;       3494
3.5433385172000e-04;       3494
3.5435025125200e-04;       1544
3.5436991742900e-04;       1544
3.5438959566700e-04;       8430
3.5440926175100e-04;       8430
3.5442893982700e-04;       6480
3.5444860590000e-04;       6480
3.5446828413500e-04;       4530
3.5448467157600e-04;       4530
3.5450434981300e-04;       2580
3.5452401598100e-04;       2580
3.5454369400300e-04;        630
3.5456336013100e-04;        630
3.5458303822000e-04;       6356
3.5460270437600e-04;       6356
3.5462238233700e-04;       5566
3.5463876986700e-04;       5566
3.5465844799200e-04;       3616
3.5467811417500e-04;       3616
3.5469779239300e-04;       1666
3.5471745857700e-04;       1666
3.5473713669500e-04;       -284
3.5475680274700e-04;       -284
3.5477320213900e-04;       5442
3.5479286819600e-04;       5442
3.5481254633900e-04;       3492
3.5483221248800e-04;       3492
3.5485189061600e-04;       1542
3.5487155681200e-04;       1542
3.5489123501700e-04;       8428
3.5490762249000e-04;       8428
3.5492730061200e-04;       6478
3.5494696668800e-04;       6478
3.5496664489600e-04;       4528
3.5498631082800e-04;       4528
3.5500598888400e-04;       2578
3.5502565497100e-04;       2578
3.5504533315500e-04;        628
3.5506172056800e-04;        628
3.5508139855200e-04;       6354
3.5510106474400e-04;       6354
3.5512074296700e-04;       5564
3.5514040916500e-04;       5564
3.5516008727100e-04;       3614
3.5517975348700e-04;       3614
3.5519615273000e-04;       1664
3.5521581882500e-04;       1664
3.5523549692200e-04;       -286
3.5525516306500e-04;       -286
3.5527484118500e-04;       5440
3.5529450726400e-04;       5440
3.5531418539100e-04;       3490
3.5533385131800e-04;       3490
3.5535025080400e-04;       1540
3.5536991703700e-04;       1540
3.5538959512000e-04;        750
3.5540926129100e-04;        750
3.5542893943600e-04;      -1200
3.5544860548800e-04;      -1200
3.5546828360900e-04;       4526
3.5548467106700e-04;       4526
3.5550434923000e-04;       2576
3.5552401518200e-04;       2576
3.5554369330900e-04;        626
3.5556335948400e-04;        626
3.5558303771400e-04;      -1324
3.5560270383400e-04;      -1324
3.5562238192800e-04;       5562
3.5563876918100e-04;       5562
3.5565844720700e-04;       3612
3.5567811334400e-04;       3612
3.5569779138900e-04;       1662
3.5571745757700e-04;       1662
3.5573713564100e-04;       -288
3.5575680189500e-04;       -288
3.5577320130400e-04;      -2238
3.5579286728000e-04;      -2238
3.5581254557200e-04;       3488
3.5583221146500e-04;       3488
3.5585188967400e-04;       1538
3.5587155569800e-04;       1538
3.5589123376000e-04;        748
3.5590762124000e-04;        748
3.5592729943400e-04;       6474
3.5594696567000e-04;       6474
3.5596664387000e-04;       4524
3.5598630991300e-04;       4524
3.5600598813000e-04;       2574
3.5602565439400e-04;       2574
3.5604533259400e-04;        624
3.5606172000900e-04;        624
3.5608139813300e-04;      -1326
3.5610106429700e-04;      -1326
3.5612074225400e-04;       5560
3.5614040840400e-04;       5560
3.5616008658400e-04;       3610
3.5617975266000e-04;       3610
3.5619615218100e-04;       1660
3.5621581810000e-04;       1660
3.5623549630500e-04;       -290
3.5625516246900e-04;       -290
3.5627484061600e-04;       5436
3.5629450680200e-04;       5436
3.5631418491900e-04;       3486
3.5633385117100e-04;       3486
3.5635025095300e-04;       1536
3.5636991700300e-04;       1536
3.5638959519600e-04;        746
3.5640926138500e-04;        746
3.5642893951100e-04;      -1204
3.5644860577200e-04;      -1204
3.5646828388800e-04;       4522
3.5648467118500e-04;       4522
3.5650434935500e-04;       2572
3.5652401549700e-04;       2572
3.5654369358700e-04;        622
3.5656335967800e-04;        622
3.5658303783200e-04;      -1328
3.5660270374700e-04;      -1328
3.5662238201500e-04;       5558
3.5663876948600e-04;       5558
3.5665844765700e-04;       3608
3.5667811383600e-04;       3608
3.5669779188000e-04;       1658
3.5671745803800e-04;       1658
3.5673713622800e-04;       7384
3.5675680235700e-04;       7384
3.5677320183400e-04;       5434
3.5679286790300e-04;       5434
3.5681254611100e-04;       3484
3.5683221227700e-04;       3484
3.5685189049100e-04;       1534
3.5687155667200e-04;       1534
3.5689123471300e-04;        744
3.5690762216600e-04;        744
3.5692730029800e-04;      -1206
3.5694696649600e-04;      -1206
3.5696664481600e-04;       4520
3.5698631087800e-04;       4520
3.5700598916900e-04;       2570
3.5702565538200e-04;       2570
3.5704533368700e-04;        620
3.5706172120400e-04;        620
3.5708139918100e-04;      -1330
3.5710106539300e-04;      -1330
3.5712074356100e-04;       5556
3.5714040963000e-04;       5556
3.5716008779200e-04;       3606
3.5717975403800e-04;       3606
3.5719615334800e-04;       1656
3.5721581950200e-04;       1656
3.5723549763600e-04;       7382
3.5725516380200e-04;       7382
3.5727484199500e-04;       5432
3.5729450837400e-04;       5432
3.5731418646800e-04;       3482
3.5733385255500e-04;       3482
3.5735025197900e-04;       1532
3.5736991812300e-04;       1532
3.5738959632000e-04;       8418
3.5740926243900e-04;       8418
3.5742894063500e-04;       6468
3.5744860676600e-04;       6468
3.5746828479700e-04;       4518
3.5748467203200e-04;       4518
3.5750435012700e-04;       2568
3.5752401619900e-04;       2568
3.5754369434400e-04;        618
3.5756336041500e-04;        618
3.5758303849600e-04;      -1332
3.5760270456100e-04;      -1332
3.5762238277000e-04;       5554
3.5763877014100e-04;       5554
3.5765844827200e-04;       3604
3.5767811436500e-04;       3604
3.5769779261000e-04;       1654
3.5771745862800e-04;       1654
3.5773713687200e-04;       7380
3.5775680298600e-04;       7380
3.5777320240300e-04;       5430
3.5779286852200e-04;       5430
3.5781254666400e-04;       3480
3.5783221268700e-04;       3480
3.5785189090800e-04;       1530
3.5787155704000e-04;       1530
3.5789123512100e-04;        740
3.5790762249600e-04;        740
3.5792730063000e-04;      -1210
3.5794696675900e-04;      -1210
3.5796664480300e-04;       4516
3.5798631118400e-04;       4516
3.5800598928000e-04;       2566
3.5802565545200e-04;       2566
3.5804533357000e-04;        616
3.5806172090600e-04;        616
3.5808139894200e-04;      -1334
3.5810106506000e-04;      -1334
3.5812074317800e-04;       5552
3.5814040924900e-04;       5552
3.5816008755900e-04;       3602
3.5817975368900e-04;       3602
3.5819615303600e-04;       1652
3.5821581912600e-04;       1652
3.5823549729100e-04;       7378
3.5825516325400e-04;       7378
3.5827484144700e-04;       5428
3.5829450745700e-04;       5428
3.5831418571700e-04;       3478
3.5833385174300e-04;       3478
3.5835025122500e-04;       1528
3.5836991746000e-04;       1528
3.5838959555200e-04;       8414
3.5840926164300e-04;       8414
3.5842893964200e-04;       6464
3.5844860564300e-04;       6464
3.5846828393700e-04;       4514
3.5848467134900e-04;       4514
3.5850434937900e-04;       2564
3.5852401532000e-04;       2564
3.5854369340900e-04;        614
3.5856335940900e-04;        614
3.5858303757600e-04;      -1336
3.5860270378600e-04;      -1336
3.5862238173300e-04;       5550
3.5863876928100e-04;       5550
3.5865844739500e-04;       3600
3.5867811347600e-04;       3600
3.5869779156500e-04;       1650
3.5871745788800e-04;       1650
3.5873713601000e-04;       -300
3.5875680210500e-04;       -300
3.5877320152400e-04;       5426
3.5879286770300e-04;       5426
3.5881254596500e-04;       3476
3.5883221214400e-04;       3476
3.5885189021900e-04;       1526
3.5887155639700e-04;       1526
3.5889123445400e-04;       8412
3.5890762200700e-04;       8412
3.5892730013500e-04;      -1214
3.5894696623900e-04;      -1214
3.5896664432100e-04;       4512
3.5898631037700e-04;       4512
3.5900598869900e-04;       2562
3.5902565476200e-04;       2562
3.5904533291700e-04;        612
3.5906172029700e-04;        612
3.5908139848000e-04;      -1338
3.5910106443800e-04;      -1338
3.5912074259800e-04;       5548
3.5914040884100e-04;       5548
3.5916008691400e-04;       3598
3.5917975295000e-04;       3598
3.5919615235600e-04;       1648
3.5921581860400e-04;       1648
3.5923549668800e-04;       -302
3.5925516292100e-04;       -302
3.5927484103900e-04;       5424
3.5929450711700e-04;       5424
3.5931418522200e-04;       3474
3.5933385131900e-04;       3474
3.5935025077500e-04;       1524
3.5936991686100e-04;       1524
3.5938959504100e-04;        734
3.5940926114100e-04;        734
3.5942893922200e-04;      -1216
3.5944860533000e-04;      -1216
3.5946828342500e-04;       4510
3.5948467087500e-04;       4510
3.5950434906700e-04;       2560
3.5952401516800e-04;       2560
3.5954369323300e-04;        610
3.5956335931000e-04;        610
3.5958303748400e-04;      -1340
3.5960270357900e-04;      -1340
3.5962238165000e-04;       5546
3.5963876912400e-04;       5546
3.5965844731600e-04;       3596
3.5967811353300e-04;       3596
3.5969779177400e-04;       1646
3.5971745795800e-04;       1646
3.5973713608400e-04;       -304
3.5975680215300e-04;       -304
3.5977320163500e-04;       5422
3.5979286778400e-04;       5422
3.5981254605800e-04;       3472
3.5983221220100e-04;       3472
3.5985189029500e-04;       1522
3.5987155640800e-04;       1522
3.5989123447900e-04;        732
3.5990762209600e-04;        732
3.5992730012400e-04;      -1218
3.5994696624100e-04;      -1218
3.5996664455100e-04;       4508
3.5998631060000e-04;       4508
3.6000598864900e-04;       2558
3.6002565495100e-04;       2558
3.6004533307300e-04;        608
3.6006172061200e-04;        608
3.6008139878500e-04;      -1342
3.6010106483700e-04;      -1342
3.6012074305900e-04;       5544
3.6014040925900e-04;       5544
3.6016008735100e-04;       3594
3.6017975355800e-04;       3594
3.6019615292900e-04;       1644
3.6021581895800e-04;       1644
3.6023549711600e-04;       7370
3.6025516327600e-04;       7370
3.6027484150400e-04;       5420
3.6029450794600e-04;       5420
3.6031418594500e-04;       3470
3.6033385201700e-04;       3470
3.6035025149600e-04;       1520
3.6036991750100e-04;       1520
3.6038959573100e-04;        730
3.6040926172700e-04;        730
3.6042893974800e-04;       6456
3.6044860594600e-04;       6456
3.6046828391300e-04;       4506
3.6048467137100e-04;       4506
3.6050434957500e-04;       2556
3.6052401566400e-04;       2556
3.6054369381700e-04;        606
3.6056336001500e-04;        606
3.6058303803000e-04;      -1344
3.6060270419200e-04;      -1344
3.6062238233100e-04;       5542
3.6063876977700e-04;       5542
3.6065844778300e-04;       3592
3.6067811375700e-04;       3592
3.6069779197300e-04;       1642
3.6071745810400e-04;       1642
3.6073713636700e-04;       -308
3.6075680234900e-04;       -308
3.6077320190400e-04;       5418
3.6079286815700e-04;       5418
3.6081254621900e-04;       3468
3.6083221251900e-04;       3468
3.6085189068400e-04;       1518
3.6087155683100e-04;       1518
3.6089123492100e-04;        728
3.6090762226000e-04;        728
3.6092730032100e-04;       6454
3.6094696654600e-04;       6454
3.6096664476000e-04;       4504
3.6098631098200e-04;       4504
3.6100598926400e-04;       2554
3.6102565523700e-04;       2554
3.6104533346700e-04;        604
3.6106172082300e-04;        604
3.6108139901700e-04;       6330
3.6110106525500e-04;       6330
3.6112074336600e-04;       5540
3.6114040944100e-04;       5540
3.6116008766800e-04;       3590
3.6117975376300e-04;       3590
3.6119615318500e-04;       1640
3.6121581929900e-04;       1640
3.6123549746900e-04;       7366
3.6125516358800e-04;       7366
3.6127484179300e-04;       5416
3.6129450787600e-04;       5416
3.6131418594400e-04;       3466
3.6133385211200e-04;       3466
3.6135025152100e-04;       1516
3.6136991773300e-04;       1516
3.6138959582300e-04;       8402
3.6140926198600e-04;       8402
3.6142894006500e-04;      -1224
3.6144860613400e-04;      -1224
3.6146828436100e-04;       4502
3.6148467187400e-04;       4502
3.6150435010800e-04;       2552
3.6152401620900e-04;       2552
3.6154369441200e-04;        602
3.6156336046700e-04;        602
3.6158303871400e-04;       6328
3.6160270484900e-04;       6328
3.6162238293700e-04;       5538
3.6163877039900e-04;       5538
3.6165844852700e-04;       3588
3.6167811462900e-04;       3588
3.6169779291200e-04;       1638
3.6171745910200e-04;       1638
3.6173713711900e-04;       7364
3.6175680339900e-04;       7364
3.6177320297700e-04;       5414
3.6179286913100e-04;       5414
3.6181254726500e-04;       3464
3.6183221348100e-04;       3464
3.6185189155800e-04;       1514
3.6187155776600e-04;       1514
3.6189123574700e-04;       8400
3.6190762302600e-04;       8400
3.6192730135500e-04;       6450
3.6194696753500e-04;       6450
3.6196664559600e-04;       4500
3.6198631155800e-04;       4500
3.6200598951500e-04;       2550
3.6202565582000e-04;       2550
3.6204533397100e-04;        600
3.6206172134500e-04;        600
3.6208139952000e-04;       6326
3.6210106546600e-04;       6326
3.6212074338300e-04;       5536
3.6214040945600e-04;       5536
3.6216008766400e-04;       3586
3.6217975386400e-04;       3586
3.6219615315800e-04;       1636
3.6221581935900e-04;       1636
3.6223549752000e-04;       -314
3.6225516370500e-04;       -314
3.6227484186100e-04;       5412
3.6229450798700e-04;       5412
3.6231418614500e-04;       3462
3.6233385228200e-04;       3462
3.6235025167400e-04;       1512
3.6236991792000e-04;       1512
3.6238959601800e-04;       8398
3.6240926212900e-04;       8398
3.6242894028500e-04;       6448
3.6244860638400e-04;       6448
3.6246828431500e-04;       4498
3.6248467168800e-04;       4498
3.6250434966800e-04;       2548
3.6252401574300e-04;       2548
3.6254369388900e-04;        598
3.6256335998600e-04;        598
3.6258303799000e-04;      -1352
3.6260270399600e-04;      -1352
3.6262238226400e-04;       5534
3.6263876965800e-04;       5534
3.6265844781600e-04;       3584
3.6267811394800e-04;       3584
3.6269779215300e-04;       1634
3.6271745822900e-04;       1634
3.6273713633300e-04;       -316
3.6275680242700e-04;       -316
3.6277320179800e-04;       5410
3.6279286789600e-04;       5410
3.6281254616700e-04;       3460
3.6283221232200e-04;       3460
3.6285189042400e-04;       1510
3.6287155654500e-04;       1510
3.6289123452100e-04;       8396
3.6290762190300e-04;       8396
3.6292730011400e-04;       6446
3.6294696624300e-04;       6446
3.6296664437500e-04;       4496
3.6298631053800e-04;       4496
3.6300598854000e-04;       2546
3.6302565467400e-04;       2546
3.6304533276300e-04;        596
3.6306172031000e-04;        596
3.6308139835000e-04;      -1354
3.6310106448000e-04;      -1354
3.6312074268200e-04;       5532
3.6314040875100e-04;       5532
3.6316008701200e-04;       3582
3.6317975303600e-04;       3582
3.6319615257100e-04;       1632
3.6321581873400e-04;       1632
3.6323549672200e-04;       7358
3.6325516276800e-04;       7358
3.6327484096600e-04;       5408
3.6329450696000e-04;       5408
3.6331418513900e-04;       3458
3.6333385126800e-04;       3458
3.6335025079300e-04;       1508
3.6336991707500e-04;       1508
3.6338959510200e-04;        718
3.6340926125700e-04;        718
3.6342893935900e-04;      -1232
3.6344860536900e-04;      -1232
3.6346828371400e-04;       4494
3.6348467104500e-04;       4494
3.6350434917700e-04;       2544
3.6352401527400e-04;       2544
3.6354369341200e-04;        594
3.6356335955800e-04;        594
3.6358303761400e-04;      -1356
3.6360270364900e-04;      -1356
3.6362238195500e-04;       5530
3.6363876940800e-04;       5530
3.6365844755400e-04;       3580
3.6367811363300e-04;       3580
3.6369779184000e-04;       1630
3.6371745812800e-04;       1630
3.6373713623500e-04;       -320
3.6375680247500e-04;       -320
3.6377320209300e-04;       5406
3.6379286809500e-04;       5406
3.6381254643400e-04;       3456
3.6383221261600e-04;       3456
3.6385189083600e-04;       1506
3.6387155700000e-04;       1506
3.6389123500500e-04;       8392
3.6390762240800e-04;       8392
3.6392730053600e-04;      -1234
3.6394696679300e-04;      -1234
3.6396664488800e-04;       4492
3.6398631111600e-04;       4492
3.6400598923000e-04;       2542
3.6402565534900e-04;       2542
3.6404533353200e-04;        592
3.6406172083700e-04;        592
3.6408139901200e-04;      -1358
3.6410106502000e-04;      -1358
3.6412074305300e-04;       5528
3.6414040937500e-04;       5528
3.6416008747200e-04;       3578
3.6417975363900e-04;       3578
3.6419615301200e-04;       1628
3.6421581912800e-04;       1628
3.6423549718500e-04;       -322
3.6425516333200e-04;       -322
3.6427484161700e-04;       5404
3.6429450777900e-04;       5404
3.6431418584700e-04;       3454
3.6433385195300e-04;       3454
3.6435025149200e-04;       1504
3.6436991750300e-04;       1504
3.6438959563500e-04;        714
3.6440926179200e-04;        714
3.6442893990300e-04;      -1236
3.6444860608900e-04;      -1236
3.6446828410000e-04;       4490
3.6448467148900e-04;       4490
3.6450434965100e-04;       2540
3.6452401589400e-04;       2540
3.6454369404500e-04;        590
3.6456336021900e-04;        590
3.6458303827000e-04;       6316
3.6460270427300e-04;       6316
3.6462238245500e-04;       5526
3.6463876994300e-04;       5526
3.6465844788800e-04;       3576
3.6467811402900e-04;       3576
3.6469779204600e-04;       1626
3.6471745826000e-04;       1626
3.6473713653400e-04;       7352
3.6475680284200e-04;       7352
3.6477320231500e-04;       5402
3.6479286832300e-04;       5402
3.6481254649400e-04;       3452
3.6483221267300e-04;       3452
3.6485189069300e-04;       1502
3.6487155671800e-04;       1502
3.6489123478300e-04;       8388
3.6490762218800e-04;       8388
3.6492730027800e-04;       6438
3.6494696644100e-04;       6438
3.6496664450700e-04;       4488
3.6498631054900e-04;       4488
3.6500598852500e-04;       2538
3.6502565464700e-04;       2538
3.6504533269700e-04;        588
3.6506172001900e-04;        588
3.6508139808100e-04;       6314
3.6510106421000e-04;       6314
3.6512074232800e-04;       5524
3.6514040853800e-04;       5524
3.6516008677500e-04;       3574
3.6517975287400e-04;       3574
3.6519615241200e-04;       1624
3.6521581855900e-04;       1624
3.6523549666200e-04;       -326
3.6525516266300e-04;       -326
3.6527484076200e-04;       5400
3.6529450671500e-04;       5400
3.6531418496900e-04;       3450
3.6533385100300e-04;       3450
3.6535025067200e-04;       1500
3.6536991652300e-04;       1500
3.6538959484900e-04;       8386
3.6540926093200e-04;       8386
3.6542893879100e-04;      -1240
3.6544860495700e-04;      -1240
3.6546828322300e-04;       4486
3.6548467081400e-04;       4486
3.6550434897900e-04;       2536
3.6552401499700e-04;       2536
3.6554369316200e-04;        586
3.6556335934200e-04;        586
3.6558303756500e-04;      -1364
3.6560270369100e-04;      -1364
3.6562238176400e-04;       5522
3.6563876911200e-04;       5522
3.6565844738600e-04;       3572
3.6567811345300e-04;       3572
3.6569779165000e-04;       1622
3.6571745777000e-04;       1622
3.6573713582400e-04;       -328
3.6575680194300e-04;       -328
3.6577320139100e-04;       5398
3.6579286750400e-04;       5398
3.6581254572200e-04;       3448
3.6583221188400e-04;       3448
3.6585189018700e-04;       1498
3.6587155629200e-04;       1498
3.6589123445800e-04;       8384
3.6590762199900e-04;       8384
3.6592730009400e-04;       6434
3.6594696630100e-04;       6434
3.6596664464500e-04;       4484
3.6598631060600e-04;       4484
3.6600598871800e-04;       2534
3.6602565472000e-04;       2534
3.6604533274000e-04;        584
3.6606172018900e-04;        584
3.6608139846700e-04;       6310
3.6610106448000e-04;       6310
3.6612074246300e-04;       5520
3.6614040854200e-04;       5520
3.6616008650000e-04;       3570
3.6617975277900e-04;       3570
3.6619615219800e-04;       1620
3.6621581831900e-04;       1620
3.6623549652300e-04;       -330
3.6625516279500e-04;       -330
3.6627484069800e-04;      -2280
3.6629450672200e-04;      -2280
3.6631418496100e-04;       3446
3.6633385086400e-04;       3446
3.6635025033800e-04;       1496
3.6636991646800e-04;       1496
3.6638959455600e-04;       8382
3.6640926062200e-04;       8382
3.6642893865100e-04;       6432
3.6644860481200e-04;       6432
3.6646828301500e-04;       4482
3.6648467040400e-04;       4482
3.6650434850100e-04;       2532
3.6652401468400e-04;       2532
3.6654369276200e-04;        582
3.6656335884600e-04;        582
3.6658303686200e-04;      -1368
3.6660270294500e-04;      -1368
3.6662238108000e-04;       5518
3.6663876826400e-04;       5518
3.6665844645500e-04;       3568
3.6667811256000e-04;       3568
3.6669779084600e-04;       1618
3.6671745693900e-04;       1618
3.6673713524100e-04;       -332
3.6675680139600e-04;       -332
3.6677320078100e-04;      -2282
3.6679286693300e-04;      -2282
3.6681254514600e-04;       3444
3.6683221109500e-04;       3444
3.6685188924600e-04;       1494
3.6687155552000e-04;       1494
3.6689123377800e-04;        704
3.6690762117800e-04;        704
3.6692729918300e-04;      -1246
3.6694696536400e-04;      -1246
3.6696664365700e-04;       4480
3.6698630974800e-04;       4480
3.6700598802100e-04;       2530
3.6702565419700e-04;       2530
3.6704533249700e-04;        580
3.6706171982200e-04;        580
3.6708139791000e-04;      -1370
3.6710106411700e-04;      -1370
3.6712074227800e-04;       5516
3.6714040837900e-04;       5516
3.6716008650200e-04;       3566
3.6717975270300e-04;       3566
3.6719615219200e-04;       1616
3.6721581832200e-04;       1616
3.6723549639600e-04;       7342
3.6725516249700e-04;       7342
3.6727484050900e-04;       5392
3.6729450686400e-04;       5392
3.6731418497700e-04;       3442
3.6733385115100e-04;       3442
3.6735025053100e-04;       1492
3.6736991665700e-04;       1492
3.6738959484600e-04;       8378
3.6740926088700e-04;       8378
3.6742893900200e-04;       6428
3.6744860518200e-04;       6428
3.6746828315900e-04;       4478
3.6748467065700e-04;       4478
3.6750434875100e-04;       2528
3.6752401487100e-04;       2528
3.6754369302800e-04;        578
3.6756335905100e-04;        578
3.6758303714400e-04;      -1372
3.6760270332700e-04;      -1372
3.6762238133300e-04;       5514
3.6763876873400e-04;       5514
3.6765844701200e-04;       3564
3.6767811296300e-04;       3564
3.6769779108700e-04;       1614
3.6771745709300e-04;       1614
3.6773713530000e-04;       -336
3.6775680145300e-04;       -336
3.6777320081400e-04;       5390
3.6779286686500e-04;       5390
3.6781254506400e-04;       3440
3.6783221104200e-04;       3440
3.6785188932600e-04;       1490
3.6787155529600e-04;       1490
3.6789123335200e-04;        700
3.6790762083500e-04;        700
3.6792729892500e-04;      -1250
3.6794696519500e-04;      -1250
3.6796664311600e-04;       4476
3.6798630941900e-04;       4476
3.6800598735900e-04;       2526
3.6802565360900e-04;       2526
3.6804533165200e-04;        576
3.6806171909400e-04;        576
3.6808139719100e-04;      -1374
3.6810106339600e-04;      -1374
3.6812074146800e-04;       5512
3.6814040764100e-04;       5512
3.6816008572600e-04;       3562
3.6817975214200e-04;       3562
3.6819615145100e-04;       1612
3.6821581766300e-04;       1612
3.6823549572400e-04;       -338
3.6825516199400e-04;       -338
3.6827484011500e-04;      -2288
3.6829450620300e-04;      -2288
3.6831418440700e-04;       3438
3.6833385054500e-04;       3438
3.6835025002600e-04;       1488
3.6836991611400e-04;       1488
3.6838959421900e-04;        698
3.6840926037700e-04;        698
3.6842893845000e-04;      -1252
3.6844860451800e-04;      -1252
3.6846828263100e-04;       4474
3.6848467001100e-04;       4474
3.6850434816500e-04;       2524
3.6852401428100e-04;       2524
3.6854369257000e-04;        574
3.6856335863200e-04;        574
3.6858303688200e-04;      -1376
3.6860270289600e-04;      -1376
3.6862238119300e-04;       5510
3.6863876868100e-04;       5510
3.6865844677100e-04;       3560
3.6867811295800e-04;       3560
3.6869779106200e-04;       1610
3.6871745719700e-04;       1610
3.6873713544000e-04;       -340
3.6875680153800e-04;       -340
3.6877320104500e-04;       5386
3.6879286714100e-04;       5386
3.6881254512200e-04;       3436
3.6883221123900e-04;       3436
3.6885188937100e-04;       1486
3.6887155555400e-04;       1486
3.6889123363300e-04;        696
3.6890762093500e-04;        696
3.6892729910400e-04;      -1254
3.6894696520300e-04;      -1254
3.6896664330000e-04;       4472
3.6898630959300e-04;       4472
3.6900598774000e-04;       2522
3.6902565401900e-04;       2522
3.6904533216300e-04;        572
3.6906171965400e-04;        572
3.6908139775600e-04;      -1378
3.6910106395000e-04;      -1378
3.6912074207800e-04;       5508
3.6914040831500e-04;       5508
3.6916008639300e-04;       3558
3.6917975231100e-04;       3558
3.6919615192000e-04;       1608
3.6921581795800e-04;       1608
3.6923549595800e-04;       -342
3.6925516218000e-04;       -342
3.6927484034800e-04;       5384
3.6929450638500e-04;       5384
3.6931418450500e-04;       3434
3.6933385049600e-04;       3434
3.6935024996500e-04;       1484
3.6936991610100e-04;       1484
3.6938959418100e-04;        694
3.6940926027400e-04;        694
3.6942893860900e-04;      -1256
3.6944860471100e-04;      -1256
3.6946828291800e-04;       4470
3.6948467034900e-04;       4470
3.6950434841400e-04;       2520
3.6952401461100e-04;       2520
3.6954369269100e-04;        570
3.6956335869500e-04;        570
3.6958303688500e-04;      -1380
3.6960270301600e-04;      -1380
3.6962238136400e-04;       5506
3.6963876866000e-04;       5506
3.6965844683000e-04;       3556
3.6967811297300e-04;       3556
3.6969779102500e-04;       1606
3.6971745721000e-04;       1606
3.6973713528600e-04;       -344
3.6975680150100e-04;       -344
3.6977320093900e-04;       5382
3.6979286712700e-04;       5382
3.6981254534200e-04;       3432
3.6983221136500e-04;       3432
3.6985188951100e-04;       1482
3.6987155563000e-04;       1482
3.6989123380000e-04;       8368
3.6990762125500e-04;       8368
3.6992729933100e-04;       6418
3.6994696544600e-04;       6418
3.6996664360800e-04;       4468
3.6998630984000e-04;       4468
3.7000598803800e-04;       2518
3.7002565415400e-04;       2518
3.7004533214900e-04;        568
3.7006171947400e-04;        568
3.7008139753700e-04;      -1382
3.7010106360900e-04;      -1382
3.7012074173900e-04;       5504
3.7014040791600e-04;       5504
3.7016008594400e-04;       3554
3.7017975218200e-04;       3554
3.7019615149400e-04;       1604
3.7021581763900e-04;       1604
3.7023549571400e-04;       -346
3.7025516165400e-04;       -346
3.7027483994500e-04;       5380
3.7029450605100e-04;       5380
3.7031418407600e-04;       3430
3.7033385032200e-04;       3430
3.7035024969900e-04;       1480
3.7036991585700e-04;       1480
3.7038959399000e-04;        690
3.7040926027400e-04;        690
3.7042893849200e-04;      -1260
3.7044860448300e-04;      -1260
3.7046828280300e-04;       4466
3.7048467020200e-04;       4466
3.7050434830900e-04;       2516
3.7052401446600e-04;       2516
3.7054369261200e-04;        566
3.7056335853200e-04;        566
3.7058303672400e-04;      -1384
3.7060270294400e-04;      -1384
3.7062238111200e-04;       5502
3.7063876863500e-04;       5502
3.7065844678600e-04;       3552
3.7067811284400e-04;       3552
3.7069779093300e-04;       1602
3.7071745711300e-04;       1602
3.7073713535800e-04;       -348
3.7075680152800e-04;       -348
3.7077320075500e-04;      -2298
3.7079286687800e-04;      -2298
3.7081254511200e-04;       3428
3.7083221126900e-04;       3428
3.7085188935300e-04;       1478
3.7087155556700e-04;       1478
3.7089123385800e-04;       8364
3.7090762117300e-04;       8364
3.7092729946200e-04;      -1262
3.7094696570000e-04;      -1262
3.7096664379000e-04;       4464
3.7098630993600e-04;       4464
3.7100598810000e-04;       2514
3.7102565428600e-04;       2514
3.7104533260300e-04;        564
3.7106172014800e-04;        564
3.7108139827000e-04;      -1386
3.7110106452900e-04;      -1386
3.7112074265800e-04;       5500
3.7114040871600e-04;       5500
3.7116008684100e-04;       3550
3.7117975299000e-04;       3550
3.7119615238400e-04;       1600
3.7121581843000e-04;       1600
3.7123549664400e-04;       7326
3.7125516265900e-04;       7326
3.7127484091500e-04;       5376
3.7129450704300e-04;       5376
3.7131418527100e-04;       3426
3.7133385139300e-04;       3426
3.7135025072000e-04;       1476
3.7136991690300e-04;       1476
3.7138959503000e-04;       8362
3.7140926105500e-04;       8362
3.7142893909800e-04;      -1264
3.7144860529900e-04;      -1264
3.7146828350300e-04;       4462
3.7148467091200e-04;       4462
3.7150434921100e-04;       2512
3.7152401540100e-04;       2512
3.7154369360000e-04;        562
3.7156335968300e-04;        562
3.7158303781500e-04;      -1388
3.7160270380800e-04;      -1388
3.7162238189000e-04;       5498
3.7163876932700e-04;       5498
3.7165844755800e-04;       3548
3.7167811354400e-04;       3548
3.7169779165500e-04;       1598
3.7171745774300e-04;       1598
3.7173713584600e-04;       -352
3.7175680200200e-04;       -352
3.7177320146300e-04;       5374
3.7179286761900e-04;       5374
3.7181254566200e-04;       3424
3.7183221194700e-04;       3424
3.7185189012000e-04;       1474
3.7187155632300e-04;       1474
3.7189123452200e-04;        684
3.7190762194100e-04;        684
3.7192729988000e-04;       6410
3.7194696607000e-04;       6410
3.7196664421500e-04;       4460
3.7198631027700e-04;       4460
3.7200598838700e-04;       2510
3.7202565457200e-04;       2510
3.7204533276500e-04;        560
3.7206172027300e-04;        560
3.7208139857800e-04;      -1390
3.7210106475200e-04;      -1390
3.7212074302400e-04;       5496
3.7214040930200e-04;       5496
3.7216008732200e-04;       3546
3.7217975349800e-04;       3546
3.7219615297400e-04;       1596
3.7221581914400e-04;       1596
3.7223549733500e-04;       -354
3.7225516333700e-04;       -354
3.7227484124300e-04;       5372
3.7229450739600e-04;       5372
3.7231418549400e-04;       3422
3.7233385156300e-04;       3422
3.7235025100100e-04;       1472
3.7236991726200e-04;       1472
3.7238959534600e-04;       8358
3.7240926167800e-04;       8358
3.7242893981100e-04;       6408
3.7244860600500e-04;       6408
3.7246828423300e-04;       4458
3.7248467161100e-04;       4458
3.7250434973400e-04;       2508
3.7252401591900e-04;       2508
3.7254369406800e-04;        558
3.7256336033300e-04;        558
3.7258303836600e-04;       6284
3.7260270452400e-04;       6284
3.7262238264900e-04;       5494
3.7263877010100e-04;       5494
3.7265844812400e-04;       3544
3.7267811443400e-04;       3544
3.7269779256700e-04;       1594
3.7271745885800e-04;       1594
3.7273713694000e-04;       7320
3.7275680305000e-04;       7320
3.7277320251300e-04;       5370
3.7279286864300e-04;       5370
3.7281254690600e-04;       3420
3.7283221299900e-04;       3420
3.7285189105700e-04;       1470
3.7287155730400e-04;       1470
3.7289123516600e-04;       8356
3.7290762268100e-04;       8356
3.7292730076100e-04;       6406
3.7294696678500e-04;       6406
3.7296664505300e-04;       4456
3.7298631095700e-04;       4456
3.7300598897300e-04;       2506
3.7302565514500e-04;       2506
3.7304533335600e-04;        556
3.7306172068200e-04;        556
3.7308139877500e-04;       6282
3.7310106489700e-04;       6282
3.7312074309700e-04;       5492
3.7314040929300e-04;       5492
3.7316008744400e-04;       3542
3.7317975359500e-04;       3542
3.7319615297400e-04;       1592
3.7321581925900e-04;       1592
3.7323549732800e-04;       7318
3.7325516346600e-04;       7318
3.7327484151700e-04;       5368
3.7329450758000e-04;       5368
3.7331418556100e-04;       3418
3.7333385175200e-04;       3418
3.7335025102600e-04;       1468
3.7336991714200e-04;       1468
3.7338959526200e-04;        678
3.7340926144800e-04;        678
3.7342893956600e-04;      -1272
3.7344860563900e-04;      -1272
3.7346828370600e-04;       4454
3.7348467148600e-04;       4454
3.7350434961400e-04;       2504
3.7352401579500e-04;       2504
3.7354369392200e-04;        554
3.7356336010100e-04;        554
3.7358303821500e-04;      -1396
3.7360270435100e-04;      -1396
3.7362238245500e-04;       5490
3.7363876975900e-04;       5490
3.7365844788400e-04;       3540
3.7367811402800e-04;       3540
3.7369779221300e-04;       1590
3.7371745840500e-04;       1590
3.7373713659700e-04;       7316
3.7375680272800e-04;       7316
3.7377320220200e-04;       5366
3.7379286838400e-04;       5366
3.7381254647900e-04;       3416
3.7383221247800e-04;       3416
3.7385189065500e-04;       1466
3.7387155672300e-04;       1466
3.7389123496300e-04;       8352
3.7390762253000e-04;       8352
3.7392730065900e-04;       6402
3.7394696691500e-04;       6402
3.7396664508300e-04;       4452
3.7398631107800e-04;       4452
3.7400598918800e-04;       2502
3.7402565528900e-04;       2502
3.7404533346700e-04;        552
3.7406172082500e-04;        552
3.7408139887600e-04;       6278
3.7410106494500e-04;       6278
3.7412074318300e-04;       5488
3.7414040921400e-04;       5488
3.7416008748300e-04;       3538
3.7417975362400e-04;       3538
3.7419615307300e-04;       1588
3.7421581908000e-04;       1588
3.7423549728100e-04;       7314
3.7425516336900e-04;       7314
3.7427484171200e-04;       5364
3.7429450778300e-04;       5364
3.7431418607500e-04;       3414
3.7433385220400e-04;       3414
3.7435025157400e-04;       1464
3.7436991774200e-04;       1464
3.7438959581800e-04;       8350
3.7440926194900e-04;       8350
3.7442894018900e-04;       6400
3.7444860625900e-04;       6400
3.7446828458400e-04;       4450
3.7448467188900e-04;       4450
3.7450434994500e-04;       2500
3.7452401619800e-04;       2500
3.7454369429300e-04;        550
3.7456336044600e-04;        550
3.7458303859900e-04;      -1400
3.7460270474400e-04;      -1400
3.7462238292200e-04;       5486
3.7463877032900e-04;       5486
3.7465844848700e-04;       3536
3.7467811468100e-04;       3536
3.7469779290200e-04;       1586
3.7471745900300e-04;       1586
3.7473713705000e-04;       7312
3.7475680324100e-04;       7312
3.7477320266800e-04;       5362
3.7479286890400e-04;       5362
3.7481254705800e-04;       3412
3.7483221326900e-04;       3412
3.7485189133500e-04;       1462
3.7487155741100e-04;       1462
3.7489123555600e-04;       8348
3.7490762303200e-04;       8348
3.7492730115400e-04;       6398
3.7494696731400e-04;       6398
3.7496664530900e-04;       4448
3.7498631162700e-04;       4448
3.7500598973300e-04;       2498
3.7502565581800e-04;       2498
3.7504533395300e-04;        548
3.7506172130400e-04;        548
3.7508139934000e-04;       6274
3.7510106549400e-04;       6274
3.7512074348500e-04;       5484
3.7514040966000e-04;       5484
3.7516008771700e-04;       3534
3.7517975398600e-04;       3534
3.7519615339700e-04;       1584
3.7521581957900e-04;       1584
3.7523549776200e-04;       7310
3.7525516397400e-04;       7310
3.7527484214500e-04;       5360
3.7529450819300e-04;       5360
3.7531418635300e-04;       3410
3.7533385262000e-04;       3410
3.7535025188600e-04;       1460
3.7536991796900e-04;       1460
3.7538959607500e-04;       8346
3.7540926234500e-04;       8346
3.7542894055900e-04;       6396
3.7544860657600e-04;       6396
3.7546828481400e-04;       4446
3.7548467216300e-04;       4446
3.7550435013800e-04;       2496
3.7552401624800e-04;       2496
3.7554369434800e-04;        546
3.7556336041400e-04;        546
3.7558303856300e-04;      -1404
3.7560270463500e-04;      -1404
3.7562238277300e-04;       5482
3.7563877011500e-04;       5482
3.7565844828900e-04;       3532
3.7567811461700e-04;       3532
3.7569779287000e-04;       1582
3.7571745896500e-04;       1582
3.7573713699000e-04;       -368
3.7575680313500e-04;       -368
3.7577320261900e-04;       5358
3.7579286890500e-04;       5358
3.7581254702700e-04;       3408
3.7583221321100e-04;       3408
3.7585189124400e-04;       1458
3.7587155747000e-04;       1458
3.7589123549300e-04;       8344
3.7590762296100e-04;       8344
3.7592730105100e-04;       6394
3.7594696718600e-04;       6394
3.7596664533200e-04;       4444
3.7598631151600e-04;       4444
3.7600598960500e-04;       2494
3.7602565564900e-04;       2494
3.7604533360600e-04;        544
3.7606172108800e-04;        544
3.7608139926900e-04;      -1406
3.7610106535100e-04;      -1406
3.7612074362900e-04;       5480
3.7614040966300e-04;       5480
3.7616008777200e-04;       3530
3.7617975376600e-04;       3530
3.7619615324300e-04;       1580
3.7621581933300e-04;       1580
3.7623549747300e-04;       7306
3.7625516375700e-04;       7306
3.7627484175100e-04;       5356
3.7629450793300e-04;       5356
3.7631418602700e-04;       3406
3.7633385236300e-04;       3406
3.7635025158200e-04;       1456
3.7636991781300e-04;       1456
3.7638959582200e-04;       8342
3.7640926190700e-04;       8342
3.7642894000200e-04;       6392
3.7644860598900e-04;       6392
3.7646828418800e-04;       4442
3.7648467164600e-04;       4442
3.7650434973200e-04;       2492
3.7652401605100e-04;       2492
3.7654369400600e-04;        542
3.7656336000000e-04;        542
3.7658303813700e-04;       6268
3.7660270422300e-04;       6268
3.7662238219200e-04;       5478
3.7663876975300e-04;       5478
3.7665844786200e-04;       3528
3.7667811403900e-04;       3528
3.7669779204500e-04;       1578
3.7671745812100e-04;       1578
3.7673713619000e-04;       7304
3.7675680219500e-04;       7304
3.7677320168100e-04;       5354
3.7679286759000e-04;       5354
3.7681254590600e-04;       3404
3.7683221203300e-04;       3404
3.7685189014200e-04;       1454
3.7687155619800e-04;       1454
3.7689123450100e-04;       8340
3.7690762209500e-04;       8340
3.7692730011200e-04;      -1286
3.7694696619700e-04;      -1286
3.7696664442800e-04;       4440
3.7698631057700e-04;       4440
3.7700598869100e-04;       2490
3.7702565483400e-04;       2490
3.7704533306700e-04;        540
3.7706172039800e-04;        540
3.7708139850400e-04;       6266
3.7710106473600e-04;       6266
3.7712074284300e-04;       5476
3.7714040898100e-04;       5476
3.7716008717900e-04;       3526
3.7717975323100e-04;       3526
3.7719615279500e-04;       1576
3.7721581899000e-04;       1576
3.7723549705000e-04;       7302
3.7725516316500e-04;       7302
3.7727484126800e-04;       5352
3.7729450739600e-04;       5352
3.7731418558300e-04;       3402
3.7733385158400e-04;       3402
3.7735025102100e-04;       1452
3.7736991718600e-04;       1452
3.7738959537500e-04;       8338
3.7740926146600e-04;       8338
3.7742893968200e-04;      -1288
3.7744860581600e-04;      -1288
3.7746828398900e-04;       4438
3.7748467127000e-04;       4438
3.7750434928500e-04;       2488
3.7752401552800e-04;       2488
3.7754369353500e-04;        538
3.7756335964800e-04;        538
3.7758303781100e-04;      -1412
3.7760270392500e-04;      -1412
3.7762238212100e-04;       5474
3.7763876951700e-04;       5474
3.7765844770800e-04;       3524
3.7767811377700e-04;       3524
3.7769779205700e-04;       1574
3.7771745828000e-04;       1574
3.7773713638800e-04;       7300
3.7775680269400e-04;       7300
3.7777320213500e-04;       5350
3.7779286830400e-04;       5350
3.7781254641800e-04;       3400
3.7783221266300e-04;       3400
3.7785189065900e-04;       1450
3.7787155685100e-04;       1450
3.7789123507200e-04;       8336
3.7790762233300e-04;       8336
3.7792730056700e-04;       6386
3.7794696671500e-04;       6386
3.7796664484200e-04;       4436
3.7798631103700e-04;       4436
3.7800598909500e-04;       2486
3.7802565532000e-04;       2486
3.7804533327800e-04;        536
3.7806172074600e-04;        536
3.7808139880900e-04;       6262
3.7810106495300e-04;       6262
3.7812074302200e-04;       5472
3.7814040902200e-04;       5472
3.7816008740900e-04;       3522
3.7817975355000e-04;       3522
3.7819615294000e-04;       1572
3.7821581912700e-04;       1572
3.7823549717700e-04;       7298
3.7825516329500e-04;       7298
3.7827484138100e-04;       5348
3.7829450752900e-04;       5348
3.7831418582700e-04;       3398
3.7833385194000e-04;       3398
3.7835025144100e-04;       1448
3.7836991738900e-04;       1448
3.7838959566100e-04;       8334
3.7840926179900e-04;       8334
3.7842894003900e-04;       6384
3.7844860600000e-04;       6384
3.7846828407600e-04;       4434
3.7848467161700e-04;       4434
3.7850434966700e-04;       2484
3.7852401575700e-04;       2484
3.7854369392400e-04;        534
3.7856336012200e-04;        534
3.7858303816000e-04;      -1416
3.7860270423900e-04;      -1416
3.7862238237800e-04;       5470
3.7863876986300e-04;       5470
3.7865844811500e-04;       3520
3.7867811431000e-04;       3520
3.7869779236000e-04;       1570
3.7871745844900e-04;       1570
3.7873713660100e-04;       7296
3.7875680249700e-04;       7296
3.7877320201700e-04;       5346
3.7879286811600e-04;       5346
3.7881254628800e-04;       3396
3.7883221246600e-04;       3396
3.7885189058500e-04;       1446
3.7887155678300e-04;       1446
3.7889123483500e-04;       8332
3.7890762214100e-04;       8332
3.7892730033000e-04;       6382
3.7894696645700e-04;       6382
3.7896664464200e-04;       4432
3.7898631068900e-04;       4432
3.7900598878100e-04;       2482
3.7902565483900e-04;       2482
3.7904533303200e-04;        532
3.7906172041800e-04;        532
3.7908139854200e-04;      -1418
3.7910106480500e-04;      -1418
3.7912074290100e-04;       5468
3.7914040897700e-04;       5468
3.7916008718500e-04;       3518
3.7917975349700e-04;       3518
3.7919615297800e-04;       1568
3.7921581918500e-04;       1568
3.7923549723700e-04;       7294
3.7925516355500e-04;       7294
3.7927484169400e-04;       5344
3.7929450783300e-04;       5344
3.7931418597400e-04;       3394
3.7933385217000e-04;       3394
3.7935025146500e-04;       1444
3.7936991763900e-04;       1444
3.7938959561900e-04;       8330
3.7940926163900e-04;       8330
3.7942893977900e-04;      -1296
3.7944860584900e-04;      -1296
3.7946828391400e-04;       4430
3.7948467144900e-04;       4430
3.7950434955800e-04;       2480
3.7952401575300e-04;       2480
3.7954369377200e-04;        530
3.7956335981400e-04;        530
3.7958303789000e-04;       6256
3.7960270398800e-04;       6256
3.7962238205000e-04;       5466
3.7963876954700e-04;       5466
3.7965844763000e-04;       3516
3.7967811372300e-04;       3516
3.7969779178800e-04;       1566
3.7971745786200e-04;       1566
3.7973713592800e-04;       -384
3.7975680205100e-04;       -384
3.7977320152800e-04;       5342
3.7979286763600e-04;       5342
3.7981254588100e-04;       3392
3.7983221204000e-04;       3392
3.7985189017200e-04;       1442
3.7987155631900e-04;       1442
3.7989123451100e-04;       8328
3.7990762192300e-04;       8328
3.7992729992800e-04;      -1298
3.7994696610200e-04;      -1298
3.7996664437300e-04;       4428
3.7998631047300e-04;       4428
3.8000598873600e-04;       2478
3.8002565482100e-04;       2478
3.8004533307800e-04;        528
3.8006172040400e-04;        528
3.8008139864000e-04;      -1422
3.8010106464900e-04;      -1422
3.8012074275800e-04;       5464
3.8014040899900e-04;       5464
3.8016008701800e-04;       3514
3.8017975330000e-04;       3514
3.8019615269900e-04;       1564
3.8021581882200e-04;       1564
3.8023549693000e-04;       -386
3.8025516304600e-04;       -386
3.8027484117700e-04;       5340
3.8029450730200e-04;       5340
3.8031418549400e-04;       3390
3.8033385151600e-04;       3390
3.8035025103100e-04;       1440
3.8036991708500e-04;       1440
3.8038959527400e-04;       8326
3.8040926146300e-04;       8326
3.8042893951600e-04;       6376
3.8044860546900e-04;       6376
3.8046828365900e-04;       4426
3.8048467106200e-04;       4426
3.8050434913800e-04;       2476
3.8052401527900e-04;       2476
3.8054369322600e-04;        526
3.8056335920400e-04;        526
3.8058303721900e-04;      -1424
3.8060270336800e-04;      -1424
3.8062238155700e-04;       5462
3.8063876892100e-04;       5462
3.8065844692300e-04;       3512
3.8067811314000e-04;       3512
3.8069779130600e-04;       1562
3.8071745744900e-04;       1562
3.8073713565100e-04;       -388
3.8075680186800e-04;       -388
3.8077320126100e-04;       5338
3.8079286743600e-04;       5338
3.8081254564500e-04;       3388
3.8083221172200e-04;       3388
3.8085188995700e-04;       1438
3.8087155612700e-04;       1438
3.8089123418500e-04;       8324
3.8090762145900e-04;       8324
3.8092729966100e-04;       6374
3.8094696570100e-04;       6374
3.8096664393100e-04;       4424
3.8098631021700e-04;       4424
3.8100598840100e-04;       2474
3.8102565450100e-04;       2474
3.8104533249400e-04;        524
3.8106171998200e-04;        524
3.8108139821200e-04;       6250
3.8110106432000e-04;       6250
3.8112074239200e-04;       5460
3.8114040846600e-04;       5460
3.8116008659900e-04;       3510
3.8117975277900e-04;       3510
3.8119615219900e-04;       1560
3.8121581830500e-04;       1560
3.8123549644100e-04;       -390
3.8125516267300e-04;       -390
3.8127484076100e-04;       5336
3.8129450693200e-04;       5336
3.8131418512500e-04;       3386
3.8133385116500e-04;       3386
3.8135025077300e-04;       1436
3.8136991677700e-04;       1436
3.8138959497200e-04;       8322
3.8140926093600e-04;       8322
3.8142893921900e-04;       6372
3.8144860534100e-04;       6372
3.8146828329600e-04;       4422
3.8148467060900e-04;       4422
3.8150434877900e-04;       2472
3.8152401485400e-04;       2472
3.8154369305800e-04;        522
3.8156335922300e-04;        522
3.8158303726100e-04;      -1428
3.8160270334900e-04;      -1428
3.8162238147700e-04;       5458
3.8163876878800e-04;       5458
3.8165844689700e-04;       3508
3.8167811315400e-04;       3508
3.8169779138100e-04;       1558
3.8171745742300e-04;       1558
3.8173713554300e-04;       -392
3.8175680173400e-04;       -392
3.8177320123500e-04;      -2342
3.8179286731100e-04;      -2342
3.8181254540200e-04;       3384
3.8183221165800e-04;       3384
3.8185188968800e-04;       1434
3.8187155582500e-04;       1434
3.8189123385800e-04;       8320
3.8190762121800e-04;       8320
3.8192729935200e-04;      -1306
3.8194696575900e-04;      -1306
3.8196664387700e-04;       4420
3.8198631004900e-04;       4420
3.8200598821900e-04;       2470
3.8202565436600e-04;       2470
3.8204533255100e-04;        520
3.8206172001600e-04;        520
3.8208139814600e-04;      -1430
3.8210106436600e-04;      -1430
3.8212074233500e-04;       5456
3.8214040853500e-04;       5456
3.8216008665500e-04;       3506
3.8217975277900e-04;       3506
3.8219615231800e-04;       1556
3.8221581849400e-04;       1556
3.8223549672000e-04;       7282
3.8225516279100e-04;       7282
3.8227484088300e-04;       5332
3.8229450717700e-04;       5332
3.8231418527500e-04;       3382
3.8233385140700e-04;       3382
3.8235025088500e-04;       1432
3.8236991710800e-04;       1432
3.8238959520200e-04;        642
3.8240926136200e-04;        642
3.8242893961700e-04;       6368
3.8244860567100e-04;       6368
3.8246828383800e-04;       4418
3.8248467126500e-04;       4418
3.8250434936800e-04;       2468
3.8252401531800e-04;       2468
3.8254369338600e-04;        518
3.8256335962900e-04;        518
3.8258303767500e-04;      -1432
3.8260270376600e-04;      -1432
3.8262238190500e-04;       5454
3.8263876936900e-04;       5454
3.8265844760300e-04;       3504
3.8267811382300e-04;       3504
3.8269779200200e-04;       1554
3.8271745811700e-04;       1554
3.8273713615600e-04;       7280
3.8275680214300e-04;       7280
3.8277320145200e-04;       5330
3.8279286749700e-04;       5330
3.8281254571100e-04;       3380
3.8283221175200e-04;       3380
3.8285188988400e-04;       1430
3.8287155602500e-04;       1430
3.8289123426000e-04;        640
3.8290762185900e-04;        640
3.8292730011400e-04;       6366
3.8294696605400e-04;       6366
3.8296664419300e-04;       4416
3.8298631049800e-04;       4416
3.8300598847200e-04;       2466
3.8302565459200e-04;       2466
3.8304533282300e-04;        516
3.8306172023000e-04;        516
3.8308139832900e-04;      -1434
3.8310106434900e-04;      -1434
3.8312074250200e-04;       5452
3.8314040864000e-04;       5452
3.8316008671500e-04;       3502
3.8317975311900e-04;       3502
3.8319615248600e-04;       1552
3.8321581846400e-04;       1552
3.8323549682000e-04;       -398
3.8325516278600e-04;       -398
3.8327484096500e-04;       5328
3.8329450720800e-04;       5328
3.8331418535100e-04;       3378
3.8333385157800e-04;       3378
3.8335025094200e-04;       1428
3.8336991713000e-04;       1428
3.8338959522500e-04;       8314
3.8340926118800e-04;       8314
3.8342893936300e-04;      -1312
3.8344860543000e-04;      -1312
3.8346828368300e-04;       4414
3.8348467118600e-04;       4414
3.8350434923000e-04;       2464
3.8352401533900e-04;       2464
3.8354369343000e-04;        514
3.8356335947300e-04;        514
3.8358303755300e-04;      -1436
3.8360270373700e-04;      -1436
3.8362238196100e-04;       5450
3.8363876940900e-04;       5450
3.8365844755700e-04;       3500
3.8367811376100e-04;       3500
3.8369779181800e-04;       1550
3.8371745785200e-04;       1550
3.8373713604800e-04;       -400
3.8375680213100e-04;       -400
3.8377320160100e-04;       5326
3.8379286772700e-04;       5326
3.8381254588900e-04;       3376
3.8383221210500e-04;       3376
3.8385189034600e-04;       1426
3.8387155657500e-04;       1426
3.8389123460100e-04;       8312
3.8390762211300e-04;       8312
3.8392730029900e-04;       6362
3.8394696666700e-04;       6362
3.8396664483600e-04;       4412
3.8398631099300e-04;       4412
3.8400598903600e-04;       2462
3.8402565521900e-04;       2462
3.8404533320900e-04;        512
3.8406172054100e-04;        512
3.8408139846700e-04;      -1438
3.8410106472100e-04;      -1438
3.8412074273800e-04;       5448
3.8414040886900e-04;       5448
3.8416008724500e-04;       3498
3.8417975344500e-04;       3498
3.8419615287800e-04;       1548
3.8421581903600e-04;       1548
3.8423549709200e-04;       7274
3.8425516345700e-04;       7274
3.8427484144400e-04;       5324
3.8429450766500e-04;       5324
3.8431418574000e-04;       3374
3.8433385190900e-04;       3374
3.8435025142200e-04;       1424
3.8436991750100e-04;       1424
3.8438959575300e-04;       8310
3.8440926185100e-04;       8310
3.8442893987700e-04;       6360
3.8444860612500e-04;       6360
3.8446828429100e-04;       4410
3.8448467160600e-04;       4410
3.8450434958400e-04;       2460
3.8452401584600e-04;       2460
3.8454369381300e-04;        510
3.8456336007000e-04;        510
3.8458303815700e-04;      -1440
3.8460270418100e-04;      -1440
3.8462238234700e-04;       5446
3.8463876969000e-04;       5446
3.8465844811400e-04;       3496
3.8467811390400e-04;       3496
3.8469779210700e-04;       1546
3.8471745823600e-04;       1546
3.8473713617100e-04;       -404
3.8475680226300e-04;       -404
3.8477320172500e-04;       5322
3.8479286792700e-04;       5322
3.8481254610900e-04;       3372
3.8483221226200e-04;       3372
3.8485189028800e-04;       1422
3.8487155653400e-04;       1422
3.8489123457500e-04;        632
3.8490762199500e-04;        632
3.8492730008200e-04;       6358
3.8494696614700e-04;       6358
3.8496664453400e-04;       4408
3.8498631066700e-04;       4408
3.8500598882600e-04;       2458
3.8502565483000e-04;       2458
3.8504533307900e-04;        508
3.8506172036900e-04;        508
3.8508139859900e-04;      -1442
3.8510106455100e-04;      -1442
3.8512074277400e-04;       5444
3.8514040884000e-04;       5444
3.8516008703800e-04;       3494
3.8517975330500e-04;       3494
3.8519615248500e-04;       1544
3.8521581867200e-04;       1544
3.8523549701700e-04;       -406
3.8525516315200e-04;       -406
3.8527484112900e-04;       5320
3.8529450737300e-04;       5320
3.8531418532200e-04;       3370
3.8533385138700e-04;       3370
3.8535025070900e-04;       1420
3.8536991674600e-04;       1420
3.8538959481500e-04;        630
3.8540926090500e-04;        630
3.8542893927300e-04;      -1320
3.8544860533100e-04;      -1320
3.8546828341900e-04;       4406
3.8548467105500e-04;       4406
3.8550434902300e-04;       2456
3.8552401522100e-04;       2456
3.8554369345600e-04;        506
3.8556335958000e-04;        506
3.8558303771900e-04;      -1444
3.8560270398400e-04;      -1444
3.8562238214000e-04;       5442
3.8563876966000e-04;       5442
3.8565844783200e-04;       3492
3.8567811394700e-04;       3492
3.8569779217800e-04;       1542
3.8571745837200e-04;       1542
3.8573713641600e-04;       -408
3.8575680264300e-04;       -408
3.8577320220400e-04;       5318
3.8579286828300e-04;       5318
3.8581254633700e-04;       3368
3.8583221268900e-04;       3368
3.8585189064200e-04;       1418
3.8587155676800e-04;       1418
3.8589123494700e-04;       8304
3.8590762233200e-04;       8304
3.8592730056800e-04;      -1322
3.8594696666000e-04;      -1322
3.8596664483100e-04;       4404
3.8598631094600e-04;       4404
3.8600598921300e-04;       2454
3.8602565527400e-04;       2454
3.8604533338600e-04;        504
3.8606172088900e-04;        504
3.8608139903900e-04;       6230
3.8610106511600e-04;       6230
3.8612074315900e-04;       5440
3.8614040935000e-04;       5440
3.8616008736400e-04;       3490
3.8617975358800e-04;       3490
3.8619615310100e-04;       1540
3.8621581915700e-04;       1540
3.8623549725400e-04;       -410
3.8625516336200e-04;       -410
3.8627484155100e-04;      -2360
3.8629450770900e-04;      -2360
3.8631418576200e-04;       3366
3.8633385179000e-04;       3366
3.8635025138700e-04;       1416
3.8636991741700e-04;       1416
3.8638959567600e-04;       8302
3.8640926193500e-04;       8302
3.8642894002500e-04;      -1324
3.8644860615700e-04;      -1324
3.8646828448300e-04;       4402
3.8648467206400e-04;       4402
3.8650435010200e-04;       2452
3.8652401631800e-04;       2452
3.8654369431700e-04;        502
3.8656336040500e-04;        502
3.8658303861700e-04;      -1448
3.8660270482300e-04;      -1448
3.8662238279700e-04;       5438
3.8663877028400e-04;       5438
3.8665844851900e-04;       3488
3.8667811475500e-04;       3488
3.8669779288400e-04;       1538
3.8671745919800e-04;       1538
3.8673713719900e-04;       7264
3.8675680327100e-04;       7264
3.8677320279600e-04;       5314
3.8679286903900e-04;       5314
3.8681254710900e-04;       3364
3.8683221319500e-04;       3364
3.8685189141400e-04;       1414
3.8687155741600e-04;       1414
3.8689123546100e-04;       8300
3.8690762286500e-04;       8300
3.8692730105700e-04;      -1326
3.8694696713400e-04;      -1326
3.8696664523600e-04;       4400
3.8698631136100e-04;       4400
3.8700598957800e-04;       2450
3.8702565565200e-04;       2450
3.8704533387800e-04;        500
3.8706172131500e-04;        500
3.8708139935800e-04;      -1450
3.8710106546800e-04;      -1450
3.8712074364500e-04;       5436
3.8714040965800e-04;       5436
3.8716008779700e-04;       3486
3.8717975413200e-04;       3486
3.8719615354600e-04;       1536
3.8721581978800e-04;       1536
3.8723549788800e-04;       7262
3.8725516412000e-04;       7262
3.8727484221400e-04;       5312
3.8729450825300e-04;       5312
3.8731418648000e-04;       3362
3.8733385261600e-04;       3362
3.8735025200800e-04;       1412
3.8736991811600e-04;       1412
3.8738959615900e-04;       8298
3.8740926233100e-04;       8298
3.8742894036800e-04;       6348
3.8744860648400e-04;       6348
3.8746828465000e-04;       4398
3.8748467202000e-04;       4398
3.8750435017800e-04;       2448
3.8752401626400e-04;       2448
3.8754369422200e-04;        498
3.8756336036400e-04;        498
3.8758303843400e-04;      -1452
3.8760270455900e-04;      -1452
3.8762238264900e-04;       5434
3.8763877023600e-04;       5434
3.8765844830300e-04;       3484
3.8767811443800e-04;       3484
3.8769779254600e-04;       1534
3.8771745865800e-04;       1534
3.8773713667900e-04;       7260
3.8775680290400e-04;       7260
3.8777320244700e-04;       5310
3.8779286861100e-04;       5310
3.8781254675800e-04;       3360
3.8783221296600e-04;       3360
3.8785189121900e-04;       1410
3.8787155720600e-04;       1410
3.8789123530700e-04;       8296
3.8790762259500e-04;       8296
3.8792730064500e-04;       6346
3.8794696679000e-04;       6346
3.8796664500200e-04;       4396
3.8798631101000e-04;       4396
3.8800598938500e-04;       2446
3.8802565561800e-04;       2446
3.8804533355700e-04;        496
3.8806172100900e-04;        496
3.8808139903200e-04;       6222
3.8810106510800e-04;       6222
3.8812074336300e-04;       5432
3.8814040949400e-04;       5432
3.8816008751000e-04;       3482
3.8817975362900e-04;       3482
3.8819615308800e-04;       9208
3.8821581924000e-04;       9208
3.8823549710400e-04;       -418
3.8825516314600e-04;       -418
3.8827484105000e-04;       5308
3.8829450713800e-04;       5308
3.8831418522100e-04;       3358
3.8833385142800e-04;       3358
3.8835025073500e-04;       1408
3.8836991681500e-04;       1408
3.8838959487600e-04;        618
3.8840926104400e-04;        618
3.8842893913300e-04;       6344
3.8844860524600e-04;       6344
3.8846828325400e-04;       4394
3.8848467080600e-04;       4394
3.8850434883100e-04;       2444
3.8852401496500e-04;       2444
3.8854369323800e-04;        494
3.8856335947900e-04;        494
3.8858303757800e-04;      -1456
3.8860270367300e-04;      -1456
3.8862238190500e-04;       5430
3.8863876934000e-04;       5430
3.8865844753200e-04;       3480
3.8867811371400e-04;       3480
3.8869779178600e-04;       1530
3.8871745790200e-04;       1530
3.8873713603300e-04;       -420
3.8875680216400e-04;       -420
3.8877320147500e-04;       5306
3.8879286766000e-04;       5306
3.8881254562700e-04;       3356
3.8883221171900e-04;       3356
3.8885188978400e-04;       1406
3.8887155586000e-04;       1406
3.8889123416400e-04;        616
3.8890762167600e-04;        616
3.8892729976100e-04;       6342
3.8894696576100e-04;       6342
3.8896664390600e-04;       4392
3.8898631007400e-04;       4392
3.8900598840000e-04;       2442
3.8902565452200e-04;       2442
3.8904533265900e-04;        492
3.8906171999100e-04;        492
3.8908139845200e-04;       6218
3.8910106447700e-04;       6218
3.8912074257300e-04;       5428
3.8914040871100e-04;       5428
3.8916008675200e-04;       3478
3.8917975294800e-04;       3478
3.8919615243100e-04;       1528
3.8921581855300e-04;       1528
3.8923549654200e-04;       -422
3.8925516260100e-04;       -422
3.8927484081400e-04;       5304
3.8929450692400e-04;       5304
3.8931418507800e-04;       3354
3.8933385113000e-04;       3354
3.8935025048100e-04;       1404
3.8936991650800e-04;       1404
3.8938959464600e-04;        614
3.8940926090000e-04;        614
3.8942893903600e-04;      -1336
3.8944860507700e-04;      -1336
3.8946828326000e-04;       4390
3.8948467062100e-04;       4390
3.8950434878000e-04;       2440
3.8952401502700e-04;       2440
3.8954369343400e-04;        490
3.8956335944100e-04;        490
3.8958303749500e-04;      -1460
3.8960270385000e-04;      -1460
3.8962238200100e-04;       5426
3.8963876948500e-04;       5426
3.8965844764400e-04;       3476
3.8967811372300e-04;       3476
3.8969779169500e-04;       1526
3.8971745777700e-04;       1526
3.8973713579200e-04;       -424
3.8975680209300e-04;       -424
3.8977320155900e-04;       5302
3.8979286756500e-04;       5302
3.8981254556300e-04;       3352
3.8983221178200e-04;       3352
3.8985188986900e-04;       1402
3.8987155592800e-04;       1402
3.8989123421900e-04;       8288
3.8990762167300e-04;       8288
3.8992729987500e-04;       6338
3.8994696602000e-04;       6338
3.8996664407500e-04;       4388
3.8998631004700e-04;       4388
3.9000598822100e-04;       2438
3.9002565440800e-04;       2438
3.9004533245300e-04;        488
3.9006171991600e-04;        488
3.9008139791300e-04;      -1462
3.9010106411800e-04;      -1462
3.9012074233200e-04;       5424
3.9014040856900e-04;       5424
3.9016008664300e-04;       3474
3.9017975296800e-04;       3474
3.9019615241700e-04;       1524
3.9021581861800e-04;       1524
3.9023549684200e-04;       -426
3.9025516310500e-04;       -426
3.9027484132200e-04;       5300
3.9029450738400e-04;       5300
3.9031418552200e-04;       3350
3.9033385160000e-04;       3350
3.9035025098400e-04;       1400
3.9036991719500e-04;       1400
3.9038959545600e-04;       8286
3.9040926147200e-04;       8286
3.9042893968000e-04;      -1340
3.9044860576500e-04;      -1340
3.9046828386800e-04;       4386
3.9048467134300e-04;       4386
3.9050434961400e-04;       2436
3.9052401562300e-04;       2436
3.9054369369200e-04;        486
3.9056335988200e-04;        486
3.9058303797000e-04;      -1464
3.9060270406400e-04;      -1464
3.9062238217600e-04;       5422
3.9063876974200e-04;       5422
3.9065844775200e-04;       3472
3.9067811385000e-04;       3472
3.9069779203700e-04;       1522
3.9071745800000e-04;       1522
3.9073713629300e-04;       -428
3.9075680239200e-04;       -428
3.9077320182400e-04;       5298
3.9079286803500e-04;       5298
3.9081254626800e-04;       3348
3.9083221212700e-04;       3348
3.9085189033200e-04;       1398
3.9087155659500e-04;       1398
3.9089123478400e-04;        608
3.9090762224000e-04;        608
3.9092730027000e-04;      -1342
3.9094696639800e-04;      -1342
3.9096664450400e-04;       4384
3.9098631069100e-04;       4384
3.9100598883800e-04;       2434
3.9102565501900e-04;       2434
3.9104533314900e-04;        484
3.9106172065500e-04;        484
3.9108139877500e-04;       6210
3.9110106486300e-04;       6210
3.9112074307400e-04;       5420
3.9114040924000e-04;       5420
3.9116008753200e-04;       3470
3.9117975365100e-04;       3470
3.9119615306000e-04;       1520
3.9121581926900e-04;       1520
3.9123549755100e-04;       7246
3.9125516374000e-04;       7246
3.9127484186800e-04;       5296
3.9129450799700e-04;       5296
3.9131418606800e-04;       3346
3.9133385215700e-04;       3346
3.9135025159300e-04;       1396
3.9136991760900e-04;       1396
3.9138959578400e-04;       8282
3.9140926199000e-04;       8282
3.9142894014700e-04;       6332
3.9144860633200e-04;       6332
3.9146828450600e-04;       4382
3.9148467200100e-04;       4382
3.9150435000800e-04;       2432
3.9152401601800e-04;       2432
3.9154369404400e-04;        482
3.9156336027800e-04;        482
3.9158303831200e-04;       6208
3.9160270447100e-04;       6208
3.9162238265500e-04;       5418
3.9163876999800e-04;       5418
3.9165844834500e-04;       3468
3.9167811432400e-04;       3468
3.9169779246300e-04;       1518
3.9171745843500e-04;       1518
3.9173713661100e-04;       -432
3.9175680266000e-04;       -432
3.9177320207900e-04;       5294
3.9179286828300e-04;       5294
3.9181254649100e-04;       3344
3.9183221245500e-04;       3344
3.9185189067400e-04;       1394
3.9187155669600e-04;       1394
3.9189123489400e-04;       8280
3.9190762224700e-04;       8280
3.9192730037900e-04;       6330
3.9194696643000e-04;       6330
3.9196664443200e-04;       4380
3.9198631053300e-04;       4380
3.9200598857600e-04;       2430
3.9202565461300e-04;       2430
3.9204533257800e-04;        480
3.9206172001700e-04;        480
3.9208139815900e-04;       6206
3.9210106418500e-04;       6206
3.9212074220600e-04;       5416
3.9214040835600e-04;       5416
3.9216008633800e-04;       3466
3.9217975249400e-04;       3466
3.9219615198300e-04;       1516
3.9221581817200e-04;       1516
3.9223549615900e-04;       -434
3.9225516238700e-04;       -434
3.9227484064700e-04;       5292
3.9229450670100e-04;       5292
3.9231418483500e-04;       3342
3.9233385087500e-04;       3342
3.9235025026600e-04;       1392
3.9236991640400e-04;       1392
3.9238959452200e-04;        602
3.9240926076700e-04;        602
3.9242893887500e-04;      -1348
3.9244860495800e-04;      -1348
3.9246828304500e-04;       4378
3.9248467050300e-04;       4378
3.9250434861600e-04;       2428
3.9252401477700e-04;       2428
3.9254369302900e-04;        478
3.9256335913000e-04;        478
3.9258303723700e-04;      -1472
3.9260270345500e-04;      -1472
3.9262238164200e-04;       5414
3.9263876894300e-04;       5414
3.9265844694100e-04;       3464
3.9267811313800e-04;       3464
3.9269779124800e-04;       1514
3.9271745739700e-04;       1514
3.9273713540200e-04;       -436
3.9275680143000e-04;       -436
3.9277320094500e-04;       5290
3.9279286701700e-04;       5290
3.9281254506700e-04;       3340
3.9283221119700e-04;       3340
3.9285188947000e-04;       1390
3.9287155565600e-04;       1390
3.9289123369400e-04;       8276
3.9290762106800e-04;       8276
3.9292729922200e-04;      -1350
3.9294696516000e-04;      -1350
3.9296664317200e-04;       4376
3.9298630932700e-04;       4376
3.9300598751600e-04;       2426
3.9302565358000e-04;       2426
3.9304533154600e-04;        476
3.9306171900800e-04;        476
3.9308139723000e-04;      -1474
3.9310106330500e-04;      -1474
3.9312074150300e-04;       5412
3.9314040747900e-04;       5412
3.9316008573900e-04;       3462
3.9317975165700e-04;       3462
3.9319615123500e-04;       1512
3.9321581738800e-04;       1512
3.9323549546600e-04;       -438
3.9325516156700e-04;       -438
3.9327483966800e-04;      -2388
3.9329450581100e-04;      -2388
3.9331418401200e-04;       3338
3.9333385020600e-04;       3338
3.9335024967200e-04;       1388
3.9336991574600e-04;       1388
3.9338959408700e-04;        598
3.9340926016100e-04;        598
3.9342893828200e-04;      -1352
3.9344860442300e-04;      -1352
3.9346828264000e-04;       4374
3.9348467018800e-04;       4374
3.9350434829300e-04;       2424
3.9352401447000e-04;       2424
3.9354369249400e-04;        474
3.9356335872800e-04;        474
3.9358303689000e-04;      -1476
3.9360270305800e-04;      -1476
3.9362238116300e-04;       5410
3.9363876868100e-04;       5410
3.9365844678600e-04;       3460
3.9367811286100e-04;       3460
3.9369779095900e-04;       1510
3.9371745703700e-04;       1510
3.9373713520800e-04;       -440
3.9375680133600e-04;       -440
3.9377320070300e-04;       5286
3.9379286690700e-04;       5286
3.9381254496600e-04;       3336
3.9383221118100e-04;       3336
3.9385188929100e-04;       1386
3.9387155543800e-04;       1386
3.9389123362900e-04;        596
3.9390762096300e-04;        596
3.9392729911100e-04;      -1354
3.9394696527300e-04;      -1354
3.9396664352000e-04;       4372
3.9398630956400e-04;       4372
3.9400598776200e-04;       2422
3.9402565383400e-04;       2422
3.9404533196700e-04;        472
3.9406171950100e-04;        472
3.9408139759400e-04;       6198
3.9410106360000e-04;       6198
3.9412074182500e-04;       5408
3.9414040803100e-04;       5408
3.9416008609900e-04;       3458
3.9417975223800e-04;       3458
3.9419615160900e-04;       1508
3.9421581781000e-04;       1508
3.9423549605500e-04;       -442
3.9425516226600e-04;       -442
3.9427484036600e-04;      -2392
3.9429450642500e-04;      -2392
3.9431418458700e-04;       3334
3.9433385072500e-04;       3334
3.9435025004300e-04;       1384
3.9436991614600e-04;       1384
3.9438959422000e-04;        594
3.9440926034800e-04;        594
3.9442893856700e-04;      -1356
3.9444860462400e-04;      -1356
3.9446828273700e-04;       4370
3.9448467017600e-04;       4370
3.9450434837500e-04;       2420
3.9452401459200e-04;       2420
3.9454369275000e-04;        470
3.9456335897000e-04;        470
3.9458303711300e-04;      -1480
3.9460270315700e-04;      -1480
3.9462238126200e-04;       5406
3.9463876872400e-04;       5406
3.9465844679600e-04;       3456
3.9467811300800e-04;       3456
3.9469779132900e-04;       1506
3.9471745727000e-04;       1506
3.9473713539100e-04;       -444
3.9475680153800e-04;       -444
3.9477320101200e-04;       5282
3.9479286698200e-04;       5282
3.9481254510700e-04;       3332
3.9483221140700e-04;       3332
3.9485188962100e-04;       1382
3.9487155578000e-04;       1382
3.9489123396100e-04;        592
3.9490762142500e-04;        592
3.9492729954300e-04;      -1358
3.9494696570700e-04;      -1358
3.9496664390100e-04;       4368
3.9498630994000e-04;       4368
3.9500598805800e-04;       2418
3.9502565420700e-04;       2418
3.9504533234800e-04;        468
3.9506171994300e-04;        468
3.9508139822400e-04;      -1482
3.9510106419700e-04;      -1482
3.9512074226000e-04;       5404
3.9514040849500e-04;       5404
3.9516008650800e-04;       3454
3.9517975277700e-04;       3454
3.9519615215600e-04;       1504
3.9521581842900e-04;       1504
3.9523549641600e-04;       -446
3.9525516256300e-04;       -446
3.9527484063800e-04;       5280
3.9529450676900e-04;       5280
3.9531418503800e-04;       3330
3.9533385108400e-04;       3330
3.9535025052100e-04;       1380
3.9536991676800e-04;       1380
3.9538959484100e-04;       8266
3.9540926105800e-04;       8266
3.9542893912000e-04;       6316
3.9544860527400e-04;       6316
3.9546828339200e-04;       4366
3.9548467092100e-04;       4366
3.9550434903500e-04;       2416
3.9552401534400e-04;       2416
3.9554369341100e-04;        466
3.9556335949700e-04;        466
3.9558303755300e-04;      -1484
3.9560270382000e-04;      -1484
3.9562238192000e-04;       5402
3.9563876940000e-04;       5402
3.9565844749600e-04;       3452
3.9567811366100e-04;       3452
3.9569779174700e-04;       1502
3.9571745795500e-04;       1502
3.9573713610900e-04;       -448
3.9575680221000e-04;       -448
3.9577320148100e-04;      -2398
3.9579286763100e-04;      -2398
3.9581254568600e-04;       3328
3.9583221184300e-04;       3328
3.9585188994400e-04;       1378
3.9587155594100e-04;       1378
3.9589123400100e-04;       8264
3.9590762157200e-04;       8264
3.9592729961300e-04;       6314
3.9594696571000e-04;       6314
3.9596664393700e-04;       4364
3.9598631006500e-04;       4364
3.9600598824300e-04;       2414
3.9602565449900e-04;       2414
3.9604533280000e-04;        464
3.9606172015300e-04;        464
3.9608139840100e-04;      -1486
3.9610106450200e-04;      -1486
3.9612074259700e-04;       5400
3.9614040871900e-04;       5400
3.9616008676800e-04;       3450
3.9617975291200e-04;       3450
3.9619615233200e-04;       1500
3.9621581854100e-04;       1500
3.9623549653300e-04;       7226
3.9625516261900e-04;       7226
3.9627484088900e-04;       5276
3.9629450689000e-04;       5276
3.9631418490100e-04;       3326
3.9633385110500e-04;       3326
3.9635025039400e-04;       1376
3.9636991644400e-04;       1376
3.9638959449800e-04;        586
3.9640926048800e-04;        586
3.9642893853500e-04;      -1364
3.9644860467300e-04;      -1364
3.9646828278700e-04;       4362
3.9648467017900e-04;       4362
3.9650434824100e-04;       2412
3.9652401430200e-04;       2412
3.9654369248100e-04;        462
3.9656335860900e-04;        462
3.9658303669400e-04;      -1488
3.9660270283400e-04;      -1488
3.9662238100900e-04;       5398
3.9663876857500e-04;       5398
3.9665844668600e-04;       3448
3.9667811284500e-04;       3448
3.9669779090800e-04;       1498
3.9671745716200e-04;       1498
3.9673713529100e-04;       -452
3.9675680146400e-04;       -452
3.9677320091100e-04;      -2402
3.9679286697500e-04;      -2402
3.9681254520800e-04;       3324
3.9683221145700e-04;       3324
3.9685188954300e-04;       1374
3.9687155570000e-04;       1374
3.9689123392500e-04;        584
3.9690762135600e-04;        584
3.9692729948000e-04;      -1366
3.9694696549700e-04;      -1366
3.9696664371200e-04;       4360
3.9698630972100e-04;       4360
3.9700598777700e-04;       2410
3.9702565385500e-04;       2410
3.9704533199800e-04;        460
3.9706171939700e-04;        460
3.9708139756200e-04;      -1490
3.9710106360200e-04;      -1490
3.9712074173700e-04;       5396
3.9714040772500e-04;       5396
3.9716008588500e-04;       3446
3.9717975196300e-04;       3446
3.9719615153300e-04;       1496
3.9721581762100e-04;       1496
3.9723549579900e-04;       -454
3.9725516199800e-04;       -454
3.9727484003000e-04;       5272
3.9729450626800e-04;       5272
3.9731418430700e-04;       3322
3.9733385057400e-04;       3322
3.9735024987000e-04;       1372
3.9736991615500e-04;       1372
3.9738959437400e-04;        582
3.9740926057700e-04;        582
3.9742893865900e-04;      -1368
3.9744860485900e-04;      -1368
3.9746828300400e-04;       4358
3.9748467037700e-04;       4358
3.9750434851900e-04;       2408
3.9752401464700e-04;       2408
3.9754369274300e-04;        458
3.9756335878500e-04;        458
3.9758303706100e-04;      -1492
3.9760270306600e-04;      -1492
3.9762238135100e-04;       5394
3.9763876885400e-04;       5394
3.9765844701300e-04;       3444
3.9767811316300e-04;       3444
3.9769779130100e-04;       1494
3.9771745744600e-04;       1494
3.9773713556300e-04;       -456
3.9775680175200e-04;       -456
3.9777320111500e-04;       5270
3.9779286727400e-04;       5270
3.9781254521100e-04;       3320
3.9783221139000e-04;       3320
3.9785188938300e-04;       1370
3.9787155547000e-04;       1370
3.9789123361300e-04;       8256
3.9790762123200e-04;       8256
3.9792729935800e-04;       6306
3.9794696546200e-04;       6306
3.9796664358000e-04;       4356
3.9798630970900e-04;       4356
3.9800598784800e-04;       2406
3.9802565393800e-04;       2406
3.9804533213800e-04;        456
3.9806171949500e-04;        456
3.9808139747400e-04;      -1494
3.9810106367900e-04;      -1494
3.9812074175200e-04;       5392
3.9814040794300e-04;       5392
3.9816008598700e-04;       3442
3.9817975218300e-04;       3442
3.9819615171500e-04;       1492
3.9821581786400e-04;       1492
3.9823549586000e-04;       -458
3.9825516199500e-04;       -458
3.9827484015400e-04;      -2408
3.9829450634200e-04;      -2408
3.9831418448700e-04;       3318
3.9833385060400e-04;       3318
3.9835025017100e-04;       1368
3.9836991629200e-04;       1368
3.9838959437000e-04;        578
3.9840926060500e-04;        578
3.9842893870000e-04;      -1372
3.9844860490500e-04;      -1372
3.9846828297200e-04;       4354
3.9848467052100e-04;       4354
3.9850434856500e-04;       2404
3.9852401470400e-04;       2404
3.9854369274300e-04;        454
3.9856335900800e-04;        454
3.9858303711800e-04;      -1496
3.9860270306500e-04;      -1496
3.9862238123400e-04;       5390
3.9863876871300e-04;       5390
3.9865844682000e-04;       3440
3.9867811286900e-04;       3440
3.9869779096100e-04;       1490
3.9871745703100e-04;       1490
3.9873713514500e-04;       -460
3.9875680124700e-04;       -460
3.9877320060200e-04;       5266
3.9879286687600e-04;       5266
3.9881254511700e-04;       3316
3.9883221114400e-04;       3316
3.9885188923400e-04;       1366
3.9887155549800e-04;       1366
3.9889123360300e-04;        576
3.9890762113000e-04;        576
3.9892729930400e-04;      -1374
3.9894696541000e-04;      -1374
3.9896664361000e-04;       4352
3.9898630966600e-04;       4352
3.9900598777800e-04;       2402
3.9902565385900e-04;       2402
3.9904533204400e-04;        452
3.9906171951900e-04;        452
3.9908139767100e-04;      -1498
3.9910106382300e-04;      -1498
3.9912074194700e-04;       5388
3.9914040815700e-04;       5388
3.9916008627100e-04;       3438
3.9917975249500e-04;       3438
3.9919615198500e-04;       1488
3.9921581792400e-04;       1488
3.9923549613100e-04;       -462
3.9925516229500e-04;       -462
3.9927484031100e-04;      -2412
3.9929450646700e-04;      -2412
3.9931418453600e-04;       3314
3.9933385076300e-04;       3314
3.9935025034300e-04;       1364
3.9936991656800e-04;       1364
3.9938959490500e-04;        574
3.9940926122900e-04;        574
3.9942893937600e-04;       6300
3.9944860550900e-04;       6300
3.9946828356200e-04;       4350
3.9948467094700e-04;       4350
3.9950434910600e-04;       2400
3.9952401527100e-04;       2400
3.9954369347300e-04;        450
3.9956335940300e-04;        450
3.9958303762300e-04;       6176
3.9960270375500e-04;       6176
3.9962238183400e-04;       5386
3.9963876921600e-04;       5386
3.9965844755300e-04;       3436
3.9967811353100e-04;       3436
3.9969779158000e-04;       1486
3.9971745775000e-04;       1486
3.9973713585900e-04;       -464
3.9975680200900e-04;       -464
3.9977320150500e-04;       5262
3.9979286767900e-04;       5262
3.9981254590700e-04;       3312
3.9983221205200e-04;       3312
3.9985189031800e-04;       1362
3.9987155623600e-04;       1362
3.9989123468800e-04;       8248
3.9990762202500e-04;       8248
3.9992730004200e-04;      -1378
3.9994696630000e-04;      -1378
3.9996664438200e-04;       4348
3.9998631042900e-04;       4348
4.0000598850900e-04;       2398
4.0002565465500e-04;       2398
4.0004533285400e-04;        448
4.0006172014200e-04;        448
4.0008139825400e-04;      -1502
4.0010106456600e-04;      -1502
4.0012074260200e-04;       5384
4.0014040869900e-04;       5384
4.0016008678500e-04;       3434
4.0017975286400e-04;       3434
4.0019615229600e-04;       1484
4.0021581851600e-04;       1484
4.0023549673200e-04;       -466
4.0025516291000e-04;       -466
4.0027484098200e-04;       5260
4.0029450716600e-04;       5260
4.0031418526500e-04;       3310
4.0033385136400e-04;       3310
4.0035025089300e-04;       1360
4.0036991703900e-04;       1360
4.0038959529700e-04;       8246
4.0040926137300e-04;       8246
4.0042893939500e-04;      -1380
4.0044860558100e-04;      -1380
4.0046828369100e-04;       4346
4.0048467117900e-04;       4346
4.0050434935200e-04;       2396
4.0052401554600e-04;       2396
4.0054369360300e-04;        446
4.0056335973700e-04;        446
4.0058303790400e-04;      -1504
4.0060270406100e-04;      -1504
4.0062238226300e-04;       5382
4.0063876961500e-04;       5382
4.0065844774300e-04;       3432
4.0067811384600e-04;       3432
4.0069779192500e-04;       1482
4.0071745810300e-04;       1482
4.0073713629300e-04;       -468
4.0075680246700e-04;       -468
4.0077320186400e-04;       5258
4.0079286793900e-04;       5258
4.0081254610900e-04;       3308
4.0083221226600e-04;       3308
4.0085189035400e-04;       1358
4.0087155635000e-04;       1358
4.0089123452900e-04;       8244
4.0090762202200e-04;       8244
4.0092730002000e-04;      -1382
4.0094696600100e-04;      -1382
4.0096664410400e-04;       4344
4.0098631010300e-04;       4344
4.0100598847200e-04;       2394
4.0102565456300e-04;       2394
4.0104533279000e-04;        444
4.0106172018900e-04;        444
4.0108139838900e-04;      -1506
4.0110106440300e-04;      -1506
4.0112074236100e-04;       5380
4.0114040855500e-04;       5380
4.0116008670800e-04;       3430
4.0117975273700e-04;       3430
4.0119615225300e-04;       1480
4.0121581855100e-04;       1480
4.0123549642800e-04;       7206
4.0125516262200e-04;       7206
4.0127484080100e-04;       5256
4.0129450704800e-04;       5256
4.0131418508600e-04;       3306
4.0133385121900e-04;       3306
4.0135025058500e-04;       1356
4.0136991679600e-04;       1356
4.0138959496900e-04;        566
4.0140926110500e-04;        566
4.0142893940600e-04;      -1384
4.0144860554100e-04;      -1384
4.0146828383200e-04;       4342
4.0148467132800e-04;       4342
4.0150434954900e-04;       2392
4.0152401559600e-04;       2392
4.0154369362800e-04;        442
4.0156335986200e-04;        442
4.0158303803300e-04;       6168
4.0160270420400e-04;       6168
4.0162238230900e-04;       5378
4.0163876986700e-04;       5378
4.0165844817300e-04;       3428
4.0167811435600e-04;       3428
4.0169779243500e-04;       1478
4.0171745837700e-04;       1478
4.0173713664600e-04;       7204
4.0175680288900e-04;       7204
4.0177320240000e-04;       5254
4.0179286848000e-04;       5254
4.0181254654900e-04;       3304
4.0183221280700e-04;       3304
4.0185189087700e-04;       1354
4.0187155701900e-04;       1354
4.0189123518400e-04;       8240
4.0190762265300e-04;       8240
4.0192730080300e-04;       6290
4.0194696695500e-04;       6290
4.0196664492100e-04;       4340
4.0198631113100e-04;       4340
4.0200598907600e-04;       2390
4.0202565529000e-04;       2390
4.0204533317600e-04;        440
4.0206172053900e-04;        440
4.0208139876100e-04;       6166
4.0210106482700e-04;       6166
4.0212074303600e-04;       5376
4.0214040918500e-04;       5376
4.0216008735100e-04;       3426
4.0217975344100e-04;       3426
4.0219615289000e-04;       1476
4.0221581895400e-04;       1476
4.0223549718500e-04;       -474
4.0225516313900e-04;       -474
4.0227484127800e-04;       5252
4.0229450742600e-04;       5252
4.0231418556100e-04;       3302
4.0233385164100e-04;       3302
4.0235025107400e-04;       1352
4.0236991710500e-04;       1352
4.0238959534900e-04;        562
4.0240926135500e-04;        562
4.0242893936400e-04;      -1388
4.0244860544800e-04;      -1388
4.0246828357200e-04;       4338
4.0248467100600e-04;       4338
4.0250434914900e-04;       2388
4.0252401530200e-04;       2388
4.0254369334900e-04;        438
4.0256335943300e-04;        438
4.0258303759100e-04;      -1512
4.0260270378600e-04;      -1512
4.0262238190600e-04;       5374
4.0263876943600e-04;       5374
4.0265844762200e-04;       3424
4.0267811361900e-04;       3424
4.0269779188300e-04;       1474
4.0271745800100e-04;       1474
4.0273713616400e-04;       -476
4.0275680212700e-04;       -476
4.0277320162000e-04;      -2426
4.0279286778300e-04;      -2426
4.0281254596800e-04;       3300
4.0283221211400e-04;       3300
4.0285189010200e-04;       1350
4.0287155620000e-04;       1350
4.0289123442800e-04;       8236
4.0290762174100e-04;       8236
4.0292729990100e-04;       6286
4.0294696598700e-04;       6286
4.0296664417800e-04;       4336
4.0298631037500e-04;       4336
4.0300598842200e-04;       2386
4.0302565456500e-04;       2386
4.0304533254700e-04;        436
4.0306172006100e-04;        436
4.0308139809100e-04;       6162
4.0310106435800e-04;       6162
4.0312074240000e-04;       5372
4.0314040869900e-04;       5372
4.0316008691700e-04;       3422
4.0317975313100e-04;       3422
4.0319615252300e-04;       1472
4.0321581863900e-04;       1472
4.0323549686200e-04;       -478
4.0325516293200e-04;       -478
4.0327484098200e-04;       5248
4.0329450702100e-04;       5248
4.0331418519100e-04;       3298
4.0333385114600e-04;       3298
4.0335025059000e-04;       1348
4.0336991659100e-04;       1348
4.0338959474100e-04;        558
4.0340926088000e-04;        558
4.0342893905800e-04;       6284
4.0344860511700e-04;       6284
4.0346828343600e-04;       4334
4.0348467098600e-04;       4334
4.0350434918600e-04;       2384
4.0352401528000e-04;       2384
4.0354369333500e-04;        434
4.0356335947300e-04;        434
4.0358303765700e-04;       6160
4.0360270366200e-04;       6160
4.0362238176800e-04;       5370
4.0363876916600e-04;       5370
4.0365844727300e-04;       3420
4.0367811342700e-04;       3420
4.0369779164600e-04;       1470
4.0371745768000e-04;       1470
4.0373713585200e-04;       -480
4.0375680196800e-04;       -480
4.0377320140000e-04;       5246
4.0379286748700e-04;       5246
4.0381254568800e-04;       3296
4.0383221187000e-04;       3296
4.0385188998400e-04;       1346
4.0387155617500e-04;       1346
4.0389123437200e-04;       8232
4.0390762176800e-04;       8232
4.0392729983000e-04;      -1394
4.0394696607700e-04;      -1394
4.0396664417900e-04;       4332
4.0398631024700e-04;       4332
4.0400598820600e-04;       2382
4.0402565422700e-04;       2382
4.0404533246100e-04;        432
4.0406172002500e-04;        432
4.0408139811700e-04;       6158
4.0410106434400e-04;       6158
4.0412074250800e-04;       5368
4.0414040846700e-04;       5368
4.0416008661800e-04;       3418
4.0417975284000e-04;       3418
4.0419615238100e-04;       1468
4.0421581837000e-04;       1468
4.0423549651800e-04;       -482
4.0425516266800e-04;       -482
4.0427484061900e-04;       5244
4.0429450671200e-04;       5244
4.0431418491100e-04;       3294
4.0433385092800e-04;       3294
4.0435025040300e-04;       1344
4.0436991657300e-04;       1344
4.0438959467800e-04;        554
4.0440926076500e-04;        554
4.0442893889500e-04;      -1396
4.0444860506800e-04;      -1396
4.0446828305500e-04;       4330
4.0448467055300e-04;       4330
4.0450434864100e-04;       2380
4.0452401490500e-04;       2380
4.0454369300500e-04;        430
4.0456335935000e-04;        430
4.0458303743200e-04;       6156
4.0460270345700e-04;       6156
4.0462238161200e-04;       5366
4.0463876900800e-04;       5366
4.0465844705400e-04;       3416
4.0467811318700e-04;       3416
4.0469779131600e-04;       1466
4.0471745735400e-04;       1466
4.0473713555600e-04;       -484
4.0475680155700e-04;       -484
4.0477320110500e-04;       5242
4.0479286712300e-04;       5242
4.0481254516600e-04;       3292
4.0483221117000e-04;       3292
4.0485188932600e-04;       1342
4.0487155552700e-04;       1342
4.0489123356300e-04;        552
4.0490762104600e-04;        552
4.0492729922800e-04;      -1398
4.0494696546900e-04;      -1398
4.0496664360200e-04;       4328
4.0498630975300e-04;       4328
4.0500598784800e-04;       2378
4.0502565412700e-04;       2378
4.0504533235500e-04;        428
4.0506171989000e-04;        428
4.0508139786300e-04;       6154
4.0510106385100e-04;       6154
4.0512074213500e-04;       5364
4.0514040832900e-04;       5364
4.0516008660200e-04;       3414
4.0517975267100e-04;       3414
4.0519615215200e-04;       1464
4.0521581825400e-04;       1464
4.0523549635800e-04;       -486
4.0525516243200e-04;       -486
4.0527484042300e-04;       5240
4.0529450671700e-04;       5240
4.0531418483200e-04;       3290
4.0533385086700e-04;       3290
4.0535025036700e-04;       1340
4.0536991651600e-04;       1340
4.0538959457900e-04;        550
4.0540926053200e-04;        550
4.0542893865200e-04;      -1400
4.0544860467600e-04;      -1400
4.0546828272600e-04;       4326
4.0548467026900e-04;       4326
4.0550434851400e-04;       2376
4.0552401475400e-04;       2376
4.0554369292000e-04;        426
4.0556335922900e-04;        426
4.0558303738500e-04;      -1524
4.0560270344700e-04;      -1524
4.0562238158600e-04;       5362
4.0563876895400e-04;       5362
4.0565844709000e-04;       3412
4.0567811312000e-04;       3412
4.0569779133700e-04;       1462
4.0571745725600e-04;       1462
4.0573713534000e-04;       -488
4.0575680151900e-04;       -488
4.0577320100200e-04;      -2438
4.0579286706400e-04;      -2438
4.0581254522200e-04;       3288
4.0583221137200e-04;       3288
4.0585188945300e-04;       1338
4.0587155562000e-04;       1338
4.0589123371800e-04;        548
4.0590762119600e-04;        548
4.0592729936700e-04;      -1402
4.0594696544900e-04;      -1402
4.0596664356900e-04;       4324
4.0598630973100e-04;       4324
4.0600598783700e-04;       2374
4.0602565400600e-04;       2374
4.0604533229200e-04;        424
4.0606171968400e-04;        424
4.0608139782300e-04;      -1526
4.0610106400000e-04;      -1526
4.0612074210100e-04;       5360
4.0614040813500e-04;       5360
4.0616008623800e-04;       3410
4.0617975247300e-04;       3410
4.0619615198700e-04;       1460
4.0621581789200e-04;       1460
4.0623549607900e-04;       -490
4.0625516206500e-04;       -490
4.0627484029500e-04;       5236
4.0629450643300e-04;       5236
4.0631418466900e-04;       3286
4.0633385082300e-04;       3286
4.0635025016600e-04;       1336
4.0636991621600e-04;       1336
4.0638959448700e-04;        546
4.0640926048700e-04;        546
4.0642893881500e-04;      -1404
4.0644860485300e-04;      -1404
4.0646828315100e-04;       4322
4.0648467071700e-04;       4322
4.0650434869400e-04;       2372
4.0652401501300e-04;       2372
4.0654369290100e-04;        422
4.0656335915500e-04;        422
4.0658303740000e-04;      -1528
4.0660270363600e-04;      -1528
4.0662238182900e-04;       5358
4.0663876934600e-04;       5358
4.0665844747300e-04;       3408
4.0667811340100e-04;       3408
4.0669779164800e-04;       1458
4.0671745767300e-04;       1458
4.0673713579000e-04;       7184
4.0675680198900e-04;       7184
4.0677320139800e-04;       5234
4.0679286749600e-04;       5234
4.0681254574500e-04;       3284
4.0683221179800e-04;       3284
4.0685188983300e-04;       1334
4.0687155591300e-04;       1334
4.0689123407800e-04;        544
4.0690762155600e-04;        544
4.0692729970800e-04;       6270
4.0694696579700e-04;       6270
4.0696664391900e-04;       4320
4.0698630995900e-04;       4320
4.0700598812600e-04;       2370
4.0702565414900e-04;       2370
4.0704533227500e-04;        420
4.0706171981800e-04;        420
4.0708139796300e-04;      -1530
4.0710106397700e-04;      -1530
4.0712074211500e-04;       5356
4.0714040814600e-04;       5356
4.0716008629500e-04;       3406
4.0717975252000e-04;       3406
4.0719615200000e-04;       1456
4.0721581811300e-04;       1456
4.0723549627300e-04;       -494
4.0725516257200e-04;       -494
4.0727484059700e-04;       5232
4.0729450682000e-04;       5232
4.0731418473300e-04;       3282
4.0733385073700e-04;       3282
4.0735025036700e-04;       1332
4.0736991644800e-04;       1332
4.0738959460700e-04;       8218
4.0740926063300e-04;       8218
4.0742893872500e-04;       6268
4.0744860491300e-04;       6268
4.0746828299800e-04;       4318
4.0748467042300e-04;       4318
4.0750434855100e-04;       2368
4.0752401470400e-04;       2368
4.0754369287300e-04;        418
4.0756335893900e-04;        418
4.0758303690400e-04;      -1532
4.0760270295100e-04;      -1532
4.0762238097400e-04;       5354
4.0763876856500e-04;       5354
4.0765844658600e-04;       3404
4.0767811272500e-04;       3404
4.0769779072500e-04;       1454
4.0771745690500e-04;       1454
4.0773713507900e-04;       -496
4.0775680124800e-04;       -496
4.0777320076600e-04;      -2446
4.0779286707300e-04;      -2446
4.0781254500100e-04;       3280
4.0783221119100e-04;       3280
4.0785188929600e-04;       1330
4.0787155547900e-04;       1330
4.0789123369700e-04;        540
4.0790762105900e-04;        540
4.0792729915300e-04;      -1410
4.0794696535300e-04;      -1410
4.0796664335500e-04;       4316
4.0798630941000e-04;       4316
4.0800598752500e-04;       2366
4.0802565360600e-04;       2366
4.0804533163200e-04;        416
4.0806171923500e-04;        416
4.0808139745500e-04;      -1534
4.0810106349800e-04;      -1534
4.0812074154700e-04;       5352
4.0814040766000e-04;       5352
4.0816008590600e-04;       3402
4.0817975217100e-04;       3402
4.0819615165300e-04;       1452
4.0821581768300e-04;       1452
4.0823549598800e-04;       -498
4.0825516207800e-04;       -498
4.0827484014500e-04;      -2448
4.0829450624800e-04;      -2448
4.0831418427500e-04;       3278
4.0833385046300e-04;       3278
4.0835024987500e-04;       1328
4.0836991603400e-04;       1328
4.0838959417700e-04;        538
4.0840926045400e-04;        538
4.0842893857000e-04;      -1412
4.0844860472900e-04;      -1412
4.0846828280000e-04;       4314
4.0848467035400e-04;       4314
4.0850434842600e-04;       2364
4.0852401444400e-04;       2364
4.0854369267000e-04;        414
4.0856335869600e-04;        414
4.0858303683300e-04;      -1536
4.0860270312800e-04;      -1536
4.0862238131500e-04;       5350
4.0863876886700e-04;       5350
4.0865844702300e-04;       3400
4.0867811313900e-04;       3400
4.0869779126200e-04;       1450
4.0871745750000e-04;       1450
4.0873713559200e-04;       -500
4.0875680153400e-04;       -500
4.0877320102800e-04;       5226
4.0879286701700e-04;       5226
4.0881254517600e-04;       3276
4.0883221135300e-04;       3276
4.0885188954000e-04;       1326
4.0887155571200e-04;       1326
4.0889123384100e-04;       8212
4.0890762118500e-04;       8212
4.0892729953300e-04;      -1414
4.0894696569100e-04;      -1414
4.0896664373000e-04;       4312
4.0898631000400e-04;       4312
4.0900598806600e-04;       2362
4.0902565428700e-04;       2362
4.0904533260400e-04;        412
4.0906172008400e-04;        412
4.0908139811900e-04;      -1538
4.0910106426900e-04;      -1538
4.0912074242300e-04;       5348
4.0914040860400e-04;       5348
4.0916008662000e-04;       3398
4.0917975277300e-04;       3398
4.0919615217200e-04;       1448
4.0921581824400e-04;       1448
4.0923549650300e-04;       -502
4.0925516259700e-04;       -502
4.0927484065200e-04;       5224
4.0929450693500e-04;       5224
4.0931418490700e-04;       3274
4.0933385096300e-04;       3274
4.0935025058600e-04;       1324
4.0936991673100e-04;       1324
4.0938959483000e-04;        534
4.0940926104300e-04;        534
4.0942893911300e-04;      -1416
4.0944860532200e-04;      -1416
4.0946828356400e-04;       4310
4.0948467108000e-04;       4310
4.0950434922300e-04;       2360
4.0952401534600e-04;       2360
4.0954369364500e-04;        410
4.0956335981000e-04;        410
4.0958303799000e-04;      -1540
4.0960270412000e-04;      -1540
4.0962238230600e-04;       5346
4.0963876980500e-04;       5346
4.0965844786600e-04;       3396
4.0967811399000e-04;       3396
4.0969779213300e-04;       1446
4.0971745826200e-04;       1446
4.0973713640400e-04;       7172
4.0975680260600e-04;       7172
4.0977320207700e-04;       5222
4.0979286811500e-04;       5222
4.0981254628900e-04;       3272
4.0983221242800e-04;       3272
4.0985189065900e-04;       1322
4.0987155680500e-04;       1322
4.0989123491500e-04;       8208
4.0990762238100e-04;       8208
4.0992730049700e-04;      -1418
4.0994696663800e-04;      -1418
4.0996664478600e-04;       4308
4.0998631105400e-04;       4308
4.1000598913300e-04;       2358
4.1002565516000e-04;       2358
4.1004533316000e-04;        408
4.1006172057700e-04;        408
4.1008139872600e-04;      -1542
4.1010106489900e-04;      -1542
4.1012074306300e-04;       5344
4.1014040922800e-04;       5344
4.1016008727600e-04;       3394
4.1017975343600e-04;       3394
4.1019615288300e-04;       1444
4.1021581906900e-04;       1444
4.1023549731500e-04;       -506
4.1025516330500e-04;       -506
4.1027484122700e-04;       5220
4.1029450736000e-04;       5220
4.1031418542200e-04;       3270
4.1033385161300e-04;       3270
4.1035025103400e-04;       1320
4.1036991709300e-04;       1320
4.1038959511100e-04;        530
4.1040926120400e-04;        530
4.1042893933300e-04;       6256
4.1044860544700e-04;       6256
4.1046828365700e-04;       4306
4.1048467097800e-04;       4306
4.1050434904200e-04;       2356
4.1052401520600e-04;       2356
4.1054369339900e-04;        406
4.1056335937800e-04;        406
4.1058303753600e-04;      -1544
4.1060270379700e-04;      -1544
4.1062238186000e-04;       5342
4.1063876927000e-04;       5342
4.1065844738200e-04;       3392
4.1067811354600e-04;       3392
4.1069779157400e-04;       1442
4.1071745763700e-04;       1442
4.1073713586700e-04;       -508
4.1075680196400e-04;       -508
4.1077320129500e-04;       5218
4.1079286741500e-04;       5218
4.1081254558700e-04;       3268
4.1083221157900e-04;       3268
4.1085188981600e-04;       1318
4.1087155595900e-04;       1318
4.1089123411700e-04;        528
4.1090762158700e-04;        528
4.1092729981000e-04;      -1422
4.1094696589300e-04;      -1422
4.1096664394600e-04;       4304
4.1098631007000e-04;       4304
4.1100598809400e-04;       2354
4.1102565428500e-04;       2354
4.1104533229900e-04;        404
4.1106171966300e-04;        404
4.1108139789700e-04;      -1546
4.1110106393100e-04;      -1546
4.1112074215500e-04;       5340
4.1114040833100e-04;       5340
4.1116008635100e-04;       3390
4.1117975248800e-04;       3390
4.1119615198800e-04;       1440
4.1121581816500e-04;       1440
4.1123549624800e-04;       -510
4.1125516229800e-04;       -510
4.1127484047000e-04;       5216
4.1129450677000e-04;       5216
4.1131418485100e-04;       3266
4.1133385096200e-04;       3266
4.1135025041200e-04;       1316
4.1136991648300e-04;       1316
4.1138959470200e-04;       8202
4.1140926089900e-04;       8202
4.1142893908600e-04;       6252
4.1144860506400e-04;       6252
4.1146828318600e-04;       4302
4.1148467069400e-04;       4302
4.1150434874900e-04;       2352
4.1152401490300e-04;       2352
4.1154369286700e-04;        402
4.1156335888300e-04;        402
4.1158303696500e-04;      -1548
4.1160270302800e-04;      -1548
4.1162238127600e-04;       5338
4.1163876865200e-04;       5338
4.1165844670800e-04;       3388
4.1167811284400e-04;       3388
4.1169779109900e-04;       1438
4.1171745717700e-04;       1438
4.1173713520500e-04;       -512
4.1175680120400e-04;       -512
4.1177320066300e-04;       5214
4.1179286673900e-04;       5214
4.1181254480900e-04;       3264
4.1183221089700e-04;       3264
4.1185188928700e-04;       1314
4.1187155536800e-04;       1314
4.1189123346600e-04;        524
4.1190762096300e-04;        524
4.1192729906000e-04;      -1426
4.1194696509700e-04;      -1426
4.1196664340400e-04;       4300
4.1198630949100e-04;       4300
4.1200598772700e-04;       2350
4.1202565379500e-04;       2350
4.1204533190000e-04;        400
4.1206171935400e-04;        400
4.1208139743500e-04;      -1550
4.1210106355800e-04;      -1550
4.1212074186600e-04;       5336
4.1214040811400e-04;       5336
4.1216008613200e-04;       3386
4.1217975226700e-04;       3386
4.1219615168600e-04;       1436
4.1221581791900e-04;       1436
4.1223549610500e-04;       -514
4.1225516231100e-04;       -514
4.1227484044200e-04;       5212
4.1229450671200e-04;       5212
4.1231418492000e-04;       3262
4.1233385092500e-04;       3262
4.1235025045600e-04;       1312
4.1236991641900e-04;       1312
4.1238959463300e-04;        522
4.1240926081400e-04;        522
4.1242893876700e-04;      -1428
4.1244860491800e-04;      -1428
4.1246828294600e-04;       4298
4.1248467041100e-04;       4298
4.1250434853900e-04;       2348
4.1252401483400e-04;       2348
4.1254369296000e-04;        398
4.1256335905500e-04;        398
4.1258303739100e-04;      -1552
4.1260270358300e-04;      -1552
4.1262238148100e-04;       5334
4.1263876899600e-04;       5334
4.1265844716200e-04;       3384
4.1267811320400e-04;       3384
4.1269779152000e-04;       1434
4.1271745744900e-04;       1434
4.1273713569200e-04;       -516
4.1275680186400e-04;       -516
4.1277320124800e-04;       5210
4.1279286736600e-04;       5210
4.1281254548100e-04;       3260
4.1283221165700e-04;       3260
4.1285188970900e-04;       1310
4.1287155573900e-04;       1310
4.1289123379700e-04;       8196
4.1290762134200e-04;       8196
4.1292729940800e-04;       6246
4.1294696544900e-04;       6246
4.1296664342600e-04;       4296
4.1298630954000e-04;       4296
4.1300598771300e-04;       2346
4.1302565388600e-04;       2346
4.1304533206500e-04;        396
4.1306171941500e-04;        396
4.1308139761400e-04;       6122
4.1310106380200e-04;       6122
4.1312074191700e-04;       5332
4.1314040800000e-04;       5332
4.1316008620000e-04;       3382
4.1317975235900e-04;       3382
4.1319615175400e-04;       1432
4.1321581787600e-04;       1432
4.1323549599800e-04;       -518
4.1325516207900e-04;       -518
4.1327484009500e-04;      -2468
4.1329450621300e-04;      -2468
4.1331418430600e-04;       3258
4.1333385055500e-04;       3258
4.1335025005700e-04;       1308
4.1336991624500e-04;       1308
4.1338959427700e-04;        518
4.1340926039100e-04;        518
4.1342893836700e-04;      -1432
4.1344860452100e-04;      -1432
4.1346828290700e-04;       4294
4.1348467022700e-04;       4294
4.1350434831500e-04;       2344
4.1352401442900e-04;       2344
4.1354369249800e-04;        394
4.1356335878300e-04;        394
4.1358303694300e-04;      -1556
4.1360270300300e-04;      -1556
4.1362238128000e-04;       5330
4.1363876862600e-04;       5330
4.1365844679400e-04;       3380
4.1367811293600e-04;       3380
4.1369779123000e-04;       1430
4.1371745727800e-04;       1430
4.1373713553700e-04;       -520
4.1375680176300e-04;       -520
4.1377320125700e-04;       5206
4.1379286735900e-04;       5206
4.1381254543500e-04;       3256
4.1383221154700e-04;       3256
4.1385188961600e-04;       1306
4.1387155574200e-04;       1306
4.1389123397600e-04;       8192
4.1390762144300e-04;       8192
4.1392729957100e-04;       6242
4.1394696580200e-04;       6242
4.1396664378100e-04;       4292
4.1398630987000e-04;       4292
4.1400598810700e-04;       2342
4.1402565420100e-04;       2342
4.1404533216300e-04;        392
4.1406171959100e-04;        392
4.1408139767700e-04;      -1558
4.1410106391500e-04;      -1558
4.1412074198300e-04;       5328
4.1414040796800e-04;       5328
4.1416008606900e-04;       3378
4.1417975214700e-04;       3378
4.1419615147500e-04;       1428
4.1421581770300e-04;       1428
4.1423549570900e-04;       -522
4.1425516202600e-04;       -522
4.1427484013400e-04;       5204
4.1429450592900e-04;       5204
4.1431418419600e-04;       3254
4.1433385023000e-04;       3254
4.1435024966600e-04;       1304
4.1436991577300e-04;       1304
4.1438959390000e-04;        514
4.1440926014900e-04;        514
4.1442893822200e-04;      -1436
4.1444860449600e-04;      -1436
4.1446828280600e-04;       4290
4.1448467022300e-04;       4290
4.1450434836700e-04;       2340
4.1452401451700e-04;       2340
4.1454369268900e-04;        390
4.1456335889600e-04;        390
4.1458303706200e-04;      -1560
4.1460270325700e-04;      -1560
4.1462238145600e-04;       5326
4.1463876894800e-04;       5326
4.1465844710900e-04;       3376
4.1467811305700e-04;       3376
4.1469779126100e-04;       1426
4.1471745731300e-04;       1426
4.1473713549400e-04;       -524
4.1475680163300e-04;       -524
4.1477320108300e-04;      -2474
4.1479286707300e-04;      -2474
4.1481254529200e-04;       3252
4.1483221143200e-04;       3252
4.1485188946500e-04;       1302
4.1487155557900e-04;       1302
4.1489123382400e-04;        512
4.1490762123700e-04;        512
4.1492729955600e-04;      -1438
4.1494696562400e-04;      -1438
4.1496664380200e-04;       4288
4.1498630988600e-04;       4288
4.1500598797300e-04;       2338
4.1502565405900e-04;       2338
4.1504533231900e-04;        388
4.1506171971900e-04;        388
4.1508139791400e-04;      -1562
4.1510106411800e-04;      -1562
4.1512074228000e-04;       5324
4.1514040849900e-04;       5324
4.1516008678800e-04;       3374
4.1517975281900e-04;       3374
4.1519615240200e-04;       1424
4.1521581871900e-04;       1424
4.1523549682100e-04;       7150
4.1525516293100e-04;       7150
4.1527484097600e-04;       5200
4.1529450725100e-04;       5200
4.1531418524300e-04;       3250
4.1533385146900e-04;       3250
4.1535025087000e-04;       1300
4.1536991709000e-04;       1300
4.1538959524700e-04;       8186
4.1540926149900e-04;       8186
4.1542893965000e-04;      -1440
4.1544860584300e-04;      -1440
4.1546828389700e-04;       4286
4.1548467124000e-04;       4286
4.1550434928900e-04;       2336
4.1552401549400e-04;       2336
4.1554369373500e-04;        386
4.1556335971000e-04;        386
4.1558303784400e-04;       6112
4.1560270401700e-04;       6112
4.1562238214900e-04;       5322
4.1563876961300e-04;       5322
4.1565844764800e-04;       3372
4.1567811367800e-04;       3372
4.1569779172700e-04;       1422
4.1571745772100e-04;       1422
4.1573713584700e-04;       -528
4.1575680192300e-04;       -528
4.1577320153400e-04;      -2478
4.1579286773100e-04;      -2478
4.1581254591600e-04;       3248
4.1583221191800e-04;       3248
4.1585189001700e-04;       1298
4.1587155622100e-04;       1298
4.1589123439500e-04;        508
4.1590762183400e-04;        508
4.1592730006900e-04;      -1442
4.1594696628400e-04;      -1442
4.1596664438200e-04;       4284
4.1598631055200e-04;       4284
4.1600598853700e-04;       2334
4.1602565474500e-04;       2334
4.1604533277200e-04;        384
4.1606172029700e-04;        384
4.1608139856200e-04;       6110
4.1610106477200e-04;       6110
4.1612074279700e-04;       5320
4.1614040889100e-04;       5320
4.1616008700200e-04;       3370
4.1617975320200e-04;       3370
4.1619615277600e-04;       1420
4.1621581877900e-04;       1420
4.1623549703300e-04;       -530
4.1625516313000e-04;       -530
4.1627484143900e-04;       5196
4.1629450745800e-04;       5196
4.1631418556900e-04;       3246
4.1633385180700e-04;       3246
4.1635025109900e-04;       1296
4.1636991714300e-04;       1296
4.1638959525200e-04;       8182
4.1640926129900e-04;       8182
4.1642893932100e-04;      -1444
4.1644860565800e-04;      -1444
4.1646828378300e-04;       4282
4.1648467126000e-04;       4282
4.1650434941300e-04;       2332
4.1652401563700e-04;       2332
4.1654369382700e-04;        382
4.1656336000800e-04;        382
4.1658303809600e-04;       6108
4.1660270429500e-04;       6108
4.1662238222300e-04;       5318
4.1663876961000e-04;       5318
4.1665844772400e-04;       3368
4.1667811413800e-04;       3368
4.1669779224400e-04;       1418
4.1671745855000e-04;       1418
4.1673713671600e-04;       -532
4.1675680288300e-04;       -532
4.1677320226400e-04;       5194
4.1679286837500e-04;       5194
4.1681254651700e-04;       3244
4.1683221264300e-04;       3244
4.1685189079800e-04;       1294
4.1687155698200e-04;       1294
4.1689123509300e-04;        504
4.1690762248700e-04;        504
4.1692730067700e-04;       6230
4.1694696682500e-04;       6230
4.1696664488500e-04;       4280
4.1698631109300e-04;       4280
4.1700598932100e-04;       2330
4.1702565546100e-04;       2330
4.1704533368600e-04;        380
4.1706172102500e-04;        380
4.1708139921000e-04;      -1570
4.1710106549900e-04;      -1570
4.1712074361500e-04;       5316
4.1714040964200e-04;       5316
4.1716008788400e-04;       3366
4.1717975393200e-04;       3366
4.1719615345900e-04;       1416
4.1721581974200e-04;       1416
4.1723549784400e-04;       -534
4.1725516395300e-04;       -534
4.1727484195200e-04;       5192
4.1729450801700e-04;       5192
4.1731418603300e-04;       3242
4.1733385222200e-04;       3242
4.1735025169500e-04;       1292
4.1736991775600e-04;       1292
4.1738959582400e-04;       8178
4.1740926201100e-04;       8178
4.1742894002000e-04;       6228
4.1744860610800e-04;       6228
4.1746828423300e-04;       4278
4.1748467170900e-04;       4278
4.1750434982500e-04;       2328
4.1752401601900e-04;       2328
4.1754369405600e-04;        378
4.1756336008800e-04;        378
4.1758303826000e-04;      -1572
4.1760270443100e-04;      -1572
4.1762238250800e-04;       5314
4.1763876995100e-04;       5314
4.1765844799500e-04;       3364
4.1767811408800e-04;       3364
4.1769779235300e-04;       1414
4.1771745847700e-04;       1414
4.1773713664100e-04;       7140
4.1775680284300e-04;       7140
4.1777320239600e-04;       5190
4.1779286858200e-04;       5190
4.1781254660700e-04;       3240
4.1783221278000e-04;       3240
4.1785189093000e-04;       1290
4.1787155706800e-04;       1290
4.1789123514000e-04;       8176
4.1790762270200e-04;       8176
4.1792730082400e-04;       6226
4.1794696703400e-04;       6226
4.1796664506700e-04;       4276
4.1798631130600e-04;       4276
4.1800598950100e-04;       2326
4.1802565555600e-04;       2326
4.1804533349400e-04;        376
4.1806172092200e-04;        376
4.1808139901900e-04;       6102
4.1810106509900e-04;       6102
4.1812074338200e-04;       5312
4.1814040934900e-04;       5312
4.1816008747000e-04;       3362
4.1817975379300e-04;       3362
4.1819615310600e-04;       1412
4.1821581931200e-04;       1412
4.1823549726700e-04;       7138
4.1825516334200e-04;       7138
4.1827484152000e-04;       5188
4.1829450749600e-04;       5188
4.1831418554800e-04;       3238
4.1833385176500e-04;       3238
4.1835025122000e-04;       1288
4.1836991754500e-04;       1288
4.1838959555000e-04;       8174
4.1840926173400e-04;       8174
4.1842893997600e-04;       6224
4.1844860610200e-04;       6224
4.1846828426100e-04;       4274
4.1848467166800e-04;       4274
4.1850434968000e-04;       2324
4.1852401571600e-04;       2324
4.1854369384800e-04;        374
4.1856335988700e-04;        374
4.1858303816700e-04;      -1576
4.1860270428700e-04;      -1576
4.1862238246900e-04;       5310
4.1863876988500e-04;       5310
4.1865844798400e-04;       3360
4.1867811405100e-04;       3360
4.1869779211600e-04;       1410
4.1871745831000e-04;       1410
4.1873713644400e-04;       -540
4.1875680255400e-04;       -540
4.1877320201400e-04;       5186
4.1879286816800e-04;       5186
4.1881254640100e-04;       3236
4.1883221260700e-04;       3236
4.1885189068900e-04;       1286
4.1887155672400e-04;       1286
4.1889123488800e-04;        496
4.1890762232200e-04;        496
4.1892730037300e-04;      -1454
4.1894696656500e-04;      -1454
4.1896664470800e-04;       4272
4.1898631065000e-04;       4272
4.1900598890100e-04;       2322
4.1902565503000e-04;       2322
4.1904533327100e-04;        372
4.1906172062800e-04;        372
4.1908139882100e-04;       6098
4.1910106490200e-04;       6098
4.1912074314200e-04;       5308
4.1914040922100e-04;       5308
4.1916008730400e-04;       3358
4.1917975344000e-04;       3358
4.1919615291500e-04;       1408
4.1921581919000e-04;       1408
4.1923549740800e-04;       -542
4.1925516351100e-04;       -542
4.1927484159900e-04;       5184
4.1929450764800e-04;       5184
4.1931418585000e-04;       3234
4.1933385203900e-04;       3234
4.1935025142400e-04;       1284
4.1936991756900e-04;       1284
4.1938959577600e-04;        494
4.1940926186800e-04;        494
4.1942893994000e-04;       6220
4.1944860599800e-04;       6220
4.1946828412700e-04;       4270
4.1948467169000e-04;       4270
4.1950434963700e-04;       2320
4.1952401579000e-04;       2320
4.1954369394900e-04;        370
4.1956335997300e-04;        370
4.1958303819200e-04;      -1580
4.1960270423900e-04;      -1580
4.1962238236800e-04;       5306
4.1963876994800e-04;       5306
4.1965844795200e-04;       3356
4.1967811419100e-04;       3356
4.1969779240800e-04;       1406
4.1971745846800e-04;       1406
4.1973713674000e-04;       -544
4.1975680295600e-04;       -544
4.1977320251700e-04;       5182
4.1979286854200e-04;       5182
4.1981254659000e-04;       3232
4.1983221267600e-04;       3232
4.1985189094600e-04;       1282
4.1987155700700e-04;       1282
4.1989123518300e-04;        492
4.1990762262300e-04;        492
4.1992730069300e-04;       6218
4.1994696682300e-04;       6218
4.1996664491300e-04;       4268
4.1998631103700e-04;       4268
4.2000598915600e-04;       2318
4.2002565542600e-04;       2318
4.2004533351200e-04;        368
4.2006172092300e-04;        368
4.2008139915800e-04;      -1582
4.2010106526200e-04;      -1582
4.2012074348900e-04;       5304
4.2014040969600e-04;       5304
4.2016008770800e-04;       3354
4.2017975382300e-04;       3354
4.2019615332900e-04;       1404
4.2021581936000e-04;       1404
4.2023549759000e-04;       -546
4.2025516374800e-04;       -546
4.2027484178600e-04;       5180
4.2029450803300e-04;       5180
4.2031418603400e-04;       3230
4.2033385224400e-04;       3230
4.2035025165100e-04;       1280
4.2036991761500e-04;       1280
4.2038959580600e-04;       8166
4.2040926177300e-04;       8166
4.2042893986000e-04;      -1460
4.2044860587500e-04;      -1460
4.2046828382500e-04;       4266
4.2048467131800e-04;       4266
4.2050434951500e-04;       2316
4.2052401563000e-04;       2316
4.2054369367000e-04;        366
4.2056335976600e-04;        366
4.2058303795500e-04;      -1584
4.2060270397100e-04;      -1584
4.2062238214600e-04;       5302
4.2063876953700e-04;       5302
4.2065844763700e-04;       3352
4.2067811371400e-04;       3352
4.2069779177600e-04;       1402
4.2071745810300e-04;       1402
4.2073713620700e-04;       -548
4.2075680238800e-04;       -548
4.2077320178400e-04;       5178
4.2079286781000e-04;       5178
4.2081254601600e-04;       3228
4.2083221212800e-04;       3228
4.2085189026000e-04;       1278
4.2087155634600e-04;       1278
4.2089123447400e-04;       8164
4.2090762180800e-04;       8164
4.2092729989800e-04;       6214
4.2094696590300e-04;       6214
4.2096664397800e-04;       4264
4.2098631016500e-04;       4264
4.2100598822000e-04;       2314
4.2102565424200e-04;       2314
4.2104533237200e-04;        364
4.2106171969600e-04;        364
4.2108139778900e-04;       6090
4.2110106404000e-04;       6090
4.2112074212400e-04;       5300
4.2114040840500e-04;       5300
4.2116008651100e-04;       3350
4.2117975270400e-04;       3350
4.2119615204600e-04;       1400
4.2121581831300e-04;       1400
4.2123549621600e-04;       7126
4.2125516233200e-04;       7126
4.2127484052700e-04;       5176
4.2129450657300e-04;       5176
4.2131418481400e-04;       3226
4.2133385095000e-04;       3226
4.2135025034600e-04;       1276
4.2136991658100e-04;       1276
4.2138959473700e-04;       8162
4.2140926094000e-04;       8162
4.2142893885900e-04;      -1464
4.2144860483800e-04;      -1464
4.2146828276300e-04;       4262
4.2148467019900e-04;       4262
4.2150434821900e-04;       2312
4.2152401432400e-04;       2312
4.2154369219100e-04;        362
4.2156335837500e-04;        362
4.2158303655500e-04;      -1588
4.2160270265800e-04;      -1588
4.2162238081500e-04;       5298
4.2163876821900e-04;       5298
4.2165844648300e-04;       3348
4.2167811256100e-04;       3348
4.2169779065300e-04;       1398
4.2171745683000e-04;       1398
4.2173713514700e-04;       -552
4.2175680106000e-04;       -552
4.2177320055500e-04;      -2502
4.2179286681900e-04;      -2502
4.2181254484700e-04;       3224
4.2183221096600e-04;       3224
4.2185188920700e-04;       1274
4.2187155525000e-04;       1274
4.2189123348700e-04;        484
4.2190762094300e-04;        484
4.2192729910100e-04;      -1466
4.2194696519200e-04;      -1466
4.2196664320800e-04;       4260
4.2198630952100e-04;       4260
4.2200598755600e-04;       2310
4.2202565387500e-04;       2310
4.2204533195400e-04;        360
4.2206171955100e-04;        360
4.2208139768500e-04;      -1590
4.2210106378700e-04;      -1590
4.2212074174500e-04;       5296
4.2214040785800e-04;       5296
4.2216008614400e-04;       3346
4.2217975220600e-04;       3346
4.2219615163500e-04;       1396
4.2221581777100e-04;       1396
4.2223549594800e-04;       -554
4.2225516184300e-04;       -554
4.2227484006500e-04;      -2504
4.2229450617100e-04;      -2504
4.2231418436700e-04;       3222
4.2233385060500e-04;       3222
4.2235025006300e-04;       1272
4.2236991628100e-04;       1272
4.2238959435500e-04;       8158
4.2240926061500e-04;       8158
4.2242893873200e-04;       6208
4.2244860478400e-04;       6208
4.2246828288900e-04;       4258
4.2248467028000e-04;       4258
4.2250434856000e-04;       2308
4.2252401466100e-04;       2308
4.2254369278700e-04;        358
4.2256335898400e-04;        358
4.2258303714300e-04;      -1592
4.2260270328800e-04;      -1592
4.2262238152700e-04;       5294
4.2263876894200e-04;       5294
4.2265844712000e-04;       3344
4.2267811323100e-04;       3344
4.2269779141800e-04;       1394
4.2271745762900e-04;       1394
4.2273713588000e-04;       -556
4.2275680188700e-04;       -556
4.2277320139000e-04;       5170
4.2279286743200e-04;       5170
4.2281254550000e-04;       3220
4.2283221165900e-04;       3220
4.2285188974900e-04;       1270
4.2287155591900e-04;       1270
4.2289123405700e-04;       8156
4.2290762147300e-04;       8156
4.2292729944200e-04;       6206
4.2294696575900e-04;       6206
4.2296664397800e-04;       4256
4.2298630999000e-04;       4256
4.2300598806200e-04;       2306
4.2302565410000e-04;       2306
4.2304533217900e-04;        356
4.2306171974400e-04;        356
4.2308139781900e-04;      -1594
4.2310106400400e-04;      -1594
4.2312074223800e-04;       5292
4.2314040827900e-04;       5292
4.2316008641200e-04;       3342
4.2317975249900e-04;       3342
4.2319615192200e-04;       1392
4.2321581794000e-04;       1392
4.2323549626600e-04;       -558
4.2325516234900e-04;       -558
4.2327484046400e-04;       5168
4.2329450660600e-04;       5168
4.2331418489700e-04;       3218
4.2333385097800e-04;       3218
4.2335025032200e-04;       1268
4.2336991656100e-04;       1268
4.2338959460900e-04;       8154
4.2340926063100e-04;       8154
4.2342893874200e-04;      -1472
4.2344860482900e-04;      -1472
4.2346828297000e-04;       4254
4.2348467036400e-04;       4254
4.2350434846400e-04;       2304
4.2352401462900e-04;       2304
4.2354369277800e-04;        354
4.2356335887800e-04;        354
4.2358303720700e-04;      -1596
4.2360270319300e-04;      -1596
4.2362238142800e-04;       5290
4.2363876893600e-04;       5290
4.2365844720800e-04;       3340
4.2367811333900e-04;       3340
4.2369779145700e-04;       1390
4.2371745757900e-04;       1390
4.2373713590100e-04;       -560
4.2375680194200e-04;       -560
4.2377320141500e-04;      -2510
4.2379286736000e-04;      -2510
4.2381254551600e-04;       3216
4.2383221162800e-04;       3216
4.2385188971800e-04;       1266
4.2387155593200e-04;       1266
4.2389123432200e-04;        476
4.2390762166400e-04;        476
4.2392729980300e-04;       6202
4.2394696592700e-04;       6202
4.2396664412100e-04;       4252
4.2398631028200e-04;       4252
4.2400598852400e-04;       2302
4.2402565450400e-04;       2302
4.2404533288100e-04;        352
4.2406172036900e-04;        352
4.2408139851300e-04;      -1598
4.2410106469600e-04;      -1598
4.2412074281700e-04;       5288
4.2414040889000e-04;       5288
4.2416008713900e-04;       3338
4.2417975342300e-04;       3338
4.2419615281200e-04;       1388
4.2421581898100e-04;       1388
4.2423549717700e-04;       7114
4.2425516337300e-04;       7114
4.2427484140900e-04;       5164
4.2429450753500e-04;       5164
4.2431418575000e-04;       3214
4.2433385174400e-04;       3214
4.2435025110100e-04;       1264
4.2436991713700e-04;       1264
4.2438959547800e-04;       8150
4.2440926159800e-04;       8150
4.2442893954400e-04;      -1476
4.2444860559600e-04;      -1476
4.2446828379300e-04;       4250
4.2448467127000e-04;       4250
4.2450434926400e-04;       2300
4.2452401526200e-04;       2300
4.2454369329500e-04;        350
4.2456335942400e-04;        350
4.2458303763800e-04;      -1600
4.2460270378100e-04;      -1600
4.2462238184600e-04;       5286
4.2463876949100e-04;       5286
4.2465844755800e-04;       3336
4.2467811370600e-04;       3336
4.2469779175200e-04;       1386
4.2471745781600e-04;       1386
4.2473713602700e-04;       -564
4.2475680222600e-04;       -564
4.2477320168700e-04;      -2514
4.2479286779500e-04;      -2514
4.2481254604700e-04;       3212
4.2483221199900e-04;       3212
4.2485189007000e-04;       1262
4.2487155619700e-04;       1262
4.2489123429600e-04;       8148
4.2490762173300e-04;       8148
4.2492729991100e-04;      -1478
4.2494696606700e-04;      -1478
4.2496664419700e-04;       4248
4.2498631035300e-04;       4248
4.2500598850500e-04;       2298
4.2502565455600e-04;       2298
4.2504533267100e-04;        348
4.2506172009700e-04;        348
4.2508139837300e-04;       6074
4.2510106450800e-04;       6074
4.2512074255200e-04;       5284
4.2514040868100e-04;       5284
4.2516008668000e-04;       3334
4.2517975287600e-04;       3334
4.2519615230700e-04;       1384
4.2521581846100e-04;       1384
4.2523549665100e-04;       -566
4.2525516261700e-04;       -566
4.2527484090900e-04;       5160
4.2529450698500e-04;       5160
4.2531418502500e-04;       3210
4.2533385125600e-04;       3210
4.2535025061300e-04;       1260
4.2536991665200e-04;       1260
4.2538959469500e-04;        470
4.2540926074900e-04;        470
4.2542893892200e-04;      -1480
4.2544860523800e-04;      -1480
4.2546828316300e-04;       4246
4.2548467040600e-04;       4246
4.2550434852400e-04;       2296
4.2552401471400e-04;       2296
4.2554369287500e-04;        346
4.2556335892200e-04;        346
4.2558303710600e-04;      -1604
4.2560270329900e-04;      -1604
4.2562238144800e-04;       5282
4.2563876871700e-04;       5282
4.2565844690400e-04;       3332
4.2567811303800e-04;       3332
4.2569779136300e-04;       1382
4.2571745767000e-04;       1382
4.2573713565200e-04;       7108
4.2575680159900e-04;       7108
4.2577320118200e-04;       5158
4.2579286717800e-04;       5158
4.2581254515400e-04;       3208
4.2583221133100e-04;       3208
4.2585188933900e-04;       1258
4.2587155561800e-04;       1258
4.2589123358300e-04;        468
4.2590762102800e-04;        468
4.2592729922200e-04;      -1482
4.2594696531500e-04;      -1482
4.2596664340200e-04;       4244
4.2598630948400e-04;       4244
4.2600598754100e-04;       2294
4.2602565358200e-04;       2294
4.2604533176900e-04;        344
4.2606171899700e-04;        344
4.2608139706200e-04;      -1606
4.2610106336500e-04;      -1606
4.2612074150400e-04;       5280
4.2614040782300e-04;       5280
4.2616008596500e-04;       3330
4.2617975209200e-04;       3330
4.2619615160100e-04;       1380
4.2621581776000e-04;       1380
4.2623549608500e-04;       -570
4.2625516226800e-04;       -570
4.2627484004700e-04;       5156
4.2629450642200e-04;       5156
4.2631418432200e-04;       3206
4.2633385052100e-04;       3206
4.2635024969700e-04;       1256
4.2636991591900e-04;       1256
4.2638959411700e-04;        466
4.2640926016200e-04;        466
4.2642893840400e-04;      -1484
4.2644860467800e-04;      -1484
4.2646828291100e-04;       4242
4.2648467020700e-04;       4242
4.2650434845900e-04;       2292
4.2652401433000e-04;       2292
4.2654369260900e-04;        342
4.2656335876200e-04;        342
4.2658303681000e-04;      -1608
4.2660270296800e-04;      -1608
4.2662238091500e-04;       5278
4.2663876842200e-04;       5278
4.2665844648400e-04;       3328
4.2667811281600e-04;       3328
4.2669779105100e-04;       1378
4.2671745719000e-04;       1378
4.2673713522200e-04;       -572
4.2675680135300e-04;       -572
4.2677320069400e-04;       5154
4.2679286696800e-04;       5154
4.2681254501400e-04;       3204
4.2683221111400e-04;       3204
4.2685188918500e-04;       1254
4.2687155526900e-04;       1254
4.2689123358600e-04;        464
4.2690762107100e-04;        464
4.2692729920400e-04;      -1486
4.2694696542900e-04;      -1486
4.2696664364100e-04;       4240
4.2698630980600e-04;       4240
4.2700598794200e-04;       2290
4.2702565400400e-04;       2290
4.2704533203700e-04;        340
4.2706171952800e-04;        340
4.2708139775800e-04;       6066
4.2710106382200e-04;       6066
4.2712074204600e-04;       5276
4.2714040811700e-04;       5276
4.2716008614900e-04;       3326
4.2717975236900e-04;       3326
4.2719615168500e-04;       1376
4.2721581784400e-04;       1376
4.2723549605500e-04;       -574
4.2725516213000e-04;       -574
4.2727484025200e-04;       5152
4.2729450654900e-04;       5152
4.2731418462900e-04;       3202
4.2733385077000e-04;       3202
4.2735025021300e-04;       1252
4.2736991639500e-04;       1252
4.2738959452800e-04;       8138
4.2740926046000e-04;       8138
4.2742893853500e-04;       6188
4.2744860459600e-04;       6188
4.2746828273600e-04;       4238
4.2748467018700e-04;       4238
4.2750434840600e-04;       2288
4.2752401446300e-04;       2288
4.2754369256500e-04;        338
4.2756335853100e-04;        338
4.2758303662800e-04;      -1612
4.2760270276100e-04;      -1612
4.2762238091700e-04;       5274
4.2763876816500e-04;       5274
4.2765844638700e-04;       3324
4.2767811250700e-04;       3324
4.2769779053200e-04;       1374
4.2771745667200e-04;       1374
4.2773713481500e-04;       -576
4.2775680069200e-04;       -576
4.2777320015000e-04;      -2526
4.2779286612700e-04;      -2526
4.2781254438600e-04;       3200
4.2783221041600e-04;       3200
4.2785188871700e-04;       1250
4.2787155494100e-04;       1250
4.2789123311300e-04;        460
4.2790762059500e-04;        460
4.2792729882500e-04;       6186
4.2794696500100e-04;       6186
4.2796664332700e-04;       4236
4.2798630938400e-04;       4236
4.2800598754600e-04;       2286
4.2802565358900e-04;       2286
4.2804533176000e-04;        336
4.2806171929600e-04;        336
4.2808139737600e-04;      -1614
4.2810106354500e-04;      -1614
4.2812074157100e-04;       5272
4.2814040753300e-04;       5272
4.2816008572500e-04;       3322
4.2817975192100e-04;       3322
4.2819615148400e-04;       1372
4.2821581753600e-04;       1372
4.2823549576100e-04;       7098
4.2825516175700e-04;       7098
4.2827483982100e-04;       5148
4.2829450603900e-04;       5148
4.2831418408800e-04;       3198
4.2833385033400e-04;       3198
4.2835024979400e-04;       1248
4.2836991584300e-04;       1248
4.2838959416300e-04;        458
4.2840926028500e-04;        458
4.2842893830500e-04;      -1492
4.2844860434000e-04;      -1492
4.2846828249900e-04;       4234
4.2848467019700e-04;       4234
4.2850434824500e-04;       2284
4.2852401434100e-04;       2284
4.2854369239700e-04;        334
4.2856335872500e-04;        334
4.2858303688600e-04;      -1616
4.2860270298500e-04;      -1616
4.2862238109200e-04;       5270
4.2863876867900e-04;       5270
4.2865844682400e-04;       3320
4.2867811308100e-04;       3320
4.2869779129600e-04;       1370
4.2871745738800e-04;       1370
4.2873713569600e-04;       -580
4.2875680190900e-04;       -580
4.2877320129200e-04;      -2530
4.2879286730000e-04;      -2530
4.2881254531200e-04;       3196
4.2883221150400e-04;       3196
4.2885188972000e-04;       1246
4.2887155569700e-04;       1246
4.2889123407500e-04;        456
4.2890762150800e-04;        456
4.2892729981000e-04;      -1494
4.2894696595000e-04;      -1494
4.2896664410600e-04;       4232
4.2898631042300e-04;       4232
4.2900598850200e-04;       2282
4.2902565476300e-04;       2282
4.2904533290500e-04;        332
4.2906172029800e-04;        332
4.2908139820300e-04;      -1618
4.2910106443400e-04;      -1618
4.2912074260700e-04;       5268
4.2914040876300e-04;       5268
4.2916008698100e-04;       3318
4.2917975308500e-04;       3318
4.2919615254300e-04;       1368
4.2921581879100e-04;       1368
4.2923549688400e-04;       -582
4.2925516303700e-04;       -582
4.2927484118800e-04;       5144
4.2929450758200e-04;       5144
4.2931418573100e-04;       3194
4.2933385174400e-04;       3194
4.2935025100700e-04;       1244
4.2936991708300e-04;       1244
4.2938959540400e-04;       8130
4.2940926152400e-04;       8130
4.2942893969800e-04;      -1496
4.2944860570600e-04;      -1496
4.2946828399200e-04;       4230
4.2948467131100e-04;       4230
4.2950434967100e-04;       2280
4.2952401589500e-04;       2280
4.2954369410000e-04;        330
4.2956336012700e-04;        330
4.2958303821400e-04;      -1620
4.2960270429700e-04;      -1620
4.2962238247600e-04;       5266
4.2963877004200e-04;       5266
4.2965844811300e-04;       3316
4.2967811421600e-04;       3316
4.2969779239400e-04;       1366
4.2971745860700e-04;       1366
4.2973713679800e-04;       7092
4.2975680313300e-04;       7092
4.2977320249200e-04;       5142
4.2979286862000e-04;       5142
4.2981254665700e-04;       3192
4.2983221296900e-04;       3192
4.2985189103000e-04;       1242
4.2987155719000e-04;       1242
4.2989123532200e-04;       8128
4.2990762275300e-04;       8128
4.2992730106900e-04;       6178
4.2994696728200e-04;       6178
4.2996664533500e-04;       4228
4.2998631147300e-04;       4228
4.3000598962100e-04;       2278
4.3002565571800e-04;       2278
4.3004533357100e-04;        328
4.3006172103500e-04;        328
4.3008139910100e-04;      -1622
4.3010106517600e-04;      -1622
4.3012074339000e-04;       5264
4.3014040954600e-04;       5264
4.3016008763700e-04;       3314
4.3017975383500e-04;       3314
4.3019615317700e-04;       1364
4.3021581924300e-04;       1364
4.3023549740100e-04;       -586
4.3025516353600e-04;       -586
4.3027484173000e-04;       5140
4.3029450789500e-04;       5140
4.3031418602400e-04;       3190
4.3033385219200e-04;       3190
4.3035025158800e-04;       1240
4.3036991766900e-04;       1240
4.3038959594100e-04;       8126
4.3040926197800e-04;       8126
4.3042894018800e-04;       6176
4.3044860626600e-04;       6176
4.3046828424100e-04;       4226
4.3048467170400e-04;       4226
4.3050434987300e-04;       2276
4.3052401592800e-04;       2276
4.3054369407300e-04;        326
4.3056336024500e-04;        326
4.3058303836500e-04;      -1624
4.3060270452700e-04;      -1624
4.3062238251700e-04;       5262
4.3063876996900e-04;       5262
4.3065844795300e-04;       3312
4.3067811417300e-04;       3312
4.3069779231600e-04;       1362
4.3071745842100e-04;       1362
4.3073713659800e-04;       7088
4.3075680262200e-04;       7088
4.3077320207400e-04;       5138
4.3079286823900e-04;       5138
4.3081254638000e-04;       3188
4.3083221230400e-04;       3188
4.3085189062000e-04;       1238
4.3087155649500e-04;       1238
4.3089123475200e-04;        448
4.3090762201000e-04;        448
4.3092730014500e-04;      -1502
4.3094696630800e-04;      -1502
4.3096664445200e-04;       4224
4.3098631055800e-04;       4224
4.3100598858500e-04;       2274
4.3102565476500e-04;       2274
4.3104533297200e-04;        324
4.3106172042800e-04;        324
4.3108139867100e-04;       6050
4.3110106471800e-04;       6050
4.3112074287300e-04;       5260
4.3114040903900e-04;       5260
4.3116008723400e-04;       3310
4.3117975332400e-04;       3310
4.3119615273400e-04;       1360
4.3121581880800e-04;       1360
4.3123549709900e-04;       -590
4.3125516308400e-04;       -590
4.3127484135200e-04;       5136
4.3129450735800e-04;       5136
4.3131418556900e-04;       3186
4.3133385159800e-04;       3186
4.3135025106900e-04;       1236
4.3136991724700e-04;       1236
4.3138959538500e-04;       8122
4.3140926152000e-04;       8122
4.3142893969600e-04;      -1504
4.3144860587100e-04;      -1504
4.3146828394700e-04;       4222
4.3148467136200e-04;       4222
4.3150434945500e-04;       2272
4.3152401567100e-04;       2272
4.3154369378400e-04;        322
4.3156335983300e-04;        322
4.3158303791000e-04;      -1628
4.3160270393500e-04;      -1628
4.3162238201200e-04;       5258
4.3163876921800e-04;       5258
4.3165844734500e-04;       3308
4.3167811352600e-04;       3308
4.3169779160600e-04;       1358
4.3171745782700e-04;       1358
4.3173713579200e-04;       -592
4.3175680204600e-04;       -592
4.3177320156700e-04;       5134
4.3179286779100e-04;       5134
4.3181254588600e-04;       3184
4.3183221201400e-04;       3184
4.3185189014400e-04;       1234
4.3187155617600e-04;       1234
4.3189123420600e-04;        444
4.3190762169400e-04;        444
4.3192729981600e-04;      -1506
4.3194696614500e-04;      -1506
4.3196664420800e-04;       4220
4.3198631031900e-04;       4220
4.3200598851500e-04;       2270
4.3202565462400e-04;       2270
4.3204533265100e-04;        320
4.3206172015400e-04;        320
4.3208139836600e-04;      -1630
4.3210106437300e-04;      -1630
4.3212074242800e-04;       5256
4.3214040854700e-04;       5256
4.3216008671800e-04;       3306
4.3217975286600e-04;       3306
4.3219615239500e-04;       1356
4.3221581852500e-04;       1356
4.3223549659100e-04;       7082
4.3225516281100e-04;       7082
4.3227484113700e-04;       5132
4.3229450715500e-04;       5132
4.3231418551900e-04;       3182
4.3233385156700e-04;       3182
4.3235025110000e-04;       1232
4.3236991725400e-04;       1232
4.3238959531100e-04;       8118
4.3240926147700e-04;       8118
4.3242893951000e-04;       6168
4.3244860563500e-04;       6168
4.3246828388200e-04;       4218
4.3248467127300e-04;       4218
4.3250434947200e-04;       2268
4.3252401552700e-04;       2268
4.3254369359300e-04;        318
4.3256335978200e-04;        318
4.3258303785900e-04;       6044
4.3260270392700e-04;       6044
4.3262238216200e-04;       5254
4.3263876951600e-04;       5254
4.3265844767300e-04;       3304
4.3267811382400e-04;       3304
4.3269779177800e-04;       1354
4.3271745784500e-04;       1354
4.3273713595900e-04;       -596
4.3275680195400e-04;       -596
4.3277320142800e-04;       5130
4.3279286744800e-04;       5130
4.3281254559800e-04;       3180
4.3283221173300e-04;       3180
4.3285188996000e-04;       1230
4.3287155607800e-04;       1230
4.3289123415200e-04;        440
4.3290762142200e-04;        440
4.3292729951300e-04;      -1510
4.3294696564300e-04;      -1510
4.3296664386900e-04;       4216
4.3298630995000e-04;       4216
4.3300598798900e-04;       2266
4.3302565409500e-04;       2266
4.3304533231400e-04;        316
4.3306171965100e-04;        316
4.3308139792400e-04;      -1634
4.3310106395700e-04;      -1634
4.3312074194000e-04;       5252
4.3314040810300e-04;       5252
4.3316008636000e-04;       3302
4.3317975235200e-04;       3302
4.3319615193600e-04;       1352
4.3321581810600e-04;       1352
4.3323549628900e-04;       -598
4.3325516243200e-04;       -598
4.3327484041400e-04;      -2548
4.3329450657500e-04;      -2548
4.3331418460600e-04;       3178
4.3333385080700e-04;       3178
4.3335025040100e-04;       1228
4.3336991640100e-04;       1228
4.3338959462000e-04;        438
4.3340926080400e-04;        438
4.3342893912900e-04;      -1512
4.3344860525900e-04;      -1512
4.3346828349800e-04;       4214
4.3348467091500e-04;       4214
4.3350434906300e-04;       2264
4.3352401531600e-04;       2264
4.3354369342400e-04;        314
4.3356335962600e-04;        314
4.3358303780600e-04;      -1636
4.3360270405500e-04;      -1636
4.3362238234200e-04;       5250
4.3363876970300e-04;       5250
4.3365844771300e-04;       3300
4.3367811392800e-04;       3300
4.3369779211800e-04;       1350
4.3371745822500e-04;       1350
4.3373713639300e-04;       -600
4.3375680257900e-04;       -600
4.3377320210500e-04;       5126
4.3379286821700e-04;       5126
4.3381254624200e-04;       3176
4.3383221245000e-04;       3176
4.3385189043700e-04;       1226
4.3387155657600e-04;       1226
4.3389123453600e-04;        436
4.3390762206500e-04;        436
4.3392730006400e-04;      -1514
4.3394696631800e-04;      -1514
4.3396664447400e-04;       4212
4.3398631062500e-04;       4212
4.3400598870900e-04;       2262
4.3402565484400e-04;       2262
4.3404533323900e-04;        312
4.3406172054400e-04;        312
4.3408139875800e-04;       6038
4.3410106488400e-04;       6038
4.3412074299800e-04;       5248
4.3414040920400e-04;       5248
4.3416008741400e-04;       3298
4.3417975346800e-04;       3298
4.3419615281200e-04;       1348
4.3421581902700e-04;       1348
4.3423549726700e-04;       7074
4.3425516317100e-04;       7074
4.3427484127600e-04;       5124
4.3429450732900e-04;       5124
4.3431418544200e-04;       3174
4.3433385143300e-04;       3174
4.3435025081100e-04;       1224
4.3436991677400e-04;       1224
4.3438959509000e-04;       8110
4.3440926108100e-04;       8110
4.3442893932200e-04;       6160
4.3444860536800e-04;       6160
4.3446828346400e-04;       4210
4.3448467085100e-04;       4210
4.3450434908800e-04;       2260
4.3452401519800e-04;       2260
4.3454369324100e-04;        310
4.3456335917800e-04;        310
4.3458303728100e-04;      -1640
4.3460270330900e-04;      -1640
4.3462238141500e-04;       5246
4.3463876884100e-04;       5246
4.3465844672900e-04;       3296
4.3467811286800e-04;       3296
4.3469779106700e-04;       1346
4.3471745715900e-04;       1346
4.3473713532300e-04;       -604
4.3475680137800e-04;       -604
4.3477320076800e-04;       5122
4.3479286690800e-04;       5122
4.3481254490700e-04;       3172
4.3483221116300e-04;       3172
4.3485188933300e-04;       1222
4.3487155542700e-04;       1222
4.3489123364400e-04;        432
4.3490762099400e-04;        432
4.3492729906700e-04;      -1518
4.3494696509200e-04;      -1518
4.3496664319300e-04;       4208
4.3498630929200e-04;       4208
4.3500598740400e-04;       2258
4.3502565361100e-04;       2258
4.3504533178000e-04;        308
4.3506171921900e-04;        308
4.3508139737900e-04;      -1642
4.3510106354400e-04;      -1642
4.3512074181000e-04;       5244
4.3514040780600e-04;       5244
4.3516008588300e-04;       3294
4.3517975200700e-04;       3294
4.3519615144900e-04;       1344
4.3521581760300e-04;       1344
4.3523549568300e-04;       -606
4.3525516186100e-04;       -606
4.3527483997800e-04;      -2556
4.3529450625600e-04;      -2556
4.3531418426800e-04;       3170
4.3533385054300e-04;       3170
4.3535024989000e-04;       1220
4.3536991628100e-04;       1220
4.3538959432600e-04;        430
4.3540926061800e-04;        430
4.3542893891300e-04;      -1520
4.3544860498500e-04;      -1520
4.3546828305700e-04;       4206
4.3548467044200e-04;       4206
4.3550434867800e-04;       2256
4.3552401470000e-04;       2256
4.3554369302700e-04;        306
4.3556335917700e-04;        306
4.3558303726700e-04;      -1644
4.3560270325400e-04;      -1644
4.3562238139400e-04;       5242
4.3563876869000e-04;       5242
4.3565844684200e-04;       3292
4.3567811305900e-04;       3292
4.3569779101200e-04;       1342
4.3571745711700e-04;       1342
4.3573713533100e-04;       -608
4.3575680135700e-04;       -608
4.3577320078000e-04;       5118
4.3579286695500e-04;       5118
4.3581254524900e-04;       3168
4.3583221132200e-04;       3168
4.3585188941600e-04;       1218
4.3587155540300e-04;       1218
4.3589123347900e-04;       8104
4.3590762089100e-04;       8104
4.3592729901800e-04;       6154
4.3594696510200e-04;       6154
4.3596664335600e-04;       4204
4.3598630967900e-04;       4204
4.3600598777500e-04;       2254
4.3602565391200e-04;       2254
4.3604533205800e-04;        304
4.3606171950700e-04;        304
4.3608139753300e-04;       6030
4.3610106367700e-04;       6030
4.3612074190100e-04;       5240
4.3614040799700e-04;       5240
4.3616008609800e-04;       3290
4.3617975221000e-04;       3290
4.3619615178600e-04;       1340
4.3621581789700e-04;       1340
4.3623549592300e-04;       -610
4.3625516205900e-04;       -610
4.3627484020900e-04;       5116
4.3629450645600e-04;       5116
4.3631418453100e-04;       3166
4.3633385058600e-04;       3166
4.3635025016500e-04;       1216
4.3636991633200e-04;       1216
4.3638959446700e-04;        426
4.3640926056900e-04;        426
4.3642893867800e-04;      -1524
4.3644860488600e-04;      -1524
4.3646828295600e-04;       4202
4.3648467043300e-04;       4202
4.3650434861400e-04;       2252
4.3652401480100e-04;       2252
4.3654369288300e-04;        302
4.3656335904700e-04;        302
4.3658303712200e-04;       6028
4.3660270333200e-04;       6028
4.3662238160000e-04;       5238
4.3663876897000e-04;       5238
4.3665844702200e-04;       3288
4.3667811330700e-04;       3288
4.3669779151100e-04;       1338
4.3671745759800e-04;       1338
4.3673713581700e-04;       -612
4.3675680194300e-04;       -612
4.3677320134400e-04;      -2562
4.3679286759600e-04;      -2562
4.3681254565600e-04;       3164
4.3683221167000e-04;       3164
4.3685188979700e-04;       1214
4.3687155598800e-04;       1214
4.3689123397600e-04;       8100
4.3690762141700e-04;       8100
4.3692729958300e-04;      -1526
4.3694696564700e-04;      -1526
4.3696664382500e-04;       4200
4.3698631006500e-04;       4200
4.3700598823100e-04;       2250
4.3702565432000e-04;       2250
4.3704533251300e-04;        300
4.3706171992900e-04;        300
4.3708139807900e-04;       6026
4.3710106425900e-04;       6026
4.3712074253700e-04;       5236
4.3714040850800e-04;       5236
4.3716008671100e-04;       3286
4.3717975297300e-04;       3286
4.3719615235700e-04;       1336
4.3721581866400e-04;       1336
4.3723549668600e-04;       7062
4.3725516283000e-04;       7062
4.3727484095100e-04;       5112
4.3729450696900e-04;       5112
4.3731418536700e-04;       3162
4.3733385139300e-04;       3162
4.3735025089200e-04;       1212
4.3736991708600e-04;       1212
4.3738959520100e-04;       8098
4.3740926137000e-04;       8098
4.3742893956800e-04;      -1528
4.3744860556500e-04;      -1528
4.3746828371400e-04;       4198
4.3748467105700e-04;       4198
4.3750434905300e-04;       2248
4.3752401519500e-04;       2248
4.3754369338900e-04;        298
4.3756335956000e-04;        298
4.3758303761600e-04;      -1652
4.3760270387800e-04;      -1652
4.3762238195600e-04;       5234
4.3763876942600e-04;       5234
4.3765844755800e-04;       3284
4.3767811355400e-04;       3284
4.3769779156500e-04;       1334
4.3771745762200e-04;       1334
4.3773713588500e-04;       -616
4.3775680194000e-04;       -616
4.3777320150700e-04;       5110
4.3779286769500e-04;       5110
4.3781254595900e-04;       3160
4.3783221208100e-04;       3160
4.3785189016100e-04;       1210
4.3787155631500e-04;       1210
4.3789123432500e-04;       8096
4.3790762182100e-04;       8096
4.3792729994500e-04;      -1530
4.3794696593000e-04;      -1530
4.3796664416000e-04;       4196
4.3798631044500e-04;       4196
4.3800598856400e-04;       2246
4.3802565457400e-04;       2246
4.3804533277600e-04;        296
4.3806172034100e-04;        296
4.3808139849900e-04;      -1654
4.3810106464400e-04;      -1654
4.3812074267700e-04;       5232
4.3814040869700e-04;       5232
4.3816008675000e-04;       3282
4.3817975292900e-04;       3282
4.3819615241300e-04;       1332
4.3821581847000e-04;       1332
4.3823549653400e-04;       -618
4.3825516254600e-04;       -618
4.3827484058000e-04;       5108
4.3829450675000e-04;       5108
4.3831418487100e-04;       3158
4.3833385096700e-04;       3158
4.3835025038700e-04;       1208
4.3836991632500e-04;       1208
4.3838959471000e-04;       8094
4.3840926062200e-04;       8094
4.3842893890800e-04;       6144
4.3844860497200e-04;       6144
4.3846828306800e-04;       4194
4.3848467058900e-04;       4194
4.3850434874300e-04;       2244
4.3852401493700e-04;       2244
4.3854369299900e-04;        294
4.3856335913700e-04;        294
4.3858303715000e-04;      -1656
4.3860270328400e-04;      -1656
4.3862238138100e-04;       5230
4.3863876879700e-04;       5230
4.3865844695800e-04;       3280
4.3867811314700e-04;       3280
4.3869779136300e-04;       1330
4.3871745751400e-04;       1330
4.3873713583800e-04;       -620
4.3875680200100e-04;       -620
4.3877320142500e-04;      -2570
4.3879286776700e-04;      -2570
4.3881254555400e-04;       3156
4.3883221179800e-04;       3156
4.3885188978100e-04;       1206
4.3887155589400e-04;       1206
4.3889123391700e-04;        416
4.3890762137600e-04;        416
4.3892729943200e-04;      -1534
4.3894696550100e-04;      -1534
4.3896664368200e-04;       4192
4.3898630983700e-04;       4192
4.3900598805700e-04;       2242
4.3902565414100e-04;       2242
4.3904533246700e-04;        292
4.3906171988900e-04;        292
4.3908139817800e-04;      -1658
4.3910106426200e-04;      -1658
4.3912074241100e-04;       5228
4.3914040859200e-04;       5228
4.3916008667300e-04;       3278
4.3917975292600e-04;       3278
4.3919615225600e-04;       1328
4.3921581853700e-04;       1328
4.3923549675000e-04;       -622
4.3925516287000e-04;       -622
4.3927484100600e-04;       5104
4.3929450718900e-04;       5104
4.3931418534700e-04;       3154
4.3933385151900e-04;       3154
4.3935025094900e-04;       1204
4.3936991707700e-04;       1204
4.3938959527100e-04;       8090
4.3940926154400e-04;       8090
4.3942893968100e-04;       6140
4.3944860586900e-04;       6140
4.3946828395100e-04;       4190
4.3948467137300e-04;       4190
4.3950434958000e-04;       2240
4.3952401574600e-04;       2240
4.3954369374200e-04;        290
4.3956335980800e-04;        290
4.3958303793500e-04;      -1660
4.3960270393500e-04;      -1660
4.3962238210300e-04;       5226
4.3963876963000e-04;       5226
4.3965844786900e-04;       3276
4.3967811409800e-04;       3276
4.3969779228800e-04;       1326
4.3971745838100e-04;       1326
4.3973713653000e-04;       7052
4.3975680267400e-04;       7052
4.3977320208100e-04;       5102
4.3979286813000e-04;       5102
4.3981254617000e-04;       3152
4.3983221230700e-04;       3152
4.3985189038500e-04;       1202
4.3987155658300e-04;       1202
4.3989123465400e-04;       8088
4.3990762206300e-04;       8088
4.3992730028400e-04;       6138
4.3994696642700e-04;       6138
4.3996664443900e-04;       4188
4.3998631060800e-04;       4188
4.4000598870200e-04;       2238
4.4002565472000e-04;       2238
4.4004533280100e-04;        288
4.4006172036400e-04;        288
4.4008139844900e-04;       6014
4.4010106470000e-04;       6014
4.4012074291200e-04;       5224
4.4014040887800e-04;       5224
4.4016008696100e-04;       3274
4.4017975304700e-04;       3274
4.4019615243900e-04;       1324
4.4021581861500e-04;       1324
4.4023549663900e-04;       7050
4.4025516268800e-04;       7050
4.4027484100700e-04;       5100
4.4029450703200e-04;       5100
4.4031418504300e-04;       3150
4.4033385113500e-04;       3150
4.4035025056900e-04;       1200
4.4036991657700e-04;       1200
4.4038959470300e-04;        410
4.4040926074900e-04;        410
4.4042893888100e-04;      -1540
4.4044860494300e-04;      -1540
4.4046828306300e-04;       4186
4.4048467043200e-04;       4186
4.4050434869300e-04;       2236
4.4052401475000e-04;       2236
4.4054369283800e-04;        286
4.4056335884200e-04;        286
4.4058303692200e-04;      -1664
4.4060270311800e-04;      -1664
4.4062238126300e-04;       5222
4.4063876876600e-04;       5222
4.4065844690300e-04;       3272
4.4067811303100e-04;       3272
4.4069779122500e-04;       1322
4.4071745739300e-04;       1322
4.4073713548400e-04;       -628
4.4075680168300e-04;       -628
4.4077320118600e-04;       5098
4.4079286740600e-04;       5098
4.4081254542300e-04;       3148
4.4083221162400e-04;       3148
4.4085188972300e-04;       1198
4.4087155587900e-04;       1198
4.4089123402300e-04;        408
4.4090762149400e-04;        408
4.4092729975300e-04;      -1542
4.4094696611100e-04;      -1542
4.4096664421800e-04;       4184
4.4098631049700e-04;       4184
4.4100598859200e-04;       2234
4.4102565484100e-04;       2234
4.4104533299500e-04;        284
4.4106172050000e-04;        284
4.4108139874200e-04;       6010
4.4110106472100e-04;       6010
4.4112074302100e-04;       5220
4.4114040921300e-04;       5220
4.4116008729400e-04;       3270
4.4117975341400e-04;       3270
4.4119615298400e-04;       1320
4.4121581913600e-04;       1320
4.4123549759300e-04;       -630
4.4125516365200e-04;       -630
4.4127484168500e-04;       5096
4.4129450794900e-04;       5096
4.4131418610100e-04;       3146
4.4133385218600e-04;       3146
4.4135025166200e-04;       1196
4.4136991784500e-04;       1196
4.4138959604800e-04;       8082
4.4140926217000e-04;       8082
4.4142894033800e-04;       6132
4.4144860644800e-04;       6132
4.4146828432100e-04;       4182
4.4148467174600e-04;       4182
4.4150434977200e-04;       2232
4.4152401604000e-04;       2232
4.4154369389200e-04;        282
4.4156336002000e-04;        282
4.4158303810800e-04;       6008
4.4160270425100e-04;       6008
4.4162238233900e-04;       5218
4.4163876974400e-04;       5218
4.4165844797800e-04;       3268
4.4167811400000e-04;       3268
4.4169779210300e-04;       1318
4.4171745831800e-04;       1318
4.4173713624700e-04;       -632
4.4175680229800e-04;       -632
4.4177320167400e-04;       5094
4.4179286778600e-04;       5094
4.4181254597300e-04;       3144
4.4183221213100e-04;       3144
4.4185189020500e-04;       1194
4.4187155635400e-04;       1194
4.4189123462200e-04;       8080
4.4190762212700e-04;       8080
4.4192730031600e-04;       6130
4.4194696634900e-04;       6130
4.4196664453100e-04;       4180
4.4198631055700e-04;       4180
4.4200598873000e-04;       2230
4.4202565467800e-04;       2230
4.4204533276300e-04;        280
4.4206172018400e-04;        280
4.4208139829700e-04;      -1670
4.4210106447600e-04;      -1670
4.4212074250300e-04;       5216
4.4214040864000e-04;       5216
4.4216008671200e-04;       3266
4.4217975271300e-04;       3266
4.4219615209600e-04;       1316
4.4221581830100e-04;       1316
4.4223549651000e-04;       -634
4.4225516258900e-04;       -634
4.4227484065500e-04;       5092
4.4229450686000e-04;       5092
4.4231418505200e-04;       3142
4.4233385122000e-04;       3142
4.4235025064300e-04;       1192
4.4236991646400e-04;       1192
4.4238959458900e-04;        402
4.4240926055700e-04;        402
4.4242893880700e-04;      -1548
4.4244860480500e-04;      -1548
4.4246828290400e-04;       4178
4.4248467038400e-04;       4178
4.4250434862400e-04;       2228
4.4252401467300e-04;       2228
4.4254369285800e-04;        278
4.4256335885100e-04;        278
4.4258303708300e-04;      -1672
4.4260270325800e-04;      -1672
4.4262238133000e-04;       5214
4.4263876866700e-04;       5214
4.4265844683600e-04;       3264
4.4267811290300e-04;       3264
4.4269779104600e-04;       1314
4.4271745726700e-04;       1314
4.4273713535500e-04;       -636
4.4275680163500e-04;       -636
4.4277320100200e-04;      -2586
4.4279286711900e-04;      -2586
4.4281254523500e-04;       3140
4.4283221135000e-04;       3140
4.4285188940600e-04;       1190
4.4287155558600e-04;       1190
4.4289123374300e-04;        400
4.4290762116700e-04;        400
4.4292729923700e-04;       6126
4.4294696550900e-04;       6126
4.4296664363300e-04;       4176
4.4298631003900e-04;       4176
4.4300598802800e-04;       2226
4.4302565421200e-04;       2226
4.4304533231100e-04;        276
4.4306171989000e-04;        276
4.4308139801100e-04;      -1674
4.4310106417300e-04;      -1674
4.4312074233100e-04;       5212
4.4314040841400e-04;       5212
4.4316008648300e-04;       3262
4.4317975266000e-04;       3262
4.4319615217200e-04;       1312
4.4321581831200e-04;       1312
4.4323549636900e-04;       -638
4.4325516248900e-04;       -638
4.4327484050200e-04;       5088
4.4329450672600e-04;       5088
4.4331418495400e-04;       3138
4.4333385112400e-04;       3138
4.4335025054000e-04;       1188
4.4336991659000e-04;       1188
4.4338959470300e-04;       8074
4.4340926085800e-04;       8074
4.4342893901100e-04;      -1552
4.4344860521300e-04;      -1552
4.4346828327900e-04;       4174
4.4348467091900e-04;       4174
4.4350434902500e-04;       2224
4.4352401525400e-04;       2224
4.4354369330200e-04;        274
4.4356335954800e-04;        274
4.4358303755400e-04;      -1676
4.4360270358500e-04;      -1676
4.4362238173700e-04;       5210
4.4363876933900e-04;       5210
4.4365844740000e-04;       3260
4.4367811358600e-04;       3260
4.4369779162800e-04;       1310
4.4371745777900e-04;       1310
4.4373713585000e-04;       -640
4.4375680192700e-04;       -640
4.4377320139400e-04;      -2590
4.4379286750400e-04;      -2590
4.4381254565000e-04;       3136
4.4383221173700e-04;       3136
4.4385188984200e-04;       1186
4.4387155614000e-04;       1186
4.4389123416700e-04;        396
4.4390762181500e-04;        396
4.4392729984000e-04;       6122
4.4394696607100e-04;       6122
4.4396664436300e-04;       4172
4.4398631051500e-04;       4172
4.4400598844200e-04;       2222
4.4402565469000e-04;       2222
4.4404533278800e-04;        272
4.4406172042300e-04;        272
4.4408139858400e-04;       5998
4.4410106467500e-04;       5998
4.4412074292400e-04;       5208
4.4414040924300e-04;       5208
4.4416008727400e-04;       3258
4.4417975344100e-04;       3258
4.4419615284100e-04;       1308
4.4421581902800e-04;       1308
4.4423549726100e-04;       7034
4.4425516340200e-04;       7034
4.4427484148600e-04;       5084
4.4429450771200e-04;       5084
4.4431418585600e-04;       3134
4.4433385203800e-04;       3134
4.4435025140700e-04;       1184
4.4436991754400e-04;       1184
4.4438959564500e-04;       8070
4.4440926174900e-04;       8070
4.4442893995500e-04;       6120
4.4444860604200e-04;       6120
4.4446828407600e-04;       4170
4.4448467149600e-04;       4170
4.4450434968700e-04;       2220
4.4452401589700e-04;       2220
4.4454369396700e-04;        270
4.4456336001400e-04;        270
4.4458303825500e-04;       5996
4.4460270432500e-04;       5996
4.4462238257500e-04;       5206
4.4463877002900e-04;       5206
4.4465844813400e-04;       3256
4.4467811425400e-04;       3256
4.4469779231700e-04;       1306
4.4471745849400e-04;       1306
4.4473713675800e-04;       7032
4.4475680268500e-04;       7032
4.4477320197200e-04;       5082
4.4479286811100e-04;       5082
4.4481254612400e-04;       3132
4.4483221207400e-04;       3132
4.4485189024400e-04;       1182
4.4487155632400e-04;       1182
4.4489123465800e-04;        392
4.4490762212500e-04;        392
4.4492730035000e-04;      -1558
4.4494696645200e-04;      -1558
4.4496664450200e-04;       4168
4.4498631061100e-04;       4168
4.4500598877500e-04;       2218
4.4502565486900e-04;       2218
4.4504533299700e-04;        268
4.4506172043500e-04;        268
4.4508139842400e-04;       5994
4.4510106464200e-04;       5994
4.4512074281200e-04;       5204
4.4514040894100e-04;       5204
4.4516008709500e-04;       3254
4.4517975309700e-04;       3254
4.4519615263100e-04;       1304
4.4521581882100e-04;       1304
4.4523549682300e-04;       -646
4.4525516304600e-04;       -646
4.4527484112900e-04;      -2596
4.4529450724200e-04;      -2596
4.4531418557200e-04;       3130
4.4533385173900e-04;       3130
4.4535025109400e-04;       1180
4.4536991713300e-04;       1180
4.4538959535100e-04;       8066
4.4540926152600e-04;       8066
4.4542893975500e-04;       6116
4.4544860608600e-04;       6116
4.4546828423500e-04;       4166
4.4548467169300e-04;       4166
4.4550434969700e-04;       2216
4.4552401577300e-04;       2216
4.4554369376300e-04;        266
4.4556336025300e-04;        266
4.4558303826100e-04;       5992
4.4560270453500e-04;       5992
4.4562238260100e-04;       5202
4.4563876996600e-04;       5202
4.4565844804800e-04;       3252
4.4567811421200e-04;       3252
4.4569779231600e-04;       1302
4.4571745824300e-04;       1302
4.4573713634400e-04;       7028
4.4575680255000e-04;       7028
4.4577320213200e-04;       5078
4.4579286831100e-04;       5078
4.4581254626100e-04;       3128
4.4583221244700e-04;       3128
4.4585189072000e-04;       1178
4.4587155672900e-04;       1178
4.4589123494700e-04;       8064
4.4590762231100e-04;       8064
4.4592730034100e-04;       6114
4.4594696639300e-04;       6114
4.4596664451600e-04;       4164
4.4598631065500e-04;       4164
4.4600598865600e-04;       2214
4.4602565482800e-04;       2214
4.4604533291500e-04;        264
4.4606172022900e-04;        264
4.4608139836100e-04;       5990
4.4610106465200e-04;       5990
4.4612074284800e-04;       5200
4.4614040879300e-04;       5200
4.4616008693700e-04;       3250
4.4617975298600e-04;       3250
4.4619615218800e-04;       1300
4.4621581842400e-04;       1300
4.4623549656100e-04;       -650
4.4625516255300e-04;       -650
4.4627484071700e-04;       5076
4.4629450688600e-04;       5076
4.4631418502800e-04;       3126
4.4633385121000e-04;       3126
4.4635025061300e-04;       1176
4.4636991665800e-04;       1176
4.4638959481900e-04;        386
4.4640926102900e-04;        386
4.4642893914500e-04;      -1564
4.4644860532000e-04;      -1564
4.4646828348800e-04;       4162
4.4648467079000e-04;       4162
4.4650434895500e-04;       2212
4.4652401515900e-04;       2212
4.4654369329400e-04;        262
4.4656335942800e-04;        262
4.4658303769300e-04;      -1688
4.4660270388700e-04;      -1688
4.4662238191500e-04;       5198
4.4663876938500e-04;       5198
4.4665844755400e-04;       3248
4.4667811375000e-04;       3248
4.4669779171200e-04;       1298
4.4671745797600e-04;       1298
4.4673713622600e-04;       -652
4.4675680238100e-04;       -652
4.4677320183500e-04;       5074
4.4679286806700e-04;       5074
4.4681254614900e-04;       3124
4.4683221247800e-04;       3124
4.4685189076100e-04;       1174
4.4687155683800e-04;       1174
4.4689123510200e-04;       8060
4.4690762253600e-04;       8060
4.4692730061900e-04;       6110
4.4694696679500e-04;       6110
4.4696664500900e-04;       4160
4.4698631110900e-04;       4160
4.4700598932200e-04;       2210
4.4702565562800e-04;       2210
4.4704533357200e-04;        260
4.4706172112400e-04;        260
4.4708139924200e-04;       5986
4.4710106528900e-04;       5986
4.4712074338600e-04;       5196
4.4714040944200e-04;       5196
4.4716008743800e-04;       3246
4.4717975368500e-04;       3246
4.4719615327900e-04;       1296
4.4721581955200e-04;       1296
4.4723549743200e-04;       7022
4.4725516367500e-04;       7022
4.4727484186900e-04;       5072
4.4729450798900e-04;       5072
4.4731418613400e-04;       3122
4.4733385229100e-04;       3122
4.4735025168400e-04;       1172
4.4736991786000e-04;       1172
4.4738959588100e-04;       8058
4.4740926201200e-04;       8058
4.4742894004600e-04;       6108
4.4744860616900e-04;       6108
4.4746828427000e-04;       4158
4.4748467163300e-04;       4158
4.4750434975700e-04;       2208
4.4752401579400e-04;       2208
4.4754369374100e-04;        258
4.4756335991400e-04;        258
4.4758303789000e-04;      -1692
4.4760270402500e-04;      -1692
4.4762238224700e-04;       5194
4.4763876960200e-04;       5194
4.4765844779700e-04;       3244
4.4767811392000e-04;       3244
4.4769779210300e-04;       1294
4.4771745819200e-04;       1294
4.4773713633700e-04;       -656
4.4775680249300e-04;       -656
4.4777320189400e-04;      -2606
4.4779286808000e-04;      -2606
4.4781254617800e-04;       3120
4.4783221248900e-04;       3120
4.4785189063100e-04;       1170
4.4787155672000e-04;       1170
4.4789123487500e-04;       8056
4.4790762235300e-04;       8056
4.4792730043000e-04;       6106
4.4794696672500e-04;       6106
4.4796664479000e-04;       4156
4.4798631091300e-04;       4156
4.4800598919800e-04;       2206
4.4802565532400e-04;       2206
4.4804533356500e-04;        256
4.4806172079300e-04;        256
4.4808139903700e-04;      -1694
4.4810106528900e-04;      -1694
4.4812074326900e-04;       5192
4.4814040936900e-04;       5192
4.4816008734800e-04;       3242
4.4817975348400e-04;       3242
4.4819615290000e-04;       1292
4.4821581900100e-04;       1292
4.4823549709900e-04;       7018
4.4825516322900e-04;       7018
4.4827484126800e-04;       5068
4.4829450714300e-04;       5068
4.4831418552100e-04;       3118
4.4833385159000e-04;       3118
4.4835025118600e-04;       1168
4.4836991714900e-04;       1168
4.4838959545300e-04;       8054
4.4840926150700e-04;       8054
4.4842893964000e-04;       6104
4.4844860571000e-04;       6104
4.4846828381400e-04;       4154
4.4848467125100e-04;       4154
4.4850434939400e-04;       2204
4.4852401541300e-04;       2204
4.4854369351300e-04;        254
4.4856335960500e-04;        254
4.4858303773100e-04;       5980
4.4860270371100e-04;       5980
4.4862238202700e-04;       5190
4.4863876944400e-04;       5190
4.4865844740100e-04;       3240
4.4867811356100e-04;       3240
4.4869779170000e-04;       1290
4.4871745775100e-04;       1290
4.4873713583500e-04;       -660
4.4875680189200e-04;       -660
4.4877320129200e-04;       5066
4.4879286742500e-04;       5066
4.4881254562200e-04;       3116
4.4883221170900e-04;       3116
4.4885188984100e-04;       1166
4.4887155584900e-04;       1166
4.4889123409400e-04;        376
4.4890762158000e-04;        376
4.4892729957600e-04;      -1574
4.4894696587900e-04;      -1574
4.4896664397000e-04;       4152
4.4898631007200e-04;       4152
4.4900598802200e-04;       2202
4.4902565430500e-04;       2202
4.4904533250100e-04;        252
4.4906171994900e-04;        252
4.4908139818500e-04;      -1698
4.4910106433500e-04;      -1698
4.4912074244800e-04;       5188
4.4914040849200e-04;       5188
4.4916008657800e-04;       3238
4.4917975266600e-04;       3238
4.4919615231700e-04;       1288
4.4921581852500e-04;       1288
4.4923549656100e-04;       -662
4.4925516269200e-04;       -662
4.4927484064400e-04;       5064
4.4929450688200e-04;       5064
4.4931418505500e-04;       3114
4.4933385133600e-04;       3114
4.4935025072900e-04;       1164
4.4936991694600e-04;       1164
4.4938959510500e-04;        374
4.4940926123200e-04;        374
4.4942893937600e-04;       6100
4.4944860549500e-04;       6100
4.4946828367400e-04;       4150
4.4948467097500e-04;       4150
4.4950434908000e-04;       2200
4.4952401540300e-04;       2200
4.4954369350800e-04;        250
4.4956335970300e-04;        250
4.4958303772400e-04;       5976
4.4960270396700e-04;       5976
4.4962238220100e-04;       5186
4.4963876969100e-04;       5186
4.4965844774200e-04;       3236
4.4967811380000e-04;       3236
4.4969779199700e-04;       1286
4.4971745805400e-04;       1286
4.4973713606900e-04;       7012
4.4975680221400e-04;       7012
4.4977320150500e-04;       5062
4.4979286774000e-04;       5062
4.4981254580300e-04;       3112
4.4983221176700e-04;       3112
4.4985188983100e-04;       1162
4.4987155589000e-04;       1162
4.4989123389200e-04;       8048
4.4990762146300e-04;       8048
4.4992729960400e-04;       6098
4.4994696567600e-04;       6098
4.4996664381300e-04;       4148
4.4998630985600e-04;       4148
4.5000598800400e-04;       2198
4.5002565420700e-04;       2198
4.5004533214000e-04;        248
4.5006171960500e-04;        248
4.5008139757000e-04;      -1702
4.5010106375000e-04;      -1702
4.5012074199400e-04;       5184
4.5014040804200e-04;       5184
4.5016008625900e-04;       3234
4.5017975241400e-04;       3234
4.5019615180800e-04;       1284
4.5021581794900e-04;       1284
4.5023549612800e-04;       -666
4.5025516221300e-04;       -666
4.5027484038000e-04;       5060
4.5029450640500e-04;       5060
4.5031418446500e-04;       3110
4.5033385077900e-04;       3110
4.5035025009600e-04;       1160
4.5036991612300e-04;       1160
4.5038959445400e-04;       8046
4.5040926054900e-04;       8046
4.5042893882700e-04;       6096
4.5044860497000e-04;       6096
4.5046828306000e-04;       4146
4.5048467045700e-04;       4146
4.5050434856400e-04;       2196
4.5052401470900e-04;       2196
4.5054369277800e-04;        246
4.5056335888800e-04;        246
4.5058303689500e-04;      -1704
4.5060270286600e-04;      -1704
4.5062238101100e-04;       5182
4.5063876853400e-04;       5182
4.5065844670700e-04;       3232
4.5067811288300e-04;       3232
4.5069779111600e-04;       1282
4.5071745732600e-04;       1282
4.5073713522300e-04;       -668
4.5075680152500e-04;       -668
4.5077320076200e-04;      -2618
4.5079286675100e-04;      -2618
4.5081254487100e-04;       3108
4.5083221096300e-04;       3108
4.5085188928300e-04;       1158
4.5087155541100e-04;       1158
4.5089123353800e-04;        368
4.5090762107300e-04;        368
4.5092729919300e-04;      -1582
4.5094696528000e-04;      -1582
4.5096664339700e-04;       4144
4.5098630973700e-04;       4144
4.5100598792200e-04;       2194
4.5102565419200e-04;       2194
4.5104533242600e-04;        244
4.5106171999700e-04;        244
4.5108139825400e-04;      -1706
4.5110106432500e-04;      -1706
4.5112074237500e-04;       5180
4.5114040849100e-04;       5180
4.5116008664100e-04;       3230
4.5117975289700e-04;       3230
4.5119615222100e-04;       1280
4.5121581838800e-04;       1280
4.5123549673900e-04;       -670
4.5125516287900e-04;       -670
4.5127484112700e-04;       5056
4.5129450721800e-04;       5056
4.5131418543900e-04;       3106
4.5133385159200e-04;       3106
4.5135025102300e-04;       1156
4.5136991719200e-04;       1156
4.5138959526300e-04;        366
4.5140926147700e-04;        366
4.5142893971200e-04;      -1584
4.5144860576800e-04;      -1584
4.5146828384500e-04;       4142
4.5148467139100e-04;       4142
4.5150434950900e-04;       2192
4.5152401564800e-04;       2192
4.5154369385600e-04;        242
4.5156336000600e-04;        242
4.5158303807800e-04;       5968
4.5160270436700e-04;       5968
4.5162238245400e-04;       5178
4.5163876985100e-04;       5178
4.5165844806500e-04;       3228
4.5167811421200e-04;       3228
4.5169779233600e-04;       1278
4.5171745855000e-04;       1278
4.5173713659900e-04;       7004
4.5175680288600e-04;       7004
4.5177320220100e-04;       5054
4.5179286830900e-04;       5054
4.5181254645400e-04;       3104
4.5183221256100e-04;       3104
4.5185189083700e-04;       1154
4.5187155689200e-04;       1154
4.5189123489500e-04;       8040
4.5190762221800e-04;       8040
4.5192730038900e-04;      -1586
4.5194696659100e-04;      -1586
4.5196664466400e-04;       4140
4.5198631089000e-04;       4140
4.5200598886900e-04;       2190
4.5202565518500e-04;       2190
4.5204533323200e-04;        240
4.5206172075000e-04;        240
4.5208139890700e-04;      -1710
4.5210106511800e-04;      -1710
4.5212074298700e-04;       5176
4.5214040911800e-04;       5176
4.5216008730200e-04;       3226
4.5217975349600e-04;       3226
4.5219615294500e-04;       1276
4.5221581908200e-04;       1276
4.5223549728900e-04;       7002
4.5225516347200e-04;       7002
4.5227484149700e-04;       5052
4.5229450755800e-04;       5052
4.5231418560800e-04;       3102
4.5233385190600e-04;       3102
4.5235025135200e-04;       1152
4.5236991741600e-04;       1152
4.5238959566600e-04;       8038
4.5240926180100e-04;       8038
4.5242893994900e-04;      -1588
4.5244860610400e-04;      -1588
4.5246828421800e-04;       4138
4.5248467171900e-04;       4138
4.5250434982300e-04;       2188
4.5252401591100e-04;       2188
4.5254369416100e-04;        238
4.5256336025500e-04;        238
4.5258303835900e-04;      -1712
4.5260270444200e-04;      -1712
4.5262238250800e-04;       5174
4.5263876992400e-04;       5174
4.5265844800600e-04;       3224
4.5267811418700e-04;       3224
4.5269779232300e-04;       1274
4.5271745848100e-04;       1274
4.5273713667300e-04;       -676
4.5275680271300e-04;       -676
4.5277320219700e-04;       5050
4.5279286832900e-04;       5050
4.5281254645400e-04;       3100
4.5283221267700e-04;       3100
4.5285189077600e-04;       1150
4.5287155689900e-04;       1150
4.5289123509700e-04;       8036
4.5290762267400e-04;       8036
4.5292730083600e-04;       6086
4.5294696694700e-04;       6086
4.5296664516100e-04;       4136
4.5298631118800e-04;       4136
4.5300598944100e-04;       2186
4.5302565560400e-04;       2186
4.5304533379500e-04;        236
4.5306172124900e-04;        236
4.5308139929400e-04;       5962
4.5310106536000e-04;       5962
4.5312074349900e-04;       5172
4.5314040952900e-04;       5172
4.5316008740400e-04;       3222
4.5317975359200e-04;       3222
4.5319615303500e-04;       1272
4.5321581923800e-04;       1272
4.5323549726500e-04;       6998
4.5325516357000e-04;       6998
4.5327484164900e-04;       5048
4.5329450790400e-04;       5048
4.5331418610400e-04;       3098
4.5333385238200e-04;       3098
4.5335025170700e-04;       1148
4.5336991780700e-04;       1148
4.5338959587700e-04;       8034
4.5340926205600e-04;       8034
4.5342894005500e-04;      -1592
4.5344860614200e-04;      -1592
4.5346828425200e-04;       4134
4.5348467167300e-04;       4134
4.5350434985000e-04;       2184
4.5352401584900e-04;       2184
4.5354369407100e-04;        234
4.5356336026900e-04;        234
4.5358303847900e-04;       5960
4.5360270441500e-04;       5960
4.5362238248700e-04;       5170
4.5363876985000e-04;       5170
4.5365844804000e-04;       3220
4.5367811416300e-04;       3220
4.5369779228600e-04;       1270
4.5371745839700e-04;       1270
4.5373713635800e-04;       6996
4.5375680256800e-04;       6996
4.5377320212500e-04;       5046
4.5379286821300e-04;       5046
4.5381254624000e-04;       3096
4.5383221240600e-04;       3096
4.5385189053700e-04;       1146
4.5387155684200e-04;       1146
4.5389123497000e-04;        356
4.5390762225600e-04;        356
4.5392730063500e-04;       6082
4.5394696676600e-04;       6082
4.5396664498600e-04;       4132
4.5398631101300e-04;       4132
4.5400598895900e-04;       2182
4.5402565523500e-04;       2182
4.5404533342400e-04;        232
4.5406172082700e-04;        232
4.5408139887800e-04;      -1718
4.5410106498300e-04;      -1718
4.5412074307200e-04;       5168
4.5414040919700e-04;       5168
4.5416008731900e-04;       3218
4.5417975346800e-04;       3218
4.5419615281800e-04;       1268
4.5421581898600e-04;       1268
4.5423549702900e-04;       -682
4.5425516310700e-04;       -682
4.5427484128100e-04;       5044
4.5429450735200e-04;       5044
4.5431418546800e-04;       3094
4.5433385163000e-04;       3094
4.5435025099800e-04;       1144
4.5436991713500e-04;       1144
4.5438959530000e-04;        354
4.5440926155500e-04;        354
4.5442893965200e-04;       6080
4.5444860567400e-04;       6080
4.5446828373200e-04;       4130
4.5448467124800e-04;       4130
4.5450434940000e-04;       2180
4.5452401551300e-04;       2180
4.5454369380600e-04;        230
4.5456335982700e-04;        230
4.5458303802700e-04;      -1720
4.5460270419600e-04;      -1720
4.5462238235500e-04;       5166
4.5463876994500e-04;       5166
4.5465844810000e-04;       3216
4.5467811421500e-04;       3216
4.5469779244200e-04;       1266
4.5471745854900e-04;       1266
4.5473713677400e-04;       6992
4.5475680288800e-04;       6992
4.5477320244300e-04;       5042
4.5479286855500e-04;       5042
4.5481254669300e-04;       3092
4.5483221292200e-04;       3092
4.5485189106500e-04;       1142
4.5487155710900e-04;       1142
4.5489123517400e-04;        352
4.5490762265000e-04;        352
4.5492730074800e-04;      -1598
4.5494696688700e-04;      -1598
4.5496664499200e-04;       4128
4.5498631112900e-04;       4128
4.5500598928100e-04;       2178
4.5502565550300e-04;       2178
4.5504533345800e-04;        228
4.5506172095000e-04;        228
4.5508139912400e-04;      -1722
4.5510106529600e-04;      -1722
4.5512074362400e-04;       5164
4.5514040971600e-04;       5164
4.5516008793300e-04;       3214
4.5517975397000e-04;       3214
4.5519615328300e-04;       1264
4.5521581942100e-04;       1264
4.5523549755500e-04;       -686
4.5525516360300e-04;       -686
4.5527484179000e-04;       5040
4.5529450803500e-04;       5040
4.5531418607100e-04;       3090
4.5533385237100e-04;       3090
4.5535025188000e-04;       1140
4.5536991822200e-04;       1140
4.5538959636200e-04;        350
4.5540926256100e-04;        350
4.5542894072200e-04;      -1600
4.5544860677700e-04;      -1600
4.5546828495200e-04;       4126
4.5548467231300e-04;       4126
4.5550435051500e-04;       2176
4.5552401660800e-04;       2176
4.5554369470000e-04;        226
4.5556336075200e-04;        226
4.5558303874800e-04;      -1724
4.5560270501100e-04;      -1724
4.5562238331300e-04;       5162
4.5563877078200e-04;       5162
4.5565844893600e-04;       3212
4.5567811528600e-04;       3212
4.5569779331700e-04;       1262
4.5571745945300e-04;       1262
4.5573713773600e-04;       -688
4.5575680381400e-04;       -688
4.5577320326500e-04;       5038
4.5579286940500e-04;       5038
4.5581254765100e-04;       3088
4.5583221383600e-04;       3088
4.5585189199200e-04;       1138
4.5587155817800e-04;       1138
4.5589123627400e-04;       8024
4.5590762393800e-04;       8024
4.5592730208800e-04;       6074
4.5594696832500e-04;       6074
4.5596664651200e-04;       4124
4.5598631274400e-04;       4124
4.5600599078000e-04;       2174
4.5602565703800e-04;       2174
4.5604533513900e-04;        224
4.5606172257800e-04;        224
4.5608140070500e-04;       5950
4.5610106679100e-04;       5950
4.5612074506500e-04;       5160
4.5614041121900e-04;       5160
4.5616008930700e-04;       3210
4.5617975534200e-04;       3210
4.5619615486600e-04;       8936
4.5621582104600e-04;       8936
4.5623549912400e-04;       6986
4.5625516515900e-04;       6986
4.5627484330500e-04;       5036
4.5629450951100e-04;       5036
4.5631418756800e-04;       3086
4.5633385395700e-04;       3086
4.5635025327700e-04;       1136
4.5636991944700e-04;       1136
4.5638959754700e-04;       8022
4.5640926355600e-04;       8022
4.5642894170900e-04;       6072
4.5644860779700e-04;       6072
4.5646828581200e-04;       4122
4.5648467319200e-04;       4122
4.5650435127700e-04;       2172
4.5652401725600e-04;       2172
4.5654369549300e-04;        222
4.5656336152300e-04;        222
4.5658303955000e-04;       5948
4.5660270577900e-04;       5948
4.5662238396100e-04;       5158
4.5663877153500e-04;       5158
4.5665844962500e-04;       3208
4.5667811565200e-04;       3208
4.5669779398500e-04;       1258
4.5671746016100e-04;       1258
4.5673713813100e-04;       6984
4.5675680413400e-04;       6984
4.5677320344000e-04;       5034
4.5679286962700e-04;       5034
4.5681254780800e-04;       3084
4.5683221388700e-04;       3084
4.5685189201800e-04;       1134
4.5687155818200e-04;       1134
4.5689123644100e-04;       8020
4.5690762388100e-04;       8020
4.5692730195800e-04;       6070
4.5694696798300e-04;       6070
4.5696664602700e-04;       4120
4.5698631199900e-04;       4120
4.5700599013800e-04;       2170
4.5702565610800e-04;       2170
4.5704533421500e-04;        220
4.5706172152700e-04;        220
4.5708139972900e-04;       5946
4.5710106585500e-04;       5946
4.5712074411600e-04;       5156
4.5714041028400e-04;       5156
4.5716008830500e-04;       3206
4.5717975423600e-04;       3206
4.5719615364800e-04;       8932
4.5721581971500e-04;       8932
4.5723549794000e-04;       6982
4.5725516387900e-04;       6982
4.5727484193900e-04;       5032
4.5729450802300e-04;       5032
4.5731418598500e-04;       3082
4.5733385203800e-04;       3082
4.5735025145500e-04;       1132
4.5736991759400e-04;       1132
4.5738959567900e-04;       8018
4.5740926191100e-04;       8018
4.5742893996900e-04;       6068
4.5744860607200e-04;       6068
4.5746828416500e-04;       4118
4.5748467163600e-04;       4118
4.5750434962100e-04;       2168
4.5752401589600e-04;       2168
4.5754369395100e-04;        218
4.5756336023600e-04;        218
4.5758303819400e-04;       5944
4.5760270440000e-04;       5944
4.5762238265300e-04;       5154
4.5763876998200e-04;       5154
4.5765844818200e-04;       3204
4.5767811428800e-04;       3204
4.5769779244100e-04;       1254
4.5771745863400e-04;       1254
4.5773713679200e-04;       -696
4.5775680281400e-04;       -696
4.5777320222800e-04;       5030
4.5779286841500e-04;       5030
4.5781254644200e-04;       3080
4.5783221269100e-04;       3080
4.5785189082200e-04;       1130
4.5787155683700e-04;       1130
4.5789123489900e-04;       8016
4.5790762231900e-04;       8016
4.5792730031700e-04;       6066
4.5794696649100e-04;       6066
4.5796664471300e-04;       4116
4.5798631091300e-04;       4116
4.5800598907800e-04;       2166
4.5802565513100e-04;       2166
4.5804533314900e-04;       7892
4.5806172068000e-04;       7892
4.5808139879800e-04;       5942
4.5810106491800e-04;       5942
4.5812074294700e-04;       5152
4.5814040910500e-04;       5152
4.5816008703500e-04;       3202
4.5817975321700e-04;       3202
4.5819615272100e-04;       1252
4.5821581875800e-04;       1252
4.5823549695700e-04;       6978
4.5825516306500e-04;       6978
4.5827484115400e-04;       5028
4.5829450733100e-04;       5028
4.5831418540800e-04;       3078
4.5833385148900e-04;       3078
4.5835025094900e-04;       1128
4.5836991692300e-04;       1128
4.5838959507500e-04;        338
4.5840926115500e-04;        338
4.5842893925400e-04;      -1612
4.5844860540000e-04;      -1612
4.5846828367200e-04;       4114
4.5848467110200e-04;       4114
4.5850434929900e-04;       2164
4.5852401545700e-04;       2164
4.5854369353200e-04;        214
4.5856335990800e-04;        214
4.5858303796300e-04;      -1736
4.5860270404000e-04;      -1736
4.5862238231100e-04;       5150
4.5863876990000e-04;       5150
4.5865844798600e-04;       3200
4.5867811408300e-04;       3200
4.5869779222200e-04;       1250
4.5871745850100e-04;       1250
4.5873713651100e-04;       6976
4.5875680262700e-04;       6976
4.5877320217300e-04;       5026
4.5879286825600e-04;       5026
4.5881254639800e-04;       3076
4.5883221245700e-04;       3076
4.5885189048100e-04;       1126
4.5887155658600e-04;       1126
4.5889123475300e-04;       8012
4.5890762223800e-04;       8012
4.5892730038600e-04;       6062
4.5894696658500e-04;       6062
4.5896664466700e-04;       4112
4.5898631092400e-04;       4112
4.5900598905500e-04;       2162
4.5902565510600e-04;       2162
4.5904533338900e-04;        212
4.5906172071700e-04;        212
4.5908139877700e-04;      -1738
4.5910106485200e-04;      -1738
4.5912074304900e-04;       5148
4.5914040923500e-04;       5148
4.5916008727100e-04;       3198
4.5917975340600e-04;       3198
4.5919615299300e-04;       1248
4.5921581898600e-04;       1248
4.5923549705900e-04;       -702
4.5925516319000e-04;       -702
4.5927484124600e-04;       5024
4.5929450745100e-04;       5024
4.5931418549000e-04;       3074
4.5933385154900e-04;       3074
4.5935025096800e-04;       1124
4.5936991719000e-04;       1124
4.5938959525000e-04;       8010
4.5940926151700e-04;       8010
4.5942893967400e-04;      -1616
4.5944860568900e-04;      -1616
4.5946828387200e-04;       4110
4.5948467134700e-04;       4110
4.5950434943600e-04;       2160
4.5952401555500e-04;       2160
4.5954369367500e-04;        210
4.5956335995100e-04;        210
4.5958303798700e-04;       5936
4.5960270423000e-04;       5936
4.5962238229600e-04;       5146
4.5963876977800e-04;       5146
4.5965844789300e-04;       3196
4.5967811407100e-04;       3196
4.5969779214500e-04;       1246
4.5971745826100e-04;       1246
4.5973713649500e-04;       6972
4.5975680258200e-04;       6972
4.5977320198200e-04;       5022
4.5979286820400e-04;       5022
4.5981254634600e-04;       3072
4.5983221253900e-04;       3072
4.5985189070300e-04;       1122
4.5987155681900e-04;       1122
4.5989123483800e-04;       8008
4.5990762225200e-04;       8008
4.5992730037300e-04;       6058
4.5994696644600e-04;       6058
4.5996664455100e-04;       4108
4.5998631064200e-04;       4108
4.6000598865600e-04;       2158
4.6002565474500e-04;       2158
4.6004533276700e-04;        208
4.6006172011700e-04;        208
4.6008139828300e-04;      -1742
4.6010106438200e-04;      -1742
4.6012074251900e-04;       5144
4.6014040844200e-04;       5144
4.6016008663600e-04;       3194
4.6017975281900e-04;       3194
4.6019615223300e-04;       1244
4.6021581834600e-04;       1244
4.6023549647200e-04;       -706
4.6025516261600e-04;       -706
4.6027484077400e-04;      -2656
4.6029450688400e-04;      -2656
4.6031418498900e-04;       3070
4.6033385100100e-04;       3070
4.6035025053900e-04;       1120
4.6036991676000e-04;       1120
4.6038959497300e-04;       8006
4.6040926110900e-04;       8006
4.6042893894500e-04;       6056
4.6044860511800e-04;       6056
4.6046828320400e-04;       4106
4.6048467074600e-04;       4106
4.6050434873100e-04;       2156
4.6052401497500e-04;       2156
4.6054369305400e-04;        206
4.6056335906400e-04;        206
4.6058303711800e-04;       5932
4.6060270322900e-04;       5932
4.6062238155000e-04;       5142
4.6063876926700e-04;       5142
4.6065844726600e-04;       3192
4.6067811333600e-04;       3192
4.6069779131900e-04;       1242
4.6071745741900e-04;       1242
4.6073713550300e-04;       -708
4.6075680166500e-04;       -708
4.6077320096100e-04;      -2658
4.6079286707800e-04;      -2658
4.6081254514600e-04;       3068
4.6083221147100e-04;       3068
4.6085188941600e-04;       1118
4.6087155564500e-04;       1118
4.6089123382100e-04;        328
4.6090762122100e-04;        328
4.6092729931900e-04;      -1622
4.6094696545700e-04;      -1622
4.6096664342100e-04;       4104
4.6098630965900e-04;       4104
4.6100598782100e-04;       2154
4.6102565387000e-04;       2154
4.6104533199500e-04;        204
4.6106171953900e-04;        204
4.6108139780800e-04;      -1746
4.6110106381700e-04;      -1746
4.6112074204600e-04;       5140
4.6114040814700e-04;       5140
4.6116008631800e-04;       3190
4.6117975252400e-04;       3190
4.6119615204700e-04;       1240
4.6121581810100e-04;       1240
4.6123549633100e-04;       -710
4.6125516239000e-04;       -710
4.6127484051500e-04;       5016
4.6129450672300e-04;       5016
4.6131418487700e-04;       3066
4.6133385113300e-04;       3066
4.6135025050200e-04;       1116
4.6136991669200e-04;       1116
4.6138959476600e-04;       8002
4.6140926081900e-04;       8002
4.6142893886700e-04;       6052
4.6144860504400e-04;       6052
4.6146828327000e-04;       4102
4.6148467058300e-04;       4102
4.6150434871900e-04;       2152
4.6152401493700e-04;       2152
4.6154369287600e-04;        202
4.6156335907900e-04;        202
4.6158303722700e-04;       5928
4.6160270331900e-04;       5928
4.6162238153000e-04;       5138
4.6163876897200e-04;       5138
4.6165844713400e-04;       3188
4.6167811317700e-04;       3188
4.6169779142900e-04;       1238
4.6171745749900e-04;       1238
4.6173713557800e-04;       -712
4.6175680160200e-04;       -712
4.6177320100000e-04;       5014
4.6179286694700e-04;       5014
4.6181254504700e-04;       3064
4.6183221108200e-04;       3064
4.6185188938700e-04;       1114
4.6187155551900e-04;       1114
4.6189123352100e-04;        324
4.6190762100100e-04;        324
4.6192729899500e-04;      -1626
4.6194696524500e-04;      -1626
4.6196664331100e-04;       4100
4.6198630947400e-04;       4100
4.6200598759900e-04;       2150
4.6202565390800e-04;       2150
4.6204533204700e-04;        200
4.6206171949200e-04;        200
4.6208139765100e-04;      -1750
4.6210106375300e-04;      -1750
4.6212074187900e-04;       5136
4.6214040795200e-04;       5136
4.6216008614300e-04;       3186
4.6217975229800e-04;       3186
4.6219615179200e-04;       1236
4.6221581779100e-04;       1236
4.6223549605700e-04;       -714
4.6225516211500e-04;       -714
4.6227484039800e-04;       5012
4.6229450634300e-04;       5012
4.6231418454100e-04;       3062
4.6233385074100e-04;       3062
4.6235025010100e-04;       1112
4.6236991625000e-04;       1112
4.6238959426800e-04;       7998
4.6240926051500e-04;       7998
4.6242893854000e-04;       6048
4.6244860478100e-04;       6048
4.6246828301000e-04;       4098
4.6248467055500e-04;       4098
4.6250434858300e-04;       2148
4.6252401501300e-04;       2148
4.6254369305500e-04;        198
4.6256335913800e-04;        198
4.6258303717800e-04;      -1752
4.6260270325700e-04;      -1752
4.6262238136500e-04;       5134
4.6263876861700e-04;       5134
4.6265844692800e-04;       3184
4.6267811293300e-04;       3184
4.6269779116500e-04;       1234
4.6271745734600e-04;       1234
4.6273713536400e-04;       -716
4.6275680144100e-04;       -716
4.6277320093300e-04;       5010
4.6279286690400e-04;       5010
4.6281254499100e-04;       3060
4.6283221102800e-04;       3060
4.6285188934400e-04;       1110
4.6287155549200e-04;       1110
4.6289123373400e-04;        320
4.6290762112100e-04;        320
4.6292729924500e-04;      -1630
4.6294696547500e-04;      -1630
4.6296664360700e-04;       4096
4.6298630969700e-04;       4096
4.6300598784800e-04;       2146
4.6302565418000e-04;       2146
4.6304533235800e-04;        196
4.6306171976500e-04;        196
4.6308139779500e-04;      -1754
4.6310106387000e-04;      -1754
4.6312074204900e-04;       5132
4.6314040812200e-04;       5132
4.6316008631500e-04;       3182
4.6317975235200e-04;       3182
4.6319615175200e-04;       1232
4.6321581790100e-04;       1232
4.6323549605600e-04;       -718
4.6325516208000e-04;       -718
4.6327484029400e-04;       5008
4.6329450651100e-04;       5008
4.6331418451000e-04;       3058
4.6333385069100e-04;       3058
4.6335025019700e-04;       1108
4.6336991638700e-04;       1108
4.6338959451300e-04;        318
4.6340926088100e-04;        318
4.6342893894600e-04;       6044
4.6344860512900e-04;       6044
4.6346828332200e-04;       4094
4.6348467085800e-04;       4094
4.6350434900500e-04;       2144
4.6352401513400e-04;       2144
4.6354369331600e-04;        194
4.6356335960200e-04;        194
4.6358303757700e-04;      -1756
4.6360270365300e-04;      -1756
4.6362238173300e-04;       5130
4.6363876925900e-04;       5130
4.6365844730400e-04;       3180
4.6367811338500e-04;       3180
4.6369779151600e-04;       1230
4.6371745767800e-04;       1230
4.6373713575900e-04;       -720
4.6375680192600e-04;       -720
4.6377320124000e-04;       5006
4.6379286739500e-04;       5006
4.6381254555500e-04;       3056
4.6383221174900e-04;       3056
4.6385188997000e-04;       1106
4.6387155631200e-04;       1106
4.6389123455800e-04;       7992
4.6390762204300e-04;       7992
4.6392730012100e-04;       6042
4.6394696626700e-04;       6042
4.6396664453800e-04;       4092
4.6398631061100e-04;       4092
4.6400598865900e-04;       2142
4.6402565479600e-04;       2142
4.6404533290900e-04;        192
4.6406172029200e-04;        192
4.6408139844500e-04;      -1758
4.6410106456900e-04;      -1758
4.6412074264800e-04;       5128
4.6414040866500e-04;       5128
4.6416008676900e-04;       3178
4.6417975285300e-04;       3178
4.6419615222900e-04;       1228
4.6421581841100e-04;       1228
4.6423549665800e-04;       6954
4.6425516275400e-04;       6954
4.6427484101500e-04;       5004
4.6429450721500e-04;       5004
4.6431418518700e-04;       3054
4.6433385139900e-04;       3054
4.6435025082200e-04;       1104
4.6436991706500e-04;       1104
4.6438959508900e-04;       7990
4.6440926119800e-04;       7990
4.6442893937700e-04;       6040
4.6444860558300e-04;       6040
4.6446828355100e-04;       4090
4.6448467098000e-04;       4090
4.6450434905200e-04;       2140
4.6452401519700e-04;       2140
4.6454369331700e-04;        190
4.6456335935200e-04;        190
4.6458303738900e-04;      -1760
4.6460270340700e-04;      -1760
4.6462238168700e-04;       5126
4.6463876909800e-04;       5126
4.6465844735600e-04;       3176
4.6467811342600e-04;       3176
4.6469779154000e-04;       1226
4.6471745763000e-04;       1226
4.6473713560000e-04;       -724
4.6475680161000e-04;       -724
4.6477320107000e-04;      -2674
4.6479286715200e-04;      -2674
4.6481254539600e-04;       3052
4.6483221162300e-04;       3052
4.6485188975700e-04;       1102
4.6487155598400e-04;       1102
4.6489123410700e-04;        312
4.6490762161000e-04;        312
4.6492729974600e-04;      -1638
4.6494696587100e-04;      -1638
4.6496664406000e-04;       4088
4.6498631017400e-04;       4088
4.6500598828600e-04;       2138
4.6502565446500e-04;       2138
4.6504533245100e-04;        188
4.6506171999000e-04;        188
4.6508139823500e-04;      -1762
4.6510106440700e-04;      -1762
4.6512074244300e-04;       5124
4.6514040871300e-04;       5124
4.6516008677600e-04;       3174
4.6517975292300e-04;       3174
4.6519615236500e-04;       1224
4.6521581852200e-04;       1224
4.6523549661200e-04;       6950
4.6525516266800e-04;       6950
4.6527484095300e-04;       5000
4.6529450701500e-04;       5000
4.6531418513100e-04;       3050
4.6533385138700e-04;       3050
4.6535025064500e-04;       1100
4.6536991672800e-04;       1100
4.6538959485100e-04;        310
4.6540926107100e-04;        310
4.6542893913300e-04;      -1640
4.6544860527400e-04;      -1640
4.6546828318100e-04;       4086
4.6548467060200e-04;       4086
4.6550434868800e-04;       2136
4.6552401474800e-04;       2136
4.6554369296300e-04;        186
4.6556335905400e-04;        186
4.6558303729400e-04;      -1764
4.6560270329000e-04;      -1764
4.6562238150300e-04;       5122
4.6563876874000e-04;       5122
4.6565844685800e-04;       3172
4.6567811309700e-04;       3172
4.6569779109200e-04;       1222
4.6571745717300e-04;       1222
4.6573713542100e-04;       -728
4.6575680159900e-04;       -728
4.6577320097300e-04;       4998
4.6579286705200e-04;       4998
4.6581254537600e-04;       3048
4.6583221152000e-04;       3048
4.6585188958400e-04;       1098
4.6587155572500e-04;       1098
4.6589123385600e-04;       7984
4.6590762116000e-04;       7984
4.6592729938900e-04;      -1642
4.6594696544900e-04;      -1642
4.6596664374300e-04;       4084
4.6598630996200e-04;       4084
4.6600598823400e-04;       2134
4.6602565424600e-04;       2134
4.6604533242200e-04;        184
4.6606171986900e-04;        184
4.6608139806000e-04;      -1766
4.6610106400600e-04;      -1766
4.6612074219400e-04;       5120
4.6614040835300e-04;       5120
4.6616008644100e-04;       3170
4.6617975267500e-04;       3170
4.6619615232400e-04;       1220
4.6621581829200e-04;       1220
4.6623549644600e-04;       -730
4.6625516240100e-04;       -730
4.6627484063200e-04;       4996
4.6629450676400e-04;       4996
4.6631418493800e-04;       3046
4.6633385107500e-04;       3046
4.6635025056500e-04;       1096
4.6636991670000e-04;       1096
4.6638959491800e-04;       7982
4.6640926111600e-04;       7982
4.6642893907300e-04;       6032
4.6644860537800e-04;       6032
4.6646828361000e-04;       4082
4.6648467111100e-04;       4082
4.6650434912200e-04;       2132
4.6652401531800e-04;       2132
4.6654369347000e-04;        182
4.6656335946700e-04;        182
4.6658303754900e-04;       5908
4.6660270368700e-04;       5908
4.6662238176700e-04;       5118
4.6663876918300e-04;       5118
4.6665844729900e-04;       3168
4.6667811333700e-04;       3168
4.6669779155500e-04;       1218
4.6671745769000e-04;       1218
4.6673713563800e-04;       -732
4.6675680168300e-04;       -732
4.6677320087100e-04;       4994
4.6679286704100e-04;       4994
4.6681254514500e-04;       3044
4.6683221131600e-04;       3044
4.6685188939200e-04;       1094
4.6687155540000e-04;       1094
4.6689123347800e-04;        304
4.6690762094200e-04;        304
4.6692729910700e-04;      -1646
4.6694696523900e-04;      -1646
4.6696664340300e-04;       4080
4.6698630950800e-04;       4080
4.6700598761700e-04;       2130
4.6702565368400e-04;       2130
4.6704533170700e-04;        180
4.6706171905600e-04;        180
4.6708139708600e-04;      -1770
4.6710106323200e-04;      -1770
4.6712074150900e-04;       5116
4.6714040754800e-04;       5116
4.6716008576800e-04;       3166
4.6717975196700e-04;       3166
4.6719615142000e-04;       1216
4.6721581753300e-04;       1216
4.6723549552600e-04;       -734
4.6725516178900e-04;       -734
4.6727483993600e-04;      -2684
4.6729450613200e-04;      -2684
4.6731418438700e-04;       3042
4.6733385053600e-04;       3042
4.6735025010400e-04;       1092
4.6736991621300e-04;       1092
4.6738959419000e-04;       7978
4.6740926024600e-04;       7978
4.6742893851600e-04;      -1648
4.6744860469200e-04;      -1648
4.6746828267100e-04;       4078
4.6748466998700e-04;       4078
4.6750434827200e-04;       2128
4.6752401453400e-04;       2128
4.6754369259400e-04;        178
4.6756335874300e-04;        178
4.6758303703200e-04;      -1772
4.6760270308200e-04;      -1772
4.6762238129800e-04;       5114
4.6763876866700e-04;       5114
4.6765844702200e-04;       3164
4.6767811324200e-04;       3164
4.6769779126700e-04;       1214
4.6771745735000e-04;       1214
4.6773713549400e-04;       -736
4.6775680176000e-04;       -736
4.6777320114600e-04;       4990
4.6779286715300e-04;       4990
4.6781254530200e-04;       3040
4.6783221126300e-04;       3040
4.6785188931700e-04;       1090
4.6787155539700e-04;       1090
4.6789123347300e-04;       7976
4.6790762104400e-04;       7976
4.6792729917100e-04;       6026
4.6794696526800e-04;       6026
4.6796664332800e-04;       4076
4.6798630950300e-04;       4076
4.6800598765700e-04;       2126
4.6802565378500e-04;       2126
4.6804533191700e-04;        176
4.6806171939900e-04;        176
4.6808139727900e-04;      -1774
4.6810106348400e-04;      -1774
4.6812074164900e-04;       5112
4.6814040773300e-04;       5112
4.6816008593000e-04;       3162
4.6817975205300e-04;       3162
4.6819615160800e-04;       1212
4.6821581778300e-04;       1212
4.6823549594600e-04;       -738
4.6825516221300e-04;       -738
4.6827484019900e-04;       4988
4.6829450637400e-04;       4988
4.6831418478300e-04;       3038
4.6833385080700e-04;       3038
4.6835025033700e-04;       1088
4.6836991641800e-04;       1088
4.6838959456000e-04;        298
4.6840926068600e-04;        298
4.6842893879900e-04;       6024
4.6844860492500e-04;       6024
4.6846828320000e-04;       4074
4.6848467066000e-04;       4074
4.6850434881400e-04;       2124
4.6852401476000e-04;       2124
4.6854369283500e-04;        174
4.6856335908700e-04;        174
4.6858303714000e-04;      -1776
4.6860270315200e-04;      -1776
4.6862238142900e-04;       5110
4.6863876876200e-04;       5110
4.6865844683100e-04;       3160
4.6867811325400e-04;       3160
4.6869779126600e-04;       1210
4.6871745735900e-04;       1210
4.6873713537500e-04;       -740
4.6875680157300e-04;       -740
4.6877320113800e-04;       4986
4.6879286700600e-04;       4986
4.6881254520100e-04;       3036
4.6883221127900e-04;       3036
4.6885188949900e-04;       1086
4.6887155571700e-04;       1086
4.6889123382500e-04;        296
4.6890762136400e-04;        296
4.6892729941200e-04;      -1654
4.6894696555400e-04;      -1654
4.6896664368200e-04;       4072
4.6898630983000e-04;       4072
4.6900598781000e-04;       2122
4.6902565407100e-04;       2122
4.6904533222200e-04;        172
4.6906171967500e-04;        172
4.6908139790800e-04;      -1778
4.6910106409000e-04;      -1778
4.6912074217100e-04;       5108
4.6914040840800e-04;       5108
4.6916008657100e-04;       3158
4.6917975282800e-04;       3158
4.6919615240500e-04;       1208
4.6921581842600e-04;       1208
4.6923549667500e-04;       -742
4.6925516282400e-04;       -742
4.6927484102700e-04;       4984
4.6929450708900e-04;       4984
4.6931418528600e-04;       3034
4.6933385153200e-04;       3034
4.6935025099000e-04;       1084
4.6936991722100e-04;       1084
4.6938959539500e-04;        294
4.6940926153700e-04;        294
4.6942893967400e-04;      -1656
4.6944860593900e-04;      -1656
4.6946828404300e-04;       4070
4.6948467134200e-04;       4070
4.6950434935700e-04;       2120
4.6952401554700e-04;       2120
4.6954369377200e-04;        170
4.6956335973600e-04;        170
4.6958303803400e-04;      -1780
4.6960270400200e-04;      -1780
4.6962238219400e-04;       5106
4.6963876960800e-04;       5106
4.6965844777400e-04;       3156
4.6967811396000e-04;       3156
4.6969779218200e-04;       1206
4.6971745837900e-04;       1206
4.6973713646900e-04;       -744
4.6975680269300e-04;       -744
4.6977320221400e-04;       4982
4.6979286825500e-04;       4982
4.6981254644900e-04;       3032
4.6983221267600e-04;       3032
4.6985189095100e-04;       1082
4.6987155703300e-04;       1082
4.6989123511800e-04;       7968
4.6990762245000e-04;       7968
4.6992730056900e-04;      -1658
4.6994696667400e-04;      -1658
4.6996664471500e-04;       4068
4.6998631097500e-04;       4068
4.7000598900200e-04;       2118
4.7002565501200e-04;       2118
4.7004533312000e-04;        168
4.7006172057300e-04;        168
4.7008139886100e-04;      -1782
4.7010106519100e-04;      -1782
4.7012074328200e-04;       5104
4.7014040959400e-04;       5104
4.7016008774800e-04;       3154
4.7017975386600e-04;       3154
4.7019615330200e-04;       1204
4.7021581942700e-04;       1204
4.7023549770200e-04;       -746
4.7025516381900e-04;       -746
4.7027484199100e-04;       4980
4.7029450820200e-04;       4980
4.7031418638300e-04;       3030
4.7033385244200e-04;       3030
4.7035025191200e-04;       1080
4.7036991791800e-04;       1080
4.7038959639200e-04;        290
4.7040926255100e-04;        290
4.7042894067000e-04;       6016
4.7044860676800e-04;       6016
4.7046828490900e-04;       4066
4.7048467238600e-04;       4066
4.7050435054300e-04;       2116
4.7052401666600e-04;       2116
4.7054369490600e-04;        166
4.7056336105100e-04;        166
4.7058303925500e-04;      -1784
4.7060270537900e-04;      -1784
4.7062238345800e-04;       5102
4.7063877087000e-04;       5102
4.7065844908100e-04;       3152
4.7067811517900e-04;       3152
4.7069779320900e-04;       1202
4.7071745953700e-04;       1202
4.7073713768000e-04;       6928
4.7075680381100e-04;       6928
4.7077320313000e-04;       4978
4.7079286935400e-04;       4978
4.7081254751700e-04;       3028
4.7083221351700e-04;       3028
4.7085189167000e-04;       1078
4.7087155765600e-04;       1078
4.7089123577400e-04;       7964
4.7090762320400e-04;       7964
4.7092730146300e-04;       6014
4.7094696756300e-04;       6014
4.7096664558100e-04;       4064
4.7098631170600e-04;       4064
4.7100598997600e-04;       2114
4.7102565600000e-04;       2114
4.7104533411600e-04;        164
4.7106172154000e-04;        164
4.7108139963300e-04;       5890
4.7110106574900e-04;       5890
4.7112074390000e-04;       5100
4.7114041006900e-04;       5100
4.7116008823200e-04;       3150
4.7117975427800e-04;       3150
4.7119615372500e-04;       1200
4.7121581985400e-04;       1200
4.7123549811400e-04;       6926
4.7125516428400e-04;       6926
4.7127484240300e-04;       4976
4.7129450833500e-04;       4976
4.7131418634900e-04;       3026
4.7133385240100e-04;       3026
4.7135025199300e-04;       1076
4.7136991814400e-04;       1076
4.7138959615300e-04;       7962
4.7140926233400e-04;       7962
4.7142894044600e-04;      -1664
4.7144860660900e-04;      -1664
4.7146828465500e-04;       4062
4.7148467208400e-04;       4062
4.7150435029700e-04;       2112
4.7152401657800e-04;       2112
4.7154369473400e-04;        162
4.7156336070400e-04;        162
4.7158303888900e-04;       5888
4.7160270505600e-04;       5888
4.7162238311300e-04;       5098
4.7163877052100e-04;       5098
4.7165844880000e-04;       3148
4.7167811497500e-04;       3148
4.7169779313300e-04;       1198
4.7171745919900e-04;       1198
4.7173713731000e-04;       -752
4.7175680353200e-04;       -752
4.7177320304000e-04;       4974
4.7179286930900e-04;       4974
4.7181254745500e-04;       3024
4.7183221367600e-04;       3024
4.7185189185900e-04;       1074
4.7187155787600e-04;       1074
4.7189123607600e-04;       7960
4.7190762350900e-04;       7960
4.7192730144700e-04;       6010
4.7194696761300e-04;       6010
4.7196664577400e-04;       4060
4.7198631193100e-04;       4060
4.7200599018200e-04;       2110
4.7202565628800e-04;       2110
4.7204533450500e-04;        160
4.7206172197900e-04;        160
4.7208140005100e-04;       5886
4.7210106618200e-04;       5886
4.7212074425300e-04;       5096
4.7214041032700e-04;       5096
4.7216008850000e-04;       3146
4.7217975458400e-04;       3146
4.7219615410000e-04;       1196
4.7221582028100e-04;       1196
4.7223549822400e-04;       6922
4.7225516440400e-04;       6922
4.7227484250800e-04;       4972
4.7229450860500e-04;       4972
4.7231418677900e-04;       3022
4.7233385290300e-04;       3022
4.7235025237900e-04;       1072
4.7236991846600e-04;       1072
4.7238959663800e-04;       7958
4.7240926287700e-04;       7958
4.7242894100000e-04;       6008
4.7244860703500e-04;       6008
4.7246828511400e-04;       4058
4.7248467247600e-04;       4058
4.7250435073800e-04;       2108
4.7252401687700e-04;       2108
4.7254369488600e-04;        158
4.7256336112900e-04;        158
4.7258303918000e-04;      -1792
4.7260270520700e-04;      -1792
4.7262238324700e-04;       5094
4.7263877057700e-04;       5094
4.7265844875500e-04;       3144
4.7267811492500e-04;       3144
4.7269779309900e-04;       1194
4.7271745902000e-04;       1194
4.7273713717100e-04;       6920
4.7275680335300e-04;       6920
4.7277320280800e-04;       4970
4.7279286888400e-04;       4970
4.7281254699800e-04;       3020
4.7283221319300e-04;       3020
4.7285189138000e-04;       1070
4.7287155748900e-04;       1070
4.7289123555100e-04;       7956
4.7290762306800e-04;       7956
4.7292730117400e-04;       6006
4.7294696719500e-04;       6006
4.7296664533600e-04;       4056
4.7298631146200e-04;       4056
4.7300598960300e-04;       2106
4.7302565572900e-04;       2106
4.7304533396100e-04;        156
4.7306172140200e-04;        156
4.7308139958500e-04;      -1794
4.7310106570800e-04;      -1794
4.7312074391900e-04;       5092
4.7314040996700e-04;       5092
4.7316008814700e-04;       3142
4.7317975419400e-04;       3142
4.7319615363500e-04;       1192
4.7321581970300e-04;       1192
4.7323549791600e-04;       6918
4.7325516397400e-04;       6918
4.7327484215800e-04;       4968
4.7329450833700e-04;       4968
4.7331418638700e-04;       3018
4.7333385265700e-04;       3018
4.7335025194700e-04;       1068
4.7336991823100e-04;       1068
4.7338959637700e-04;       7954
4.7340926250500e-04;       7954
4.7342894072600e-04;       6004
4.7344860679800e-04;       6004
4.7346828492600e-04;       4054
4.7348467235900e-04;       4054
4.7350435048300e-04;       2104
4.7352401661200e-04;       2104
4.7354369464900e-04;        154
4.7356336077100e-04;        154
4.7358303878200e-04;       5880
4.7360270498400e-04;       5880
4.7362238307700e-04;       5090
4.7363877058200e-04;       5090
4.7365844869900e-04;       3140
4.7367811484500e-04;       3140
4.7369779289800e-04;       1190
4.7371745913300e-04;       1190
4.7373713723500e-04;       -760
4.7375680327900e-04;       -760
4.7377320273300e-04;       4966
4.7379286871300e-04;       4966
4.7381254692000e-04;       3016
4.7383221304000e-04;       3016
4.7385189113200e-04;       1066
4.7387155726500e-04;       1066
4.7389123537200e-04;       7952
4.7390762289300e-04;       7952
4.7392730082500e-04;       6002
4.7394696685000e-04;       6002
4.7396664504000e-04;       4052
4.7398631113200e-04;       4052
4.7400598928000e-04;       2102
4.7402565556800e-04;       2102
4.7404533372600e-04;        152
4.7406172121100e-04;        152
4.7408139942700e-04;      -1798
4.7410106553800e-04;      -1798
4.7412074369100e-04;       5088
4.7414040980700e-04;       5088
4.7416008772200e-04;       3138
4.7417975393400e-04;       3138
4.7419615327900e-04;       1188
4.7421581946800e-04;       1188
4.7423549753900e-04;       6914
4.7425516376300e-04;       6914
4.7427484186500e-04;       4964
4.7429450793200e-04;       4964
4.7431418600900e-04;       3014
4.7433385197100e-04;       3014
4.7435025142100e-04;       1064
4.7436991754900e-04;       1064
4.7438959571400e-04;       7950
4.7440926195800e-04;       7950
4.7442894008300e-04;       6000
4.7444860618900e-04;       6000
4.7446828435600e-04;       4050
4.7448467178500e-04;       4050
4.7450435009600e-04;       2100
4.7452401621500e-04;       2100
4.7454369429600e-04;        150
4.7456336050400e-04;        150
4.7458303856900e-04;      -1800
4.7460270460000e-04;      -1800
4.7462238273400e-04;       5086
4.7463877019400e-04;       5086
4.7465844840700e-04;       3136
4.7467811459700e-04;       3136
4.7469779258900e-04;       1186
4.7471745869200e-04;       1186
4.7473713674900e-04;       -764
4.7475680280700e-04;       -764
4.7477320215100e-04;       4962
4.7479286847100e-04;       4962
4.7481254671900e-04;       3012
4.7483221285200e-04;       3012
4.7485189109700e-04;       1062
4.7487155726600e-04;       1062
4.7489123546700e-04;       7948
4.7490762291500e-04;       7948
4.7492730113400e-04;       5998
4.7494696718000e-04;       5998
4.7496664545700e-04;       4048
4.7498631159800e-04;       4048
4.7500598981400e-04;       2098
4.7502565586600e-04;       2098
4.7504533403100e-04;        148
4.7506172142700e-04;        148
4.7508139951200e-04;       5874
4.7510106555200e-04;       5874
4.7512074368000e-04;       5084
4.7514040983100e-04;       5084
4.7516008790100e-04;       3134
4.7517975406700e-04;       3134
4.7519615350900e-04;       1184
4.7521581975000e-04;       1184
4.7523549787300e-04;       -766
4.7525516398700e-04;       -766
4.7527484201700e-04;       4960
4.7529450821000e-04;       4960
4.7531418631500e-04;       3010
4.7533385246300e-04;       3010
4.7535025177900e-04;       1060
4.7536991787900e-04;       1060
4.7538959600900e-04;       7946
4.7540926216200e-04;       7946
4.7542894044600e-04;       5996
4.7544860651400e-04;       5996
4.7546828469500e-04;       4046
4.7548467196700e-04;       4046
4.7550435017900e-04;       2096
4.7552401623200e-04;       2096
4.7554369438200e-04;        146
4.7556336049500e-04;        146
4.7558303863900e-04;      -1804
4.7560270472200e-04;      -1804
4.7562238276000e-04;       5082
4.7563877031100e-04;       5082
4.7565844837900e-04;       3132
4.7567811448000e-04;       3132
4.7569779253000e-04;       1182
4.7571745856400e-04;       1182
4.7573713672300e-04;       -768
4.7575680282700e-04;       -768
4.7577320216500e-04;       4958
4.7579286827500e-04;       4958
4.7581254636500e-04;       3008
4.7583221245300e-04;       3008
4.7585189071700e-04;       1058
4.7587155694200e-04;       1058
4.7589123505600e-04;       7944
4.7590762250800e-04;       7944
4.7592730050900e-04;       5994
4.7594696668500e-04;       5994
4.7596664477100e-04;       4044
4.7598631076400e-04;       4044
4.7600598886600e-04;       2094
4.7602565506100e-04;       2094
4.7604533311300e-04;        144
4.7606172056700e-04;        144
4.7608139859600e-04;      -1806
4.7610106457900e-04;      -1806
4.7612074269600e-04;       5080
4.7614040882800e-04;       5080
4.7616008689900e-04;       3130
4.7617975316200e-04;       3130
4.7619615275100e-04;       1180
4.7621581881300e-04;       1180
4.7623549705100e-04;       -770
4.7625516302000e-04;       -770
4.7627484100000e-04;       4956
4.7629450729400e-04;       4956
4.7631418538000e-04;       3006
4.7633385151200e-04;       3006
4.7635025087500e-04;       1056
4.7636991696200e-04;       1056
4.7638959512200e-04;        266
4.7640926128700e-04;        266
4.7642893963400e-04;      -1684
4.7644860570500e-04;      -1684
4.7646828387900e-04;       4042
4.7648467139100e-04;       4042
4.7650434947500e-04;       2092
4.7652401565600e-04;       2092
4.7654369373500e-04;        142
4.7656335998500e-04;        142
4.7658303823000e-04;       5868
4.7660270432300e-04;       5868
4.7662238247900e-04;       5078
4.7663877003200e-04;       5078
4.7665844807100e-04;       3128
4.7667811429900e-04;       3128
4.7669779243100e-04;       1178
4.7671745865500e-04;       1178
4.7673713683700e-04;       -772
4.7675680305700e-04;       -772
4.7677320242300e-04;       4954
4.7679286859900e-04;       4954
4.7681254687500e-04;       3004
4.7683221298000e-04;       3004
4.7685189108400e-04;       1054
4.7687155697900e-04;       1054
4.7689123526900e-04;       7940
4.7690762269600e-04;       7940
4.7692730076000e-04;      -1686
4.7694696687600e-04;      -1686
4.7696664508000e-04;       4040
4.7698631109900e-04;       4040
4.7700598923000e-04;       2090
4.7702565544700e-04;       2090
4.7704533359100e-04;        140
4.7706172107400e-04;        140
4.7708139921800e-04;       5866
4.7710106536200e-04;       5866
4.7712074334700e-04;       5076
4.7714040944300e-04;       5076
4.7716008754900e-04;       3126
4.7717975373300e-04;       3126
4.7719615333600e-04;       1176
4.7721581955500e-04;       1176
4.7723549770300e-04;       6902
4.7725516389200e-04;       6902
4.7727484212800e-04;       4952
4.7729450809900e-04;       4952
4.7731418627200e-04;       3002
4.7733385244100e-04;       3002
4.7735025190500e-04;       1052
4.7736991795100e-04;       1052
4.7738959605500e-04;       7938
4.7740926221900e-04;       7938
4.7742894025700e-04;       5988
4.7744860645000e-04;       5988
4.7746828468800e-04;       4038
4.7748467224000e-04;       4038
4.7750435031800e-04;       2088
4.7752401646600e-04;       2088
4.7754369444100e-04;        138
4.7756336049300e-04;        138
4.7758303858800e-04;      -1812
4.7760270482400e-04;      -1812
4.7762238313500e-04;       5074
4.7763877056700e-04;       5074
4.7765844870800e-04;       3124
4.7767811497300e-04;       3124
4.7769779324800e-04;       1174
4.7771745930900e-04;       1174
4.7773713752100e-04;       6900
4.7775680367400e-04;       6900
4.7777320322700e-04;       4950
4.7779286941800e-04;       4950
4.7781254746400e-04;       3000
4.7783221349600e-04;       3000
4.7785189150900e-04;       1050
4.7787155758700e-04;       1050
4.7789123578600e-04;       7936
4.7790762332100e-04;       7936
4.7792730154400e-04;       5986
4.7794696777300e-04;       5986
4.7796664598000e-04;       4036
4.7798631223000e-04;       4036
4.7800599038500e-04;       2086
4.7802565639500e-04;       2086
4.7804533456900e-04;        136
4.7806172181900e-04;        136
4.7808139989000e-04;       5862
4.7810106605700e-04;       5862
4.7812074412700e-04;       5072
4.7814041016600e-04;       5072
4.7816008833600e-04;       3122
4.7817975441500e-04;       3122
4.7819615380100e-04;       8848
4.7821582009500e-04;       8848
4.7823549829000e-04;       6898
4.7825516446800e-04;       6898
4.7827484251000e-04;       4948
4.7829450860600e-04;       4948
4.7831418657100e-04;       2998
4.7833385280600e-04;       2998
4.7835025238200e-04;       1048
4.7836991824800e-04;       1048
4.7838959634500e-04;       7934
4.7840926233400e-04;       7934
4.7842894035700e-04;       5984
4.7844860669700e-04;       5984
4.7846828487000e-04;       4034
4.7848467223600e-04;       4034
4.7850435022200e-04;       2084
4.7852401647600e-04;       2084
4.7854369471200e-04;        134
4.7856336073900e-04;        134
4.7858303898500e-04;      -1816
4.7860270496700e-04;      -1816
4.7862238330600e-04;       5070
4.7863877065800e-04;       5070
4.7865844896100e-04;       3120
4.7867811504300e-04;       3120
4.7869779328700e-04;       1170
4.7871745920900e-04;       1170
4.7873713746200e-04;       -780
4.7875680365300e-04;       -780
4.7877320302600e-04;       4946
4.7879286906700e-04;       4946
4.7881254732700e-04;       2996
4.7883221350200e-04;       2996
4.7885189159900e-04;       1046
4.7887155782000e-04;       1046
4.7889123600700e-04;       7932
4.7890762348800e-04;       7932
4.7892730152500e-04;       5982
4.7894696756300e-04;       5982
4.7896664563900e-04;       4032
4.7898631181100e-04;       4032
4.7900599001300e-04;       2082
4.7902565611900e-04;       2082
4.7904533426100e-04;        132
4.7906172176500e-04;        132
4.7908139971900e-04;      -1818
4.7910106592500e-04;      -1818
4.7912074413400e-04;       5068
4.7914041022200e-04;       5068
4.7916008817800e-04;       3118
4.7917975424700e-04;       3118
4.7919615371100e-04;       1168
4.7921581977900e-04;       1168
4.7923549802600e-04;       6894
4.7925516399700e-04;       6894
4.7927484217200e-04;       4944
4.7929450833900e-04;       4944
4.7931418642000e-04;       2994
4.7933385254900e-04;       2994
4.7935025206400e-04;       1044
4.7936991811400e-04;       1044
4.7938959636300e-04;        254
4.7940926246800e-04;        254
4.7942894054000e-04;       5980
4.7944860667100e-04;       5980
4.7946828475700e-04;       4030
4.7948467223900e-04;       4030
4.7950435026300e-04;       2080
4.7952401649100e-04;       2080
4.7954369443000e-04;        130
4.7956336050300e-04;        130
4.7958303875900e-04;      -1820
4.7960270489200e-04;      -1820
4.7962238285800e-04;       5066
4.7963877031000e-04;       5066
4.7965844834200e-04;       3116
4.7967811457800e-04;       3116
4.7969779289100e-04;       1166
4.7971745906900e-04;       1166
4.7973713704100e-04;       -784
4.7975680318300e-04;       -784
4.7977320247200e-04;       4942
4.7979286882500e-04;       4942
4.7981254675200e-04;       2992
4.7983221302400e-04;       2992
4.7985189105000e-04;       1042
4.7987155713400e-04;       1042
4.7989123530000e-04;       7928
4.7990762262100e-04;       7928
4.7992730078500e-04;       5978
4.7994696689900e-04;       5978
4.7996664500200e-04;       4028
4.7998631124600e-04;       4028
4.8000598941700e-04;       2078
4.8002565541700e-04;       2078
4.8004533358300e-04;        128
4.8006172097300e-04;        128
4.8008139901900e-04;      -1822
4.8010106504800e-04;      -1822
4.8012074310900e-04;       5064
4.8014040927900e-04;       5064
4.8016008742900e-04;       3114
4.8017975340500e-04;       3114
4.8019615270800e-04;       1164
4.8021581875900e-04;       1164
4.8023549688500e-04;       6890
4.8025516303000e-04;       6890
4.8027484129300e-04;       4940
4.8029450736800e-04;       4940
4.8031418544200e-04;       2990
4.8033385170400e-04;       2990
4.8035025118000e-04;       1040
4.8036991717400e-04;       1040
4.8038959541500e-04;        250
4.8040926147000e-04;        250
4.8042893968200e-04;      -1700
4.8044860567100e-04;      -1700
4.8046828381500e-04;       4026
4.8048467130600e-04;       4026
4.8050434925500e-04;       2076
4.8052401551200e-04;       2076
4.8054369363400e-04;        126
4.8056335981000e-04;        126
4.8058303802200e-04;       5852
4.8060270410700e-04;       5852
4.8062238229900e-04;       5062
4.8063876972300e-04;       5062
4.8065844787900e-04;       3112
4.8067811403600e-04;       3112
4.8069779204500e-04;       1162
4.8071745814600e-04;       1162
4.8073713624700e-04;       6888
4.8075680233300e-04;       6888
4.8077320177100e-04;       4938
4.8079286781500e-04;       4938
4.8081254584000e-04;       2988
4.8083221211400e-04;       2988
4.8085189009400e-04;       1038
4.8087155625300e-04;       1038
4.8089123441800e-04;       7924
4.8090762163400e-04;       7924
4.8092729991600e-04;      -1702
4.8094696605700e-04;      -1702
4.8096664423500e-04;       4024
4.8098631033400e-04;       4024
4.8100598834700e-04;       2074
4.8102565438800e-04;       2074
4.8104533254100e-04;        124
4.8106171992600e-04;        124
4.8108139808300e-04;      -1826
4.8110106417600e-04;      -1826
4.8112074226600e-04;       5060
4.8114040839100e-04;       5060
4.8116008661700e-04;       3110
4.8117975263000e-04;       3110
4.8119615206600e-04;       1160
4.8121581819800e-04;       1160
4.8123549647100e-04;       -790
4.8125516262300e-04;       -790
4.8127484087400e-04;      -2740
4.8129450688700e-04;      -2740
4.8131418516800e-04;       2986
4.8133385112500e-04;       2986
4.8135025071500e-04;       1036
4.8136991679200e-04;       1036
4.8138959477200e-04;       7922
4.8140926097100e-04;       7922
4.8142893907900e-04;      -1704
4.8144860541000e-04;      -1704
4.8146828351700e-04;       4022
4.8148467090400e-04;       4022
4.8150434905700e-04;       2072
4.8152401520200e-04;       2072
4.8154369347700e-04;        122
4.8156335949700e-04;        122
4.8158303784000e-04;       5848
4.8160270391100e-04;       5848
4.8162238201600e-04;       5058
4.8163876951500e-04;       5058
4.8165844774600e-04;       3108
4.8167811387900e-04;       3108
4.8169779213900e-04;       1158
4.8171745830800e-04;       1158
4.8173713645700e-04;       -792
4.8175680257800e-04;       -792
4.8177320202700e-04;       4934
4.8179286817400e-04;       4934
4.8181254639000e-04;       2984
4.8183221245200e-04;       2984
4.8185189047200e-04;       1034
4.8187155658500e-04;       1034
4.8189123474800e-04;       7920
4.8190762228200e-04;       7920
4.8192730048300e-04;       5970
4.8194696659200e-04;       5970
4.8196664465700e-04;       4020
4.8198631079000e-04;       4020
4.8200598883800e-04;       2070
4.8202565499500e-04;       2070
4.8204533317700e-04;        120
4.8206172051700e-04;        120
4.8208139860100e-04;      -1830
4.8210106480200e-04;      -1830
4.8212074284500e-04;       5056
4.8214040901100e-04;       5056
4.8216008719200e-04;       3106
4.8217975329300e-04;       3106
4.8219615267400e-04;       1156
4.8221581888100e-04;       1156
4.8223549703200e-04;       6882
4.8225516318400e-04;       6882
4.8227484136300e-04;       4932
4.8229450741600e-04;       4932
4.8231418562400e-04;       2982
4.8233385173900e-04;       2982
4.8235025100400e-04;       1032
4.8236991728300e-04;       1032
4.8238959543800e-04;       7918
4.8240926160500e-04;       7918
4.8242893965800e-04;       5968
4.8244860575100e-04;       5968
4.8246828385100e-04;       4018
4.8248467127300e-04;       4018
4.8250434925400e-04;       2068
4.8252401540800e-04;       2068
4.8254369373800e-04;        118
4.8256335987200e-04;        118
4.8258303797000e-04;      -1832
4.8260270401300e-04;      -1832
4.8262238211100e-04;       5054
4.8263876944200e-04;       5054
4.8265844755500e-04;       3104
4.8267811353600e-04;       3104
4.8269779168900e-04;       1154
4.8271745775900e-04;       1154
4.8273713596800e-04;       6880
4.8275680198100e-04;       6880
4.8277320162300e-04;       4930
4.8279286769400e-04;       4930
4.8281254569800e-04;       2980
4.8283221182400e-04;       2980
4.8285189001800e-04;       1030
4.8287155610900e-04;       1030
4.8289123422500e-04;       7916
4.8290762161500e-04;       7916
4.8292729993700e-04;      -1710
4.8294696600700e-04;      -1710
4.8296664415400e-04;       4016
4.8298631007700e-04;       4016
4.8300598826100e-04;       2066
4.8302565439700e-04;       2066
4.8304533254000e-04;        116
4.8306171988100e-04;        116
4.8308139809600e-04;      -1834
4.8310106402500e-04;      -1834
4.8312074218800e-04;       5052
4.8314040828200e-04;       5052
4.8316008648500e-04;       3102
4.8317975264600e-04;       3102
4.8319615210600e-04;       1152
4.8321581839600e-04;       1152
4.8323549640300e-04;       -798
4.8325516255600e-04;       -798
4.8327484066500e-04;      -2748
4.8329450698200e-04;      -2748
4.8331418510800e-04;       2978
4.8333385131800e-04;       2978
4.8335025070800e-04;       1028
4.8336991691300e-04;       1028
4.8338959503500e-04;       7914
4.8340926107500e-04;       7914
4.8342893928600e-04;       5964
4.8344860544900e-04;       5964
4.8346828359300e-04;       4014
4.8348467104600e-04;       4014
4.8350434916500e-04;       2064
4.8352401550000e-04;       2064
4.8354369350000e-04;        114
4.8356335976200e-04;        114
4.8358303778600e-04;       5840
4.8360270386100e-04;       5840
4.8362238187900e-04;       5050
4.8363876941600e-04;       5050
4.8365844743800e-04;       3100
4.8367811349300e-04;       3100
4.8369779152800e-04;       1150
4.8371745761400e-04;       1150
4.8373713584800e-04;       -800
4.8375680209800e-04;       -800
4.8377320152600e-04;       4926
4.8379286760200e-04;       4926
4.8381254564500e-04;       2976
4.8383221177000e-04;       2976
4.8385188993500e-04;       1026
4.8387155602000e-04;       1026
4.8389123404400e-04;        236
4.8390762146000e-04;        236
4.8392729980000e-04;      -1714
4.8394696582400e-04;      -1714
4.8396664385800e-04;       4012
4.8398630997800e-04;       4012
4.8400598806300e-04;       2062
4.8402565412400e-04;       2062
4.8404533227500e-04;        112
4.8406171954500e-04;        112
4.8408139770900e-04;      -1838
4.8410106396500e-04;      -1838
4.8412074217900e-04;       5048
4.8414040831100e-04;       5048
4.8416008638200e-04;       3098
4.8417975269800e-04;       3098
4.8419615216900e-04;       1148
4.8421581816700e-04;       1148
4.8423549643300e-04;       -802
4.8425516248500e-04;       -802
4.8427484052000e-04;       4924
4.8429450660200e-04;       4924
4.8431418478500e-04;       2974
4.8433385077800e-04;       2974
4.8435025020900e-04;       1024
4.8436991633100e-04;       1024
4.8438959439300e-04;        234
4.8440926047300e-04;        234
4.8442893859900e-04;       5960
4.8444860480700e-04;       5960
4.8446828291200e-04;       4010
4.8448467050500e-04;       4010
4.8450434876100e-04;       2060
4.8452401470300e-04;       2060
4.8454369310400e-04;        110
4.8456335903200e-04;        110
4.8458303715000e-04;       5836
4.8460270327800e-04;       5836
4.8462238142500e-04;       5046
4.8463876881800e-04;       5046
4.8465844692600e-04;       3096
4.8467811308300e-04;       3096
4.8469779129700e-04;       1146
4.8471745743000e-04;       1146
4.8473713577500e-04;       6872
4.8475680186500e-04;       6872
4.8477320135600e-04;       4922
4.8479286741000e-04;       4922
4.8481254555000e-04;       2972
4.8483221169700e-04;       2972
4.8485188981800e-04;       1022
4.8487155591700e-04;       1022
4.8489123418400e-04;       7908
4.8490762151600e-04;       7908
4.8492729973900e-04;       5958
4.8494696580400e-04;       5958
4.8496664404700e-04;       4008
4.8498631015200e-04;       4008
4.8500598830600e-04;       2058
4.8502565436900e-04;       2058
4.8504533253900e-04;        108
4.8506171997800e-04;        108
4.8508139810900e-04;      -1842
4.8510106424300e-04;      -1842
4.8512074234600e-04;       5044
4.8514040835800e-04;       5044
4.8516008646800e-04;       3094
4.8517975260600e-04;       3094
4.8519615201900e-04;       1144
4.8521581815300e-04;       1144
4.8523549642600e-04;       -806
4.8525516258000e-04;       -806
4.8527484057000e-04;       4920
4.8529450687500e-04;       4920
4.8531418508400e-04;       2970
4.8533385124400e-04;       2970
4.8535025057700e-04;       1020
4.8536991676900e-04;       1020
4.8538959471700e-04;        230
4.8540926091500e-04;        230
4.8542893904800e-04;      -1720
4.8544860528500e-04;      -1720
4.8546828343100e-04;       4006
4.8548467086200e-04;       4006
4.8550434898800e-04;       2056
4.8552401515800e-04;       2056
4.8554369323800e-04;        106
4.8556335942000e-04;        106
4.8558303743900e-04;      -1844
4.8560270349800e-04;      -1844
4.8562238159700e-04;       5042
4.8563876899300e-04;       5042
4.8565844718800e-04;       3092
4.8567811336500e-04;       3092
4.8569779150000e-04;       1142
4.8571745765800e-04;       1142
4.8573713597200e-04;       -808
4.8575680209800e-04;       -808
4.8577320164700e-04;       4918
4.8579286794800e-04;       4918
4.8581254600800e-04;       2968
4.8583221217200e-04;       2968
4.8585189037900e-04;       1018
4.8587155652900e-04;       1018
4.8589123487800e-04;       7904
4.8590762223500e-04;       7904
4.8592730031300e-04;       5954
4.8594696644500e-04;       5954
4.8596664456300e-04;       4004
4.8598631048900e-04;       4004
4.8600598875700e-04;       2054
4.8602565491700e-04;       2054
4.8604533291700e-04;        104
4.8606172046400e-04;        104
4.8608139845400e-04;      -1846
4.8610106470000e-04;      -1846
4.8612074282600e-04;       5040
4.8614040892800e-04;       5040
4.8616008707900e-04;       3090
4.8617975320000e-04;       3090
4.8619615280700e-04;       1140
4.8621581894500e-04;       1140
4.8623549716100e-04;       6866
4.8625516338700e-04;       6866
4.8627484158400e-04;       4916
4.8629450771500e-04;       4916
4.8631418596400e-04;       2966
4.8633385199500e-04;       2966
4.8635025140400e-04;       1016
4.8636991750600e-04;       1016
4.8638959560000e-04;       7902
4.8640926181100e-04;       7902
4.8642893999800e-04;      -1724
4.8644860595300e-04;      -1724
4.8646828407600e-04;       4002
4.8648467151800e-04;       4002
4.8650434949500e-04;       2052
4.8652401559400e-04;       2052
4.8654369372000e-04;        102
4.8656335983700e-04;        102
4.8658303797300e-04;       5828
4.8660270407500e-04;       5828
4.8662238230200e-04;       5038
4.8663876977000e-04;       5038
4.8665844781200e-04;       3088
4.8667811399500e-04;       3088
4.8669779203800e-04;       1138
4.8671745826100e-04;       1138
4.8673713629300e-04;       6864
4.8675680237100e-04;       6864
4.8677320170400e-04;       4914
4.8679286780200e-04;       4914
4.8681254597000e-04;       2964
4.8683221209000e-04;       2964
4.8685189023700e-04;       1014
4.8687155637300e-04;       1014
4.8689123449500e-04;        224
4.8690762180500e-04;        224
4.8692730015200e-04;      -1726
4.8694696634800e-04;      -1726
4.8696664445500e-04;       4000
4.8698631061800e-04;       4000
4.8700598863900e-04;       2050
4.8702565478800e-04;       2050
4.8704533277100e-04;        100
4.8706172027400e-04;        100
4.8708139845700e-04;      -1850
4.8710106461800e-04;      -1850
4.8712074279400e-04;       5036
4.8714040894200e-04;       5036
4.8716008690300e-04;       3086
4.8717975312000e-04;       3086
4.8719615259400e-04;       1136
4.8721581873300e-04;       1136
4.8723549689700e-04;       6862
4.8725516305300e-04;       6862
4.8727484122600e-04;       4912
4.8729450751200e-04;       4912
4.8731418545700e-04;       2962
4.8733385160200e-04;       2962
4.8735025102800e-04;       1012
4.8736991731400e-04;       1012
4.8738959527800e-04;       7898
4.8740926153200e-04;       7898
4.8742893959900e-04;       5948
4.8744860568400e-04;       5948
4.8746828390300e-04;       3998
4.8748467136100e-04;       3998
4.8750434948600e-04;       2048
4.8752401559300e-04;       2048
4.8754369375000e-04;         98
4.8756335985400e-04;         98
4.8758303797000e-04;       5824
4.8760270408000e-04;       5824
4.8762238219400e-04;       5034
4.8763876962200e-04;       5034
4.8765844780700e-04;       3084
4.8767811403200e-04;       3084
4.8769779213100e-04;       1134
4.8771745814100e-04;       1134
4.8773713618700e-04;       -816
4.8775680227400e-04;       -816
4.8777320180500e-04;       4910
4.8779286799600e-04;       4910
4.8781254600200e-04;       2960
4.8783221213500e-04;       2960
4.8785189043500e-04;       1010
4.8787155645100e-04;       1010
4.8789123449000e-04;        220
4.8790762200700e-04;        220
4.8792730023400e-04;      -1730
4.8794696629900e-04;      -1730
4.8796664471200e-04;       3996
4.8798631079000e-04;       3996
4.8800598886200e-04;       2046
4.8802565509000e-04;       2046
4.8804533305800e-04;         96
4.8806172038000e-04;         96
4.8808139865000e-04;       5822
4.8810106493200e-04;       5822
4.8812074313600e-04;       5032
4.8814040939800e-04;       5032
4.8816008742900e-04;       3082
4.8817975361600e-04;       3082
4.8819615310800e-04;       1132
4.8821581929200e-04;       1132
4.8823549737300e-04;       -818
4.8825516344700e-04;       -818
4.8827484160900e-04;       4908
4.8829450781100e-04;       4908
4.8831418592700e-04;       2958
4.8833385212300e-04;       2958
4.8835025147000e-04;       1008
4.8836991765700e-04;       1008
4.8838959586700e-04;       7894
4.8840926169200e-04;       7894
4.8842893984900e-04;       5944
4.8844860583400e-04;       5944
4.8846828392000e-04;       3994
4.8848467129900e-04;       3994
4.8850434953100e-04;       2044
4.8852401550300e-04;       2044
4.8854369361400e-04;         94
4.8856335971600e-04;         94
4.8858303788000e-04;      -1856
4.8860270397200e-04;      -1856
4.8862238204800e-04;       5030
4.8863876948500e-04;       5030
4.8865844768700e-04;       3080
4.8867811375800e-04;       3080
4.8869779206100e-04;       1130
4.8871745815300e-04;       1130
4.8873713637200e-04;       6856
4.8875680254200e-04;       6856
4.8877320187900e-04;       4906
4.8879286795200e-04;       4906
4.8881254614500e-04;       2956
4.8883221233800e-04;       2956
4.8885189042600e-04;       1006
4.8887155649800e-04;       1006
4.8889123455400e-04;       7892
4.8890762202500e-04;       7892
4.8892730018100e-04;       5942
4.8894696621300e-04;       5942
4.8896664427900e-04;       3992
4.8898631036800e-04;       3992
4.8900598835700e-04;       2042
4.8902565454000e-04;       2042
4.8904533263000e-04;         92
4.8906172012900e-04;         92
4.8908139813300e-04;      -1858
4.8910106424300e-04;      -1858
4.8912074223500e-04;       5028
4.8914040840700e-04;       5028
4.8916008658300e-04;       3078
4.8917975278900e-04;       3078
4.8919615224300e-04;       1128
4.8921581840000e-04;       1128
4.8923549667900e-04;       -822
4.8925516286200e-04;       -822
4.8927484092800e-04;       4904
4.8929450704100e-04;       4904
4.8931418509400e-04;       2954
4.8933385100100e-04;       2954
4.8935025058500e-04;       1004
4.8936991680100e-04;       1004
4.8938959492600e-04;        214
4.8940926085200e-04;        214
4.8942893909800e-04;      -1736
4.8944860512600e-04;      -1736
4.8946828327900e-04;       3990
4.8948467065100e-04;       3990
4.8950434865400e-04;       2040
4.8952401495200e-04;       2040
4.8954369309700e-04;         90
4.8956335919200e-04;         90
4.8958303749200e-04;      -1860
4.8960270373300e-04;      -1860
4.8962238201800e-04;       5026
4.8963876940300e-04;       5026
4.8965844767600e-04;       3076
4.8967811369200e-04;       3076
4.8969779164800e-04;       1126
4.8971745786100e-04;       1126
4.8973713611400e-04;       6852
4.8975680221500e-04;       6852
4.8977320161100e-04;       4902
4.8979286778800e-04;       4902
4.8981254604200e-04;       2952
4.8983221215800e-04;       2952
4.8985189019000e-04;       1002
4.8987155632900e-04;       1002
4.8989123457300e-04;       7888
4.8990762201100e-04;       7888
4.8992730024100e-04;       5938
4.8994696625000e-04;       5938
4.8996664427700e-04;       3988
4.8998631052100e-04;       3988
4.9000598867900e-04;       2038
4.9002565468500e-04;       2038
4.9004533265300e-04;         88
4.9006172020900e-04;         88
4.9008139829400e-04;       5814
4.9010106440800e-04;       5814
4.9012074247700e-04;       5024
4.9014040854400e-04;       5024
4.9016008667200e-04;       3074
4.9017975279300e-04;       3074
4.9019615224300e-04;       1124
4.9021581814900e-04;       1124
4.9023549629200e-04;       6850
4.9025516241800e-04;       6850
4.9027484049100e-04;       4900
4.9029450679600e-04;       4900
4.9031418494500e-04;       2950
4.9033385111700e-04;       2950
4.9035025055400e-04;       1000
4.9036991665600e-04;       1000
4.9038959472500e-04;        210
4.9040926096000e-04;        210
4.9042893899500e-04;       5936
4.9044860520600e-04;       5936
4.9046828318400e-04;       3986
4.9048467072600e-04;       3986
4.9050434895100e-04;       2036
4.9052401499700e-04;       2036
4.9054369326000e-04;         86
4.9056335948400e-04;         86
4.9058303755100e-04;      -1864
4.9060270371100e-04;      -1864
4.9062238165700e-04;       5022
4.9063876909500e-04;       5022
4.9065844701300e-04;       3072
4.9067811306400e-04;       3072
4.9069779141400e-04;       1122
4.9071745760100e-04;       1122
4.9073713569300e-04;       6848
4.9075680195500e-04;       6848
4.9077320150100e-04;       4898
4.9079286766400e-04;       4898
4.9081254575600e-04;       2948
4.9083221176500e-04;       2948
4.9085188994200e-04;        998
4.9087155602800e-04;        998
4.9089123414900e-04;       7884
4.9090762168600e-04;       7884
4.9092729990600e-04;       5934
4.9094696590700e-04;       5934
4.9096664408200e-04;       3984
4.9098631020600e-04;       3984
4.9100598826600e-04;       2034
4.9102565443300e-04;       2034
4.9104533256200e-04;         84
4.9106171990600e-04;         84
4.9108139795500e-04;      -1866
4.9110106410800e-04;      -1866
4.9112074220500e-04;       5020
4.9114040830800e-04;       5020
4.9116008645500e-04;       3070
4.9117975268500e-04;       3070
4.9119615196000e-04;       1120
4.9121581821300e-04;       1120
4.9123549638700e-04;       -830
4.9125516245600e-04;       -830
4.9127484058100e-04;      -2780
4.9129450660100e-04;      -2780
4.9131418482800e-04;       2946
4.9133385100300e-04;       2946
4.9135025040400e-04;        996
4.9136991659300e-04;        996
4.9138959457900e-04;       7882
4.9140926069400e-04;       7882
4.9142893886100e-04;      -1744
4.9144860505200e-04;      -1744
4.9146828317000e-04;       3982
4.9148467061600e-04;       3982
4.9150434872100e-04;       2032
4.9152401494400e-04;       2032
4.9154369296500e-04;         82
4.9156335922500e-04;         82
4.9158303737300e-04;      -1868
4.9160270350300e-04;      -1868
4.9162238167700e-04;       5018
4.9163876908500e-04;       5018
4.9165844722900e-04;       3068
4.9167811336800e-04;       3068
4.9169779148100e-04;       1118
4.9171745764200e-04;       1118
4.9173713589300e-04;       -832
4.9175680202300e-04;       -832
4.9177320151100e-04;      -2782
4.9179286760500e-04;      -2782
4.9181254567300e-04;       2944
4.9183221193200e-04;       2944
4.9185189008300e-04;        994
4.9187155615600e-04;        994
4.9189123438200e-04;        204
4.9190762194400e-04;        204
4.9192730018300e-04;      -1746
4.9194696624800e-04;      -1746
4.9196664438300e-04;       3980
4.9198631057400e-04;       3980
4.9200598875200e-04;       2030
4.9202565490700e-04;       2030
4.9204533316600e-04;         80
4.9206172064700e-04;         80
4.9208139877200e-04;       5806
4.9210106495500e-04;       5806
4.9212074320400e-04;       5016
4.9214040938400e-04;       5016
4.9216008751200e-04;       3066
4.9217975361200e-04;       3066
4.9219615315100e-04;       1116
4.9221581916600e-04;       1116
4.9223549722500e-04;       6842
4.9225516342800e-04;       6842
4.9227484151800e-04;       4892
4.9229450775400e-04;       4892
4.9231418584500e-04;       2942
4.9233385203900e-04;       2942
4.9235025157500e-04;        992
4.9236991791300e-04;        992
4.9238959593400e-04;       7878
4.9240926199000e-04;       7878
4.9242894010600e-04;       5928
4.9244860632300e-04;       5928
4.9246828450200e-04;       3978
4.9248467201300e-04;       3978
4.9250435007700e-04;       2028
4.9252401618200e-04;       2028
4.9254369418000e-04;         78
4.9256336023300e-04;         78
4.9258303831700e-04;      -1872
4.9260270447600e-04;      -1872
4.9262238244300e-04;       5014
4.9263876992000e-04;       5014
4.9265844786300e-04;       3064
4.9267811400600e-04;       3064
4.9269779234900e-04;       1114
4.9271745844800e-04;       1114
4.9273713683000e-04;       -836
4.9275680285500e-04;       -836
4.9277320238300e-04;       4890
4.9279286860900e-04;       4890
4.9281254668300e-04;       2940
4.9283221283700e-04;       2940
4.9285189102700e-04;        990
4.9287155713800e-04;        990
4.9289123534800e-04;       7876
4.9290762276800e-04;       7876
4.9292730090300e-04;       5926
4.9294696703600e-04;       5926
4.9296664514600e-04;       3976
4.9298631143000e-04;       3976
4.9300598936700e-04;       2026
4.9302565550600e-04;       2026
4.9304533353800e-04;         76
4.9306172114500e-04;         76
4.9308139940900e-04;      -1874
4.9310106562100e-04;      -1874
4.9312074357400e-04;       5012
4.9314040971400e-04;       5012
4.9316008783400e-04;       3062
4.9317975406700e-04;       3062
4.9319615341100e-04;       1112
4.9321581962700e-04;       1112
4.9323549782900e-04;       -838
4.9325516393600e-04;       -838
4.9327484211100e-04;       4888
4.9329450822700e-04;       4888
4.9331418608300e-04;       2938
4.9333385234100e-04;       2938
4.9335025185000e-04;        988
4.9336991804600e-04;        988
4.9338959617500e-04;       7874
4.9340926242400e-04;       7874
4.9342894059800e-04;      -1752
4.9344860685800e-04;      -1752
4.9346828488400e-04;       3974
4.9348467241500e-04;       3974
4.9350435047000e-04;       2024
4.9352401661600e-04;       2024
4.9354369466800e-04;         74
4.9356336081400e-04;         74
4.9358303915600e-04;       5800
4.9360270533900e-04;       5800
4.9362238353000e-04;       5010
4.9363877102500e-04;       5010
4.9365844906700e-04;       3060
4.9367811518200e-04;       3060
4.9369779341000e-04;       1110
4.9371745959600e-04;       1110
4.9373713766300e-04;       -840
4.9375680382200e-04;       -840
4.9377320314000e-04;       4886
4.9379286939300e-04;       4886
4.9381254750700e-04;       2936
4.9383221367600e-04;       2936
4.9385189172900e-04;        986
4.9387155776500e-04;        986
4.9389123575300e-04;       7872
4.9390762338800e-04;       7872
4.9392730156300e-04;       5922
4.9394696769500e-04;       5922
4.9396664591500e-04;       3972
4.9398631199400e-04;       3972
4.9400598999800e-04;       2022
4.9402565610500e-04;       2022
4.9404533433200e-04;         72
4.9406172177000e-04;         72
4.9408139988000e-04;       5798
4.9410106606000e-04;       5798
4.9412074399600e-04;       5008
4.9414041025100e-04;       5008
4.9416008822700e-04;       3058
4.9417975443900e-04;       3058
4.9419615383300e-04;       1108
4.9421582006200e-04;       1108
4.9423549827300e-04;       6834
4.9425516435900e-04;       6834
4.9427484259300e-04;       4884
4.9429450868100e-04;       4884
4.9431418674900e-04;       2934
4.9433385279300e-04;       2934
4.9435025232500e-04;        984
4.9436991847000e-04;        984
4.9438959651900e-04;       7870
4.9440926257500e-04;       7870
4.9442894073500e-04;       5920
4.9444860678600e-04;       5920
4.9446828486400e-04;       3970
4.9448467223500e-04;       3970
4.9450435044100e-04;       2020
4.9452401645700e-04;       2020
4.9454369452900e-04;       7746
4.9456336089800e-04;       7746
4.9458303896700e-04;       5796
4.9460270503400e-04;       5796
4.9462238319200e-04;       5006
4.9463877064400e-04;       5006
4.9465844882100e-04;       3056
4.9467811491000e-04;       3056
4.9469779310500e-04;       1106
4.9471745919400e-04;       1106
4.9473713721100e-04;       6832
4.9475680331200e-04;       6832
4.9477320266800e-04;       4882
4.9479286876500e-04;       4882
4.9481254697600e-04;       2932
4.9483221318300e-04;       2932
4.9485189120100e-04;        982
4.9487155738900e-04;        982
4.9489123560700e-04;       7868
4.9490762316400e-04;       7868
4.9492730142500e-04;       5918
4.9494696749700e-04;       5918
4.9496664557400e-04;       3968
4.9498631167900e-04;       3968
4.9500598987700e-04;       2018
4.9502565592000e-04;       2018
4.9504533399700e-04;         68
4.9506172143600e-04;         68
4.9508139960200e-04;      -1882
4.9510106565500e-04;      -1882
4.9512074391500e-04;       5004
4.9514040985200e-04;       5004
4.9516008803300e-04;       3054
4.9517975423100e-04;       3054
4.9519615381600e-04;       1104
4.9521581995300e-04;       1104
4.9523549814200e-04;       6830
4.9525516426900e-04;       6830
4.9527484245400e-04;       4880
4.9529450868200e-04;       4880
4.9531418671300e-04;       2930
4.9533385288400e-04;       2930
4.9535025217200e-04;        980
4.9536991821600e-04;        980
4.9538959651100e-04;       7866
4.9540926254300e-04;       7866
4.9542894065400e-04;       5916
4.9544860671000e-04;       5916
4.9546828504500e-04;       3966
4.9548467245400e-04;       3966
4.9550435054700e-04;       2016
4.9552401669600e-04;       2016
4.9554369475300e-04;         66
4.9556336066700e-04;         66
4.9558303879300e-04;       5792
4.9560270490400e-04;       5792
4.9562238309200e-04;       5002
4.9563877039800e-04;       5002
4.9565844865700e-04;       3052
4.9567811476600e-04;       3052
4.9569779282800e-04;       1102
4.9571745887000e-04;       1102
4.9573713713400e-04;       6828
4.9575680310500e-04;       6828
4.9577320265000e-04;       4878
4.9579286862400e-04;       4878
4.9581254680600e-04;       2928
4.9583221291500e-04;       2928
4.9585189100700e-04;        978
4.9587155704400e-04;        978
4.9589123502500e-04;       7864
4.9590762256700e-04;       7864
4.9592730069300e-04;       5914
4.9594696699600e-04;       5914
4.9596664528100e-04;       3964
4.9598631130500e-04;       3964
4.9600598944100e-04;       2014
4.9602565567600e-04;       2014
4.9604533372400e-04;         64
4.9606172127900e-04;         64
4.9608139940400e-04;       5790
4.9610106541400e-04;       5790
4.9612074355100e-04;       5000
4.9614040968700e-04;       5000
4.9616008770700e-04;       3050
4.9617975362100e-04;       3050
4.9619615297100e-04;       1100
4.9621581897200e-04;       1100
4.9623549712600e-04;       -850
4.9625516331800e-04;       -850
4.9627484140900e-04;       4876
4.9629450753200e-04;       4876
4.9631418558500e-04;       2926
4.9633385175900e-04;       2926
4.9635025102600e-04;        976
4.9636991707100e-04;        976
4.9638959513700e-04;       7862
4.9640926128200e-04;       7862
4.9642893938200e-04;       5912
4.9644860557100e-04;       5912
4.9646828369000e-04;       3962
4.9648467121600e-04;       3962
4.9650434933100e-04;       2012
4.9652401548400e-04;       2012
4.9654369353100e-04;         62
4.9656335971800e-04;         62
4.9658303779400e-04;      -1888
4.9660270379400e-04;      -1888
4.9662238193600e-04;       4998
4.9663876924100e-04;       4998
4.9665844744300e-04;       3048
4.9667811331500e-04;       3048
4.9669779151700e-04;       1098
4.9671745767000e-04;       1098
4.9673713574400e-04;       -852
4.9675680198200e-04;       -852
4.9677320137300e-04;       4874
4.9679286759200e-04;       4874
4.9681254583200e-04;       2924
4.9683221182200e-04;       2924
4.9685188989100e-04;        974
4.9687155598200e-04;        974
4.9689123397300e-04;        184
4.9690762137500e-04;        184
4.9692729964400e-04;      -1766
4.9694696568100e-04;      -1766
4.9696664391200e-04;       3960
4.9698631015500e-04;       3960
4.9700598839800e-04;       2010
4.9702565454500e-04;       2010
4.9704533274000e-04;         60
4.9706172037900e-04;         60
4.9708139853100e-04;      -1890
4.9710106471400e-04;      -1890
4.9712074288600e-04;       4996
4.9714040908900e-04;       4996
4.9716008723500e-04;       3046
4.9717975340800e-04;       3046
4.9719615279200e-04;       1096
4.9721581885700e-04;       1096
4.9723549690000e-04;       6822
4.9725516300700e-04;       6822
4.9727484106200e-04;       4872
4.9729450735600e-04;       4872
4.9731418554800e-04;       2922
4.9733385157700e-04;       2922
4.9735025087400e-04;        972
4.9736991689000e-04;        972
4.9738959512100e-04;       7858
4.9740926124700e-04;       7858
4.9742893931400e-04;       5908
4.9744860530300e-04;       5908
4.9746828343500e-04;       3958
4.9748467085100e-04;       3958
4.9750434907100e-04;       2008
4.9752401510000e-04;       2008
4.9754369306900e-04;         58
4.9756335918100e-04;         58
4.9758303742800e-04;      -1892
4.9760270348600e-04;      -1892
4.9762238165300e-04;       4994
4.9763876901500e-04;       4994
4.9765844729700e-04;       3044
4.9767811353000e-04;       3044
4.9769779179200e-04;       1094
4.9771745790100e-04;       1094
4.9773713595400e-04;       -856
4.9775680213700e-04;       -856
4.9777320157700e-04;       4870
4.9779286770200e-04;       4870
4.9781254581700e-04;       2920
4.9783221205200e-04;       2920
4.9785189024000e-04;        970
4.9787155637200e-04;        970
4.9789123443600e-04;        180
4.9790762194700e-04;        180
4.9792730002800e-04;      -1770
4.9794696620700e-04;      -1770
4.9796664436600e-04;       3956
4.9798631046600e-04;       3956
4.9800598857100e-04;       2006
4.9802565473200e-04;       2006
4.9804533293900e-04;         56
4.9806172028200e-04;         56
4.9808139836800e-04;      -1894
4.9810106453300e-04;      -1894
4.9812074253800e-04;       4992
4.9814040867600e-04;       4992
4.9816008674800e-04;       3042
4.9817975302200e-04;       3042
4.9819615259700e-04;       1092
4.9821581877200e-04;       1092
4.9823549683100e-04;       -858
4.9825516299700e-04;       -858
4.9827484123400e-04;       4868
4.9829450740300e-04;       4868
4.9831418559400e-04;       2918
4.9833385173700e-04;       2918
4.9835025138800e-04;        968
4.9836991746000e-04;        968
4.9838959555800e-04;        178
4.9840926167300e-04;        178
4.9842893969500e-04;      -1772
4.9844860587100e-04;      -1772
4.9846828389800e-04;       3954
4.9848467125000e-04;       3954
4.9850434938400e-04;       2004
4.9852401545800e-04;       2004
4.9854369371600e-04;         54
4.9856335986900e-04;         54
4.9858303801200e-04;      -1896
4.9860270418700e-04;      -1896
4.9862238221100e-04;       4990
4.9863876972800e-04;       4990
4.9865844792300e-04;       3040
4.9867811416600e-04;       3040
4.9869779230300e-04;       1090
4.9871745835700e-04;       1090
4.9873713648200e-04;       -860
4.9875680259600e-04;       -860
4.9877320202800e-04;       4866
4.9879286821400e-04;       4866
4.9881254638200e-04;       2916
4.9883221228500e-04;       2916
4.9885189046000e-04;        966
4.9887155668900e-04;        966
4.9889123475800e-04;       7852
4.9890762231300e-04;       7852
4.9892730053600e-04;       5902
4.9894696676800e-04;       5902
4.9896664479700e-04;       3952
4.9898631114300e-04;       3952
4.9900598926900e-04;       2002
4.9902565550200e-04;       2002
4.9904533357100e-04;         52
4.9906172094200e-04;         52
4.9908139901300e-04;       5778
4.9910106516000e-04;       5778
4.9912074327200e-04;       4988
4.9914040937600e-04;       4988
4.9916008780200e-04;       3038
4.9917975377600e-04;       3038
4.9919615326100e-04;       1088
4.9921581942300e-04;       1088
4.9923549757100e-04;       -862
4.9925516369000e-04;       -862
4.9927484169900e-04;       4864
4.9929450797000e-04;       4864
4.9931418612600e-04;       2914
4.9933385216200e-04;       2914
4.9935025162200e-04;        964
4.9936991777300e-04;        964
4.9938959589600e-04;       7850
4.9940926187500e-04;       7850
4.9942894014000e-04;       5900
4.9944860629800e-04;       5900
4.9946828444000e-04;       3950
4.9948467188600e-04;       3950
4.9950435001900e-04;       2000
4.9952401605700e-04;       2000
4.9954369421000e-04;         50
4.9956336029000e-04;         50
4.9958303838800e-04;      -1900
4.9960270467000e-04;      -1900
4.9962238290000e-04;       4986
4.9963877036900e-04;       4986
4.9965844856000e-04;       3036
4.9967811472600e-04;       3036
4.9969779286800e-04;       1086
4.9971745903000e-04;       1086
4.9973713711700e-04;       6812
4.9975680332100e-04;       6812
4.9977320287900e-04;       4862
4.9979286899000e-04;       4862
4.9981254704300e-04;       2912
4.9983221318800e-04;       2912
4.9985189126400e-04;        962
4.9987155737800e-04;        962
4.9989123555700e-04;       7848
4.9990762299900e-04;       7848
4.9992730098200e-04;       5898
4.9994696718700e-04;       5898
4.9996664522500e-04;       3948
4.9998631127000e-04;       3948
5.0000598930200e-04;       1998
5.0002565543900e-04;       1998
5.0004533358700e-04;         48
5.0006172098500e-04;         48
5.0008139917000e-04;       5774
5.0010106527500e-04;       5774
5.0012074337300e-04;       4984
5.0014040942500e-04;       4984
5.0016008761800e-04;       3034
5.0017975370800e-04;       3034
5.0019615327100e-04;       1084
5.0021581948500e-04;       1084
5.0023549752600e-04;       -866
5.0025516364900e-04;       -866
5.0027484175000e-04;       4860
5.0029450781700e-04;       4860
5.0031418604000e-04;       2910
5.0033385211800e-04;       2910
5.0035025152100e-04;        960
5.0036991764900e-04;        960
5.0038959580700e-04;       7846
5.0040926197800e-04;       7846
5.0042894004000e-04;       5896
5.0044860607500e-04;       5896
5.0046828414100e-04;       3946
5.0048467149400e-04;       3946
5.0050434964300e-04;       1996
5.0052401586700e-04;       1996
5.0054369415000e-04;         46
5.0056336032800e-04;         46
5.0058303849300e-04;       5772
5.0060270445400e-04;       5772
5.0062238260100e-04;       4982
5.0063877002900e-04;       4982
5.0065844815500e-04;       3032
5.0067811417800e-04;       3032
5.0069779202500e-04;       1082
5.0071745814500e-04;       1082
5.0073713629600e-04;       6808
5.0075680243600e-04;       6808
5.0077320169000e-04;       4858
5.0079286798300e-04;       4858
5.0081254606800e-04;       2908
5.0083221215900e-04;       2908
5.0085189025100e-04;        958
5.0087155623300e-04;        958
5.0089123448000e-04;       7844
5.0090762172800e-04;       7844
5.0092729990400e-04;       5894
5.0094696613500e-04;       5894
5.0096664435100e-04;       3944
5.0098631050400e-04;       3944
5.0100598857600e-04;       1994
5.0102565462400e-04;       1994
5.0104533290500e-04;         44
5.0106172031100e-04;         44
5.0108139826800e-04;      -1906
5.0110106446300e-04;      -1906
5.0112074255700e-04;       4980
5.0114040863900e-04;       4980
5.0116008689400e-04;       3030
5.0117975297300e-04;       3030
5.0119615227500e-04;       1080
5.0121581852100e-04;       1080
5.0123549649900e-04;       -870
5.0125516267700e-04;       -870
5.0127484061400e-04;       4856
5.0129450680700e-04;       4856
5.0131418474900e-04;       2906
5.0133385094600e-04;       2906
5.0135025044600e-04;        956
5.0136991652700e-04;        956
5.0138959476000e-04;        166
5.0140926095900e-04;        166
5.0142893909500e-04;      -1784
5.0144860540900e-04;      -1784
5.0146828342500e-04;       3942
5.0148467087200e-04;       3942
5.0150434884300e-04;       1992
5.0152401498300e-04;       1992
5.0154369309100e-04;         42
5.0156335925800e-04;         42
5.0158303737600e-04;      -1908
5.0160270351000e-04;      -1908
5.0162238141400e-04;       4978
5.0163876904100e-04;       4978
5.0165844712800e-04;       3028
5.0167811318100e-04;       3028
5.0169779130700e-04;       1078
5.0171745743300e-04;       1078
5.0173713564400e-04;       -872
5.0175680159800e-04;       -872
5.0177320105500e-04;      -2822
5.0179286703100e-04;      -2822
5.0181254519100e-04;       2904
5.0183221134200e-04;       2904
5.0185188950500e-04;        954
5.0187155576500e-04;        954
5.0189123383500e-04;        164
5.0190762140600e-04;        164
5.0192729955300e-04;      -1786
5.0194696584700e-04;      -1786
5.0196664411800e-04;       3940
5.0198631016300e-04;       3940
5.0200598837000e-04;       1990
5.0202565434600e-04;       1990
5.0204533246500e-04;         40
5.0206172003200e-04;         40
5.0208139804400e-04;      -1910
5.0210106418200e-04;      -1910
5.0212074217600e-04;       4976
5.0214040840100e-04;       4976
5.0216008666300e-04;       3026
5.0217975278000e-04;       3026
5.0219615222100e-04;       1076
5.0221581823700e-04;       1076
5.0223549645400e-04;       -874
5.0225516256500e-04;       -874
5.0227484074600e-04;       4852
5.0229450680100e-04;       4852
5.0231418491100e-04;       2902
5.0233385108000e-04;       2902
5.0235025062000e-04;        952
5.0236991677000e-04;        952
5.0238959500700e-04;        162
5.0240926118700e-04;        162
5.0242893918500e-04;      -1788
5.0244860540000e-04;      -1788
5.0246828345400e-04;       3938
5.0248467096500e-04;       3938
5.0250434895000e-04;       1988
5.0252401500800e-04;       1988
5.0254369313500e-04;         38
5.0256335914200e-04;         38
5.0258303742700e-04;       5764
5.0260270358300e-04;       5764
5.0262238156200e-04;       4974
5.0263876899100e-04;       4974
5.0265844711900e-04;       3024
5.0267811334200e-04;       3024
5.0269779127100e-04;       1074
5.0271745735600e-04;       1074
5.0273713558600e-04;       -876
5.0275680178800e-04;       -876
5.0277320110200e-04;      -2826
5.0279286721100e-04;      -2826
5.0281254532800e-04;       2900
5.0283221142500e-04;       2900
5.0285188957900e-04;        950
5.0287155592400e-04;        950
5.0289123421800e-04;        160
5.0290762154400e-04;        160
5.0292729962100e-04;       5886
5.0294696573800e-04;       5886
5.0296664401200e-04;       3936
5.0298631020700e-04;       3936
5.0300598837500e-04;       1986
5.0302565447700e-04;       1986
5.0304533269200e-04;         36
5.0306172005800e-04;         36
5.0308139801600e-04;      -1914
5.0310106414300e-04;      -1914
5.0312074247400e-04;       4972
5.0314040866300e-04;       4972
5.0316008679300e-04;       3022
5.0317975293600e-04;       3022
5.0319615242300e-04;       1072
5.0321581865700e-04;       1072
5.0323549683700e-04;       -878
5.0325516291400e-04;       -878
5.0327484103600e-04;       4848
5.0329450704000e-04;       4848
5.0331418505600e-04;       2898
5.0333385120600e-04;       2898
5.0335025069800e-04;        948
5.0336991661800e-04;        948
5.0338959471200e-04;       7834
5.0340926090900e-04;       7834
5.0342893900000e-04;       5884
5.0344860511500e-04;       5884
5.0346828328100e-04;       3934
5.0348467053000e-04;       3934
5.0350434863600e-04;       1984
5.0352401474800e-04;       1984
5.0354369276900e-04;         34
5.0356335888800e-04;         34
5.0358303696000e-04;      -1916
5.0360270313900e-04;      -1916
5.0362238126800e-04;       4970
5.0363876880200e-04;       4970
5.0365844698300e-04;       3020
5.0367811300600e-04;       3020
5.0369779093100e-04;       1070
5.0371745721000e-04;       1070
5.0373713530700e-04;       6796
5.0375680133500e-04;       6796
5.0377320075500e-04;       4846
5.0379286685600e-04;       4846
5.0381254502200e-04;       2896
5.0383221104700e-04;       2896
5.0385188905400e-04;        946
5.0387155523800e-04;        946
5.0389123339300e-04;        156
5.0390762106600e-04;        156
5.0392729918600e-04;      -1794
5.0394696517400e-04;      -1794
5.0396664334100e-04;       3932
5.0398630944800e-04;       3932
5.0400598750600e-04;       1982
5.0402565383000e-04;       1982
5.0404533205400e-04;         32
5.0406171952500e-04;         32
5.0408139753200e-04;      -1918
5.0410106374200e-04;      -1918
5.0412074174300e-04;       4968
5.0414040789300e-04;       4968
5.0416008613800e-04;       3018
5.0417975228700e-04;       3018
5.0419615184500e-04;       1068
5.0421581792700e-04;       1068
5.0423549614400e-04;       -882
5.0425516230100e-04;       -882
5.0427484039600e-04;       4844
5.0429450645700e-04;       4844
5.0431418446300e-04;       2894
5.0433385046800e-04;       2894
5.0435024983500e-04;        944
5.0436991595000e-04;        944
5.0438959410200e-04;       7830
5.0440926031700e-04;       7830
5.0442893833000e-04;      -1796
5.0444860451700e-04;      -1796
5.0446828252600e-04;       3930
5.0448466982000e-04;       3930
5.0450434804300e-04;       1980
5.0452401421800e-04;       1980
5.0454369233100e-04;         30
5.0456335858300e-04;         30
5.0458303666500e-04;      -1920
5.0460270294000e-04;      -1920
5.0462238097000e-04;       4966
5.0463876851200e-04;       4966
5.0465844669300e-04;       3016
5.0467811287400e-04;       3016
5.0469779106000e-04;       1066
5.0471745721100e-04;       1066
5.0473713521200e-04;       -884
5.0475680147100e-04;       -884
5.0477320078000e-04;       4842
5.0479286694400e-04;       4842
5.0481254524100e-04;       2892
5.0483221134000e-04;       2892
5.0485188945800e-04;        942
5.0487155559400e-04;        942
5.0489123381400e-04;        152
5.0490762127800e-04;        152
5.0492729939500e-04;      -1798
5.0494696552400e-04;      -1798
5.0496664354100e-04;       3928
5.0498630970800e-04;       3928
5.0500598787500e-04;       1978
5.0502565413600e-04;       1978
5.0504533214100e-04;         28
5.0506171959800e-04;         28
5.0508139770800e-04;      -1922
5.0510106381900e-04;      -1922
5.0512074208500e-04;       4964
5.0514040811300e-04;       4964
5.0516008626900e-04;       3014
5.0517975251100e-04;       3014
5.0519615199300e-04;       1064
5.0521581819300e-04;       1064
5.0523549629600e-04;       -886
5.0525516243200e-04;       -886
5.0527484043600e-04;       4840
5.0529450658300e-04;       4840
5.0531418480900e-04;       2890
5.0533385104100e-04;       2890
5.0535025034700e-04;        940
5.0536991656800e-04;        940
5.0538959474000e-04;        150
5.0540926097700e-04;        150
5.0542893912100e-04;       5876
5.0544860516600e-04;       5876
5.0546828334900e-04;       3926
5.0548467082700e-04;       3926
5.0550434899000e-04;       1976
5.0552401518600e-04;       1976
5.0554369339400e-04;         26
5.0556335955800e-04;         26
5.0558303776700e-04;       5752
5.0560270395000e-04;       5752
5.0562238203800e-04;       4962
5.0563876949000e-04;       4962
5.0565844768100e-04;       3012
5.0567811393100e-04;       3012
5.0569779222000e-04;       1062
5.0571745831200e-04;       1062
5.0573713623200e-04;       -888
5.0575680237600e-04;       -888
5.0577320182300e-04;       4838
5.0579286790000e-04;       4838
5.0581254597900e-04;       2888
5.0583221218300e-04;       2888
5.0585189039700e-04;        938
5.0587155657200e-04;        938
5.0589123451400e-04;       7824
5.0590762193400e-04;       7824
5.0592730004500e-04;      -1802
5.0594696628000e-04;      -1802
5.0596664442900e-04;       3924
5.0598631057600e-04;       3924
5.0600598860500e-04;       1974
5.0602565488900e-04;       1974
5.0604533281700e-04;         24
5.0606172023300e-04;         24
5.0608139850200e-04;      -1926
5.0610106460700e-04;      -1926
5.0612074279400e-04;       4960
5.0614040882700e-04;       4960
5.0616008708200e-04;       3010
5.0617975315600e-04;       3010
5.0619615269500e-04;       1060
5.0621581865100e-04;       1060
5.0623549694900e-04;       6786
5.0625516300900e-04;       6786
5.0627484115600e-04;       4836
5.0629450723900e-04;       4836
5.0631418534600e-04;       2886
5.0633385154900e-04;       2886
5.0635025098200e-04;        936
5.0636991711000e-04;        936
5.0638959533700e-04;        146
5.0640926135500e-04;        146
5.0642893962900e-04;      -1804
5.0644860565300e-04;      -1804
5.0646828378800e-04;       3922
5.0648467115300e-04;       3922
5.0650434910100e-04;       1972
5.0652401525400e-04;       1972
5.0654369354800e-04;         22
5.0656335964200e-04;         22
5.0658303773400e-04;      -1928
5.0660270367700e-04;      -1928
5.0662238181200e-04;       4958
5.0663876938300e-04;       4958
