1.4615368380000e-06;          0
1.5223895440000e-06;          0
1.5420574290000e-06;          0
1.5600535500000e-06;          0
1.5797214130000e-06;          0
1.5993556690000e-06;          0
1.6190237980000e-06;          0
1.6370201920000e-06;          0
1.6566880860000e-06;          0
1.6763222110000e-06;          0
1.6959902610000e-06;          0
1.7139868910000e-06;          0
1.7336549510000e-06;          0
1.7532890080000e-06;          0
1.7729571770000e-06;          0
1.7909536130000e-06;          0
1.8106218330000e-06;          0
1.8302568860000e-06;          0
1.8482792350000e-06;          0
1.8679213560000e-06;          0
1.8875815330000e-06;          0
1.9072236540000e-06;          0
1.9252460740000e-06;          0
1.9448883280000e-06;          0
1.9645483010000e-06;          0
1.9841904420000e-06;          0
2.0022130280000e-06;          0
2.0218551730000e-06;          0
2.0415152330000e-06;          0
2.0611573360000e-06;          0
2.0791796760000e-06;          0
2.0988219980000e-06;          0
2.1184820660000e-06;          0
2.1381241380000e-06;          0
2.1561466240000e-06;          0
2.1757886550000e-06;          0
2.1954488120000e-06;          0
2.2150897080000e-06;          0
2.2331202840000e-06;          0
2.2527543310000e-06;          0
2.2724222970000e-06;          0
2.2920565590000e-06;          0
2.3100871420000e-06;          0
2.3297212090000e-06;          0
2.3493892930000e-06;          0
2.3690234220000e-06;          0
2.3870538350000e-06;          0
2.4066879700000e-06;          0
2.4263561420000e-06;          0
2.4459903240000e-06;          0
2.4640208460000e-06;          0
2.4836548600000e-06;          0
2.5033229500000e-06;          0
2.5229570160000e-06;          0
2.5409875840000e-06;          0
2.5606226800000e-06;          0
2.5802828050000e-06;          0
2.5982872350000e-06;          0
2.6179474330000e-06;          0
2.6375895290000e-06;          0
2.6572495000000e-06;          0
2.6752539040000e-06;          0
2.6949140250000e-06;          0
2.7145561800000e-06;          0
2.7342164800000e-06;          0
2.7522210710000e-06;          0
2.7718811620000e-06;          0
2.7915233020000e-06;          0
2.8111833740000e-06;          0
2.8291877270000e-06;          0
2.8488479130000e-06;          0
2.8684900330000e-06;          0
2.8881500980000e-06;          0
2.9061536820000e-06;          0
2.9258218280000e-06;          0
2.9454559280000e-06;          0
2.9651238910000e-06;          0
2.9831204350000e-06;          0
3.0027885050000e-06;          0
3.0224226810000e-06;          0
3.0420909630000e-06;          0
3.0600873990000e-06;          0
3.0797555130000e-06;          0
3.0993895590000e-06;          0
3.1190576140000e-06;          0
3.1370542320000e-06;          0
3.1567223340000e-06;          0
3.1763565730000e-06;          0
3.1960247150000e-06;          0
3.2140211090000e-06;          0
3.2336892180000e-06;          0
3.2533231030000e-06;          0
3.2729911960000e-06;          0
3.2909886850000e-06;          0
3.3106488380000e-06;          0
3.3302908860000e-06;          0
3.3483133500000e-06;          0
3.3679554540000e-06;          0
3.3876156490000e-06;          0
3.4072577520000e-06;          0
3.4252802940000e-06;          0
3.4449221960000e-06;          0
3.4645825120000e-06;          0
3.4842247020000e-06;          0
3.5022470770000e-06;          0
3.5218892750000e-06;          0
3.5415493690000e-06;          0
3.5611913970000e-06;          0
3.5792138830000e-06;          0
3.5988558620000e-06;          0
3.6185159900000e-06;          0
3.6381571450000e-06;          0
3.6561878050000e-06;          0
3.6758218220000e-06;          0
3.6954899340000e-06;          0
3.7151241320000e-06;          0
3.7331547100000e-06;          0
3.7527887360000e-06;          0
3.7724568040000e-06;          0
3.7920908730000e-06;          0
3.8101213640000e-06;          0
3.8297553810000e-06;          0
3.8494236120000e-06;          0
3.8690577890000e-06;          0
3.8870882780000e-06;          0
3.9067226420000e-06;          0
3.9263908030000e-06;          0
3.9460250080000e-06;          0
3.9640554680000e-06;          0
3.9836906570000e-06;          0
4.0033507370000e-06;          0
4.0213552800000e-06;          0
4.0410154130000e-06;          0
4.0606575370000e-06;          0
4.0803174930000e-06;          0
4.0983221090000e-06;          0
4.1179822740000e-06;          0
4.1376243310000e-06;          0
4.1572847030000e-06;          0
4.1752890410000e-06;          0
4.1949490580000e-06;          0
4.2145911410000e-06;          0
4.2342512830000e-06;          0
4.2522558150000e-06;          0
4.2719158980000e-06;          0
4.2915581870000e-06;          0
4.3112180610000e-06;          0
4.3292226150000e-06;          0
4.3488828000000e-06;          0
4.3685239790000e-06;          0
4.3881921280000e-06;          0
4.4061885690000e-06;          0
4.4258567950000e-06;          0
4.4454908710000e-06;          0
4.4651589580000e-06;          0
4.4831556100000e-06;          0
4.5028236970000e-06;          0
4.5224578970000e-06;          0
4.5421259140000e-06;          0
4.5601224230000e-06;          0
4.5797904840000e-06;          0
4.5994245890000e-06;          0
4.6190929030000e-06;          0
4.6370894120000e-06;          0
4.6567575080000e-06;          0
4.6763914830000e-06;          0
4.6960594280000e-06;          0
4.7140569470000e-06;          0
4.7337171150000e-06;          0
4.7533591710000e-06;          0
4.7713818120000e-06;          0
4.7910239720000e-06;          0
4.8106840730000e-06;          0
4.8303260550000e-06;          0
4.8483485860000e-06;          0
4.8679907420000e-06;          0
4.8876508930000e-06;          0
4.9072928730000e-06;          0
4.9253153100000e-06;          0
4.9449574770000e-06;          0
4.9646174830000e-06;          0
4.9842596150000e-06;          0
5.0022821090000e-06;          0
5.0219243220000e-06;          0
5.0415842910000e-06;          0
5.0612251330000e-06;          0
5.0792555330000e-06;          0
5.0988896370000e-06;          0
5.1185578510000e-06;          0
5.1381918560000e-06;          0
5.1562224430000e-06;          0
5.1758566150000e-06;          0
5.1955247050000e-06;          0
5.2151587600000e-06;          0
5.2331892660000e-06;          0
5.2528232470000e-06;          0
5.2724913290000e-06;          0
5.2921254840000e-06;          0
5.3101558540000e-06;          0
5.3297899810000e-06;          0
5.3494580310000e-06;          0
5.3690921100000e-06;          0
5.3871226680000e-06;          0
5.4067567750000e-06;          0
5.4264249860000e-06;          0
5.4444224500000e-06;          0
5.4640824510000e-06;          0
5.4837246020000e-06;          0
5.5033847830000e-06;          0
5.5213893110000e-06;          0
5.5410494500000e-06;          0
5.5606913960000e-06;          0
5.5803516010000e-06;          0
5.5983560760000e-06;          0
5.6180161660000e-06;          0
5.6376581980000e-06;          0
5.6573183920000e-06;          0
5.6753228740000e-06;          0
5.6949830340000e-06;          0
5.7146249950000e-06;          0
5.7342850060000e-06;          0
5.7522896230000e-06;          0
5.7719497040000e-06;          0
5.7915908040000e-06;          0
5.8112589460000e-06;          0
5.8292553840000e-06;          0
5.8489234790000e-06;          0
5.8685575400000e-06;          0
5.8882257140000e-06;          0
5.9062221480000e-06;          0
5.9258903380000e-06;          0
5.9455243700000e-06;          0
5.9651922330000e-06;          0
5.9831887260000e-06;          0
6.0028568250000e-06;          0
6.0224909520000e-06;          0
6.0421590690000e-06;          0
6.0601556260000e-06;          0
6.0798237790000e-06;          0
6.0994577140000e-06;          0
6.1191258930000e-06;          0
6.1371233320000e-06;          0
6.1567834110000e-06;          0
6.1764255220000e-06;          0
6.1944480440000e-06;          0
6.2140900620000e-06;          0
6.2337502250000e-06;          0
6.2533921800000e-06;          0
6.2714146940000e-06;          0
6.2910567350000e-06;          0
6.3107169090000e-06;          0
6.3303588930000e-06;          0
6.3483812710000e-06;          0
6.3680233880000e-06;          0
6.3876833740000e-06;          0
6.4073257500000e-06;          0
6.4253482320000e-06;          0
6.4449901270000e-06;          0
6.4646503010000e-06;          0
6.4842924610000e-06;          0
6.5023148400000e-06;          0
6.5219557930000e-06;          0
6.5416240690000e-06;          0
6.5612582620000e-06;          0
6.5792888590000e-06;          0
6.5989227850000e-06;          0
6.6185909300000e-06;          0
6.6382249810000e-06;          0
6.6562554870000e-06;          0
6.6758894870000e-06;          0
6.6955517260000e-06;    -408352
6.7151795940000e-06;    -408352
6.7332043910000e-06;    -824260
6.7528322460000e-06;    -824260
6.7725066000000e-06;    -415908
6.7921476780000e-06;    -415908
6.8101881770000e-06;    -819020
6.8298331110000e-06;    -819020
6.8495093080000e-06;   -1219816
6.8675138750000e-06;   -1219816
6.8871844200000e-06;   -1620612
6.9068367260000e-06;   -1620612
6.9265191500000e-06;   -2021408
6.9445446060000e-06;   -2021408
6.9642298860000e-06;   -2422204
6.9838959030000e-06;   -2422204
7.0036009470000e-06;   -2800332
7.0216318200000e-06;   -2800332
7.0413428630000e-06;   -3178460
7.0610199760000e-06;   -3178460
7.0807312450000e-06;   -3549032
7.0987680410000e-06;   -3549032
7.1184810250000e-06;   -3899252
7.1381754330000e-06;   -3899252
7.1562630920000e-06;   -4254712
7.1759599980000e-06;   -4254712
7.1956982310000e-06;   -4602616
7.2137599630000e-06;   -4602616
7.2334980930000e-06;   -4930168
7.2532173340000e-06;   -4930168
7.2729705610000e-06;   -5255404
7.2910464030000e-06;   -5255404
7.3107968780000e-06;   -5573084
7.3305287510000e-06;   -5573084
7.3486466940000e-06;   -5870412
7.3683772530000e-06;   -5870412
7.3881372980000e-06;   -6165424
7.4062325080000e-06;   -6165424
7.4260030060000e-06;   -6455196
7.4457402900000e-06;   -6455196
7.4638675890000e-06;   -6742652
7.4836234110000e-06;   -6742652
7.5034076100000e-06;   -7024868
7.5215116500000e-06;   -7024868
7.5412956930000e-06;   -7291972
7.5610620980000e-06;   -7291972
7.5792084840000e-06;   -7564316
7.5989850230000e-06;   -7564316
7.6187876590000e-06;   -7816308
7.6369084620000e-06;   -7816308
7.6567029590000e-06;   -8058428
7.6764792490000e-06;   -8058428
7.6946318220000e-06;   -8302864
7.7144151450000e-06;   -8302864
7.7342290830000e-06;   -8539744
7.7523589710000e-06;   -8539744
7.7721799780000e-06;   -8769068
7.7919681150000e-06;   -8769068
7.8101365300000e-06;   -9003632
7.8299382580000e-06;   -9003632
7.8497603870000e-06;   -9225400
7.8679132100000e-06;   -9225400
7.8877412300000e-06;   -9432056
7.9075505430000e-06;   -9432056
7.9257395820000e-06;   -9646268
7.9455468590000e-06;   -9646268
7.9653883600000e-06;   -9845368
7.9835437530000e-06;   -9845368
8.0033890810000e-06;  -10042152
8.0215491570000e-06;  -10042152
8.0413896170000e-06;  -10233696
8.0612119280000e-06;  -10233696
8.0794077460000e-06;  -10425240
8.0992394100000e-06;  -10425240
8.1174373260000e-06;  -10609228
8.1372711590000e-06;  -10609228
8.1571215310000e-06;  -10785660
8.1753002230000e-06;  -10785660
8.1951515230000e-06;  -10954536
8.2149847580000e-06;  -10954536
8.2331889790000e-06;  -11130968
8.2530297880000e-06;  -11130968
8.2712341720000e-06;  -11299844
8.2910744960000e-06;  -11299844
8.3109396780000e-06;  -11468720
8.3291325250000e-06;  -11468720
8.3489979290000e-06;  -11630040
8.3688451970000e-06;  -11630040
8.3870615840000e-06;  -11783804
8.4069154880000e-06;  -11783804
8.4251310450000e-06;  -11937568
8.4449837470000e-06;  -11937568
8.4648594300000e-06;  -12083776
8.4830617940000e-06;  -12083776
8.5029460600000e-06;  -12237540
8.5228116520000e-06;  -12237540
8.5410515790000e-06;  -12376192
8.5609144720000e-06;  -12376192
8.5808095540000e-06;  -12507288
8.5990141730000e-06;  -12507288
8.6189126510000e-06;  -12638384
8.6371204680000e-06;  -12638384
8.6570219330000e-06;  -12764240
8.6752331440000e-06;  -12764240
8.6951226340000e-06;  -12887780
8.7149939460000e-06;  -12887780
8.7332376060000e-06;  -13011320
8.7531214940000e-06;  -13011320
8.7713614350000e-06;  -13134860
8.7912392740000e-06;  -13134860
8.8111464470000e-06;  -13250844
8.8293617230000e-06;  -13250844
8.8492708060000e-06;  -13366828
8.8691460900000e-06;  -13366828
8.8874017180000e-06;  -13482812
8.9072827310000e-06;  -13482812
8.9255317010000e-06;  -13586000
8.9454209150000e-06;  -13586000
8.9636711100000e-06;  -13694428
8.9835606170000e-06;  -13694428
9.0034806030000e-06;  -13795300
9.0217081140000e-06;  -13795300
9.0416288800000e-06;  -13896172
9.0598577890000e-06;  -13896172
9.0797802760000e-06;  -13991804
9.0996851630000e-06;  -13991804
9.1179420660000e-06;  -14092676
9.1378385950000e-06;  -14092676
9.1561027460000e-06;  -14178436
9.1759915210000e-06;  -14178436
9.1959242350000e-06;  -14271752
9.2141644090000e-06;  -14271752
9.2340878760000e-06;  -14367384
9.2523325360000e-06;  -14367384
9.2722663450000e-06;  -14445588
9.2921660910000e-06;  -14445588
9.3104394760000e-06;  -14531348
9.3303393220000e-06;  -14531348
9.3486116970000e-06;  -14611868
9.3685267400000e-06;  -14611868
9.3867978540000e-06;  -14697628
9.4067099610000e-06;  -14697628
9.4266502680000e-06;  -14768276
9.4448974160000e-06;  -14768276
9.4648281580000e-06;  -14841240
9.4830805080000e-06;  -14841240
9.5030181560000e-06;  -14919444
9.5229368650000e-06;  -14919444
9.5412193720000e-06;  -14990092
9.5611289320000e-06;  -14990092
9.5794042390000e-06;  -15055500
9.5993207340000e-06;  -15055500
9.6192713300000e-06;  -15126148
9.6375272070000e-06;  -15126148
9.6574744620000e-06;  -15196796
9.6757276210000e-06;  -15196796
9.6956736490000e-06;  -15254648
9.7139393110000e-06;  -15254648
9.7338904400000e-06;  -15317740
9.7521468310000e-06;  -15317740
9.7720888720000e-06;  -15380832
9.7920125990000e-06;  -15380832
9.8102989650000e-06;  -15438684
9.8302280880000e-06;  -15438684
9.8485193490000e-06;     -63092
9.8684383110000e-06;     -63092
9.8867264420000e-06;    -113388
9.9066574350000e-06;    -113388
9.9265459750000e-06;    -176480
9.9447418300000e-06;    -176480
9.9646188220000e-06;    -224460
9.9844611800000e-06;    -224460
1.0002684030000e-05;    -363112
1.0022528251000e-05;    -363112
1.0040752285000e-05;    -504080
1.0060597688000e-05;    -504080
1.0080480296000e-05;    -657844
1.0098673424000e-05;    -657844
1.0118559823000e-05;    -804052
1.0136757322000e-05;    -804052
1.0156639284000e-05;    -950260
1.0176503360000e-05;    -950260
1.0194723726000e-05;   -1088912
1.0214581023000e-05;   -1088912
1.0232804185000e-05;   -1220008
1.0252665265000e-05;   -1220008
1.0272547723000e-05;   -1366216
1.0290756366000e-05;   -1366216
1.0310635559000e-05;   -1504868
1.0330495437000e-05;   -1504868
1.0348729850000e-05;   -1635964
1.0368586667000e-05;   -1635964
1.0388470900000e-05;   -1774616
1.0406665181000e-05;   -1774616
1.0426552189000e-05;   -1905712
1.0444749530000e-05;   -1905712
1.0464639938000e-05;   -2051920
1.0484496643000e-05;   -2051920
1.0502734152000e-05;   -2185332
1.0522595114000e-05;   -2185332
1.0540827771000e-05;   -2316428
1.0560699525000e-05;   -2316428
1.0578926438000e-05;   -2455080
1.0598791039000e-05;   -2455080
1.0618676591000e-05;   -2578620
1.0636888127000e-05;   -2578620
1.0656777481000e-05;   -2709716
1.0676647914000e-05;   -2709716
1.0694885256000e-05;   -2840812
1.0714744781000e-05;   -2840812
1.0734641515000e-05;   -2964352
1.0752847699000e-05;   -2964352
1.0772737950000e-05;   -3095448
1.0790937570000e-05;   -3095448
1.0810830342000e-05;   -3226544
1.0830689026000e-05;   -3226544
1.0848928503000e-05;   -3352400
1.0868791711000e-05;   -3352400
1.0887026197000e-05;   -3483496
1.0906899624000e-05;   -3483496
1.0925137133000e-05;   -3614592
1.0945013755000e-05;   -3614592
1.0964901725000e-05;   -3738132
1.0983113783000e-05;   -3738132
1.1003012506000e-05;   -3861672
1.1022877289000e-05;   -3861672
1.1041122051000e-05;   -3985212
1.1060989911000e-05;   -3985212
1.1079231480000e-05;   -4108752
1.1099095549000e-05;   -4108752
1.1118996686000e-05;   -4227052
1.1137207785000e-05;   -4227052
1.1157104056000e-05;   -4350592
1.1175325260000e-05;   -4350592
1.1195214663000e-05;   -4474132
1.1215085730000e-05;   -4474132
1.1233320682000e-05;   -4590116
1.1253193635000e-05;   -4590116
1.1273096677000e-05;   -4713656
1.1291308484000e-05;   -4713656
1.1311214601000e-05;   -4837196
1.1329429208000e-05;   -4837196
1.1349338325000e-05;   -4960736
1.1367556874000e-05;   -4960736
1.1387461080000e-05;   -5071480
1.1407347402000e-05;   -5071480
1.1425587504000e-05;   -5187464
1.1445465480000e-05;   -5187464
1.1465373173000e-05;   -5288336
1.1483589379000e-05;   -5288336
1.1503493112000e-05;   -5404320
1.1521705708000e-05;   -5404320
1.1541611984000e-05;   -5520304
1.1559827879000e-05;   -5520304
1.1579729038000e-05;   -5638604
1.1599612309000e-05;   -5638604
1.1617858346000e-05;   -5754588
1.1637744610000e-05;   -5754588
1.1655984556000e-05;   -5863016
1.1675862467000e-05;   -5863016
1.1695770083000e-05;   -5971444
1.1713986200000e-05;   -5971444
1.1733896760000e-05;   -6087428
1.1753773072000e-05;   -6087428
1.1772028138000e-05;   -6198172
1.1791908208000e-05;   -6198172
1.1810157901000e-05;   -6306600
1.1830047976000e-05;   -6306600
1.1848291215000e-05;   -6415028
1.1868172758000e-05;   -6415028
1.1888083785000e-05;   -6523456
1.1906303099000e-05;   -6523456
1.1926217000000e-05;   -6631884
1.1944439888000e-05;   -6631884
1.1964348896000e-05;   -6735072
1.1984239554000e-05;   -6735072
1.2002486225000e-05;   -6843500
1.2022372690000e-05;   -6843500
1.2040621687000e-05;   -6944372
1.2060509741000e-05;   -6944372
1.2080427496000e-05;   -7052800
1.2098653082000e-05;   -7052800
1.2118563528000e-05;   -7153672
1.2136782637000e-05;   -7153672
1.2156687299000e-05;   -7256860
1.2176573906000e-05;   -7256860
1.2194822732000e-05;   -7365288
1.2214711105000e-05;   -7365288
1.2234628983000e-05;   -7473716
1.2252854365000e-05;   -7473716
1.2272774764000e-05;   -7574588
1.2291003698000e-05;   -7574588
1.2310919002000e-05;   -7670220
1.2329157617000e-05;   -7670220
1.2349065621000e-05;   -7771092
1.2368955016000e-05;   -7771092
1.2387206397000e-05;   -7864408
1.2407097414000e-05;   -7864408
1.2425359043000e-05;   -7972836
1.2445245703000e-05;   -7972836
1.2465168551000e-05;   -8073708
1.2483399540000e-05;   -8073708
1.2503310287000e-05;   -8169340
1.2521544486000e-05;   -8169340
1.2541457491000e-05;   -8262656
1.2561351492000e-05;   -8262656
1.2579616058000e-05;   -8363528
1.2599505581000e-05;   -8363528
1.2617763444000e-05;   -8464400
1.2637645901000e-05;   -8464400
1.2655897320000e-05;   -8552476
1.2675789171000e-05;   -8552476
1.2695701717000e-05;   -8653348
1.2713936778000e-05;   -8653348
1.2733859540000e-05;   -8754220
1.2753748340000e-05;   -8754220
1.2772014651000e-05;   -8855092
1.2791906939000e-05;   -8855092
1.2810167418000e-05;   -8943168
1.2830069281000e-05;   -8943168
1.2848332146000e-05;   -9036484
1.2868235638000e-05;   -9036484
1.2888158256000e-05;   -9129800
1.2906388797000e-05;   -9129800
1.2926305398000e-05;   -9215560
1.2944545000000e-05;   -9215560
1.2964464011000e-05;   -9303636
1.2984364073000e-05;   -9303636
1.3002633831000e-05;   -9396952
1.3022529288000e-05;   -9396952
1.3040795164000e-05;   -9490268
1.3060686520000e-05;   -9490268
1.3078946049000e-05;   -9570788
1.3098846717000e-05;   -9570788
1.3118767735000e-05;   -9664104
1.3137010538000e-05;   -9664104
1.3156941691000e-05;   -9757420
1.3176839068000e-05;   -9757420
1.3195103788000e-05;   -9843180
1.3214994030000e-05;   -9843180
1.3233252459000e-05;   -9923700
1.3253151867000e-05;   -9923700
1.3271412278000e-05;  -10017016
1.3291313048000e-05;  -10017016
1.3311242804000e-05;  -10110332
1.3329479973000e-05;  -10110332
1.3349404035000e-05;  -10203648
1.3367650517000e-05;  -10203648
1.3387576876000e-05;  -10284168
1.3407484320000e-05;  -10284168
1.3425761096000e-05;  -10369928
1.3445664015000e-05;  -10369928
1.3463933676000e-05;  -10448132
1.3483829007000e-05;  -10448132
1.3502091904000e-05;  -10528652
1.3521995611000e-05;  -10528652
1.3541928005000e-05;  -10614412
1.3560167121000e-05;  -10614412
1.3580101601000e-05;  -10700172
1.3598343405000e-05;  -10700172
1.3618265570000e-05;  -10780692
1.3638169419000e-05;  -10780692
1.3656433813000e-05;  -10858896
1.3676338836000e-05;  -10858896
1.3694613017000e-05;  -10944656
1.3714514100000e-05;  -10944656
1.3732781998000e-05;  -11030416
1.3752691870000e-05;  -11030416
1.3772621725000e-05;  -11110936
1.3790872932000e-05;  -11110936
1.3810803259000e-05;  -11189140
1.3830699005000e-05;  -11189140
1.3848971326000e-05;  -11267344
1.3868870145000e-05;  -11267344
1.3887136114000e-05;  -11347864
1.3907043020000e-05;  -11347864
1.3926978707000e-05;  -11433624
1.3945220695000e-05;  -11433624
1.3965158772000e-05;  -11519384
1.3983403646000e-05;  -11519384
1.4003335690000e-05;  -11592348
1.4021588304000e-05;  -11592348
1.4041530605000e-05;  -11670552
1.4061438780000e-05;  -11670552
1.4079722386000e-05;  -11741200
1.4099633496000e-05;  -11741200
1.4117901735000e-05;  -11814164
1.4137810531000e-05;  -11814164
1.4156087810000e-05;  -11877256
1.4175991291000e-05;  -11877256
1.4195930535000e-05;  -11963016
1.4214176431000e-05;  -11963016
1.4234109248000e-05;  -12035980
1.4252362731000e-05;  -12035980
1.4272299150000e-05;  -12106628
1.4292201219000e-05;  -12106628
1.4310478928000e-05;  -12184832
1.4330383813000e-05;  -12184832
1.4348655194000e-05;  -12257796
1.4368567784000e-05;  -12257796
1.4388509421000e-05;  -12336000
1.4406756746000e-05;  -12336000
1.4426700123000e-05;  -12414204
1.4444950079000e-05;  -12414204
1.4464877914000e-05;  -12479612
1.4483125879000e-05;  -12479612
1.4503062795000e-05;  -12550260
1.4522965781000e-05;  -12550260
1.4541244114000e-05;  -12636020
1.4561149724000e-05;  -12636020
1.4579421880000e-05;  -12708984
1.4599335461000e-05;  -12708984
1.4619278378000e-05;  -12779632
1.4637526418000e-05;  -12779632
1.4657470943000e-05;  -12857836
1.4675721791000e-05;  -12857836
1.4695660112000e-05;  -12923244
1.4713918512000e-05;  -12923244
1.4733866898000e-05;  -12993892
1.4753781156000e-05;  -12993892
1.4772069987000e-05;     -70648
1.4791986892000e-05;     -70648
1.4810260882000e-05;    -128500
1.4830175849000e-05;    -128500
1.4848400259000e-05;    -191592
1.4868243041000e-05;    -191592
1.4888121051000e-05;    -262240
1.4906310054000e-05;    -262240
1.4926189742000e-05;    -403208
1.4946035384000e-05;    -403208
1.4964261403000e-05;    -549416
1.4984108947000e-05;    -549416
1.5002338307000e-05;    -695624
1.5022190323000e-05;    -695624
1.5042070895000e-05;    -841832
1.5060277560000e-05;    -841832
1.5080161960000e-05;    -988040
1.5098372191000e-05;    -988040
1.5118250483000e-05;   -1119136
1.5138110320000e-05;   -1119136
1.5156335806000e-05;   -1250232
1.5176199612000e-05;   -1250232
1.5194422032000e-05;   -1396440
1.5214280847000e-05;   -1396440
1.5234170250000e-05;   -1527536
1.5252369405000e-05;   -1527536
1.5272262256000e-05;   -1666188
1.5292121505000e-05;   -1666188
1.5310352171000e-05;   -1804840
1.5330204255000e-05;   -1804840
1.5348437703000e-05;   -1935936
1.5368293479000e-05;   -1935936
1.5388186708000e-05;   -2069348
1.5406390665000e-05;   -2069348
1.5426279271000e-05;   -2208000
1.5444493175000e-05;   -2208000
1.5464375351000e-05;   -2339096
1.5484239000000e-05;   -2339096
1.5502467849000e-05;   -2462636
1.5522335112000e-05;   -2462636
1.5540567014000e-05;   -2593732
1.5560436677000e-05;   -2593732
1.5580329984000e-05;   -2732384
1.5598532604000e-05;   -2732384
1.5618428773000e-05;   -2855924
1.5638291225000e-05;   -2855924
1.5656525168000e-05;   -2987020
1.5676380439000e-05;   -2987020
1.5694616762000e-05;   -3118116
1.5714475539000e-05;   -3118116
1.5734371565000e-05;   -3243972
1.5752578130000e-05;   -3243972
1.5772469824000e-05;   -3375068
1.5790686741000e-05;   -3375068
1.5810581806000e-05;   -3506164
1.5830458982000e-05;   -3506164
1.5848690875000e-05;   -3629704
1.5868559823000e-05;   -3629704
1.5888459220000e-05;   -3753244
1.5906667687000e-05;   -3753244
1.5926570464000e-05;   -3876784
1.5944782089000e-05;   -3876784
1.5964681695000e-05;   -4000324
1.5982891154000e-05;   -4000324
1.6002785663000e-05;   -4118624
1.6022662198000e-05;   -4118624
1.6040902435000e-05;   -4242164
1.6060782510000e-05;   -4242164
1.6079016583000e-05;   -4358148
1.6098889088000e-05;   -4358148
1.6118782831000e-05;   -4474132
1.6137000799000e-05;   -4474132
1.6156905831000e-05;   -4597672
1.6176776867000e-05;   -4597672
1.6195027231000e-05;   -4721212
1.6214902433000e-05;   -4721212
1.6233147791000e-05;   -4831956
1.6253033605000e-05;   -4831956
1.6271273214000e-05;   -4947940
1.6291151785000e-05;   -4947940
1.6311051036000e-05;   -5056368
1.6329274077000e-05;   -5056368
1.6349177773000e-05;   -5172352
1.6369047352000e-05;   -5172352
1.6387296618000e-05;   -5288336
1.6407169282000e-05;   -5288336
1.6425421230000e-05;   -5404320
1.6445298090000e-05;   -5404320
1.6463536160000e-05;   -5515064
1.6483412849000e-05;   -5515064
1.6503310494000e-05;   -5623492
1.6521532744000e-05;   -5623492
1.6541433541000e-05;   -5739476
1.6561315449000e-05;   -5739476
1.6579569417000e-05;   -5863016
1.6599447386000e-05;   -5863016
1.6617704174000e-05;   -5971444
1.6637586265000e-05;   -5971444
1.6655838249000e-05;   -6074632
1.6675730759000e-05;   -6074632
1.6695634353000e-05;   -6183060
1.6713861651000e-05;   -6183060
1.6733767563000e-05;   -6283932
1.6753654775000e-05;   -6283932
1.6771907176000e-05;   -6392360
1.6791783304000e-05;   -6392360
1.6810038205000e-05;   -6500788
1.6829918029000e-05;   -6500788
1.6848167560000e-05;   -6603976
1.6868057613000e-05;   -6603976
1.6887958727000e-05;   -6712404
1.6906182787000e-05;   -6712404
1.6926094180000e-05;   -6820832
1.6945971735000e-05;   -6820832
1.6964227910000e-05;   -6929260
1.6984108595000e-05;   -6929260
1.7002367920000e-05;   -7037688
1.7022252604000e-05;   -7037688
1.7040506588000e-05;   -7140876
1.7060401248000e-05;   -7140876
1.7080316971000e-05;   -7241748
1.7098555034000e-05;   -7241748
1.7118471896000e-05;   -7342620
1.7138354253000e-05;   -7342620
1.7156614920000e-05;   -7435936
1.7176501107000e-05;   -7435936
1.7194756448000e-05;   -7531568
1.7214652690000e-05;   -7531568
1.7232904650000e-05;   -7632440
1.7252795461000e-05;   -7632440
1.7272716104000e-05;   -7725756
1.7290944105000e-05;   -7725756
1.7310867691000e-05;   -7826628
1.7329099786000e-05;   -7826628
1.7349008143000e-05;   -7922260
1.7368898225000e-05;   -7922260
1.7387150435000e-05;   -8015576
1.7407042446000e-05;   -8015576
1.7426963955000e-05;   -8124004
1.7445192901000e-05;   -8124004
1.7465117555000e-05;   -8217320
1.7483350118000e-05;   -8217320
1.7503269583000e-05;   -8312952
1.7521512072000e-05;   -8312952
1.7541434341000e-05;   -8406268
1.7561337649000e-05;   -8406268
1.7579602259000e-05;   -8499584
1.7599491409000e-05;   -8499584
1.7617757857000e-05;   -8585344
1.7637650243000e-05;   -8585344
1.7655911215000e-05;   -8673420
1.7675813621000e-05;   -8673420
1.7695729956000e-05;   -8766736
1.7713967974000e-05;   -8766736
1.7733894426000e-05;   -8852496
1.7752128865000e-05;   -8852496
1.7772050107000e-05;   -8953368
1.7791953659000e-05;   -8953368
1.7810209007000e-05;   -9041444
1.7830103590000e-05;   -9041444
1.7850028001000e-05;   -9127204
1.7868259585000e-05;   -9127204
1.7888186735000e-05;   -9220520
1.7906421796000e-05;   -9220520
1.7926343751000e-05;   -9308596
1.7944588172000e-05;   -9308596
1.7964512605000e-05;   -9401912
1.7984418414000e-05;   -9401912
1.8002693759000e-05;   -9487672
1.8022595113000e-05;   -9487672
1.8040864176000e-05;   -9573432
1.8060758947000e-05;   -9573432
1.8079021758000e-05;   -9646396
1.8098925252000e-05;   -9646396
1.8118858266000e-05;   -9732156
1.8137097669000e-05;   -9732156
1.8157033022000e-05;   -9817916
1.8175275473000e-05;   -9817916
1.8195198782000e-05;   -9898436
1.8215103739000e-05;   -9898436
1.8233369528000e-05;   -9976640
1.8253276308000e-05;   -9976640
1.8271552586000e-05;  -10069956
1.8291455976000e-05;  -10069956
1.8309717362000e-05;  -10142920
1.8329619615000e-05;  -10142920
1.8349542566000e-05;  -10221124
1.8367787039000e-05;  -10221124
1.8387720463000e-05;  -10314440
1.8407619959000e-05;  -10314440
1.8425895730000e-05;  -10392644
1.8445798597000e-05;  -10392644
1.8464069219000e-05;  -10473164
1.8483981082000e-05;  -10473164
1.8502261951000e-05;  -10558924
1.8522169302000e-05;  -10558924
1.8542113129000e-05;  -10629572
1.8560363463000e-05;  -10629572
1.8580292138000e-05;  -10702536
1.8598541147000e-05;  -10702536
1.8618479554000e-05;  -10773184
1.8638383990000e-05;  -10773184
1.8656664362000e-05;  -10851388
1.8676572167000e-05;  -10851388
1.8694840689000e-05;  -10924352
1.8714749822000e-05;  -10924352
1.8733028169000e-05;  -10995000
1.8752932853000e-05;  -10995000
1.8772873716000e-05;  -11073204
1.8791121456000e-05;  -11073204
1.8811056757000e-05;  -11146168
1.8829312616000e-05;  -11146168
1.8849248602000e-05;  -11224372
1.8869150189000e-05;  -11224372
1.8887427733000e-05;  -11287464
1.8907332600000e-05;  -11287464
1.8925604517000e-05;  -11367984
1.8945517942000e-05;  -11367984
1.8963800052000e-05;  -11446188
1.8983708604000e-05;  -11446188
1.9003653701000e-05;  -11516836
1.9021905005000e-05;  -11516836
1.9041844831000e-05;  -11589800
1.9060104523000e-05;  -11589800
1.9080054455000e-05;  -11660448
1.9098310371000e-05;  -11660448
1.9118244958000e-05;  -11723540
1.9138161066000e-05;  -11723540
1.9156436617000e-05;  -11781392
1.9176353914000e-05;  -11781392
1.9194639614000e-05;  -11852040
1.9214553228000e-05;  -11852040
1.9232832759000e-05;  -11917448
1.9252754509000e-05;  -11917448
1.9272699032000e-05;  -11988096
1.9290948503000e-05;  -11988096
1.9310894583000e-05;  -12051188
1.9329147063000e-05;  -12051188
1.9349087628000e-05;  -12116596
1.9369009304000e-05;  -12116596
1.9387298939000e-05;  -12179688
1.9407216055000e-05;  -12179688
1.9425498745000e-05;  -12242780
1.9445408271000e-05;  -12242780
1.9463684267000e-05;  -12308188
1.9483601996000e-05;  -12308188
1.9503548723000e-05;  -12378836
1.9521801914000e-05;  -12378836
1.9541743185000e-05;  -12449484
1.9560005631000e-05;  -12449484
1.9579949038000e-05;  -12507336
1.9599873717000e-05;  -12507336
1.9618166324000e-05;  -12570428
1.9638087336000e-05;  -12570428
1.9656373805000e-05;  -12628280
1.9676302906000e-05;  -12628280
1.9694590279000e-05;  -12683816
1.9714505018000e-05;  -12683816
1.9732785773000e-05;  -12739352
1.9752709538000e-05;  -12739352
1.9772653541000e-05;  -12804760
1.9790917142000e-05;  -12804760
1.9810870942000e-05;  -12867852
1.9829130447000e-05;  -12867852
1.9849072070000e-05;  -12925704
1.9868994417000e-05;  -12925704
1.9887284622000e-05;  -12981240
1.9907202175000e-05;  -12981240
1.9925494554000e-05;  -13044332
1.9945415154000e-05;  -13044332
1.9963701334000e-05;  -13102184
1.9983630022000e-05;  -13102184
2.0003578021000e-05;  -13157720
2.0021831548000e-05;  -13157720
2.0041773018000e-05;  -13208016
2.0060034612000e-05;  -13208016
2.0079986216000e-05;  -13278664
2.0099903901000e-05;  -13278664
2.0118195934000e-05;  -13341756
2.0138116513000e-05;  -13341756
2.0156402963000e-05;  -13399608
2.0176332119000e-05;  -13399608
2.0194628514000e-05;  -13455144
2.0214553763000e-05;  -13455144
2.0232844108000e-05;  -13510680
2.0252777603000e-05;  -13510680
2.0272740037000e-05;  -13560976
2.0291007435000e-05;  -13560976
2.0310953951000e-05;  -13608956
2.0329220664000e-05;  -13608956
2.0349168593000e-05;  -13651696
2.0369097663000e-05;  -13651696
2.0387393868000e-05;  -13714788
2.0407318749000e-05;  -13714788
2.0425608533000e-05;  -13765084
2.0445541169000e-05;  -13765084
2.0463841141000e-05;  -13820620
2.0483770107000e-05;  -13820620
2.0502057607000e-05;  -13868600
2.0521987566000e-05;  -13868600
2.0541946627000e-05;  -13911340
2.0560209677000e-05;  -13911340
2.0580170549000e-05;  -13966876
2.0598436421000e-05;  -13966876
2.0618391134000e-05;  -14017172
2.0638326861000e-05;  -14017172
2.0656620301000e-05;  -14065152
2.0676541637000e-05;  -14065152
2.0694828123000e-05;  -14107892
2.0714757567000e-05;  -14107892
2.0733053946000e-05;  -14163428
2.0752979231000e-05;  -14163428
2.0771269342000e-05;  -14218964
2.0791203262000e-05;  -14218964
2.0811157399000e-05;  -14269260
2.0829430319000e-05;  -14269260
2.0849394452000e-05;  -14317240
2.0867663362000e-05;  -14317240
2.0887621610000e-05;  -14359980
2.0907560731000e-05;  -14359980
2.0925866266000e-05;  -14407960
2.0945801420000e-05;  -14407960
2.0964100710000e-05;  -14450700
2.0984043823000e-05;  -14450700
2.1002343951000e-05;  -14491124
2.1022272540000e-05;  -14491124
2.1040565433000e-05;  -14531548
2.1060501773000e-05;  -14531548
2.1080466661000e-05;  -14574288
2.1098736192000e-05;  -14574288
2.1118694747000e-05;  -14622268
2.1136971880000e-05;  -14622268
2.1156940538000e-05;  -14665008
2.1175213425000e-05;  -14665008
2.1195169070000e-05;  -14705432
2.1215106574000e-05;  -14705432
2.1233401306000e-05;  -14740616
2.1253339613000e-05;  -14740616
2.1271644042000e-05;  -14788596
2.1291578199000e-05;  -14788596
2.1309876090000e-05;  -14823780
2.1329817779000e-05;  -14823780
2.1349778355000e-05;  -14871760
2.1368043527000e-05;  -14871760
2.1387997178000e-05;  -14906944
2.1406269897000e-05;  -14906944
2.1426233260000e-05;  -14954924
2.1444501765000e-05;  -14954924
2.1464458951000e-05;  -15002904
2.1484397320000e-05;  -15002904
2.1502701949000e-05;  -15045644
2.1522636449000e-05;  -15045644
2.1540935069000e-05;  -15093624
2.1560877313000e-05;  -15093624
2.1579185398000e-05;  -15128808
2.1599123545000e-05;  -15128808
2.1617425555000e-05;  -15169232
2.1637371601000e-05;  -15169232
2.1657346319000e-05;  -15204416
2.1675624774000e-05;  -15204416
2.1695593257000e-05;  -15237284
2.1713879710000e-05;  -15237284
2.1733847849000e-05;  -15264912
2.1753781433000e-05;  -15264912
2.1772087820000e-05;  -15297780
2.1792024013000e-05;  -15297780
2.1810323809000e-05;  -15332964
2.1830267329000e-05;  -15332964
2.1848576640000e-05;  -15373388
2.1868515918000e-05;  -15373388
2.1886818834000e-05;  -15408572
2.1906765805000e-05;  -15408572
2.1926734914000e-05;  -15448996
2.1945007994000e-05;  -15448996
2.1964970347000e-05;  -15476624
2.1983251031000e-05;  -15476624
2.2003223133000e-05;  -15517048
2.2021499320000e-05;  -15517048
2.2041464804000e-05;  -15552232
2.2061411359000e-05;  -15552232
2.2079723496000e-05;  -15585100
2.2099665998000e-05;  -15585100
2.2117962615000e-05;  -15612728
2.2137902160000e-05;  -15612728
2.2156207515000e-05;  -15645596
2.2176142796000e-05;  -15645596
2.2194441605000e-05;  -15688336
2.2214384396000e-05;  -15688336
2.2234355620000e-05;  -15728760
2.2252631006000e-05;  -15728760
2.2272596118000e-05;  -15769184
2.2290879119000e-05;  -15769184
2.2310854068000e-05;  -15796812
2.2329132937000e-05;  -15796812
2.2349101726000e-05;  -15837236
2.2369051531000e-05;  -15837236
2.2387366297000e-05;  -15864864
2.2407311551000e-05;  -15864864
2.2425620073000e-05;  -15897732
2.2445573050000e-05;  -15897732
2.2463891003000e-05;  -15917804
2.2483839617000e-05;  -15917804
2.2502151043000e-05;  -15950672
2.2522107377000e-05;  -15950672
2.2542082375000e-05;  -15970744
2.2560360569000e-05;  -15970744
2.2580328614000e-05;  -15983260
2.2598614313000e-05;  -15983260
2.2618591483000e-05;  -16016128
2.2636872383000e-05;  -16016128
2.2656842673000e-05;  -16043756
2.2676793924000e-05;  -16043756
2.2695110171000e-05;  -16076624
2.2715057393000e-05;  -16076624
2.2733367106000e-05;  -16104252
2.2753321606000e-05;  -16104252
2.2771634429000e-05;  -16129564
2.2791577154000e-05;  -16129564
2.2809882917000e-05;  -16149636
2.2829833317000e-05;  -16149636
2.2849811877000e-05;  -16182504
2.2868093984000e-05;  -16182504
2.2888065979000e-05;  -16210132
2.2906355636000e-05;  -16210132
2.2926337332000e-05;  -16235444
2.2944622213000e-05;  -16235444
2.2964597631000e-05;  -16263072
2.2984553811000e-05;  -16263072
2.3002865750000e-05;  -16280828
2.3022807204000e-05;  -16280828
2.3041111861000e-05;  -16300900
2.3061060763000e-05;  -16300900
2.3079374459000e-05;  -16333768
2.3099318769000e-05;  -16333768
2.3117625970000e-05;  -16361396
2.3137578570000e-05;  -16361396
2.3155887203000e-05;  -16394264
2.3175840358000e-05;  -16394264
2.3195822052000e-05;  -16414336
2.3214106935000e-05;  -16414336
2.3234082244000e-05;  -16439648
2.3252374873000e-05;  -16439648
2.3272359604000e-05;  -16467276
2.3290647505000e-05;  -16467276
2.3310625447000e-05;  -16485032
2.3330584650000e-05;  -16485032
2.3348908188000e-05;  -16505104
2.3368862977000e-05;  -16505104
2.3387179734000e-05;  -16522860
2.3407141564000e-05;  -16522860
2.3425458443000e-05;  -16535376
2.3445405090000e-05;  -16535376
2.3463714339000e-05;  -16547892
2.3483668602000e-05;  -16547892
2.3503650818000e-05;  -16573204
2.3521936234000e-05;  -16573204
2.3541911478000e-05;  -16600832
2.3560204033000e-05;  -16600832
2.3580188714000e-05;  -16626144
2.3598476618000e-05;  -16626144
2.3618454946000e-05;  -16638660
2.3636751185000e-05;  -16638660
2.3656730941000e-05;  -16663972
2.3676692012000e-05;  -16663972
2.3695010391000e-05;  -16676488
2.3714959397000e-05;  -16676488
2.3733270785000e-05;  -16694244
2.3753227362000e-05;  -16694244
2.3771547959000e-05;  -16714316
2.3791499649000e-05;  -16714316
2.3809813416000e-05;  -16739628
2.3829772331000e-05;  -16739628
2.3849759691000e-05;  -16752144
2.3868049737000e-05;  -16752144
2.3888030359000e-05;  -16777456
2.3906327697000e-05;  -16777456
2.3926317764000e-05;  -16789972
2.3944610489000e-05;  -16789972
2.3964583903000e-05;  -16802488
2.3984537683000e-05;  -16802488
2.4002855957000e-05;  -16812688
2.4022804990000e-05;  -16812688
2.4041116050000e-05;  -16832760
2.4061073221000e-05;  -16832760
2.4079385371000e-05;  -16858072
2.4099342532000e-05;  -16858072
2.4117664113000e-05;  -16885700
2.4137616436000e-05;  -16885700
2.4155931297000e-05;  -16903456
2.4175891275000e-05;  -16903456
2.4195879788000e-05;  -16923528
2.4214171065000e-05;  -16923528
2.4234152865000e-05;  -16933728
2.4252451370000e-05;  -16933728
2.4272442780000e-05;  -16953800
2.4290736555000e-05;  -16953800
2.4310720836000e-05;  -16958760
2.4330686042000e-05;  -16958760
2.4349015054000e-05;  -16976516
2.4368974628000e-05;  -16976516
2.4387304445000e-05;  -16981476
2.4407266082000e-05;  -16981476
2.4425589044000e-05;  -16991676
2.4445558268000e-05;  -16991676
2.4463881240000e-05;  -16996636
2.4483834685000e-05;  -16996636
2.4502149997000e-05;  -17006836
2.4522110661000e-05;  -17006836
2.4542099101000e-05;  -17019352
2.4560390322000e-05;  -17019352
2.4580371917000e-05;  -17031868
2.4598670137000e-05;  -17031868
2.4618659834000e-05;     -17756
2.4636952162000e-05;     -17756
2.4656934701000e-05;     -30272
2.4675234797000e-05;     -30272
2.4695217259000e-05;     -48028
2.4715180894000e-05;     -48028
2.4733505601000e-05;     -60544
2.4753461202000e-05;     -60544
2.4771783909000e-05;     -70744
2.4791752177000e-05;     -70744
2.4810077369000e-05;     -83260
2.4830033461000e-05;     -83260
2.4848342947000e-05;     -88220
2.4868296882000e-05;     -88220
2.4888284428000e-05;     -98420
2.4906575251000e-05;     -98420
2.4926553860000e-05;    -118492
2.4944849040000e-05;    -118492
2.4964823345000e-05;    -143804
2.4983100865000e-05;    -143804
2.5003070479000e-05;    -156320
2.5021358739000e-05;    -156320
2.5041325538000e-05;    -189188
2.5061274287000e-05;    -189188
2.5079575450000e-05;    -216816
2.5099520645000e-05;    -216816
2.5117825163000e-05;    -249684
2.5137758917000e-05;    -249684
2.5156053963000e-05;    -277312
2.5175992642000e-05;    -277312
2.5195958015000e-05;    -325292
2.5214227923000e-05;    -325292
2.5234182710000e-05;    -360476
2.5252456002000e-05;    -360476
2.5272420272000e-05;    -408456
2.5290689209000e-05;    -408456
2.5310637940000e-05;    -443640
2.5330567359000e-05;    -443640
2.5348865482000e-05;    -491620
2.5368792568000e-05;    -491620
2.5387083768000e-05;    -547156
2.5407017936000e-05;    -547156
2.5426974096000e-05;    -597452
2.5445234461000e-05;    -597452
2.5465196360000e-05;    -645432
2.5483463294000e-05;    -645432
2.5503413910000e-05;    -695728
2.5521683644000e-05;    -695728
2.5541639258000e-05;    -743708
2.5559900088000e-05;    -743708
2.5579845487000e-05;    -794004
2.5599771410000e-05;    -794004
2.5618061278000e-05;    -849540
2.5637978208000e-05;    -849540
2.5656266415000e-05;    -905076
2.5676182793000e-05;    -905076
2.5694462077000e-05;    -962928
2.5714383038000e-05;    -962928
2.5734330316000e-05;   -1026020
2.5752583551000e-05;   -1026020
2.5772532199000e-05;   -1096668
2.5790800597000e-05;   -1096668
2.5810757340000e-05;   -1154520
2.5830679705000e-05;   -1154520
2.5848974611000e-05;   -1210056
2.5868897912000e-05;   -1210056
2.5887184530000e-05;   -1260352
2.5907113740000e-05;   -1260352
2.5925408468000e-05;   -1315888
2.5945331592000e-05;   -1315888
2.5963618388000e-05;   -1371424
2.5983547742000e-05;   -1371424
2.6003504414000e-05;   -1421720
2.6021765526000e-05;   -1421720
2.6041722967000e-05;   -1477256
2.6059985417000e-05;   -1477256
2.6079934969000e-05;   -1527552
2.6099865668000e-05;   -1527552
2.6118152811000e-05;   -1583088
2.6138067141000e-05;   -1583088
2.6156346029000e-05;   -1633384
2.6176267064000e-05;   -1633384
2.6194554778000e-05;   -1696476
2.6214469289000e-05;   -1696476
2.6234418437000e-05;   -1759568
2.6252673678000e-05;   -1759568
2.6272615643000e-05;   -1824976
2.6290877388000e-05;   -1824976
2.6310827840000e-05;   -1888068
2.6329084180000e-05;   -1888068
2.6349027518000e-05;   -1951160
2.6368952694000e-05;   -1951160
2.6387235293000e-05;   -2009012
2.6407160339000e-05;   -2009012
2.6425451703000e-05;   -2072104
2.6445371426000e-05;   -2072104
2.6463655414000e-05;   -2122400
2.6483581859000e-05;   -2122400
2.6503536011000e-05;   -2185492
2.6521795646000e-05;   -2185492
2.6541742830000e-05;   -2241028
2.6560010149000e-05;   -2241028
2.6579957893000e-05;   -2298880
2.6599886587000e-05;   -2298880
2.6618181470000e-05;   -2354416
2.6638104732000e-05;   -2354416
2.6656392338000e-05;   -2404712
2.6676322637000e-05;   -2404712
2.6694619083000e-05;   -2460248
2.6714544272000e-05;   -2460248
2.6732833336000e-05;   -2515784
2.6752765180000e-05;   -2515784
2.6772724827000e-05;   -2566080
2.6790988647000e-05;   -2566080
2.6810949132000e-05;   -2614060
2.6829214726000e-05;   -2614060
2.6849168159000e-05;   -2664356
2.6869102698000e-05;   -2664356
2.6887402821000e-05;   -2712336
2.6907331997000e-05;   -2712336
2.6925624827000e-05;   -2755076
2.6945560940000e-05;   -2755076
2.6963862423000e-05;   -2803056
2.6983793476000e-05;   -2803056
2.7002078748000e-05;   -2851036
2.7022005936000e-05;   -2851036
2.7041960900000e-05;   -2893776
2.7060220289000e-05;   -2893776
2.7080176073000e-05;   -2949312
2.7098437303000e-05;   -2949312
2.7118385741000e-05;   -3007164
2.7138315452000e-05;   -3007164
2.7156610980000e-05;   -3062700
2.7176535301000e-05;   -3062700
2.7194823686000e-05;   -3112996
2.7214754811000e-05;   -3112996
2.7233052095000e-05;   -3168532
2.7252978094000e-05;   -3168532
2.7271268034000e-05;   -3216512
2.7291201737000e-05;   -3216512
2.7311154198000e-05;   -3266808
2.7329425841000e-05;   -3266808
2.7349387274000e-05;   -3322344
2.7367653704000e-05;   -3322344
2.7387600980000e-05;   -3365084
2.7407528985000e-05;   -3365084
2.7425823364000e-05;   -3413064
2.7445746100000e-05;   -3413064
2.7464033187000e-05;   -3468600
2.7483963105000e-05;   -3468600
2.7502258861000e-05;   -3518896
2.7522182443000e-05;   -3518896
2.7542140719000e-05;   -3574432
2.7560404243000e-05;   -3574432
2.7580355153000e-05;   -3624728
2.7598625397000e-05;   -3624728
2.7618585204000e-05;   -3680264
2.7636850339000e-05;   -3680264
2.7656802905000e-05;   -3723004
2.7676736622000e-05;   -3723004
2.7695036157000e-05;   -3778540
2.7714964688000e-05;   -3778540
2.7733256771000e-05;   -3826520
2.7753191916000e-05;   -3826520
2.7771492997000e-05;   -3876816
2.7791422876000e-05;   -3876816
2.7809716522000e-05;   -3917240
2.7829654467000e-05;   -3917240
2.7849601176000e-05;   -3967536
2.7867866834000e-05;   -3967536
2.7887821765000e-05;   -4007960
2.7906082186000e-05;   -4007960
2.7926029913000e-05;   -4058256
2.7945958799000e-05;   -4058256
2.7964253738000e-05;   -4121348
2.7984177374000e-05;   -4121348
2.8002465042000e-05;   -4176884
2.8022395469000e-05;   -4176884
2.8042353739000e-05;   -4227180
2.8060616236000e-05;   -4227180
2.8080575126000e-05;   -4275160
2.8098839355000e-05;   -4275160
2.8118791209000e-05;   -4325456
2.8137062269000e-05;   -4325456
2.8157022643000e-05;   -4380992
2.8175288437000e-05;   -4380992
2.8195241964000e-05;   -4423732
2.8215176673000e-05;   -4423732
2.8233476811000e-05;   -4479268
2.8253406279000e-05;   -4479268
2.8271699293000e-05;   -4527248
2.8291635566000e-05;   -4527248
2.8309937219000e-05;   -4569988
2.8329867373000e-05;   -4569988
2.8349832193000e-05;   -4617968
2.8368101879000e-05;   -4617968
2.8388059295000e-05;   -4660708
2.8406335519000e-05;   -4660708
2.8426302051000e-05;   -4701132
2.8444572990000e-05;   -4701132
2.8464532288000e-05;   -4743872
2.8484472690000e-05;   -4743872
2.8502778150000e-05;   -4784296
2.8522713444000e-05;   -4784296
2.8541011861000e-05;   -4827036
2.8560953961000e-05;   -4827036
2.8579261166000e-05;   -4867460
2.8599198219000e-05;   -4867460
2.8617489086000e-05;   -4907884
2.8637422294000e-05;   -4907884
2.8657383238000e-05;   -4943068
2.8675649344000e-05;   -4943068
2.8695603411000e-05;   -4991048
2.8713876198000e-05;   -4991048
2.8733838909000e-05;   -5033788
2.8753767599000e-05;   -5033788
2.8772068882000e-05;   -5081768
2.8791999232000e-05;   -5081768
2.8810293322000e-05;   -5124508
2.8830230581000e-05;   -5124508
2.8848533450000e-05;   -5172488
2.8868465497000e-05;   -5172488
2.8886760808000e-05;   -5215228
2.8906699889000e-05;   -5215228
2.8926666601000e-05;   -5263208
2.8944937942000e-05;   -5263208
2.8964897482000e-05;   -5303632
2.8983175552000e-05;   -5303632
2.9003143701000e-05;   -5338816
2.9021416507000e-05;   -5338816
2.9041370814000e-05;   -5386796
2.9061305912000e-05;   -5386796
2.9079606445000e-05;   -5421980
2.9099536390000e-05;   -5421980
2.9117829913000e-05;   -5469960
2.9137767599000e-05;   -5469960
2.9156061764000e-05;   -5512700
2.9175999208000e-05;   -5512700
2.9195964502000e-05;   -5560680
2.9214234393000e-05;   -5560680
2.9234192490000e-05;   -5595864
2.9252469213000e-05;   -5595864
2.9272435902000e-05;   -5643844
2.9290707318000e-05;   -5643844
2.9310667021000e-05;   -5686584
2.9330607746000e-05;   -5686584
2.9348913430000e-05;   -5727008
2.9368849021000e-05;   -5727008
2.9387147530000e-05;   -5767432
2.9407089911000e-05;   -5767432
2.9425397305000e-05;   -5802616
2.9445334603000e-05;   -5802616
2.9463625700000e-05;   -5843040
2.9483559087000e-05;   -5843040
2.9503520369000e-05;   -5878224
2.9521786598000e-05;   -5878224
2.9541740509000e-05;   -5926204
2.9560014499000e-05;   -5926204
2.9579969370000e-05;   -5976500
2.9599905172000e-05;   -5976500
2.9618206707000e-05;   -6024480
2.9638137258000e-05;   -6024480
2.9656431383000e-05;   -6067220
2.9676368791000e-05;   -6067220
2.9694671678000e-05;   -6115200
2.9714603702000e-05;   -6115200
2.9732899411000e-05;   -6150384
2.9752838527000e-05;   -6150384
2.9772805306000e-05;   -6198364
2.9791076812000e-05;   -6198364
2.9811036550000e-05;   -6246344
2.9829314949000e-05;   -6246344
2.9849283475000e-05;   -6281528
2.9867556217000e-05;   -6281528
2.9887517643000e-05;   -6321952
2.9907460052000e-05;   -6321952
2.9925767463000e-05;   -6357136
2.9945704812000e-05;   -6357136
2.9964005079000e-05;   -6397560
2.9983949085000e-05;   -6397560
3.0002258043000e-05;   -6432744
3.0022196910000e-05;   -6432744
3.0040498576000e-05;   -6465612
3.0060444267000e-05;   -6465612
3.0080417729000e-05;   -6500796
3.0098694379000e-05;   -6500796
3.0118668696000e-05;   -6533664
3.0136947152000e-05;   -6533664
3.0156914257000e-05;   -6568848
3.0176862608000e-05;   -6568848
3.0195175265000e-05;   -6601716
3.0215118595000e-05;   -6601716
3.0233424173000e-05;   -6629344
3.0253375154000e-05;   -6629344
3.0271672391000e-05;   -6662212
3.0291613541000e-05;   -6662212
3.0309911022000e-05;   -6689840
3.0329852104000e-05;   -6689840
3.0349820865000e-05;   -6730264
3.0368094037000e-05;   -6730264
3.0388055448000e-05;   -6765448
3.0406335306000e-05;   -6765448
3.0426305681000e-05;   -6805872
3.0444580229000e-05;   -6805872
3.0464543331000e-05;   -6841056
3.0484487577000e-05;   -6841056
3.0502796639000e-05;   -6881480
3.0522735551000e-05;   -6881480
3.0541037335000e-05;   -6909108
3.0560983114000e-05;   -6909108
3.0579293508000e-05;   -6949532
3.0599233967000e-05;   -6949532
3.0617537248000e-05;   -6977160
3.0637484776000e-05;   -6977160
3.0657453319000e-05;   -7017584
3.0675725944000e-05;   -7017584
3.0695686668000e-05;   -7045212
3.0713965796000e-05;   -7045212
3.0733935432000e-05;   -7085636
3.0752209300000e-05;   -7085636
3.0772171557000e-05;   -7126060
3.0792115019000e-05;   -7126060
3.0810423414000e-05;   -7161244
3.0830361660000e-05;   -7161244
3.0848662520000e-05;   -7201668
3.0868607621000e-05;   -7201668
3.0886917381000e-05;   -7229296
3.0906857321000e-05;   -7229296
3.0925159783000e-05;   -7269720
3.0945106432000e-05;   -7269720
3.0965081063000e-05;   -7304904
3.0983359346000e-05;   -7304904
3.1003326380000e-05;   -7337772
3.1021611503000e-05;   -7337772
3.1041587366000e-05;   -7365400
3.1059867082000e-05;   -7365400
3.1079835898000e-05;   -7398268
3.1099785773000e-05;   -7398268
3.1118090824000e-05;   -7425896
3.1138024714000e-05;   -7425896
3.1156322001000e-05;   -7451208
3.1176262975000e-05;   -7451208
3.1194568782000e-05;   -7493948
3.1214504426000e-05;   -7493948
3.1232803148000e-05;   -7534372
3.1252746474000e-05;   -7534372
3.1272708624000e-05;   -7569556
3.1290989020000e-05;   -7569556
3.1310959826000e-05;   -7609980
3.1329234997000e-05;   -7609980
3.1349198738000e-05;   -7645164
3.1369143578000e-05;   -7645164
3.1387453136000e-05;   -7678032
3.1407392821000e-05;   -7678032
3.1425695213000e-05;   -7713216
3.1445641585000e-05;   -7713216
3.1463952702000e-05;   -7753640
3.1483894002000e-05;   -7753640
3.1502197984000e-05;   -7781268
3.1522145771000e-05;   -7781268
3.1542121595000e-05;   -7814136
3.1560401263000e-05;   -7814136
3.1580369871000e-05;   -7841764
3.1598656238000e-05;   -7841764
3.1618633597000e-05;   -7874632
3.1636914619000e-05;   -7874632
3.1656884771000e-05;   -7902260
3.1676835921000e-05;   -7902260
3.1695151457000e-05;   -7935128
3.1715097390000e-05;   -7935128
3.1733405633000e-05;   -7955200
3.1753358443000e-05;   -7955200
3.1771675410000e-05;   -7988068
3.1791623018000e-05;   -7988068
3.1809932912000e-05;   -8008140
3.1829888546000e-05;   -8008140
3.1848198907000e-05;   -8033452
3.1868154273000e-05;   -8033452
3.1888137506000e-05;   -8053524
3.1906423816000e-05;   -8053524
3.1926390217000e-05;   -8078836
3.1944673640000e-05;   -8078836
3.1964648039000e-05;   -8098908
3.1982926458000e-05;   -8098908
3.2002893551000e-05;   -8131776
3.2022841939000e-05;   -8131776
3.2041154556000e-05;   -8159404
3.2061097680000e-05;   -8159404
3.2079403055000e-05;   -8192272
3.2099352748000e-05;   -8192272
3.2117667094000e-05;   -8227456
3.2137611626000e-05;   -8227456
3.2155918292000e-05;   -8252768
3.2175869557000e-05;   -8252768
3.2195848704000e-05;   -8280396
3.2214131484000e-05;   -8280396
3.2234103223000e-05;   -8305708
3.2252392533000e-05;   -8305708
3.2272373227000e-05;   -8333336
3.2290657201000e-05;   -8333336
3.2310630562000e-05;   -8358648
3.2330585028000e-05;   -8358648
3.2348896801000e-05;   -8378720
3.2368838484000e-05;   -8378720
3.2387142778000e-05;   -8404032
3.2407091269000e-05;   -8404032
3.2425404292000e-05;   -8431660
3.2445347744000e-05;   -8431660
3.2463653428000e-05;   -8464528
3.2483603516000e-05;   -8464528
3.2503581329000e-05;   -8492156
3.2521862715000e-05;   -8492156
3.2541833183000e-05;   -8525024
3.2560121251000e-05;   -8525024
3.2580100622000e-05;   -8545096
3.2598383436000e-05;   -8545096
3.2618355372000e-05;   -8577964
3.2638308422000e-05;   -8577964
3.2656625456000e-05;   -8598036
3.2676573411000e-05;   -8598036
3.2694883549000e-05;   -8630904
3.2714837950000e-05;   -8630904
3.2733156568000e-05;   -8650976
3.2753106030000e-05;   -8650976
3.2771417513000e-05;   -8671048
3.2791373900000e-05;   -8671048
3.2811348191000e-05;   -8696360
3.2829625803000e-05;   -8696360
3.2849592229000e-05;   -8708876
3.2867876603000e-05;   -8708876
3.2887851794000e-05;   -8749300
3.2906130831000e-05;   -8749300
3.2926098737000e-05;   -8776928
3.2946047743000e-05;   -8776928
3.2964361082000e-05;   -8809796
3.2984304855000e-05;   -8809796
3.3002610968000e-05;   -8837424
3.3022561420000e-05;   -8837424
3.3040876241000e-05;   -8862736
3.3060821406000e-05;   -8862736
3.3079128866000e-05;   -8890364
3.3099080918000e-05;   -8890364
3.3119060538000e-05;   -8923232
3.3137343738000e-05;   -8923232
3.3157316256000e-05;   -8943304
3.3175606068000e-05;   -8943304
3.3195587504000e-05;   -8976172
3.3213872271000e-05;   -8976172
3.3233846460000e-05;   -8996244
3.3252138588000e-05;   -8996244
3.3272113473000e-05;   -9021556
3.3292069421000e-05;   -9021556
3.3310389168000e-05;   -9041628
3.3330339703000e-05;   -9041628
3.3348652148000e-05;   -9066940
3.3368609696000e-05;   -9066940
3.3386930895000e-05;   -9079456
3.3406882956000e-05;   -9079456
3.3425196764000e-05;   -9104768
3.3445155803000e-05;   -9104768
3.3465142500000e-05;   -9117284
3.3483432065000e-05;   -9117284
3.3503411639000e-05;   -9142596
3.3521707800000e-05;   -9142596
3.3541696104000e-05;   -9155112
3.3559987151000e-05;   -9155112
3.3579968314000e-05;   -9167628
3.3599930218000e-05;   -9167628
3.3618255810000e-05;   -9185384
3.3638211832000e-05;   -9185384
3.3656528846000e-05;   -9197900
3.3676475853000e-05;   -9197900
3.3694784729000e-05;   -9215656
3.3714738541000e-05;   -9215656
3.3733056279000e-05;   -9235728
3.3753004733000e-05;   -9235728
3.3771315197000e-05;   -9261040
3.3791270410000e-05;   -9261040
3.3811253374000e-05;   -9281112
3.3829539574000e-05;   -9281112
3.3849515220000e-05;   -9306424
3.3867808071000e-05;   -9306424
3.3887792382000e-05;   -9326496
3.3906079773000e-05;   -9326496
3.3926056903000e-05;   -9344252
3.3946015034000e-05;   -9344252
3.3964336869000e-05;   -9364324
3.3984289676000e-05;   -9364324
3.4002604134000e-05;   -9376840
3.4022563733000e-05;   -9376840
3.4040886641000e-05;   -9402152
3.4060841021000e-05;   -9402152
3.4079156909000e-05;   -9414668
3.4099118866000e-05;   -9414668
3.4117429164000e-05;   -9432424
3.4137383977000e-05;   -9432424
3.4157366305000e-05;   -9444940
3.4175651995000e-05;   -9444940
3.4195626995000e-05;   -9470252
3.4213919172000e-05;   -9470252
3.4233902947000e-05;   -9490324
3.4252189790000e-05;   -9490324
3.4272166147000e-05;   -9515636
3.4292123709000e-05;   -9515636
3.4310444945000e-05;   -9535708
3.4330397054000e-05;   -9535708
3.4348710892000e-05;   -9553464
3.4368669707000e-05;   -9553464
3.4386992242000e-05;   -9573536
3.4406945761000e-05;   -9573536
3.4425260947000e-05;   -9586052
3.4445221246000e-05;   -9586052
3.4465209372000e-05;   -9603808
3.4483500019000e-05;   -9603808
3.4503480828000e-05;   -9616324
3.4521779151000e-05;   -9616324
3.4541760532000e-05;   -9634080
3.4560058607000e-05;   -9634080
3.4580048884000e-05;   -9646596
3.4598341654000e-05;   -9646596
3.4618314607000e-05;   -9664352
3.4638267973000e-05;   -9664352
3.4656585244000e-05;   -9676868
3.4676533071000e-05;   -9676868
3.4694843125000e-05;   -9702180
3.4714798046000e-05;   -9702180
3.4733116599000e-05;   -9722252
3.4753065973000e-05;   -9722252
3.4771377326000e-05;   -9747564
3.4791333565000e-05;   -9747564
3.4811317266000e-05;   -9767636
3.4829604094000e-05;   -9767636
3.4849580695000e-05;   -9787708
3.4867874394000e-05;   -9787708
3.4887859585000e-05;   -9813020
3.4906147909000e-05;   -9813020
3.4926125907000e-05;   -9825536
3.4946084861000e-05;   -9825536
3.4964407367000e-05;   -9850848
3.4984360251000e-05;   -9850848
3.5002683297000e-05;   -9863364
3.5022637546000e-05;   -9863364
3.5040953529000e-05;   -9881120
3.5060914545000e-05;   -9881120
3.5079239028000e-05;   -9893636
3.5099194867000e-05;   -9893636
3.5117512027000e-05;   -9911392
3.5137474696000e-05;   -9911392
3.5157464754000e-05;   -9923908
3.5175757606000e-05;   -9923908
3.5195740482000e-05;   -9941664
3.5214040023000e-05;   -9941664
3.5234031683000e-05;   -9954180
3.5252325934000e-05;   -9954180
3.5272310265000e-05;   -9959140
3.5290612221000e-05;   -9959140
3.5310597386000e-05;   -9969340
3.5330563549000e-05;   -9969340
3.5348892656000e-05;   -9981856
3.5368853637000e-05;   -9981856
3.5387175434000e-05;   -9992056
3.5407143153000e-05;   -9992056
3.5425473599000e-05;   -9997016
3.5445435747000e-05;   -9997016
3.5463758895000e-05;  -10001976
3.5483727913000e-05;  -10001976
3.5503724513000e-05;  -10012176
3.5522022436000e-05;  -10012176
3.5542009947000e-05;  -10017136
3.5560299714000e-05;  -10017136
3.5580279088000e-05;  -10019780
3.5598575508000e-05;  -10019780
3.5618563747000e-05;  -10032296
3.5636854776000e-05;  -10032296
3.5656835760000e-05;  -10057608
3.5676797740000e-05;  -10057608
3.5695122853000e-05;  -10070124
3.5715079412000e-05;  -10070124
3.5733397174000e-05;  -10082640
3.5753360294000e-05;  -10082640
3.5771686859000e-05;  -10092840
3.5791643675000e-05;  -10092840
3.5809970559000e-05;  -10105356
3.5829929103000e-05;  -10105356
3.5848248714000e-05;  -10115556
3.5868213928000e-05;  -10115556
3.5888206645000e-05;  -10128072
3.5906501788000e-05;  -10128072
3.5926487242000e-05;  -10138272
3.5944789003000e-05;  -10138272
3.5964783239000e-05;  -10150788
3.5983079812000e-05;  -10150788
3.6003066772000e-05;  -10155748
3.6021370727000e-05;  -10155748
3.6041351159000e-05;  -10165948
3.6061312463000e-05;  -10165948
3.6079637076000e-05;  -10170908
3.6099593020000e-05;  -10170908
3.6117910170000e-05;  -10181108
3.6137872770000e-05;  -10181108
3.6156198615000e-05;  -10201180
3.6176155775000e-05;  -10201180
3.6194474347000e-05;  -10218936
3.6214438384000e-05;  -10218936
3.6234429943000e-05;  -10223896
3.6252723954000e-05;  -10223896
3.6272708117000e-05;  -10236412
3.6291010099000e-05;  -10236412
3.6310994799000e-05;  -10246612
3.6329295990000e-05;  -10246612
3.6349289423000e-05;  -10259128
3.6367585270000e-05;  -10259128
3.6387571456000e-05;  -10269328
3.6407538539000e-05;  -10269328
3.6425868634000e-05;  -10274288
3.6445830572000e-05;  -10274288
3.6464153329000e-05;  -10284488
3.6484121868000e-05;  -10284488
3.6502453076000e-05;  -10289448
3.6522415042000e-05;  -10289448
3.6540746709000e-05;  -10294408
3.6560710494000e-05;  -10294408
3.6579025887000e-05;  -10297052
3.6598985750000e-05;  -10297052
3.6618973152000e-05;  -10302012
3.6637263381000e-05;  -10302012
3.6657243591000e-05;  -10319768
3.6675540502000e-05;  -10319768
3.6695529137000e-05;  -10332284
3.6713820662000e-05;  -10332284
3.6733802217000e-05;  -10344800
3.6753764657000e-05;  -10344800
3.6772090075000e-05;  -10362556
3.6792047087000e-05;  -10362556
3.6810365204000e-05;  -10375072
3.6830329921000e-05;  -10375072
3.6848648435000e-05;  -10392828
3.6868612982000e-05;  -10392828
3.6886940185000e-05;  -10405344
3.6906899144000e-05;  -10405344
3.6925218991000e-05;  -10407988
3.6945184533000e-05;  -10407988
3.6965177807000e-05;  -10420504
3.6983473342000e-05;  -10420504
3.7003459152000e-05;  -10425464
3.7021761305000e-05;  -10425464
3.7041755783000e-05;  -10443220
3.7060051538000e-05;  -10443220
3.7080046644000e-05;  -10448180
3.7098343996000e-05;  -10448180
3.7118331868000e-05;  -10458380
3.7138300723000e-05;  -10458380
3.7156632215000e-05;  -10463340
3.7176595763000e-05;  -10463340
3.7194919859000e-05;  -10473540
3.7214889904000e-05;  -10473540
3.7233222593000e-05;  -10470944
3.7253186485000e-05;  -10470944
3.7271519576000e-05;  -10475904
3.7291484985000e-05;  -10475904
3.7309810893000e-05;  -10478548
3.7329782951000e-05;  -10478548
3.7349782671000e-05;  -10483508
3.7368084144000e-05;  -10483508
3.7388076510000e-05;  -10486152
3.7406384520000e-05;  -10486152
3.7426385589000e-05;  -10483556
3.7444687218000e-05;  -10483556
3.7464688996000e-05;  -10480960
3.7482992168000e-05;  -10480960
3.7502986492000e-05;  -10483604
3.7522961706000e-05;  -10483604
3.7541299085000e-05;  -10481008
3.7561269145000e-05;  -10481008
3.7579590040000e-05;  -10478412
3.7599556872000e-05;  -10478412
3.7617877590000e-05;  -10473500
3.7637844109000e-05;  -10473500
3.7656173621000e-05;  -10486016
3.7676134739000e-05;  -10486016
3.7694456545000e-05;  -10496216
3.7714424340000e-05;  -10496216
3.7734419683000e-05;  -10501176
3.7752717244000e-05;  -10501176
3.7772705107000e-05;  -10506136
3.7791010143000e-05;  -10506136
3.7810998759000e-05;  -10516336
3.7829303272000e-05;  -10516336
3.7849300467000e-05;  -10521296
3.7867599573000e-05;  -10521296
3.7887589287000e-05;  -10523940
3.7907559987000e-05;  -10523940
3.7925893049000e-05;  -10528900
3.7945858137000e-05;  -10528900
3.7964183760000e-05;  -10526304
3.7984156491000e-05;  -10526304
3.8002482675000e-05;  -10528948
3.8022454930000e-05;  -10528948
3.8040789539000e-05;  -10533908
3.8060756479000e-05;  -10533908
3.8079083713000e-05;  -10536552
3.8099057070000e-05;  -10536552
3.8119057961000e-05;  -10533956
3.8137360818000e-05;  -10533956
3.8157347591000e-05;  -10531360
3.8175651379000e-05;  -10531360
3.8195638703000e-05;  -10534004
3.8213942036000e-05;  -10534004
3.8233937866000e-05;  -10546520
3.8252235670000e-05;  -10546520
3.8272224011000e-05;  -10549164
3.8292193468000e-05;  -10549164
3.8310525320000e-05;  -10554124
3.8330489183000e-05;  -10554124
3.8348813657000e-05;  -10559084
3.8368785167000e-05;  -10559084
3.8387109962000e-05;  -10561728
3.8407081063000e-05;  -10561728
3.8425414450000e-05;  -10566688
3.8445379883000e-05;  -10566688
3.8463705916000e-05;  -10569332
3.8483678161000e-05;  -10569332
3.8503677879000e-05;  -10566736
3.8521979234000e-05;  -10566736
3.8541971492000e-05;  -10571696
3.8560280548000e-05;  -10571696
3.8580273497000e-05;  -10574340
3.8598582071000e-05;  -10574340
3.8618583455000e-05;  -10571744
3.8636886596000e-05;  -10571744
3.8656880506000e-05;  -10574388
3.8676855509000e-05;  -10574388
3.8695192643000e-05;  -10571792
3.8715161209000e-05;  -10571792
3.8733498879000e-05;  -10569196
3.8753469083000e-05;  -10569196
3.8771790003000e-05;  -10571840
3.8791756063000e-05;  -10571840
3.8810084957000e-05;  -10561688
3.8830045761000e-05;  -10561688
3.8848367401000e-05;  -10566648
3.8868334690000e-05;  -10566648
3.8888329415000e-05;  -10584404
3.8906625536000e-05;  -10584404
3.8926620874000e-05;  -10589364
3.8944918577000e-05;  -10589364
3.8964906421000e-05;  -10599564
3.8983210548000e-05;  -10599564
3.9003206813000e-05;  -10596968
3.9021505445000e-05;  -10596968
3.9041494490000e-05;  -10607168
3.9061464549000e-05;  -10607168
3.9079796945000e-05;  -10612128
3.9099760511000e-05;  -10612128
3.9118093572000e-05;  -10609532
3.9138058693000e-05;  -10609532
3.9156384207000e-05;  -10619732
3.9176356009000e-05;  -10619732
3.9194690116000e-05;  -10617136
3.9214656358000e-05;  -10617136
3.9232982870000e-05;  -10627336
3.9252955856000e-05;  -10627336
3.9272956118000e-05;  -10624740
3.9291257098000e-05;  -10624740
3.9311257981000e-05;  -10622144
3.9329560471000e-05;  -10622144
3.9349554077000e-05;  -10624788
3.9367863411000e-05;  -10624788
3.9387865392000e-05;  -10622192
3.9406169125000e-05;  -10622192
3.9426163806000e-05;  -10619596
3.9444475019000e-05;  -10619596
3.9464470151000e-05;  -10622240
3.9484446362000e-05;  -10622240
3.9502784691000e-05;  -10619644
3.9522755548000e-05;  -10619644
3.9541086341000e-05;  -10614732
3.9561063834000e-05;  -10614732
3.9579403203000e-05;  -10612136
3.9599374005000e-05;  -10612136
3.9617713823000e-05;  -10601984
3.9637686355000e-05;  -10601984
3.9656018655000e-05;  -10597072
3.9675997841000e-05;  -10597072
3.9696004316000e-05;  -10594476
3.9714311176000e-05;  -10594476
3.9734318296000e-05;  -10584324
3.9752626715000e-05;  -10584324
3.9772626337000e-05;  -10579412
3.9790941173000e-05;  -10579412
3.9810949385000e-05;  -10569260
3.9829258471000e-05;  -10569260
3.9849259444000e-05;  -10559108
3.9867576374000e-05;  -10559108
3.9887577802000e-05;  -10554196
3.9907560069000e-05;  -10554196
3.9925894619000e-05;  -10544044
3.9945860858000e-05;  -10544044
3.9964187225000e-05;  -10526336
3.9984160935000e-05;  -10526336
4.0002487937000e-05;  -10528980
4.0022461161000e-05;  -10528980
4.0040796374000e-05;  -10533940
4.0060764094000e-05;  -10533940
4.0079091913000e-05;  -10529028
4.0099066214000e-05;  -10529028
4.0119067751000e-05;  -10533988
4.0137369968000e-05;  -10533988
4.0157371942000e-05;  -10523836
4.0175675655000e-05;  -10523836
4.0195670177000e-05;  -10526480
4.0213980295000e-05;  -10526480
4.0233983204000e-05;  -10531440
4.0252287683000e-05;  -10531440
4.0272283310000e-05;  -10526528
4.0290595128000e-05;  -10526528
4.0310591059000e-05;  -10523932
4.0330567896000e-05;  -10523932
4.0348906580000e-05;  -10513780
4.0368878135000e-05;  -10513780
4.0387209302000e-05;  -10516424
4.0407187178000e-05;  -10516424
4.0425526826000e-05;  -10506272
4.0445498316000e-05;  -10506272
4.0463838279000e-05;  -10503676
4.0483811150000e-05;  -10503676
4.0502143812000e-05;  -10498764
4.0522123308000e-05;  -10498764
4.0542130036000e-05;  -10488612
4.0560438072000e-05;  -10488612
4.0580437363000e-05;  -10478460
4.0598752962000e-05;  -10478460
4.0618752790000e-05;  -10473548
4.0637067682000e-05;  -10473548
4.0657069208000e-05;  -10470952
4.0675372037000e-05;  -10470952
4.0695365799000e-05;  -10453244
4.0713676186000e-05;  -10453244
4.0733670524000e-05;  -10455888
4.0753645776000e-05;  -10455888
4.0771983144000e-05;  -10453292
4.0791952861000e-05;  -10453292
4.0810282652000e-05;  -10448380
4.0830259005000e-05;  -10448380
4.0848597004000e-05;  -10445784
4.0868566781000e-05;  -10445784
4.0886905449000e-05;  -10443188
4.0906876605000e-05;  -10443188
4.0925207561000e-05;  -10445832
4.0945185141000e-05;  -10445832
4.0965190140000e-05;  -10435680
4.0983496445000e-05;  -10435680
4.1003493906000e-05;  -10433084
4.1021807664000e-05;  -10433084
4.1041805776000e-05;  -10428172
4.1060118922000e-05;  -10428172
4.1080125365000e-05;  -10418020
4.1098433027000e-05;  -10418020
4.1118431930000e-05;  -10420664
4.1136747102000e-05;  -10420664
4.1156746640000e-05;  -10410512
4.1176726964000e-05;  -10410512
4.1195068840000e-05;  -10400360
4.1215043658000e-05;  -10400360
4.1233378059000e-05;  -10387892
4.1253359530000e-05;  -10387892
4.1271702336000e-05;  -10385296
4.1291677205000e-05;  -10385296
4.1310020670000e-05;  -10367588
4.1329997130000e-05;  -10367588
4.1348332737000e-05;  -10362676
4.1368315559000e-05;  -10362676
4.1388315595000e-05;  -10344968
4.1406615745000e-05;  -10344968
4.1426615711000e-05;  -10334816
4.1444917462000e-05;  -10334816
4.1464909876000e-05;  -10337460
4.1483217965000e-05;  -10337460
4.1503218798000e-05;  -10334864
4.1521521310000e-05;  -10334864
4.1541514575000e-05;  -10332268
4.1559824467000e-05;  -10332268
4.1579818249000e-05;  -10342468
4.1599793047000e-05;  -10342468
4.1618129879000e-05;  -10339872
4.1638098882000e-05;  -10339872
4.1656428113000e-05;  -10334960
4.1676403671000e-05;  -10334960
4.1694741266000e-05;  -10332364
4.1714710213000e-05;  -10332364
4.1733048236000e-05;  -10329768
4.1753018636000e-05;  -10329768
4.1771348815000e-05;  -10324856
4.1791325825000e-05;  -10324856
4.1811329995000e-05;  -10322260
4.1829635751000e-05;  -10322260
4.1849632671000e-05;  -10324904
4.1867945979000e-05;  -10324904
4.1887943171000e-05;  -10314752
4.1906255881000e-05;  -10314752
4.1926261544000e-05;  -10312156
4.1944568549000e-05;  -10312156
4.1964566582000e-05;  -10307244
4.1984545804000e-05;  -10307244
4.2002886615000e-05;  -10297092
4.2022859142000e-05;  -10297092
4.2041200744000e-05;  -10286940
4.2061175112000e-05;  -10286940
4.2079508875000e-05;  -10282028
4.2099489476000e-05;  -10282028
4.2117831702000e-05;  -10271876
4.2137805695000e-05;  -10271876
4.2156148184000e-05;  -10261724
4.2176123471000e-05;  -10261724
4.2194458528000e-05;  -10256812
4.2214440537000e-05;  -10256812
4.2234449827000e-05;  -10246660
4.2252759373000e-05;  -10246660
4.2272769109000e-05;  -10236508
4.2291079828000e-05;  -10236508
4.2311082260000e-05;  -10224040
4.2329399604000e-05;  -10224040
4.2349410526000e-05;  -10213888
4.2367722070000e-05;  -10213888
4.2387725215000e-05;  -10203736
4.2406044237000e-05;  -10203736
4.2426048035000e-05;  -10191268
4.2446032739000e-05;  -10191268
4.2464378632000e-05;  -10173560
4.2484357842000e-05;  -10173560
4.2502696137000e-05;  -10163408
4.2522682665000e-05;  -10163408
4.2541021379000e-05;  -10150940
4.2561007167000e-05;  -10150940
4.2579354218000e-05;  -10133232
4.2599333783000e-05;  -10133232
4.2617681086000e-05;  -10115524
4.2637662027000e-05;  -10115524
4.2656001879000e-05;  -10103056
4.2675989247000e-05;  -10103056
4.2696003974000e-05;  -10085348
4.2714318203000e-05;  -10085348
4.2734333225000e-05;  -10067640
4.2752648678000e-05;  -10067640
4.2772655969000e-05;  -10055172
4.2790978017000e-05;  -10055172
4.2810993942000e-05;  -10037464
4.2829309374000e-05;  -10037464
4.2849325415000e-05;  -10012200
4.2867642166000e-05;  -10012200
4.2887640793000e-05;   -9992176
4.2907619761000e-05;   -9992176
4.2925960124000e-05;   -9974468
4.2945932602000e-05;   -9974468
4.2964273315000e-05;   -9964316
4.2984246756000e-05;   -9964316
4.3002579934000e-05;   -9959404
4.3022560072000e-05;   -9959404
4.3040901392000e-05;   -9956808
4.3060874747000e-05;   -9956808
4.3079216586000e-05;   -9946656
4.3099191248000e-05;   -9946656
4.3117525396000e-05;   -9934188
4.3137506390000e-05;   -9934188
4.3157514616000e-05;   -9931592
4.3175824115000e-05;   -9931592
4.3195824884000e-05;   -9913884
4.3214141629000e-05;   -9913884
4.3234142480000e-05;   -9908972
4.3252458593000e-05;   -9908972
4.3272467733000e-05;   -9898820
4.3290778035000e-05;   -9898820
4.3310779546000e-05;   -9888668
4.3329097071000e-05;   -9888668
4.3349099054000e-05;   -9876200
4.3369082012000e-05;   -9876200
4.3387426180000e-05;   -9866048
4.3407403278000e-05;   -9866048
4.3425739681000e-05;   -9861136
4.3445724117000e-05;   -9861136
4.3464060833000e-05;   -9843428
4.3484044782000e-05;   -9843428
4.3502389873000e-05;   -9833276
4.3522368109000e-05;   -9833276
4.3540705539000e-05;   -9820808
4.3560691284000e-05;   -9820808
4.3579028898000e-05;   -9803100
4.3599013978000e-05;   -9803100
4.3619026356000e-05;   -9792948
4.3637339306000e-05;   -9792948
4.3657344051000e-05;   -9780480
4.3675664405000e-05;   -9780480
4.3695669520000e-05;   -9762772
4.3713989187000e-05;   -9762772
4.3734002588000e-05;   -9752620
4.3752316715000e-05;   -9752620
4.3772322465000e-05;   -9740152
4.3790643835000e-05;   -9740152
4.3810649932000e-05;   -9714888
4.3830636984000e-05;   -9714888
4.3848979087000e-05;   -9704736
4.3868953397000e-05;   -9704736
4.3887287233000e-05;   -9679472
4.3907269041000e-05;   -9679472
4.3925603235000e-05;   -9674560
4.3945584338000e-05;   -9674560
4.3963926955000e-05;   -9664408
4.3983902334000e-05;   -9664408
4.4002237207000e-05;   -9659496
4.4022219850000e-05;   -9659496
4.4040554903000e-05;   -9649344
4.4060537192000e-05;   -9649344
4.4080546658000e-05;   -9639192
4.4098857044000e-05;   -9639192
4.4118858666000e-05;   -9626724
4.4137176468000e-05;   -9626724
4.4157178641000e-05;   -9616572
4.4175495469000e-05;   -9616572
4.4195505867000e-05;   -9606420
4.4213817134000e-05;   -9606420
4.4233819856000e-05;   -9593952
4.4252138638000e-05;   -9593952
4.4272141760000e-05;   -9583800
4.4292125739000e-05;   -9583800
4.4310470827000e-05;   -9566092
4.4330449179000e-05;   -9566092
4.4348786618000e-05;   -9553624
4.4368772203000e-05;   -9553624
4.4387110069000e-05;   -9543472
4.4407094977000e-05;   -9543472
4.4425440979000e-05;   -9525764
4.4445420365000e-05;   -9525764
4.4463758808000e-05;   -9513296
4.4483745541000e-05;   -9513296
4.4502084323000e-05;   -9503144
4.4522070314000e-05;   -9503144
4.4542083630000e-05;   -9485436
4.4560397658000e-05;   -9485436
4.4580403382000e-05;   -9472968
4.4598724676000e-05;   -9472968
4.4618730717000e-05;   -9455260
4.4637051375000e-05;   -9455260
4.4657065833000e-05;   -9437552
4.4675380717000e-05;   -9437552
4.4695387368000e-05;   -9425084
4.4713709640000e-05;   -9425084
4.4733716547000e-05;   -9407376
4.4753704752000e-05;   -9407376
4.4772053467000e-05;   -9382112
4.4792035822000e-05;   -9382112
4.4810376944000e-05;   -9364404
4.4830366592000e-05;   -9364404
4.4848707964000e-05;   -9351936
4.4868697052000e-05;   -9351936
4.4887037642000e-05;   -9326672
4.4907010454000e-05;   -9326672
4.4925342618000e-05;   -9308964
4.4945322672000e-05;   -9308964
4.4963655152000e-05;   -9304052
4.4983634510000e-05;   -9304052
4.5003640937000e-05;   -9293900
4.5021948826000e-05;   -9293900
4.5041947724000e-05;   -9283748
4.5060262801000e-05;   -9283748
4.5080261929000e-05;   -9286392
4.5098576248000e-05;   -9286392
4.5118583543000e-05;   -9276240
4.5136892292000e-05;   -9276240
4.5156891939000e-05;   -9271328
4.5175207730000e-05;   -9271328
4.5195207795000e-05;   -9261176
4.5215188714000e-05;   -9261176
4.5233531140000e-05;   -9251024
4.5253506292000e-05;   -9251024
4.5271840908000e-05;   -9238556
4.5291822384000e-05;   -9238556
4.5310165261000e-05;   -9228404
4.5330140171000e-05;   -9228404
4.5348483195000e-05;   -9218252
4.5368459366000e-05;   -9218252
4.5386794745000e-05;   -9213340
4.5406777049000e-05;   -9213340
4.5426786760000e-05;   -9195632
4.5445096503000e-05;   -9195632
4.5465106396000e-05;   -9185480
4.5483417343000e-05;   -9185480
4.5503419652000e-05;   -9180568
4.5521736834000e-05;   -9180568
4.5541747496000e-05;   -9162860
4.5560058054000e-05;   -9162860
4.5580069142000e-05;   -9152708
4.5598381091000e-05;   -9152708
4.5618384432000e-05;   -9140240
4.5638368831000e-05;   -9140240
4.5656714359000e-05;   -9130088
4.5676692142000e-05;   -9130088
4.5695037920000e-05;   -9112380
4.5715016945000e-05;   -9112380
4.5733354913000e-05;   -9107468
4.5753340253000e-05;   -9107468
4.5771686511000e-05;   -9089760
4.5791665110000e-05;   -9089760
4.5810011993000e-05;   -9072052
4.5829991803000e-05;   -9072052
4.5848330849000e-05;   -9059584
4.5868317049000e-05;   -9059584
4.5888330824000e-05;   -9041876
4.5906644270000e-05;   -9041876
4.5926658186000e-05;   -9024168
4.5944972833000e-05;   -9024168
4.5964978932000e-05;   -9011700
4.5983299895000e-05;   -9011700
4.6003314541000e-05;   -8993992
4.6021628494000e-05;   -8993992
4.6041643578000e-05;   -8976284
4.6059958853000e-05;   -8976284
4.6079966062000e-05;   -8963816
4.6098288568000e-05;   -8963816
4.6118296056000e-05;   -8946108
4.6138284679000e-05;   -8946108
4.6156634031000e-05;   -8920844
4.6176616851000e-05;   -8920844
4.6194958312000e-05;   -8908376
4.6214948431000e-05;   -8908376
4.6233290250000e-05;   -8890668
4.6253279617000e-05;   -8890668
4.6271629661000e-05;   -8865404
4.6291613448000e-05;   -8865404
4.6309955566000e-05;   -8852936
4.6329946448000e-05;   -8852936
4.6348288838000e-05;   -8827672
4.6368279182000e-05;   -8827672
4.6388296521000e-05;   -8809964
4.6406613358000e-05;   -8809964
4.6426631044000e-05;   -8784700
4.6444948928000e-05;   -8784700
4.6464958833000e-05;   -8772232
4.6483283072000e-05;   -8772232
4.6503301268000e-05;   -8746968
4.6521618538000e-05;   -8746968
4.6541636819000e-05;   -8721704
4.6559955605000e-05;   -8721704
4.6579966221000e-05;   -8701680
4.6598292117000e-05;   -8701680
4.6618303044000e-05;   -8683972
4.6638294994000e-05;   -8683972
4.6656647327000e-05;   -8658708
4.6676633295000e-05;   -8658708
4.6694977799000e-05;   -8638684
4.6714971015000e-05;   -8638684
4.6733315624000e-05;   -8613420
4.6753308187000e-05;   -8613420
4.6771660986000e-05;   -8595712
4.6791646762000e-05;   -8595712
4.6809999694000e-05;   -8570448
4.6829986800000e-05;   -8570448
4.6848331902000e-05;   -8550424
4.6868325082000e-05;   -8550424
4.6888345383000e-05;   -8525160
4.6906665028000e-05;   -8525160
4.6926685546000e-05;   -8492340
4.6945006110000e-05;   -8492340
4.6965018917000e-05;   -8472316
4.6983346526000e-05;   -8472316
4.7003359433000e-05;   -8454608
4.7021686319000e-05;   -8454608
4.7041707153000e-05;   -8421788
4.7060028124000e-05;   -8421788
4.7080041335000e-05;   -8396524
4.7098369673000e-05;   -8396524
4.7118383098000e-05;   -8376500
4.7138377627000e-05;   -8376500
4.7156732051000e-05;   -8351236
4.7176719566000e-05;   -8351236
4.7195074290000e-05;   -8325972
4.7215062886000e-05;   -8325972
4.7233409587000e-05;   -8298392
4.7253405497000e-05;   -8298392
4.7271752518000e-05;   -8273128
4.7291747368000e-05;   -8273128
4.7310102369000e-05;   -8247864
4.7330091639000e-05;   -8247864
4.7348438865000e-05;   -8222600
4.7368435374000e-05;   -8222600
4.7386782679000e-05;   -8195020
4.7406778287000e-05;   -8195020
4.7426800706000e-05;   -8169756
4.7445122175000e-05;   -8169756
4.7465144788000e-05;   -8136936
4.7483467418000e-05;   -8136936
4.7503472255000e-05;   -8116912
4.7521792322000e-05;   -8116912
4.7541796536000e-05;   -8091648
4.7560115532000e-05;   -8091648
4.7580127919000e-05;   -8073940
4.7598441107000e-05;   -8073940
4.7618445778000e-05;   -8061472
4.7636765979000e-05;   -8061472
4.7656770560000e-05;   -8043764
4.7676756096000e-05;   -8043764
4.7695102467000e-05;   -8026056
4.7715082274000e-05;   -8026056
4.7733420898000e-05;   -8013588
4.7753407622000e-05;   -8013588
4.7771746170000e-05;   -7995880
4.7791731981000e-05;   -7995880
4.7810078694000e-05;   -7985728
4.7830058787000e-05;   -7985728
4.7848397526000e-05;   -7973260
4.7868384588000e-05;   -7973260
4.7886723697000e-05;   -7955552
4.7906709910000e-05;   -7955552
4.7926723262000e-05;   -7937844
4.7945037291000e-05;   -7937844
4.7965042953000e-05;   -7925376
4.7983364072000e-05;   -7925376
4.8003369874000e-05;   -7907668
4.8021690109000e-05;   -7907668
4.8041704130000e-05;   -7889960
4.8060018513000e-05;   -7889960
4.8080024439000e-05;   -7872252
4.8098345926000e-05;   -7872252
4.8118352211000e-05;   -7859784
4.8138339311000e-05;   -7859784
4.8156687101000e-05;   -7842076
4.8176667314000e-05;   -7842076
4.8195015424000e-05;   -7824368
4.8214996940000e-05;   -7824368
4.8233336949000e-05;   -7804344
4.8253324783000e-05;   -7804344
4.8271673023000e-05;   -7794192
4.8291653865000e-05;   -7794192
4.8310002296000e-05;   -7768928
4.8329984170000e-05;   -7768928
4.8348324900000e-05;   -7756460
4.8368313009000e-05;   -7756460
4.8388328350000e-05;   -7738752
4.8406643222000e-05;   -7738752
4.8426658589000e-05;   -7721044
4.8444974662000e-05;   -7721044
4.8464982311000e-05;   -7701020
4.8483304447000e-05;   -7701020
4.8503320082000e-05;   -7683312
4.8521635397000e-05;   -7683312
4.8541651470000e-05;   -7665604
4.8559967825000e-05;   -7665604
4.8579976045000e-05;   -7645580
4.8598299668000e-05;   -7645580
4.8618308139000e-05;   -7627872
4.8638297375000e-05;   -7627872
4.8656647322000e-05;   -7610164
4.8676630978000e-05;   -7610164
4.8694973021000e-05;   -7590140
4.8714963648000e-05;   -7590140
4.8733306059000e-05;   -7572432
4.8753295980000e-05;   -7572432
4.8771646600000e-05;   -7547168
4.8791630725000e-05;   -7547168
4.8809973237000e-05;   -7529460
4.8829964658000e-05;   -7529460
4.8848307303000e-05;   -7509436
4.8868297666000e-05;   -7509436
4.8888315138000e-05;   -7484172
4.8906632167000e-05;   -7484172
4.8926649738000e-05;   -7466464
4.8944967816000e-05;   -7466464
4.8964977707000e-05;   -7446440
4.8983301734000e-05;   -7446440
4.9003319917000e-05;   -7428732
4.9021637170000e-05;   -7428732
4.9041655444000e-05;   -7403468
4.9059973945000e-05;   -7403468
4.9079984147000e-05;   -7383444
4.9098309764000e-05;   -7383444
4.9118320240000e-05;   -7365736
4.9138311730000e-05;   -7365736
4.9156663465000e-05;   -7340472
4.9176649232000e-05;   -7340472
4.9194993268000e-05;   -7320448
4.9214986164000e-05;   -7320448
4.9233330193000e-05;   -7295184
4.9253321975000e-05;   -7295184
4.9271674177000e-05;   -7269920
4.9291659259000e-05;   -7269920
4.9310011622000e-05;   -7252212
4.9329997892000e-05;   -7252212
4.9348342315000e-05;   -7232188
4.9368334586000e-05;   -7232188
4.9388353905000e-05;   -7199368
4.9406672574000e-05;   -7199368
4.9426692020000e-05;   -7181660
4.9445011763000e-05;   -7181660
4.9465023467000e-05;   -7161636
4.9483350025000e-05;   -7161636
4.9503361844000e-05;   -7136372
4.9521687696000e-05;   -7136372
4.9541707607000e-05;   -7111108
4.9560027359000e-05;   -7111108
4.9580039267000e-05;   -7085844
4.9598366300000e-05;   -7085844
4.9618378526000e-05;   -7065820
4.9638371647000e-05;   -7065820
4.9656724935000e-05;   -7040556
4.9676711197000e-05;   -7040556
4.9695064593000e-05;   -7015292
4.9715051856000e-05;   -7015292
4.9733397233000e-05;   -6995268
4.9753391509000e-05;   -6995268
4.9771736874000e-05;   -6970004
4.9791730404000e-05;   -6970004
4.9810083860000e-05;   -6944740
4.9830071353000e-05;   -6944740
4.9848416911000e-05;   -6924716
4.9868411356000e-05;   -6924716
4.9886756997000e-05;   -6899452
4.9906750781000e-05;   -6899452
4.9926771485000e-05;   -6874188
4.9945090981000e-05;   -6874188
4.9965111734000e-05;   -6848924
4.9983432529000e-05;   -6848924
5.0003445264000e-05;   -6821344
5.0021771975000e-05;   -6821344
5.0041786047000e-05;   -6796080
5.0060099538000e-05;   -6796080
5.0080113395000e-05;   -6770816
5.0098427989000e-05;   -6770816
5.0118433797000e-05;   -6758348
5.0136755241000e-05;   -6758348
5.0156761366000e-05;   -6740640
5.0176748240000e-05;   -6740640
5.0195095760000e-05;   -6722932
5.0215076867000e-05;   -6722932
5.0233416609000e-05;   -6710464
5.0253404656000e-05;   -6710464
5.0271744201000e-05;   -6692756
5.0291731397000e-05;   -6692756
5.0310079129000e-05;   -6675048
5.0330060310000e-05;   -6675048
5.0348400098000e-05;   -6662580
5.0368388338000e-05;   -6662580
5.0386728162000e-05;   -6644872
5.0406715524000e-05;   -6644872
5.0426729853000e-05;   -6627164
5.0445044816000e-05;   -6627164
5.0465051234000e-05;   -6601900
5.0483373015000e-05;   -6601900
5.0503379415000e-05;   -6589432
5.0521700362000e-05;   -6589432
5.0541714992000e-05;   -6571724
5.0560030058000e-05;   -6571724
5.0580036691000e-05;   -6554016
5.0598358774000e-05;   -6554016
5.0618365636000e-05;   -6541548
5.0638353220000e-05;   -6541548
5.0656701449000e-05;   -6523840
5.0676682429000e-05;   -6523840
5.0695030800000e-05;   -6506132
5.0715012764000e-05;   -6506132
5.0733353429000e-05;   -6486108
5.0753341383000e-05;   -6486108
5.0771689914000e-05;   -6468400
5.0791671056000e-05;   -6468400
5.0810019646000e-05;   -6450692
5.0830001634000e-05;   -6450692
5.0848342460000e-05;   -6430668
5.0868330895000e-05;   -6430668
5.0888346094000e-05;   -6412960
5.0906660971000e-05;   -6412960
5.0926676509000e-05;   -6395252
5.0944992647000e-05;   -6395252
5.0965000125000e-05;   -6375228
5.0983323040000e-05;   -6375228
5.1003330784000e-05;   -6357520
5.1021653001000e-05;   -6357520
5.1041668776000e-05;   -6339812
5.1059985086000e-05;   -6339812
5.1079993088000e-05;   -6327344
5.1098316468000e-05;   -6327344
5.1118324498000e-05;   -6302080
5.1138313436000e-05;   -6302080
5.1156662770000e-05;   -6284372
5.1176645930000e-05;   -6284372
5.1194987376000e-05;   -6271904
5.1214977711000e-05;   -6271904
5.1233319469000e-05;   -6246640
5.1253308844000e-05;   -6246640
5.1271658468000e-05;   -6228932
5.1291640915000e-05;   -6228932
5.1309990862000e-05;   -6211224
5.1329974439000e-05;   -6211224
5.1348316638000e-05;   -6191200
5.1368306201000e-05;   -6191200
5.1388322876000e-05;   -6173492
5.1406639085000e-05;   -6173492
5.1426655761000e-05;   -6148228
5.1444972924000e-05;   -6148228
5.1464981821000e-05;   -6128204
5.1483304886000e-05;   -6128204
5.1503321858000e-05;   -6110496
5.1521638155000e-05;   -6110496
5.1541655270000e-05;   -6092788
5.1559972587000e-05;   -6092788
5.1579981793000e-05;   -6072764
5.1598306162000e-05;   -6072764
5.1618315385000e-05;   -6055056
5.1638305738000e-05;   -6055056
5.1656656298000e-05;   -6029792
5.1676640566000e-05;   -6029792
5.1694983346000e-05;   -6009768
5.1714974582000e-05;   -6009768
5.1733317145000e-05;   -5992060
5.1753307627000e-05;   -5992060
5.1771658452000e-05;   -5966796
5.1791641902000e-05;   -5966796
5.1809992646000e-05;   -5949088
5.1829977325000e-05;   -5949088
5.1848320185000e-05;   -5929064
5.1868310886000e-05;   -5929064
5.1888328521000e-05;   -5903800
5.1906645458000e-05;   -5903800
5.1926663277000e-05;   -5886092
5.1944981185000e-05;   -5886092
5.1964991031000e-05;   -5866068
5.1983315036000e-05;   -5866068
5.2003332879000e-05;   -5840804
5.2021650031000e-05;   -5840804
5.2041667940000e-05;   -5823096
5.2059986130000e-05;   -5823096
5.2079995970000e-05;   -5803072
5.2098321181000e-05;   -5803072
5.2118331119000e-05;   -5785364
5.2138322029000e-05;   -5785364
5.2156673310000e-05;   -5760100
5.2176658314000e-05;   -5760100
5.2195001684000e-05;   -5734836
5.2214993647000e-05;   -5734836
5.2233337072000e-05;   -5714812
5.2253328134000e-05;   -5714812
5.2271679497000e-05;   -5697104
5.2291663601000e-05;   -5697104
5.2310014913000e-05;   -5671840
5.2330000146000e-05;   -5671840
5.2348343559000e-05;   -5651816
5.2368334756000e-05;   -5651816
5.2388353002000e-05;   -5626552
5.2406670555000e-05;   -5626552
5.2426688912000e-05;   -5608844
5.2445007392000e-05;   -5608844
5.2465017639000e-05;   -5588820
5.2483343169000e-05;   -5588820
5.2503353524000e-05;   -5563556
5.2521677950000e-05;   -5563556
5.2541696356000e-05;   -5545848
5.2560014983000e-05;   -5545848
5.2580025530000e-05;   -5525824
5.2598351124000e-05;   -5525824
5.2618361651000e-05;   -5500560
5.2638353100000e-05;   -5500560
5.2656704734000e-05;   -5475296
5.2676689212000e-05;   -5475296
5.2695040865000e-05;   -5457588
5.2715026370000e-05;   -5457588
5.2733370076000e-05;   -5437564
5.2753361434000e-05;   -5437564
5.2771713181000e-05;   -5412300
5.2791697588000e-05;   -5412300
5.2810049117000e-05;   -5387036
5.2830034743000e-05;   -5387036
5.2848378421000e-05;   -5367012
5.2868370973000e-05;   -5367012
5.2886714727000e-05;   -5349304
5.2906706210000e-05;   -5349304
5.2926724697000e-05;   -5324040
5.2945043419000e-05;   -5324040
5.2965053938000e-05;   -5304016
5.2983379652000e-05;   -5304016
5.3003390166000e-05;   -5278752
5.3021715099000e-05;   -5278752
5.3041733469000e-05;   -5261044
5.3060051191000e-05;   -5261044
5.3080069783000e-05;   -5235780
5.3098388482000e-05;   -5235780
5.3118398977000e-05;   -5215756
5.3138390720000e-05;   -5215756
5.3156742474000e-05;   -5190492
5.3176726999000e-05;   -5190492
5.3195078822000e-05;   -5165228
5.3215064363000e-05;   -5165228
5.3233408111000e-05;   -5145204
5.3253400610000e-05;   -5145204
5.3271744305000e-05;   -5127496
5.3291735817000e-05;   -5127496
5.3310087522000e-05;   -5102232
5.3330073003000e-05;   -5102232
5.3348416824000e-05;   -5089764
5.3368409196000e-05;   -5089764
5.3386752908000e-05;   -5064500
5.3406744295000e-05;   -5064500
5.3426762785000e-05;   -5039236
5.3445080381000e-05;   -5039236
5.3465098888000e-05;   -5013972
5.3483417583000e-05;   -5013972
5.3503428142000e-05;   -4993948
5.3521752726000e-05;   -4993948
5.3541771303000e-05;   -4976240
5.3560088904000e-05;   -4976240
5.3580107383000e-05;   -4950976
5.3598426036000e-05;   -4950976
5.3618436446000e-05;   -4930952
5.3636762247000e-05;   -4930952
5.3656772554000e-05;   -4905688
5.3676763623000e-05;   -4905688
5.3695115193000e-05;   -4887980
5.3715100509000e-05;   -4887980
5.3733444127000e-05;   -4867956
5.3753436514000e-05;   -4867956
5.3771780023000e-05;   -4842692
5.3791771362000e-05;   -4842692
5.3810122804000e-05;   -4817428
5.3830107133000e-05;   -4817428
5.3848458684000e-05;   -4799720
5.3868443828000e-05;   -4799720
5.3886787210000e-05;   -4779696
5.3906778198000e-05;   -4779696
5.3926796458000e-05;   -4754432
5.3945113986000e-05;   -4754432
5.3965132065000e-05;   -4736724
5.3983450441000e-05;   -4736724
5.4003460557000e-05;   -4709144
5.4021786019000e-05;   -4709144
5.4041796115000e-05;   -4691436
5.4060120594000e-05;   -4691436
5.4080138545000e-05;   -4666172
5.4098456995000e-05;   -4666172
5.4118467001000e-05;   -4646148
5.4136792342000e-05;   -4646148
5.4156802336000e-05;   -4628440
5.4176793209000e-05;   -4628440
5.4195144501000e-05;   -4603176
5.4215128517000e-05;   -4603176
5.4233479662000e-05;   -4577912
5.4253464484000e-05;   -4577912
5.4271807622000e-05;   -4557888
5.4291798424000e-05;   -4557888
5.4310149521000e-05;   -4540180
5.4330133450000e-05;   -4540180
5.4348484614000e-05;   -4514916
5.4368469357000e-05;   -4514916
5.4386812526000e-05;   -4494892
5.4406803410000e-05;   -4494892
5.4426821192000e-05;   -4477184
5.4445138222000e-05;   -4477184
5.4465155909000e-05;   -4451920
5.4483473966000e-05;   -4451920
5.4503483662000e-05;   -4431896
5.4521808767000e-05;   -4431896
5.4541818532000e-05;   -4414188
5.4560142555000e-05;   -4414188
5.4580160168000e-05;   -4396480
5.4598478051000e-05;   -4396480
5.4618487548000e-05;   -4376456
5.4636812297000e-05;   -4376456
5.4656821922000e-05;   -4351192
5.4676812435000e-05;   -4351192
5.4695163058000e-05;   -4325928
5.4715146740000e-05;   -4325928
5.4733497469000e-05;   -4308220
5.4753482015000e-05;   -4308220
5.4771824659000e-05;   -4288196
5.4791815122000e-05;   -4288196
5.4810165826000e-05;   -4262932
5.4830149202000e-05;   -4262932
5.4848499793000e-05;   -4245224
5.4868484085000e-05;   -4245224
5.4886826708000e-05;   -4225200
5.4906817945000e-05;   -4225200
5.4925160425000e-05;   -4207492
5.4945150686000e-05;   -4207492
5.4965167943000e-05;   -4182228
5.4983485600000e-05;   -4182228
5.5003494696000e-05;   -4169760
5.5021819106000e-05;   -4169760
5.5041828244000e-05;   -4144496
5.5060151645000e-05;   -4144496
5.5080168648000e-05;   -4126788
5.5098486063000e-05;   -4126788
5.5118495187000e-05;   -4101524
5.5136819607000e-05;   -4101524
5.5156828797000e-05;   -4081500
5.5176818762000e-05;   -4081500
5.5195168989000e-05;   -4063792
5.5215151996000e-05;   -4063792
5.5233501953000e-05;   -4038528
5.5253485835000e-05;   -4038528
5.5271827882000e-05;   -4018504
5.5291817705000e-05;   -4018504
5.5310167836000e-05;   -4000796
5.5330150514000e-05;   -4000796
5.5348500648000e-05;   -3975532
5.5368484413000e-05;   -3975532
5.5386826445000e-05;   -3963064
5.5406817192000e-05;   -3963064
5.5425159140000e-05;   -3945356
5.5445148835000e-05;   -3945356
5.5465165308000e-05;   -3920092
5.5483482309000e-05;   -3920092
5.5503490935000e-05;   -3907624
5.5521814662000e-05;   -3907624
5.5541823232000e-05;   -3882360
5.5560146254000e-05;   -3882360
5.5580162728000e-05;   -3864652
5.5598479503000e-05;   -3864652
5.5618487787000e-05;   -3839388
5.5636811492000e-05;   -3839388
5.5656819839000e-05;   -3826920
5.5676809138000e-05;   -3826920
5.5695158916000e-05;   -3809212
5.5715141183000e-05;   -3809212
5.5733490712000e-05;   -3783948
5.5753474034000e-05;   -3783948
5.5771815677000e-05;   -3763924
5.5791804780000e-05;   -3763924
5.5810154292000e-05;   -3746216
5.5830136393000e-05;   -3746216
5.5848486008000e-05;   -3728508
5.5868469155000e-05;   -3728508
5.5886810546000e-05;   -3708484
5.5906799529000e-05;   -3708484
5.5926815610000e-05;   -3690776
5.5945130914000e-05;   -3690776
5.5965146784000e-05;   -3673068
5.5983463304000e-05;   -3673068
5.6003471342000e-05;   -3653044
5.6021794515000e-05;   -3653044
5.6041802369000e-05;   -3635336
5.6060124634000e-05;   -3635336
5.6080140393000e-05;   -3617628
5.6098456634000e-05;   -3617628
5.6118464221000e-05;   -3597604
5.6136787359000e-05;   -3597604
5.6156795035000e-05;   -3579896
5.6176783622000e-05;   -3579896
5.6195132917000e-05;   -3562188
5.6215115378000e-05;   -3562188
5.6233456300000e-05;   -3536924
5.6253445829000e-05;   -3536924
5.6271786765000e-05;   -3524456
5.6291775322000e-05;   -3524456
5.6310124249000e-05;   -3506748
5.6330105526000e-05;   -3506748
5.6348454150000e-05;   -3481484
5.6368436469000e-05;   -3481484
5.6386777329000e-05;   -3469016
5.6406765556000e-05;   -3469016
5.6426780702000e-05;   -3443752
5.6445095429000e-05;   -3443752
5.6465110646000e-05;   -3426044
5.6483426141000e-05;   -3426044
5.6503433335000e-05;   -3413576
5.6521755006000e-05;   -3413576
5.6541770136000e-05;   -3395868
5.6560084606000e-05;   -3395868
5.6580099733000e-05;   -3370604
5.6598415241000e-05;   -3370604
5.6618422100000e-05;   -3358136
5.6638409932000e-05;   -3358136
5.6656758177000e-05;   -3340428
5.6676739105000e-05;   -3340428
5.6695087435000e-05;   -3322720
5.6715069064000e-05;   -3322720
5.6733409397000e-05;   -3302696
5.6753397971000e-05;   -3302696
5.6771738054000e-05;   -3284988
5.6791725788000e-05;   -3284988
5.6810073914000e-05;   -3267280
5.6830055484000e-05;   -3267280
5.6848395513000e-05;   -3254812
5.6868383984000e-05;   -3254812
5.6886723942000e-05;   -3237104
5.6906711430000e-05;   -3237104
5.6926725758000e-05;   -3219396
5.6945040616000e-05;   -3219396
5.6965046946000e-05;   -3206928
5.6983368869000e-05;   -3206928
5.7003375220000e-05;   -3181664
5.7021695974000e-05;   -3181664
5.7041710249000e-05;   -3171512
5.7060024893000e-05;   -3171512
5.7080031290000e-05;   -3146248
5.7098353108000e-05;   -3146248
5.7118359254000e-05;   -3133780
5.7138346359000e-05;   -3133780
5.7156694130000e-05;   -3116072
5.7176674184000e-05;   -3116072
5.7195021699000e-05;   -3098364
5.7215002775000e-05;   -3098364
5.7233342263000e-05;   -3085896
5.7253329101000e-05;   -3085896
5.7271676590000e-05;   -3068188
5.7291656499000e-05;   -3068188
5.7310003974000e-05;   -3050480
5.7329984796000e-05;   -3050480
5.7348324369000e-05;   -3038012
5.7368311376000e-05;   -3038012
5.7388331836000e-05;   -3020304
5.7406651677000e-05;   -3020304
5.7426672315000e-05;   -3002596
5.7444993069000e-05;   -3002596
5.7465005738000e-05;   -2975016
5.7483333328000e-05;   -2975016
5.7503345975000e-05;   -2957308
5.7521672534000e-05;   -2957308
5.7541693141000e-05;   -2932044
5.7560013845000e-05;   -2932044
5.7580026370000e-05;   -2904464
5.7598353950000e-05;   -2904464
5.7618366317000e-05;   -2879200
5.7638359775000e-05;   -2879200
5.7656713366000e-05;   -2853936
5.7676699781000e-05;   -2853936
5.7695053234000e-05;   -2828672
5.7715040589000e-05;   -2828672
5.7733385877000e-05;   -2808648
5.7753379373000e-05;   -2808648
5.7771732580000e-05;   -2783384
5.7791718820000e-05;   -2783384
5.7810072056000e-05;   -2758120
5.7830059226000e-05;   -2758120
5.7848404515000e-05;   -2738096
5.7868398644000e-05;   -2738096
5.7886743547000e-05;   -2712832
5.7906736555000e-05;   -2712832
5.7926756270000e-05;   -2687568
5.7945075144000e-05;   -2687568
5.7965094704000e-05;   -2662304
5.7983414403000e-05;   -2662304
5.8003425949000e-05;   -2642280
5.8021751634000e-05;   -2642280
5.8041771044000e-05;   -2617016
5.8060089499000e-05;   -2617016
5.8080108796000e-05;   -2591752
5.8098428268000e-05;   -2591752
5.8118439388000e-05;   -2571728
5.8136765742000e-05;   -2571728
5.8156776668000e-05;   -2546464
5.8176768655000e-05;   -2546464
5.8195120686000e-05;   -2521200
5.8215106537000e-05;   -2521200
5.8233450533000e-05;   -2501176
5.8253443251000e-05;   -2501176
5.8271786924000e-05;   -2475912
5.8291778414000e-05;   -2475912
5.8310129858000e-05;   -2458204
5.8330114134000e-05;   -2458204
5.8348465580000e-05;   -2432940
5.8368450794000e-05;   -2432940
5.8386794091000e-05;   -2412916
5.8406785108000e-05;   -2412916
5.8426803054000e-05;   -2395208
5.8445120326000e-05;   -2395208
5.8465138098000e-05;   -2369944
5.8483456125000e-05;   -2369944
5.8503465467000e-05;   -2349920
5.8521790233000e-05;   -2349920
5.8541799591000e-05;   -2324656
5.8560123360000e-05;   -2324656
5.8580140546000e-05;   -2306948
5.8598458234000e-05;   -2306948
5.8618467336000e-05;   -2286924
5.8636791762000e-05;   -2286924
5.8656800701000e-05;   -2269216
5.8676790599000e-05;   -2269216
5.8695140675000e-05;   -2243952
5.8715124298000e-05;   -2243952
5.8733466207000e-05;   -2218688
5.8753456777000e-05;   -2218688
5.8771798661000e-05;   -2206220
5.8791788107000e-05;   -2206220
5.8810137813000e-05;   -2188512
5.8830120148000e-05;   -2188512
5.8848469474000e-05;   -2163248
5.8868452622000e-05;   -2163248
5.8886793915000e-05;   -2150780
5.8906782945000e-05;   -2150780
5.8926798649000e-05;   -2125516
5.8945113741000e-05;   -2125516
5.8965129388000e-05;   -2107808
5.8983445492000e-05;   -2107808
5.9003453034000e-05;   -2087784
5.9021774974000e-05;   -2087784
5.9041790421000e-05;   -2070076
5.9060105058000e-05;   -2070076
5.9080120150000e-05;   -2052368
5.9098435987000e-05;   -2052368
5.9118442929000e-05;   -2032344
5.9136765444000e-05;   -2032344
5.9156772384000e-05;   -2014636
5.9176760221000e-05;   -2014636
5.9195108520000e-05;   -1996928
5.9215090444000e-05;   -1996928
5.9233430515000e-05;   -1984460
5.9253419103000e-05;   -1984460
5.9271759071000e-05;   -1966752
5.9291746545000e-05;   -1966752
5.9310094422000e-05;   -1949044
5.9330075694000e-05;   -1949044
5.9348415349000e-05;   -1923780
5.9368403555000e-05;   -1923780
5.9386743114000e-05;   -1911312
5.9406730169000e-05;   -1911312
5.9426744190000e-05;   -1893604
5.9445058698000e-05;   -1893604
5.9465064525000e-05;   -1875896
5.9483386029000e-05;   -1875896
5.9503391747000e-05;   -1863428
5.9521711972000e-05;   -1863428
5.9541725394000e-05;   -1845720
5.9560038438000e-05;   -1845720
5.9580051849000e-05;   -1828012
5.9598365695000e-05;   -1828012
5.9618370839000e-05;   -1815544
5.9638357052000e-05;   -1815544
5.9656703796000e-05;   -1797836
5.9676682745000e-05;   -1797836
5.9695029409000e-05;   -1780128
5.9715009312000e-05;   -1780128
5.9733347778000e-05;   -1767660
5.9753333749000e-05;   -1767660
5.9771680209000e-05;   -1749952
5.9791658992000e-05;   -1749952
5.9810005300000e-05;   -1739800
5.9829984868000e-05;   -1739800
5.9848322906000e-05;   -1727332
5.9868308373000e-05;   -1727332
5.9888320453000e-05;   -1709624
5.9906632584000e-05;   -1709624
5.9926644820000e-05;   -1691916
5.9944957757000e-05;   -1691916
5.9964971982000e-05;   -1679448
5.9983300498000e-05;   -1679448
6.0003323110000e-05;   -1661740
6.0021644633000e-05;   -1661740
6.0041667127000e-05;   -1636476
6.0059989607000e-05;   -1636476
6.0080004185000e-05;   -1608896
6.0098333458000e-05;   -1608896
6.0118347884000e-05;   -1583632
6.0138343272000e-05;   -1583632
6.0156698203000e-05;   -1558368
6.0176686169000e-05;   -1558368
6.0195040965000e-05;   -1533104
6.0215030011000e-05;   -1533104
6.0233376620000e-05;   -1505524
6.0253371623000e-05;   -1505524
6.0271726339000e-05;   -1480260
6.0291713987000e-05;   -1480260
6.0310068340000e-05;   -1454996
6.0330056998000e-05;   -1454996
6.0348403348000e-05;   -1427416
6.0368398892000e-05;   -1427416
6.0386745071000e-05;   -1402152
6.0406739349000e-05;   -1402152
6.0426760594000e-05;   -1376888
6.0445080583000e-05;   -1376888
6.0465101487000e-05;   -1344068
6.0483422419000e-05;   -1344068
6.0503435308000e-05;   -1324044
6.0521762159000e-05;   -1324044
6.0541782680000e-05;   -1298780
6.0560102384000e-05;   -1298780
6.0580122803000e-05;   -1273516
6.0598443268000e-05;   -1273516
6.0618455436000e-05;   -1253492
6.0636782598000e-05;   -1253492
6.0656794504000e-05;   -1228228
6.0676787428000e-05;   -1228228
6.0695140276000e-05;   -1202964
6.0715127100000e-05;   -1202964
6.0733471785000e-05;   -1177700
6.0753465301000e-05;   -1177700
6.0771809761000e-05;   -1157676
6.0791801915000e-05;   -1157676
6.0810154138000e-05;   -1132412
6.0830139310000e-05;   -1132412
6.0848491302000e-05;   -1107148
6.0868477145000e-05;   -1107148
6.0886820898000e-05;   -1087124
6.0906813313000e-05;   -1087124
6.0925156865000e-05;   -1061860
6.0945148308000e-05;   -1061860
6.0965166241000e-05;   -1044152
6.0983484518000e-05;   -1044152
6.1003494434000e-05;   -1024128
6.1021819497000e-05;   -1024128
6.1041829246000e-05;    -998864
6.1060153149000e-05;    -998864
6.1080170483000e-05;    -973600
6.1098488179000e-05;    -973600
6.1118497302000e-05;    -955892
6.1136822020000e-05;    -955892
6.1156830964000e-05;    -935868
6.1176820696000e-05;    -935868
6.1195170812000e-05;    -910604
6.1215153516000e-05;    -910604
6.1233503338000e-05;    -892896
6.1253486847000e-05;    -892896
6.1271828436000e-05;    -880428
6.1291817462000e-05;    -880428
6.1310166905000e-05;    -855164
6.1330148743000e-05;    -855164
6.1348498007000e-05;    -837456
6.1368480758000e-05;    -837456
6.1386821700000e-05;    -817432
6.1406811207000e-05;    -817432
6.1425151930000e-05;    -799724
6.1445140188000e-05;    -799724
6.1465155306000e-05;    -782016
6.1483470758000e-05;    -782016
6.1503477590000e-05;    -761992
6.1521799887000e-05;    -761992
6.1541806384000e-05;    -744284
6.1560127442000e-05;    -744284
6.1580141827000e-05;    -726576
6.1598456648000e-05;    -726576
6.1618462680000e-05;    -714108
6.1636784577000e-05;    -714108
6.1656790334000e-05;    -696400
6.1676777214000e-05;    -696400
6.1695124594000e-05;    -678692
6.1715105288000e-05;    -678692
6.1733444671000e-05;    -653428
6.1753432239000e-05;    -653428
6.1771771076000e-05;    -640960
6.1791757273000e-05;    -640960
6.1810103964000e-05;    -630808
6.1830083941000e-05;    -630808
6.1848422371000e-05;    -605544
6.1868409242000e-05;    -605544
6.1886747663000e-05;    -593076
6.1906733170000e-05;    -593076
6.1926745654000e-05;    -582924
6.1945058701000e-05;    -582924
6.1965063076000e-05;    -565216
6.1983383019000e-05;    -565216
6.2003387053000e-05;    -552748
6.2021705972000e-05;    -552748
6.2041717795000e-05;    -535040
6.2060029430000e-05;    -535040
6.2080041136000e-05;    -524888
6.2098353590000e-05;    -524888
6.2118357140000e-05;    -504864
6.2138341598000e-05;    -504864
6.2156686844000e-05;    -494712
6.2176664127000e-05;    -494712
6.2195009181000e-05;    -477004
6.2214987049000e-05;    -477004
6.2233323836000e-05;    -464536
6.2253307588000e-05;    -464536
6.2271652144000e-05;    -454384
6.2291629829000e-05;    -454384
6.2309966353000e-05;    -444232
6.2329951040000e-05;    -444232
6.2348287205000e-05;    -431764
6.2368270449000e-05;    -431764
6.2388280585000e-05;    -414056
6.2406591681000e-05;    -414056
6.2426593633000e-05;    -403904
6.2444911467000e-05;    -403904
6.2464913398000e-05;    -391436
6.2483230137000e-05;    -391436
6.2503239822000e-05;    -381284
6.2521550378000e-05;    -381284
6.2541551938000e-05;    -371132
6.2559869422000e-05;    -371132
6.2579870661000e-05;    -358664
6.2599853030000e-05;    -358664
6.2618196433000e-05;    -348512
6.2638172675000e-05;    -348512
6.2656507908000e-05;    -338360
6.2676490818000e-05;    -338360
6.2694825867000e-05;    -325892
6.2714807629000e-05;    -325892
6.2733150486000e-05;    -315740
6.2753126270000e-05;    -315740
6.2771460967000e-05;    -310828
6.2791443664000e-05;    -310828
6.2809778356000e-05;    -293120
6.2829759946000e-05;    -293120
6.2849768328000e-05;    -282968
6.2868077861000e-05;    -282968
6.2888078047000e-05;    -278056
6.2906394410000e-05;    -278056
6.2926394518000e-05;    -267904
6.2944709796000e-05;    -267904
6.2964717735000e-05;    -257752
6.2983026669000e-05;    -257752
6.3003026607000e-05;    -245284
6.3023007423000e-05;    -245284
6.3041349274000e-05;    -235132
6.3061322888000e-05;    -235132
6.3079664651000e-05;    -224980
6.3099639276000e-05;    -224980
6.3117972827000e-05;    -220068
6.3137953189000e-05;    -220068
6.3156294740000e-05;    -209916
6.3176268090000e-05;    -209916
6.3194609644000e-05;    -199764
6.3214583833000e-05;    -199764
6.3232917233000e-05;    -194852
6.3252897304000e-05;    -194852
6.3272904117000e-05;    -184700
6.3291212132000e-05;    -184700
6.3311210996000e-05;    -174548
6.3329526032000e-05;    -174548
6.3349524662000e-05;    -169636
6.3367838602000e-05;    -169636
6.3387845176000e-05;    -159484
6.3406152974000e-05;    -159484
6.3426151544000e-05;    -149332
6.3444466294000e-05;    -149332
6.3464464572000e-05;    -144420
6.3484444035000e-05;    -144420
6.3502784518000e-05;    -141824
6.3522757569000e-05;    -141824
6.3541090000000e-05;    -136912
6.3561069178000e-05;    -136912
6.3579409466000e-05;    -126760
6.3599381464000e-05;    -126760
6.3617721710000e-05;    -116608
6.3637694555000e-05;    -116608
6.3656026747000e-05;    -111696
6.3676005624000e-05;    -111696
6.3696011342000e-05;    -101544
6.3714317453000e-05;    -101544
6.3734323205000e-05;     -98948
6.3752630155000e-05;     -98948
6.3772637958000e-05;     -94036
6.3790960622000e-05;     -94036
6.3810976723000e-05;     -83884
6.3829292219000e-05;     -83884
6.3849308397000e-05;     -66176
6.3867624806000e-05;     -66176
6.3887632733000e-05;     -46152
6.3907621849000e-05;     -46152
6.3925971326000e-05;     -28444
6.3945953243000e-05;     -28444
6.3964302514000e-05;      -3180
6.3984285295000e-05;      -3180
6.4002626467000e-05;       9288
6.4022615985000e-05;       9288
6.4040957001000e-05;      26996
6.4060945522000e-05;      26996
6.4079294326000e-05;      52260
6.4099276863000e-05;      52260
6.4117617607000e-05;      64728
6.4137606850000e-05;      64728
6.4155947685000e-05;      82436
6.4175935835000e-05;      82436
6.4195950775000e-05;     100144
6.4214266426000e-05;     100144
6.4234273426000e-05;     120168
6.4252595938000e-05;     120168
6.4272602475000e-05;     137876
6.4290923906000e-05;     137876
6.4310938441000e-05;     155584
6.4329253510000e-05;     155584
6.4349260006000e-05;     173292
6.4367582258000e-05;     173292
6.4387588291000e-05;     193316
6.4407575512000e-05;     193316
6.4425923115000e-05;     211024
6.4445903161000e-05;     211024
6.4464250570000e-05;     228732
6.4484231435000e-05;     228732
6.4502570853000e-05;     241200
6.4522557670000e-05;     241200
6.4540904688000e-05;     258908
6.4560884053000e-05;     258908
6.4579230936000e-05;     276616
6.4599210928000e-05;     276616
6.4617549725000e-05;     289084
6.4637535672000e-05;     289084
6.4657548579000e-05;     306792
6.4675861148000e-05;     306792
6.4695873663000e-05;     324500
6.4714187052000e-05;     324500
6.4734191404000e-05;     336968
6.4752510312000e-05;     336968
6.4772522515000e-05;     347120
6.4790834349000e-05;     347120
6.4810846224000e-05;     364828
6.4829158727000e-05;     364828
6.4849162453000e-05;     377296
6.4869147061000e-05;     377296
6.4887492282000e-05;     395004
6.4907469704000e-05;     395004
6.4925814728000e-05;     405156
6.4945792933000e-05;     405156
6.4964129861000e-05;     417624
6.4984113829000e-05;     417624
6.5002458482000e-05;     435332
6.5022435215000e-05;     435332
6.5040779782000e-05;     445484
6.5060757437000e-05;     445484
6.5079093711000e-05;     457952
6.5099077239000e-05;     457952
6.5119087518000e-05;     475660
6.5137397648000e-05;     475660
6.5157407673000e-05;     485812
6.5175718574000e-05;     485812
6.5195720451000e-05;     498280
6.5214037106000e-05;     498280
6.5234046589000e-05;     508432
6.5252356175000e-05;     508432
6.5272365665000e-05;     526140
6.5290675972000e-05;     526140
6.5310676895000e-05;     531052
6.5330659125000e-05;     531052
6.5349002063000e-05;     541204
6.5368977065000e-05;     541204
6.5387319929000e-05;     551356
6.5407295549000e-05;     551356
6.5425630183000e-05;     563824
6.5445611593000e-05;     563824
6.5463953851000e-05;     573976
6.5483929002000e-05;     573976
6.5502263240000e-05;     584128
6.5522245514000e-05;     584128
6.5540579424000e-05;     589040
6.5560560532000e-05;     589040
6.5580568292000e-05;     599192
6.5598877216000e-05;     599192
6.5618876836000e-05;     616900
6.5637192594000e-05;     616900
6.5657191999000e-05;     621812
6.5675506515000e-05;     621812
6.5695520640000e-05;     631964
6.5713835381000e-05;     631964
6.5733841506000e-05;     636876
6.5752163189000e-05;     636876
6.5772169149000e-05;     654584
6.5792156253000e-05;     654584
6.5810503603000e-05;     672292
6.5830484365000e-05;     672292
6.5848823736000e-05;     684760
6.5868811555000e-05;     684760
6.5887150662000e-05;     702468
6.5907137173000e-05;     702468
6.5925484143000e-05;     720176
6.5945464354000e-05;     720176
6.5963803041000e-05;     737884
6.5983790062000e-05;     737884
6.6002128665000e-05;     750352
6.6022114527000e-05;     750352
6.6042127432000e-05;     768060
6.6060440675000e-05;     768060
6.6080445307000e-05;     785768
6.6098765587000e-05;     785768
6.6118769921000e-05;     798236
6.6137088986000e-05;     798236
6.6157101273000e-05;     815944
6.6175414155000e-05;     815944
6.6195418299000e-05;     826096
6.6213737934000e-05;     826096
6.6233741629000e-05;     838564
6.6253726522000e-05;     838564
6.6272071821000e-05;     856272
6.6292050548000e-05;     856272
6.6310387626000e-05;     866424
6.6330373034000e-05;     866424
6.6348710001000e-05;     878892
6.6368694069000e-05;     878892
6.6387038973000e-05;     896600
6.6407016793000e-05;     896600
6.6425353377000e-05;     914308
6.6445338250000e-05;     914308
6.6463674674000e-05;     919220
6.6483658262000e-05;     919220
6.6503668469000e-05;     936928
6.6521979540000e-05;     936928
6.6541981587000e-05;     947080
6.6560299589000e-05;     947080
6.6580301342000e-05;     959548
6.6598618100000e-05;     959548
6.6618627744000e-05;     969700
6.6636938372000e-05;     969700
6.6656939602000e-05;     987408
6.6675257172000e-05;     987408
6.6695258293000e-05;     992320
6.6715240619000e-05;     992320
6.6733583433000e-05;    1002472
6.6753559455000e-05;    1002472
6.6771894269000e-05;    1020180
6.6791877206000e-05;    1020180
6.6810211825000e-05;    1025092
6.6830193298000e-05;    1025092
6.6848535729000e-05;    1035244
6.6868511055000e-05;    1035244
6.6886845220000e-05;    1040156
6.6906827451000e-05;    1040156
6.6925161219000e-05;    1057864
6.6945142225000e-05;    1057864
6.6965149906000e-05;    1068016
6.6983458869000e-05;    1068016
6.7003458340000e-05;    1072928
6.7021773036000e-05;    1072928
6.7041780502000e-05;    1083080
6.7060087950000e-05;    1083080
6.7080095063000e-05;    1093232
6.7098403281000e-05;    1093232
6.7118402131000e-05;    1098144
6.7138381853000e-05;    1098144
6.7156722836000e-05;    1108296
6.7176695411000e-05;    1108296
6.7195036330000e-05;    1118448
6.7215009771000e-05;    1118448
6.7233342198000e-05;    1123360
6.7253321688000e-05;    1123360
6.7271661942000e-05;    1133512
6.7291634133000e-05;    1133512
6.7309974335000e-05;    1136108
6.7329947344000e-05;    1136108
6.7348279227000e-05;    1148576
6.7368258010000e-05;    1148576
6.7388273722000e-05;    1151172
6.7406590261000e-05;    1151172
6.7426598438000e-05;    1161324
6.7444921945000e-05;    1161324
6.7464929768000e-05;    1173792
6.7483252329000e-05;    1173792
6.7503267941000e-05;    1199056
6.7521583008000e-05;    1199056
6.7541598597000e-05;    1216764
6.7559914391000e-05;    1216764
6.7579921675000e-05;    1236788
6.7599910053000e-05;    1236788
6.7618258643000e-05;    1254496
6.7638239691000e-05;    1254496
6.7656588229000e-05;    1272204
6.7676570199000e-05;    1272204
6.7694910455000e-05;    1284672
6.7714898138000e-05;    1284672
6.7733246271000e-05;    1309936
6.7753226774000e-05;    1309936
6.7771574769000e-05;    1327644
6.7791556149000e-05;    1327644
6.7809896001000e-05;    1340112
6.7829883201000e-05;    1340112
6.7849897268000e-05;    1357820
6.7868210917000e-05;    1357820
6.7888224621000e-05;    1375528
6.7906539119000e-05;    1375528
6.7926544753000e-05;    1387996
6.7944865926000e-05;    1387996
6.7964871208000e-05;    1405704
6.7983191129000e-05;    1405704
6.8003204189000e-05;    1423412
6.8021517893000e-05;    1423412
6.8041522708000e-05;    1435880
6.8059843077000e-05;    1435880
6.8079847652000e-05;    1453588
6.8099833015000e-05;    1453588
6.8118179027000e-05;    1471296
6.8138158339000e-05;    1471296
6.8156496206000e-05;    1483764
6.8176482111000e-05;    1483764
6.8194819665000e-05;    1501472
6.8214804317000e-05;    1501472
6.8233149518000e-05;    1511624
6.8253127961000e-05;    1511624
6.8271465043000e-05;    1524092
6.8291450347000e-05;    1524092
6.8309787384000e-05;    1541800
6.8329771427000e-05;    1541800
6.8349782145000e-05;    1551952
6.8368093832000e-05;    1551952
6.8388096279000e-05;    1564420
6.8406414681000e-05;    1564420
6.8426416969000e-05;    1582128
6.8444734058000e-05;    1582128
6.8464743813000e-05;    1592280
6.8483054781000e-05;    1592280
6.8503056338000e-05;    1597192
6.8521374087000e-05;    1597192
6.8541375572000e-05;    1614900
6.8561357971000e-05;    1614900
6.8579700961000e-05;    1625052
6.8599677041000e-05;    1625052
6.8618011911000e-05;    1637520
6.8637993658000e-05;    1637520
6.8656336525000e-05;    1647672
6.8676311158000e-05;    1647672
6.8694653525000e-05;    1657824
6.8714628938000e-05;    1657824
6.8732963071000e-05;    1670292
6.8752944217000e-05;    1670292
6.8772952005000e-05;    1680444
6.8791259924000e-05;    1680444
6.8811267604000e-05;    1690596
6.8829576191000e-05;    1690596
6.8849575650000e-05;    1695508
6.8867890240000e-05;    1695508
6.8887897534000e-05;    1705660
6.8906204812000e-05;    1705660
6.8926211812000e-05;    1715812
6.8944519770000e-05;    1715812
6.8964518347000e-05;    1720724
6.8984498043000e-05;    1720724
6.9002838795000e-05;    1730876
6.9022812126000e-05;    1730876
6.9041144773000e-05;    1741028
6.9061124900000e-05;    1741028
6.9079456986000e-05;    1745940
6.9099436018000e-05;    1745940
6.9117775928000e-05;    1748536
6.9137748770000e-05;    1748536
6.9156080448000e-05;    1758688
6.9176059941000e-05;    1758688
6.9194391645000e-05;    1763600
6.9214370015000e-05;    1763600
6.9234375118000e-05;    1773752
6.9252681461000e-05;    1773752
6.9272678321000e-05;    1778664
6.9290990453000e-05;    1778664
6.9310995279000e-05;    1781260
6.9329300222000e-05;    1781260
6.9349304672000e-05;    1791412
6.9367610407000e-05;    1791412
6.9387606422000e-05;    1796324
6.9407583743000e-05;    1796324
6.9425922120000e-05;    1798920
6.9445893204000e-05;    1798920
6.9464223530000e-05;    1809072
6.9484201304000e-05;    1809072
6.9502531307000e-05;    1806428
6.9522507944000e-05;    1806428
6.9540845808000e-05;    1809024
6.9560816127000e-05;    1809024
6.9579145915000e-05;    1813936
6.9599123189000e-05;    1813936
6.9617452656000e-05;    1816532
6.9637428792000e-05;    1816532
6.9657431623000e-05;    1826684
6.9675736015000e-05;    1826684
6.9695730835000e-05;    1831596
6.9714040836000e-05;    1831596
6.9734043429000e-05;    1834192
6.9752346604000e-05;    1834192
6.9772348863000e-05;    1836788
6.9790652773000e-05;    1836788
6.9810646978000e-05;    1834144
6.9830622141000e-05;    1834144
6.9848958916000e-05;    1836740
6.9868927899000e-05;    1836740
6.9887256455000e-05;    1846892
6.9907232292000e-05;    1846892
6.9925560849000e-05;    1844248
6.9945535365000e-05;    1844248
6.9963871638000e-05;    1846844
6.9983840266000e-05;    1846844
7.0002168412000e-05;    1851756
7.0022142995000e-05;    1851756
7.0042144263000e-05;    1846796
7.0060446166000e-05;    1846796
7.0080447451000e-05;    1849392
7.0098750140000e-05;    1849392
7.0118743046000e-05;    1854304
7.0137051671000e-05;    1854304
7.0157052491000e-05;    1849344
7.0175355265000e-05;    1849344
7.0195347926000e-05;    1846700
7.0215321640000e-05;    1846700
7.0233656968000e-05;    1849296
7.0253623646000e-05;    1849296
7.0271958621000e-05;    1851892
7.0291926262000e-05;    1851892
7.0310253557000e-05;    1856804
7.0330226770000e-05;    1856804
7.0348561580000e-05;    1851844
7.0368528839000e-05;    1851844
7.0386855637000e-05;    1854440
7.0406829714000e-05;    1854440
7.0425156454000e-05;    1851796
7.0445129264000e-05;    1851796
7.0465128977000e-05;    1854392
7.0483430616000e-05;    1854392
7.0503422214000e-05;    1851748
7.0521729642000e-05;    1851748
7.0541729141000e-05;    1854344
7.0560030480000e-05;    1854344
7.0580022092000e-05;    1856940
7.0598330372000e-05;    1856940
7.0618321666000e-05;    1846740
7.0638293840000e-05;    1846740
7.0656627963000e-05;    1849336
7.0676594316000e-05;    1849336
7.0694920305000e-05;    1846692
7.0714892404000e-05;    1846692
7.0733235641000e-05;    1849288
7.0753211292000e-05;    1849288
7.0771554912000e-05;    1844328
7.0791531824000e-05;    1844328
7.0809867316000e-05;    1856796
7.0829850071000e-05;    1856796
7.0849859567000e-05;    1866948
7.0868169141000e-05;    1866948
7.0888178689000e-05;    1877100
7.0906489223000e-05;    1877100
7.0926490419000e-05;    1889568
7.0944806739000e-05;    1889568
7.0964815803000e-05;    1899720
7.0983124953000e-05;    1899720
7.1003134072000e-05;    1917428
7.1021444129000e-05;    1917428
7.1041445048000e-05;    1922340
7.1061426932000e-05;    1922340
7.1079769870000e-05;    1932492
7.1099744685000e-05;    1932492
7.1118087368000e-05;    1942644
7.1138063035000e-05;    1942644
7.1156397755000e-05;    1955112
7.1176379142000e-05;    1955112
7.1194721622000e-05;    1965264
7.1214697072000e-05;    1965264
7.1233031547000e-05;    1975416
7.1253013773000e-05;    1975416
7.1271348051000e-05;    1980328
7.1291329155000e-05;    1980328
7.1311337189000e-05;    1990480
7.1329646183000e-05;    1990480
7.1349645964000e-05;    2008188
7.1367961849000e-05;    2008188
7.1387961298000e-05;    2013100
7.1406275857000e-05;    2013100
7.1426283278000e-05;    2023252
7.1444591937000e-05;    2023252
7.1464591118000e-05;    2028164
7.1482906548000e-05;    2028164
7.1502905538000e-05;    2038316
7.1522885611000e-05;    2038316
7.1541226672000e-05;    2048468
7.1561200275000e-05;    2048468
7.1579533071000e-05;    2053380
7.1599512658000e-05;    2053380
7.1617853297000e-05;    2063532
7.1637825722000e-05;    2063532
7.1656166005000e-05;    2073684
7.1676139292000e-05;    2073684
7.1694471485000e-05;    2078596
7.1714450491000e-05;    2078596
7.1734456319000e-05;    2081192
7.1752762418000e-05;    2081192
7.1772767905000e-05;    2091344
7.1791074796000e-05;    2091344
7.1811071986000e-05;    2096256
7.1829384670000e-05;    2096256
7.1849389858000e-05;    2106408
7.1867696386000e-05;    2106408
7.1887693162000e-05;    2116560
7.1906006374000e-05;    2116560
7.1926003167000e-05;    2113916
7.1945980941000e-05;    2113916
7.1964319761000e-05;    2124068
7.1984291178000e-05;    2124068
7.2002621752000e-05;    2121424
7.2022599138000e-05;    2121424
7.2040937826000e-05;    2131576
7.2060907965000e-05;    2131576
7.2079246416000e-05;    2134172
7.2099217326000e-05;    2134172
7.2117547435000e-05;    2139084
7.2137524226000e-05;    2139084
7.2157527706000e-05;    2149236
7.2175831665000e-05;    2149236
7.2195834957000e-05;    2151832
7.2214139815000e-05;    2151832
7.2234134885000e-05;    2156744
7.2252445548000e-05;    2156744
7.2272448458000e-05;    2159340
7.2290753036000e-05;    2159340
7.2310747815000e-05;    2156696
7.2329059070000e-05;    2156696
7.2349053687000e-05;    2159292
7.2369029294000e-05;    2159292
7.2387366280000e-05;    2161888
7.2407335507000e-05;    2161888
7.2425664034000e-05;    2166800
7.2445639305000e-05;    2166800
7.2463975829000e-05;    2176952
7.2483943786000e-05;    2176952
7.2502280292000e-05;    2179548
7.2522248987000e-05;    2179548
7.2540577445000e-05;    2176904
7.2560552135000e-05;    2176904
7.2580553627000e-05;    2179500
7.2598856672000e-05;    2179500
7.2618849990000e-05;    2176856
7.2637158828000e-05;    2176856
7.2657159980000e-05;    2179452
7.2675461778000e-05;    2179452
7.2695462955000e-05;    2182048
7.2713765548000e-05;    2182048
7.2733765047000e-05;    2179404
7.2753745777000e-05;    2179404
7.2772087640000e-05;    2182000
7.2792061331000e-05;    2182000
7.2810403011000e-05;    2192152
7.2830377419000e-05;    2192152
7.2848711035000e-05;    2197064
7.2868691316000e-05;    2197064
7.2887032861000e-05;    2207216
7.2907007021000e-05;    2207216
7.2925340265000e-05;    2217368
7.2945321278000e-05;    2217368
7.2963654232000e-05;    2229836
7.2983634095000e-05;    2229836
7.3003640744000e-05;    2232432
7.3021948762000e-05;    2232432
7.3041947260000e-05;    2237344
7.3060262099000e-05;    2237344
7.3080260455000e-05;    2247496
7.3098574190000e-05;    2247496
7.3118580290000e-05;    2257648
7.3136887846000e-05;    2257648
7.3156885914000e-05;    2262560
7.3176865050000e-05;    2262560
7.3195205240000e-05;    2272712
7.3215177104000e-05;    2272712
7.3233517127000e-05;    2282864
7.3253489839000e-05;    2282864
7.3271821654000e-05;    2287776
7.3291800251000e-05;    2287776
7.3310140062000e-05;    2290372
7.3330111614000e-05;    2290372
7.3348451204000e-05;    2300524
7.3368423332000e-05;    2300524
7.3386754786000e-05;    2305436
7.3406732698000e-05;    2305436
7.3426737888000e-05;    2315588
7.3445044045000e-05;    2315588
7.3465040886000e-05;    2318184
7.3483353813000e-05;    2318184
7.3503350148000e-05;    2323096
7.3521662077000e-05;    2323096
7.3541666396000e-05;    2325692
7.3559972070000e-05;    2325692
7.3579968007000e-05;    2330604
7.3599945168000e-05;    2330604
7.3618283506000e-05;    2333200
7.3638253429000e-05;    2333200
7.3656591543000e-05;    2343352
7.3676562294000e-05;    2343352
7.3694892326000e-05;    2348264
7.3714868786000e-05;    2348264
7.3733206649000e-05;    2350860
7.3753175763000e-05;    2350860
7.3771513251000e-05;    2353456
7.3791483344000e-05;    2353456
7.3809812842000e-05;    2358368
7.3829788650000e-05;    2358368
7.3849791352000e-05;    2360964
7.3868095626000e-05;    2360964
7.3888090294000e-05;    2363560
7.3906401076000e-05;    2363560
7.3926395455000e-05;    2368472
7.3944705403000e-05;    2368472
7.3964707599000e-05;    2371068
7.3983011458000e-05;    2371068
7.4003005452000e-05;    2368424
7.4022980455000e-05;    2368424
7.4041316896000e-05;    2378576
7.4061284483000e-05;    2378576
7.4079620888000e-05;    2381172
7.4099589372000e-05;    2381172
7.4117917427000e-05;    2378528
7.4137891847000e-05;    2378528
7.4156227752000e-05;    2381124
7.4176196185000e-05;    2381124
7.4194523912000e-05;    2378480
7.4214498040000e-05;    2378480
7.4234498799000e-05;    2381076
7.4252800511000e-05;    2381076
7.4272801252000e-05;    2383672
7.4291103855000e-05;    2383672
7.4311096430000e-05;    2381028
7.4329404844000e-05;    2381028
7.4349405310000e-05;    2383624
7.4367707307000e-05;    2383624
7.4387699675000e-05;    2386220
7.4406008452000e-05;    2386220
7.4426000681000e-05;    2383576
7.4445973894000e-05;    2383576
7.4464308745000e-05;    2386172
7.4484275668000e-05;    2386172
7.4502602196000e-05;    2383528
7.4522574894000e-05;    2383528
7.4540909354000e-05;    2386124
7.4560875002000e-05;    2386124
7.4579209190000e-05;    2381164
7.4599175613000e-05;    2381164
7.4617501872000e-05;    2378520
7.4637474131000e-05;    2378520
7.4657473282000e-05;    2381116
7.4675774505000e-05;    2381116
7.4695776058000e-05;    2378472
7.4714093681000e-05;    2378472
7.4734095109000e-05;    2381068
7.4752411649000e-05;    2381068
7.4772421322000e-05;    2391220
7.4790731804000e-05;    2391220
7.4810733377000e-05;    2403688
7.4830715942000e-05;    2403688
7.4849059233000e-05;    2413840
7.4869034535000e-05;    2413840
7.4887377629000e-05;    2423992
7.4907353625000e-05;    2423992
7.4925688440000e-05;    2436460
7.4945670356000e-05;    2436460
7.4964013270000e-05;    2446612
7.4983988113000e-05;    2446612
7.5002330817000e-05;    2456764
7.5022306361000e-05;    2456764
7.5040641002000e-05;    2469232
7.5060622536000e-05;    2469232
7.5080630832000e-05;    2479384
7.5098939233000e-05;    2479384
7.5118947522000e-05;    2489536
7.5137256755000e-05;    2489536
7.5157256882000e-05;    2494448
7.5175571977000e-05;    2494448
7.5195579969000e-05;    2504600
7.5213887977000e-05;    2504600
7.5233895676000e-05;    2514752
7.5252204412000e-05;    2514752
7.5272203775000e-05;    2519664
7.5292184235000e-05;    2519664
7.5310525776000e-05;    2529816
7.5330500123000e-05;    2529816
7.5348833412000e-05;    2539968
7.5368814489000e-05;    2539968
7.5387147451000e-05;    2544880
7.5407127325000e-05;    2544880
7.5425468119000e-05;    2555032
7.5445441499000e-05;    2555032
7.5463774262000e-05;    2559944
7.5483754549000e-05;    2559944
7.5502086921000e-05;    2570096
7.5522065991000e-05;    2570096
7.5542072028000e-05;    2580248
7.5560379223000e-05;    2580248
7.5580376944000e-05;    2585160
7.5598689889000e-05;    2585160
7.5618695467000e-05;    2595312
7.5637001148000e-05;    2595312
7.5657006342000e-05;    2597908
7.5675312754000e-05;    2597908
7.5695309738000e-05;    2610376
7.5715287650000e-05;    2610376
7.5733626844000e-05;    2612972
7.5753597621000e-05;    2612972
7.5771936657000e-05;    2623124
7.5791908216000e-05;    2623124
7.5810238943000e-05;    2620480
7.5830216442000e-05;    2620480
7.5848555005000e-05;    2630632
7.5868526082000e-05;    2630632
7.5886856522000e-05;    2633228
7.5906834309000e-05;    2633228
7.5925164555000e-05;    2638140
7.5945141221000e-05;    2638140
7.5965144630000e-05;    2640736
7.5983449442000e-05;    2640736
7.6003444694000e-05;    2645648
7.6021755415000e-05;    2645648
7.6041758502000e-05;    2648244
7.6060062065000e-05;    2648244
7.6080064885000e-05;    2658396
7.6098369388000e-05;    2658396
7.6118364021000e-05;    2655752
7.6138339431000e-05;    2655752
7.6156676227000e-05;    2658348
7.6176645725000e-05;    2658348
7.6194974355000e-05;    2668500
7.6214950594000e-05;    2668500
7.6233279207000e-05;    2665856
7.6253254165000e-05;    2665856
7.6271590689000e-05;    2668452
7.6291559198000e-05;    2668452
7.6309887309000e-05;    2665808
7.6329861835000e-05;    2665808
7.6349863121000e-05;    2668404
7.6368165139000e-05;    2668404
7.6388166407000e-05;    2671000
7.6406469191000e-05;    2671000
7.6426462143000e-05;    2668356
7.6444770731000e-05;    2668356
7.6464771596000e-05;    2678508
7.6483074245000e-05;    2678508
7.6503066950000e-05;    2681104
7.6521376290000e-05;    2681104
7.6541368905000e-05;    2678460
7.6561342162000e-05;    2678460
7.6579677071000e-05;    2681056
7.6599644308000e-05;    2681056
7.6617971154000e-05;    2678412
7.6637944079000e-05;    2678412
7.6656278841000e-05;    2681008
7.6676245600000e-05;    2681008
7.6694572028000e-05;    2676048
7.6714545441000e-05;    2676048
7.6732871837000e-05;    2673404
7.6752844477000e-05;    2673404
7.6772843800000e-05;    2676000
7.6791145006000e-05;    2676000
7.6811136188000e-05;    2673356
7.6829443186000e-05;    2673356
7.6849442242000e-05;    2668396
7.6867742080000e-05;    2668396
7.6887740986000e-05;    2670992
7.6906041705000e-05;    2670992
7.6926032438000e-05;    2668348
7.6946004259000e-05;    2668348
7.6964337630000e-05;    2670944
7.6984303268000e-05;    2670944
7.7002628563000e-05;    2660744
7.7022600041000e-05;    2660744
7.7040933082000e-05;    2663340
7.7060897586000e-05;    2663340
7.7079230439000e-05;    2665936
7.7099195410000e-05;    2665936
7.7117520256000e-05;    2655736
7.7137491245000e-05;    2655736
7.7157488763000e-05;    2658332
7.7175788619000e-05;    2658332
7.7195778429000e-05;    2653372
7.7214084967000e-05;    2653372
7.7234074440000e-05;    2650728
7.7252379999000e-05;    2650728
7.7272377471000e-05;    2645768
7.7290676954000e-05;    2645768
7.7310666270000e-05;    2643124
7.7330636542000e-05;    2643124
7.7348968722000e-05;    2645720
7.7368933023000e-05;    2645720
7.7387256988000e-05;    2640760
7.7407227922000e-05;    2640760
7.7425551946000e-05;    2630560
7.7445522041000e-05;    2630560
7.7463853831000e-05;    2625600
7.7483817734000e-05;    2625600
7.7502141447000e-05;    2622956
7.7522111008000e-05;    2622956
7.7542107679000e-05;    2625552
7.7560406133000e-05;    2625552
7.7580394672000e-05;    2620592
7.7598700234000e-05;    2620592
7.7618688748000e-05;    2610392
7.7636993135000e-05;    2610392
7.7656989556000e-05;    2605432
7.7675287991000e-05;    2605432
7.7695276175000e-05;    2602788
7.7715245476000e-05;    2602788
7.7733576654000e-05;    2597828
7.7753539841000e-05;    2597828
7.7771862850000e-05;    2592868
7.7791831874000e-05;    2592868
7.7810162910000e-05;    2582668
7.7830124814000e-05;    2582668
7.7848455842000e-05;    2585264
7.7868418653000e-05;    2585264
7.7886741597000e-05;    2575064
7.7906710327000e-05;    2575064
7.7926705982000e-05;    2570104
7.7945003847000e-05;    2570104
7.7964991405000e-05;    2572700
7.7983295236000e-05;    2572700
7.8003290818000e-05;    2554944
7.8021587388000e-05;    2554944
7.8041582711000e-05;    2557540
7.8059880273000e-05;    2557540
7.8079867643000e-05;    2547340
7.8099836105000e-05;    2547340
7.8118166561000e-05;    2542380
7.8138128979000e-05;    2542380
7.8156451303000e-05;    2532180
7.8176419541000e-05;    2532180
7.8194749837000e-05;    2527220
7.8214711112000e-05;    2527220
7.8233041382000e-05;    2522260
7.8253003452000e-05;    2522260
7.8271325688000e-05;    2519616
7.8291293728000e-05;    2519616
7.8311288789000e-05;    2514656
7.8329586044000e-05;    2514656
7.8349572828000e-05;    2504456
7.8367875642000e-05;    2504456
7.8387870389000e-05;    2499496
7.8406167318000e-05;    2499496
7.8426154131000e-05;    2494536
7.8444458087000e-05;    2494536
7.8464444785000e-05;    2484336
7.8484412323000e-05;    2484336
7.8502742281000e-05;    2479376
7.8522704016000e-05;    2479376
7.8541025700000e-05;    2469176
7.8560993377000e-05;    2469176
7.8579323043000e-05;    2464216
7.8599284695000e-05;    2464216
7.8617606151000e-05;    2459256
7.8637573693000e-05;    2459256
7.8657568260000e-05;    2449056
7.8675863871000e-05;    2449056
7.8695858187000e-05;    2444096
7.8714154745000e-05;    2444096
7.8734141180000e-05;    2433896
7.8752443917000e-05;    2433896
7.8772438346000e-05;    2428936
7.8790734859000e-05;    2428936
7.8810721090000e-05;    2418736
7.8830688318000e-05;    2418736
7.8849017873000e-05;    2413776
7.8868977827000e-05;    2413776
7.8887307366000e-05;    2408816
7.8907268339000e-05;    2408816
7.8925589668000e-05;    2398616
7.8945556990000e-05;    2398616
7.8963886182000e-05;    2393656
7.8983847457000e-05;    2393656
7.9002168604000e-05;    2383456
7.9022135619000e-05;    2383456
7.9042129734000e-05;    2378496
7.9060425943000e-05;    2378496
7.9080411832000e-05;    2373536
7.9098714994000e-05;    2373536
7.9118700860000e-05;    2363336
7.9137003209000e-05;    2363336
7.9156997089000e-05;    2350820
7.9175293212000e-05;    2350820
7.9195278970000e-05;    2348176
7.9215245895000e-05;    2348176
7.9233574883000e-05;    2335660
7.9253535625000e-05;    2335660
7.9271856514000e-05;    2330700
7.9291823253000e-05;    2330700
7.9310152384000e-05;    2320500
7.9330112074000e-05;    2320500
7.9348441019000e-05;    2315540
7.9368401770000e-05;    2315540
7.9386722721000e-05;    2305340
7.9406689331000e-05;    2305340
7.9426682999000e-05;    2300380
7.9444978924000e-05;    2300380
7.9464964564000e-05;    2290180
7.9483266446000e-05;    2290180
7.9503260016000e-05;    2285220
7.9521556004000e-05;    2285220
7.9541541607000e-05;    2272704
7.9559844452000e-05;    2272704
7.9579829960000e-05;    2262504
7.9599796401000e-05;    2262504
7.9618125257000e-05;    2257544
7.9638085643000e-05;    2257544
7.9656406290000e-05;    2247344
7.9676372766000e-05;    2247344
7.9694701552000e-05;    2242384
7.9714662089000e-05;    2242384
7.9732982774000e-05;    2237424
7.9752949429000e-05;    2237424
7.9772942818000e-05;    2227224
7.9791237631000e-05;    2227224
7.9811231148000e-05;    2214708
7.9829526733000e-05;    2214708
7.9849512152000e-05;    2204508
7.9867813819000e-05;    2204508
7.9887807412000e-05;    2199548
7.9906103108000e-05;    2199548
7.9926088475000e-05;    2189348
7.9946054894000e-05;    2189348
7.9964383594000e-05;    2184388
7.9984343983000e-05;    2184388
8.0002664682000e-05;    2179428
8.0022631892000e-05;    2179428
8.0040952689000e-05;    2169228
8.0060918983000e-05;    2169228
8.0079247622000e-05;    2156712
8.0099208071000e-05;    2156712
8.0117528522000e-05;    2146512
8.0137495054000e-05;    2146512
8.0157488380000e-05;    2141552
8.0175784079000e-05;    2141552
8.0195769425000e-05;    2136592
8.0214070972000e-05;    2136592
8.0234064518000e-05;    2118836
8.0252359106000e-05;    2118836
8.0272352333000e-05;    2113876
8.0290647940000e-05;    2113876
8.0310633328000e-05;    2103676
8.0330599626000e-05;    2103676
8.0348928287000e-05;    2098716
8.0368888630000e-05;    2098716
8.0387209247000e-05;    2088516
8.0407175575000e-05;    2088516
8.0425503988000e-05;    2083556
8.0445464236000e-05;    2083556
8.0463784808000e-05;    2071040
8.0483752028000e-05;    2071040
8.0502072645000e-05;    2060840
8.0522038931000e-05;    2060840
8.0542032243000e-05;    2055880
8.0560327895000e-05;    2055880
8.0580313289000e-05;    2045680
8.0598614764000e-05;    2045680
8.0618607854000e-05;    2040720
8.0636903533000e-05;    2040720
8.0656888762000e-05;    2035760
8.0676854929000e-05;    2035760
8.0695183584000e-05;    2018004
8.0715142835000e-05;    2018004
8.0733471634000e-05;    2013044
8.0753431967000e-05;    2013044
8.0771752449000e-05;    2002844
8.0791718760000e-05;    2002844
8.0810047394000e-05;    1997884
8.0830007778000e-05;    1997884
8.0848328329000e-05;    1980128
8.0868294564000e-05;    1980128
8.0888287877000e-05;    1975168
8.0906583471000e-05;    1975168
8.0926568824000e-05;    1970208
8.0944871355000e-05;    1970208
8.0964856501000e-05;    1960008
8.0983158143000e-05;    1960008
8.1003151479000e-05;    1955048
8.1021446944000e-05;    1955048
8.1041432027000e-05;    1944848
8.1061398350000e-05;    1944848
8.1079727111000e-05;    1932332
8.1099687481000e-05;    1932332
8.1118008043000e-05;    1927372
8.1137974593000e-05;    1927372
8.1156303384000e-05;    1917172
8.1176262647000e-05;    1917172
8.1194591151000e-05;    1912212
8.1214551653000e-05;    1912212
8.1232872389000e-05;    1902012
8.1252838610000e-05;    1902012
8.1272832015000e-05;    1889496
8.1291127664000e-05;    1889496
8.1311113017000e-05;    1879296
8.1329414743000e-05;    1879296
8.1349408082000e-05;    1874336
8.1367703816000e-05;    1874336
8.1387689117000e-05;    1869376
8.1405991816000e-05;    1869376
8.1425977274000e-05;    1859176
8.1445943639000e-05;    1859176
8.1464272373000e-05;    1846660
8.1484232718000e-05;    1846660
8.1502553421000e-05;    1844016
8.1522519917000e-05;    1844016
8.1540848589000e-05;    1839056
8.1560809141000e-05;    1839056
8.1579129908000e-05;    1826540
8.1599096453000e-05;    1826540
8.1619089853000e-05;    1816340
8.1637384537000e-05;    1816340
8.1657378167000e-05;    1811380
8.1675673930000e-05;    1811380
8.1695659451000e-05;    1801180
8.1713961240000e-05;    1801180
8.1733954786000e-05;    1788664
8.1752250608000e-05;    1788664
8.1772236200000e-05;    1778464
8.1792202699000e-05;    1778464
8.1810531652000e-05;    1773504
8.1830492072000e-05;    1773504
8.1848812792000e-05;    1768544
8.1868780308000e-05;    1768544
8.1887101096000e-05;    1758344
8.1907067695000e-05;    1758344
8.1925396513000e-05;    1753384
8.1945357147000e-05;    1753384
8.1963677940000e-05;    1743184
8.1983644437000e-05;    1743184
8.2003638104000e-05;    1738224
8.2021933875000e-05;    1738224
8.2041919512000e-05;    1725708
8.2060221318000e-05;    1725708
8.2080215045000e-05;    1715508
8.2098510010000e-05;    1715508
8.2118503620000e-05;    1710548
8.2136799566000e-05;    1710548
8.2156785101000e-05;    1700348
8.2176751727000e-05;    1700348
8.2195080625000e-05;    1695388
8.2215041385000e-05;    1695388
8.2233362388000e-05;    1685188
8.2253328865000e-05;    1685188
8.2271657840000e-05;    1680228
8.2291618529000e-05;    1680228
8.2309939563000e-05;    1667712
8.2329907428000e-05;    1667712
8.2348228502000e-05;    1657512
8.2368195187000e-05;    1657512
8.2388188936000e-05;    1652552
8.2406484839000e-05;    1652552
8.2426470576000e-05;    1642352
8.2444772654000e-05;    1642352
8.2464766504000e-05;    1637392
8.2483062629000e-05;    1637392
8.2503048422000e-05;    1632432
8.2523015201000e-05;    1632432
8.2541344135000e-05;    1622232
8.2561304042000e-05;    1622232
8.2579633132000e-05;    1609716
8.2599593982000e-05;    1609716
8.2617915120000e-05;    1607072
8.2637881961000e-05;    1607072
8.2656211041000e-05;    1594556
8.2676171977000e-05;    1594556
8.2694493073000e-05;    1584356
8.2714459963000e-05;    1584356
8.2734453907000e-05;    1579396
8.2752750177000e-05;    1579396
8.2772736109000e-05;    1574436
8.2791039195000e-05;    1574436
8.2811025131000e-05;    1564236
8.2829327306000e-05;    1564236
8.2849321331000e-05;    1559276
8.2867617570000e-05;    1559276
8.2887603571000e-05;    1549076
8.2907570690000e-05;    1549076
8.2925899800000e-05;    1544116
8.2945860869000e-05;    1544116
8.2964182122000e-05;    1539156
8.2984150277000e-05;    1539156
8.3002471657000e-05;    1528956
8.3022438636000e-05;    1528956
8.3040767928000e-05;    1516440
8.3060729039000e-05;    1516440
8.3079050447000e-05;    1513796
8.3099017657000e-05;    1513796
8.3119012021000e-05;    1508836
8.3137308331000e-05;    1508836
8.3157294583000e-05;    1503876
8.3175596733000e-05;    1503876
8.3195591026000e-05;    1486120
8.3213886308000e-05;    1486120
8.3233880464000e-05;    1481160
8.3252176959000e-05;    1481160
8.3272163348000e-05;    1478516
8.3292130679000e-05;    1478516
8.3310460222000e-05;    1466000
8.3330421505000e-05;    1466000
8.3348743126000e-05;    1455800
8.3368710372000e-05;    1455800
8.3387040043000e-05;    1450840
8.3407001434000e-05;    1450840
8.3425322914000e-05;    1445880
8.3445291306000e-05;    1445880
8.3463612961000e-05;    1435680
8.3483580171000e-05;    1435680
8.3503574632000e-05;    1430720
8.3521871257000e-05;    1430720
8.3541857698000e-05;    1420520
8.3560160304000e-05;    1420520
8.3580154892000e-05;    1415560
8.3598451400000e-05;    1415560
8.3618437746000e-05;    1410600
8.3638405218000e-05;    1410600
8.3656734948000e-05;    1400400
8.3676695297000e-05;    1400400
8.3695025014000e-05;    1395440
8.3714986458000e-05;    1395440
8.3733308219000e-05;    1385240
8.3753275588000e-05;    1385240
8.3771605369000e-05;    1380280
8.3791566849000e-05;    1380280
8.3809888633000e-05;    1370080
8.3829856136000e-05;    1370080
8.3849850699000e-05;    1365120
8.3868146395000e-05;    1365120
8.3888140950000e-05;    1360160
8.3906437646000e-05;    1360160
8.3926424436000e-05;    1349960
8.3944727152000e-05;    1349960
8.3964721535000e-05;    1345000
8.3983018408000e-05;    1345000
8.4003005107000e-05;    1334800
8.4022972719000e-05;    1334800
8.4041302598000e-05;    1329840
8.4061264179000e-05;    1329840
8.4079585964000e-05;    1324880
8.4099554614000e-05;    1324880
8.4117876487000e-05;    1314680
8.4137844394000e-05;    1314680
8.4156174331000e-05;    1309720
8.4176135991000e-05;    1309720
8.4194457906000e-05;    1307076
8.4214425682000e-05;    1307076
8.4234420414000e-05;    1294560
8.4252717318000e-05;    1294560
8.4272703973000e-05;    1289600
8.4291007911000e-05;    1289600
8.4310994738000e-05;    1279400
8.4329297716000e-05;    1279400
8.4349292377000e-05;    1274440
8.4367589383000e-05;    1274440
8.4387576282000e-05;    1271796
8.4407543997000e-05;    1271796
8.4425874035000e-05;    1259280
8.4445835980000e-05;    1259280
8.4464158028000e-05;    1261876
8.4484125917000e-05;    1261876
8.4502456125000e-05;    1251676
8.4522416992000e-05;    1251676
8.4540747273000e-05;    1246716
8.4560709102000e-05;    1246716
8.4579031239000e-05;    1236516
8.4598999226000e-05;    1236516
8.4618994248000e-05;    1231556
8.4637291256000e-05;    1231556
8.4657278474000e-05;    1221356
8.4675581723000e-05;    1221356
8.4695576679000e-05;    1216396
8.4713872895000e-05;    1216396
8.4733867875000e-05;    1211436
8.4752164945000e-05;    1211436
8.4772151974000e-05;    1208792
8.4792120272000e-05;    1208792
8.4810450426000e-05;    1196276
8.4830412625000e-05;    1196276
8.4848734796000e-05;    1186076
8.4868703019000e-05;    1186076
8.4887033474000e-05;    1188672
8.4906995621000e-05;    1188672
8.4925317991000e-05;    1183712
8.4945287148000e-05;    1183712
8.4963609317000e-05;    1173512
8.4983577374000e-05;    1173512
8.5003572660000e-05;    1168552
8.5021870009000e-05;    1168552
8.5041857305000e-05;    1158352
8.5060160590000e-05;    1158352
8.5080155804000e-05;    1153392
8.5098453311000e-05;    1153392
8.5118440504000e-05;    1148432
8.5136744934000e-05;    1148432
8.5156732239000e-05;    1138232
8.5176700540000e-05;    1138232
8.5195031007000e-05;    1133272
8.5214993213000e-05;    1133272
8.5233315669000e-05;    1130628
8.5253283824000e-05;    1130628
8.5271614337000e-05;    1125668
8.5291576755000e-05;    1125668
8.5309899401000e-05;    1120708
8.5329867652000e-05;    1120708
8.5349862999000e-05;    1110508
8.5368159585000e-05;    1110508
8.5388154879000e-05;    1105548
8.5406452418000e-05;    1105548
8.5426439859000e-05;    1095348
8.5444743545000e-05;    1095348
8.5464738996000e-05;    1090388
8.5483036557000e-05;    1090388
8.5503023947000e-05;    1080188
8.5522992441000e-05;    1080188
8.5541323018000e-05;    1082784
8.5561284520000e-05;    1082784
8.5579615179000e-05;    1077824
8.5599577752000e-05;    1077824
8.5617900404000e-05;    1067624
8.5637868985000e-05;    1067624
8.5656199749000e-05;    1062664
8.5676162394000e-05;    1062664
8.5694485098000e-05;    1052464
8.5714453766000e-05;    1052464
8.5734449552000e-05;    1055060
8.5752747277000e-05;    1055060
8.5772734831000e-05;    1050100
8.5791039660000e-05;    1050100
8.5811027249000e-05;    1039900
8.5829330943000e-05;    1039900
8.5849326696000e-05;    1034940
8.5867624435000e-05;    1034940
8.5887612091000e-05;    1024740
8.5907580842000e-05;    1024740
8.5925911720000e-05;    1019780
8.5945874357000e-05;    1019780
8.5964197142000e-05;    1014820
8.5984167004000e-05;    1014820
8.6002489824000e-05;    1012176
8.6022458558000e-05;    1012176
8.6040789539000e-05;    1007216
8.6060752339000e-05;    1007216
8.6079075239000e-05;     997016
8.6099044009000e-05;     997016
8.6119039934000e-05;     992056
8.6137337817000e-05;     992056
8.6157325500000e-05;     994652
8.6175630504000e-05;     994652
8.6195618522000e-05;     984452
8.6213922470000e-05;     984452
8.6233918355000e-05;     979492
8.6252216403000e-05;     979492
8.6272204305000e-05;     969292
8.6292173156000e-05;     969292
8.6310504254000e-05;     964332
8.6330467272000e-05;     964332
8.6348790348000e-05;     959372
8.6368759206000e-05;     959372
8.6387090306000e-05;     956728
8.6407052177000e-05;     956728
8.6425383097000e-05;     951768
8.6445346192000e-05;     951768
8.6463669226000e-05;     949124
8.6483638260000e-05;     949124
8.6503634245000e-05;     944164
8.6521932373000e-05;     944164
8.6541920347000e-05;     939204
8.6560224545000e-05;     939204
8.6580220654000e-05;     929004
8.6598517741000e-05;     929004
8.6618513877000e-05;     924044
8.6636812077000e-05;     924044
8.6656800229000e-05;     921400
8.6676769181000e-05;     921400
8.6695100461000e-05;     916440
8.6715063649000e-05;     916440
8.6733386899000e-05;     906240
8.6753355984000e-05;     906240
8.6771687204000e-05;     901280
8.6791649227000e-05;     901280
8.6809980526000e-05;     896320
8.6829943687000e-05;     896320
8.6848267053000e-05;     893676
8.6868236277000e-05;     893676
8.6888232376000e-05;     888716
8.6906530627000e-05;     888716
8.6926519019000e-05;     878516
8.6944823305000e-05;     878516
8.6964819702000e-05;     881112
8.6983117028000e-05;     881112
8.7003113327000e-05;     876152
8.7021411783000e-05;     876152
8.7041400039000e-05;     865952
8.7061369277000e-05;     865952
8.7079700718000e-05;     860992
8.7099663989000e-05;     860992
8.7117987423000e-05;     858348
8.7137956675000e-05;     858348
8.7156288112000e-05;     853388
8.7176250486000e-05;     853388
8.7194581801000e-05;     848428
8.7214544980000e-05;     848428
8.7232868605000e-05;     845784
8.7252838073000e-05;     845784
8.7272834448000e-05;     840824
8.7291132943000e-05;     840824
8.7311121448000e-05;     830624
8.7329425859000e-05;     830624
8.7349422476000e-05;     833220
8.7367721011000e-05;     833220
8.7387709453000e-05;     828260
8.7406014977000e-05;     828260
8.7426003718000e-05;     818060
8.7445973096000e-05;     818060
8.7464304668000e-05;     813100
8.7484268050000e-05;     813100
8.7502591625000e-05;     810456
8.7522561137000e-05;     810456
8.7540892735000e-05;     805496
8.7560856264000e-05;     805496
8.7579179869000e-05;     800536
8.7599150302000e-05;     800536
8.7617474159000e-05;     797892
8.7637443790000e-05;     797892
8.7657440501000e-05;     792932
8.7675739188000e-05;     792932
8.7695728048000e-05;     790288
8.7714032752000e-05;     790288
8.7734029461000e-05;     785328
8.7752328226000e-05;     785328
8.7772316784000e-05;     780368
8.7790622629000e-05;     780368
8.7810611435000e-05;     777724
8.7830581116000e-05;     777724
8.7848912883000e-05;     772764
8.7868876669000e-05;     772764
8.7887200423000e-05;     762564
8.7907170171000e-05;     762564
8.7925502013000e-05;     765160
8.7945465775000e-05;     765160
8.7963789392000e-05;     760200
8.7983760392000e-05;     760200
8.8002084081000e-05;     750000
8.8022053944000e-05;     750000
8.8042050839000e-05;     752596
8.8060349645000e-05;     752596
8.8080338568000e-05;     742396
8.8098643577000e-05;     742396
8.8118640297000e-05;     737436
8.8136939155000e-05;     737436
8.8156928026000e-05;     740032
8.8175233913000e-05;     740032
8.8195222817000e-05;     729832
8.8215192686000e-05;     729832
8.8233524718000e-05;     724872
8.8253488664000e-05;     724872
8.8271812598000e-05;     722228
8.8291782452000e-05;     722228
8.8310114430000e-05;     717268
8.8330078400000e-05;     717268
8.8348402092000e-05;     719864
8.8368372992000e-05;     719864
8.8386697121000e-05;     709664
8.8406666900000e-05;     709664
8.8426663883000e-05;     704704
8.8444962827000e-05;     704704
8.8464952112000e-05;     702060
8.8483257103000e-05;     702060
8.8503254174000e-05;     697100
8.8521553285000e-05;     697100
8.8541542284000e-05;     699696
8.8559848411000e-05;     699696
8.8579837379000e-05;     689496
8.8599807534000e-05;     689496
8.8618139556000e-05;     684536
8.8638103754000e-05;     684536
8.8656428005000e-05;     681892
8.8676398217000e-05;     681892
8.8694730466000e-05;     684488
8.8714694534000e-05;     684488
8.8733018782000e-05;     679528
8.8752989789000e-05;     679528
8.8771314071000e-05;     669328
8.8791284124000e-05;     669328
8.8811281393000e-05;     664368
8.8829580618000e-05;     664368
8.8849569724000e-05;     661724
8.8867874974000e-05;     661724
8.8887872272000e-05;     664320
8.8906171496000e-05;     664320
8.8926160649000e-05;     659360
8.8944466909000e-05;     659360
8.8964456178000e-05;     649160
8.8984426366000e-05;     649160
8.9002758516000e-05;     644200
8.9022722864000e-05;     644200
8.9041047173000e-05;     641556
8.9061017481000e-05;     641556
8.9079349829000e-05;     644152
8.9099314192000e-05;     644152
8.9117638541000e-05;     639192
8.9137609886000e-05;     639192
8.9155934155000e-05;     628992
8.9175904601000e-05;     628992
8.9195901936000e-05;     631588
8.9214201282000e-05;     631588
8.9234190597000e-05;     621388
8.9252495914000e-05;     621388
8.9272493291000e-05;     623984
8.9290792530000e-05;     623984
8.9310781924000e-05;     619024
8.9329088416000e-05;     619024
8.9349077780000e-05;     616380
8.9369048248000e-05;     616380
8.9387380694000e-05;     611420
8.9407345044000e-05;     611420
8.9425669511000e-05;     608776
8.9445639851000e-05;     608776
8.9463972337000e-05;     603816
8.9483936582000e-05;     603816
8.9502261120000e-05;     606412
8.9522232577000e-05;     606412
8.9540557009000e-05;     596212
8.9560527545000e-05;     596212
8.9580525236000e-05;     598808
8.9598824490000e-05;     598808
8.9618814132000e-05;     588608
8.9637119747000e-05;     588608
8.9657117215000e-05;     591204
8.9675415787000e-05;     591204
8.9695413411000e-05;     586244
8.9713712853000e-05;     586244
8.9733702567000e-05;     583600
8.9753673130000e-05;     583600
8.9772005569000e-05;     578640
8.9791970120000e-05;     578640
8.9810294768000e-05;     568440
8.9830265498000e-05;     568440
8.9848597967000e-05;     571036
8.9868561694000e-05;     571036
8.9886894304000e-05;     566076
8.9906858798000e-05;     566076
8.9925183274000e-05;     563432
8.9945153877000e-05;     563432
8.9965151658000e-05;     558472
8.9983451094000e-05;     558472
9.0003440824000e-05;     555828
9.0021746688000e-05;     555828
9.0041744437000e-05;     550868
9.0060043116000e-05;     550868
9.0080040833000e-05;     553464
9.0098340479000e-05;     553464
9.0118330278000e-05;     550820
9.0138301086000e-05;     550820
9.0156633640000e-05;     545860
9.0176598357000e-05;     545860
9.0194923108000e-05;     535660
9.0214893903000e-05;     535660
9.0233226574000e-05;     538256
9.0253190455000e-05;     538256
9.0271523354000e-05;     540852
9.0291487941000e-05;     540852
9.0309812733000e-05;     530652
9.0329783481000e-05;     530652
9.0349781322000e-05;     533248
9.0368081145000e-05;     533248
9.0388071078000e-05;     523048
9.0406376720000e-05;     523048
9.0426374787000e-05;     525644
9.0444673575000e-05;     525644
9.0464671416000e-05;     520684
9.0482971100000e-05;     520684
9.0502961218000e-05;     518040
9.0522931898000e-05;     518040
9.0541264715000e-05;     513080
9.0561229632000e-05;     513080
9.0579554385000e-05;     515676
9.0599525339000e-05;     515676
9.0617858092000e-05;     505476
9.0637821960000e-05;     505476
9.0656154894000e-05;     508072
9.0676119804000e-05;     508072
9.0694444747000e-05;     505428
9.0714415782000e-05;     505428
9.0734413802000e-05;     500468
9.0752713687000e-05;     500468
9.0772703577000e-05;     495508
9.0791010508000e-05;     495508
9.0811000577000e-05;     492864
9.0829306504000e-05;     492864
9.0849304432000e-05;     487904
9.0867604444000e-05;     487904
9.0887594320000e-05;     485260
9.0907565469000e-05;     485260
9.0925898294000e-05;     487856
9.0945863279000e-05;     487856
9.0964188298000e-05;     482896
9.0984160306000e-05;     482896
9.1002485142000e-05;     480252
9.1022456071000e-05;     480252
9.1040789046000e-05;     475292
9.1060754077000e-05;     475292
9.1079078947000e-05;     472648
9.1099049858000e-05;     472648
9.1119047942000e-05;     475244
9.1137347976000e-05;     475244
9.1157337932000e-05;     470284
9.1175645116000e-05;     470284
9.1195635358000e-05;     467640
9.1213941422000e-05;     467640
9.1233939612000e-05;     462680
9.1252239636000e-05;     462680
9.1272229823000e-05;     460036
9.1292200972000e-05;     460036
9.1310534075000e-05;     455076
9.1330499266000e-05;     455076
9.1348824341000e-05;     457672
9.1368796821000e-05;     457672
9.1387121870000e-05;     455028
9.1407092985000e-05;     455028
9.1425426165000e-05;     450068
9.1445391320000e-05;     450068
9.1463716433000e-05;     447424
9.1483687708000e-05;     447424
9.1503685981000e-05;     442464
9.1521984991000e-05;     442464
9.1541983246000e-05;     445060
9.1560283296000e-05;     445060
9.1580273449000e-05;     442416
9.1598579671000e-05;     442416
9.1618578107000e-05;     437456
9.1636878148000e-05;     437456
9.1656868413000e-05;     427256
9.1676839605000e-05;     427256
9.1695172751000e-05;     429852
9.1715137238000e-05;     429852
9.1733470466000e-05;     432448
9.1753435772000e-05;     432448
9.1771761024000e-05;     422248
9.1791732248000e-05;     422248
9.1810065530000e-05;     424844
9.1830030847000e-05;     424844
9.1848356101000e-05;     414644
9.1868327509000e-05;     414644
9.1888325929000e-05;     417240
9.1906625170000e-05;     417240
9.1926623625000e-05;     419836
9.1944923832000e-05;     419836
9.1964914236000e-05;     417192
9.1983220494000e-05;     417192
9.2003218968000e-05;     412232
9.2021519234000e-05;     412232
9.2041509620000e-05;     414828
9.2061481143000e-05;     414828
9.2079814455000e-05;     412184
9.2099778812000e-05;     412184
9.2118112220000e-05;     407224
9.2138077597000e-05;     407224
9.2156402866000e-05;     404580
9.2176374294000e-05;     404580
9.2194707556000e-05;     399620
9.2214673023000e-05;     399620
9.2232998538000e-05;     402216
9.2252971082000e-05;     402216
9.2271296625000e-05;     392016
9.2291268067000e-05;     392016
9.2311266682000e-05;     394612
9.2329567097000e-05;     394612
9.2349557590000e-05;     391968
9.2367863967000e-05;     391968
9.2387862396000e-05;     387008
9.2406163035000e-05;     387008
9.2426153550000e-05;     389604
9.2444460906000e-05;     389604
9.2464451498000e-05;     386960
9.2484423134000e-05;     386960
9.2502756488000e-05;     382000
9.2522722151000e-05;     382000
9.2541047614000e-05;     379356
9.2561019204000e-05;     379356
9.2579352700000e-05;     381952
9.2599318315000e-05;     381952
9.2617643774000e-05;     376992
9.2637616381000e-05;     376992
9.2655941920000e-05;     374348
9.2675913537000e-05;     374348
9.2695912041000e-05;     369388
9.2714212551000e-05;     369388
9.2734203264000e-05;     366744
9.2752509870000e-05;     366744
9.2772508512000e-05;     369340
9.2790808006000e-05;     369340
9.2810806504000e-05;     364380
9.2829107040000e-05;     364380
9.2849097709000e-05;     361736
9.2869069389000e-05;     361736
9.2887402916000e-05;     364332
9.2907368456000e-05;     364332
9.2925693963000e-05;     354132
9.2945665480000e-05;     354132
9.2963999041000e-05;     356728
9.2983963677000e-05;     356728
9.3002297304000e-05;     359324
9.3022262842000e-05;     359324
9.3040588374000e-05;     349124
9.3060560137000e-05;     349124
9.3080558711000e-05;     351720
9.3098859288000e-05;     351720
9.3118849999000e-05;     354316
9.3137156651000e-05;     354316
9.3157155416000e-05;     344116
9.3175454817000e-05;     344116
9.3195453571000e-05;     346712
9.3213753977000e-05;     346712
9.3233744856000e-05;     344068
9.3253716382000e-05;     344068
9.3272050084000e-05;     339108
9.3292015912000e-05;     339108
9.3310341311000e-05;     341704
9.3330313851000e-05;     341704
9.3348639571000e-05;     339060
9.3368611310000e-05;     339060
9.3386944953000e-05;     334100
9.3406910775000e-05;     334100
9.3425236461000e-05;     331456
9.3445208287000e-05;     331456
9.3465207101000e-05;     334052
9.3483507777000e-05;     334052
9.3503498652000e-05;     329092
9.3521806273000e-05;     329092
9.3541797037000e-05;     326448
9.3560103723000e-05;     326448
9.3580102417000e-05;     329044
9.3598403105000e-05;     329044
9.3618393687000e-05;     326400
9.3638365308000e-05;     326400
9.3656699021000e-05;     321440
9.3676663760000e-05;     321440
9.3694997457000e-05;     324036
9.3714963323000e-05;     324036
9.3733288813000e-05;     321392
9.3753260617000e-05;     321392
9.3771594296000e-05;     316432
9.3791560123000e-05;     316432
9.3809885853000e-05;     313788
9.3829857726000e-05;     313788
9.3849856593000e-05;     308828
9.3868156233000e-05;     308828
9.3888154942000e-05;     311424
9.3906455675000e-05;     311424
9.3926446640000e-05;     308780
9.3944753440000e-05;     308780
9.3964752199000e-05;     303820
9.3983052786000e-05;     303820
9.4003043478000e-05;     301176
9.4023015483000e-05;     301176
9.4041349228000e-05;     303772
9.4061314043000e-05;     303772
9.4079647846000e-05;     298812
9.4099613711000e-05;     298812
9.4117939495000e-05;     296168
9.4137911360000e-05;     296168
9.4156245120000e-05;     298764
9.4176211007000e-05;     298764
9.4194536739000e-05;     301360
9.4214509491000e-05;     301360
9.4232835397000e-05;     291160
9.4252807174000e-05;     291160
9.4272806259000e-05;     293756
9.4291106944000e-05;     293756
9.4311097930000e-05;     291112
9.4329404806000e-05;     291112
9.4349403762000e-05;     286152
9.4367704536000e-05;     286152
9.4387695559000e-05;     288748
9.4406003406000e-05;     288748
9.4425994323000e-05;     286104
9.4445966287000e-05;     286104
9.4464300213000e-05;     281144
9.4484266306000e-05;     281144
9.4502592168000e-05;     286056
9.4522564116000e-05;     286056
9.4540897887000e-05;     281096
9.4560862879000e-05;     281096
9.4579196736000e-05;     283692
9.4599162578000e-05;     283692
9.4617488595000e-05;     281048
9.4637460554000e-05;     281048
9.4657459734000e-05;     276088
9.4675760509000e-05;     276088
9.4695751448000e-05;     273444
9.4714058386000e-05;     273444
9.4734057294000e-05;     276040
9.4752357133000e-05;     276040
9.4772356123000e-05;     271080
9.4790656948000e-05;     271080
9.4810647863000e-05;     268436
9.4830620004000e-05;     268436
9.4848953870000e-05;     271032
9.4868919731000e-05;     271032
9.4887245591000e-05;     260832
9.4907217602000e-05;     260832
9.4925551576000e-05;     263428
9.4945516609000e-05;     263428
9.4963850494000e-05;     266024
9.4983816689000e-05;     266024
9.5002142710000e-05;     263380
9.5022114771000e-05;     263380
9.5042113851000e-05;     258420
9.5060414779000e-05;     258420
9.5080405835000e-05;     261016
9.5098713719000e-05;     261016
9.5118704739000e-05;     258372
9.5137011638000e-05;     258372
9.5157010887000e-05;     253412
9.5175311742000e-05;     253412
9.5195302812000e-05;     250768
9.5215275083000e-05;     250768
9.5233608935000e-05;     253364
9.5253574878000e-05;     253364
9.5271900799000e-05;     255960
9.5291873784000e-05;     255960
9.5310199894000e-05;     253316
9.5330172124000e-05;     253316
9.5348506067000e-05;     248356
9.5368472247000e-05;     248356
9.5386798164000e-05;     245712
9.5406770373000e-05;     245712
9.5426769477000e-05;     248308
9.5445069572000e-05;     248308
9.5465068646000e-05;     243348
9.5483369695000e-05;     243348
9.5503360805000e-05;     240704
9.5521667610000e-05;     240704
9.5541666786000e-05;     243300
9.5559967648000e-05;     243300
9.5579958813000e-05;     233100
9.5599930973000e-05;     233100
9.5618264990000e-05;     235696
9.5638230185000e-05;     235696
9.5656564183000e-05;     238292
9.5676530286000e-05;     238292
9.5694856509000e-05;     235648
9.5714828697000e-05;     235648
9.5733162524000e-05;     230688
9.5753128695000e-05;     230688
9.5771454774000e-05;     233284
9.5791427882000e-05;     233284
9.5809753832000e-05;     230640
9.5829726032000e-05;     230640
9.5849725192000e-05;     233236
9.5868026154000e-05;     233236
9.5888017270000e-05;     230592
9.5906324388000e-05;     230592
9.5926323645000e-05;     225632
9.5944624717000e-05;     225632
9.5964615914000e-05;     228228
9.5982924040000e-05;     228228
9.6002915255000e-05;     225584
9.6022887615000e-05;     225584
9.6041221712000e-05;     220624
9.6061188058000e-05;     220624
9.6079514065000e-05;     217980
9.6099486304000e-05;     217980
9.6117820446000e-05;     220576
9.6137786641000e-05;     220576
9.6156112838000e-05;     223172
9.6176085983000e-05;     223172
9.6194412253000e-05;     212972
9.6214384568000e-05;     212972
9.6234383824000e-05;     215568
9.6252684920000e-05;     215568
9.6272676031000e-05;     212924
9.6290983244000e-05;     212924
9.6310982469000e-05;     215520
9.6329282632000e-05;     215520
9.6349281891000e-05;     210560
9.6367582911000e-05;     210560
9.6387574116000e-05;     207916
9.6407546563000e-05;     207916
9.6425880783000e-05;     210512
9.6445847148000e-05;     210512
9.6464173170000e-05;     213108
9.6484145623000e-05;     213108
9.6502479890000e-05;     210464
9.6522445325000e-05;     210464
9.6540779374000e-05;     205504
9.6560745832000e-05;     205504
9.6579071983000e-05;     202860
9.6599044251000e-05;     202860
9.6619043643000e-05;     205456
9.6637344936000e-05;     205456
9.6657336204000e-05;     208052
9.6675644412000e-05;     208052
9.6695635704000e-05;     197852
9.6713942840000e-05;     197852
9.6733942192000e-05;     200448
9.6752243267000e-05;     200448
9.6772234844000e-05;     197804
9.6792207297000e-05;     197804
9.6810541537000e-05;     200400
9.6830507969000e-05;     200400
9.6848834075000e-05;     195440
9.6868807565000e-05;     195440
9.6887133808000e-05;     192796
9.6907106293000e-05;     192796
9.6925440444000e-05;     195392
9.6945406943000e-05;     195392
9.6963733106000e-05;     192748
9.6983705584000e-05;     192748
9.7003704962000e-05;     195344
9.7022005201000e-05;     195344
9.7042004674000e-05;     197940
9.7060305790000e-05;     197940
9.7080297174000e-05;     187740
9.7098604505000e-05;     187740
9.7118603785000e-05;     190336
9.7136904995000e-05;     190336
9.7156896475000e-05;     180136
9.7176868799000e-05;     180136
9.7195203065000e-05;     182732
9.7215168392000e-05;     182732
9.7233502626000e-05;     185328
9.7253469203000e-05;     185328
9.7271795368000e-05;     182684
9.7291767703000e-05;     182684
9.7310101961000e-05;     185280
9.7330068371000e-05;     185280
9.7348394499000e-05;     180320
9.7368367858000e-05;     180320
9.7386694148000e-05;     177676
9.7406666523000e-05;     177676
9.7426665926000e-05;     180272
9.7444967223000e-05;     180272
9.7464958581000e-05;     177628
9.7483265935000e-05;     177628
9.7503265568000e-05;     180224
9.7521566765000e-05;     180224
9.7541558371000e-05;     175264
9.7559866643000e-05;     175264
9.7579858055000e-05;     172620
9.7599830584000e-05;     172620
9.7618164888000e-05;     175216
9.7638131516000e-05;     175216
9.7656457811000e-05;     172572
9.7676430261000e-05;     172572
9.7694764543000e-05;     175168
9.7714730096000e-05;     175168
9.7733064390000e-05;     170208
9.7753030849000e-05;     170208
9.7771357097000e-05;     167564
9.7791329666000e-05;     167564
9.7811329175000e-05;     170160
9.7829630327000e-05;     170160
9.7849621825000e-05;     172756
9.7867929291000e-05;     172756
9.7887928840000e-05;     162556
9.7906229024000e-05;     162556
9.7926228764000e-05;     165152
9.7944530211000e-05;     165152
9.7964521895000e-05;     162508
9.7984494394000e-05;     162508
9.8002828733000e-05;     165104
9.8022795340000e-05;     165104
9.8041121636000e-05;     167700
9.8061095113000e-05;     167700
9.8079421609000e-05;     157500
9.8099394090000e-05;     157500
9.8117728595000e-05;     160096
9.8137695123000e-05;     160096
9.8156021546000e-05;     157452
9.8175994080000e-05;     157452
9.8195993661000e-05;     160048
9.8214294067000e-05;     160048
9.8234293797000e-05;     162644
9.8252595169000e-05;     162644
9.8272586810000e-05;     160000
9.8290894147000e-05;     160000
9.8310893656000e-05;     155040
9.8329195022000e-05;     155040
9.8349186554000e-05;     152396
9.8369159211000e-05;     152396
9.8387493509000e-05;     154992
9.8407459285000e-05;     154992
9.8425793920000e-05;     157588
9.8445760497000e-05;     157588
9.8464086845000e-05;     154944
9.8484059437000e-05;     154944
9.8502393727000e-05;     149984
9.8522360278000e-05;     149984
9.8540686693000e-05;     152580
9.8560660318000e-05;     152580
9.8578986834000e-05;     149936
9.8598959615000e-05;     149936
9.8618959203000e-05;     152532
9.8637260655000e-05;     152532
9.8657252342000e-05;     149888
9.8675559805000e-05;     149888
9.8695559546000e-05;     152484
9.8713860788000e-05;     152484
9.8733852283000e-05;     147524
9.8752160768000e-05;     147524
9.8772152354000e-05;     144880
9.8792124913000e-05;     144880
9.8810459375000e-05;     147476
9.8830425961000e-05;     147476
9.8848752306000e-05;     144832
9.8868724802000e-05;     144832
9.8887059278000e-05;     147428
9.8907024942000e-05;     147428
9.8925359318000e-05;     142468
9.8945325933000e-05;     142468
9.8963652392000e-05;     139824
9.8983624898000e-05;     139824
9.9003624509000e-05;     142420
9.9021925969000e-05;     142420
9.9041917676000e-05;     139776
9.9060225071000e-05;     139776
9.9080224668000e-05;     134816
9.9098525041000e-05;     134816
9.9118524744000e-05;     137412
9.9136826263000e-05;     137412
9.9156817960000e-05;     134768
9.9176790663000e-05;     134768
9.9195125164000e-05;     137364
9.9215091828000e-05;     137364
9.9233418327000e-05;     139960
9.9253391940000e-05;     139960
9.9271718484000e-05;     129760
9.9291691188000e-05;     129760
9.9310025753000e-05;     132356
9.9329992451000e-05;     132356
9.9348319004000e-05;     137268
9.9368291691000e-05;     137268
9.9388291412000e-05;     132308
9.9406592942000e-05;     132308
9.9426584597000e-05;     134904
9.9444893154000e-05;     134904
9.9464884908000e-05;     132260
9.9483192300000e-05;     132260
9.9503192241000e-05;     127300
9.9521493793000e-05;     127300
9.9541485427000e-05;     124656
9.9561458185000e-05;     124656
9.9579792563000e-05;     127252
9.9599758404000e-05;     127252
9.9618092957000e-05;     129848
9.9638059713000e-05;     129848
9.9656386195000e-05;     127204
9.9676359004000e-05;     127204
9.9694693619000e-05;     129800
9.9714660294000e-05;     129800
9.9732986785000e-05;     132396
9.9752959530000e-05;     132396
9.9772959365000e-05;     122196
9.9791259992000e-05;     122196
9.9811259712000e-05;     124792
9.9829561289000e-05;     124792
9.9849553060000e-05;     122148
9.9867860653000e-05;     122148
9.9887860372000e-05;     124744
9.9906161882000e-05;     124744
9.9926153638000e-05;     127340
9.9944462147000e-05;     127340
9.9964454060000e-05;     124696
9.9984426799000e-05;     124696
1.0000276120400e-04;     119736
1.0002272815700e-04;     119736
1.0004105459100e-04;     117092
1.0006102749000e-04;     117092
1.0007936211900e-04;     119688
1.0009932786000e-04;     119688
1.0011766239600e-04;     122284
1.0013762929300e-04;     122284
1.0015595587000e-04;     119640
1.0017592887600e-04;     119640
1.0019592850100e-04;     114680
1.0021423014900e-04;     114680
1.0023422173500e-04;     112036
1.0025252934100e-04;     112036
1.0027252907300e-04;     114632
1.0029082958800e-04;     114632
1.0031082930400e-04;     117228
1.0032913085300e-04;     117228
1.0034912267800e-04;     114584
1.0036909542800e-04;     114584
1.0038742989000e-04;     117180
1.0040739671400e-04;     117180
1.0042572334700e-04;     119776
1.0044569730000e-04;     119776
1.0046402382600e-04;     117132
1.0048399673300e-04;     117132
1.0050233129600e-04;     112172
1.0052229818900e-04;     112172
1.0054062475400e-04;     109528
1.0056059744700e-04;     109528
1.0058059728500e-04;     112124
1.0059889877700e-04;     112124
1.0061889057900e-04;     114720
1.0063719903100e-04;     114720
1.0065719091300e-04;     112076
1.0067549827400e-04;     112076
1.0069549815900e-04;     107116
1.0071379979000e-04;     107116
1.0073379152700e-04;     104472
1.0075376429700e-04;     104472
1.0077209881300e-04;     107068
1.0079206474600e-04;     107068
1.0081039926100e-04;     109664
1.0083036592900e-04;     109664
1.0084869253200e-04;     107020
1.0086866535500e-04;     107020
1.0088699978900e-04;     109616
1.0090696666600e-04;     109616
1.0092529319600e-04;      99416
1.0094526613200e-04;      99416
1.0096526585900e-04;     102012
1.0098356652800e-04;     102012
1.0100356630400e-04;     104608
1.0102186789300e-04;     104608
1.0104185986500e-04;     101964
1.0106016736300e-04;     101964
1.0108016724600e-04;     104560
1.0109846890600e-04;     104560
1.0111846072200e-04;     107156
1.0113676930900e-04;     107156
1.0115676130700e-04;      96956
1.0117673424600e-04;      96956
1.0119506891500e-04;      99552
1.0121503583500e-04;      99552
1.0123336239400e-04;      96908
1.0125333520300e-04;      96908
1.0127166987600e-04;      99504
1.0129163577000e-04;      99504
1.0130997040300e-04;     102100
1.0132993726100e-04;     102100
1.0134826397300e-04;      99456
1.0136823695800e-04;      99456
1.0138823674900e-04;      94496
1.0140653832400e-04;      94496
1.0142653023200e-04;      91852
1.0144483785700e-04;      91852
1.0146483786600e-04;      94448
1.0148313844400e-04;      94448
1.0150313840200e-04;      97044
1.0152144019400e-04;      97044
1.0154143204600e-04;      94400
1.0156140477400e-04;      94400
1.0157973947700e-04;      96996
1.0159970634800e-04;      96996
1.0161803306800e-04;      92036
1.0163800691200e-04;      92036
1.0165633356200e-04;      89392
1.0167630648700e-04;      89392
1.0169464120500e-04;      91988
1.0171460817400e-04;      91988
1.0173293470800e-04;      96900
1.0175290766400e-04;      96900
1.0177290744900e-04;      91940
1.0179120909700e-04;      91940
1.0181120096400e-04;      94536
1.0182950957100e-04;      94536
1.0184950160100e-04;      91892
1.0186780918800e-04;      91892
1.0188780915700e-04;      94488
1.0190611071500e-04;      94488
1.0192610256700e-04;      84288
1.0194607541300e-04;      84288
1.0196441020000e-04;      86884
1.0198437602900e-04;      86884
1.0200271080800e-04;      89480
1.0202267776200e-04;      89480
1.0204100451600e-04;      86836
1.0206097758700e-04;      86836
1.0207931213500e-04;      89432
1.0209927908900e-04;      89432
1.0211760576700e-04;      92028
1.0213757958600e-04;      92028
1.0215590615500e-04;      89384
1.0217587899900e-04;      89384
1.0219587897900e-04;      84424
1.0221418081800e-04;      84424
1.0223417251900e-04;      81780
1.0225248025300e-04;      81780
1.0227248014300e-04;      84376
1.0229078180500e-04;      84376
1.0231077378100e-04;      86972
1.0232908244900e-04;      86972
1.0234907418000e-04;      84328
1.0236904722800e-04;      84328
1.0238738192200e-04;      79368
1.0240734878600e-04;      79368
1.0242567557800e-04;      84280
1.0244564859300e-04;      84280
1.0246398320800e-04;      79320
1.0248394900800e-04;      79320
1.0250228380600e-04;      81916
1.0252225082800e-04;      81916
1.0254057749200e-04;      79272
1.0256055052100e-04;      79272
1.0258055053900e-04;      81868
1.0259885214400e-04;      81868
1.0261884407100e-04;      79224
1.0263715184200e-04;      79224
1.0265715193600e-04;      81820
1.0267545281700e-04;      81820
1.0269545279900e-04;      76860
1.0271375469600e-04;      76860
1.0273374666800e-04;      81772
1.0275371963800e-04;      81772
1.0277205436600e-04;      76812
1.0279202132600e-04;      76812
1.0281034800100e-04;      79408
1.0283032186900e-04;      79408
1.0284864859300e-04;      76764
1.0286862158200e-04;      76764
1.0288695643700e-04;      79360
1.0290692351900e-04;      79360
1.0292525012400e-04;      76716
1.0294522305900e-04;      76716
1.0296522307600e-04;      79312
1.0298352382900e-04;      79312
1.0300352382900e-04;      81908
1.0302182570600e-04;      81908
1.0304181759900e-04;      79264
1.0306012536100e-04;      79264
1.0308012526600e-04;      74304
1.0309842703000e-04;      74304
1.0311841901300e-04;      71660
1.0313839212300e-04;      71660
1.0315672697600e-04;      74256
1.0317669292900e-04;      74256
1.0319502789600e-04;      76852
1.0321499484900e-04;      76852
1.0323332186200e-04;      74208
1.0325329491200e-04;      74208
1.0327162964500e-04;      76804
1.0329159663500e-04;      76804
1.0330992336800e-04;      79400
1.0332989734500e-04;      79400
1.0334822435200e-04;      69200
1.0336819735200e-04;      69200
1.0338819730800e-04;      71796
1.0340649912500e-04;      71796
1.0342649100300e-04;      69152
1.0344479893900e-04;      69152
1.0346479892400e-04;      71748
1.0348310067400e-04;      71748
1.0350309267400e-04;      74344
1.0352140144600e-04;      74344
1.0354139350600e-04;      71700
1.0356136643900e-04;      71700
1.0357970129300e-04;      66740
1.0359966827900e-04;      66740
1.0361799507000e-04;      64096
1.0363796826400e-04;      64096
1.0365630306200e-04;      66692
1.0367626906600e-04;      66692
1.0369460391900e-04;      69288
1.0371457088900e-04;      69288
1.0373289768900e-04;      66644
1.0375287086100e-04;      66644
1.0377287104000e-04;      69240
1.0379117296900e-04;      69240
1.0381116497100e-04;      71836
1.0382947377500e-04;      71836
1.0384946571700e-04;      69192
1.0386777365700e-04;      69192
1.0388777368600e-04;      64232
1.0390607535700e-04;      64232
1.0392606736700e-04;      69144
1.0394604024900e-04;      69144
1.0396437517400e-04;      71740
1.0398434223900e-04;      71740
1.0400266898000e-04;      66780
1.0402264304300e-04;      66780
1.0404096994200e-04;      64136
1.0406094300400e-04;      64136
1.0407927770900e-04;      66732
1.0409924476700e-04;      66732
1.0411757157900e-04;      64088
1.0413754468500e-04;      64088
1.0415754483300e-04;      66684
1.0417584556100e-04;      66684
1.0419584565900e-04;      69280
1.0421414740900e-04;      69280
1.0423413941500e-04;      66636
1.0425244723400e-04;      66636
1.0427244735800e-04;      61676
1.0429074915600e-04;      61676
1.0431074112700e-04;      59032
1.0433071416700e-04;      59032
1.0434904885700e-04;      61628
1.0436901493100e-04;      61628
1.0438734959400e-04;      64224
1.0440731658100e-04;      64224
1.0442564327800e-04;      61580
1.0444561621600e-04;      61580
1.0446395091000e-04;      64176
1.0448391799900e-04;      64176
1.0450224481300e-04;      66772
1.0452221882700e-04;      66772
1.0454054553700e-04;      64128
1.0456051864500e-04;      64128
1.0458051865800e-04;      59168
1.0459882039800e-04;      59168
1.0461881266800e-04;      56524
1.0463712046300e-04;      56524
1.0465712057500e-04;      59120
1.0467542125900e-04;      59120
1.0469542123100e-04;      61716
1.0471372307300e-04;      61716
1.0473371518200e-04;      59072
1.0475368831400e-04;      59072
1.0477202302400e-04;      61668
1.0479199015100e-04;      61668
1.0481031712500e-04;      51468
1.0483029018500e-04;      51468
1.0484862501300e-04;      54064
1.0486859116200e-04;      54064
1.0488692596300e-04;      56660
1.0490689301800e-04;      56660
1.0492521993600e-04;      54016
1.0494519301000e-04;      54016
1.0496519309500e-04;      56612
1.0498349491600e-04;      56612
1.0500348677600e-04;      59208
1.0502179570400e-04;      59208
1.0504178767800e-04;      56564
1.0506009544000e-04;      56564
1.0508009546800e-04;      59160
1.0509839748000e-04;      59160
1.0511838947200e-04;      56516
1.0513836252900e-04;      56516
1.0515669742300e-04;      59112
1.0517666349400e-04;      59112
1.0519499819500e-04;      54152
1.0521496536400e-04;      54152
1.0523329213200e-04;      59064
1.0525326523100e-04;      59064
1.0527160014100e-04;      54104
1.0529156721800e-04;      54104
1.0530989409900e-04;      51460
1.0532986708400e-04;      51460
1.0534986721800e-04;      54056
1.0536816801500e-04;      54056
1.0538816803800e-04;      56652
1.0540646973700e-04;      56652
1.0542646206200e-04;      54008
1.0544476991000e-04;      54008
1.0546477004600e-04;      56604
1.0548307186200e-04;      56604
1.0550306394400e-04;      59200
1.0552137287800e-04;      59200
1.0554136504700e-04;      56556
1.0556133820300e-04;      56556
1.0557967316800e-04;      51596
1.0559964038000e-04;      51596
1.0561796718600e-04;      56508
1.0563794033400e-04;      56508
1.0565627527200e-04;      51548
1.0567624252100e-04;      51548
1.0569456938200e-04;      54144
1.0571454352400e-04;      54144
1.0573287032000e-04;      51500
1.0575284346400e-04;      51500
1.0577284363300e-04;      54096
1.0579114546600e-04;      54096
1.0581113756400e-04;      51452
1.0582944535300e-04;      51452
1.0584944559200e-04;      54048
1.0586774649300e-04;      54048
1.0588774657000e-04;      49088
1.0590604842000e-04;      49088
1.0592604059800e-04;      46444
1.0594601370800e-04;      46444
1.0596434854000e-04;      49040
1.0598431553700e-04;      49040
1.0600264224000e-04;      51636
1.0602261658300e-04;      51636
1.0604094321300e-04;      48992
1.0606091642200e-04;      48992
1.0607925121400e-04;      51588
1.0609921847600e-04;      51588
1.0611754530400e-04;      48944
1.0613751843900e-04;      48944
1.0615751848100e-04;      51540
1.0617582038600e-04;      51540
1.0619581259000e-04;      54136
1.0621412142700e-04;      54136
1.0623411370400e-04;      51492
1.0625242130000e-04;      51492
1.0627242152700e-04;      46532
1.0629072323800e-04;      46532
1.0631071549800e-04;      43888
1.0633068871700e-04;      43888
1.0634902342000e-04;      46484
1.0636898950600e-04;      46484
1.0638732448300e-04;      49080
1.0640729155800e-04;      49080
1.0642561837900e-04;      46436
1.0644559142800e-04;      46436
1.0646392629500e-04;      49032
1.0648389346600e-04;      49032
1.0650222041400e-04;      51628
1.0652219443600e-04;      51628
1.0654052120400e-04;      41428
1.0656049427100e-04;      41428
1.0658049435600e-04;      44024
1.0659879616400e-04;      44024
1.0661878832400e-04;      48936
1.0663709627400e-04;      48936
1.0665709619400e-04;      43976
1.0667539798000e-04;      43976
1.0669539014400e-04;      46572
1.0671369895400e-04;      46572
1.0673369103200e-04;      43928
1.0675366419300e-04;      43928
1.0677199894900e-04;      46524
1.0679196606300e-04;      46524
1.0681029310900e-04;      43880
1.0683026625200e-04;      43880
1.0684860103200e-04;      46476
1.0686856719300e-04;      46476
1.0688690208600e-04;      41516
1.0690686926800e-04;      41516
1.0692519615700e-04;      38872
1.0694516918400e-04;      38872
1.0696516926900e-04;      41468
1.0698347121700e-04;      41468
1.0700346328000e-04;      38824
1.0702177126900e-04;      38824
1.0704177149000e-04;      41420
1.0706007240700e-04;      41420
1.0708007257800e-04;      44016
1.0709837446500e-04;      44016
1.0711836657200e-04;      41372
1.0713833992800e-04;      41372
1.0715667469400e-04;      43968
1.0717664180500e-04;      43968
1.0719496871000e-04;      46564
1.0721494286100e-04;      46564
1.0723326987600e-04;      43920
1.0725324305600e-04;      43920
1.0727157787600e-04;      38960
1.0729154516800e-04;      38960
1.0730987203700e-04;      36316
1.0732984523000e-04;      36316
1.0734984556100e-04;      38912
1.0736814645700e-04;      38912
1.0738814659100e-04;      41508
1.0740644850500e-04;      41508
1.0742644066400e-04;      38864
1.0744474858300e-04;      38864
1.0746474867800e-04;      41460
1.0748305050500e-04;      41460
1.0750304277900e-04;      38816
1.0752301594400e-04;      38816
1.0754135093900e-04;      41412
1.0756131695000e-04;      41412
1.0757965197600e-04;      44008
1.0759961918100e-04;      44008
1.0761794604000e-04;      41364
1.0763791940200e-04;      41364
1.0765625430700e-04;      36404
1.0767622132300e-04;      36404
1.0769454833400e-04;      39000
1.0771452236100e-04;      39000
1.0773284930900e-04;      36356
1.0775282236300e-04;      36356
1.0777282251900e-04;      38952
1.0779112435400e-04;      38952
1.0781111648300e-04;      36308
1.0782942427200e-04;      36308
1.0784942435600e-04;      38904
1.0786772541100e-04;      38904
1.0788772571600e-04;      41500
1.0790602765900e-04;      41500
1.0792601992300e-04;      38856
1.0794599313200e-04;      38856
1.0796432811400e-04;      33896
1.0798429517200e-04;      33896
1.0800262224700e-04;      31252
1.0802259538100e-04;      31252
1.0804093017900e-04;      33848
1.0806089641800e-04;      33848
1.0807923133700e-04;      36444
1.0809919864200e-04;      36444
1.0811752555700e-04;      33800
1.0813749865600e-04;      33800
1.0815749893600e-04;      36396
1.0817580091600e-04;      36396
1.0819579302900e-04;      38992
1.0821410198300e-04;      38992
1.0823409436700e-04;      36348
1.0825240214900e-04;      36348
1.0827240235900e-04;      38944
1.0829070437700e-04;      38944
1.0831069655500e-04;      36300
1.0833066960500e-04;      36300
1.0834900465200e-04;      38896
1.0836897083700e-04;      38896
1.0838730592300e-04;      41492
1.0840727322100e-04;      41492
1.0842560018200e-04;      38848
1.0844557345400e-04;      38848
1.0846390836800e-04;      33888
1.0848387554700e-04;      33888
1.0850220251000e-04;      31244
1.0852217560700e-04;      31244
1.0854217583500e-04;      33840
1.0856047675100e-04;      33840
1.0858047695400e-04;      36436
1.0859877862500e-04;      36436
1.0861877088100e-04;      33792
1.0863707892800e-04;      33792
1.0865707902100e-04;      36388
1.0867538090200e-04;      36388
1.0869537315900e-04;      38984
1.0871368200300e-04;      38984
1.0873367421600e-04;      36340
1.0875364748600e-04;      36340
1.0877198236200e-04;      31380
1.0879194936300e-04;      31380
1.0881027635500e-04;      36292
1.0883024961200e-04;      36292
1.0884858453400e-04;      31332
1.0886855167900e-04;      31332
1.0888687858100e-04;      33928
1.0890685277200e-04;      33928
1.0892517961600e-04;      31284
1.0894515279200e-04;      31284
1.0896515308200e-04;      33880
1.0898345499800e-04;      33880
1.0900344709300e-04;      31236
1.0902175503000e-04;      31236
1.0904175532700e-04;      33832
1.0906005626800e-04;      33832
1.0908005648900e-04;      36428
1.0909835843900e-04;      36428
1.0911835086100e-04;      33784
1.0913832414700e-04;      33784
1.0915665889500e-04;      36380
1.0917662599300e-04;      36380
1.0919495302100e-04;      31420
1.0921492720600e-04;      31420
1.0923325425800e-04;      28776
1.0925322734500e-04;      28776
1.0927156230500e-04;      31372
1.0929152949400e-04;      31372
1.0930985644600e-04;      28728
1.0932982969300e-04;      28728
1.0934982994700e-04;      31324
1.0936813201900e-04;      31324
1.0938812414400e-04;      33920
1.0940643298600e-04;      33920
1.0942642525500e-04;      31276
1.0944473308200e-04;      31276
1.0946473342500e-04;      33872
1.0948303550000e-04;      33872
1.0950302776200e-04;      31228
1.0952300094100e-04;      31228
1.0954133589300e-04;      33824
1.0956130206800e-04;      33824
1.0957963701700e-04;      28864
1.0959960420900e-04;      28864
1.0961793104400e-04;      26220
1.0963790436000e-04;      26220
1.0965623913200e-04;      28816
1.0967620646300e-04;      28816
1.0969453338100e-04;      31412
1.0971450771400e-04;      31412
1.0973283463800e-04;      28768
1.0975280797400e-04;      28768
1.0977280817600e-04;      31364
1.0979110997000e-04;      31364
1.0981110223700e-04;      28720
1.0982941025800e-04;      28720
1.0984941047000e-04;      31316
1.0986771228400e-04;      31316
1.0988770458100e-04;      26356
1.0990601332600e-04;      26356
1.0992600559300e-04;      31268
1.0994597880100e-04;      31268
1.0996431368700e-04;      26308
1.0998428101700e-04;      26308
1.1000260788800e-04;      23664
1.1002258107700e-04;      23664
1.1004091611600e-04;      26260
1.1006088225500e-04;      26260
1.1007921719200e-04;      28856
1.1009918444500e-04;      28856
1.1011751131000e-04;      26212
1.1013748448100e-04;      26212
1.1015748477500e-04;      28808
1.1017578669800e-04;      28808
1.1019577899100e-04;      31404
1.1021408789300e-04;      31404
1.1023408013500e-04;      28760
1.1025238819800e-04;      28760
1.1027238852800e-04;      31356
1.1029069057400e-04;      31356
1.1031068275600e-04;      28712
1.1033065598900e-04;      28712
1.1034899083700e-04;      23752
1.1036895820900e-04;      23752
1.1038728518700e-04;      26348
1.1040725950000e-04;      26348
1.1042558655100e-04;      23704
1.1044555976000e-04;      23704
1.1046389473100e-04;      26300
1.1048386220100e-04;      26300
1.1050218905500e-04;      23656
1.1052216233900e-04;      23656
1.1054216250900e-04;      26252
1.1056046346700e-04;      26252
1.1058046371900e-04;      28848
1.1059876571800e-04;      28848
1.1061875797600e-04;      26204
1.1063706597300e-04;      26204
1.1065706624500e-04;      28800
1.1067536828300e-04;      28800
1.1069536058600e-04;      31396
1.1071366953300e-04;      31396
1.1073366158700e-04;      21196
1.1075363466800e-04;      21196
1.1077196964700e-04;      23792
1.1079193690400e-04;      23792
1.1081026384600e-04;      28704
1.1083023716000e-04;      28704
1.1084857217400e-04;      23744
1.1086853941300e-04;      23744
1.1088686643400e-04;      26340
1.1090684052200e-04;      26340
1.1092516769800e-04;      23696
1.1094514089500e-04;      23696
1.1096514107200e-04;      26292
1.1098344319800e-04;      26292
1.1100343535500e-04;      23648
1.1102174333400e-04;      23648
1.1104174358400e-04;      26244
1.1106004457300e-04;      26244
1.1108004458700e-04;      21284
1.1109834666500e-04;      21284
1.1111833887100e-04;      26196
1.1113831215200e-04;      26196
1.1115664721100e-04;      21236
1.1117661451500e-04;      21236
1.1119494136300e-04;      18592
1.1121491463500e-04;      18592
1.1123324967200e-04;      21188
1.1125321594800e-04;      21188
1.1127155089300e-04;      23784
1.1129151815100e-04;      23784
1.1130984525500e-04;      21140
1.1132981835000e-04;      21140
1.1134981855600e-04;      23736
1.1136812053100e-04;      23736
1.1138811278100e-04;      26332
1.1140642164900e-04;      26332
1.1142641385800e-04;      23688
1.1144472162000e-04;      23688
1.1146472201900e-04;      26284
1.1148302386200e-04;      26284
1.1150301625700e-04;      23640
1.1152298952300e-04;      23640
1.1154132448800e-04;      26236
1.1156129071100e-04;      26236
1.1157962585300e-04;      21276
1.1159959309500e-04;      21276
1.1161791996600e-04;      18632
1.1163789340000e-04;      18632
1.1165622845800e-04;      21228
1.1167619569500e-04;      21228
1.1169452286300e-04;      18584
1.1171449610600e-04;      18584
1.1173449632500e-04;      21180
1.1175279729000e-04;      21180
1.1177279752600e-04;      23776
1.1179109931000e-04;      23776
1.1181109163800e-04;      21132
1.1182939952600e-04;      21132
1.1184939995500e-04;      23728
1.1186770204900e-04;      23728
1.1188769425700e-04;      26324
1.1190600339300e-04;      26324
1.1192599570500e-04;      23680
1.1194596904900e-04;      23680
1.1196430401500e-04;      18720
1.1198427124600e-04;      18720
1.1200259824100e-04;      23632
1.1202257149600e-04;      23632
1.1204090642500e-04;      26228
1.1206087279400e-04;      26228
1.1207920773200e-04;      21268
1.1209917499200e-04;      21268
1.1211750215100e-04;      18624
1.1213747528500e-04;      18624
1.1215747562500e-04;      21220
1.1217577756500e-04;      21220
1.1219576983000e-04;      18576
1.1221407763800e-04;      18576
1.1223407791800e-04;      21172
1.1225237883500e-04;      21172
1.1227237916400e-04;      23768
1.1229068120700e-04;      23768
1.1231067351500e-04;      21124
1.1233064686400e-04;      21124
1.1234898185500e-04;      23720
1.1236894901200e-04;      23720
1.1238727612500e-04;      26316
1.1240725037400e-04;      26316
1.1242557732900e-04;      23672
1.1244555059400e-04;      23672
1.1246388557400e-04;      18712
1.1248385288900e-04;      18712
1.1250217994300e-04;      16068
1.1252215305700e-04;      16068
1.1254215322900e-04;      18664
1.1256045412800e-04;      18664
1.1258045454800e-04;      21260
1.1259875658200e-04;      21260
1.1261874872400e-04;      18616
1.1263705679100e-04;      18616
1.1265705706400e-04;      21212
1.1267535900100e-04;      21212
1.1269535126300e-04;      18568
1.1271532454900e-04;      18568
1.1273365945900e-04;      21164
1.1275362566300e-04;      21164
1.1277196067500e-04;      16204
1.1279192803600e-04;      16204
1.1281025499300e-04;      21116
1.1283022823200e-04;      21116
1.1284856331700e-04;      23712
1.1286853072300e-04;      23712
1.1288685767000e-04;      18752
1.1290683193900e-04;      18752
1.1292515888300e-04;      16108
1.1294513210300e-04;      16108
1.1296513246800e-04;      18704
1.1298343447300e-04;      18704
1.1300342669500e-04;      16060
1.1302173472000e-04;      16060
1.1304173490800e-04;      18656
1.1306003589100e-04;      18656
1.1308003621200e-04;      21252
1.1309833822500e-04;      21252
1.1311833053200e-04;      18608
1.1313830378000e-04;      18608
1.1315663882300e-04;      21204
1.1317660600000e-04;      21204
1.1319493307000e-04;      18560
1.1321490645200e-04;      18560
1.1323324152100e-04;      21156
1.1325320789700e-04;      21156
1.1327154284800e-04;      23752
1.1329151025400e-04;      23752
1.1330983722400e-04;      21108
1.1332981050800e-04;      21108
1.1334981071600e-04;      16148
1.1336811264100e-04;      16148
1.1338810477000e-04;      18744
1.1340641381000e-04;      18744
1.1342640605700e-04;      16100
1.1344471411300e-04;      16100
1.1346471437900e-04;      18696
1.1348301658000e-04;      18696
1.1350300889400e-04;      16052
1.1352298211600e-04;      16052
1.1354131725600e-04;      18648
1.1356128344900e-04;      18648
1.1357961848700e-04;      21244
1.1359958562400e-04;      21244
1.1361791274700e-04;      18600
1.1363788608100e-04;      18600
1.1365622101700e-04;      21196
1.1367618847300e-04;      21196
1.1369451540500e-04;      10996
1.1371448892300e-04;      10996
1.1373448924400e-04;      13592
1.1375279018600e-04;      13592
1.1377279054300e-04;      16188
1.1379109253300e-04;      16188
1.1381108487900e-04;      21100
1.1382939298600e-04;      21100
1.1384939319600e-04;      16140
1.1386769532200e-04;      16140
1.1388768756200e-04;      18736
1.1390599650700e-04;      18736
1.1392598872900e-04;      16092
1.1394596210600e-04;      16092
1.1396429713100e-04;      18688
1.1398426459300e-04;      18688
1.1400259156200e-04;      16044
1.1402256487400e-04;      16044
1.1404089980400e-04;      18640
1.1406086597400e-04;      18640
1.1407920114000e-04;      21236
1.1409916837200e-04;      21236
1.1411749546800e-04;      18592
1.1413746881000e-04;      18592
1.1415746917500e-04;      13632
1.1417577125500e-04;      13632
1.1419576354100e-04;      10988
1.1421407152500e-04;      10988
1.1423407189400e-04;      13584
1.1425237295000e-04;      13584
1.1427237309100e-04;      16180
1.1429067510700e-04;      16180
1.1431066748300e-04;      13536
1.1433064077000e-04;      13536
1.1434897579700e-04;      16132
1.1436894310400e-04;      16132
1.1438727021000e-04;      18728
1.1440724445600e-04;      18728
1.1442557146800e-04;      16084
1.1444554467800e-04;      16084
1.1446387985300e-04;      18680
1.1448384703200e-04;      18680
1.1450217421800e-04;      16036
1.1452214758100e-04;      16036
1.1454214785000e-04;      18632
1.1456044864800e-04;      18632
1.1458044907300e-04;      21228
1.1459875113900e-04;      21228
1.1461874351200e-04;      18584
1.1463705167000e-04;      18584
1.1465705198900e-04;      13624
1.1467535388700e-04;      13624
1.1469534613200e-04;      10980
1.1471531933800e-04;      10980
1.1473365444900e-04;      13576
1.1475362072700e-04;      13576
1.1477195589600e-04;      16172
1.1479192311300e-04;      16172
1.1481025020600e-04;      13528
1.1483022350200e-04;      13528
1.1484855853300e-04;      16124
1.1486852574600e-04;      16124
1.1488685274200e-04;      18720
1.1490682706700e-04;      18720
1.1492515414100e-04;      16076
1.1494512731800e-04;      16076
1.1496512759600e-04;      18672
1.1498342951400e-04;      18672
1.1500342187400e-04;      16028
1.1502172995200e-04;      16028
1.1504173020200e-04;      18624
1.1506003095000e-04;      18624
1.1508003139700e-04;      21220
1.1509833337600e-04;      21220
1.1511832571400e-04;      18576
1.1513829906100e-04;      18576
1.1515663419500e-04;      13616
1.1517660161000e-04;      13616
1.1519492855600e-04;      10972
1.1521490175000e-04;      10972
1.1523323683000e-04;      13568
1.1525320317500e-04;      13568
1.1527153817400e-04;      16164
1.1529150549400e-04;      16164
1.1530983264700e-04;      13520
1.1532980579000e-04;      13520
1.1534980607500e-04;      16116
1.1536810813400e-04;      16116
1.1538810028700e-04;      18712
1.1540640923600e-04;      18712
1.1542640147000e-04;      16068
1.1544470943700e-04;      16068
1.1546470963200e-04;      18664
1.1548301181300e-04;      18664
1.1550300414300e-04;      16020
1.1552297739300e-04;      16020
1.1554131241300e-04;      18616
1.1556127979200e-04;      18616
1.1557960682600e-04;      13656
1.1559958119000e-04;      13656
1.1561790814500e-04;      11012
1.1563788149500e-04;      11012
1.1565621647100e-04;      13608
1.1567618376900e-04;      13608
1.1569451071500e-04;      10964
1.1571448401700e-04;      10964
1.1573448419100e-04;      13560
1.1575278518700e-04;      13560
1.1577278553200e-04;      16156
1.1579108751100e-04;      16156
1.1581107981700e-04;      13512
1.1582938773900e-04;      13512
1.1584938814100e-04;      16108
1.1586769023100e-04;      16108
1.1588768252000e-04;      18704
1.1590599160500e-04;      18704
1.1592598394900e-04;      16060
1.1594595725400e-04;      16060
1.1596429228700e-04;      11100
1.1598425949900e-04;      11100
1.1600258646500e-04;      16012
1.1602255988300e-04;      16012
1.1604089477300e-04;      11052
1.1606086187300e-04;      11052
1.1607918901800e-04;      13648
1.1609916324900e-04;      13648
1.1611749015300e-04;      11004
1.1613746346400e-04;      11004
1.1615746374300e-04;      13600
1.1617576579300e-04;      13600
1.1619575816300e-04;      10956
1.1621406617100e-04;      10956
1.1623406664300e-04;      13552
1.1625236766900e-04;      13552
1.1627236788400e-04;      16148
1.1629066990000e-04;      16148
1.1631066220300e-04;      13504
1.1633063561900e-04;      13504
1.1634897070700e-04;      16100
1.1636893787000e-04;      16100
1.1638726497000e-04;      18696
1.1640723928400e-04;      18696
1.1642556646200e-04;      16052
1.1644553974600e-04;      16052
1.1646387491100e-04;      11092
1.1648384207400e-04;      11092
1.1650216896000e-04;      16004
1.1652214237600e-04;      16004
1.1654214271400e-04;      11044
1.1656044464800e-04;      11044
1.1658043683300e-04;      13640
1.1659874596900e-04;      13640
1.1661873826300e-04;      10996
1.1663704640800e-04;      10996
1.1665704680100e-04;      13592
1.1667534879600e-04;      13592
1.1669534103900e-04;      10948
1.1671531441000e-04;      10948
1.1673364928200e-04;      13544
1.1675361561700e-04;      13544
1.1677195077700e-04;      16140
1.1679191797600e-04;      16140
1.1681024525000e-04;      13496
1.1683021841700e-04;      13496
1.1684855355300e-04;      16092
1.1686852076400e-04;      16092
1.1688684773300e-04;      18688
1.1690682211200e-04;      18688
1.1692514916800e-04;       8488
1.1694512244100e-04;       8488
1.1696512259000e-04;      11084
1.1698342464900e-04;      11084
1.1700341689700e-04;      15996
1.1702172492700e-04;      15996
1.1704172526300e-04;      11036
1.1706002733200e-04;      11036
1.1708001976800e-04;      13632
1.1709832883600e-04;      13632
1.1711832104800e-04;      10988
1.1713829426200e-04;      10988
1.1715662921600e-04;      13584
1.1717659656700e-04;      13584
1.1719492349700e-04;      10940
1.1721489687600e-04;      10940
1.1723323195600e-04;      13536
1.1725319824400e-04;      13536
1.1727153336700e-04;      16132
1.1729150057600e-04;      16132
1.1730982773500e-04;      13488
1.1732980085300e-04;      13488
1.1734980122300e-04;      16084
1.1736810327500e-04;      16084
1.1738809556300e-04;      11124
1.1740640471300e-04;      11124
1.1742639709900e-04;       8480
1.1744470501600e-04;       8480
1.1746470531000e-04;      11076
1.1748300720200e-04;      11076
1.1750299941900e-04;      15988
1.1752297269600e-04;      15988
1.1754130766400e-04;      11028
1.1756127489800e-04;      11028
1.1757960196800e-04;      13624
1.1759957629700e-04;      13624
1.1761790350000e-04;      10980
1.1763787670200e-04;      10980
1.1765621167700e-04;      13576
1.1767617888600e-04;      13576
1.1769450589400e-04;      10932
1.1771447918300e-04;      10932
1.1773447942500e-04;      13528
1.1775278061600e-04;      13528
1.1777278091100e-04;      16124
1.1779108289800e-04;      16124
1.1781107524400e-04;      13480
1.1782938326800e-04;      13480
1.1784938354500e-04;       8520
1.1786768558900e-04;       8520
1.1788767809300e-04;      11116
1.1790598700800e-04;      11116
1.1792597923500e-04;       8472
1.1794595270800e-04;       8472
1.1796428774800e-04;      11068
1.1798425510200e-04;      11068
1.1800258205800e-04;       8424
1.1802255530200e-04;       8424
1.1804089024400e-04;      11020
1.1806085759500e-04;      11020
1.1807918477100e-04;      13616
1.1809915907600e-04;      13616
1.1811748616100e-04;      10972
1.1813745947600e-04;      10972
1.1815745972400e-04;      13568
1.1817576179800e-04;      13568
1.1819575402700e-04;      10924
1.1821406192100e-04;      10924
1.1823406233200e-04;      13520
1.1825236324400e-04;      13520
1.1827236349700e-04;       8560
1.1829066558000e-04;       8560
1.1831065788800e-04;      13472
1.1833063129700e-04;      13472
1.1834896629100e-04;      16068
1.1836893356400e-04;      16068
1.1838726062600e-04;      11108
1.1840723496700e-04;      11108
1.1842556197200e-04;       8464
1.1844553517600e-04;       8464
1.1846387030700e-04;      11060
1.1848383749200e-04;      11060
1.1850216446900e-04;       8416
1.1852213770300e-04;       8416
1.1854213805600e-04;      11012
1.1856044016600e-04;      11012
1.1858043243500e-04;      13608
1.1859874151000e-04;      13608
1.1861873379200e-04;      10964
1.1863704177900e-04;      10964
1.1865704197000e-04;      13560
1.1867534389400e-04;      13560
1.1869533619800e-04;       3360
1.1871530974100e-04;       3360
1.1873364471600e-04;       5956
1.1875361097100e-04;       5956
1.1877194584100e-04;       8552
1.1879191320600e-04;       8552
1.1881024016600e-04;       5908
1.1883021360100e-04;       5908
1.1884854865300e-04;       8504
1.1886851599800e-04;       8504
1.1888684305500e-04;      11100
1.1890681738500e-04;      11100
1.1892514451800e-04;       8456
1.1894511789000e-04;       8456
1.1896511841000e-04;      11052
1.1898342044600e-04;      11052
1.1900341262900e-04;       8408
1.1902172068500e-04;       8408
1.1904172115000e-04;      11004
1.1906002313000e-04;      11004
1.1908001549300e-04;      13600
1.1909832450000e-04;      13600
1.1911831671300e-04;      10956
1.1913829009800e-04;      10956
1.1915662528900e-04;      13552
1.1917659248500e-04;      13552
1.1919491955800e-04;      10908
1.1921489292600e-04;      10908
1.1923322813700e-04;      13504
1.1925319440700e-04;      13504
1.1927152940400e-04;       8544
1.1929149665300e-04;       8544
1.1930982371500e-04;       5900
1.1932979702800e-04;       5900
1.1934979737900e-04;       8496
1.1936809924800e-04;       8496
1.1938809166700e-04;      11092
1.1940640072300e-04;      11092
1.1942639294600e-04;       8448
1.1944470089100e-04;       8448
1.1946470109600e-04;      11044
1.1948300322200e-04;      11044
1.1950299553200e-04;       8400
1.1952296869300e-04;       8400
1.1954130382400e-04;      10996
1.1956127127900e-04;      10996
1.1957959845400e-04;      13592
1.1959957281800e-04;      13592
1.1961789989300e-04;      10948
1.1963787326500e-04;      10948
1.1965620823500e-04;      13544
1.1967617535000e-04;      13544
1.1969450245000e-04;      10900
1.1971447569000e-04;      10900
1.1973447604700e-04;       5940
1.1975277709500e-04;       5940
1.1977277740600e-04;       8536
1.1979107925200e-04;       8536
1.1981107152100e-04;       5892
1.1982937961400e-04;       5892
1.1984937975100e-04;       8488
1.1986768180600e-04;       8488
1.1988767407800e-04;      11084
1.1990598323900e-04;      11084
1.1992597558000e-04;       8440
1.1994594890900e-04;       8440
1.1996428394900e-04;      11036
1.1998425110100e-04;      11036
1.2000257827000e-04;       8392
1.2002255160500e-04;       8392
1.2004088649600e-04;      10988
1.2006085382600e-04;      10988
1.2007918084400e-04;      13584
1.2009915502400e-04;      13584
1.2011748221000e-04;      10940
1.2013745555500e-04;      10940
1.2015745602700e-04;       5980
1.2017575804200e-04;       5980
1.2019575021800e-04;       3336
1.2021405823000e-04;       3336
1.2023405862500e-04;       5932
1.2025235978300e-04;       5932
1.2027236010400e-04;       8528
1.2029066219500e-04;       8528
1.2031065455900e-04;       5884
1.2033062783400e-04;       5884
1.2034896294400e-04;       8480
1.2036893017400e-04;       8480
1.2038725727800e-04;      11076
1.2040723156400e-04;      11076
1.2042555853700e-04;       8432
1.2044553174100e-04;       8432
1.2046386692000e-04;      11028
1.2048383420400e-04;      11028
1.2050216119100e-04;       8384
1.2052213446600e-04;       8384
1.2054213479900e-04;      10980
1.2056043677300e-04;      10980
1.2058042909000e-04;      13576
1.2059873809800e-04;      13576
1.2061873042100e-04;      10932
1.2063703835200e-04;      10932
1.2065703859400e-04;       5972
1.2067534055600e-04;       5972
1.2069533306000e-04;       3328
1.2071530626200e-04;       3328
1.2073364141800e-04;       5924
1.2075360773000e-04;       5924
1.2077194282200e-04;       8520
1.2079191011500e-04;       8520
1.2081023705000e-04;       5876
1.2083021046800e-04;       5876
1.2084854545100e-04;       8472
1.2086851268000e-04;       8472
1.2088683981800e-04;      11068
1.2090681406900e-04;      11068
1.2092514132100e-04;       8424
1.2094511469700e-04;       8424
1.2096511506300e-04;      11020
1.2098341706600e-04;      11020
1.2100340922600e-04;       8376
1.2102171736200e-04;       8376
1.2104171766300e-04;      10972
1.2106001967700e-04;      10972
1.2108001187400e-04;       6012
1.2109832087400e-04;       6012
1.2111831333600e-04;       3368
1.2113828670100e-04;       3368
1.2115662166700e-04;       5964
1.2117658897400e-04;       5964
1.2119491604500e-04;       3320
1.2121488934300e-04;       3320
1.2123322444000e-04;       5916
1.2125319076500e-04;       5916
1.2127152580500e-04;       8512
1.2129149317400e-04;       8512
1.2130982011100e-04;       5868
1.2132979331000e-04;       5868
1.2134979377600e-04;       8464
1.2136809573700e-04;       8464
1.2138808815200e-04;      11060
1.2140639715000e-04;      11060
1.2142638947800e-04;       8416
1.2144469753200e-04;       8416
1.2146469784400e-04;       3456
1.2148299978500e-04;       3456
1.2150299222000e-04;       8368
1.2152296558700e-04;       8368
1.2154130058700e-04;      10964
1.2156126780800e-04;      10964
1.2157959476700e-04;       6004
1.2159956907100e-04;       6004
1.2161789642500e-04;       3360
1.2163786975100e-04;       3360
1.2165620488400e-04;       5956
1.2167617226600e-04;       5956
1.2169449925900e-04;       3312
1.2171447239100e-04;       3312
1.2173447262000e-04;       5908
1.2175277376100e-04;       5908
1.2177277406000e-04;       8504
1.2179107612600e-04;       8504
1.2181106839700e-04;       5860
1.2182937633100e-04;       5860
1.2184937662800e-04;       8456
1.2186767857800e-04;       8456
1.2188767098800e-04;      11052
1.2190598000300e-04;      11052
1.2192597246200e-04;       8408
1.2194594572200e-04;       8408
1.2196428063700e-04;      11004
1.2198424786700e-04;      11004
1.2200257499800e-04;       8360
1.2202254836700e-04;       8360
1.2204088348900e-04;       3400
1.2206085072800e-04;       3400
1.2207917790400e-04;       5996
1.2209915235000e-04;       5996
1.2211747940700e-04;       3352
1.2213745264600e-04;       3352
1.2215745289100e-04;       5948
1.2217575502000e-04;       5948
1.2219574756800e-04;       3304
1.2221405568300e-04;       3304
1.2223405589400e-04;       5900
1.2225235688600e-04;       5900
1.2227235709700e-04;       8496
1.2229065925900e-04;       8496
1.2231065161000e-04;       5852
1.2233062500000e-04;       5852
1.2234896005900e-04;       8448
1.2236892740700e-04;       8448
1.2238725456300e-04;      11044
1.2240722886100e-04;      11044
1.2242555573700e-04;       8400
1.2244552912500e-04;       8400
1.2246386418500e-04;       3440
1.2248383156900e-04;       3440
1.2250215869100e-04;       8352
1.2252213191700e-04;       8352
1.2254213222000e-04;       3392
1.2256043424600e-04;       3392
1.2258042667400e-04;       5988
1.2259873564800e-04;       5988
1.2261872803900e-04;       3344
1.2263703608600e-04;       3344
1.2265703640000e-04;       5940
1.2267533840900e-04;       5940
1.2269533075100e-04;       3296
1.2271530399100e-04;       3296
1.2273363889100e-04;       5892
1.2275360531800e-04;       5892
1.2277194036300e-04;       8488
1.2279190759600e-04;       8488
1.2281023467200e-04;       5844
1.2283020807900e-04;       5844
1.2284854300600e-04;       8440
1.2286851035800e-04;       8440
1.2288683721600e-04;      11036
1.2290681167600e-04;      11036
1.2292513873400e-04;       8392
1.2294511209800e-04;       8392
1.2296511258300e-04;       3432
1.2298341470300e-04;       3432
1.2300340700300e-04;       8344
1.2302171498400e-04;       8344
1.2304171550100e-04;       3384
1.2306001743000e-04;       3384
1.2308000995800e-04;       5980
1.2309831908400e-04;       5980
1.2311831151500e-04;       3336
1.2313828493000e-04;       3336
1.2315661991900e-04;       5932
1.2317658732100e-04;       5932
1.2319491444600e-04;       3288
1.2321488766300e-04;       3288
1.2323322256000e-04;       5884
1.2325318894400e-04;       5884
1.2327152407300e-04;       8480
1.2329149134100e-04;       8480
1.2330981848500e-04;       5836
1.2332979179000e-04;       5836
1.2334979238600e-04;       8432
1.2336809459800e-04;       8432
1.2338808695700e-04;      11028
1.2340639612200e-04;      11028
1.2342638853400e-04;       8384
1.2344469649400e-04;       8384
1.2346469692600e-04;       3424
1.2348299903300e-04;       3424
1.2350299144400e-04;       8336
1.2352296476600e-04;       8336
1.2354129988800e-04;       3376
1.2356126720700e-04;       3376
1.2357959424100e-04;       5972
1.2359956853400e-04;       5972
1.2361789566300e-04;       3328
1.2363786908000e-04;       3328
1.2365620425600e-04;       5924
1.2367617147600e-04;       5924
1.2369449867000e-04;       3280
1.2371447203500e-04;       3280
1.2373447235000e-04;       5876
1.2375277344300e-04;       5876
1.2377277395900e-04;       8472
1.2379107609300e-04;       8472
1.2381106844800e-04;       5828
1.2382937661400e-04;       5828
1.2384937684400e-04;       8424
1.2386767894900e-04;       8424
1.2388767116300e-04;      11020
1.2390598019700e-04;      11020
1.2392597256400e-04;       8376
1.2394594587400e-04;       8376
1.2396428104400e-04;       3416
1.2398424852800e-04;       3416
1.2400257555400e-04;       8328
1.2402254898600e-04;       8328
1.2404088401600e-04;      10924
1.2406085133200e-04;      10924
1.2407917845400e-04;       5964
1.2409915283300e-04;       5964
1.2411747997200e-04;      10876
1.2413745344700e-04;      10876
1.2415745378600e-04;       5916
1.2417575586700e-04;       5916
1.2419574790600e-04;       3272
1.2421405598700e-04;       3272
1.2423405636800e-04;       5868
1.2425235743200e-04;       5868
1.2427235761200e-04;       8464
1.2429065980200e-04;       8464
1.2431065233600e-04;       5820
1.2433062571700e-04;       5820
1.2434896089800e-04;       8416
1.2436892802700e-04;       8416
1.2438725523200e-04;      11012
1.2440722959600e-04;      11012
1.2442555667500e-04;       8368
1.2444552997500e-04;       8368
1.2446386507400e-04;      10964
1.2448383254700e-04;      10964
1.2450215969600e-04;       8320
1.2452213304200e-04;       8320
1.2454213343400e-04;      10916
1.2456043543200e-04;      10916
1.2458042788500e-04;      13512
1.2459873701200e-04;      13512
1.2461872926600e-04;      10868
1.2463703714200e-04;      10868
1.2465703770100e-04;       5908
1.2467533973100e-04;       5908
1.2469533198000e-04;       3264
1.2471530544200e-04;       3264
1.2473364043300e-04;       5860
1.2475360670600e-04;       5860
1.2477194189800e-04;       8456
1.2479190920700e-04;       8456
1.2481023634000e-04;       5812
1.2483020962000e-04;       5812
1.2484854484200e-04;       8408
1.2486851216500e-04;       8408
1.2488683919800e-04;      11004
1.2490681345200e-04;      11004
1.2492514039100e-04;       8360
1.2494511379100e-04;       8360
1.2496511413100e-04;      10956
1.2498341617500e-04;      10956
1.2500340846700e-04;       8312
1.2502171651900e-04;       8312
1.2504171705200e-04;      10908
1.2506001910500e-04;      10908
1.2508001137000e-04;       5948
1.2509832043400e-04;       5948
1.2511831280000e-04;       3304
1.2513828597900e-04;       3304
1.2515662115800e-04;       5900
1.2517658846400e-04;       5900
1.2519491556600e-04;       3256
1.2521488881100e-04;       3256
1.2523322398700e-04;       5852
1.2525319036700e-04;       5852
1.2527152527700e-04;       8448
1.2529149267600e-04;       8448
1.2530981970000e-04;       5804
1.2532979303400e-04;       5804
1.2534979326300e-04;       8400
1.2536809530500e-04;       8400
1.2538808748200e-04;      10996
1.2540639656100e-04;      10996
1.2542638907100e-04;       8352
1.2544469717300e-04;       8352
1.2546469752200e-04;       3392
1.2548299957900e-04;       3392
1.2550299183100e-04;       8304
1.2552296529400e-04;       8304
1.2554130026600e-04;      10900
1.2556126747900e-04;      10900
1.2557959447800e-04;       5940
1.2559956876100e-04;       5940
1.2561789581800e-04;       3296
1.2563786906800e-04;       3296
1.2565620413700e-04;       5892
1.2567617151200e-04;       5892
1.2569449849100e-04;       3248
1.2571447196000e-04;       3248
1.2573447227200e-04;       5844
1.2575277332000e-04;       5844
1.2577277350700e-04;       8440
1.2579107561500e-04;       8440
1.2581106807500e-04;       5796
1.2582937616400e-04;       5796
1.2584937652400e-04;       8392
1.2586767860600e-04;       8392
1.2588767082200e-04;      10988
1.2590597992200e-04;      10988
1.2592597216200e-04;       8344
1.2594594551800e-04;       8344
1.2596428041600e-04;      10940
1.2598424773800e-04;      10940
1.2600257486700e-04;       8296
1.2602254809200e-04;       8296
1.2604088308900e-04;       3336
1.2606085046400e-04;       3336
1.2607917742200e-04;       5932
1.2609915184200e-04;       5932
1.2611747882900e-04;       3288
1.2613745207000e-04;       3288
1.2615745253000e-04;       5884
1.2617575469800e-04;       5884
1.2619574699700e-04;       3240
1.2621405493000e-04;       3240
1.2623405545000e-04;       5836
1.2625235648400e-04;       5836
1.2627235682500e-04;       8432
1.2629065881200e-04;       8432
1.2631065126600e-04;       5788
1.2633062464200e-04;       5788
1.2634895972200e-04;       8384
1.2636892709100e-04;       8384
1.2638725410400e-04;      10980
1.2640722843200e-04;      10980
1.2642555545200e-04;       8336
1.2644552887900e-04;       8336
1.2646386384800e-04;      10932
1.2648383119900e-04;      10932
1.2650215825200e-04;       8288
1.2652213175600e-04;       8288
1.2654213198900e-04;       3328
1.2656043394200e-04;       3328
1.2658042628600e-04;       5924
1.2659873541700e-04;       5924
1.2661872777500e-04;       3280
1.2663703588900e-04;       3280
1.2665703619800e-04;       5876
1.2667533841800e-04;       5876
1.2669533069600e-04;       3232
1.2671530418100e-04;       3232
1.2673363909400e-04;       5828
1.2675360540600e-04;       5828
1.2677194048600e-04;       8424
1.2679190774400e-04;       8424
1.2681023482400e-04;       5780
1.2683020816600e-04;       5780
1.2684854322800e-04;       8376
1.2686851062000e-04;       8376
1.2688683761800e-04;      10972
1.2690681195900e-04;      10972
1.2692513903400e-04;       8328
1.2694511242600e-04;       8328
1.2696511261900e-04;       3368
1.2698341464500e-04;       3368
1.2700340703600e-04;       8280
1.2702171497600e-04;       8280
1.2704171549200e-04;       3320
1.2706001754400e-04;       3320
1.2708000983500e-04;       5916
1.2709831893900e-04;       5916
1.2711831128700e-04;       3272
1.2713828478000e-04;       3272
1.2715661985900e-04;       5868
1.2717658723700e-04;       5868
1.2719491435200e-04;       3224
1.2721488764200e-04;       3224
1.2723322270000e-04;       5820
1.2725318903600e-04;       5820
1.2727152410900e-04;       8416
1.2729149149000e-04;       8416
1.2730981847800e-04;       5772
1.2732979201700e-04;       5772
1.2734979224000e-04;       8368
1.2736809426000e-04;       8368
1.2738808651400e-04;      10964
1.2740639556700e-04;      10964
1.2742638795600e-04;       8320
1.2744469594700e-04;       8320
1.2746469632400e-04;       3360
1.2748299855600e-04;       3360
1.2750299090800e-04;       8272
1.2752296408200e-04;       8272
1.2754129924400e-04;      10868
1.2756126662100e-04;      10868
1.2757959352400e-04;       5908
1.2759956778000e-04;       5908
1.2761789498500e-04;       3264
1.2763786832000e-04;       3264
1.2765620349800e-04;       5860
1.2767617090000e-04;       5860
1.2769449787900e-04;       3216
1.2771447128700e-04;       3216
1.2773447149400e-04;       5812
1.2775277250400e-04;       5812
1.2777277289400e-04;       8408
1.2779107496600e-04;       8408
1.2781106724600e-04;       5764
1.2782937540800e-04;       5764
1.2784937564500e-04;       8360
1.2786767781500e-04;       8360
1.2788767007000e-04;      10956
1.2790597899700e-04;      10956
1.2792597134400e-04;       8312
1.2794594460800e-04;       8312
1.2796427974800e-04;       3352
1.2798424675100e-04;       3352
1.2800257379200e-04;       8264
1.2802254707300e-04;       8264
1.2804088199900e-04;       3304
1.2806084945500e-04;       3304
1.2807917649200e-04;       5900
1.2809915080600e-04;       5900
1.2811747787200e-04;       3256
1.2813745099700e-04;       3256
1.2815745141300e-04;       5852
1.2817575358400e-04;       5852
1.2819574586300e-04;       3208
1.2821405387400e-04;       3208
1.2823405425000e-04;       5804
1.2825235518400e-04;       5804
1.2827235541100e-04;       8400
1.2829065760900e-04;       8400
1.2831064982200e-04;       5756
1.2833062309100e-04;       5756
1.2834895826000e-04;       8352
1.2836892570600e-04;       8352
1.2838725269800e-04;      10948
1.2840722708000e-04;      10948
1.2842555411500e-04;        748
1.2844552752300e-04;        748
1.2846386256700e-04;       3344
1.2848383001600e-04;       3344
1.2850215702800e-04;       8256
1.2852213031800e-04;       8256
1.2854213062000e-04;       3296
1.2856043253400e-04;       3296
1.2858042471200e-04;       5892
1.2859873371900e-04;       5892
1.2861872619500e-04;       3248
1.2863703420200e-04;       3248
1.2865703445300e-04;       5844
1.2867533657700e-04;       5844
1.2869532882200e-04;       3200
1.2871530213400e-04;       3200
1.2873363711600e-04;       5796
1.2875360361100e-04;       5796
1.2877193867400e-04;       8392
1.2879190602900e-04;       8392
1.2881023305700e-04;       5748
1.2883020647900e-04;       5748
1.2884854155600e-04;       8344
1.2886850882400e-04;       8344
1.2888683592800e-04;      10940
1.2890681027900e-04;      10940
1.2892513743400e-04;        740
1.2894511077000e-04;        740
1.2896511109100e-04;       3336
1.2898341313800e-04;       3336
1.2900340533700e-04;       8248
1.2902171349200e-04;       8248
1.2904171385000e-04;       3288
1.2906001587200e-04;       3288
1.2908000825100e-04;       5884
1.2909831736900e-04;       5884
1.2911830976200e-04;       3240
1.2913828310900e-04;       3240
1.2915661815200e-04;       5836
1.2917658533700e-04;       5836
1.2919491238100e-04;       3192
1.2921488560800e-04;       3192
1.2923322068200e-04;       5788
1.2925318710900e-04;       5788
1.2927152212400e-04;       8384
1.2929148932200e-04;       8384
1.2930981645900e-04;       5740
1.2932978986200e-04;       5740
1.2934979011300e-04;       8336
1.2936809212700e-04;       8336
1.2938808454400e-04;      10932
1.2940639370300e-04;      10932
1.2942638589200e-04;       8288
1.2944469402100e-04;       8288
1.2946469431200e-04;       3328
1.2948299646200e-04;       3328
1.2950298884300e-04;       8240
1.2952296222100e-04;       8240
1.2954129735300e-04;       3280
1.2956126471600e-04;       3280
1.2957959177800e-04;       5876
1.2959956613300e-04;       5876
1.2961789314800e-04;       3232
1.2963786653000e-04;       3232
1.2965620168900e-04;       5828
1.2967616905500e-04;       5828
1.2969449600800e-04;       3184
1.2971446928700e-04;       3184
1.2973446958700e-04;       5780
1.2975277057700e-04;       5780
1.2977277086900e-04;       8376
1.2979107292400e-04;       8376
1.2981106530400e-04;       5732
1.2982937335200e-04;       5732
1.2984937373800e-04;       8328
1.2986767577300e-04;       8328
1.2988766817900e-04;      10924
1.2990597709500e-04;      10924
1.2992596917100e-04;       8280
1.2994594272200e-04;       8280
1.2996427784000e-04;       3320
1.2998424505300e-04;       3320
1.3000257209500e-04;       8232
1.3002254547200e-04;       8232
1.3004088046200e-04;       3272
1.3006084775300e-04;       3272
1.3007917500700e-04;       5868
1.3009914918600e-04;       5868
1.3011747620100e-04;       3224
1.3013744951800e-04;       3224
1.3015744998400e-04;       5820
1.3017575192900e-04;       5820
1.3019574436000e-04;       3176
1.3021405245400e-04;       3176
1.3023405271000e-04;       5772
1.3025235389400e-04;       5772
1.3027235440700e-04;       8368
1.3029065645100e-04;       8368
1.3031064866400e-04;       5724
1.3033062195900e-04;       5724
1.3034895704500e-04;        764
1.3036892447900e-04;        764
1.3038725153600e-04;      -1880
1.3040722594100e-04;      -1880
1.3042555302200e-04;        716
1.3044552632100e-04;        716
1.3046386154400e-04;       3312
1.3048382893200e-04;       3312
1.3050215593500e-04;       8224
1.3052212922500e-04;       8224
1.3054212958700e-04;       3264
1.3056043165900e-04;       3264
1.3058042385700e-04;       5860
1.3059873286800e-04;       5860
1.3061872529300e-04;       3216
1.3063703338800e-04;       3216
1.3065703374100e-04;       5812
1.3067533590000e-04;       5812
1.3069532830200e-04;       3168
1.3071530156900e-04;       3168
1.3073363663600e-04;       5764
1.3075360308600e-04;       5764
1.3077193821300e-04;       8360
1.3079190551400e-04;       8360
1.3081023258600e-04;       5716
1.3083020611100e-04;       5716
1.3084854118300e-04;       8312
1.3086850852400e-04;       8312
1.3088683564000e-04;      10908
1.3090680997600e-04;      10908
1.3092513685500e-04;       8264
1.3094511036700e-04;       8264
1.3096511076900e-04;       3304
1.3098341291300e-04;       3304
1.3100340503300e-04;       8216
1.3102171302600e-04;       8216
1.3104171323700e-04;       3256
1.3106001536900e-04;       3256
1.3108000769800e-04;       5852
1.3109831685600e-04;       5852
1.3111830901100e-04;       3208
1.3113828230900e-04;       3208
1.3115661732900e-04;       5804
1.3117658463700e-04;       5804
1.3119491167800e-04;       3160
1.3121488500900e-04;       3160
1.3123322010300e-04;       5756
1.3125318665800e-04;       5756
1.3127152161700e-04;       8352
1.3129148894700e-04;       8352
1.3130981605600e-04;       5708
1.3132978928000e-04;       5708
1.3134978981400e-04;       8304
1.3136809186800e-04;       8304
1.3138808420500e-04;      -1896
1.3140639212400e-04;      -1896
1.3142639226900e-04;        700
1.3144469347000e-04;        700
1.3146469379200e-04;       3296
1.3148299599500e-04;       3296
1.3150298818300e-04;       8208
1.3152296154300e-04;       8208
1.3154129660500e-04;       3248
1.3156126380500e-04;       3248
1.3157959087900e-04;       5844
1.3159956513000e-04;       5844
1.3161789218400e-04;       3200
1.3163786554200e-04;       3200
1.3165620059400e-04;       5796
1.3167616799600e-04;       5796
1.3169449509300e-04;       3152
1.3171446842500e-04;       3152
1.3173446858800e-04;       5748
1.3175276968000e-04;       5748
1.3177276993200e-04;       8344
1.3179107199800e-04;       8344
1.3181106439300e-04;       5700
1.3182937230600e-04;       5700
1.3184937242600e-04;       8296
1.3186767443600e-04;       8296
1.3188766680000e-04;      10892
1.3190597591100e-04;      10892
1.3192596848900e-04;        692
1.3194594169600e-04;        692
1.3196427673600e-04;       3288
1.3198424396900e-04;       3288
1.3200257108800e-04;       8200
1.3202254435200e-04;       8200
1.3204087955200e-04;       3240
1.3206084682100e-04;       3240
1.3207917370600e-04;       5836
1.3209914808100e-04;       5836
1.3211747514600e-04;       3192
1.3213744843500e-04;       3192
1.3215744879300e-04;       5788
1.3217575090300e-04;       5788
1.3219574286200e-04;       3144
1.3221405083200e-04;       3144
1.3223405117500e-04;       5740
1.3225235239700e-04;       5740
1.3227235252400e-04;       8336
1.3229065475100e-04;       8336
1.3231064709500e-04;       5692
1.3233062040800e-04;       5692
1.3234895559200e-04;        732
1.3236892293900e-04;        732
1.3238724998900e-04;      -1912
1.3240722346000e-04;      -1912
1.3242555849300e-04;        684
1.3244552484900e-04;        684
1.3246385984900e-04;       3280
1.3248382723800e-04;       3280
1.3250215435600e-04;        636
1.3252212769300e-04;        636
1.3254212807200e-04;       3232
1.3256043013700e-04;       3232
1.3258042247900e-04;       5828
1.3259873147800e-04;       5828
1.3261872388600e-04;       3184
1.3263703211200e-04;       3184
1.3265703246700e-04;       5780
1.3267533437800e-04;       5780
1.3269532669400e-04;       3136
1.3271530001500e-04;       3136
1.3273363508600e-04;       5732
1.3275360149500e-04;       5732
1.3277193653100e-04;       8328
1.3279190400900e-04;       8328
1.3281023104200e-04;       5684
1.3283020448300e-04;       5684
1.3284853937500e-04;       8280
1.3286850673600e-04;       8280
1.3288683383400e-04;      10876
1.3290680815800e-04;      10876
1.3292513536900e-04;        676
1.3294510872600e-04;        676
1.3296510900100e-04;       3272
1.3298341123300e-04;       3272
1.3300340357700e-04;       8184
1.3302171137300e-04;       8184
1.3304171161100e-04;       3224
1.3306001380900e-04;       3224
1.3308000594200e-04;       5820
1.3309831502600e-04;       5820
1.3311830739200e-04;       3176
1.3313828057300e-04;       3176
1.3315661574400e-04;       5772
1.3317658301100e-04;       5772
1.3319490998400e-04;       3128
1.3321488312900e-04;       3128
1.3323321815900e-04;       5724
1.3325318451200e-04;       5724
1.3327151958300e-04;       8320
1.3329148702200e-04;       8320
1.3330981397700e-04;       5676
1.3332978729300e-04;       5676
1.3334978760400e-04;        716
1.3336808974500e-04;        716
1.3338808209700e-04;      -1928
1.3340639115300e-04;      -1928
1.3342638366600e-04;        668
1.3344469165400e-04;        668
1.3346469217300e-04;       3264
1.3348299405900e-04;       3264
1.3350298660600e-04;        620
1.3352295976600e-04;        620
1.3354129476400e-04;       3216
1.3356126209500e-04;       3216
1.3357958911300e-04;       5812
1.3359956348800e-04;       5812
1.3361789059600e-04;       3168
1.3363786396500e-04;       3168
1.3365619897400e-04;       5764
1.3367616631200e-04;       5764
1.3369449336600e-04;       3120
1.3371446660600e-04;       3120
1.3373446695300e-04;       5716
1.3375276800000e-04;       5716
1.3377276832500e-04;       8312
1.3379107032500e-04;       8312
1.3381106252300e-04;       5668
1.3382937070400e-04;       5668
1.3384937106500e-04;        708
1.3386767320700e-04;        708
1.3388766549600e-04;      -1936
1.3390763867300e-04;      -1936
1.3392597354700e-04;        660
1.3394593994000e-04;        660
1.3396427500100e-04;       3256
1.3398424225600e-04;       3256
1.3400256944700e-04;        612
1.3402254276100e-04;        612
1.3404087786500e-04;       3208
1.3406084530000e-04;       3208
1.3407917241500e-04;       5804
1.3409914668000e-04;       5804
1.3411747395500e-04;       3160
1.3413744732900e-04;       3160
1.3415744767000e-04;       5756
1.3417574989800e-04;       5756
1.3419574230600e-04;       3112
1.3421405044100e-04;       3112
1.3423405080200e-04;       5708
1.3425235185500e-04;       5708
1.3427235212100e-04;       8304
1.3429065404600e-04;       8304
1.3431064663200e-04;       5660
1.3433061986500e-04;       5660
1.3434895484500e-04;       8256
1.3436892234000e-04;       8256
1.3438724922000e-04;       3296
1.3440722281900e-04;       3296
1.3442555769800e-04;        652
1.3444552408800e-04;        652
1.3446385922800e-04;       3248
1.3448382664100e-04;       3248
1.3450215364700e-04;        604
1.3452212716000e-04;        604
1.3454212739300e-04;       3200
1.3456042944400e-04;       3200
1.3458042158200e-04;       5796
1.3459873071100e-04;       5796
1.3461872312000e-04;       3152
1.3463703103500e-04;       3152
1.3465703141100e-04;       5748
1.3467533335600e-04;       5748
1.3469532563700e-04;       3104
1.3471529908100e-04;       3104
1.3473363421200e-04;       5700
1.3475360066500e-04;       5700
1.3477193574000e-04;       8296
1.3479190314900e-04;       8296
1.3481023030000e-04;       5652
1.3483020359600e-04;       5652
1.3484853870400e-04;       8248
1.3486850620800e-04;       8248
1.3488683323900e-04;      -1952
1.3490680658400e-04;      -1952
1.3492680678400e-04;        644
1.3494510782700e-04;        644
1.3496510835200e-04;       3240
1.3498341020200e-04;       3240
1.3500340259100e-04;        596
1.3502171062500e-04;        596
1.3504171118200e-04;       3192
1.3506001309700e-04;       3192
1.3508000544300e-04;       5788
1.3509831453200e-04;       5788
1.3511830685500e-04;       3144
1.3513828009500e-04;       3144
1.3515661537500e-04;       5740
1.3517658279400e-04;       5740
1.3519490987400e-04;       3096
1.3521488327300e-04;       3096
1.3523321834100e-04;       5692
1.3525318459300e-04;       5692
1.3527151957400e-04;       8288
1.3529148693900e-04;       8288
1.3530981417400e-04;       5644
1.3532978760700e-04;       5644
1.3534978779700e-04;        684
1.3536808996400e-04;        684
1.3538808223300e-04;       3280
1.3540639047500e-04;       3280
1.3542639073200e-04;        636
1.3544469181700e-04;        636
1.3546469220400e-04;       3232
1.3548299426600e-04;       3232
1.3550298667600e-04;        588
1.3552296002400e-04;        588
1.3554129527800e-04;       3184
1.3556126241100e-04;       3184
1.3557958965000e-04;       5780
1.3559956393100e-04;       5780
1.3561789090200e-04;       3136
1.3563786399800e-04;       3136
1.3565619921400e-04;       5732
1.3567616666200e-04;       5732
1.3569449342300e-04;       3088
1.3571446663700e-04;       3088
1.3573446702200e-04;       5684
1.3575276811300e-04;       5684
1.3577276856500e-04;       8280
1.3579107066200e-04;       8280
1.3581106283700e-04;       5636
1.3582937076500e-04;       5636
1.3584937130500e-04;        676
1.3586767337100e-04;        676
1.3588766560800e-04;      -1968
1.3590763898600e-04;      -1968
1.3592597409700e-04;        628
1.3594594040400e-04;        628
1.3596427549600e-04;       3224
1.3598424274700e-04;       3224
1.3600256978800e-04;       8136
1.3602254310900e-04;       8136
1.3604087806300e-04;       3176
1.3606084557000e-04;       3176
1.3607917249300e-04;       5772
1.3609914696600e-04;       5772
1.3611747401100e-04;       3128
1.3613744735700e-04;       3128
1.3615744755300e-04;      -1832
1.3617574955100e-04;      -1832
1.3619574168600e-04;       3080
1.3621404991200e-04;       3080
1.3623404998100e-04;       5676
1.3625235105300e-04;       5676
1.3627235135800e-04;        716
1.3629065348300e-04;        716
1.3631064590100e-04;       5628
1.3633061935300e-04;       5628
1.3634895457100e-04;        668
1.3636892195800e-04;        668
1.3638724912900e-04;      -1976
1.3640722236100e-04;      -1976
1.3642555751800e-04;        620
1.3644552396900e-04;        620
1.3646385906600e-04;       3216
1.3648382637000e-04;       3216
1.3650215327600e-04;        572
1.3652212663400e-04;        572
1.3654212694300e-04;       3168
1.3656042907600e-04;       3168
1.3658042131100e-04;       5764
1.3659873038400e-04;       5764
1.3661872268400e-04;       3120
1.3663703060900e-04;       3120
1.3665703100600e-04;      -1840
1.3667533282200e-04;      -1840
1.3669532527400e-04;       3072
1.3671529872400e-04;       3072
1.3673363372000e-04;       5668
1.3675360026400e-04;       5668
1.3677193529000e-04;        708
1.3679190259300e-04;        708
1.3681022952400e-04;       5620
1.3683020287300e-04;       5620
1.3684853795100e-04;        660
1.3686850533800e-04;        660
1.3688683235900e-04;      -1984
1.3690680585900e-04;      -1984
1.3692680627900e-04;        612
1.3694510746800e-04;        612
1.3696510787400e-04;       3208
1.3698341001400e-04;       3208
1.3700340241000e-04;        564
1.3702171049600e-04;        564
1.3704171077600e-04;       3160
1.3706001272200e-04;       3160
1.3708000492100e-04;       5756
1.3709831398000e-04;       5756
1.3711830623500e-04;       3112
1.3713827956300e-04;       3112
1.3715661456500e-04;       5708
1.3717658182200e-04;       5708
1.3719490917400e-04;       3064
1.3721488243400e-04;       3064
1.3723321758800e-04;       5660
1.3725318400200e-04;       5660
1.3727151890000e-04;        700
1.3729148618600e-04;        700
1.3730981325200e-04;       5612
1.3732978664700e-04;       5612
1.3734978678800e-04;       8208
1.3736808873100e-04;       8208
1.3738808110900e-04;      -1992
1.3740638914800e-04;      -1992
1.3742638951000e-04;        604
1.3744469061200e-04;        604
1.3746469104400e-04;       3200
1.3748299313400e-04;       3200
1.3750298561400e-04;        556
1.3752295878600e-04;        556
1.3754129390800e-04;       3152
1.3756126115700e-04;       3152
1.3757958839900e-04;       5748
1.3759956268500e-04;       5748
1.3761788971200e-04;       3104
1.3763786320700e-04;       3104
1.3765619814400e-04;      -1856
1.3767616551600e-04;      -1856
1.3769449245500e-04;       3056
1.3771446582400e-04;       3056
1.3773446611400e-04;       5652
1.3775276721100e-04;       5652
1.3777276755400e-04;        692
1.3779106962200e-04;        692
1.3781106202500e-04;      -1952
1.3782937024300e-04;      -1952
1.3784937059600e-04;        644
1.3786767277300e-04;        644
1.3788766480600e-04;      -2000
1.3790763820500e-04;      -2000
1.3792597337500e-04;        596
1.3794593980000e-04;        596
1.3796427471800e-04;       3192
1.3798424226800e-04;       3192
1.3800256899800e-04;        548
1.3802254225800e-04;        548
1.3804087731000e-04;       3144
1.3806084452300e-04;       3144
1.3807917161200e-04;       5740
1.3809914603900e-04;       5740
1.3811747291400e-04;       3096
1.3813744642700e-04;       3096
1.3815744682100e-04;      -1864
1.3817574892300e-04;      -1864
1.3819574130700e-04;       3048
1.3821404913600e-04;       3048
1.3823404957200e-04;       5644
1.3825235056800e-04;       5644
1.3827235094500e-04;       8240
1.3829065278700e-04;       8240
1.3831064496400e-04;       5596
1.3833061847900e-04;       5596
1.3834895357500e-04;        636
1.3836892102200e-04;        636
1.3838724782500e-04;      -2008
1.3840722114300e-04;      -2008
1.3842555608700e-04;        588
1.3844552218800e-04;        588
1.3846385718300e-04;       3184
1.3848382460800e-04;       3184
1.3850215189500e-04;        540
1.3852212536200e-04;        540
1.3854212564400e-04;       3136
1.3856042769800e-04;       3136
1.3858042005900e-04;       5732
1.3859872918500e-04;       5732
1.3861872164800e-04;       3088
1.3863702967500e-04;       3088
1.3865703012500e-04;       5684
1.3867533226000e-04;       5684
1.3869532457200e-04;       3040
1.3871529808900e-04;       3040
1.3873363320200e-04;       5636
1.3875359930000e-04;       5636
1.3877193457700e-04;        676
1.3879190165300e-04;        676
1.3881022879800e-04;       5588
1.3883020206900e-04;       5588
1.3884853699600e-04;        628
1.3886850451900e-04;        628
1.3888683151400e-04;      -2016
1.3890680490800e-04;      -2016
1.3892680520500e-04;        580
1.3894510608400e-04;        580
1.3896510646900e-04;       3176
1.3898340850200e-04;       3176
1.3900340095300e-04;        532
1.3902170904300e-04;        532
1.3904170943700e-04;       3128
1.3906001161500e-04;       3128
1.3908000405800e-04;       5724
1.3909831325300e-04;       5724
1.3911830535700e-04;       3080
1.3913827881000e-04;       3080
1.3915661406600e-04;      -1880
1.3917658140900e-04;      -1880
1.3919490849800e-04;       3032
1.3921488208800e-04;       3032
1.3923321707800e-04;       5628
1.3925318342900e-04;       5628
1.3927151834400e-04;       8224
1.3929148578200e-04;       8224
1.3930981270800e-04;       5580
1.3932978586300e-04;       5580
1.3934978611100e-04;        620
1.3936808817600e-04;        620
1.3938808056900e-04;      -2024
1.3940638851900e-04;      -2024
1.3942638884100e-04;        572
1.3944468980900e-04;        572
1.3946469031500e-04;       3168
1.3948299243200e-04;       3168
1.3950298464700e-04;        524
1.3952295808900e-04;        524
1.3954129339600e-04;       3120
1.3956126065900e-04;       3120
1.3957958782100e-04;       5716
1.3959956208100e-04;       5716
1.3961788923300e-04;       3072
1.3963786266300e-04;       3072
1.3965619764400e-04;       5668
1.3967616500800e-04;       5668
1.3969449191100e-04;       3024
1.3971446554000e-04;       3024
1.3973446568200e-04;       5620
1.3975276671900e-04;       5620
1.3977276701500e-04;        660
1.3979106903100e-04;        660
1.3981106132200e-04;      -1984
1.3982936956200e-04;      -1984
1.3984937000100e-04;        612
1.3986767210200e-04;        612
1.3988766430900e-04;      -2032
1.3990763784000e-04;      -2032
1.3992597285400e-04;        564
1.3994593937500e-04;        564
1.3996427429400e-04;       3160
1.3998424166200e-04;       3160
1.4000256877700e-04;        516
1.4002254206900e-04;        516
1.4004087721500e-04;       3112
1.4006084458600e-04;       3112
1.4007917156700e-04;       5708
1.4009914580600e-04;       5708
1.4011747263700e-04;       3064
1.4013744618100e-04;       3064
1.4015744643300e-04;      -1896
1.4017574843100e-04;      -1896
1.4019574081200e-04;       3016
1.4021404868100e-04;       3016
1.4023404897600e-04;       5612
1.4025235010500e-04;       5612
1.4027235059200e-04;        652
1.4029065252600e-04;        652
1.4031064486300e-04;      -1992
1.4033061816300e-04;      -1992
1.4034895296300e-04;        604
1.4036892053000e-04;        604
1.4038724741500e-04;      -2040
1.4040722088500e-04;      -2040
1.4042555598000e-04;        556
1.4044552223800e-04;        556
1.4046385715100e-04;       3152
1.4048382454900e-04;       3152
1.4050215153600e-04;        508
1.4052212493600e-04;        508
1.4054212515400e-04;       3104
1.4056042715100e-04;       3104
1.4058041948600e-04;       5700
1.4059872853200e-04;       5700
1.4061872100100e-04;       3056
1.4063702916900e-04;       3056
1.4065702941300e-04;      -1904
1.4067533156900e-04;      -1904
1.4069532400500e-04;       3008
1.4071529721200e-04;       3008
1.4073363239700e-04;       5604
1.4075359853500e-04;       5604
1.4077193358900e-04;        644
1.4079190077100e-04;        644
1.4081022787200e-04;      -2000
1.4083020110900e-04;      -2000
1.4084853636900e-04;        596
1.4086850383200e-04;        596
1.4088683092300e-04;      -2048
1.4090680433800e-04;      -2048
1.4092680442700e-04;        548
1.4094510549600e-04;        548
1.4096510577700e-04;       3144
1.4098340790500e-04;       3144
1.4100340027900e-04;        500
1.4102170828900e-04;        500
1.4104170865600e-04;       3096
1.4106001063600e-04;       3096
1.4108000288400e-04;       5692
1.4109831194600e-04;       5692
1.4111830445300e-04;       3048
1.4113827793000e-04;       3048
1.4115661301700e-04;      -1912
1.4117658060300e-04;      -1912
1.4119490758000e-04;       3000
1.4121488105500e-04;       3000
1.4123321603300e-04;       5596
1.4125318243600e-04;       5596
1.4127151757300e-04;        636
1.4129148493100e-04;        636
1.4130981205900e-04;      -2008
1.4132978545000e-04;      -2008
1.4134978589800e-04;        588
1.4136808805700e-04;        588
1.4138808040800e-04;      -2056
1.4140638870700e-04;      -2056
1.4142638890700e-04;        540
1.4144469007200e-04;        540
1.4146469005800e-04;       3136
1.4148299213900e-04;       3136
1.4150298439400e-04;        492
1.4152295772800e-04;        492
1.4154129277900e-04;       3088
1.4156126017700e-04;       3088
1.4157958750900e-04;       5684
1.4159956193600e-04;       5684
1.4161788915600e-04;       3040
1.4163786249500e-04;       3040
1.4165619785600e-04;       5636
1.4167616518300e-04;       5636
1.4169449231900e-04;       2992
1.4171446550900e-04;       2992
1.4173446568600e-04;       5588
1.4175276666100e-04;       5588
1.4177276719000e-04;       8184
1.4179106905400e-04;       8184
1.4181106138700e-04;       5540
1.4182936938100e-04;       5540
1.4184936976800e-04;        580
1.4186767206400e-04;        580
1.4188766437100e-04;      -2064
1.4190763778200e-04;      -2064
1.4192597285700e-04;        532
1.4194593905400e-04;        532
1.4196427400300e-04;       3128
1.4198424128300e-04;       3128
1.4200256844300e-04;        484
1.4202254182100e-04;        484
1.4204087695900e-04;       3080
1.4206084448900e-04;       3080
1.4207917151400e-04;       5676
1.4209914592100e-04;       5676
1.4211747290200e-04;       3032
1.4213744623200e-04;       3032
1.4215744664300e-04;       5628
1.4217574840300e-04;       5628
1.4219574093500e-04;       2984
1.4221404908800e-04;       2984
1.4223404952300e-04;       5580
1.4225235066400e-04;       5580
1.4227235111100e-04;        620
1.4229065317900e-04;        620
1.4231064563500e-04;      -2024
1.4233061903100e-04;      -2024
1.4234895413000e-04;        572
1.4236892150300e-04;        572
1.4238724869600e-04;      -2072
1.4240722196000e-04;      -2072
1.4242555720900e-04;        524
1.4244552349200e-04;        524
1.4246385842900e-04;       3120
1.4248382581500e-04;       3120
1.4250215316700e-04;        476
1.4252212640400e-04;        476
1.4254212673200e-04;       3072
1.4256042890500e-04;       3072
1.4258042131900e-04;       5668
1.4259873047600e-04;       5668
1.4261872282600e-04;       3024
1.4263703107700e-04;       3024
1.4265703158300e-04;       5620
1.4267533367800e-04;       5620
1.4269532600900e-04;       2976
1.4271529955900e-04;       2976
1.4273363463900e-04;       5572
1.4275360083300e-04;       5572
1.4277193596400e-04;       8168
1.4279190328600e-04;       8168
1.4281023029000e-04;       5524
1.4283020346500e-04;       5524
1.4284853869400e-04;        564
1.4286850584900e-04;        564
1.4288683298800e-04;      -2080
1.4290680612900e-04;      -2080
1.4292680667300e-04;        516
1.4294510764100e-04;        516
1.4296510799800e-04;       3112
1.4298341005000e-04;       3112
1.4300340240600e-04;        468
1.4302171040900e-04;        468
1.4304171077800e-04;       3064
1.4306001292700e-04;       3064
1.4308000528800e-04;       5660
1.4309831424500e-04;       5660
1.4311830650900e-04;       3016
1.4313827987400e-04;       3016
1.4315661497300e-04;      -1944
1.4317658236100e-04;      -1944
1.4319490943200e-04;       2968
1.4321488282800e-04;       2968
1.4323321798700e-04;       5564
1.4325318441800e-04;       5564
1.4327151947100e-04;       8160
1.4329148692200e-04;       8160
1.4330981394100e-04;       5516
1.4332978762400e-04;       5516
1.4334978783700e-04;       8112
1.4336809005300e-04;       8112
1.4338808238100e-04;      -2088
1.4340639047300e-04;      -2088
1.4342639077400e-04;        508
1.4344469181400e-04;        508
1.4346469221100e-04;       3104
1.4348299437800e-04;       3104
1.4350298677200e-04;        460
1.4352296007300e-04;        460
1.4354129500100e-04;       3056
1.4356126234500e-04;       3056
1.4357958942100e-04;       5652
1.4359956377600e-04;       5652
1.4361789094300e-04;       3008
1.4363786424800e-04;       3008
1.4365619932000e-04;       5604
1.4367616676600e-04;       5604
1.4369449378400e-04;       2960
1.4371446715900e-04;       2960
1.4373446757300e-04;       5556
1.4375276872900e-04;       5556
1.4377276904000e-04;        596
1.4379107126800e-04;        596
1.4381106352400e-04;       5508
1.4382937167700e-04;       5508
1.4384937208700e-04;        548
1.4386767415300e-04;        548
1.4388766646000e-04;      -2096
1.4390597559400e-04;      -2096
1.4392596807100e-04;        500
1.4394594149200e-04;        500
1.4396427645600e-04;       3096
1.4398424401000e-04;       3096
1.4400257088400e-04;        452
1.4402254419100e-04;        452
1.4404087930100e-04;       3048
1.4406084645900e-04;       3048
1.4407917350800e-04;       5644
1.4409914786200e-04;       5644
1.4411747496100e-04;       3000
1.4413744838800e-04;       3000
1.4415744859200e-04;       5596
1.4417575068000e-04;       5596
1.4419574304400e-04;       2952
1.4421405100000e-04;       2952
1.4423405130500e-04;       5548
1.4425235226500e-04;       5548
1.4427235254900e-04;       8144
1.4429065431400e-04;       8144
1.4431064672100e-04;       5500
1.4433062000900e-04;       5500
1.4434895494200e-04;        540
1.4436892242800e-04;        540
1.4438724947600e-04;      -2104
1.4440722380500e-04;      -2104
1.4442555090700e-04;        492
1.4444552442700e-04;        492
1.4446385948900e-04;       3088
1.4448382702700e-04;       3088
1.4450215398500e-04;        444
1.4452212736000e-04;        444
1.4454212785500e-04;       3040
1.4456043008700e-04;       3040
1.4458042245700e-04;       5636
1.4459873160400e-04;       5636
1.4461872407500e-04;       2992
1.4463703217800e-04;       2992
1.4465703253700e-04;       5588
1.4467533435500e-04;       5588
1.4469532665700e-04;       2944
1.4471530018000e-04;       2944
1.4473363527100e-04;       5540
1.4475360172300e-04;       5540
1.4477193687700e-04;       8136
1.4479190423800e-04;       8136
1.4481023125400e-04;       5492
1.4483020459700e-04;       5492
1.4484853969700e-04;        532
1.4486850690900e-04;        532
1.4488683398800e-04;      -2112
1.4490680858400e-04;      -2112
1.4492513574000e-04;        484
1.4494510907000e-04;        484
1.4496510928100e-04;       3080
1.4498341135200e-04;       3080
1.4500340374700e-04;       7992
1.4502171157500e-04;       7992
1.4504171198400e-04;       3032
1.4506001402600e-04;       3032
1.4508000657900e-04;       5628
1.4509831571700e-04;       5628
1.4511830811100e-04;       2984
1.4513828145600e-04;       2984
1.4515661640000e-04;       5580
1.4517658380600e-04;       5580
1.4519491110200e-04;       2936
1.4521488440200e-04;       2936
1.4523321903600e-04;       5532
1.4525318546400e-04;       5532
1.4527152031300e-04;       8128
1.4529148777800e-04;       8128
1.4530981476600e-04;       5484
1.4532978807400e-04;       5484
1.4534978836000e-04;       8080
1.4536809060600e-04;       8080
1.4538808296500e-04;      10676
1.4540639096500e-04;      10676
1.4542639099900e-04;        476
1.4544469160100e-04;        476
1.4546469199600e-04;       3072
1.4548299405100e-04;       3072
1.4550298637900e-04;        428
1.4552295986300e-04;        428
1.4554129485300e-04;       3024
1.4556126238900e-04;       3024
1.4557958940700e-04;       5620
1.4559956391100e-04;       5620
1.4561789087500e-04;       2976
1.4563786427400e-04;       2976
1.4565619937200e-04;       5572
1.4567616670000e-04;       5572
1.4569449374500e-04;       2928
1.4571446713100e-04;       2928
1.4573446749500e-04;       5524
1.4575276865800e-04;       5524
1.4577276897000e-04;       8120
1.4579107098100e-04;       8120
1.4581106333100e-04;       5476
1.4582937143000e-04;       5476
1.4584937183500e-04;        516
1.4586767383500e-04;        516
1.4588766635700e-04;      -2128
1.4590763973500e-04;      -2128
1.4592597479900e-04;        468
1.4594594115800e-04;        468
1.4596427605100e-04;       3064
1.4598424351700e-04;       3064
1.4600257066300e-04;        420
1.4602254399600e-04;        420
1.4604087893000e-04;       3016
1.4606084631400e-04;       3016
1.4607917337900e-04;       5612
1.4609914781900e-04;       5612
1.4611747491400e-04;       2968
1.4613744843500e-04;       2968
1.4615744876500e-04;       5564
1.4617575090200e-04;       5564
1.4619574326300e-04;       2920
1.4621405138900e-04;       2920
1.4623405159300e-04;       5516
1.4625235266600e-04;       5516
1.4627235294900e-04;       8112
1.4629065517600e-04;       8112
1.4631064753500e-04;       5468
1.4633062104200e-04;       5468
1.4634895599900e-04;       8064
1.4636892342600e-04;       8064
1.4638725067800e-04;      -2136
1.4640722400500e-04;      -2136
1.4642555926500e-04;        460
1.4644552566200e-04;        460
1.4646386074700e-04;       3056
1.4648382809300e-04;       3056
1.4650215520500e-04;        412
1.4652212874400e-04;        412
1.4654212913100e-04;       3008
1.4656043116800e-04;       3008
1.4658042360400e-04;       5604
1.4659873270700e-04;       5604
1.4661872490400e-04;       2960
1.4663703276600e-04;       2960
1.4665703327000e-04;       5556
1.4667533513900e-04;       5556
1.4669532751300e-04;       2912
1.4671530086400e-04;       2912
1.4673363577600e-04;       5508
1.4675360220700e-04;       5508
1.4677193731300e-04;       8104
1.4679190460000e-04;       8104
1.4681023168700e-04;       5460
1.4683020513900e-04;       5460
1.4684854019000e-04;       8056
1.4686850764900e-04;       8056
1.4688683474600e-04;      10652
1.4690680909700e-04;      10652
1.4692513609800e-04;        452
1.4694510929800e-04;        452
1.4696510963500e-04;       3048
1.4698341168500e-04;       3048
1.4700340387000e-04;       7960
1.4702171200500e-04;       7960
1.4704171240100e-04;       3000
1.4706001456100e-04;       3000
1.4708000687200e-04;       5596
1.4709831603400e-04;       5596
1.4711830830000e-04;       2952
1.4713828173500e-04;       2952
1.4715661685700e-04;       5548
1.4717658415800e-04;       5548
1.4719491125600e-04;       2904
1.4721488447500e-04;       2904
1.4723321958300e-04;       5500
1.4725318588000e-04;       5500
1.4727152082100e-04;       8096
1.4729148819100e-04;       8096
1.4730981533700e-04;       5452
1.4732978856100e-04;       5452
1.4734978889500e-04;       8048
1.4736809088600e-04;       8048
1.4738808320100e-04;      -2152
1.4740639239500e-04;      -2152
1.4742638471900e-04;        444
1.4744469281600e-04;        444
1.4746469316200e-04;       3040
1.4748299538600e-04;       3040
1.4750298779000e-04;       7952
1.4752296113400e-04;       7952
1.4754129617600e-04;       2992
1.4756126349700e-04;       2992
1.4757959073500e-04;       5588
1.4759956497400e-04;       5588
1.4761789228100e-04;       2944
1.4763786551100e-04;       2944
1.4765620064700e-04;       5540
1.4767616800200e-04;       5540
1.4769449501600e-04;       2896
1.4771446835200e-04;       2896
1.4773446874100e-04;       5492
1.4775276977300e-04;       5492
1.4777277024800e-04;       8088
1.4779107220400e-04;       8088
1.4781106451100e-04;       5444
1.4782937252300e-04;       5444
1.4784937301800e-04;       8040
1.4786767505300e-04;       8040
1.4788766726600e-04;       3080
1.4790764071100e-04;       3080
1.4792597578100e-04;        436
1.4794594194200e-04;        436
1.4796427694900e-04;       3032
1.4798424426900e-04;       3032
1.4800257146100e-04;       7944
1.4802254454000e-04;       7944
1.4804087934300e-04;       2984
1.4806084693500e-04;       2984
1.4807917385000e-04;       5580
1.4809914813000e-04;       5580
1.4811747523400e-04;       2936
1.4813744861400e-04;       2936
1.4815744895900e-04;       5532
1.4817575098100e-04;       5532
1.4819574338400e-04;       2888
1.4821405137900e-04;       2888
1.4823405160100e-04;       5484
1.4825235268500e-04;       5484
1.4827235290400e-04;       8080
1.4829065504600e-04;       8080
1.4831064728400e-04;       5436
1.4833062072700e-04;       5436
1.4834895583400e-04;        476
1.4836892322800e-04;        476
1.4838725026000e-04;      -2168
1.4840722363000e-04;      -2168
1.4842555866500e-04;        428
1.4844552508600e-04;        428
1.4846386020700e-04;       3024
1.4848382759400e-04;       3024
1.4850215451600e-04;        380
1.4852212786500e-04;        380
1.4854212825300e-04;       2976
1.4856043014500e-04;       2976
1.4858042264200e-04;       5572
1.4859873182200e-04;       5572
1.4861872409500e-04;       2928
1.4863703184400e-04;       2928
1.4865703226500e-04;       5524
1.4867533428100e-04;       5524
1.4869532637100e-04;       2880
1.4871529976300e-04;       2880
1.4873363474300e-04;       5476
1.4875360102700e-04;       5476
1.4877193589000e-04;       8072
1.4879190335200e-04;       8072
1.4881023057300e-04;       5428
1.4883020371700e-04;       5428
1.4884853882800e-04;       8024
1.4886850638300e-04;       8024
1.4888683349800e-04;      10620
1.4890680676400e-04;      10620
1.4892680704100e-04;        420
1.4894510816700e-04;        420
1.4896510832600e-04;       3016
1.4898341007900e-04;       3016
1.4900340233500e-04;        372
1.4902171054800e-04;        372
1.4904171078800e-04;       2968
1.4906001272300e-04;       2968
1.4908000517200e-04;       5564
1.4909831417900e-04;       5564
1.4911830644200e-04;       2920
1.4913827989100e-04;       2920
1.4915661491200e-04;       5516
1.4917658234100e-04;       5516
1.4919490944700e-04;       2872
1.4921488281500e-04;       2872
1.4923321781200e-04;       5468
1.4925318424600e-04;       5468
1.4927151929000e-04;        508
1.4929148668000e-04;        508
1.4930981383000e-04;       5420
1.4932978711600e-04;       5420
1.4934978755600e-04;        460
1.4936808954200e-04;        460
1.4938808176800e-04;      10612
1.4940638996400e-04;      10612
1.4942639027800e-04;        412
1.4944469120100e-04;        412
1.4946469164400e-04;       3008
1.4948299353300e-04;       3008
1.4950298596500e-04;       7920
1.4952295945500e-04;       7920
1.4954129437800e-04;       2960
1.4956126171300e-04;       2960
1.4957958867900e-04;       5556
1.4959956313500e-04;       5556
1.4961789018000e-04;       2912
1.4963786348300e-04;       2912
1.4965619842500e-04;       5508
1.4967616585600e-04;       5508
1.4969449300600e-04;       2864
1.4971446626800e-04;       2864
1.4973446670800e-04;       5460
1.4975276779700e-04;       5460
1.4977276816900e-04;       8056
1.4979107002800e-04;       8056
1.4981106243500e-04;       5412
1.4982937053500e-04;       5412
1.4984937095800e-04;        452
1.4986767300600e-04;        452
1.4988766536200e-04;      -2192
1.4990763878700e-04;      -2192
1.4992597389800e-04;        404
1.4994594022500e-04;        404
1.4996427538400e-04;       3000
1.4998424283300e-04;       3000
1.5000256977800e-04;        356
1.5002254316700e-04;        356
1.5004087797900e-04;       2952
1.5006084547600e-04;       2952
1.5007917242700e-04;       5548
1.5009914663500e-04;       5548
1.5011747382600e-04;       2904
1.5013744706100e-04;       2904
1.5015744727400e-04;       5500
1.5017574952900e-04;       5500
1.5019574201200e-04;       2856
1.5021404996200e-04;       2856
1.5023405036800e-04;       5452
1.5025235147000e-04;       5452
1.5027235175600e-04;       8048
1.5029065392400e-04;       8048
1.5031064636800e-04;       5404
1.5033061955000e-04;       5404
1.5034895440500e-04;        444
1.5036892172300e-04;        444
1.5038724860600e-04;      -2200
1.5040722201300e-04;      -2200
1.5042555722700e-04;        396
1.5044552367400e-04;        396
1.5046385862400e-04;       2992
1.5048382592100e-04;       2992
1.5050215289900e-04;        348
1.5052212623800e-04;        348
1.5054212650500e-04;       2944
1.5056042877700e-04;       2944
1.5058042110700e-04;       5540
1.5059873013700e-04;       5540
1.5061872257000e-04;       2896
1.5063703067600e-04;       2896
1.5065703095700e-04;       5492
1.5067533300100e-04;       5492
1.5069532529000e-04;       2848
1.5071529858800e-04;       2848
1.5073363373500e-04;       5444
1.5075360012300e-04;       5444
1.5077193524400e-04;        484
1.5079190253300e-04;        484
1.5081022956600e-04;       5396
1.5083020307800e-04;       5396
1.5084853803900e-04;        436
1.5086850548800e-04;        436
1.5088683261100e-04;      -2208
1.5090680606700e-04;      -2208
1.5092680648500e-04;        388
1.5094510729000e-04;        388
1.5096510762700e-04;       2984
1.5098340946800e-04;       2984
1.5100340191800e-04;        340
1.5102171004100e-04;        340
1.5104171058700e-04;       2936
1.5106001259900e-04;       2936
1.5108000503000e-04;       5532
1.5109831385200e-04;       5532
1.5111830606100e-04;       2888
1.5113827937400e-04;       2888
1.5115661434200e-04;       5484
1.5117658161400e-04;       5484
1.5119490874800e-04;       2840
1.5121488211700e-04;       2840
1.5123321736600e-04;       5436
1.5125318367000e-04;       5436
1.5127151864200e-04;       8032
1.5129148588400e-04;       8032
1.5130981290400e-04;       5388
1.5132978618300e-04;       5388
1.5134978652400e-04;        428
1.5136808868200e-04;        428
1.5138808082900e-04;      -2216
1.5140638899900e-04;      -2216
1.5142638938800e-04;        380
1.5144469049500e-04;        380
1.5146469080800e-04;       2976
1.5148299300300e-04;       2976
1.5150298518500e-04;        332
1.5152295842400e-04;        332
1.5154129340500e-04;       2928
1.5156126066400e-04;       2928
1.5157958789400e-04;       5524
1.5159956231800e-04;       5524
1.5161788941500e-04;       2880
1.5163786285900e-04;       2880
1.5165619805400e-04;       5476
1.5167616526600e-04;       5476
1.5169449226800e-04;       2832
1.5171446564500e-04;       2832
1.5173446607000e-04;       5428
1.5175276706700e-04;       5428
1.5177276746000e-04;       8024
1.5179106961700e-04;       8024
1.5181106199000e-04;       5380
1.5182937010300e-04;       5380
1.5184937049500e-04;        420
1.5186767252300e-04;        420
1.5188766500900e-04;      -2224
1.5190763840100e-04;      -2224
1.5192597358500e-04;        372
1.5194594000900e-04;        372
1.5196427510600e-04;       2968
1.5198424241300e-04;       2968
1.5200256967000e-04;        324
1.5202254288600e-04;        324
1.5204087767800e-04;       2920
1.5206084464800e-04;       2920
1.5207917158900e-04;       5516
1.5209914601700e-04;       5516
1.5211747298000e-04;       2872
1.5213744639700e-04;       2872
1.5215744669200e-04;       5468
1.5217574899900e-04;       5468
1.5219574121200e-04;       2824
1.5221404897400e-04;       2824
1.5223404939800e-04;       5420
1.5225235022000e-04;       5420
1.5227235048500e-04;        460
1.5229065266000e-04;        460
1.5231064507400e-04;      -2184
1.5233061827800e-04;      -2184
1.5234895319600e-04;        412
1.5236892058300e-04;        412
1.5238724759600e-04;      -2232
1.5240722086900e-04;      -2232
1.5242555576000e-04;        364
1.5244552212800e-04;        364
1.5246385730200e-04;       2960
1.5248382455700e-04;       2960
1.5250215165600e-04;        316
1.5252212493900e-04;        316
1.5254212525600e-04;       2912
1.5256042714800e-04;       2912
1.5258041929900e-04;       5508
1.5259872823900e-04;       5508
1.5261872062900e-04;       2864
1.5263702881500e-04;       2864
1.5265702915900e-04;       5460
1.5267533114900e-04;       5460
1.5269532361400e-04;       2816
1.5271529688600e-04;       2816
1.5273363200800e-04;       5412
1.5275359831900e-04;       5412
1.5277193357200e-04;        452
1.5279190103100e-04;        452
1.5281022824400e-04;      -2192
1.5283020152800e-04;      -2192
1.5284853655400e-04;        404
1.5286850389000e-04;        404
1.5288683080900e-04;      -2240
1.5290680425700e-04;      -2240
1.5292680467000e-04;        356
1.5294510569500e-04;        356
1.5296510620700e-04;       2952
1.5298340826600e-04;       2952
1.5300340055500e-04;        308
1.5302170847900e-04;        308
1.5304170854000e-04;       2904
1.5306001069200e-04;       2904
1.5308000291800e-04;       5500
1.5309831210500e-04;       5500
1.5311830449300e-04;       2856
1.5313827770000e-04;       2856
1.5315661295100e-04;       5452
1.5317658036500e-04;       5452
1.5319490743900e-04;       2808
1.5321488083900e-04;       2808
1.5323321597500e-04;       5404
1.5325318230500e-04;       5404
1.5327151741900e-04;        444
1.5329148467900e-04;        444
1.5330981175100e-04;      -2200
1.5332978510100e-04;      -2200
1.5334978550100e-04;        396
1.5336808762700e-04;        396
1.5338808000000e-04;      -2248
1.5340638810900e-04;      -2248
1.5342638835100e-04;        348
1.5344468942500e-04;        348
1.5346468982000e-04;       2944
1.5348299189100e-04;       2944
1.5350298433800e-04;        300
1.5352295769900e-04;        300
1.5354129276600e-04;       2896
1.5356126002300e-04;       2896
1.5357958710200e-04;       5492
1.5359956148200e-04;       5492
1.5361788851500e-04;       2848
1.5363786168200e-04;       2848
1.5365619671200e-04;      -2112
1.5367616402200e-04;      -2112
1.5369449087500e-04;       2800
1.5371446415200e-04;       2800
1.5373446459600e-04;       5396
1.5375276549900e-04;       5396
1.5377276587700e-04;        436
1.5379106792600e-04;        436
1.5381106000900e-04;      -2208
1.5382936811600e-04;      -2208
1.5384936820400e-04;        388
1.5386767047500e-04;        388
1.5388766287500e-04;      -2256
1.5390763633300e-04;      -2256
1.5392597156100e-04;        340
1.5394593803400e-04;        340
1.5396427297800e-04;       2936
1.5398424050300e-04;       2936
1.5400256744200e-04;        292
1.5402254087000e-04;        292
1.5404087601100e-04;       2888
1.5406084354300e-04;       2888
1.5407917059000e-04;       5484
1.5409914489200e-04;       5484
1.5411747196600e-04;       2840
1.5413744525800e-04;       2840
1.5415744583500e-04;      -2120
1.5417574789400e-04;      -2120
1.5419574032700e-04;       2792
1.5421404840100e-04;       2792
1.5423404865700e-04;       5388
1.5425234986600e-04;       5388
1.5427235005100e-04;       7984
1.5429065195200e-04;       7984
1.5431064423100e-04;      -2216
1.5433061743200e-04;      -2216
1.5434895259200e-04;        380
1.5436891990300e-04;        380
1.5438724683900e-04;      -2264
1.5440722018400e-04;      -2264
1.5442555532500e-04;        332
1.5444552180900e-04;        332
1.5446385695400e-04;       2928
1.5448382434600e-04;       2928
1.5450215111400e-04;        284
1.5452212454800e-04;        284
1.5454212493100e-04;       2880
1.5456042705900e-04;       2880
1.5458041958500e-04;       5476
1.5459872839700e-04;       5476
1.5461872094800e-04;       2832
1.5463702881400e-04;       2832
1.5465702893900e-04;      -2128
1.5467533114700e-04;      -2128
1.5469532349700e-04;       2784
1.5471529695200e-04;       2784
1.5473363200500e-04;       5380
1.5475359833700e-04;       5380
1.5477193307700e-04;        420
1.5479190039600e-04;        420
1.5481022752200e-04;      -2224
1.5483020098900e-04;      -2224
1.5484853592200e-04;        372
1.5486850319100e-04;        372
1.5488683021700e-04;      -2272
1.5490680364800e-04;      -2272
1.5492680390200e-04;        324
1.5494510502000e-04;        324
1.5496510542100e-04;       2920
1.5498340747000e-04;       2920
1.5500339978600e-04;        276
1.5502170790700e-04;        276
1.5504170821300e-04;       2872
1.5506001045000e-04;       2872
1.5508000267800e-04;       5468
1.5509831182700e-04;       5468
1.5511830426600e-04;       2824
1.5513827746300e-04;       2824
1.5515661261500e-04;      -2136
1.5517657986100e-04;      -2136
1.5519490690100e-04;       2776
1.5521488034200e-04;       2776
1.5523321548200e-04;       5372
1.5525318186300e-04;       5372
1.5527151698100e-04;       7968
1.5529148443700e-04;       7968
1.5530981166800e-04;       5324
1.5532978500200e-04;       5324
1.5534978540600e-04;        364
1.5536808747000e-04;        364
1.5538807992200e-04;      -2280
1.5540638791700e-04;      -2280
1.5542638826500e-04;        316
1.5544468949300e-04;        316
1.5546468970100e-04;       2912
1.5548299183300e-04;       2912
1.5550298430500e-04;        268
1.5552295752800e-04;        268
1.5554129256800e-04;       2864
1.5556125981400e-04;       2864
1.5557958695700e-04;       5460
1.5559956143800e-04;       5460
1.5561788852100e-04;       2816
1.5563786197700e-04;       2816
1.5565619693400e-04;      -2144
1.5567616442200e-04;      -2144
1.5569449151200e-04;       2768
1.5571446484900e-04;       2768
1.5573446528800e-04;       5364
1.5575276633500e-04;       5364
1.5577276684900e-04;        404
1.5579106893400e-04;        404
1.5581106126300e-04;       5316
1.5582936895100e-04;       5316
1.5584936925400e-04;        356
1.5586767131400e-04;        356
1.5588766353200e-04;      -2288
1.5590763697400e-04;      -2288
1.5592597222600e-04;        308
1.5594593843300e-04;        308
1.5596427351500e-04;       2904
1.5598424089300e-04;       2904
1.5600256772000e-04;        260
1.5602254130100e-04;        260
1.5604087625000e-04;       2856
1.5606084319800e-04;       2856
1.5607917047900e-04;       5452
1.5609914480900e-04;       5452
1.5611747180400e-04;       2808
1.5613744515800e-04;       2808
1.5615744557500e-04;       5404
1.5617574758200e-04;       5404
1.5619574004600e-04;       2760
1.5621404799000e-04;       2760
1.5623404851300e-04;       5356
1.5625234955800e-04;       5356
1.5627235001400e-04;        396
1.5629065225400e-04;        396
1.5631064443800e-04;       5308
1.5633061763800e-04;       5308
1.5634895268200e-04;        348
1.5636892003300e-04;        348
1.5638724725400e-04;      -2296
1.5640722056600e-04;      -2296
1.5642555543100e-04;        300
1.5644552193800e-04;        300
1.5646385683900e-04;       2896
1.5648382403300e-04;       2896
1.5650215115300e-04;        252
1.5652212444500e-04;        252
1.5654212459500e-04;       2848
1.5656042660500e-04;       2848
1.5658041897900e-04;       5444
1.5659872780400e-04;       5444
1.5661872020700e-04;       2800
1.5663702836400e-04;       2800
1.5665702850200e-04;      -2160
1.5667533068400e-04;      -2160
1.5669532277900e-04;       2752
1.5671529619400e-04;       2752
1.5673363114200e-04;      -2208
1.5675359748300e-04;      -2208
1.5677193256800e-04;        388
1.5679189990900e-04;        388
1.5681022694100e-04;      -2256
1.5683020042200e-04;      -2256
1.5684853551100e-04;        340
1.5686850290100e-04;        340
1.5688683001900e-04;      -2304
1.5690680352600e-04;      -2304
1.5692680404100e-04;        292
1.5694510511200e-04;        292
1.5696510530600e-04;       2888
1.5698340751000e-04;       2888
1.5700339992100e-04;        244
1.5702170787200e-04;        244
1.5704170805400e-04;       2840
1.5706001021100e-04;       2840
1.5708000253200e-04;       5436
1.5709831174700e-04;       5436
1.5711830411800e-04;       2792
1.5713827751200e-04;       2792
1.5715661259500e-04;      -2168
1.5717658009000e-04;      -2168
1.5719490712500e-04;       2744
1.5721488036600e-04;       2744
1.5723321568600e-04;       5340
1.5725318217800e-04;       5340
1.5727151725100e-04;        380
1.5729148472600e-04;        380
1.5730981193600e-04;      -2264
1.5732978549000e-04;      -2264
1.5734978579600e-04;        332
1.5736808794500e-04;        332
1.5738808011900e-04;      -2312
1.5740638814000e-04;      -2312
1.5742638874100e-04;        284
1.5744468976500e-04;        284
1.5746469000100e-04;       2880
1.5748299228600e-04;       2880
1.5750298435200e-04;        236
1.5752295790300e-04;        236
1.5754129298500e-04;       2832
1.5756126023700e-04;       2832
1.5757958734500e-04;       5428
1.5759956168300e-04;       5428
1.5761788884200e-04;       2784
1.5763786207700e-04;       2784
1.5765619705300e-04;      -2176
1.5767616436800e-04;      -2176
1.5769449143400e-04;       2736
1.5771446478700e-04;       2736
1.5773446493700e-04;       5332
1.5775276604500e-04;       5332
1.5777276638300e-04;        372
1.5779106841600e-04;        372
1.5781106067100e-04;       5284
1.5782936869100e-04;       5284
1.5784936920600e-04;        324
1.5786767134900e-04;        324
1.5788766359700e-04;      -2320
1.5790763707900e-04;      -2320
1.5792597214200e-04;        276
1.5794593848400e-04;        276
1.5796427352200e-04;       2872
1.5798424098000e-04;       2872
1.5800256793400e-04;        228
1.5802254135000e-04;        228
1.5804087647000e-04;       2824
1.5806084385600e-04;       2824
1.5807917100400e-04;       5420
1.5809914530600e-04;       5420
1.5811747248400e-04;       2776
1.5813744585400e-04;       2776
1.5815744624900e-04;      -2184
1.5817574813700e-04;      -2184
1.5819574055200e-04;       2728
1.5821404866000e-04;       2728
1.5823404911800e-04;       5324
1.5825234995200e-04;       5324
1.5827235044300e-04;        364
1.5829065260200e-04;        364
1.5831064491200e-04;       5276
1.5833061826400e-04;       5276
1.5834895306600e-04;        316
1.5836892034900e-04;        316
1.5838724723100e-04;      -2328
1.5840722064700e-04;      -2328
1.5842555583900e-04;        268
1.5844552233100e-04;        268
1.5846385740200e-04;       2864
1.5848382468800e-04;       2864
1.5850215179700e-04;        220
1.5852212499400e-04;        220
1.5854212537700e-04;       2816
1.5856042745500e-04;       2816
1.5858041977200e-04;       5412
1.5859872900600e-04;       5412
1.5861872151600e-04;       2768
1.5863702956700e-04;       2768
1.5865702991800e-04;      -2192
1.5867533195000e-04;      -2192
1.5869532432100e-04;       2720
1.5871529783700e-04;       2720
1.5873363286900e-04;       5316
1.5875359918800e-04;       5316
1.5877193442900e-04;        356
1.5879190163700e-04;        356
1.5881022873800e-04;      -2288
1.5883020228600e-04;      -2288
1.5884853731500e-04;        308
1.5886850437800e-04;        308
1.5888683164400e-04;      -2336
1.5890680504600e-04;      -2336
1.5892680530900e-04;        260
1.5894510635200e-04;        260
1.5896510668300e-04;       2856
1.5898340862200e-04;       2856
1.5900340110300e-04;        212
1.5902170926600e-04;        212
1.5904170962100e-04;       2808
1.5906001152100e-04;       2808
1.5908000386400e-04;       5404
1.5909831285600e-04;       5404
1.5911830531900e-04;       2760
1.5913827849700e-04;       2760
1.5915661374200e-04;       5356
1.5917658109700e-04;       5356
1.5919490827200e-04;       2712
1.5921488140700e-04;       2712
1.5923321636600e-04;       5308
1.5925318288600e-04;       5308
1.5927151788900e-04;       7904
1.5929148512700e-04;       7904
1.5930981228900e-04;      -2296
1.5932978559100e-04;      -2296
1.5934978599600e-04;        300
1.5936808787100e-04;        300
1.5938808018800e-04;      -2344
1.5940638822000e-04;      -2344
1.5942638876000e-04;        252
1.5944468991700e-04;        252
1.5946469010200e-04;       2848
1.5948299223600e-04;       2848
1.5950298462500e-04;        204
1.5952295805100e-04;        204
1.5954129305100e-04;       2800
1.5956126033400e-04;       2800
1.5957958740300e-04;       5396
1.5959956163600e-04;       5396
1.5961788869400e-04;       2752
1.5963786197300e-04;       2752
1.5965619709400e-04;       5348
1.5967616460000e-04;       5348
1.5969449170200e-04;       2704
1.5971446503100e-04;       2704
1.5973446537100e-04;       5300
1.5975276648500e-04;       5300
1.5977276681300e-04;       7896
1.5979106884100e-04;       7896
1.5981106116100e-04;       5252
1.5982936923000e-04;       5252
1.5984936948100e-04;        292
1.5986767148700e-04;        292
1.5988766378000e-04;      -2352
1.5990763721400e-04;      -2352
1.5992597229900e-04;        244
1.5994593887200e-04;        244
1.5996427391500e-04;       2840
1.5998424152500e-04;       2840
1.6000256865500e-04;        196
1.6002254212500e-04;        196
1.6004087702600e-04;       2792
1.6006084423100e-04;       2792
1.6007917123100e-04;       5388
1.6009914552100e-04;       5388
1.6011747277800e-04;       2744
1.6013744609000e-04;       2744
1.6015744659700e-04;       5340
1.6017574878900e-04;       5340
1.6019574094400e-04;       2696
1.6021404905700e-04;       2696
1.6023404928600e-04;       5292
1.6025235037900e-04;       5292
1.6027235079900e-04;        332
1.6029065264200e-04;        332
1.6031064529100e-04;       5244
1.6033061866000e-04;       5244
1.6034895385000e-04;        284
1.6036892118400e-04;        284
1.6038724829100e-04;      -2360
1.6040722169200e-04;      -2360
1.6042555700200e-04;        236
1.6044552315800e-04;        236
1.6046385821700e-04;       2832
1.6048382567500e-04;       2832
1.6050215266000e-04;        188
1.6052212609800e-04;        188
1.6054212660000e-04;       2784
1.6056042870800e-04;       2784
1.6058042090600e-04;       5380
1.6059873000300e-04;       5380
1.6061872237200e-04;       2736
1.6063703022600e-04;       2736
1.6065703069700e-04;      -2224
1.6067533261900e-04;      -2224
1.6069532480400e-04;       2688
1.6071529828700e-04;       2688
1.6073363321100e-04;       5284
1.6075359954200e-04;       5284
1.6077193469400e-04;        324
1.6079190187600e-04;        324
1.6081022915300e-04;       5236
1.6083020241900e-04;       5236
1.6084853730400e-04;        276
1.6086850463700e-04;        276
1.6088683162000e-04;      -2368
1.6090680502900e-04;      -2368
1.6092680513100e-04;        228
1.6094510611300e-04;        228
1.6096510630600e-04;       2824
1.6098340838700e-04;       2824
1.6100340077000e-04;        180
1.6102170863000e-04;        180
1.6104170899700e-04;       2776
1.6106001095300e-04;       2776
1.6108000302200e-04;       5372
1.6109831209700e-04;       5372
1.6111830438200e-04;       2728
1.6113827764500e-04;       2728
1.6115661276200e-04;      -2232
1.6117658029400e-04;      -2232
1.6119490728300e-04;       2680
1.6121488054400e-04;       2680
1.6123321563700e-04;       5276
1.6125318195300e-04;       5276
1.6127151715100e-04;        316
1.6129148421800e-04;        316
1.6130981132300e-04;      -2328
1.6132978470400e-04;      -2328
1.6134978488200e-04;        268
1.6136808670700e-04;        268
1.6138807915400e-04;      -2376
1.6140638725400e-04;      -2376
1.6142638762400e-04;        220
1.6144468839900e-04;        220
1.6146468863600e-04;       2816
1.6148299067400e-04;       2816
1.6150298302600e-04;        172
1.6152295662900e-04;        172
1.6154129184600e-04;       2768
1.6156125904500e-04;       2768
1.6157958632600e-04;       5364
1.6159956055500e-04;       5364
1.6161788767400e-04;       2720
1.6163786121000e-04;       2720
1.6165619629200e-04;      -2240
1.6167616354100e-04;      -2240
1.6169449061300e-04;       2672
1.6171446393400e-04;       2672
1.6173446426100e-04;       5268
1.6175276548800e-04;       5268
1.6177276587900e-04;        308
1.6179106782600e-04;        308
1.6181106018300e-04;      -2336
1.6182936842600e-04;      -2336
1.6184936875700e-04;        260
1.6186767086100e-04;        260
1.6188766329000e-04;      -2384
1.6190763675600e-04;      -2384
1.6192597171700e-04;        212
1.6194593820400e-04;        212
1.6196427323500e-04;       2808
1.6198424040900e-04;       2808
1.6200256768200e-04;        164
1.6202254073300e-04;        164
1.6204087596500e-04;       2760
1.6206084346500e-04;       2760
1.6207917051800e-04;       5356
1.6209914459600e-04;       5356
1.6211747181200e-04;       2712
1.6213744515700e-04;       2712
1.6215744546300e-04;      -2248
1.6217574757900e-04;      -2248
1.6219573998600e-04;       2664
1.6221404810300e-04;       2664
1.6223404845300e-04;       5260
1.6225234974800e-04;       5260
1.6227235018600e-04;        300
1.6229065205600e-04;        300
1.6231064446900e-04;      -2344
1.6233061767700e-04;      -2344
1.6234895287700e-04;        252
1.6236892029800e-04;        252
1.6238724727900e-04;      -2392
1.6240722073000e-04;      -2392
1.6242555577700e-04;        204
1.6244552210600e-04;        204
1.6246385739900e-04;       2800
1.6248382466100e-04;       2800
1.6250215143800e-04;        156
1.6252212490700e-04;        156
1.6254212507800e-04;       2752
1.6256042719600e-04;       2752
1.6258041969600e-04;       5348
1.6259872864600e-04;       5348
1.6261872099700e-04;       2704
1.6263702905400e-04;       2704
1.6265702956400e-04;      -2256
1.6267533162800e-04;      -2256
1.6269532410200e-04;       2656
1.6271529759000e-04;       2656
1.6273363260500e-04;       5252
1.6275359898800e-04;       5252
1.6277193411600e-04;        292
1.6279190129900e-04;        292
1.6281022851300e-04;      -2352
1.6283020185700e-04;      -2352
1.6284853678500e-04;        244
1.6286850413600e-04;        244
1.6288683114000e-04;      -2400
1.6290680471200e-04;      -2400
1.6292680491600e-04;        196
1.6294510582800e-04;        196
1.6296510615900e-04;       2792
1.6298340830000e-04;       2792
1.6300340058600e-04;        148
1.6302170844100e-04;        148
1.6304170878900e-04;       2744
1.6306001077400e-04;       2744
1.6308000288400e-04;       5340
1.6309831179500e-04;       5340
1.6311830406300e-04;       2696
1.6313827760300e-04;       2696
1.6315661276200e-04;      -2264
1.6317657977500e-04;      -2264
1.6319490682200e-04;       2648
1.6321488009100e-04;       2648
1.6323321492200e-04;       5244
1.6325318142800e-04;       5244
1.6327151628800e-04;        284
1.6329148358100e-04;        284
1.6330981085600e-04;      -2360
1.6332978438300e-04;      -2360
1.6334978483000e-04;        236
1.6336808672700e-04;        236
1.6338807891300e-04;      -2408
1.6340638722500e-04;      -2408
1.6342638788500e-04;        188
1.6344468889200e-04;        188
1.6346468921800e-04;       2784
1.6348299148100e-04;       2784
1.6350298384200e-04;        140
1.6352295737900e-04;        140
1.6354129248500e-04;       2736
1.6356125991500e-04;       2736
1.6357958708700e-04;       5332
1.6359956145000e-04;       5332
1.6361788844200e-04;       2688
1.6363786179700e-04;       2688
1.6365619697200e-04;      -2272
1.6367616434900e-04;      -2272
1.6369449133600e-04;       2640
1.6371446454900e-04;       2640
1.6373446486000e-04;      -2320
1.6375276594700e-04;      -2320
1.6377276639900e-04;        276
1.6379106854700e-04;        276
1.6381106074500e-04;       5188
1.6382936899900e-04;       5188
1.6384936923300e-04;        228
1.6386767141500e-04;        228
1.6388766387700e-04;      -2416
1.6390763735500e-04;      -2416
1.6392597264100e-04;        180
1.6394593878600e-04;        180
1.6396427402600e-04;       2776
1.6398424115200e-04;       2776
1.6400256826600e-04;        132
1.6402254161900e-04;        132
1.6404087670600e-04;       2728
1.6406084417200e-04;       2728
1.6407917135400e-04;       5324
1.6409914550100e-04;       5324
1.6411747257200e-04;       2680
1.6413744596300e-04;       2680
1.6415744591300e-04;      -2280
1.6417574821500e-04;      -2280
1.6419574060400e-04;       2632
1.6421404864900e-04;       2632
1.6423404883600e-04;       5228
1.6425234981700e-04;       5228
1.6427234991200e-04;        268
1.6429065201900e-04;        268
1.6431064441600e-04;      -2376
1.6433061771500e-04;      -2376
1.6434895253900e-04;        220
1.6436891991300e-04;        220
1.6438724688800e-04;      -2424
1.6440722006900e-04;      -2424
1.6442555520800e-04;        172
1.6444552168700e-04;        172
1.6446385673500e-04;       2768
1.6448382408600e-04;       2768
1.6450215136100e-04;        124
1.6452212451800e-04;        124
1.6454212473300e-04;       2720
1.6456042701000e-04;       2720
1.6458041912000e-04;       5316
1.6459872823100e-04;       5316
1.6461872040000e-04;       2672
1.6463702877400e-04;       2672
1.6465702903100e-04;       5268
1.6467533104500e-04;       5268
1.6469532359500e-04;       2624
1.6471529690700e-04;       2624
1.6473363189200e-04;      -2336
1.6475359828700e-04;      -2336
1.6477193337000e-04;        260
1.6479190068500e-04;        260
1.6481022764600e-04;      -2384
1.6483020117800e-04;      -2384
1.6484853613000e-04;        212
1.6486850367700e-04;        212
1.6488683068700e-04;      -2432
1.6490680401200e-04;      -2432
1.6492680463000e-04;        164
1.6494510563700e-04;        164
1.6496510612400e-04;       2760
1.6498340823200e-04;       2760
1.6500340035000e-04;        116
1.6502170852700e-04;        116
1.6504170897200e-04;       2712
1.6506001090600e-04;       2712
1.6508000333000e-04;       5308
1.6509831220200e-04;       5308
1.6511830466600e-04;       2664
1.6513827821700e-04;       2664
1.6515661316900e-04;      -2296
1.6517658023800e-04;      -2296
1.6519490730400e-04;       2616
1.6521488074800e-04;       2616
1.6523321605400e-04;      -2344
1.6525318232200e-04;      -2344
1.6527151746200e-04;        252
1.6529148486000e-04;        252
1.6530981190300e-04;       5164
1.6532978517000e-04;       5164
1.6534978568100e-04;        204
1.6536808779400e-04;        204
1.6538808002000e-04;      -2440
1.6540638827400e-04;      -2440
1.6542638839400e-04;        156
1.6544468957100e-04;        156
1.6546468989200e-04;       2752
1.6548299195500e-04;       2752
1.6550298443600e-04;        108
1.6552295782000e-04;        108
1.6554129284000e-04;       2704
1.6556126004400e-04;       2704
1.6557958727800e-04;       5300
1.6559956180700e-04;       5300
1.6561788861900e-04;       2656
1.6563786203500e-04;       2656
1.6565619722700e-04;       5252
1.6567616450700e-04;       5252
1.6569449146500e-04;       2608
1.6571446502200e-04;       2608
1.6573446535200e-04;       5204
1.6575276640600e-04;       5204
1.6577276673600e-04;        244
1.6579106907200e-04;        244
1.6581106150200e-04;       5156
1.6582936966600e-04;       5156
1.6584936983900e-04;        196
1.6586767189300e-04;        196
1.6588766408600e-04;      -2448
1.6590763733400e-04;      -2448
1.6592597242300e-04;        148
1.6594593863200e-04;        148
1.6596427367300e-04;       2744
1.6598424099800e-04;       2744
1.6600256807700e-04;        100
1.6602254129700e-04;        100
1.6604087636000e-04;       2696
1.6606084366600e-04;       2696
1.6607917076000e-04;       5292
1.6609914471100e-04;       5292
1.6611747169600e-04;       2648
1.6613744511300e-04;       2648
1.6615744541100e-04;      -2312
1.6617574740200e-04;      -2312
1.6619573982800e-04;       2600
1.6621404805800e-04;       2600
1.6623404837600e-04;       5196
1.6625234949800e-04;       5196
1.6627234999500e-04;       7792
1.6629065208800e-04;       7792
1.6631064426700e-04;       5148
1.6633061759700e-04;       5148
1.6634895272800e-04;        188
1.6636892007800e-04;        188
1.6638724724100e-04;      -2456
1.6640722062700e-04;      -2456
1.6642555571300e-04;        140
1.6644552206600e-04;        140
1.6646385721400e-04;       2736
1.6648382448500e-04;       2736
1.6650215168700e-04;         92
1.6652212508900e-04;         92
1.6654212532600e-04;       2688
1.6656042751400e-04;       2688
1.6658041964900e-04;       5284
1.6659872868600e-04;       5284
1.6661872098300e-04;       2640
1.6663702915000e-04;       2640
1.6665702936200e-04;      -2320
1.6667533136900e-04;      -2320
1.6669532376000e-04;       2592
1.6671529706100e-04;       2592
1.6673363221900e-04;       5188
1.6675359871200e-04;       5188
1.6677193375400e-04;        228
1.6679190112700e-04;        228
1.6681022829200e-04;      -2416
1.6683020166300e-04;      -2416
1.6684853663600e-04;        180
1.6686850410300e-04;        180
1.6688683125300e-04;      -2464
1.6690680459000e-04;      -2464
1.6692680497700e-04;        132
1.6694510591200e-04;        132
1.6696510644300e-04;       2728
1.6698340843800e-04;       2728
1.6700340088800e-04;         84
1.6702170895000e-04;         84
1.6704170930000e-04;       2680
1.6706001145700e-04;       2680
1.6708000373000e-04;       5276
1.6709831284800e-04;       5276
1.6711830513100e-04;       2632
1.6713827862000e-04;       2632
1.6715661378400e-04;       5228
1.6717658117200e-04;       5228
1.6719490837800e-04;       2584
1.6721488145100e-04;       2584
1.6723321641300e-04;       5180
1.6725318290400e-04;       5180
1.6727151816600e-04;       7776
1.6729148558500e-04;       7776
1.6730981269600e-04;       5132
1.6732978605800e-04;       5132
1.6734978637300e-04;        172
1.6736808817500e-04;        172
1.6738808061500e-04;      -2472
1.6740638880000e-04;      -2472
1.6742638913000e-04;        124
1.6744469028500e-04;        124
1.6746469086500e-04;       2720
1.6748299296100e-04;       2720
1.6750298540600e-04;         76
1.6752295882100e-04;         76
1.6754129380400e-04;       2672
1.6756126115100e-04;       2672
1.6757958828100e-04;       5268
1.6759956253600e-04;       5268
1.6761788988200e-04;       2624
1.6763786307900e-04;       2624
1.6765619825500e-04;       5220
1.6767616563400e-04;       5220
1.6769449273100e-04;       2576
1.6771446605400e-04;       2576
1.6773446637600e-04;       5172
1.6775276744300e-04;       5172
1.6777276776600e-04;       7768
1.6779106977400e-04;       7768
1.6781106220600e-04;       5124
1.6782937030000e-04;       5124
1.6784937074000e-04;        164
1.6786767294700e-04;        164
1.6788766523400e-04;      -2480
1.6790763864900e-04;      -2480
1.6792597371700e-04;        116
1.6794594006800e-04;        116
1.6796427527200e-04;       2712
1.6798424255000e-04;       2712
1.6800256953700e-04;       7624
1.6802254285100e-04;       7624
1.6804087804000e-04;       2664
1.6806084539900e-04;       2664
1.6807917259900e-04;       5260
1.6809914705200e-04;       5260
1.6811747421100e-04;       2616
1.6813744762400e-04;       2616
1.6815744797300e-04;       5212
1.6817574997900e-04;       5212
1.6819574237500e-04;       2568
1.6821405050700e-04;       2568
1.6823405081700e-04;       5164
1.6825235193100e-04;       5164
1.6827235223200e-04;       7760
1.6829065431300e-04;       7760
1.6831064631100e-04;       5116
1.6833061964000e-04;       5116
1.6834895468100e-04;       7712
1.6836892188300e-04;       7712
1.6838724904700e-04;      -2488
1.6840722240600e-04;      -2488
1.6842555742100e-04;        108
1.6844552388100e-04;        108
1.6846385869600e-04;       2704
1.6848382580600e-04;       2704
1.6850215295300e-04;         60
1.6852212633200e-04;         60
1.6854212658700e-04;       2656
1.6856042883300e-04;       2656
1.6858042119400e-04;       5252
1.6859873020400e-04;       5252
1.6861872256700e-04;       2608
1.6863703074500e-04;       2608
1.6865703091900e-04;       5204
1.6867533289700e-04;       5204
1.6869532521100e-04;       2560
1.6871529856600e-04;       2560
1.6873363343400e-04;       5156
1.6875359977700e-04;       5156
1.6877193470600e-04;       7752
1.6879190212500e-04;       7752
1.6881022929600e-04;       5108
1.6883020250900e-04;       5108
1.6884853747300e-04;        148
1.6886850490300e-04;        148
1.6888683187600e-04;      -2496
1.6890680526200e-04;      -2496
1.6892680573500e-04;        100
1.6894510692200e-04;        100
1.6896510745100e-04;       2696
1.6898340943900e-04;       2696
1.6900340182400e-04;         52
1.6902170969200e-04;         52
1.6904171021600e-04;       2648
1.6906001224300e-04;       2648
1.6908000462200e-04;       5244
1.6909831382800e-04;       5244
1.6911830599000e-04;       2600
1.6913827934700e-04;       2600
1.6915661437000e-04;       5196
1.6917658170900e-04;       5196
1.6919490885300e-04;       2552
1.6921488200000e-04;       2552
1.6923321711000e-04;       5148
1.6925318355100e-04;       5148
1.6927151836000e-04;        188
1.6929148582100e-04;        188
1.6930981297900e-04;      -2456
1.6932978621300e-04;      -2456
1.6934978647700e-04;        140
1.6936808872900e-04;        140
1.6938808121400e-04;      -2504
1.6940638938800e-04;      -2504
1.6942638946100e-04;         92
1.6944469059700e-04;         92
1.6946469093600e-04;       2688
1.6948299304800e-04;       2688
1.6950298543100e-04;         44
1.6952295882600e-04;         44
1.6954129385300e-04;       2640
1.6956126107700e-04;       2640
1.6957958816200e-04;       5236
1.6959956242100e-04;       5236
1.6961788947400e-04;       2592
1.6963786286600e-04;       2592
1.6965619779900e-04;       5188
1.6967616508800e-04;       5188
1.6969449232200e-04;       2544
1.6971446567000e-04;       2544
1.6973446588500e-04;       5140
1.6975276710100e-04;       5140
1.6977276748700e-04;       7736
1.6979106972100e-04;       7736
1.6981106219700e-04;       5092
1.6982937033200e-04;       5092
1.6984937085700e-04;        132
1.6986767296900e-04;        132
1.6988766510700e-04;      -2512
1.6990763825800e-04;      -2512
1.6992597350700e-04;         84
1.6994593994000e-04;         84
1.6996427497100e-04;       2680
1.6998424237500e-04;       2680
1.7000256945500e-04;         36
1.7002254283500e-04;         36
1.7004087785800e-04;       2632
1.7006084517900e-04;       2632
1.7007917232100e-04;       5228
1.7009914651500e-04;       5228
1.7011747363900e-04;       2584
1.7013744698000e-04;       2584
1.7015744736400e-04;       5180
1.7017574935400e-04;       5180
1.7019574178200e-04;       2536
1.7021404992600e-04;       2536
1.7023405039200e-04;       5132
1.7025235144600e-04;       5132
1.7027235148300e-04;        172
1.7029065359800e-04;        172
1.7031064601600e-04;       5084
1.7033061945000e-04;       5084
1.7034895461900e-04;        124
1.7036892186500e-04;        124
1.7038724897000e-04;      -2520
1.7040722342000e-04;      -2520
1.7042555047300e-04;         76
1.7044552376600e-04;         76
1.7046385890900e-04;       2672
1.7048382617200e-04;       2672
1.7050215329000e-04;         28
1.7052212656300e-04;         28
1.7054212701700e-04;       2624
1.7056042923900e-04;       2624
1.7058042167400e-04;       5220
1.7059873058600e-04;       5220
1.7061872294600e-04;       2576
1.7063703099000e-04;       2576
1.7065703157500e-04;       5172
1.7067533356000e-04;       5172
1.7069532593200e-04;       2528
1.7071529934800e-04;       2528
1.7073363436100e-04;       5124
1.7075360053600e-04;       5124
1.7077193572200e-04;       7720
1.7079190303100e-04;       7720
1.7081023008900e-04;       5076
1.7083020346500e-04;       5076
1.7084853850200e-04;        116
1.7086850563100e-04;        116
1.7088683260900e-04;      -2528
1.7090680598900e-04;      -2528
1.7092680632700e-04;         68
1.7094510733600e-04;         68
1.7096510762100e-04;       2664
1.7098340969800e-04;       2664
1.7100340214800e-04;         20
1.7102171009000e-04;         20
1.7104171024600e-04;       2616
1.7106001230100e-04;       2616
1.7108000470600e-04;       5212
1.7109831378100e-04;       5212
1.7111830610800e-04;       2568
1.7113827919200e-04;       2568
1.7115661435200e-04;      -2392
1.7117658177000e-04;      -2392
1.7119490874400e-04;       2520
1.7121488217900e-04;       2520
1.7123321728800e-04;       5116
1.7125318350300e-04;       5116
1.7127151857200e-04;       7712
1.7129148616900e-04;       7712
1.7130981304100e-04;       5068
1.7132978632800e-04;       5068
1.7134978672800e-04;       7664
1.7136808880200e-04;       7664
1.7138808109500e-04;      -2536
1.7140638937800e-04;      -2536
1.7142638965300e-04;         60
1.7144469077900e-04;         60
1.7146469111700e-04;       2656
1.7148299314500e-04;       2656
1.7150298545400e-04;         12
1.7152295882800e-04;         12
1.7154129401900e-04;       2608
1.7156126131300e-04;       2608
1.7157958843700e-04;       5204
1.7159956269200e-04;       5204
1.7161788983600e-04;       2560
1.7163786319100e-04;       2560
1.7165619834900e-04;       5156
1.7167616554600e-04;       5156
1.7169449273800e-04;       2512
1.7171446611000e-04;       2512
1.7173446653300e-04;       5108
1.7175276781300e-04;       5108
1.7177276820800e-04;       7704
1.7179107008600e-04;       7704
1.7181106248300e-04;       5060
1.7182937058800e-04;       5060
1.7184937080200e-04;        100
1.7186767305500e-04;        100
1.7188766533600e-04;      -2544
1.7190763885100e-04;      -2544
1.7192597397300e-04;         52
1.7194594030400e-04;         52
1.7196427544800e-04;       2648
1.7198424293100e-04;       2648
1.7200257002400e-04;          4
1.7202254357400e-04;          4
1.7204087862300e-04;       2600
1.7206084604600e-04;       2600
1.7207917301400e-04;       5196
1.7209914748000e-04;       5196
1.7211747452700e-04;       2552
1.7213744789200e-04;       2552
1.7215744825800e-04;       5148
1.7217575037000e-04;       5148
1.7219574285900e-04;       2504
1.7221405074700e-04;       2504
1.7223405105600e-04;       5100
1.7225235200800e-04;       5100
1.7227235245600e-04;       7696
1.7229065442600e-04;       7696
1.7231064701400e-04;       5052
1.7233062034700e-04;       5052
1.7234895564200e-04;       7648
1.7236892290700e-04;       7648
1.7238724990000e-04;       2688
1.7240722297400e-04;       2688
1.7242555809600e-04;         44
1.7244552442600e-04;         44
1.7246385918600e-04;       2640
1.7248382664000e-04;       2640
1.7250215368900e-04;         -4
1.7252212713200e-04;         -4
1.7254212733000e-04;       2592
1.7256042946200e-04;       2592
1.7258042182400e-04;       5188
1.7259873097800e-04;       5188
1.7261872339200e-04;       2544
1.7263703137400e-04;       2544
1.7265703180000e-04;       5140
1.7267533387100e-04;       5140
1.7269532611600e-04;       2496
1.7271529953200e-04;       2496
1.7273363480800e-04;       5092
1.7275360127500e-04;       5092
1.7277193632300e-04;       7688
1.7279190375100e-04;       7688
1.7281023073400e-04;       5044
1.7283020425800e-04;       5044
1.7284853929400e-04;       7640
1.7286850651500e-04;       7640
1.7288683338700e-04;       2680
1.7290680683600e-04;       2680
1.7292680721200e-04;         36
1.7294510839100e-04;         36
1.7296510867100e-04;       2632
1.7298341075600e-04;       2632
1.7300340311200e-04;        -12
1.7302171114800e-04;        -12
1.7304171152000e-04;       2584
1.7306001356300e-04;       2584
1.7308000599300e-04;       5180
1.7309831532200e-04;       5180
1.7311830761900e-04;       2536
1.7313828082300e-04;       2536
1.7315661598000e-04;       5132
1.7317658312500e-04;       5132
1.7319491029700e-04;       2488
1.7321488351600e-04;       2488
1.7323321867600e-04;       5084
1.7325318499500e-04;       5084
1.7327152014000e-04;       7680
1.7329148743500e-04;       7680
1.7330981461900e-04;       5036
1.7332978784700e-04;       5036
1.7334978801500e-04;       7632
1.7336809018700e-04;       7632
1.7338808255200e-04;      10228
1.7340639064100e-04;      10228
1.7342639105100e-04;         28
1.7344469205600e-04;         28
1.7346469253300e-04;       2624
1.7348299458200e-04;       2624
1.7350298705200e-04;        -20
1.7352296040700e-04;        -20
1.7354129560400e-04;       2576
1.7356126285900e-04;       2576
1.7357958999500e-04;       5172
1.7359956452700e-04;       5172
1.7361789152600e-04;       2528
1.7363786490900e-04;       2528
1.7365620007900e-04;       5124
1.7367616726600e-04;       5124
1.7369449439400e-04;       2480
1.7371446749000e-04;       2480
1.7373446777300e-04;       5076
1.7375276896200e-04;       5076
1.7377276950200e-04;       7672
1.7379107145500e-04;       7672
1.7381106382600e-04;       5028
1.7382937187400e-04;       5028
1.7384937189100e-04;       7624
1.7386767410800e-04;       7624
1.7388766629600e-04;      10220
1.7390597547500e-04;      10220
1.7392596793700e-04;         20
1.7394594142500e-04;         20
1.7396427650400e-04;       2616
1.7398424403100e-04;       2616
1.7400257110100e-04;       7528
1.7402254445000e-04;       7528
1.7404087956600e-04;       2568
1.7406084688400e-04;       2568
1.7407917379400e-04;       5164
1.7409914821400e-04;       5164
1.7411747531600e-04;       2520
1.7413744859400e-04;       2520
1.7415744873900e-04;       5116
1.7417575071300e-04;       5116
1.7419574297000e-04;       2472
1.7421405102100e-04;       2472
1.7423405115800e-04;       5068
1.7425235213700e-04;       5068
1.7427235253800e-04;       7664
1.7429065469800e-04;       7664
1.7431064690100e-04;       5020
1.7433062024600e-04;       5020
1.7434895538100e-04;       7616
1.7436892275000e-04;       7616
1.7438724993400e-04;       2656
1.7440722419100e-04;       2656
1.7442555134800e-04;         12
1.7444552480100e-04;         12
1.7446385997100e-04;       2608
1.7448382736800e-04;       2608
1.7450215442000e-04;       7520
1.7452212771900e-04;       7520
1.7454212794700e-04;       2560
1.7456042998600e-04;       2560
1.7458042245500e-04;       5156
1.7459873167300e-04;       5156
1.7461872396600e-04;       2512
1.7463703215600e-04;       2512
1.7465703216700e-04;       5108
1.7467533424700e-04;       5108
1.7469532657900e-04;       2464
1.7471529989500e-04;       2464
1.7473363489400e-04;       5060
1.7475360129600e-04;       5060
1.7477193650500e-04;       7656
1.7479190388400e-04;       7656
1.7481023092100e-04;       5012
1.7483020417000e-04;       5012
1.7484853911700e-04;       7608
1.7486850636700e-04;       7608
1.7488683354000e-04;      10204
1.7490680680900e-04;      10204
1.7492680703500e-04;          4
1.7494510793000e-04;          4
1.7496510818600e-04;       2600
1.7498341019600e-04;       2600
1.7500340240800e-04;        -44
1.7502171041900e-04;        -44
1.7504171066900e-04;       2552
1.7506001280400e-04;       2552
1.7508000512300e-04;       5148
1.7509831431100e-04;       5148
1.7511830672200e-04;       2504
1.7513827998300e-04;       2504
1.7515661485200e-04;       5100
1.7517658226100e-04;       5100
1.7519490927300e-04;       2456
1.7521488268800e-04;       2456
1.7523321787700e-04;       5052
1.7525318432700e-04;       5052
1.7527151941400e-04;       7648
1.7529148675500e-04;       7648
1.7530981396300e-04;       5004
1.7532978727400e-04;       5004
1.7534978757900e-04;       7600
1.7536808939800e-04;       7600
1.7538808187800e-04;      10196
1.7540639000300e-04;      10196
1.7542639033500e-04;         -4
1.7544469135800e-04;         -4
1.7546469166900e-04;       2592
1.7548299388000e-04;       2592
1.7550298605600e-04;        -52
1.7552295923800e-04;        -52
1.7554129433500e-04;       2544
1.7556126165000e-04;       2544
1.7557958878500e-04;       5140
1.7559956320300e-04;       5140
1.7561789034800e-04;       2496
1.7563786365600e-04;       2496
1.7565619876800e-04;       5092
1.7567616611900e-04;       5092
1.7569449328200e-04;       2448
1.7571446667700e-04;       2448
1.7573446707900e-04;       5044
1.7575276830400e-04;       5044
1.7577276839700e-04;       7640
1.7579107034800e-04;       7640
1.7581106268900e-04;       4996
1.7582937066100e-04;       4996
1.7584937101000e-04;         36
1.7586767314100e-04;         36
1.7588766537400e-04;      -2608
1.7590763876600e-04;      -2608
1.7592597379200e-04;        -12
1.7594594021600e-04;        -12
1.7596427528700e-04;       2584
1.7598424269900e-04;       2584
1.7600256989400e-04;        -60
1.7602254311200e-04;        -60
1.7604087820300e-04;       2536
1.7606084557900e-04;       2536
1.7607917259900e-04;       5132
1.7609914690900e-04;       5132
1.7611747406600e-04;       2488
1.7613744743200e-04;       2488
1.7615744766400e-04;       5084
1.7617574980000e-04;       5084
1.7619574204500e-04;       2440
1.7621404987500e-04;       2440
1.7623405022500e-04;       5036
1.7625235115400e-04;       5036
1.7627235139600e-04;         76
1.7629065319600e-04;         76
1.7631064562300e-04;       4988
1.7633061901300e-04;       4988
1.7634895404800e-04;         28
1.7636892142600e-04;         28
1.7638724855400e-04;      -2616
1.7640722167600e-04;      -2616
1.7642555673800e-04;        -20
1.7644552300200e-04;        -20
1.7646385778700e-04;       2576
1.7648382526800e-04;       2576
1.7650215244500e-04;        -68
1.7652212574500e-04;        -68
1.7654212602900e-04;       2528
1.7656042802800e-04;       2528
1.7658042037100e-04;       5124
1.7659872941600e-04;       5124
1.7661872180000e-04;       2480
1.7663702997700e-04;       2480
1.7665703040300e-04;      -2480
1.7667533253700e-04;      -2480
1.7669532465100e-04;       2432
1.7671529810200e-04;       2432
1.7673363302900e-04;       5028
1.7675359938000e-04;       5028
1.7677193413700e-04;       7624
1.7679190132000e-04;       7624
1.7681022854900e-04;       4980
1.7683020187300e-04;       4980
1.7684853686700e-04;         20
1.7686850401700e-04;         20
1.7688683105700e-04;      -2624
1.7690680436900e-04;      -2624
1.7692680483300e-04;        -28
1.7694510597000e-04;        -28
1.7696510633700e-04;       2568
1.7698340854000e-04;       2568
1.7700340103500e-04;        -76
1.7702170918000e-04;        -76
1.7704170967300e-04;       2520
1.7706001136100e-04;       2520
1.7708000383000e-04;       5116
1.7709831273100e-04;       5116
1.7711830512100e-04;       2472
1.7713827857200e-04;       2472
1.7715661364400e-04;       5068
1.7717658091900e-04;       5068
1.7719490810200e-04;       2424
1.7721488149000e-04;       2424
1.7723321661300e-04;      -2536
1.7725318307900e-04;      -2536
1.7727151797100e-04;         60
1.7729148549400e-04;         60
1.7730981257200e-04;       4972
1.7732978590400e-04;       4972
1.7734978643000e-04;         12
1.7736808858300e-04;         12
1.7738808104300e-04;      -2632
1.7740638903500e-04;      -2632
1.7742638958900e-04;        -36
1.7744469069100e-04;        -36
1.7746469095900e-04;       2560
1.7748299309200e-04;       2560
1.7750298546900e-04;        -84
1.7752295883700e-04;        -84
1.7754129402800e-04;       2512
1.7756126131200e-04;       2512
1.7757958833100e-04;       5108
1.7759956278000e-04;       5108
1.7761789005400e-04;       2464
1.7763786351700e-04;       2464
1.7765619863700e-04;       5060
1.7767616610000e-04;       5060
1.7769449305700e-04;       2416
1.7771446627900e-04;       2416
1.7773446668200e-04;       5012
1.7775276775700e-04;       5012
1.7777276777000e-04;       7608
1.7779106985600e-04;       7608
1.7781106234800e-04;       4964
1.7782937042100e-04;       4964
1.7784937075600e-04;          4
1.7786767291800e-04;          4
1.7788766536300e-04;      -2640
1.7790763843600e-04;      -2640
1.7792597351600e-04;        -44
1.7794593997800e-04;        -44
1.7796427500700e-04;       2552
1.7798424244000e-04;       2552
1.7800256948600e-04;        -92
1.7802254289500e-04;        -92
1.7804087779700e-04;       2504
1.7806084508600e-04;       2504
1.7807917183600e-04;       5100
1.7809914609400e-04;       5100
1.7811747307100e-04;       2456
1.7813744625800e-04;       2456
1.7815744656600e-04;      -2504
1.7817574827800e-04;      -2504
1.7819574062000e-04;       2408
1.7821404885900e-04;       2408
1.7823404923000e-04;       5004
1.7825235025100e-04;       5004
1.7827235064600e-04;       7600
1.7829065275800e-04;       7600
1.7831064519600e-04;       4956
1.7833061874200e-04;       4956
1.7834895373100e-04;         -4
1.7836892101200e-04;         -4
1.7838724802700e-04;      -2648
1.7840722132200e-04;      -2648
1.7842555643100e-04;        -52
1.7844552255100e-04;        -52
1.7846385766700e-04;       2544
1.7848382522100e-04;       2544
1.7850215246400e-04;       -100
1.7852212575100e-04;       -100
1.7854212607600e-04;       2496
1.7856042817300e-04;       2496
1.7858042058800e-04;       5092
1.7859872981400e-04;       5092
1.7861872208500e-04;       2448
1.7863703020400e-04;       2448
1.7865703041400e-04;      -2512
1.7867533226600e-04;      -2512
1.7869532479500e-04;       2400
1.7871529817000e-04;       2400
1.7873363335300e-04;       4996
1.7875359975900e-04;       4996
1.7877193476400e-04;         36
1.7879190221700e-04;         36
1.7881022911600e-04;       4948
1.7883020245700e-04;       4948
1.7884853764100e-04;        -12
1.7886850506300e-04;        -12
1.7888683206800e-04;      -2656
1.7890680547400e-04;      -2656
1.7892680574000e-04;        -60
1.7894510670700e-04;        -60
1.7896510705100e-04;       2536
1.7898340912300e-04;       2536
1.7900340136300e-04;       -108
1.7902170954400e-04;       -108
1.7904170993700e-04;       2488
1.7906001221100e-04;       2488
1.7908000445000e-04;       5084
1.7909831372900e-04;       5084
1.7911830586200e-04;       2440
1.7913827917500e-04;       2440
1.7915661426200e-04;       5036
1.7917658158900e-04;       5036
1.7919490857900e-04;       2392
1.7921488192400e-04;       2392
1.7923321695000e-04;       4988
1.7925318316900e-04;       4988
1.7927151823600e-04;         28
1.7929148555400e-04;         28
1.7930981269300e-04;       4940
1.7932978613800e-04;       4940
1.7934978651500e-04;        -20
1.7936808860100e-04;        -20
1.7938808086400e-04;      -2664
1.7940638876500e-04;      -2664
1.7942638907500e-04;        -68
1.7944469024200e-04;        -68
1.7946469041200e-04;       2528
1.7948299238800e-04;       2528
1.7950298495100e-04;       -116
1.7952295816200e-04;       -116
1.7954129338200e-04;       2480
1.7956126080800e-04;       2480
1.7957958783800e-04;       5076
1.7959956192200e-04;       5076
1.7961788893400e-04;       2432
1.7963786238700e-04;       2432
1.7965619747000e-04;      -2528
1.7967616500000e-04;      -2528
1.7969449210000e-04;       2384
1.7971446530200e-04;       2384
1.7973446566900e-04;       4980
1.7975276667600e-04;       4980
1.7977276704300e-04;         20
1.7979106887600e-04;         20
1.7981106125200e-04;       4932
1.7982936941500e-04;       4932
1.7984936985000e-04;        -28
1.7986767188800e-04;        -28
1.7988766432600e-04;      -2672
1.7990763772400e-04;      -2672
1.7992597291500e-04;        -76
1.7994593912600e-04;        -76
1.7996427432700e-04;       2520
1.7998424164800e-04;       2520
1.8000256874400e-04;       -124
1.8002254203000e-04;       -124
1.8004087714600e-04;       2472
1.8006084453800e-04;       2472
1.8007917164400e-04;       5068
1.8009914587300e-04;       5068
1.8011747277600e-04;       2424
1.8013744628700e-04;       2424
1.8015744673000e-04;       5020
1.8017574889300e-04;       5020
1.8019574122300e-04;       2376
1.8021404932500e-04;       2376
1.8023404978100e-04;       4972
1.8025235070700e-04;       4972
1.8027235097500e-04;         12
1.8029065278700e-04;         12
1.8031064525600e-04;      -2632
1.8033061861900e-04;      -2632
1.8034895359600e-04;        -36
1.8036892084200e-04;        -36
1.8038724813500e-04;      -2680
1.8040722138700e-04;      -2680
1.8042555641300e-04;        -84
1.8044552264500e-04;        -84
1.8046385780900e-04;       2512
1.8048382521400e-04;       2512
1.8050215240600e-04;       -132
1.8052212570600e-04;       -132
1.8054212602500e-04;       2464
1.8056042817500e-04;       2464
1.8058042051600e-04;       5060
1.8059872959800e-04;       5060
1.8061872203100e-04;       2416
1.8063703026000e-04;       2416
1.8065703044700e-04;      -2544
1.8067533244400e-04;      -2544
1.8069532461200e-04;       2368
1.8071529801400e-04;       2368
1.8073363312700e-04;      -2592
1.8075359950400e-04;      -2592
1.8077193452700e-04;          4
1.8079190199900e-04;          4
1.8081022910000e-04;       4916
1.8083020247800e-04;       4916
1.8084853740500e-04;        -44
1.8086850493300e-04;        -44
1.8088683219400e-04;      -2688
1.8090680547000e-04;      -2688
1.8092680585400e-04;        -92
1.8094510712600e-04;        -92
1.8096510733500e-04;       2504
1.8098340921000e-04;       2504
1.8100340172800e-04;       -140
1.8102170961400e-04;       -140
1.8104170975500e-04;       2456
1.8106001194600e-04;       2456
1.8108000426000e-04;       5052
1.8109831320800e-04;       5052
1.8111830573200e-04;       2408
1.8113827873500e-04;       2408
1.8115661382200e-04;       5004
1.8117658125800e-04;       5004
1.8119490836700e-04;       2360
1.8121488195400e-04;       2360
1.8123321709800e-04;      -2600
1.8125318348900e-04;      -2600
1.8127151877100e-04;       7552
1.8129148613600e-04;       7552
1.8130981313100e-04;       4908
1.8132978648700e-04;       4908
1.8134978685600e-04;        -52
1.8136808881700e-04;        -52
1.8138808127400e-04;      -2696
1.8140638937300e-04;      -2696
1.8142638976100e-04;       -100
1.8144469076300e-04;       -100
1.8146469106900e-04;       2496
1.8148299318500e-04;       2496
1.8150298542000e-04;       -148
1.8152295867800e-04;       -148
1.8154129394300e-04;       2448
1.8156126136300e-04;       2448
1.8157958826900e-04;       5044
1.8159956230000e-04;       5044
1.8161788923600e-04;       2400
1.8163786270800e-04;       2400
1.8165619776500e-04;       4996
1.8167616512000e-04;       4996
1.8169449225700e-04;       2352
1.8171446568600e-04;       2352
1.8173446588500e-04;       4948
1.8175276691600e-04;       4948
1.8177276732100e-04;       7544
1.8179106923300e-04;       7544
1.8181106173600e-04;       4900
1.8182936977600e-04;       4900
1.8184937025000e-04;        -60
1.8186767244200e-04;        -60
1.8188766492600e-04;      -2704
1.8190763815800e-04;      -2704
1.8192597321200e-04;       -108
1.8194593950800e-04;       -108
1.8196427454600e-04;       2488
1.8198424196500e-04;       2488
1.8200256894300e-04;       -156
1.8202254229900e-04;       -156
1.8204087742300e-04;       2440
1.8206084460500e-04;       2440
1.8207917183900e-04;       5036
1.8209914618100e-04;       5036
1.8211747323700e-04;       2392
1.8213744662500e-04;       2392
1.8215744707000e-04;       4988
1.8217574899000e-04;       4988
1.8219574144300e-04;       2344
1.8221404954800e-04;       2344
1.8223404965400e-04;       4940
1.8225235081200e-04;       4940
1.8227235117300e-04;       7536
1.8229065316400e-04;       7536
1.8231064539300e-04;       4892
1.8233061848700e-04;       4892
1.8234895370000e-04;        -68
1.8236892105200e-04;        -68
1.8238724832400e-04;      -2712
1.8240722162500e-04;      -2712
1.8242555678500e-04;       -116
1.8244552319400e-04;       -116
1.8246385812800e-04;       2480
1.8248382564500e-04;       2480
1.8250215269000e-04;       -164
1.8252212581800e-04;       -164
1.8254212636800e-04;       2432
1.8256042844500e-04;       2432
1.8258042078500e-04;       5028
1.8259872987700e-04;       5028
1.8261872231900e-04;       2384
1.8263703043800e-04;       2384
1.8265703072700e-04;       4980
1.8267533291500e-04;       4980
1.8269532520000e-04;       2336
1.8271529853400e-04;       2336
1.8273363360200e-04;       4932
1.8275359999300e-04;       4932
1.8277193513500e-04;        -28
1.8279190245500e-04;        -28
1.8281022934900e-04;       4884
1.8283020280000e-04;       4884
1.8284853780400e-04;        -76
1.8286850529400e-04;        -76
1.8288683235500e-04;      -2720
1.8290680557300e-04;      -2720
1.8292680583400e-04;       -124
1.8294510688300e-04;       -124
1.8296510714600e-04;       2472
1.8298340928600e-04;       2472
1.8300340175400e-04;       -172
1.8302170983800e-04;       -172
1.8304171030600e-04;       2424
1.8306001245600e-04;       2424
1.8308000454500e-04;       5020
1.8309831362400e-04;       5020
1.8311830591800e-04;       2376
1.8313827930700e-04;       2376
1.8315661453900e-04;      -2584
1.8317658173200e-04;      -2584
1.8319490870400e-04;       2328
1.8321488224300e-04;       2328
1.8323321730400e-04;       4924
1.8325318374500e-04;       4924
1.8327151871200e-04;        -36
1.8329148613300e-04;        -36
1.8330981340000e-04;       4876
1.8332978668800e-04;       4876
1.8334978699800e-04;        -84
1.8336808912700e-04;        -84
1.8338808154000e-04;      -2728
1.8340638979500e-04;      -2728
1.8342638989000e-04;       -132
1.8344469096900e-04;       -132
1.8346469129400e-04;       2464
1.8348299346800e-04;       2464
1.8350298588200e-04;       -180
1.8352295905800e-04;       -180
1.8354129421300e-04;       2416
1.8356126146700e-04;       2416
1.8357958862800e-04;       5012
1.8359956288800e-04;       5012
1.8361788988700e-04;       2368
1.8363786307700e-04;       2368
1.8365619784000e-04;       4964
1.8367616497900e-04;       4964
1.8369449204900e-04;       2320
1.8371446531200e-04;       2320
1.8373446560200e-04;       4916
1.8375276673900e-04;       4916
1.8377276721100e-04;        -44
1.8379106913800e-04;        -44
1.8381106141900e-04;      -2688
1.8382936946200e-04;      -2688
1.8384936965800e-04;        -92
1.8386767177600e-04;        -92
1.8388766427200e-04;      -2736
1.8390763732500e-04;      -2736
1.8392597235500e-04;       -140
1.8394593877400e-04;       -140
1.8396427377600e-04;       2456
1.8398424100200e-04;       2456
1.8400256811000e-04;       -188
1.8402254147400e-04;       -188
1.8404087658200e-04;       2408
1.8406084370700e-04;       2408
1.8407917061600e-04;       5004
1.8409914491200e-04;       5004
1.8411747188300e-04;       2360
1.8413744507800e-04;       2360
1.8415744543200e-04;      -2600
1.8417574748300e-04;      -2600
1.8419573977700e-04;       2312
1.8421404785100e-04;       2312
1.8423404814000e-04;       4908
1.8425234923700e-04;       4908
1.8427234958800e-04;        -52
1.8429065181300e-04;        -52
1.8431064405400e-04;      -2696
1.8433061761300e-04;      -2696
1.8434895275700e-04;       -100
1.8436892005600e-04;       -100
1.8438724713400e-04;      -2744
1.8440722048200e-04;      -2744
1.8442555556400e-04;       -148
1.8444552190400e-04;       -148
1.8446385695900e-04;       2448
1.8448382450700e-04;       2448
1.8450215149600e-04;       -196
1.8452212484000e-04;       -196
1.8454212529100e-04;       2400
1.8456042727500e-04;       2400
1.8458041963600e-04;       4996
1.8459872857700e-04;       4996
1.8461872078600e-04;       2352
1.8463702920700e-04;       2352
1.8465702959400e-04;       4948
1.8467533174300e-04;       4948
1.8469532399800e-04;       2304
1.8471529752700e-04;       2304
1.8473363260700e-04;       4900
1.8475359900500e-04;       4900
1.8477193408400e-04;        -60
1.8479190137300e-04;        -60
1.8481022858700e-04;       4852
1.8483020207800e-04;       4852
1.8484853710600e-04;       -108
1.8486850448400e-04;       -108
1.8488683158600e-04;      -2752
1.8490680454500e-04;      -2752
1.8492680485300e-04;       -156
1.8494510599200e-04;       -156
1.8496510635000e-04;       2440
1.8498340838000e-04;       2440
1.8500340071800e-04;       -204
1.8502170862100e-04;       -204
1.8504170918800e-04;       2392
1.8506001107300e-04;       2392
1.8508000352500e-04;       4988
1.8509831261800e-04;       4988
1.8511830479400e-04;       2344
1.8513827822900e-04;       2344
1.8515661308300e-04;       4940
1.8517658032800e-04;       4940
1.8519490764400e-04;       2296
1.8521488086500e-04;       2296
1.8523321586600e-04;      -2664
1.8525318221000e-04;      -2664
1.8527151715800e-04;        -68
1.8529148432100e-04;        -68
1.8530981123500e-04;      -2712
1.8532978464600e-04;      -2712
1.8534978486500e-04;       -116
1.8536808696500e-04;       -116
1.8538807932100e-04;      -2760
1.8540638741500e-04;      -2760
1.8542638779300e-04;       -164
1.8544468887600e-04;       -164
1.8546468930600e-04;       2432
1.8548299142000e-04;       2432
1.8550298380000e-04;       -212
1.8552295726800e-04;       -212
1.8554129232200e-04;       2384
1.8556125972600e-04;       2384
1.8557958649700e-04;       4980
1.8559956105000e-04;       4980
1.8561788781500e-04;       2336
1.8563786130000e-04;       2336
1.8565619638000e-04;      -2624
1.8567616375600e-04;      -2624
1.8569449090300e-04;       2288
1.8571446427500e-04;       2288
1.8573446466000e-04;       4884
1.8575276567100e-04;       4884
1.8577276606700e-04;        -76
1.8579106806400e-04;        -76
1.8581106057900e-04;      -2720
1.8582936865100e-04;      -2720
1.8584936913500e-04;       -124
1.8586767119600e-04;       -124
1.8588766341700e-04;      -2768
1.8590763685600e-04;      -2768
1.8592597177300e-04;       -172
1.8594593806100e-04;       -172
1.8596427330100e-04;       2424
1.8598424076900e-04;       2424
1.8600256785300e-04;       -220
1.8602254119700e-04;       -220
1.8604087635700e-04;       2376
1.8606084371200e-04;       2376
1.8607917100800e-04;       4972
1.8609914529200e-04;       4972
1.8611747258400e-04;       2328
1.8613744576000e-04;       2328
1.8615744624800e-04;       4924
1.8617574840700e-04;       4924
1.8619574075900e-04;       2280
1.8621404882100e-04;       2280
1.8623404932000e-04;       4876
1.8625235044100e-04;       4876
1.8627235074400e-04;       7472
1.8629065281400e-04;       7472
1.8631064523300e-04;       4828
1.8633061856700e-04;       4828
1.8634895353000e-04;       -132
1.8636892088700e-04;       -132
1.8638724819600e-04;      -2776
1.8640722154100e-04;      -2776
1.8642555645300e-04;       -180
1.8644552279200e-04;       -180
1.8646385800700e-04;       2416
1.8648382527000e-04;       2416
1.8650215229900e-04;       -228
1.8652212592000e-04;       -228
1.8654212628500e-04;       2368
1.8656042830400e-04;       2368
1.8658042061200e-04;       4964
1.8659872972500e-04;       4964
1.8661872204300e-04;       2320
1.8663703016500e-04;       2320
1.8665703053400e-04;       4916
1.8667533259600e-04;       4916
1.8669532494500e-04;       2272
1.8671529839400e-04;       2272
1.8673363343300e-04;       4868
1.8675359972400e-04;       4868
1.8677193487200e-04;        -92
1.8679190213200e-04;        -92
1.8681022933500e-04;      -2736
1.8683020284000e-04;      -2736
1.8684853801600e-04;       -140
1.8686850536900e-04;       -140
1.8688683235200e-04;      -2784
1.8690680556400e-04;      -2784
1.8692680602100e-04;       -188
1.8694510708200e-04;       -188
1.8696510729300e-04;       2408
1.8698340946600e-04;       2408
1.8700340184700e-04;       -236
1.8702171001900e-04;       -236
1.8704171037500e-04;       2360
1.8706001225200e-04;       2360
1.8708000469400e-04;       4956
1.8709831362400e-04;       4956
1.8711830557400e-04;       2312
1.8713827890300e-04;       2312
1.8715661392500e-04;       4908
1.8717658128700e-04;       4908
1.8719490841300e-04;       2264
1.8721488178200e-04;       2264
1.8723321690300e-04;       4860
1.8725318336700e-04;       4860
1.8727151863200e-04;       -100
1.8729148592500e-04;       -100
1.8730981306500e-04;       4812
1.8732978642800e-04;       4812
1.8734978671900e-04;       -148
1.8736808888300e-04;       -148
1.8738808138600e-04;      -2792
1.8740638954800e-04;      -2792
1.8742639001900e-04;       -196
1.8744469114300e-04;       -196
1.8746469117500e-04;       2400
1.8748299330800e-04;       2400
1.8750298583800e-04;       -244
1.8752295917800e-04;       -244
1.8754129436000e-04;       2352
1.8756126161400e-04;       2352
1.8757958873700e-04;       4948
1.8759956313300e-04;       4948
1.8761789046200e-04;       2304
1.8763786382000e-04;       2304
1.8765619901200e-04;       4900
1.8767616634700e-04;       4900
1.8769449346900e-04;       2256
1.8771446670300e-04;       2256
1.8773446706600e-04;       4852
1.8775276818800e-04;       4852
1.8777276865000e-04;       -108
1.8779107059500e-04;       -108
1.8781106293800e-04;       4804
1.8782937114900e-04;       4804
1.8784937128600e-04;       -156
1.8786767333700e-04;       -156
1.8788766575700e-04;      -2800
1.8790763907200e-04;      -2800
1.8792597409700e-04;       -204
1.8794594049500e-04;       -204
1.8796427568000e-04;       2392
1.8798424303100e-04;       2392
1.8800257024000e-04;       7304
1.8802254359200e-04;       7304
1.8804087843400e-04;       2344
1.8806084580900e-04;       2344
1.8807917290600e-04;       4940
1.8809914714400e-04;       4940
1.8811747458300e-04;       2296
1.8813744758100e-04;       2296
1.8815744784300e-04;       4892
1.8817574985800e-04;       4892
1.8819574240700e-04;       2248
1.8821405028500e-04;       2248
1.8823405072600e-04;       4844
1.8825235154900e-04;       4844
1.8827235198000e-04;       7440
1.8829065408500e-04;       7440
1.8831064645700e-04;       4796
1.8833061984300e-04;       4796
1.8834895498200e-04;       -164
1.8836892244500e-04;       -164
1.8838724958400e-04;      -2808
1.8840722401900e-04;      -2808
1.8842555107000e-04;       -212
1.8844552447500e-04;       -212
1.8846385957700e-04;       2384
1.8848382685400e-04;       2384
1.8850215373400e-04;       7296
1.8852212708800e-04;       7296
1.8854212751800e-04;       2336
1.8856042967400e-04;       2336
1.8858042203100e-04;       4932
1.8859873106900e-04;       4932
1.8861872339600e-04;       2288
1.8863703143600e-04;       2288
1.8865703188700e-04;       4884
1.8867533409900e-04;       4884
1.8869532651700e-04;       2240
1.8871529979400e-04;       2240
1.8873363489300e-04;       4836
1.8875360115500e-04;       4836
1.8877193628500e-04;       7432
1.8879190368300e-04;       7432
1.8881023066800e-04;       4788
1.8883020392900e-04;       4788
1.8884853913100e-04;       -172
1.8886850652800e-04;       -172
1.8888683370800e-04;      -2816
1.8890680685100e-04;      -2816
1.8892680716100e-04;       -220
1.8894510815100e-04;       -220
1.8896510856200e-04;       2376
1.8898341057100e-04;       2376
1.8900340305600e-04;       -268
1.8902171113100e-04;       -268
1.8904171142000e-04;       2328
1.8906001364500e-04;       2328
1.8908000598700e-04;       4924
1.8909831512400e-04;       4924
1.8911830762800e-04;       2280
1.8913828087600e-04;       2280
1.8915661592200e-04;       4876
1.8917658325800e-04;       4876
1.8919491034000e-04;       2232
1.8921488367200e-04;       2232
1.8923321877500e-04;       4828
1.8925318515200e-04;       4828
1.8927152027000e-04;       7424
1.8929148769700e-04;       7424
1.8930981459400e-04;       4780
1.8932978798700e-04;       4780
1.8934978844200e-04;       -180
1.8936809057000e-04;       -180
1.8938808277700e-04;      -2824
1.8940639084900e-04;      -2824
1.8942639124600e-04;       -228
1.8944469238400e-04;       -228
1.8946469257600e-04;       2368
1.8948299447400e-04;       2368
1.8950298667700e-04;       -276
1.8952296019500e-04;       -276
1.8954129523500e-04;       2320
1.8956126277100e-04;       2320
1.8957958992900e-04;       4916
1.8959956418500e-04;       4916
1.8961789135600e-04;       2272
1.8963786470300e-04;       2272
1.8965619969500e-04;       4868
1.8967616716400e-04;       4868
1.8969449412500e-04;       2224
1.8971446754800e-04;       2224
1.8973446768800e-04;       4820
1.8975276865200e-04;       4820
1.8977276915200e-04;       7416
1.8979107128900e-04;       7416
1.8981106376600e-04;       4772
1.8982937181400e-04;       4772
1.8984937238200e-04;       7368
1.8986767438300e-04;       7368
1.8988766681100e-04;      -2832
1.8990763995400e-04;      -2832
1.8992597508200e-04;       -236
1.8994594151700e-04;       -236
1.8996427668600e-04;       2360
1.8998424391000e-04;       2360
1.9000257093500e-04;       -284
1.9002254413900e-04;       -284
1.9004087894200e-04;       2312
1.9006084636600e-04;       2312
1.9007917346000e-04;       4908
1.9009914773800e-04;       4908
1.9011747494300e-04;       2264
1.9013744812600e-04;       2264
1.9015744859200e-04;       4860
1.9017575056500e-04;       4860
1.9019574273500e-04;       2216
1.9021405093400e-04;       2216
1.9023405142000e-04;       4812
1.9025235224700e-04;       4812
1.9027235263600e-04;       7408
1.9029065461100e-04;       7408
1.9031064702100e-04;       4764
1.9033062035600e-04;       4764
1.9034895550200e-04;       7360
1.9036892287900e-04;       7360
1.9038725006500e-04;       2400
1.9040722347800e-04;       2400
1.9042555855600e-04;       -244
1.9044552503700e-04;       -244
1.9046386034200e-04;       2352
1.9048382770300e-04;       2352
1.9050215471700e-04;       -292
1.9052212781400e-04;       -292
1.9054212794100e-04;       2304
1.9056043017000e-04;       2304
1.9058042254100e-04;       4900
1.9059873172400e-04;       4900
1.9061872410800e-04;       2256
1.9063703223200e-04;       2256
1.9065703229700e-04;       4852
1.9067533460500e-04;       4852
1.9069532680100e-04;       2208
1.9071530031800e-04;       2208
1.9073363535100e-04;       4804
1.9075360163300e-04;       4804
1.9077193647200e-04;       7400
1.9079190392200e-04;       7400
1.9081023096500e-04;       4756
1.9083020428100e-04;       4756
1.9084853938200e-04;       -204
1.9086850657900e-04;       -204
1.9088683371500e-04;      -2848
1.9090680693700e-04;      -2848
1.9092680742000e-04;       -252
1.9094510797900e-04;       -252
1.9096510831800e-04;       2344
1.9098341027500e-04;       2344
1.9100340238000e-04;       7256
1.9102171045200e-04;       7256
1.9104171086000e-04;       2296
1.9106001279800e-04;       2296
1.9108000524800e-04;       4892
1.9109831424700e-04;       4892
1.9111830665000e-04;       2248
1.9113827996600e-04;       2248
1.9115661490700e-04;       4844
1.9117658223000e-04;       4844
1.9119490929200e-04;       2200
1.9121488265900e-04;       2200
1.9123321775700e-04;       4796
1.9125318400500e-04;       4796
1.9127151894100e-04;       7392
1.9129148638700e-04;       7392
1.9130981353200e-04;       4748
1.9132978685400e-04;       4748
1.9134978715800e-04;       -212
1.9136808934700e-04;       -212
1.9138808185100e-04;      -2856
1.9140638979600e-04;      -2856
1.9142639023400e-04;       -260
1.9144469136200e-04;       -260
1.9146469172600e-04;       2336
1.9148299354600e-04;       2336
1.9150298576000e-04;       -308
1.9152295921500e-04;       -308
1.9154129428200e-04;       2288
1.9156126166400e-04;       2288
1.9157958875100e-04;       4884
1.9159956312900e-04;       4884
1.9161789009100e-04;       2240
1.9163786343900e-04;       2240
1.9165619848500e-04;       4836
1.9167616573200e-04;       4836
1.9169449292000e-04;       2192
1.9171446633500e-04;       2192
1.9173446673000e-04;       4788
1.9175276772500e-04;       4788
1.9177276810700e-04;       -172
1.9179107026100e-04;       -172
1.9181106262500e-04;       4740
1.9182937068700e-04;       4740
1.9184937107000e-04;       7336
1.9186767286600e-04;       7336
1.9188766531800e-04;       9932
1.9190763870500e-04;       9932
1.9192597382600e-04;       -268
1.9194594017700e-04;       -268
1.9196427511000e-04;       2328
1.9198424230100e-04;       2328
1.9200256933300e-04;       -316
1.9202254257500e-04;       -316
1.9204087777800e-04;       2280
1.9206084503300e-04;       2280
1.9207917229500e-04;       4876
1.9209914645000e-04;       4876
1.9211747352300e-04;       2232
1.9213744698800e-04;       2232
1.9215744732000e-04;       4828
1.9217574946700e-04;       4828
1.9219574191800e-04;       2184
1.9221404985800e-04;       2184
1.9223405010200e-04;       4780
1.9225235118300e-04;       4780
1.9227235154500e-04;       7376
1.9229065345300e-04;       7376
1.9231064591900e-04;       4732
1.9233061929000e-04;       4732
1.9234895441300e-04;       -228
1.9236892171000e-04;       -228
1.9238724851400e-04;      -2872
1.9240722301000e-04;      -2872
1.9242555025800e-04;       -276
1.9244552362700e-04;       -276
1.9246385878300e-04;       2320
1.9248382622700e-04;       2320
1.9250215316300e-04;       -324
1.9252212666000e-04;       -324
1.9254212695400e-04;       2272
1.9256042890300e-04;       2272
1.9258042137500e-04;       4868
1.9259873042400e-04;       4868
1.9261872285300e-04;       2224
1.9263703094100e-04;       2224
1.9265703139000e-04;       4820
1.9267533335000e-04;       4820
1.9269532581200e-04;       2176
1.9271529907600e-04;       2176
1.9273363423400e-04;       4772
1.9275360061600e-04;       4772
1.9277193579600e-04;       7368
1.9279190331500e-04;       7368
1.9281023051700e-04;       4724
1.9283020372800e-04;       4724
1.9284853873700e-04;       7320
1.9286850609300e-04;       7320
1.9288683317400e-04;      -2880
1.9290680626100e-04;      -2880
1.9292680674300e-04;       -284
1.9294510788100e-04;       -284
1.9296510802400e-04;       2312
1.9298341019100e-04;       2312
1.9300340234000e-04;       -332
1.9302171051500e-04;       -332
1.9304171088800e-04;       2264
1.9306001300300e-04;       2264
1.9308000553000e-04;       4860
1.9309831465700e-04;       4860
1.9311830696100e-04;       2216
1.9313828035200e-04;       2216
1.9315661541800e-04;       4812
1.9317658282900e-04;       4812
1.9319490989700e-04;       2168
1.9321488349700e-04;       2168
1.9323321863700e-04;       4764
1.9325318514800e-04;       4764
1.9327152032300e-04;       7360
1.9329148765400e-04;       7360
1.9330981470800e-04;       4716
1.9332978804200e-04;       4716
1.9334978855000e-04;       7312
1.9336809065700e-04;       7312
1.9338808293600e-04;      -2888
1.9340639183000e-04;      -2888
1.9342638412400e-04;       -292
1.9344469217700e-04;       -292
1.9346469256400e-04;       2304
1.9348299462100e-04;       2304
1.9350298701800e-04;       -340
1.9352296027200e-04;       -340
1.9354129530100e-04;       2256
1.9356126277900e-04;       2256
1.9357958971300e-04;       4852
1.9359956415200e-04;       4852
1.9361789122600e-04;       2208
1.9363786455400e-04;       2208
1.9365619948900e-04;       4804
1.9367616670900e-04;       4804
1.9369449372500e-04;       2160
1.9371446689600e-04;       2160
1.9373446736600e-04;       4756
1.9375276828300e-04;       4756
1.9377276875600e-04;       7352
1.9379107080700e-04;       7352
1.9381106320300e-04;       4708
1.9382937135400e-04;       4708
1.9384937170500e-04;       -252
1.9386767327200e-04;       -252
1.9388766557700e-04;      -2896
1.9390763882400e-04;      -2896
1.9392597387000e-04;       -300
1.9394594006700e-04;       -300
1.9396427509200e-04;       2296
1.9398424201900e-04;       2296
1.9400256916000e-04;       7208
1.9402254260200e-04;       7208
1.9404087774700e-04;       2248
1.9406084513300e-04;       2248
1.9407917215100e-04;       4844
1.9409914667700e-04;       4844
1.9411747381300e-04;       2200
1.9413744710400e-04;       2200
1.9415744732700e-04;      -2760
1.9417574944900e-04;      -2760
1.9419574188200e-04;       2152
1.9421404984500e-04;       2152
1.9423405031400e-04;       4748
1.9425235137100e-04;       4748
1.9427235177100e-04;       7344
1.9429065370100e-04;       7344
1.9431064616100e-04;       4700
1.9433061956700e-04;       4700
1.9434895446800e-04;       -260
1.9436892157400e-04;       -260
1.9438724866700e-04;      -2904
1.9440722218300e-04;      -2904
1.9442555728200e-04;       -308
1.9444552372200e-04;       -308
1.9446385870000e-04;       2288
1.9448382617400e-04;       2288
1.9450215329300e-04;       -356
1.9452212646000e-04;       -356
1.9454212694900e-04;       2240
1.9456042914200e-04;       2240
1.9458042136400e-04;       4836
1.9459873045700e-04;       4836
1.9461872290800e-04;       2192
1.9463703087400e-04;       2192
1.9465703117500e-04;       4788
1.9467533315200e-04;       4788
1.9469532533800e-04;       2144
1.9471529874700e-04;       2144
1.9473363374400e-04;       4740
1.9475360012700e-04;       4740
1.9477193527800e-04;       -220
1.9479190254900e-04;       -220
1.9481022968000e-04;       4692
1.9483020293900e-04;       4692
1.9484853811200e-04;       7288
1.9486850564800e-04;       7288
1.9488683266800e-04;      -2912
1.9490680599600e-04;      -2912
1.9492680646200e-04;       -316
1.9494510771200e-04;       -316
1.9496510791300e-04;       2280
1.9498341010000e-04;       2280
1.9500340244600e-04;       -364
1.9502171049200e-04;       -364
1.9504171066000e-04;       2232
1.9506001261800e-04;       2232
1.9508000507100e-04;       4828
1.9509831414900e-04;       4828
1.9511830642200e-04;       2184
1.9513827974700e-04;       2184
1.9515661477300e-04;       4780
1.9517658210900e-04;       4780
1.9519490900500e-04;       2136
1.9521488232700e-04;       2136
1.9523321753700e-04;       4732
1.9525318399800e-04;       4732
1.9527151909800e-04;       7328
1.9529148636700e-04;       7328
1.9530981341600e-04;       4684
1.9532978670200e-04;       4684
1.9534978691800e-04;       7280
1.9536808894700e-04;       7280
1.9538808126600e-04;      -2920
1.9540638924600e-04;      -2920
1.9542638967300e-04;       -324
1.9544469066600e-04;       -324
1.9546469106000e-04;       2272
1.9548299318200e-04;       2272
1.9550298550600e-04;       -372
1.9552295895900e-04;       -372
1.9554129409100e-04;       2224
1.9556126141800e-04;       2224
1.9557958840800e-04;       4820
1.9559956272200e-04;       4820
1.9561788958900e-04;       2176
1.9563786274000e-04;       2176
1.9565619776300e-04;       4772
1.9567616527300e-04;       4772
1.9569449246800e-04;       2128
1.9571446575100e-04;       2128
1.9573446612400e-04;       4724
1.9575276718400e-04;       4724
1.9577276757500e-04;       7320
1.9579106968100e-04;       7320
1.9581106206700e-04;       4676
1.9582937000100e-04;       4676
1.9584937032900e-04;       -284
1.9586767235100e-04;       -284
1.9588766465800e-04;      -2928
1.9590763817000e-04;      -2928
1.9592597306300e-04;       -332
1.9594593932600e-04;       -332
1.9596427442300e-04;       2264
1.9598424176200e-04;       2264
1.9600256887300e-04;       -380
1.9602254221600e-04;       -380
1.9604087711000e-04;       2216
1.9606084448700e-04;       2216
1.9607917132400e-04;       4812
1.9609914561200e-04;       4812
1.9611747263200e-04;       2168
1.9613744603800e-04;       2168
1.9615744633000e-04;       4764
1.9617574826800e-04;       4764
1.9619574060200e-04;       2120
1.9621404861300e-04;       2120
1.9623404894300e-04;      -2840
1.9625235012600e-04;      -2840
1.9627235051200e-04;       -244
1.9629065268200e-04;       -244
1.9631064506000e-04;       4668
1.9633061839800e-04;       4668
1.9634895343500e-04;       -292
1.9636892084200e-04;       -292
1.9638724775800e-04;      -2936
1.9640722116500e-04;      -2936
1.9642555637300e-04;       -340
1.9644552259200e-04;       -340
1.9646385770400e-04;       2256
1.9648382506200e-04;       2256
1.9650215213700e-04;       -388
1.9652212550700e-04;       -388
1.9654212560400e-04;       2208
1.9656042756200e-04;       2208
1.9658041968000e-04;       4804
1.9659872906300e-04;       4804
1.9661872135500e-04;       2160
1.9663702924600e-04;       2160
1.9665702964900e-04;      -2800
1.9667533192600e-04;      -2800
1.9669532425300e-04;       2112
1.9671529767700e-04;       2112
1.9673363288700e-04;      -2848
1.9675359918300e-04;      -2848
1.9677193400700e-04;       -252
1.9679190128200e-04;       -252
1.9681022829600e-04;      -2896
1.9683020162100e-04;      -2896
1.9684853657400e-04;       -300
1.9686850386300e-04;       -300
1.9688683106500e-04;      -2944
1.9690680448700e-04;      -2944
1.9692680482500e-04;       -348
1.9694510602200e-04;       -348
1.9696510622600e-04;       2248
1.9698340838400e-04;       2248
1.9700340056800e-04;       -396
1.9702170858900e-04;       -396
1.9704170906900e-04;       2200
1.9706001127000e-04;       2200
1.9708000369300e-04;       4796
1.9709831283900e-04;       4796
1.9711830522300e-04;       2152
1.9713827848800e-04;       2152
1.9715661365100e-04;      -2808
1.9717658114600e-04;      -2808
1.9719490799100e-04;       2104
1.9721488146400e-04;       2104
1.9723321657200e-04;       4700
1.9725318305900e-04;       4700
1.9727151805300e-04;       -260
1.9729148519600e-04;       -260
1.9730981237100e-04;       4652
1.9732978581300e-04;       4652
1.9734978625300e-04;       -308
1.9736808824400e-04;       -308
1.9738808066400e-04;      -2952
1.9740638886000e-04;      -2952
1.9742638923000e-04;       -356
1.9744469039400e-04;       -356
1.9746469073600e-04;       2240
1.9748299290700e-04;       2240
1.9750298532200e-04;       -404
1.9752295860200e-04;       -404
1.9754129382800e-04;       2192
1.9756126111600e-04;       2192
1.9757958837600e-04;       4788
1.9759956266000e-04;       4788
1.9761788980500e-04;       2144
1.9763786314700e-04;       2144
1.9765619828000e-04;       4740
1.9767616558600e-04;       4740
1.9769449230000e-04;       2096
1.9771446581700e-04;       2096
1.9773446611400e-04;       4692
1.9775276728000e-04;       4692
1.9777276780000e-04;       -268
1.9779107015100e-04;       -268
1.9781106247700e-04;       4644
1.9782937068600e-04;       4644
1.9784937100900e-04;       -316
1.9786767316000e-04;       -316
1.9788766534700e-04;      -2960
1.9790763875900e-04;      -2960
1.9792597385600e-04;       -364
1.9794594027500e-04;       -364
1.9796427522600e-04;       2232
1.9798424264200e-04;       2232
1.9800256976800e-04;       -412
1.9802254315300e-04;       -412
1.9804087793900e-04;       2184
1.9806084500600e-04;       2184
1.9807917191500e-04;       4780
1.9809914633400e-04;       4780
1.9811747338700e-04;       2136
1.9813744685900e-04;       2136
1.9815744725100e-04;       4732
1.9817574939700e-04;       4732
1.9819574173700e-04;       2088
1.9821405000200e-04;       2088
1.9823405012900e-04;       4684
1.9825235115500e-04;       4684
1.9827235162400e-04;       7280
1.9829065348800e-04;       7280
1.9831064595400e-04;       4636
1.9833061925300e-04;       4636
1.9834895446900e-04;       -324
1.9836892174500e-04;       -324
1.9838724871400e-04;      -2968
1.9840722210100e-04;      -2968
1.9842555725600e-04;       -372
1.9844552372100e-04;       -372
1.9846385889600e-04;       2224
1.9848382629600e-04;       2224
1.9850215341300e-04;       -420
1.9852212668300e-04;       -420
1.9854212710500e-04;       2176
1.9856042916700e-04;       2176
1.9858042151600e-04;       4772
1.9859873072900e-04;       4772
1.9861872298600e-04;       2128
1.9863703106300e-04;       2128
1.9865703159200e-04;       4724
1.9867533363200e-04;       4724
1.9869532576900e-04;       2080
1.9871529904400e-04;       2080
1.9873363426000e-04;       4676
1.9875360029100e-04;       4676
1.9877193511900e-04;       -284
1.9879190273100e-04;       -284
1.9881022989700e-04;       4628
1.9883020308100e-04;       4628
1.9884853812900e-04;       -332
1.9886850539900e-04;       -332
1.9888683263200e-04;      -2976
1.9890680670100e-04;      -2976
1.9892513385400e-04;       -380
1.9894510699900e-04;       -380
1.9896510734100e-04;       2216
1.9898340951100e-04;       2216
1.9900340195500e-04;       -428
1.9902170994900e-04;       -428
1.9904171029500e-04;       2168
1.9906001222400e-04;       2168
1.9908000463300e-04;       4764
1.9909831371200e-04;       4764
1.9911830609100e-04;       2120
1.9913827955900e-04;       2120
1.9915661461700e-04;       4716
1.9917658203000e-04;       4716
1.9919490901500e-04;       2072
1.9921488237900e-04;       2072
1.9923321737600e-04;       4668
1.9925318384100e-04;       4668
1.9927151891600e-04;       7264
1.9929148632000e-04;       7264
1.9930981335700e-04;       4620
1.9932978648200e-04;       4620
1.9934978670200e-04;       -340
1.9936808881200e-04;       -340
1.9938808121500e-04;      -2984
1.9940638935000e-04;      -2984
1.9942638967700e-04;       -388
1.9944469056500e-04;       -388
1.9946469107700e-04;       2208
1.9948299311600e-04;       2208
1.9950298558600e-04;       -436
1.9952295901500e-04;       -436
1.9954129387000e-04;       2160
1.9956126141400e-04;       2160
1.9957958854100e-04;       4756
1.9959956281100e-04;       4756
1.9961788996000e-04;       2112
1.9963786341700e-04;       2112
1.9965619853700e-04;      -2848
1.9967616591900e-04;      -2848
1.9969449294500e-04;       2064
1.9971446626200e-04;       2064
1.9973446664900e-04;       4660
1.9975276773100e-04;       4660
1.9977276817400e-04;       7256
1.9979107036700e-04;       7256
1.9981106270800e-04;       4612
1.9982937066300e-04;       4612
1.9984937117700e-04;       -348
1.9986767316700e-04;       -348
1.9988766559600e-04;      -2992
1.9990763904800e-04;      -2992
1.9992597404400e-04;       -396
1.9994594052000e-04;       -396
1.9996427553200e-04;       2200
1.9998424281500e-04;       2200
2.0000256978100e-04;       7112
2.0002254320200e-04;       7112
2.0004087839300e-04;       2152
2.0006084585000e-04;       2152
2.0007917292700e-04;       4748
2.0009914735300e-04;       4748
2.0011747450100e-04;       2104
2.0013744789900e-04;       2104
2.0015744818500e-04;       4700
2.0017575040800e-04;       4700
2.0019574277600e-04;       2056
2.0021405099900e-04;       2056
2.0023405119400e-04;       4652
2.0025235226600e-04;       4652
2.0027235256700e-04;       7248
2.0029065467500e-04;       7248
2.0031064682000e-04;       4604
2.0033062010000e-04;       4604
2.0034895534200e-04;       -356
2.0036892278200e-04;       -356
2.0038724983300e-04;      -3000
2.0040722327000e-04;      -3000
2.0042555836600e-04;       -404
2.0044552453500e-04;       -404
2.0046385974800e-04;       2192
2.0048382708800e-04;       2192
2.0050215407600e-04;       -452
2.0052212739600e-04;       -452
2.0054212785000e-04;       2144
2.0056042997000e-04;       2144
2.0058042237600e-04;       4740
2.0059873139700e-04;       4740
2.0061872376200e-04;       2096
2.0063703183100e-04;       2096
2.0065703228800e-04;       4692
2.0067533440200e-04;       4692
2.0069532676200e-04;       2048
2.0071529981400e-04;       2048
2.0073363491100e-04;       4644
2.0075360108700e-04;       4644
2.0077193617300e-04;       -316
2.0079190354800e-04;       -316
2.0081023065500e-04;       4596
2.0083020412500e-04;       4596
2.0084853931100e-04;       -364
2.0086850671900e-04;       -364
2.0088683372500e-04;      -3008
2.0090680706300e-04;      -3008
2.0092680743200e-04;       -412
2.0094510862900e-04;       -412
2.0096510900000e-04;       2184
2.0098341113600e-04;       2184
2.0100340361900e-04;       -460
2.0102171180200e-04;       -460
2.0104171212300e-04;       2136
2.0106001422000e-04;       2136
2.0108000655700e-04;       4732
2.0109831551800e-04;       4732
2.0111830781800e-04;       2088
2.0113828115400e-04;       2088
2.0115661623500e-04;       4684
2.0117658378600e-04;       4684
2.0119491089300e-04;       2040
2.0121488437300e-04;       2040
2.0123321947200e-04;       4636
2.0125318584900e-04;       4636
2.0127152098000e-04;       7232
2.0129148830600e-04;       7232
2.0130981547300e-04;       4588
2.0132978890400e-04;       4588
2.0134978918600e-04;       7184
2.0136809118900e-04;       7184
2.0138808322900e-04;       9780
2.0140639101000e-04;       9780
2.0142639130200e-04;       -420
2.0144469250400e-04;       -420
2.0146469281400e-04;       2176
2.0148299484200e-04;       2176
2.0150298727700e-04;       7088
2.0152296069900e-04;       7088
2.0154129579200e-04;       2128
2.0156126308400e-04;       2128
2.0157959019900e-04;       4724
2.0159956448100e-04;       4724
2.0161789149300e-04;       2080
2.0163786494100e-04;       2080
2.0165619987000e-04;       4676
2.0167616718200e-04;       4676
2.0169449411800e-04;       2032
2.0171446761900e-04;       2032
2.0173446804000e-04;       4628
2.0175276904300e-04;       4628
2.0177276938400e-04;       7224
2.0179107150900e-04;       7224
2.0181106387700e-04;       4580
2.0182937199200e-04;       4580
2.0184937245400e-04;       -380
2.0186767445600e-04;       -380
2.0188766692900e-04;      -3024
2.0190764035000e-04;      -3024
2.0192597546900e-04;       -428
2.0194594171400e-04;       -428
2.0196427655300e-04;       2168
2.0198424391500e-04;       2168
2.0200257080400e-04;       -476
2.0202254419600e-04;       -476
2.0204087928000e-04;       2120
2.0206084659100e-04;       2120
2.0207917346900e-04;       4716
2.0209914798100e-04;       4716
2.0211747495900e-04;       2072
2.0213744834800e-04;       2072
2.0215744873700e-04;       4668
2.0217575091200e-04;       4668
2.0219574346600e-04;       2024
2.0221405142500e-04;       2024
2.0223405183300e-04;       4620
2.0225235286400e-04;       4620
2.0227235319700e-04;       7216
2.0229065535500e-04;       7216
2.0231064784000e-04;       4572
2.0233062119800e-04;       4572
2.0234895648600e-04;       7168
2.0236892364400e-04;       7168
2.0238725072000e-04;      -3032
2.0240722511800e-04;      -3032
2.0242555220900e-04;       -436
2.0244552571000e-04;       -436
2.0246386088100e-04;       2160
2.0248382829300e-04;       2160
2.0250215520500e-04;       7072
2.0252212861900e-04;       7072
2.0254212890400e-04;       2112
2.0256043100800e-04;       2112
2.0258042339800e-04;       4708
2.0259873239400e-04;       4708
2.0261872470200e-04;       2064
2.0263703272700e-04;       2064
2.0265703316300e-04;       4660
2.0267533502600e-04;       4660
2.0269532739800e-04;       2016
2.0271530080400e-04;       2016
2.0273363597900e-04;       4612
2.0275360244000e-04;       4612
2.0277193747200e-04;       7208
2.0279190463300e-04;       7208
2.0281023166600e-04;       4564
2.0283020494300e-04;       4564
2.0284854005500e-04;       7160
2.0286850752200e-04;       7160
2.0288683449800e-04;      -3040
2.0290680887900e-04;      -3040
2.0292513606700e-04;       -444
2.0294510946000e-04;       -444
2.0296510989200e-04;       2152
2.0298341187400e-04;       2152
2.0300340418600e-04;       7064
2.0302171232700e-04;       7064
2.0304171276300e-04;       2104
2.0306001468100e-04;       2104
2.0308000714200e-04;       4700
2.0309831618600e-04;       4700
2.0311830853400e-04;       2056
2.0313828186600e-04;       2056
2.0315661704400e-04;       4652
2.0317658437600e-04;       4652
2.0319491152000e-04;       2008
2.0321488478600e-04;       2008
2.0323321992300e-04;       4604
2.0325318617000e-04;       4604
2.0327152142500e-04;       7200
2.0329148854200e-04;       7200
2.0330981550500e-04;       4556
2.0332978892900e-04;       4556
2.0334978920200e-04;       7152
2.0336809137500e-04;       7152
2.0338808378000e-04;      -3048
2.0340639291000e-04;      -3048
2.0342638535900e-04;       -452
2.0344469316300e-04;       -452
2.0346469352400e-04;       2144
2.0348299552900e-04;       2144
2.0350298788200e-04;       7056
2.0352296129600e-04;       7056
2.0354129652900e-04;       2096
2.0356126379600e-04;       2096
2.0357959100800e-04;       4692
2.0359956540700e-04;       4692
2.0361789239700e-04;       2048
2.0363786581500e-04;       2048
2.0365620092600e-04;       4644
2.0367616832500e-04;       4644
2.0369449536700e-04;       2000
2.0371446847600e-04;       2000
2.0373446867700e-04;       4596
2.0375276973100e-04;       4596
2.0377277009700e-04;       7192
2.0379107206400e-04;       7192
2.0381106431800e-04;       4548
2.0382937239600e-04;       4548
2.0384937285600e-04;       7144
2.0386767481300e-04;       7144
2.0388766731100e-04;      -3056
2.0390597646700e-04;      -3056
2.0392596888900e-04;       -460
2.0394594218100e-04;       -460
2.0396427721100e-04;       2136
2.0398424457900e-04;       2136
2.0400257175900e-04;       7048
2.0402254533200e-04;       7048
2.0404088047800e-04;       2088
2.0406084771600e-04;       2088
2.0407917475800e-04;       4684
2.0409914914400e-04;       4684
2.0411747623600e-04;       2040
2.0413744971300e-04;       2040
2.0415745010200e-04;       4636
2.0417575213300e-04;       4636
2.0419574457000e-04;       1992
2.0421405261500e-04;       1992
2.0423405287000e-04;       4588
2.0425235394200e-04;       4588
2.0427235417700e-04;       7184
2.0429065617400e-04;       7184
2.0431064866400e-04;       4540
2.0433062184600e-04;       4540
2.0434895685300e-04;       7136
2.0436892435400e-04;       7136
2.0438725126700e-04;       2176
2.0440722567400e-04;       2176
2.0442555281500e-04;       -468
2.0444552603800e-04;       -468
2.0446386103700e-04;       2128
2.0448382839500e-04;       2128
2.0450215545300e-04;       -516
2.0452212848700e-04;       -516
2.0454212890800e-04;       2080
2.0456043111900e-04;       2080
2.0458042351300e-04;       4676
2.0459873248500e-04;       4676
2.0461872485000e-04;       2032
2.0463703294100e-04;       2032
2.0465703343600e-04;       4628
2.0467533551800e-04;       4628
2.0469532776400e-04;       1984
2.0471530116400e-04;       1984
2.0473363622600e-04;       4580
2.0475360267800e-04;       4580
2.0477193763200e-04;       7176
2.0479190504700e-04;       7176
2.0481023224600e-04;       4532
2.0483020555700e-04;       4532
2.0484854057700e-04;       7128
2.0486850783800e-04;       7128
2.0488683492300e-04;      -3072
2.0490680823800e-04;      -3072
2.0492680873400e-04;       -476
2.0494510978600e-04;       -476
2.0496511014700e-04;       2120
2.0498341211400e-04;       2120
2.0500340452800e-04;       -524
2.0502171261500e-04;       -524
2.0504171295500e-04;       2072
2.0506001492300e-04;       2072
2.0508000744300e-04;       4668
2.0509831660000e-04;       4668
2.0511830902800e-04;       2024
2.0513828232800e-04;       2024
2.0515661752800e-04;       4620
2.0517658501400e-04;       4620
2.0519491189900e-04;       1976
2.0521488526800e-04;       1976
2.0523322037500e-04;       4572
2.0525318660000e-04;       4572
2.0527152172200e-04;       7168
2.0529148906800e-04;       7168
2.0530981621000e-04;       4524
2.0532978970600e-04;       4524
2.0534979009300e-04;       7120
2.0536809209200e-04;       7120
2.0538808453500e-04;      -3080
2.0540639249700e-04;      -3080
2.0542639260800e-04;       -484
2.0544469363800e-04;       -484
2.0546469416400e-04;       2112
2.0548299636000e-04;       2112
2.0550298886500e-04;       7024
2.0552296218400e-04;       7024
2.0554129696300e-04;       2064
2.0556126426700e-04;       2064
2.0557959140200e-04;       4660
2.0559956563500e-04;       4660
2.0561789277700e-04;       2016
2.0563786616300e-04;       2016
2.0565620111300e-04;       4612
2.0567616839100e-04;       4612
2.0569449547600e-04;       1968
2.0571446872300e-04;       1968
2.0573446918200e-04;       4564
2.0575277020200e-04;       4564
2.0577277064200e-04;       7160
2.0579107273900e-04;       7160
2.0581106508500e-04;       4516
2.0582937325300e-04;       4516
2.0584937364000e-04;       7112
2.0586767550300e-04;       7112
2.0588766771300e-04;       9708
2.0590597672200e-04;       9708
2.0592596901800e-04;       -492
2.0594594222300e-04;       -492
2.0596427718900e-04;       2104
2.0598424466000e-04;       2104
2.0600257177000e-04;       7016
2.0602254529100e-04;       7016
2.0604088034200e-04;       2056
2.0606084767600e-04;       2056
2.0607917490300e-04;       4652
2.0609914924800e-04;       4652
2.0611747640700e-04;       2008
2.0613744978100e-04;       2008
2.0615745015500e-04;       4604
2.0617575219000e-04;       4604
2.0619574458700e-04;       1960
2.0621405238500e-04;       1960
2.0623405276900e-04;       4556
2.0625235381600e-04;       4556
2.0627235427700e-04;       7152
2.0629065612000e-04;       7152
2.0631064858300e-04;       4508
2.0633062176700e-04;       4508
2.0634895676600e-04;       7104
2.0636892428500e-04;       7104
2.0638725137900e-04;       9700
2.0640722568500e-04;       9700
2.0642555261100e-04;       7056
2.0644552603200e-04;       7056
2.0646386089500e-04;       2096
2.0648382834900e-04;       2096
2.0650215547500e-04;       7008
2.0652212887900e-04;       7008
2.0654212927300e-04;       2048
2.0656043133900e-04;       2048
2.0658042352800e-04;       4644
2.0659873266300e-04;       4644
2.0661872488700e-04;       2000
2.0663703298400e-04;       2000
2.0665703331300e-04;       4596
2.0667533554600e-04;       4596
2.0669532791800e-04;       1952
2.0671530112000e-04;       1952
2.0673363608100e-04;       4548
2.0675360245700e-04;       4548
2.0677193748400e-04;       7144
2.0679190465500e-04;       7144
2.0681023164800e-04;       4500
2.0683020495300e-04;       4500
2.0684854002400e-04;       7096
2.0686850734900e-04;       7096
2.0688683431800e-04;      -3104
2.0690680767100e-04;      -3104
2.0692680798900e-04;       -508
2.0694510910100e-04;       -508
2.0696510967100e-04;       2088
2.0698341174700e-04;       2088
2.0700340408800e-04;       7000
2.0702171219500e-04;       7000
2.0704171253000e-04;       2040
2.0706001464500e-04;       2040
2.0708000701300e-04;       4636
2.0709831620000e-04;       4636
2.0711830845900e-04;       1992
2.0713828178300e-04;       1992
2.0715661680800e-04;       4588
2.0717658432900e-04;       4588
2.0719491137300e-04;       1944
2.0721488458000e-04;       1944
2.0723321957900e-04;       4540
2.0725318604000e-04;       4540
2.0727152109000e-04;       -420
2.0729148839100e-04;       -420
2.0730981559700e-04;       4492
2.0732978887400e-04;       4492
2.0734978901500e-04;       7088
2.0736809084500e-04;       7088
2.0738808333000e-04;      -3112
2.0740639115900e-04;      -3112
2.0742639144000e-04;       -516
2.0744469247000e-04;       -516
2.0746469284300e-04;       2080
2.0748299477200e-04;       2080
2.0750298716500e-04;       -564
2.0752296029600e-04;       -564
2.0754129543700e-04;       2032
2.0756126279500e-04;       2032
2.0757958978700e-04;       4628
2.0759956409200e-04;       4628
2.0761789124400e-04;       1984
2.0763786446000e-04;       1984
2.0765619943600e-04;       4580
2.0767616668500e-04;       4580
2.0769449389300e-04;       1936
2.0771446733300e-04;       1936
2.0773446766400e-04;       4532
2.0775276863500e-04;       4532
2.0777276906500e-04;       7128
2.0779107106600e-04;       7128
2.0781106332100e-04;       4484
2.0782937143100e-04;       4484
2.0784937180100e-04;       -476
2.0786767392000e-04;       -476
2.0788766633300e-04;      -3120
2.0790597541800e-04;      -3120
2.0792596787900e-04;       -524
2.0794594109700e-04;       -524
2.0796427630100e-04;       2072
2.0798424361700e-04;       2072
2.0800257081500e-04;       6984
2.0802254430700e-04;       6984
2.0804087923600e-04;       2024
2.0806084681200e-04;       2024
2.0807917382000e-04;       4620
2.0809914820300e-04;       4620
2.0811747522000e-04;       1976
2.0813744878200e-04;       1976
2.0815744921800e-04;       4572
2.0817575132800e-04;       4572
2.0819574370900e-04;       1928
2.0821405185200e-04;       1928
2.0823405196200e-04;       4524
2.0825235288700e-04;       4524
2.0827235333000e-04;       7120
2.0829065529900e-04;       7120
2.0831064777400e-04;       4476
2.0833062108300e-04;       4476
2.0834895599900e-04;       -484
2.0836892343900e-04;       -484
2.0838725058900e-04;      -3128
2.0840722393300e-04;      -3128
2.0842555900700e-04;       -532
2.0844552543600e-04;       -532
2.0846386051000e-04;       2064
2.0848382786400e-04;       2064
2.0850215482200e-04;       6976
2.0852212820500e-04;       6976
2.0854212859800e-04;       2016
2.0856043092300e-04;       2016
2.0858042340100e-04;       4612
2.0859873236500e-04;       4612
2.0861872485900e-04;       1968
2.0863703288800e-04;       1968
2.0865703316200e-04;       4564
2.0867533518400e-04;       4564
2.0869532753900e-04;       1920
2.0871530079700e-04;       1920
2.0873363605300e-04;       4516
2.0875360233200e-04;       4516
2.0877193749300e-04;       -444
2.0879190483300e-04;       -444
2.0881023193000e-04;       4468
2.0883020528900e-04;       4468
2.0884854040300e-04;       7064
2.0886850773400e-04;       7064
2.0888683479700e-04;       9660
2.0890680813400e-04;       9660
2.0892680836800e-04;       -540
2.0894510945100e-04;       -540
2.0896510968800e-04;       2056
2.0898341144200e-04;       2056
2.0900340390200e-04;       6968
2.0902171218300e-04;       6968
2.0904171247200e-04;       2008
2.0906001422700e-04;       2008
2.0908000671000e-04;       4604
2.0909831586300e-04;       4604
2.0911830821800e-04;       1960
2.0913828161100e-04;       1960
2.0915661654600e-04;       4556
2.0917658389800e-04;       4556
2.0919491113300e-04;       1912
2.0921488467100e-04;       1912
2.0923321970300e-04;       4508
2.0925318615700e-04;       4508
2.0927152113600e-04;       7104
2.0929148846300e-04;       7104
2.0930981543300e-04;       4460
2.0932978885700e-04;       4460
2.0934978906100e-04;       7056
2.0936809117300e-04;       7056
2.0938808357500e-04;       9652
2.0940639156100e-04;       9652
2.0942639193900e-04;       -548
2.0944469303400e-04;       -548
2.0946469342900e-04;       2048
2.0948299561600e-04;       2048
2.0950298795700e-04;       6960
2.0952296123900e-04;       6960
2.0954129636600e-04;       2000
2.0956126381000e-04;       2000
2.0957959094800e-04;       4596
2.0959956532400e-04;       4596
2.0961789234100e-04;       1952
2.0963786564600e-04;       1952
2.0965620068600e-04;       4548
2.0967616808900e-04;       4548
2.0969449494100e-04;       1904
2.0971446838200e-04;       1904
2.0973446871800e-04;       4500
2.0975276968000e-04;       4500
2.0977277000600e-04;       7096
2.0979107220200e-04;       7096
2.0981106455200e-04;       4452
2.0982937263500e-04;       4452
2.0984937299400e-04;       -508
2.0986767505700e-04;       -508
2.0988766743000e-04;       9644
2.0990597629600e-04;       9644
2.0992596860400e-04;       -556
2.0994594192000e-04;       -556
2.0996427678500e-04;       2040
2.0998424389500e-04;       2040
2.1000257060800e-04;       6952
2.1002254416300e-04;       6952
2.1004087922500e-04;       1992
2.1006084649000e-04;       1992
2.1007917357900e-04;       4588
2.1009914798700e-04;       4588
2.1011747508200e-04;       1944
2.1013744812400e-04;       1944
2.1015744865900e-04;       4540
2.1017575079300e-04;       4540
2.1019574300700e-04;       1896
2.1021405115300e-04;       1896
2.1023405149500e-04;       4492
2.1025235259300e-04;       4492
2.1027235288500e-04;       7088
2.1029065495900e-04;       7088
2.1031064763100e-04;       4444
2.1033062107500e-04;       4444
2.1034895608400e-04;       -516
2.1036892352900e-04;       -516
2.1038725055900e-04;      -3160
2.1040722485500e-04;      -3160
2.1042555190400e-04;       -564
2.1044552517700e-04;       -564
2.1046386026500e-04;       2032
2.1048382760300e-04;       2032
2.1050215472100e-04;       6944
2.1052212805800e-04;       6944
2.1054212811800e-04;       1984
2.1056043015000e-04;       1984
2.1058042263400e-04;       4580
2.1059873168400e-04;       4580
2.1061872417300e-04;       1936
2.1063703231000e-04;       1936
2.1065703275300e-04;       4532
2.1067533476200e-04;       4532
2.1069532706800e-04;       1888
2.1071530048900e-04;       1888
2.1073363560000e-04;       4484
2.1075360176200e-04;       4484
2.1077193679500e-04;       7080
2.1079190424000e-04;       7080
2.1081023115600e-04;       4436
2.1083020438800e-04;       4436
2.1084853941500e-04;       7032
2.1086850679800e-04;       7032
2.1088683392300e-04;       9628
2.1090680828300e-04;       9628
2.1092513525500e-04;       -572
2.1094510854700e-04;       -572
2.1096510891800e-04;       2024
2.1098341108400e-04;       2024
2.1100340345600e-04;       6936
2.1102171148400e-04;       6936
2.1104171175100e-04;       1976
2.1106001409200e-04;       1976
2.1108000652200e-04;       4572
2.1109831570900e-04;       4572
2.1111830787500e-04;       1928
2.1113828134600e-04;       1928
2.1115661635600e-04;       4524
2.1117658379800e-04;       4524
2.1119491090700e-04;       1880
2.1121488420600e-04;       1880
2.1123321937600e-04;       4476
2.1125318583000e-04;       4476
2.1127152097000e-04;       7072
2.1129148839300e-04;       7072
2.1130981537200e-04;       4428
2.1132978834800e-04;       4428
2.1134978872700e-04;       7024
2.1136809080800e-04;       7024
2.1138808311500e-04;       9620
2.1140639120400e-04;       9620
2.1142639159600e-04;       -580
2.1144469279900e-04;       -580
2.1146469310600e-04;       2016
2.1148299518400e-04;       2016
2.1150298747900e-04;       -628
2.1152296089400e-04;       -628
2.1154129602700e-04;       1968
2.1156126326400e-04;       1968
2.1157959041000e-04;       4564
2.1159956491500e-04;       4564
2.1161789200300e-04;       1920
2.1163786511300e-04;       1920
2.1165620021300e-04;       4516
2.1167616757300e-04;       4516
2.1169449453400e-04;       1872
2.1171446779200e-04;       1872
2.1173446783800e-04;       4468
2.1175276895600e-04;       4468
2.1177276922400e-04;       7064
2.1179107126900e-04;       7064
2.1181106348200e-04;       4420
2.1182937146100e-04;       4420
2.1184937173500e-04;       -540
2.1186767381600e-04;       -540
2.1188766604900e-04;      -3184
2.1190597505700e-04;      -3184
2.1192596757200e-04;       -588
2.1194594082300e-04;       -588
2.1196427598100e-04;       2008
2.1198424327100e-04;       2008
2.1200257027300e-04;       -636
2.1202254378000e-04;       -636
2.1204087894400e-04;       1960
2.1206084630500e-04;       1960
2.1207917325600e-04;       4556
2.1209914749500e-04;       4556
2.1211747476000e-04;       1912
2.1213744810600e-04;       1912
2.1215744813600e-04;       4508
2.1217575019300e-04;       4508
2.1219574255300e-04;       1864
2.1221405067600e-04;       1864
2.1223405101900e-04;       4460
2.1225235210500e-04;       4460
2.1227235219800e-04;       7056
2.1229065440300e-04;       7056
2.1231064676400e-04;       4412
2.1233062004100e-04;       4412
2.1234895519500e-04;       7008
2.1236892262000e-04;       7008
2.1238724961100e-04;      -3192
2.1240722389700e-04;      -3192
2.1242555093400e-04;       -596
2.1244552394400e-04;       -596
2.1246385876600e-04;       2000
2.1248382635200e-04;       2000
2.1250215334700e-04;       -644
2.1252212680400e-04;       -644
2.1254212714500e-04;       1952
2.1256042927300e-04;       1952
2.1258042161600e-04;       4548
2.1259873066200e-04;       4548
2.1261872304900e-04;       1904
2.1263703120700e-04;       1904
2.1265703152700e-04;       4500
2.1267533366600e-04;       4500
2.1269532584000e-04;       1856
2.1271529915900e-04;       1856
2.1273363434200e-04;       4452
2.1275360069200e-04;       4452
2.1277193574100e-04;       -508
2.1279190301900e-04;       -508
2.1281023005000e-04;       4404
2.1283020330900e-04;       4404
2.1284853817300e-04;       7000
2.1286850563700e-04;       7000
2.1288683267700e-04;      -3200
2.1290680603500e-04;      -3200
2.1292680641800e-04;       -604
2.1294510764100e-04;       -604
2.1296510808700e-04;       1992
2.1298341009600e-04;       1992
2.1300340244800e-04;       -652
2.1302171053100e-04;       -652
2.1304171108500e-04;       1944
2.1306001328300e-04;       1944
2.1308000575100e-04;       4540
2.1309831482000e-04;       4540
2.1311830706500e-04;       1896
2.1313828043300e-04;       1896
2.1315661567800e-04;       4492
2.1317658286800e-04;       4492
2.1319490979300e-04;       1848
2.1321488319400e-04;       1848
2.1323321821900e-04;       4444
2.1325318446400e-04;       4444
2.1327151940200e-04;       7040
2.1329148680600e-04;       7040
2.1330981400000e-04;       4396
2.1332978726900e-04;       4396
2.1334978764600e-04;       6992
2.1336808952000e-04;       6992
2.1338808183200e-04;      -3208
2.1340638990100e-04;      -3208
2.1342639010300e-04;       -612
2.1344469097800e-04;       -612
2.1346469139400e-04;       1984
2.1348299332200e-04;       1984
2.1350298578900e-04;       -660
2.1352295928000e-04;       -660
2.1354129423500e-04;       1936
2.1356126166000e-04;       1936
2.1357958887500e-04;       4532
2.1359956311600e-04;       4532
2.1361789002900e-04;       1888
2.1363786346200e-04;       1888
2.1365619858100e-04;       4484
2.1367616599000e-04;       4484
2.1369449300700e-04;       1840
2.1371446627600e-04;       1840
2.1373446652000e-04;       4436
2.1375276767000e-04;       4436
2.1377276796900e-04;       7032
2.1379106980800e-04;       7032
2.1381106240000e-04;       4388
2.1382937055700e-04;       4388
2.1384937102200e-04;       -572
2.1386767292000e-04;       -572
2.1388766530700e-04;       9580
2.1390763877500e-04;       9580
2.1392597394000e-04;       -620
2.1394594026900e-04;       -620
2.1396427545500e-04;       1976
2.1398424293000e-04;       1976
2.1400257013700e-04;       -668
2.1402254351200e-04;       -668
2.1404087864600e-04;       1928
2.1406084602700e-04;       1928
2.1407917302200e-04;       4524
2.1409914719900e-04;       4524
2.1411747421200e-04;       1880
2.1413744773500e-04;       1880
2.1415744810900e-04;       4476
2.1417575033000e-04;       4476
2.1419574279800e-04;       1832
2.1421405089200e-04;       1832
2.1423405089300e-04;       4428
2.1425235212800e-04;       4428
2.1427235214600e-04;       7024
2.1429065431800e-04;       7024
2.1431064667100e-04;       4380
2.1433062018500e-04;       4380
2.1434895521900e-04;       6976
2.1436892258500e-04;       6976
2.1438724987800e-04;       2016
2.1440722330300e-04;       2016
2.1442555856500e-04;       -628
2.1444552501700e-04;       -628
2.1446386015000e-04;       1968
2.1448382754000e-04;       1968
2.1450215471100e-04;       6880
2.1452212816300e-04;       6880
2.1454212832300e-04;       1920
2.1456043040700e-04;       1920
2.1458042267300e-04;       4516
2.1459873183300e-04;       4516
2.1461872433500e-04;       1872
2.1463703233800e-04;       1872
2.1465703285500e-04;       4468
2.1467533473500e-04;       4468
2.1469532724300e-04;       1824
2.1471530044700e-04;       1824
2.1473363569700e-04;       4420
2.1475360210900e-04;       4420
2.1477193730000e-04;       7016
2.1479190462200e-04;       7016
2.1481023189500e-04;       4372
2.1483020522200e-04;       4372
2.1484854042400e-04;       6968
2.1486850779800e-04;       6968
2.1488683489900e-04;       9564
2.1490680910900e-04;       9564
2.1492513615200e-04;       -636
2.1494510949200e-04;       -636
2.1496510952900e-04;       1960
2.1498341172300e-04;       1960
2.1500340417000e-04;       -684
2.1502171204000e-04;       -684
2.1504171252800e-04;       1912
2.1506001474200e-04;       1912
2.1508000734500e-04;       4508
2.1509831613900e-04;       4508
2.1511830829100e-04;       1864
2.1513828168000e-04;       1864
2.1515661674300e-04;       4460
2.1517658416500e-04;       4460
2.1519491129600e-04;       1816
2.1521488464700e-04;       1816
2.1523321979600e-04;       4412
2.1525318601900e-04;       4412
2.1527152104900e-04;       7008
2.1529148848500e-04;       7008
2.1530981551300e-04;       4364
2.1532978893000e-04;       4364
2.1534978934400e-04;       6960
2.1536809132800e-04;       6960
2.1538808364500e-04;      -3240
2.1540639182800e-04;      -3240
2.1542639211600e-04;       -644
2.1544469334100e-04;       -644
2.1546469364900e-04;       1952
2.1548299568500e-04;       1952
2.1550298798800e-04;       -692
2.1552296112500e-04;       -692
2.1554129644400e-04;       1904
2.1556126357900e-04;       1904
2.1557959072000e-04;       4500
2.1559956511500e-04;       4500
2.1561789214100e-04;       1856
2.1563786551100e-04;       1856
2.1565620048900e-04;       4452
2.1567616787600e-04;       4452
2.1569449489900e-04;       1808
2.1571446822400e-04;       1808
2.1573446869700e-04;       4404
2.1575276971200e-04;       4404
2.1577276987800e-04;       7000
2.1579107206700e-04;       7000
2.1581106437900e-04;       4356
2.1582937248400e-04;       4356
2.1584937278600e-04;       6952
2.1586767472000e-04;       6952
2.1588766697100e-04;       9548
2.1590597604800e-04;       9548
2.1592596843900e-04;       -652
2.1594594185700e-04;       -652
2.1596427699000e-04;       1944
2.1598424467300e-04;       1944
2.1600257175900e-04;       6856
2.1602254512600e-04;       6856
2.1604088029800e-04;       1896
2.1606084767700e-04;       1896
2.1607917468400e-04;       4492
2.1609914882100e-04;       4492
2.1611747592700e-04;       1848
2.1613744935100e-04;       1848
2.1615744980600e-04;       4444
2.1617575195600e-04;       4444
2.1619574432800e-04;       1800
2.1621405233800e-04;       1800
2.1623405267100e-04;       4396
2.1625235384800e-04;       4396
2.1627235410000e-04;       6992
2.1629065599000e-04;       6992
2.1631064841000e-04;       4348
2.1633062180100e-04;       4348
2.1634895678300e-04;       6944
2.1636892406500e-04;       6944
2.1638725119400e-04;       1984
2.1640722559000e-04;       1984
2.1642555252300e-04;       -660
2.1644552585100e-04;       -660
2.1646386090500e-04;       1936
2.1648382825900e-04;       1936
2.1650215555100e-04;       6848
2.1652212889000e-04;       6848
2.1654212917100e-04;       1888
2.1656043132000e-04;       1888
2.1658042382900e-04;       4484
2.1659873288600e-04;       4484
2.1661872521800e-04;       1840
2.1663703338200e-04;       1840
2.1665703364300e-04;       4436
2.1667533566900e-04;       4436
2.1669532824600e-04;       1792
2.1671530163900e-04;       1792
2.1673363680300e-04;       4388
2.1675360312600e-04;       4388
2.1677193806900e-04;       6984
2.1679190554200e-04;       6984
2.1681023246700e-04;       4340
2.1683020579100e-04;       4340
2.1684854085400e-04;       6936
2.1686850819000e-04;       6936
2.1688683519000e-04;       9532
2.1690680857600e-04;       9532
2.1692680884100e-04;       -668
2.1694510994200e-04;       -668
2.1696511009500e-04;       1928
2.1698341193300e-04;       1928
2.1700340407100e-04;       6840
2.1702171201300e-04;       6840
2.1704171232900e-04;       1880
2.1706001435400e-04;       1880
2.1708000678100e-04;       4476
2.1709831608400e-04;       4476
2.1711830836000e-04;       1832
2.1713828180200e-04;       1832
2.1715661690300e-04;       4428
2.1717658425900e-04;       4428
2.1719491149600e-04;       1784
2.1721488482000e-04;       1784
2.1723321969600e-04;       4380
2.1725318621400e-04;       4380
2.1727152118600e-04;       6976
2.1729148852800e-04;       6976
2.1730981552900e-04;       4332
2.1732978881100e-04;       4332
2.1734978921500e-04;       6928
2.1736809135200e-04;       6928
2.1738808365200e-04;      -3272
2.1740639173300e-04;      -3272
2.1742639216400e-04;       -676
2.1744469324200e-04;       -676
2.1746469359800e-04;       1920
2.1748299567800e-04;       1920
2.1750298794300e-04;       -724
2.1752296133900e-04;       -724
2.1754129644800e-04;       1872
2.1756126382200e-04;       1872
2.1757959089500e-04;       4468
2.1759956532800e-04;       4468
2.1761789260000e-04;       1824
2.1763786588200e-04;       1824
2.1765620100500e-04;       4420
2.1767616819700e-04;       4420
2.1769449523000e-04;       1776
2.1771446858500e-04;       1776
2.1773446890300e-04;       4372
2.1775277016900e-04;       4372
2.1777277045300e-04;       6968
2.1779107261200e-04;       6968
2.1781106493100e-04;       4324
2.1782937324100e-04;       4324
2.1784937357400e-04;       6920
2.1786767572500e-04;       6920
2.1788766817300e-04;       9516
2.1790597746300e-04;       9516
2.1792596997000e-04;       -684
2.1794594321500e-04;       -684
2.1796427836200e-04;       1912
2.1798424579100e-04;       1912
2.1800257306200e-04;       6824
2.1802254627700e-04;       6824
2.1804088107600e-04;       1864
2.1806084833900e-04;       1864
2.1807917547800e-04;       4460
2.1809914975400e-04;       4460
2.1811747671600e-04;       1816
2.1813745015600e-04;       1816
2.1815745034400e-04;       4412
2.1817575239700e-04;       4412
2.1819574491700e-04;       1768
2.1821405293200e-04;       1768
2.1823405313500e-04;       4364
2.1825235422400e-04;       4364
2.1827235467000e-04;       6960
2.1829065671500e-04;       6960
2.1831064897300e-04;       4316
2.1833062226500e-04;       4316
2.1834895734200e-04;       6912
2.1836892460200e-04;       6912
2.1838725155900e-04;       9508
2.1840722582400e-04;       9508
2.1842555284900e-04;       -692
2.1844552633400e-04;       -692
2.1846386146500e-04;       1904
2.1848382886400e-04;       1904
2.1850215585700e-04;       6816
2.1852212933900e-04;       6816
2.1854212972200e-04;       1856
2.1856043190300e-04;       1856
2.1858042417800e-04;       4452
2.1859873301200e-04;       4452
2.1861872536200e-04;       1808
2.1863703341300e-04;       1808
2.1865703384200e-04;       4404
2.1867533579700e-04;       4404
2.1869532794800e-04;       1760
2.1871530113300e-04;       1760
2.1873363623900e-04;       4356
2.1875360238000e-04;       4356
2.1877193759000e-04;       6952
2.1879190494700e-04;       6952
2.1881023206600e-04;       4308
2.1883020545300e-04;       4308
2.1884854054000e-04;       -652
2.1886850796600e-04;       -652
2.1888683499700e-04;      -3296
2.1890680928300e-04;      -3296
2.1892513624900e-04;       -700
2.1894510961400e-04;       -700
2.1896510989600e-04;       1896
2.1898341199000e-04;       1896
2.1900340431700e-04;       6808
2.1902171253100e-04;       6808
2.1904171276200e-04;       1848
2.1906001492700e-04;       1848
2.1908000712200e-04;       4444
2.1909831620000e-04;       4444
2.1911830844600e-04;       1800
2.1913828202000e-04;       1800
2.1915661710500e-04;       4396
2.1917658456900e-04;       4396
2.1919491149300e-04;       1752
2.1921488505900e-04;       1752
2.1923322010100e-04;       4348
2.1925318652200e-04;       4348
2.1927152158400e-04;       6944
2.1929148892200e-04;       6944
2.1930981594900e-04;       4300
2.1932978931200e-04;       4300
2.1934978969500e-04;       6896
2.1936809177700e-04;       6896
2.1938808431500e-04;       9492
2.1940639309900e-04;       9492
2.1942638553600e-04;       -708
2.1944469362000e-04;       -708
2.1946469390400e-04;       1888
2.1948299616200e-04;       1888
2.1950298851400e-04;       6800
2.1952296186500e-04;       6800
2.1954129702500e-04;       1840
2.1956126434300e-04;       1840
2.1957959138400e-04;       4436
2.1959956562500e-04;       4436
2.1961789261200e-04;       1792
2.1963786606000e-04;       1792
2.1965620122500e-04;       4388
2.1967616866600e-04;       4388
2.1969449575200e-04;       1744
2.1971446911900e-04;       1744
2.1973446945100e-04;       4340
2.1975277062600e-04;       4340
2.1977277088200e-04;       6936
2.1979107302900e-04;       6936
2.1981106541900e-04;       4292
2.1982937351600e-04;       4292
2.1984937396100e-04;       6888
2.1986767622200e-04;       6888
2.1988766858200e-04;       9484
2.1990597764900e-04;       9484
2.1992597019100e-04;       -716
2.1994594346200e-04;       -716
2.1996427845600e-04;       1880
2.1998424569400e-04;       1880
2.2000257265400e-04;       6792
2.2002254605200e-04;       6792
2.2004088112100e-04;       1832
2.2006084841800e-04;       1832
2.2007917543900e-04;       4428
2.2009914992900e-04;       4428
2.2011747709300e-04;       1784
2.2013745039300e-04;       1784
2.2015745083100e-04;       4380
2.2017575273700e-04;       4380
2.2019574511400e-04;       1736
2.2021405317300e-04;       1736
2.2023405359000e-04;       4332
2.2025235465700e-04;       4332
2.2027235504600e-04;       6928
2.2029065700200e-04;       6928
2.2031064947900e-04;       4284
2.2033062283600e-04;       4284
2.2034895785800e-04;       6880
2.2036892527600e-04;       6880
2.2038725200000e-04;       9476
2.2040722643600e-04;       9476
2.2042555349400e-04;       -724
2.2044552670800e-04;       -724
2.2046386177900e-04;       1872
2.2048382907000e-04;       1872
2.2050215606200e-04;       6784
2.2052212951000e-04;       6784
2.2054212977500e-04;       1824
2.2056043197100e-04;       1824
2.2058042421200e-04;       4420
2.2059873318400e-04;       4420
2.2061872577900e-04;       1776
2.2063703386600e-04;       1776
2.2065703439800e-04;       4372
2.2067533652600e-04;       4372
2.2069532854000e-04;       1728
2.2071530186300e-04;       1728
2.2073363684200e-04;       4324
2.2075360334200e-04;       4324
2.2077193829500e-04;       6920
2.2079190543600e-04;       6920
2.2081023265500e-04;       4276
2.2083020615300e-04;       4276
2.2084854102000e-04;       6872
2.2086850847400e-04;       6872
2.2088683548700e-04;       9468
2.2090680987600e-04;       9468
2.2092513703700e-04;       -732
2.2094511030000e-04;       -732
2.2096511061100e-04;       1864
2.2098341265200e-04;       1864
2.2100340491800e-04;       6776
2.2102171309800e-04;       6776
2.2104171356200e-04;       1816
2.2106001565800e-04;       1816
2.2108000803900e-04;       4412
2.2109831707000e-04;       4412
2.2111830953100e-04;       1768
2.2113828282200e-04;       1768
2.2115661797600e-04;       4364
2.2117658528100e-04;       4364
2.2119491233200e-04;       1720
2.2121488559800e-04;       1720
2.2123322071300e-04;       4316
2.2125318713500e-04;       4316
2.2127152214500e-04;       6912
2.2129148955100e-04;       6912
2.2130981657300e-04;       4268
2.2132978986700e-04;       4268
2.2134979026000e-04;       6864
2.2136809228600e-04;       6864
2.2138808467000e-04;       1904
2.2140639363700e-04;       1904
2.2142638617000e-04;       -740
2.2144469425900e-04;       -740
2.2146469487600e-04;       1856
2.2148299693100e-04;       1856
2.2150298914900e-04;       6768
2.2152296241300e-04;       6768
2.2154129751700e-04;       1808
2.2156126479700e-04;       1808
2.2157959187300e-04;       4404
2.2159956627100e-04;       4404
2.2161789338500e-04;       1760
2.2163786662900e-04;       1760
2.2165620172100e-04;       4356
2.2167616897900e-04;       4356
2.2169449610200e-04;       1712
2.2171446955500e-04;       1712
2.2173446950900e-04;       4308
2.2175277063800e-04;       4308
2.2177277092700e-04;       6904
2.2179107306900e-04;       6904
2.2181106547000e-04;       4260
2.2182937348300e-04;       4260
2.2184937370600e-04;       6856
2.2186767580800e-04;       6856
2.2188766814000e-04;       9452
2.2190597719400e-04;       9452
2.2192596964400e-04;       -748
2.2194594292300e-04;       -748
2.2196427818700e-04;       1848
2.2198424548100e-04;       1848
2.2200257252700e-04;       6760
2.2202254604200e-04;       6760
2.2204088104700e-04;       1800
2.2206084837700e-04;       1800
2.2207917536200e-04;       4396
2.2209914977700e-04;       4396
2.2211747677700e-04;       1752
2.2213745017400e-04;       1752
2.2215745031400e-04;       4348
2.2217575252200e-04;       4348
2.2219574473900e-04;       1704
2.2221405298100e-04;       1704
2.2223405352700e-04;       4300
2.2225235456400e-04;       4300
2.2227235488300e-04;       6896
2.2229065695600e-04;       6896
2.2231064943600e-04;       4252
2.2233062267600e-04;       4252
2.2234895775100e-04;       6848
2.2236892512200e-04;       6848
2.2238725224900e-04;       9444
2.2240722661500e-04;       9444
2.2242555361900e-04;       6800
2.2244552682400e-04;       6800
2.2246386186500e-04;       1840
2.2248382926500e-04;       1840
2.2250215637900e-04;       -804
2.2252212977900e-04;       -804
2.2254213006700e-04;       1792
2.2256043220600e-04;       1792
2.2258042448100e-04;       4388
2.2259873353600e-04;       4388
2.2261872607200e-04;       1744
2.2263703415000e-04;       1744
2.2265703442900e-04;       4340
2.2267533667900e-04;       4340
2.2269532888900e-04;       1696
2.2271530234800e-04;       1696
2.2273363745000e-04;       4292
2.2275360387200e-04;       4292
2.2277193904600e-04;       6888
2.2279190621800e-04;       6888
2.2281023322100e-04;       4244
2.2283020661900e-04;       4244
2.2284854183400e-04;       6840
2.2286850922200e-04;       6840
2.2288683622100e-04;       9436
2.2290681057100e-04;       9436
2.2292513759800e-04;       -764
2.2294511111900e-04;       -764
2.2296511149100e-04;       1832
2.2298341356800e-04;       1832
2.2300340600100e-04;       6744
2.2302171399200e-04;       6744
2.2304171433000e-04;       1784
2.2306001640700e-04;       1784
2.2308000884200e-04;       4380
2.2309831805700e-04;       4380
2.2311831040000e-04;       1736
2.2313828356500e-04;       1736
2.2315661891400e-04;       4332
2.2317658622500e-04;       4332
2.2319491333300e-04;       1688
2.2321488651800e-04;       1688
2.2323322152200e-04;       4284
2.2325318779500e-04;       4284
2.2327152288400e-04;       6880
2.2329149028100e-04;       6880
2.2330981739800e-04;       4236
2.2332979083700e-04;       4236
2.2334979121600e-04;       6832
2.2336809327700e-04;       6832
2.2338808544500e-04;       1872
2.2340639440700e-04;       1872
2.2342638670900e-04;       -772
2.2344469473300e-04;       -772
2.2346469504800e-04;       1824
2.2348299703100e-04;       1824
2.2350298913200e-04;       6736
2.2352296256500e-04;       6736
2.2354129764400e-04;       1776
2.2356126499800e-04;       1776
2.2357959222700e-04;       4372
2.2359956660400e-04;       4372
2.2361789376300e-04;       1728
2.2363786721800e-04;       1728
2.2365620236300e-04;       4324
2.2367616962400e-04;       4324
2.2369449676300e-04;       1680
2.2371447012500e-04;       1680
2.2373447057800e-04;       4276
2.2375277166100e-04;       4276
2.2377277208900e-04;       6872
2.2379107434000e-04;       6872
2.2381106653200e-04;       4228
2.2382937459000e-04;       4228
2.2384937495600e-04;       6824
2.2386767716200e-04;       6824
2.2388766963300e-04;       9420
2.2390597873400e-04;       9420
2.2392597105000e-04;       6776
2.2394594471900e-04;       6776
2.2396427980600e-04;       1816
2.2398424718500e-04;       1816
2.2400257422800e-04;       6728
2.2402254758200e-04;       6728
2.2404088279700e-04;       1768
2.2406085003200e-04;       1768
2.2407917712300e-04;       4364
2.2409915146000e-04;       4364
2.2411747854300e-04;       1720
2.2413745159300e-04;       1720
2.2415745201800e-04;       4316
2.2417575411600e-04;       4316
2.2419574646200e-04;       1672
2.2421405441600e-04;       1672
2.2423405474400e-04;       4268
2.2425235592400e-04;       4268
2.2427235625000e-04;       6864
2.2429065837900e-04;       6864
2.2431065079600e-04;       4220
2.2433062400600e-04;       4220
2.2434895896600e-04;       6816
2.2436892623700e-04;       6816
2.2438725307300e-04;       9412
2.2440722754100e-04;       9412
2.2442555432800e-04;       6768
2.2444552767200e-04;       6768
2.2446386270100e-04;       1808
2.2448382995300e-04;       1808
2.2450215707100e-04;       6720
2.2452213034000e-04;       6720
2.2454213052200e-04;       9316
2.2456043261400e-04;       9316
2.2458042510000e-04;       4356
2.2459873405600e-04;       4356
2.2461872628100e-04;       1712
2.2463703419800e-04;       1712
2.2465703460900e-04;       4308
2.2467533653800e-04;       4308
2.2469532908500e-04;       1664
2.2471530247400e-04;       1664
2.2473363761500e-04;       4260
2.2475360386500e-04;       4260
2.2477193894500e-04;       6856
2.2479190639500e-04;       6856
2.2481023352100e-04;       4212
2.2483020668600e-04;       4212
2.2484854188900e-04;       6808
2.2486850930000e-04;       6808
2.2488683637200e-04;       9404
2.2490681073400e-04;       9404
2.2492513782300e-04;       -796
2.2494511126000e-04;       -796
2.2496511158500e-04;       1800
2.2498341362800e-04;       1800
2.2500340604700e-04;       6712
2.2502171412100e-04;       6712
2.2504171453900e-04;       1752
2.2506001656000e-04;       1752
2.2508000896400e-04;       4348
2.2509831812100e-04;       4348
2.2511831029900e-04;       1704
2.2513828366000e-04;       1704
2.2515661883200e-04;       4300
2.2517658601000e-04;       4300
2.2519491291900e-04;       1656
2.2521488640800e-04;       1656
2.2523322146000e-04;       4252
2.2525318801200e-04;       4252
2.2527152308300e-04;       6848
2.2529149036100e-04;       6848
2.2530981731000e-04;       4204
2.2532979074600e-04;       4204
2.2534979111100e-04;       6800
2.2536809330100e-04;       6800
2.2538808568400e-04;       9396
2.2540639465200e-04;       9396
2.2542638698900e-04;       6752
2.2544469499100e-04;       6752
2.2546469536500e-04;       1792
2.2548299754900e-04;       1792
2.2550298994200e-04;       6704
2.2552296338100e-04;       6704
2.2554129842500e-04;       1744
2.2556126559100e-04;       1744
2.2557959274400e-04;       4340
2.2559956687600e-04;       4340
2.2561789403300e-04;       1696
2.2563786729700e-04;       1696
2.2565620244900e-04;       4292
2.2567616979800e-04;       4292
2.2569449660000e-04;       1648
2.2571447006200e-04;       1648
2.2573447036700e-04;       4244
2.2575277129300e-04;       4244
2.2577277169200e-04;       6840
2.2579107370200e-04;       6840
2.2581106616200e-04;       4196
2.2582937430100e-04;       4196
2.2584937469400e-04;       6792
2.2586767681100e-04;       6792
2.2588766928000e-04;       9388
2.2590597832200e-04;       9388
2.2592597053300e-04;       6744
2.2594594392700e-04;       6744
2.2596427895400e-04;       1784
2.2598424633100e-04;       1784
2.2600257341100e-04;       6696
2.2602254678800e-04;       6696
2.2604088192800e-04;       1736
2.2606084930000e-04;       1736
2.2607917628900e-04;       4332
2.2609915048000e-04;       4332
2.2611747755500e-04;       1688
2.2613745089700e-04;       1688
2.2615745125900e-04;       4284
2.2617575328300e-04;       4284
2.2619574555600e-04;       1640
2.2621405368800e-04;       1640
2.2623405415100e-04;       4236
2.2625235519500e-04;       4236
2.2627235552900e-04;       6832
2.2629065769600e-04;       6832
2.2631065005500e-04;       4188
2.2633062331400e-04;       4188
2.2634895835300e-04;       6784
2.2636892573900e-04;       6784
2.2638725261500e-04;       9380
2.2640722718600e-04;       9380
2.2642555438800e-04;       6736
2.2644552757000e-04;       6736
2.2646386273100e-04;       1776
2.2648383001200e-04;       1776
2.2650215704900e-04;       6688
2.2652213030600e-04;       6688
2.2654213068200e-04;       1728
2.2656043279100e-04;       1728
2.2658042518600e-04;       4324
2.2659873429100e-04;       4324
2.2661872659100e-04;       1680
2.2663703471000e-04;       1680
2.2665703505400e-04;       4276
2.2667533709200e-04;       4276
2.2669532943100e-04;       1632
2.2671530260000e-04;       1632
2.2673363778700e-04;       4228
2.2675360414200e-04;       4228
2.2677193928100e-04;       6824
2.2679190664600e-04;       6824
2.2681023351500e-04;       4180
2.2683020665900e-04;       4180
2.2684854174900e-04;       6776
2.2686850899100e-04;       6776
2.2688683619400e-04;       9372
2.2690681037800e-04;       9372
2.2692513752100e-04;       6728
2.2694511072900e-04;       6728
2.2696511109100e-04;       1768
2.2698341312800e-04;       1768
2.2700340550600e-04;       6680
2.2702171359000e-04;       6680
2.2704171397600e-04;       1720
2.2706001617900e-04;       1720
2.2708000835600e-04;       4316
2.2709831732600e-04;       4316
2.2711830966600e-04;       1672
2.2713828289900e-04;       1672
2.2715661777500e-04;       4268
2.2717658516200e-04;       4268
2.2719491223400e-04;       1624
2.2721488577300e-04;       1624
2.2723322058500e-04;       4220
2.2725318680800e-04;       4220
2.2727152196700e-04;       6816
2.2729148939800e-04;       6816
2.2730981648400e-04;       4172
2.2732978995300e-04;       4172
2.2734979019700e-04;       6768
2.2736809240400e-04;       6768
2.2738808480300e-04;       1808
2.2740639393800e-04;       1808
2.2742638622300e-04;       6720
2.2744469422400e-04;       6720
2.2746469433300e-04;       1760
2.2748299642900e-04;       1760
2.2750298878300e-04;       6672
2.2752296200200e-04;       6672
2.2754129693000e-04;       1712
2.2756126414200e-04;       1712
2.2757959129100e-04;       4308
2.2759956567900e-04;       4308
2.2761789260200e-04;       1664
2.2763786598200e-04;       1664
2.2765620111100e-04;       4260
2.2767616851300e-04;       4260
2.2769449550700e-04;       1616
2.2771446903200e-04;       1616
2.2773446923400e-04;       4212
2.2775277040100e-04;       4212
2.2777277072100e-04;       6808
2.2779107296500e-04;       6808
2.2781106526500e-04;       4164
2.2782937329400e-04;       4164
2.2784937356100e-04;       6760
2.2786767572200e-04;       6760
2.2788766803200e-04;       9356
2.2790597707300e-04;       9356
2.2792596948500e-04;       -844
2.2794594295200e-04;       -844
2.2796427793100e-04;       1752
2.2798424501900e-04;       1752
2.2800257207100e-04;       6664
2.2802254543100e-04;       6664
2.2804088059000e-04;       1704
2.2806084800900e-04;       1704
2.2807917507700e-04;       4300
2.2809914934500e-04;       4300
2.2811747654300e-04;       1656
2.2813744988200e-04;       1656
2.2815745001000e-04;       4252
2.2817575212200e-04;       4252
2.2819574458400e-04;       1608
2.2821405271900e-04;       1608
2.2823405311500e-04;       4204
2.2825235433300e-04;       4204
2.2827235482000e-04;       6800
2.2829065682800e-04;       6800
2.2831064922400e-04;       4156
2.2833062267300e-04;       4156
2.2834895768100e-04;       6752
2.2836892488800e-04;       6752
2.2838725206800e-04;       9348
2.2840722636000e-04;       9348
2.2842555338500e-04;       -852
2.2844552676300e-04;       -852
2.2846386198800e-04;       1744
2.2848382939800e-04;       1744
2.2850215639100e-04;       -900
2.2852212970500e-04;       -900
2.2854213004300e-04;       1696
2.2856043205000e-04;       1696
2.2858042426900e-04;       4292
2.2859873318100e-04;       4292
2.2861872530500e-04;       1648
2.2863703343800e-04;       1648
2.2865703360500e-04;       4244
2.2867533575700e-04;       4244
2.2869532813200e-04;       1600
2.2871530145600e-04;       1600
2.2873363653400e-04;       4196
2.2875360292400e-04;       4196
2.2877193795500e-04;       6792
2.2879190530000e-04;       6792
2.2881023229900e-04;       4148
2.2883020568700e-04;       4148
2.2884854088500e-04;       6744
2.2886850823400e-04;       6744
2.2888683524200e-04;       9340
2.2890680949400e-04;       9340
2.2892513650600e-04;       -860
2.2894510974600e-04;       -860
2.2896511005600e-04;       1736
2.2898341221300e-04;       1736
2.2900340455800e-04;       6648
2.2902171276900e-04;       6648
2.2904171293900e-04;       1688
2.2906001510000e-04;       1688
2.2908000734200e-04;       4284
2.2909831639900e-04;       4284
2.2911830889800e-04;       1640
2.2913828222800e-04;       1640
2.2915661734200e-04;       4236
2.2917658474800e-04;       4236
2.2919491179900e-04;       1592
2.2921488512800e-04;       1592
2.2923322038000e-04;       4188
2.2925318657900e-04;       4188
2.2927152179000e-04;       6784
2.2929148920600e-04;       6784
2.2930981632400e-04;       4140
2.2932978968200e-04;       4140
2.2934979014100e-04;       6736
2.2936809228700e-04;       6736
2.2938808411700e-04;       9332
2.2940639318400e-04;       9332
2.2942638557400e-04;       -868
2.2944469356000e-04;       -868
2.2946469401500e-04;       1728
2.2948299615900e-04;       1728
2.2950298859400e-04;       6640
2.2952296185100e-04;       6640
2.2954129681000e-04;       1680
2.2956126440400e-04;       1680
2.2957959157500e-04;       4276
2.2959956593200e-04;       4276
2.2961789303900e-04;       1632
2.2963786651200e-04;       1632
2.2965620149100e-04;       4228
2.2967616892300e-04;       4228
2.2969449593000e-04;       1584
2.2971446910700e-04;       1584
2.2973446940800e-04;       4180
2.2975277048100e-04;       4180
2.2977277087900e-04;       6776
2.2979107297300e-04;       6776
2.2981106550800e-04;       4132
2.2982937363500e-04;       4132
2.2984937396400e-04;       6728
2.2986767619100e-04;       6728
2.2988766845300e-04;       9324
2.2990597750900e-04;       9324
2.2992596983600e-04;       6680
2.2994594299000e-04;       6680
2.2996427809200e-04;       1720
2.2998424527500e-04;       1720
2.3000257241300e-04;       6632
2.3002254586900e-04;       6632
2.3004088102300e-04;       1672
2.3006084828200e-04;       1672
2.3007917546100e-04;       4268
2.3009914970700e-04;       4268
2.3011747670300e-04;       1624
2.3013744993800e-04;       1624
2.3015745040200e-04;       4220
2.3017575233700e-04;       4220
2.3019574457800e-04;       1576
2.3021405256300e-04;       1576
2.3023405298800e-04;       4172
2.3025235407900e-04;       4172
2.3027235452300e-04;       6768
2.3029065670100e-04;       6768
2.3031064896100e-04;       4124
2.3033062228100e-04;       4124
2.3034895726200e-04;       6720
2.3036892460900e-04;       6720
2.3038725143000e-04;       9316
2.3040722467600e-04;       9316
2.3042555963500e-04;       -884
2.3044552604100e-04;       -884
2.3046386103800e-04;       1712
2.3048382839900e-04;       1712
2.3050215550200e-04;       6624
2.3052212881600e-04;       6624
2.3054212930200e-04;       1664
2.3056043132700e-04;       1664
2.3058042373800e-04;       4260
2.3059873259500e-04;       4260
2.3061872493800e-04;       1616
2.3063703292300e-04;       1616
2.3065703324900e-04;       4212
2.3067533509900e-04;       4212
2.3069532736100e-04;       1568
2.3071530090400e-04;       1568
2.3073363594700e-04;       4164
2.3075360222200e-04;       4164
2.3077193729900e-04;       6760
2.3079190461300e-04;       6760
2.3081023164900e-04;       4116
2.3083020483800e-04;       4116
2.3084853986800e-04;       -844
2.3086850701400e-04;       -844
2.3088683401000e-04;      -3488
2.3090680809800e-04;      -3488
2.3092513508700e-04;       -892
2.3094510856800e-04;       -892
2.3096510890000e-04;       1704
2.3098341071200e-04;       1704
2.3100340303300e-04;       6616
2.3102171097700e-04;       6616
2.3104171138100e-04;       1656
2.3106001346200e-04;       1656
2.3108000575500e-04;       4252
2.3109831475400e-04;       4252
2.3111830722800e-04;       1608
2.3113828057600e-04;       1608
2.3115661554800e-04;       4204
2.3117658290700e-04;       4204
2.3119491008100e-04;       1560
2.3121488333000e-04;       1560
2.3123321854800e-04;       4156
2.3125318496400e-04;       4156
2.3127152010500e-04;       6752
2.3129148717400e-04;       6752
2.3130981421200e-04;       4108
2.3132978764500e-04;       4108
2.3134978807900e-04;       -852
2.3136809006800e-04;       -852
2.3138808239300e-04;      -3496
2.3140639036100e-04;      -3496
2.3142639058500e-04;       -900
2.3144469158900e-04;       -900
2.3146469194500e-04;       1696
2.3148299402900e-04;       1696
2.3150298640300e-04;       -948
2.3152295976900e-04;       -948
2.3154129478300e-04;       1648
2.3156126220400e-04;       1648
2.3157958938000e-04;       4244
2.3159956377000e-04;       4244
2.3161789093100e-04;       1600
2.3163786441600e-04;       1600
2.3165619931700e-04;       4196
2.3167616672600e-04;       4196
2.3169449372500e-04;       1552
2.3171446706100e-04;       1552
2.3173446743700e-04;       4148
2.3175276857000e-04;       4148
2.3177276887300e-04;       6744
2.3179107098900e-04;       6744
2.3181106324000e-04;       4100
2.3182937128000e-04;       4100
2.3184937151400e-04;       6696
2.3186767349300e-04;       6696
2.3188766592200e-04;       9292
2.3190597507700e-04;       9292
2.3192596735900e-04;       -908
2.3194594070200e-04;       -908
2.3196427573300e-04;       1688
2.3198424320800e-04;       1688
2.3200257013500e-04;       -956
2.3202254360200e-04;       -956
2.3204087866200e-04;       1640
2.3206084576700e-04;       1640
2.3207917272000e-04;       4236
2.3209914696100e-04;       4236
2.3211747395600e-04;       1592
2.3213744736800e-04;       1592
2.3215744772100e-04;       4188
2.3217574987800e-04;       4188
2.3219574227100e-04;       1544
2.3221405036500e-04;       1544
2.3223405074000e-04;       4140
2.3225235162500e-04;       4140
2.3227235206600e-04;       6736
2.3229065416700e-04;       6736
2.3231064653800e-04;       4092
2.3233061979200e-04;       4092
2.3234895500900e-04;       6688
2.3236892213000e-04;       6688
2.3238724932400e-04;       9284
2.3240722275900e-04;       9284
2.3242555778800e-04;       -916
2.3244552422600e-04;       -916
2.3246385941400e-04;       1680
2.3248382680200e-04;       1680
2.3250215370300e-04;       -964
2.3252212671200e-04;       -964
2.3254212702800e-04;       1632
2.3256042909500e-04;       1632
2.3258042149100e-04;       4228
2.3259873055100e-04;       4228
2.3261872302600e-04;       1584
2.3263703105900e-04;       1584
2.3265703153800e-04;       4180
2.3267533361500e-04;       4180
2.3269532609900e-04;       1536
2.3271529937500e-04;       1536
2.3273363448000e-04;       4132
2.3275360097200e-04;       4132
2.3277193608800e-04;       6728
2.3279190340100e-04;       6728
2.3281023071300e-04;       4084
2.3283020410000e-04;       4084
2.3284853931400e-04;       -876
2.3286850660500e-04;       -876
2.3288683371800e-04;       1720
2.3290680724000e-04;       1720
2.3292680750500e-04;       -924
2.3294510857200e-04;       -924
2.3296510895800e-04;       1672
2.3298341111100e-04;       1672
2.3300340359900e-04;       -972
2.3302171168100e-04;       -972
2.3304171223700e-04;       1624
2.3306001406300e-04;       1624
2.3308000640600e-04;       4220
2.3309831552900e-04;       4220
2.3311830771400e-04;       1576
2.3313828100600e-04;       1576
2.3315661587100e-04;       4172
2.3317658336400e-04;       4172
2.3319491065000e-04;       1528
2.3321488397900e-04;       1528
2.3323321913800e-04;       4124
2.3325318553000e-04;       4124
2.3327152059700e-04;       6720
2.3329148800100e-04;       6720
2.3330981513300e-04;       4076
2.3332978842700e-04;       4076
2.3334978853900e-04;       -884
2.3336809059900e-04;       -884
2.3338808292500e-04;      -3528
2.3340639089400e-04;      -3528
2.3342639116000e-04;       -932
2.3344469228600e-04;       -932
2.3346469268500e-04;       1664
2.3348299465900e-04;       1664
2.3350298660400e-04;       -980
2.3352295986400e-04;       -980
2.3354129507100e-04;       1616
2.3356126228600e-04;       1616
2.3357958940000e-04;       4212
2.3359956381500e-04;       4212
2.3361789099500e-04;       1568
2.3363786436300e-04;       1568
2.3365619931300e-04;       4164
2.3367616688100e-04;       4164
2.3369449393000e-04;       1520
2.3371446744700e-04;       1520
2.3373446761200e-04;       4116
2.3375276883500e-04;       4116
2.3377276924700e-04;       6712
2.3379107126300e-04;       6712
2.3381106369900e-04;       4068
2.3382937172600e-04;       4068
2.3384937200200e-04;       6664
2.3386767394000e-04;       6664
2.3388766652300e-04;      -3536
2.3390597561000e-04;      -3536
2.3392596809000e-04;       -940
2.3394594148700e-04;       -940
2.3396427662700e-04;       1656
2.3398424405400e-04;       1656
2.3400257099700e-04;       -988
2.3402254440900e-04;       -988
2.3404087932000e-04;       1608
2.3406084687000e-04;       1608
2.3407917374200e-04;       4204
2.3409914831900e-04;       4204
2.3411747527200e-04;       1560
2.3413744867700e-04;       1560
2.3415744901800e-04;       4156
2.3417575135600e-04;       4156
2.3419574376600e-04;       1512
2.3421405165800e-04;       1512
2.3423405214100e-04;       4108
2.3425235322800e-04;       4108
2.3427235376300e-04;       6704
2.3429065591900e-04;       6704
2.3431064833600e-04;       4060
2.3433062176400e-04;       4060
2.3434895685000e-04;       -900
2.3436892412400e-04;       -900
2.3438725108900e-04;      -3544
2.3440722549700e-04;      -3544
2.3442555237500e-04;       6608
2.3444552564800e-04;       6608
2.3446386069500e-04;       1648
2.3448382814600e-04;       1648
2.3450215534300e-04;       -996
2.3452212873600e-04;       -996
2.3454212907900e-04;       1600
2.3456043105900e-04;       1600
2.3458042342300e-04;       4196
2.3459873254600e-04;       4196
2.3461872502600e-04;       1552
2.3463703308200e-04;       1552
2.3465703315000e-04;       4148
2.3467533533200e-04;       4148
2.3469532775700e-04;       1504
2.3471530133900e-04;       1504
2.3473363631800e-04;       4100
2.3475360280700e-04;       4100
2.3477193762200e-04;       6696
2.3479190494400e-04;       6696
2.3481023209400e-04;       4052
2.3483020524300e-04;       4052
2.3484854045400e-04;       6648
2.3486850787200e-04;       6648
2.3488683483200e-04;       9244
2.3490680915400e-04;       9244
2.3492513607100e-04;       6600
2.3494510927400e-04;       6600
2.3496510963000e-04;       1640
2.3498341170200e-04;       1640
2.3500340406300e-04;      -1004
2.3502171198100e-04;      -1004
2.3504171228500e-04;       1592
2.3506001432400e-04;       1592
2.3508000680600e-04;       4188
2.3509831590300e-04;       4188
2.3511830824600e-04;       1544
2.3513828156400e-04;       1544
2.3515661683200e-04;       4140
2.3517658410900e-04;       4140
2.3519491128900e-04;       1496
2.3521488483200e-04;       1496
2.3523321983800e-04;       4092
2.3525318625200e-04;       4092
2.3527152135200e-04;       6688
2.3529148873000e-04;       6688
2.3530981578800e-04;       4044
2.3532978920900e-04;       4044
2.3534978944600e-04;       6640
2.3536809164000e-04;       6640
2.3538808414000e-04;       9236
2.3540639316700e-04;       9236
2.3542638530000e-04;       6592
2.3544469332300e-04;       6592
2.3546469372500e-04;       1632
2.3548299585800e-04;       1632
2.3550298818400e-04;       6544
2.3552296131100e-04;       6544
2.3554129614800e-04;       1584
2.3556126356100e-04;       1584
2.3557959065600e-04;       4180
2.3559956505100e-04;       4180
2.3561789222700e-04;       1536
2.3563786550300e-04;       1536
2.3565620042700e-04;       4132
2.3567616781600e-04;       4132
2.3569449491400e-04;       1488
2.3571446829500e-04;       1488
2.3573446875600e-04;       4084
2.3575276994100e-04;       4084
2.3577277025500e-04;       6680
2.3579107245100e-04;       6680
2.3581106476700e-04;       4036
2.3582937284800e-04;       4036
2.3584937317700e-04;       -924
2.3586767510900e-04;       -924
2.3588766729800e-04;      -3568
2.3590597613000e-04;      -3568
2.3592596845700e-04;       -972
2.3594594188100e-04;       -972
2.3596427676400e-04;       1624
2.3598424415000e-04;       1624
2.3600257129300e-04;       6536
2.3602254475100e-04;       6536
2.3604087990100e-04;       1576
2.3606084726400e-04;       1576
2.3607917432300e-04;       4172
2.3609914856000e-04;       4172
2.3611747545500e-04;       1528
2.3613744892500e-04;       1528
2.3615744925700e-04;       4124
2.3617575127100e-04;       4124
2.3619574357200e-04;       1480
2.3621405175800e-04;       1480
2.3623405218200e-04;       4076
2.3625235332100e-04;       4076
2.3627235366400e-04;       6672
2.3629065586800e-04;       6672
2.3631064827500e-04;       4028
2.3633062166100e-04;       4028
2.3634895676800e-04;       6624
2.3636892406300e-04;       6624
2.3638725113900e-04;       1664
2.3640722445100e-04;       1664
2.3642555949600e-04;       -980
2.3644552590700e-04;       -980
2.3646386106000e-04;       1616
2.3648382845500e-04;       1616
2.3650215561900e-04;      -1028
2.3652212917300e-04;      -1028
2.3654212957600e-04;       1568
2.3656043158200e-04;       1568
2.3658042395500e-04;       4164
2.3659873285600e-04;       4164
2.3661872503100e-04;       1520
2.3663703307700e-04;       1520
2.3665703344100e-04;       4116
2.3667533545900e-04;       4116
2.3669532793600e-04;       1472
2.3671530135600e-04;       1472
2.3673363639500e-04;       4068
2.3675360275100e-04;       4068
2.3677193776400e-04;       6664
2.3679190526700e-04;       6664
2.3681023228900e-04;       4020
2.3683020553100e-04;       4020
2.3684854078200e-04;       -940
2.3686850801400e-04;       -940
2.3688683531500e-04;      -3584
2.3690680960800e-04;      -3584
2.3692513654000e-04;       -988
2.3694510992000e-04;       -988
2.3696511029600e-04;       1608
2.3698341233800e-04;       1608
2.3700340474200e-04;       6520
2.3702171275200e-04;       6520
2.3704171297800e-04;       1560
2.3706001508300e-04;       1560
2.3708000739800e-04;       4156
2.3709831650800e-04;       4156
2.3711830889300e-04;       1512
2.3713828224300e-04;       1512
2.3715661714200e-04;       4108
2.3717658452900e-04;       4108
2.3719491167000e-04;       1464
2.3721488507400e-04;       1464
2.3723322028100e-04;       4060
2.3725318658600e-04;       4060
2.3727152166500e-04;       6656
2.3729148880600e-04;       6656
2.3730981592100e-04;       4012
2.3732978900400e-04;       4012
2.3734978942400e-04;       6608
2.3736809124400e-04;       6608
2.3738808353600e-04;      -3592
2.3740639179200e-04;      -3592
2.3742639207900e-04;       -996
2.3744469318800e-04;       -996
2.3746469345900e-04;       1600
2.3748299532000e-04;       1600
2.3750298771800e-04;      -1044
2.3752296108900e-04;      -1044
2.3754129613700e-04;       1552
2.3756126361800e-04;       1552
2.3757959065400e-04;       4148
2.3759956492900e-04;       4148
2.3761789201700e-04;       1504
2.3763786543200e-04;       1504
2.3765620063100e-04;       4100
2.3767616804800e-04;       4100
2.3769449488600e-04;       1456
2.3771446800900e-04;       1456
2.3773446829400e-04;       4052
2.3775276955500e-04;       4052
2.3777276974400e-04;       6648
2.3779107191900e-04;       6648
2.3781106405500e-04;       4004
2.3782937223500e-04;       4004
2.3784937253500e-04;       6600
2.3786767458300e-04;       6600
2.3788766707300e-04;       9196
2.3790597609200e-04;       9196
2.3792596863600e-04;      -1004
2.3794594190600e-04;      -1004
2.3796427699300e-04;       1592
2.3798424437400e-04;       1592
2.3800257138000e-04;       6504
2.3802254459100e-04;       6504
2.3804087969000e-04;       1544
2.3806084699900e-04;       1544
2.3807917413900e-04;       4140
2.3809914833800e-04;       4140
2.3811747541200e-04;       1496
2.3813744873300e-04;       1496
2.3815744915900e-04;       4092
2.3817575123500e-04;       4092
2.3819574363500e-04;       1448
2.3821405175700e-04;       1448
2.3823405218500e-04;       4044
2.3825235323800e-04;       4044
2.3827235361300e-04;       6640
2.3829065549100e-04;       6640
2.3831064787700e-04;       3996
2.3833062119600e-04;       3996
2.3834895622800e-04;       6592
2.3836892338900e-04;       6592
2.3838725039200e-04;      -3608
2.3840722476600e-04;      -3608
2.3842555185000e-04;      -1012
2.3844552524500e-04;      -1012
2.3846386039200e-04;       1584
2.3848382779200e-04;       1584
2.3850215477500e-04;       6496
2.3852212836700e-04;       6496
2.3854212866800e-04;       1536
2.3856043078500e-04;       1536
2.3858042322900e-04;       4132
2.3859873233700e-04;       4132
2.3861872475200e-04;       1488
2.3863703288700e-04;       1488
2.3865703319300e-04;       4084
2.3867533540900e-04;       4084
2.3869532772700e-04;       1440
2.3871530120100e-04;       1440
2.3873363613100e-04;       4036
2.3875360248600e-04;       4036
2.3877193758600e-04;       6632
2.3879190505100e-04;       6632
2.3881023182500e-04;       3988
2.3883020538500e-04;       3988
2.3884854032000e-04;       6584
2.3886850762600e-04;       6584
2.3888683463900e-04;       9180
2.3890680796700e-04;       9180
2.3892680835800e-04;      -1020
2.3894510946400e-04;      -1020
2.3896510948800e-04;       1576
2.3898341175700e-04;       1576
2.3900340398400e-04;       6488
2.3902171221100e-04;       6488
2.3904171268900e-04;       1528
2.3906001469400e-04;       1528
2.3908000720700e-04;       4124
2.3909831628200e-04;       4124
2.3911830863100e-04;       1480
2.3913828201000e-04;       1480
2.3915661699000e-04;       4076
2.3917658446700e-04;       4076
2.3919491149400e-04;       1432
2.3921488482300e-04;       1432
2.3923321996000e-04;       4028
2.3925318641300e-04;       4028
2.3927152151700e-04;       6624
2.3929148895400e-04;       6624
2.3930981593400e-04;       3980
2.3932978934800e-04;       3980
2.3934978985100e-04;       6576
2.3936809198200e-04;       6576
2.3938808424300e-04;       9172
2.3940639334700e-04;       9172
2.3942638550100e-04;      -1028
2.3944469352000e-04;      -1028
2.3946469397200e-04;       1568
2.3948299612600e-04;       1568
2.3950298840700e-04;       6480
2.3952296188300e-04;       6480
2.3954129697200e-04;       1520
2.3956126433500e-04;       1520
2.3957959154600e-04;       4116
2.3959956565500e-04;       4116
2.3961789280500e-04;       1472
2.3963786593700e-04;       1472
2.3965620107400e-04;       4068
2.3967616848500e-04;       4068
2.3969449556300e-04;       1424
2.3971446909400e-04;       1424
2.3973446935400e-04;       4020
2.3975277023600e-04;       4020
2.3977277063400e-04;       6616
2.3979107270700e-04;       6616
2.3981106514400e-04;       3972
2.3982937323100e-04;       3972
2.3984937357800e-04;       6568
2.3986767557500e-04;       6568
2.3988766785500e-04;       9164
2.3990764128200e-04;       9164
2.3992597631500e-04;      -1036
2.3994594270700e-04;      -1036
2.3996427761900e-04;       1560
2.3998424498600e-04;       1560
2.4000257208800e-04;       6472
2.4002254540500e-04;       6472
2.4004088040700e-04;       1512
2.4006084762300e-04;       1512
2.4007917462000e-04;       4108
2.4009914899900e-04;       4108
2.4011747604900e-04;       1464
2.4013744961300e-04;       1464
2.4015745002100e-04;       4060
2.4017575189400e-04;       4060
2.4019574390100e-04;       1416
2.4021405200900e-04;       1416
2.4023405246200e-04;       4012
2.4025235353400e-04;       4012
2.4027235395300e-04;       6608
2.4029065600200e-04;       6608
2.4031064842300e-04;       3964
2.4033062171100e-04;       3964
2.4034895671100e-04;       6560
2.4036892407100e-04;       6560
2.4038725121900e-04;      -3640
2.4040722458000e-04;      -3640
2.4042555969700e-04;      -1044
2.4044552600900e-04;      -1044
2.4046386111300e-04;       1552
2.4048382850000e-04;       1552
2.4050215549900e-04;      -1092
2.4052212886300e-04;      -1092
2.4054212902100e-04;       1504
2.4056043085600e-04;       1504
2.4058042323700e-04;       4100
2.4059873229400e-04;       4100
2.4061872470400e-04;       1456
2.4063703280500e-04;       1456
2.4065703306400e-04;       4052
2.4067533500900e-04;       4052
2.4069532733600e-04;       1408
2.4071530057300e-04;       1408
2.4073363539000e-04;       4004
2.4075360172300e-04;       4004
2.4077193657000e-04;       6600
2.4079190387900e-04;       6600
2.4081023083500e-04;       3956
2.4083020432500e-04;       3956
2.4084853950700e-04;      -1004
2.4086850655000e-04;      -1004
2.4088683366400e-04;      -3648
2.4090680822800e-04;      -3648
2.4092513532300e-04;      -1052
2.4094510858000e-04;      -1052
2.4096510902100e-04;       1544
2.4098341119000e-04;       1544
2.4100340373500e-04;      -1100
2.4102171175000e-04;      -1100
2.4104171215200e-04;       1496
2.4106001432800e-04;       1496
2.4108000654300e-04;       4092
2.4109831553700e-04;       4092
2.4111830789300e-04;       1448
2.4113828130900e-04;       1448
2.4115661638900e-04;       4044
2.4117658377000e-04;       4044
2.4119491074900e-04;       1400
2.4121488417000e-04;       1400
2.4123321926800e-04;       3996
2.4125318554900e-04;       3996
2.4127152056600e-04;       6592
2.4129148800100e-04;       6592
2.4130981479200e-04;       3948
2.4132978816300e-04;       3948
2.4134978867200e-04;      -1012
2.4136809047800e-04;      -1012
2.4138808270600e-04;      -3656
2.4140639065000e-04;      -3656
2.4142639103800e-04;      -1060
2.4144469211800e-04;      -1060
2.4146469210300e-04;       1536
2.4148299418000e-04;       1536
2.4150298665700e-04;      -1108
2.4152296000700e-04;      -1108
2.4154129511300e-04;       1488
2.4156126252300e-04;       1488
2.4157958952800e-04;       4084
2.4159956376100e-04;       4084
2.4161789079400e-04;       1440
2.4163786431600e-04;       1440
2.4165619931400e-04;       4036
2.4167616674400e-04;       4036
2.4169449393400e-04;       1392
2.4171446727500e-04;       1392
2.4173446758300e-04;       3988
2.4175276869700e-04;       3988
2.4177276900900e-04;       6584
2.4179107115400e-04;       6584
2.4181106366100e-04;       3940
2.4182937171800e-04;       3940
2.4184937206900e-04;       6536
2.4186767434000e-04;       6536
2.4188766670300e-04;       1576
2.4190764021500e-04;       1576
2.4192597522100e-04;      -1068
2.4194594155600e-04;      -1068
2.4196427633100e-04;       1528
2.4198424375100e-04;       1528
2.4200257079700e-04;      -1116
2.4202254422300e-04;      -1116
2.4204087945800e-04;       1480
2.4206084684500e-04;       1480
2.4207917389600e-04;       4076
2.4209914844200e-04;       4076
2.4211747553500e-04;       1432
2.4213744879500e-04;       1432
2.4215744896900e-04;       4028
2.4217575093300e-04;       4028
2.4219574331900e-04;       1384
2.4221405136800e-04;       1384
2.4223405154900e-04;       3980
2.4225235273200e-04;       3980
2.4227235298300e-04;       6576
2.4229065512100e-04;       6576
2.4231064725000e-04;       3932
2.4233062073500e-04;       3932
2.4234895561100e-04;       6528
2.4236892317900e-04;       6528
2.4238725027700e-04;      -3672
2.4240722449200e-04;      -3672
2.4242555160300e-04;      -1076
2.4244552489700e-04;      -1076
2.4246386004200e-04;       1520
2.4248382744100e-04;       1520
2.4250215442100e-04;       6432
2.4252212793500e-04;       6432
2.4254212836700e-04;       1472
2.4256043049200e-04;       1472
2.4258042290200e-04;       4068
2.4259873198300e-04;       4068
2.4261872448000e-04;       1424
2.4263703265800e-04;       1424
2.4265703310200e-04;       4020
2.4267533516000e-04;       4020
2.4269532764300e-04;       1376
2.4271530093200e-04;       1376
2.4273363611400e-04;       3972
2.4275360250600e-04;       3972
2.4277193737000e-04;       6568
2.4279190489500e-04;       6568
2.4281023220600e-04;       3924
2.4283020559500e-04;       3924
2.4284854076200e-04;       6520
2.4286850820000e-04;       6520
2.4288683525600e-04;       9116
2.4290680972000e-04;       9116
2.4292513695000e-04;       6472
2.4294511034300e-04;       6472
2.4296511062900e-04;       1512
2.4298341279000e-04;       1512
2.4300340504100e-04;       6424
2.4302171317200e-04;       6424
2.4304171357400e-04;       1464
2.4306001566800e-04;       1464
2.4308000788500e-04;       4060
2.4309831708500e-04;       4060
2.4311830956000e-04;       1416
2.4313828255000e-04;       1416
2.4315661768900e-04;       4012
2.4317658493600e-04;       4012
2.4319491191700e-04;       1368
2.4321488536900e-04;       1368
2.4323322042000e-04;       3964
2.4325318674700e-04;       3964
2.4327152180700e-04;       6560
2.4329148913400e-04;       6560
2.4330981604800e-04;       3916
2.4332978956500e-04;       3916
2.4334978972200e-04;       6512
2.4336809180500e-04;       6512
2.4338808400900e-04;       9108
2.4340639314600e-04;       9108
2.4342638539000e-04;      -1092
2.4344469358700e-04;      -1092
2.4346469353800e-04;       1504
2.4348299576500e-04;       1504
2.4350298802700e-04;       6416
2.4352296125800e-04;       6416
2.4354129643300e-04;       1456
2.4356126375500e-04;       1456
2.4357959100200e-04;       4052
2.4359956516200e-04;       4052
2.4361789225900e-04;       1408
2.4363786557800e-04;       1408
2.4365620055900e-04;       4004
2.4367616790100e-04;       4004
2.4369449512800e-04;       1360
2.4371446848800e-04;       1360
2.4373446883800e-04;       3956
2.4375276989100e-04;       3956
2.4377277019900e-04;       6552
2.4379107222700e-04;       6552
2.4381106467000e-04;       3908
2.4382937273000e-04;       3908
2.4384937317900e-04;       6504
2.4386767529200e-04;       6504
2.4388766763500e-04;       9100
2.4390597682900e-04;       9100
2.4392596931300e-04;      -1100
2.4394594272800e-04;      -1100
2.4396427781400e-04;       1496
2.4398424509600e-04;       1496
2.4400257220100e-04;       6408
2.4402254531200e-04;       6408
2.4404088028700e-04;       1448
2.4406084759800e-04;       1448
2.4407917469200e-04;       4044
2.4409914901600e-04;       4044
2.4411747602600e-04;       1400
2.4413744936300e-04;       1400
2.4415744968400e-04;       3996
2.4417575190300e-04;       3996
2.4419574425500e-04;       1352
2.4421405240600e-04;       1352
2.4423405273100e-04;       3948
2.4425235362000e-04;       3948
2.4427235400700e-04;       6544
2.4429065584600e-04;       6544
2.4431064838800e-04;       3900
2.4433062173200e-04;       3900
2.4434895685600e-04;       6496
2.4436892429500e-04;       6496
2.4438725143500e-04;      -3704
2.4440722595400e-04;      -3704
2.4442555302000e-04;      -1108
2.4444552631700e-04;      -1108
2.4446386125300e-04;       1488
2.4448382857100e-04;       1488
2.4450215560300e-04;       6400
2.4452212889800e-04;       6400
2.4454212939100e-04;       1440
2.4456043150300e-04;       1440
2.4458042384500e-04;       4036
2.4459873264000e-04;       4036
2.4461872509000e-04;       1392
2.4463703329900e-04;       1392
2.4465703368500e-04;       3988
2.4467533582500e-04;       3988
2.4469532829400e-04;       1344
2.4471530147300e-04;       1344
2.4473363655600e-04;       3940
2.4475360300600e-04;       3940
2.4477193815200e-04;       6536
2.4479190534700e-04;       6536
2.4481023242900e-04;       3892
2.4483020568600e-04;       3892
2.4484854084600e-04;       6488
2.4486850833300e-04;       6488
2.4488683546800e-04;       9084
2.4490680988700e-04;       9084
2.4492513694300e-04;      -1116
2.4494511029500e-04;      -1116
2.4496511076100e-04;       1480
2.4498341281100e-04;       1480
2.4500340515200e-04;       6392
2.4502171327000e-04;       6392
2.4504171389400e-04;       1432
2.4506001582900e-04;       1432
2.4508000834200e-04;       4028
2.4509831746200e-04;       4028
2.4511830973700e-04;       1384
2.4513828302100e-04;       1384
2.4515661800300e-04;       3980
2.4517658548600e-04;       3980
2.4519491238800e-04;       1336
2.4521488574100e-04;       1336
2.4523322093600e-04;       3932
2.4525318727300e-04;       3932
2.4527152240600e-04;       6528
2.4529148970400e-04;       6528
2.4530981682600e-04;       3884
2.4532979015200e-04;       3884
2.4534979061300e-04;       6480
2.4536809256300e-04;       6480
2.4538808499800e-04;       9076
2.4540639400900e-04;       9076
2.4542638640500e-04;       6432
2.4544469465000e-04;       6432
2.4546469479200e-04;       1472
2.4548299687500e-04;       1472
2.4550298900100e-04;       6384
2.4552296233300e-04;       6384
2.4554129731600e-04;       1424
2.4556126471500e-04;       1424
2.4557959176500e-04;       4020
2.4559956630100e-04;       4020
2.4561789337300e-04;       1376
2.4563786681400e-04;       1376
2.4565620195100e-04;       3972
2.4567616924200e-04;       3972
2.4569449646700e-04;       1328
2.4571446951100e-04;       1328
2.4573446999200e-04;       3924
2.4575277112000e-04;       3924
2.4577277140700e-04;       6520
2.4579107334900e-04;       6520
2.4581106562700e-04;       3876
2.4582937383400e-04;       3876
2.4584937403900e-04;       6472
2.4586767599300e-04;       6472
2.4588766828800e-04;       9068
2.4590597725400e-04;       9068
2.4592596969500e-04;      -1132
2.4594594302900e-04;      -1132
2.4596427813800e-04;       1464
2.4598424567800e-04;       1464
2.4600257271900e-04;       6376
2.4602254611500e-04;       6376
2.4604088115800e-04;       1416
2.4606084859700e-04;       1416
2.4607917573400e-04;       4012
2.4609915020100e-04;       4012
2.4611747736200e-04;       1368
2.4613745069700e-04;       1368
2.4615745092200e-04;       3964
2.4617575312400e-04;       3964
2.4619574539300e-04;       1320
2.4621405351800e-04;       1320
2.4623405377200e-04;       3916
2.4625235474700e-04;       3916
2.4627235509500e-04;       6512
2.4629065712300e-04;       6512
2.4631064946400e-04;       3868
2.4633062287000e-04;       3868
2.4634895792300e-04;       6464
2.4636892516900e-04;       6464
2.4638725233700e-04;       1504
2.4640722654200e-04;       1504
2.4642555364500e-04;      -1140
2.4644552697700e-04;      -1140
2.4646386198300e-04;       1456
2.4648382932400e-04;       1456
2.4650215643300e-04;       6368
2.4652212975200e-04;       6368
2.4654213002100e-04;       1408
2.4656043194200e-04;       1408
2.4658042453400e-04;       4004
2.4659873358300e-04;       4004
2.4661872574400e-04;       1360
2.4663703383200e-04;       1360
2.4665703417600e-04;       3956
2.4667533626200e-04;       3956
2.4669532861800e-04;       1312
2.4671530208100e-04;       1312
2.4673363719000e-04;       3908
2.4675360359600e-04;       3908
2.4677193877400e-04;       6504
2.4679190613700e-04;       6504
2.4681023332700e-04;       3860
2.4683020636700e-04;       3860
2.4684854144600e-04;       6456
2.4686850861600e-04;       6456
2.4688683560400e-04;       9052
2.4690680997100e-04;       9052
2.4692513716700e-04;       6408
2.4694511058700e-04;       6408
2.4696511090800e-04;       1448
2.4698341287600e-04;       1448
2.4700340525800e-04;       6360
2.4702171344900e-04;       6360
2.4704171376600e-04;       1400
2.4706001577900e-04;       1400
2.4708000827100e-04;       3996
2.4709831702600e-04;       3996
2.4711830942000e-04;       1352
2.4713828278400e-04;       1352
2.4715661776400e-04;       3948
2.4717658523100e-04;       3948
2.4719491228600e-04;       1304
2.4721488558600e-04;       1304
2.4723322073800e-04;       3900
2.4725318709400e-04;       3900
2.4727152206800e-04;       6496
2.4729148930000e-04;       6496
2.4730981650900e-04;       3852
2.4732978985600e-04;       3852
2.4734979020800e-04;       6448
2.4736809232500e-04;       6448
2.4738808476100e-04;       9044
2.4740639378700e-04;       9044
2.4742638606000e-04;      -1156
2.4744469402100e-04;      -1156
2.4746469415900e-04;       1440
2.4748299617400e-04;       1440
2.4750298866900e-04;       6352
2.4752296195900e-04;       6352
2.4754129725900e-04;       1392
2.4756126465000e-04;       1392
2.4757959169800e-04;       3988
2.4759956597700e-04;       3988
2.4761789309700e-04;       1344
2.4763786646400e-04;       1344
2.4765620148700e-04;       3940
2.4767616895900e-04;       3940
2.4769449596500e-04;       1296
2.4771446939000e-04;       1296
2.4773446982000e-04;       3892
2.4775277079100e-04;       3892
2.4777277111100e-04;       6488
2.4779107315000e-04;       6488
2.4781106551600e-04;       3844
2.4782937357600e-04;       3844
2.4784937406300e-04;       6440
2.4786767620500e-04;       6440
2.4788766858000e-04;       9036
2.4790597771300e-04;       9036
2.4792596994300e-04;       6392
2.4794594339700e-04;       6392
2.4796427832500e-04;       1432
2.4798424561600e-04;       1432
2.4800257258600e-04;       6344
2.4802254603900e-04;       6344
2.4804088124800e-04;       1384
2.4806084847900e-04;       1384
2.4807917547600e-04;       3980
2.4809914989000e-04;       3980
2.4811747694300e-04;       1336
2.4813745049500e-04;       1336
2.4815745076500e-04;       3932
2.4817575298400e-04;       3932
2.4819574546700e-04;       1288
2.4821405353500e-04;       1288
2.4823405366100e-04;       3884
2.4825235485300e-04;       3884
2.4827235528000e-04;       6480
2.4829065747900e-04;       6480
2.4831064977900e-04;       3836
2.4833062325000e-04;       3836
2.4834895825600e-04;       6432
2.4836892562800e-04;       6432
2.4838725278800e-04;       9028
2.4840722705900e-04;       9028
2.4842555406400e-04;       6384
2.4844552745900e-04;       6384
2.4846386256300e-04;       1424
2.4848383001800e-04;       1424
2.4850215721100e-04;       6336
2.4852213028800e-04;       6336
2.4854213086000e-04;       1376
2.4856043292400e-04;       1376
2.4858042503400e-04;       3972
2.4859873396800e-04;       3972
2.4861872635100e-04;       1328
2.4863703453700e-04;       1328
2.4865703495100e-04;       3924
2.4867533711100e-04;       3924
2.4869532950900e-04;       1280
2.4871530289700e-04;       1280
2.4873363761000e-04;       3876
2.4875360389100e-04;       3876
2.4877193892800e-04;       6472
2.4879190626500e-04;       6472
2.4881023336000e-04;       3828
2.4883020675000e-04;       3828
2.4884854185100e-04;       6424
2.4886850912500e-04;       6424
2.4888683628500e-04;       9020
2.4890681059700e-04;       9020
2.4892513776000e-04;       6376
2.4894511103700e-04;       6376
2.4896511140200e-04;       1416
2.4898341348100e-04;       1416
2.4900340593400e-04;       6328
2.4902171389500e-04;       6328
2.4904171435300e-04;       1368
2.4906001639700e-04;       1368
2.4908000857900e-04;       3964
2.4909831765900e-04;       3964
2.4911830992000e-04;       1320
2.4913828320100e-04;       1320
2.4915661840100e-04;       3916
2.4917658563800e-04;       3916
2.4919491282300e-04;       1272
2.4921488619800e-04;       1272
2.4923322132400e-04;       3868
2.4925318772900e-04;       3868
2.4927152282200e-04;       6464
2.4929149020400e-04;       6464
2.4930981728200e-04;       3820
2.4932979073800e-04;       3820
2.4934979114400e-04;       6416
2.4936809326400e-04;       6416
2.4938808574700e-04;       9012
2.4940639481900e-04;       9012
2.4942638711300e-04;       6368
2.4944469519600e-04;       6368
2.4946469554000e-04;       1408
2.4948299757100e-04;       1408
2.4950298998700e-04;       6320
2.4952296304200e-04;       6320
2.4954129803800e-04;       1360
2.4956126547000e-04;       1360
2.4957959258500e-04;       3956
2.4959956682700e-04;       3956
2.4961789382600e-04;       1312
2.4963786723300e-04;       1312
2.4965620228000e-04;       3908
2.4967616955300e-04;       3908
2.4969449672500e-04;       1264
2.4971447009700e-04;       1264
2.4973447052600e-04;       3860
2.4975277165300e-04;       3860
2.4977277198900e-04;       6456
2.4979107389000e-04;       6456
2.4981106635500e-04;       3812
2.4982937441500e-04;       3812
2.4984937479100e-04;       6408
2.4986767692200e-04;       6408
2.4988766931500e-04;       9004
2.4990597835000e-04;       9004
2.4992597087100e-04;       6360
2.4994594412600e-04;       6360
2.4996427927300e-04;       1400
2.4998424620700e-04;       1400
2.5000257326000e-04;       6312
2.5002254663300e-04;       6312
2.5004088166900e-04;       1352
2.5006084910300e-04;       1352
2.5007917620800e-04;       3948
2.5009915045500e-04;       3948
2.5011747756600e-04;       1304
2.5013745099800e-04;       1304
2.5015745115500e-04;       3900
2.5017575338200e-04;       3900
2.5019574574300e-04;       1256
2.5021405380800e-04;       1256
2.5023405402200e-04;       3852
2.5025235518000e-04;       3852
2.5027235568700e-04;       6448
2.5029065781500e-04;       6448
2.5031065027400e-04;       3804
2.5033062364100e-04;       3804
2.5034895861800e-04;       6400
2.5036892594700e-04;       6400
2.5038725323800e-04;       8996
2.5040722744100e-04;       8996
2.5042555457800e-04;       6352
2.5044552790300e-04;       6352
2.5046386292500e-04;       1392
2.5048383027900e-04;       1392
2.5050215742600e-04;       6304
2.5052213082200e-04;       6304
2.5054213095400e-04;       1344
2.5056043281100e-04;       1344
2.5058042524700e-04;       3940
2.5059873413500e-04;       3940
2.5061872653200e-04;       1296
2.5063703452700e-04;       1296
2.5065703498900e-04;       3892
2.5067533721700e-04;       3892
2.5069532942300e-04;       1248
2.5071530284100e-04;       1248
2.5073363791900e-04;       3844
2.5075360432300e-04;       3844
2.5077193946000e-04;       6440
2.5079190679100e-04;       6440
2.5081023384200e-04;       3796
2.5083020694600e-04;       3796
2.5084854205200e-04;       6392
2.5086850940000e-04;       6392
2.5088683657900e-04;      -3808
2.5090681089700e-04;      -3808
2.5092513787600e-04;      -1212
2.5094511139500e-04;      -1212
2.5096511167800e-04;       1384
2.5098341366000e-04;       1384
2.5100340605100e-04;       6296
2.5102171419500e-04;       6296
2.5104171458300e-04;       1336
2.5106001669700e-04;       1336
2.5108000894700e-04;       3932
2.5109831805700e-04;       3932
2.5111831050300e-04;       1288
2.5113828375700e-04;       1288
2.5115661889900e-04;       3884
2.5117658617800e-04;       3884
2.5119491311000e-04;       1240
2.5121488665600e-04;       1240
2.5123322174000e-04;       3836
2.5125318831200e-04;       3836
2.5127152320800e-04;       6432
2.5129149062200e-04;       6432
2.5130981779500e-04;       3788
2.5132979096400e-04;       3788
2.5134979140600e-04;       6384
2.5136809332600e-04;       6384
2.5138808559300e-04;       8980
2.5140639471300e-04;       8980
2.5142638721400e-04;       6336
2.5144469537600e-04;       6336
2.5146469588200e-04;       1376
2.5148299783300e-04;       1376
2.5150299023700e-04;       6288
2.5152296345000e-04;       6288
2.5154129863800e-04;       1328
2.5156126602600e-04;       1328
2.5157959307000e-04;       3924
2.5159956735500e-04;       3924
2.5161789445200e-04;       1280
2.5163786777000e-04;       1280
2.5165620293800e-04;       3876
2.5167617034300e-04;       3876
2.5169449738200e-04;       1232
2.5171447088800e-04;       1232
2.5173447118900e-04;       3828
2.5175277223000e-04;       3828
2.5177277281100e-04;       6424
2.5179107498100e-04;       6424
2.5181106741300e-04;       3780
2.5182937532100e-04;       3780
2.5184937560600e-04;       6376
2.5186767765100e-04;       6376
2.5188767011200e-04;       8972
2.5190597905100e-04;       8972
2.5192597126700e-04;       6328
2.5194594470200e-04;       6328
2.5196427973600e-04;       1368
2.5198424706400e-04;       1368
2.5200257416100e-04;       6280
2.5202254765800e-04;       6280
2.5204088274500e-04;       1320
2.5206085007200e-04;       1320
2.5207917735100e-04;       3916
2.5209915172900e-04;       3916
2.5211747885500e-04;       1272
2.5213745207300e-04;       1272
2.5215745254700e-04;       3868
2.5217575467000e-04;       3868
2.5219574711000e-04;       1224
2.5221405510000e-04;       1224
2.5223405539500e-04;       3820
2.5225235643500e-04;       3820
2.5227235693200e-04;       6416
2.5229065887600e-04;       6416
2.5231065124700e-04;       3772
2.5233062473200e-04;       3772
2.5234895986600e-04;       6368
2.5236892714400e-04;       6368
2.5238725398900e-04;       8964
2.5240722844700e-04;       8964
2.5242555550200e-04;      -1236
2.5244552889300e-04;      -1236
2.5246386393600e-04;       1360
2.5248383115100e-04;       1360
2.5250215812100e-04;       6272
2.5252213154700e-04;       6272
2.5254213195900e-04;       1312
2.5256043400100e-04;       1312
2.5258042615200e-04;       3908
2.5259873522700e-04;       3908
2.5261872769300e-04;       1264
2.5263703579800e-04;       1264
2.5265703607100e-04;       3860
2.5267533811400e-04;       3860
2.5269533042300e-04;       1216
2.5271530383800e-04;       1216
2.5273363887900e-04;       3812
2.5275360526900e-04;       3812
2.5277194034300e-04;       6408
2.5279190787000e-04;       6408
2.5281023513000e-04;       3764
2.5283020819700e-04;       3764
2.5284854343100e-04;       6360
2.5286851071700e-04;       6360
2.5288683775700e-04;       8956
2.5290681218000e-04;       8956
2.5292513925800e-04;       6312
2.5294511253400e-04;       6312
2.5296511287700e-04;       1352
2.5298341488400e-04;       1352
2.5300340720300e-04;       6264
2.5302171535100e-04;       6264
2.5304171576100e-04;       1304
2.5306001779700e-04;       1304
2.5308001019900e-04;       3900
2.5309831929500e-04;       3900
2.5311831167000e-04;       1256
2.5313828511000e-04;       1256
2.5315662015300e-04;       3852
2.5317658737900e-04;       3852
2.5319491450200e-04;       1208
2.5321488787600e-04;       1208
2.5323322289200e-04;       3804
2.5325318923300e-04;       3804
2.5327152437200e-04;       6400
2.5329149176600e-04;       6400
2.5330981868300e-04;       3756
2.5332979206800e-04;       3756
2.5334979249600e-04;       6352
2.5336809473500e-04;       6352
2.5338808698800e-04;       8948
2.5340639615400e-04;       8948
2.5342638862100e-04;       6304
2.5344469673100e-04;       6304
2.5346469714700e-04;       8900
2.5348299923100e-04;       8900
2.5350299174600e-04;       6256
2.5352296510100e-04;       6256
2.5354130020100e-04;       1296
2.5356126737400e-04;       1296
2.5357959447300e-04;       3892
2.5359956889500e-04;       3892
2.5361789595200e-04;       1248
2.5363786932200e-04;       1248
2.5365620452800e-04;       3844
2.5367617196600e-04;       3844
2.5369449909500e-04;       1200
2.5371447245300e-04;       1200
2.5373447284300e-04;       3796
2.5375277378700e-04;       3796
2.5377277382500e-04;       6392
2.5379107600200e-04;       6392
2.5381106842000e-04;       3748
2.5382937651800e-04;       3748
2.5384937680100e-04;       6344
2.5386767897500e-04;       6344
2.5388767139300e-04;       8940
2.5390598037400e-04;       8940
2.5392597260100e-04;       6296
2.5394594596900e-04;       6296
2.5396428112700e-04;       8892
2.5398424844500e-04;       8892
2.5400257556000e-04;       6248
2.5402254883400e-04;       6248
2.5404088390400e-04;       8844
2.5406085115200e-04;       8844
2.5407917826000e-04;       3884
2.5409915243300e-04;       3884
2.5411747962100e-04;       1240
2.5413745268700e-04;       1240
2.5415745294000e-04;       3836
2.5417575504000e-04;       3836
2.5419574726800e-04;       1192
2.5421405544800e-04;       1192
2.5423405567700e-04;       3788
2.5425235684000e-04;       3788
2.5427235712900e-04;       6384
2.5429065929700e-04;       6384
2.5431065164100e-04;       3740
2.5433062476500e-04;       3740
2.5434895979900e-04;       6336
2.5436892706900e-04;       6336
2.5438725419300e-04;       8932
2.5440722861700e-04;       8932
2.5442555562200e-04;       6288
2.5444552912800e-04;       6288
2.5446386428200e-04;       1328
2.5448383167000e-04;       1328
2.5450215875100e-04;       6240
2.5452213221900e-04;       6240
2.5454213253400e-04;       8836
2.5456043471800e-04;       8836
2.5458042702800e-04;       3876
2.5459873611000e-04;       3876
2.5461872855200e-04;       1232
2.5463703666300e-04;       1232
2.5465703707100e-04;       3828
2.5467533913100e-04;       3828
2.5469533147500e-04;       1184
2.5471530505400e-04;       1184
2.5473363997400e-04;       3780
2.5475360627500e-04;       3780
2.5477194133900e-04;       6376
2.5479190863800e-04;       6376
2.5481023580400e-04;       3732
2.5483020915700e-04;       3732
2.5484854425000e-04;       6328
2.5486851139500e-04;       6328
2.5488683865900e-04;       8924
2.5490681290100e-04;       8924
2.5492514013000e-04;       6280
2.5494511337600e-04;       6280
2.5496511356800e-04;       1320
2.5498341569000e-04;       1320
2.5500340810300e-04;       6232
2.5502171627600e-04;       6232
2.5504171666000e-04;       1272
2.5506001879900e-04;       1272
2.5508001122200e-04;       3868
2.5509832025600e-04;       3868
2.5511831252300e-04;       8780
2.5513828564100e-04;       8780
2.5515662074400e-04;       3820
2.5517658831800e-04;       3820
2.5519491541100e-04;       1176
2.5521488899100e-04;       1176
2.5523322405400e-04;       3772
2.5525319025400e-04;       3772
2.5527152540300e-04;       6368
2.5529149274200e-04;       6368
2.5530981987500e-04;       3724
2.5532979327200e-04;       3724
2.5534979353200e-04;       6320
2.5536809581200e-04;       6320
2.5538808822500e-04;       8916
2.5540639712300e-04;       8916
2.5542638962100e-04;       6272
2.5544469750000e-04;       6272
2.5546469790300e-04;       8868
2.5548299990100e-04;       8868
2.5550299233100e-04;       6224
2.5552296558500e-04;       6224
2.5554130078100e-04;       8820
2.5556126820200e-04;       8820
2.5557959514200e-04;       3860
2.5559956959300e-04;       3860
2.5561789677900e-04;       8772
2.5563787012300e-04;       8772
2.5565620507500e-04;       3812
2.5567617245200e-04;       3812
2.5569449967000e-04;       1168
2.5571447305500e-04;       1168
2.5573447344900e-04;       3764
2.5575277449900e-04;       3764
2.5577277478800e-04;       6360
2.5579107681800e-04;       6360
2.5581106927000e-04;       3716
2.5582937723300e-04;       3716
2.5584937758500e-04;       6312
2.5586767977400e-04;       6312
2.5588767202600e-04;       8908
2.5590598105500e-04;       8908
2.5592597327700e-04;       6264
2.5594594659000e-04;       6264
2.5596428173100e-04;       8860
2.5598424904200e-04;       8860
2.5600257617500e-04;       6216
2.5602254950400e-04;       6216
2.5604088454600e-04;       8812
2.5606085197900e-04;       8812
2.5607917915400e-04;       3852
2.5609915326100e-04;       3852
2.5611748035700e-04;       1208
2.5613745375700e-04;       1208
2.5615745417300e-04;       3804
2.5617575613500e-04;       3804
2.5619574847300e-04;       1160
2.5621405661600e-04;       1160
2.5623405693200e-04;       3756
2.5625235796600e-04;       3756
2.5627235831900e-04;       6352
2.5629066044400e-04;       6352
2.5631065272400e-04;       3708
2.5633062596100e-04;       3708
2.5634896099400e-04;       6304
2.5636892834400e-04;       6304
2.5638725518900e-04;       8900
2.5640722963100e-04;       8900
2.5642555661900e-04;       6256
2.5644553020300e-04;       6256
2.5646386530200e-04;       8852
2.5648383261600e-04;       8852
2.5650215971900e-04;       6208
2.5652213295800e-04;       6208
2.5654213332500e-04;       1248
2.5656043532900e-04;       1248
2.5658042789900e-04;       3844
2.5659873669300e-04;       3844
2.5661872913100e-04;       1200
2.5663703697000e-04;       1200
2.5665703721000e-04;       3796
2.5667533929900e-04;       3796
2.5669533170500e-04;       1152
2.5671530504100e-04;       1152
2.5673364024000e-04;       3748
2.5675360650400e-04;       3748
2.5677194135500e-04;       6344
2.5679190870000e-04;       6344
2.5681023578300e-04;       3700
2.5683020918500e-04;       3700
2.5684854406000e-04;       6296
2.5686851130500e-04;       6296
2.5688683840600e-04;       8892
2.5690681269100e-04;       8892
2.5692513982500e-04;       6248
2.5694511323600e-04;       6248
2.5696511372700e-04;       1288
2.5698341574000e-04;       1288
2.5700340813900e-04;       6200
2.5702171620200e-04;       6200
2.5704171645300e-04;       8796
2.5706001852100e-04;       8796
2.5708001098600e-04;       3836
2.5709832008300e-04;       3836
2.5711831233400e-04;       1192
2.5713828557500e-04;       1192
2.5715662067600e-04;       3788
2.5717658806600e-04;       3788
2.5719491524800e-04;       1144
2.5721488843600e-04;       1144
2.5723322354000e-04;       3740
2.5725318985000e-04;       3740
2.5727152492400e-04;       6336
2.5729149235600e-04;       6336
2.5730981940800e-04;       3692
2.5732979277400e-04;       3692
2.5734979321000e-04;       6288
2.5736809514700e-04;       6288
2.5738808748500e-04;       8884
2.5740639666000e-04;       8884
2.5742638903500e-04;       6240
2.5744469715700e-04;       6240
2.5746469745600e-04;       1280
2.5748299930400e-04;       1280
2.5750299175900e-04;       6192
2.5752296503400e-04;       6192
2.5754129987900e-04;       1232
2.5756126742400e-04;       1232
2.5757959420700e-04;       3828
2.5759956839200e-04;       3828
2.5761789564100e-04;       1184
2.5763786897400e-04;       1184
2.5765620384200e-04;       3780
2.5767617111100e-04;       3780
2.5769449817900e-04;       1136
2.5771447168400e-04;       1136
2.5773447200800e-04;       3732
2.5775277314200e-04;       3732
2.5777277342200e-04;       6328
2.5779107518600e-04;       6328
2.5781106755100e-04;       3684
2.5782937560700e-04;       3684
2.5784937600500e-04;       6280
2.5786767811800e-04;       6280
2.5788767022800e-04;       8876
2.5790597924300e-04;       8876
2.5792597171400e-04;       6232
2.5794594500400e-04;       6232
2.5796428008100e-04;       1272
2.5798424732200e-04;       1272
2.5800257452000e-04;       6184
2.5802254786200e-04;       6184
2.5804088293200e-04;       1224
2.5806085031800e-04;       1224
2.5807917712500e-04;       3820
2.5809915150400e-04;       3820
2.5811747869600e-04;       1176
2.5813745201300e-04;       1176
2.5815745237600e-04;       3772
2.5817575452000e-04;       3772
2.5819574684600e-04;       1128
2.5821405508200e-04;       1128
2.5823405526600e-04;       3724
2.5825235630600e-04;       3724
2.5827235660200e-04;       6320
2.5829065887100e-04;       6320
2.5831065119800e-04;       3676
2.5833062447700e-04;       3676
2.5834895951000e-04;       6272
2.5836892706300e-04;       6272
2.5838725411800e-04;       8868
2.5840722850900e-04;       8868
2.5842555541600e-04;       6224
2.5844552862600e-04;       6224
2.5846386367300e-04;       8820
2.5848383098100e-04;       8820
2.5850215798300e-04;       6176
2.5852213131300e-04;       6176
2.5854213175400e-04;       1216
2.5856043377900e-04;       1216
2.5858042615200e-04;       3812
2.5859873540300e-04;       3812
2.5861872787500e-04;       1168
2.5863703599500e-04;       1168
2.5865703625700e-04;       3764
2.5867533835700e-04;       3764
2.5869533068100e-04;       1120
2.5871530402100e-04;       1120
2.5873363912100e-04;       3716
2.5875360551100e-04;       3716
2.5877194073800e-04;       6312
2.5879190803700e-04;       6312
2.5881023514000e-04;       3668
2.5883020835100e-04;       3668
2.5884854345200e-04;       6264
2.5886851089100e-04;       6264
2.5888683791800e-04;       8860
2.5890681216500e-04;       8860
2.5892513899200e-04;       6216
2.5894511253200e-04;       6216
2.5896511284400e-04;       8812
2.5898341508800e-04;       8812
2.5900340739100e-04;       6168
2.5902171529500e-04;       6168
2.5904171572200e-04;       1208
2.5906001782200e-04;       1208
2.5908001011100e-04;       3804
2.5909831933500e-04;       3804
2.5911831161600e-04;       1160
2.5913828509000e-04;       1160
2.5915662014600e-04;       3756
2.5917658745200e-04;       3756
2.5919491447400e-04;       1112
2.5921488773300e-04;       1112
2.5923322284300e-04;       3708
2.5925318916000e-04;       3708
2.5927152419400e-04;       6304
2.5929149131200e-04;       6304
2.5930981845800e-04;       3660
2.5932979193300e-04;       3660
2.5934979218600e-04;       6256
2.5936809417000e-04;       6256
2.5938808646300e-04;       8852
2.5940639542900e-04;       8852
2.5942638767300e-04;       6208
2.5944469567000e-04;       6208
2.5946469598100e-04;       1248
2.5948299822300e-04;       1248
2.5950299054800e-04;       6160
2.5952296401400e-04;       6160
2.5954129913200e-04;       1200
2.5956126639200e-04;       1200
2.5957959339400e-04;       3796
2.5959956782500e-04;       3796
2.5961789459400e-04;       1152
2.5963786805600e-04;       1152
2.5965620307400e-04;       3748
2.5967617032400e-04;       3748
2.5969449744800e-04;       1104
2.5971447086500e-04;       1104
2.5973447121400e-04;       3700
2.5975277238800e-04;       3700
2.5977277252300e-04;       6296
2.5979107454800e-04;       6296
2.5981106698900e-04;       3652
2.5982937506200e-04;       3652
2.5984937533400e-04;       6248
2.5986767747900e-04;       6248
2.5988766983800e-04;       8844
2.5990597890600e-04;       8844
2.5992597116900e-04;       6200
2.5994594455200e-04;       6200
2.5996427963800e-04;       1240
2.5998424695000e-04;       1240
2.6000257392500e-04;       6152
2.6002254721800e-04;       6152
2.6004088217300e-04;       1192
2.6006084965000e-04;       1192
2.6007917677400e-04;       3788
2.6009915114700e-04;       3788
2.6011747827400e-04;       1144
2.6013745157900e-04;       1144
2.6015745197300e-04;       3740
2.6017575405500e-04;       3740
2.6019574632900e-04;       1096
2.6021405432300e-04;       1096
2.6023405437900e-04;       3692
2.6025235553900e-04;       3692
2.6027235592900e-04;       6288
2.6029065796100e-04;       6288
2.6031065025100e-04;       3644
2.6033062342800e-04;       3644
2.6034895843500e-04;       6240
2.6036892581000e-04;       6240
2.6038725304700e-04;       8836
2.6040722721600e-04;       8836
2.6042555385100e-04;      -1364
2.6044552733500e-04;      -1364
2.6046386205300e-04;       1232
2.6048382943900e-04;       1232
2.6050215641600e-04;       6144
2.6052212993300e-04;       6144
2.6054213007500e-04;       1184
2.6056043201000e-04;       1184
2.6058042432500e-04;       3780
2.6059873338700e-04;       3780
2.6061872572100e-04;       1136
2.6063703361100e-04;       1136
2.6065703399000e-04;       3732
2.6067533596400e-04;       3732
2.6069532829200e-04;       1088
2.6071530157600e-04;       1088
2.6073363642700e-04;       3684
2.6075360278700e-04;       3684
2.6077193793400e-04;       6280
2.6079190502900e-04;       6280
2.6081023211900e-04;       3636
2.6083020544200e-04;       3636
2.6084854048500e-04;       6232
2.6086850767600e-04;       6232
2.6088683471900e-04;       8828
2.6090680925900e-04;       8828
2.6092513640300e-04;       6184
2.6094510970200e-04;       6184
2.6096511020200e-04;       1224
2.6098341234500e-04;       1224
2.6100340477800e-04;       6136
2.6102171291200e-04;       6136
2.6104171304400e-04;       1176
2.6106001522200e-04;       1176
2.6108000762200e-04;       3772
2.6109831668400e-04;       3772
2.6111830906300e-04;       1128
2.6113828243500e-04;       1128
2.6115661756000e-04;       3724
2.6117658491800e-04;       3724
2.6119491208600e-04;       1080
2.6121488512400e-04;       1080
2.6123322021400e-04;       3676
2.6125318656600e-04;       3676
2.6127152168500e-04;       6272
2.6129148907600e-04;       6272
2.6130981611200e-04;       3628
2.6132978939600e-04;       3628
2.6134978972600e-04;       6224
2.6136809186500e-04;       6224
2.6138808398400e-04;       8820
2.6140639300200e-04;       8820
2.6142638537400e-04;      -1380
2.6144469329700e-04;      -1380
2.6146469382000e-04;       1216
2.6148299569000e-04;       1216
2.6150298810800e-04;      -1428
2.6152296151300e-04;      -1428
2.6154129649800e-04;       1168
2.6156126381300e-04;       1168
2.6157959088900e-04;       3764
2.6159956519000e-04;       3764
2.6161789222100e-04;       1120
2.6163786579600e-04;       1120
2.6165620081200e-04;       3716
2.6167616818400e-04;       3716
2.6169449532100e-04;       1072
2.6171446856200e-04;       1072
2.6173446888000e-04;       3668
2.6175277010500e-04;       3668
2.6177277049300e-04;       6264
2.6179107231300e-04;       6264
2.6181106479900e-04;       3620
2.6182937294700e-04;       3620
2.6184937332800e-04;       6216
2.6186767539500e-04;       6216
2.6188766782400e-04;       1256
2.6190597699200e-04;       1256
2.6192596926300e-04;      -1388
2.6194594238400e-04;      -1388
2.6196427715200e-04;       1208
2.6198424455000e-04;       1208
2.6200257163600e-04;       6120
2.6202254496500e-04;       6120
2.6204087998900e-04;       1160
2.6206084721000e-04;       1160
2.6207917433000e-04;       3756
2.6209914855000e-04;       3756
2.6211747568500e-04;       1112
2.6213744894700e-04;       1112
2.6215744924100e-04;       3708
2.6217575114200e-04;       3708
2.6219574328300e-04;       1064
2.6221405137100e-04;       1064
2.6223405162500e-04;       3660
2.6225235263900e-04;       3660
2.6227235305500e-04;       6256
2.6229065509200e-04;       6256
2.6231064723400e-04;       3612
2.6233062054000e-04;       3612
2.6234895557200e-04;       6208
2.6236892306700e-04;       6208
2.6238725016800e-04;      -3992
2.6240722444400e-04;      -3992
2.6242555174800e-04;      -1396
2.6244552508900e-04;      -1396
2.6246386017300e-04;       1200
2.6248382752500e-04;       1200
2.6250215464900e-04;      -1444
2.6252212815800e-04;      -1444
2.6254212814600e-04;       1152
2.6256043032900e-04;       1152
2.6258042258400e-04;       3748
2.6259873168400e-04;       3748
2.6261872386900e-04;       1104
2.6263703221900e-04;       1104
2.6265703248400e-04;       3700
2.6267533453300e-04;       3700
2.6269532717900e-04;       1056
2.6271530059100e-04;       1056
2.6273363568800e-04;       3652
2.6275360189200e-04;       3652
2.6277193682100e-04;       6248
2.6279190417900e-04;       6248
2.6281023125800e-04;       3604
2.6283020443900e-04;       3604
2.6284853944000e-04;       6200
2.6286850689000e-04;       6200
2.6288683386800e-04;       8796
2.6290680698600e-04;       8796
2.6292680735000e-04;      -1404
2.6294510845900e-04;      -1404
2.6296510881000e-04;       1192
2.6298341096100e-04;       1192
2.6300340327000e-04;      -1452
2.6302171125100e-04;      -1452
2.6304171189800e-04;       1144
2.6306001370700e-04;       1144
2.6308000619700e-04;       3740
2.6309831519700e-04;       3740
2.6311830767800e-04;       1096
2.6313828109200e-04;       1096
2.6315661608400e-04;       3692
2.6317658351200e-04;       3692
2.6319491054500e-04;       1048
2.6321488405000e-04;       1048
2.6323321905900e-04;       3644
2.6325318519300e-04;       3644
2.6327152035500e-04;       6240
2.6329148763400e-04;       6240
2.6330981479300e-04;       3596
2.6332978817900e-04;       3596
2.6334978864800e-04;      -1364
2.6336809070300e-04;      -1364
2.6338808297700e-04;      -4008
2.6340639202500e-04;      -4008
2.6342638444800e-04;      -1412
2.6344469255100e-04;      -1412
2.6346469303500e-04;       1184
2.6348299513100e-04;       1184
2.6350298766900e-04;       6096
2.6352296107600e-04;       6096
2.6354129619000e-04;       1136
2.6356126365500e-04;       1136
2.6357959075500e-04;       3732
2.6359956503700e-04;       3732
2.6361789209900e-04;       1088
2.6363786524700e-04;       1088
2.6365620031000e-04;       3684
2.6367616751200e-04;       3684
2.6369449465700e-04;       1040
2.6371446798600e-04;       1040
2.6373446839900e-04;       3636
2.6375276944400e-04;       3636
2.6377277002100e-04;       6232
2.6379107213100e-04;       6232
2.6381106417000e-04;       3588
2.6382937232700e-04;       3588
2.6384937260600e-04;      -1372
2.6386767471400e-04;      -1372
2.6388766694800e-04;       1224
2.6390764052000e-04;       1224
2.6392597555700e-04;      -1420
2.6394594181000e-04;      -1420
2.6396427693300e-04;       1176
2.6398424440200e-04;       1176
2.6400257137600e-04;      -1468
2.6402254487600e-04;      -1468
2.6404087998700e-04;       1128
2.6406084733500e-04;       1128
2.6407917443800e-04;       3724
2.6409914890600e-04;       3724
2.6411747599400e-04;       1080
2.6413744932900e-04;       1080
2.6415744962500e-04;       3676
2.6417575176000e-04;       3676
2.6419574412200e-04;       1032
2.6421405195900e-04;       1032
2.6423405228000e-04;       3628
2.6425235333100e-04;       3628
2.6427235361900e-04;       6224
2.6429065566700e-04;       6224
2.6431064805200e-04;       3580
2.6433062166500e-04;       3580
2.6434895662800e-04;       6176
2.6436892371100e-04;       6176
2.6438725073800e-04;      -4024
2.6440722510800e-04;      -4024
2.6442555231300e-04;      -1428
2.6444552553600e-04;      -1428
2.6446386078800e-04;       1168
2.6448382794500e-04;       1168
2.6450215505900e-04;       6080
2.6452212824600e-04;       6080
2.6454212870100e-04;       1120
2.6456043079300e-04;       1120
2.6458042301600e-04;       3716
2.6459873212300e-04;       3716
2.6461872435100e-04;       1072
2.6463703233900e-04;       1072
2.6465703231700e-04;       3668
2.6467533440100e-04;       3668
2.6469532657300e-04;       1024
2.6471530007600e-04;       1024
2.6473363498600e-04;       3620
2.6475360120300e-04;       3620
2.6477193643800e-04;       6216
2.6479190384300e-04;       6216
2.6481023100400e-04;       3572
2.6483020455800e-04;       3572
2.6484853965500e-04;       6168
2.6486850681500e-04;       6168
2.6488683402700e-04;      -4032
2.6490680730000e-04;      -4032
2.6492680765400e-04;      -1436
2.6494510876700e-04;      -1436
2.6496510906900e-04;       1160
2.6498341120600e-04;       1160
2.6500340334400e-04;      -1484
2.6502171155700e-04;      -1484
2.6504171187600e-04;       1112
2.6506001399500e-04;       1112
2.6508000619400e-04;       3708
2.6509831533800e-04;       3708
2.6511830767600e-04;       1064
2.6513828111700e-04;       1064
2.6515661605600e-04;       3660
2.6517658337800e-04;       3660
2.6519491033100e-04;       1016
2.6521488371800e-04;       1016
2.6523321871900e-04;       3612
2.6525318515600e-04;       3612
2.6527152028500e-04;       6208
2.6529148753500e-04;       6208
2.6530981457200e-04;       3564
2.6532978800000e-04;       3564
2.6534978819500e-04;       6160
2.6536809041600e-04;       6160
2.6538808297200e-04;      -4040
2.6540639198900e-04;      -4040
2.6542638436200e-04;      -1444
2.6544469217500e-04;      -1444
2.6546469261600e-04;       1152
2.6548299453300e-04;       1152
2.6550298699700e-04;       6064
2.6552296003900e-04;       6064
2.6554129520200e-04;       1104
2.6556126248600e-04;       1104
2.6557958948200e-04;       3700
2.6559956378600e-04;       3700
2.6561789086000e-04;       1056
2.6563786438200e-04;       1056
2.6565619947400e-04;       3652
2.6567616653800e-04;       3652
2.6569449368200e-04;       1008
2.6571446719600e-04;       1008
2.6573446736400e-04;       3604
2.6575276825200e-04;       3604
2.6577276870200e-04;       6200
2.6579107065100e-04;       6200
2.6581106299700e-04;       3556
2.6582937104200e-04;       3556
2.6584937148200e-04;      -1404
2.6586767373500e-04;      -1404
2.6588766615900e-04;      -4048
2.6590763939500e-04;      -4048
2.6592597417900e-04;      -1452
2.6594594053600e-04;      -1452
2.6596427558600e-04;       1144
2.6598424302900e-04;       1144
2.6600257009400e-04;      -1500
2.6602254337000e-04;      -1500
2.6604087846600e-04;       1096
2.6606084570500e-04;       1096
2.6607917282400e-04;       3692
2.6609914696800e-04;       3692
2.6611747398900e-04;       1048
2.6613744733700e-04;       1048
2.6615744752900e-04;       3644
2.6617574969300e-04;       3644
2.6619574191100e-04;       1000
2.6621405005000e-04;       1000
2.6623405046600e-04;       3596
2.6625235148800e-04;       3596
2.6627235184500e-04;       6192
2.6629065405600e-04;       6192
2.6631064632400e-04;       3548
2.6633061966700e-04;       3548
2.6634895463900e-04;       6144
2.6636892173600e-04;       6144
2.6638724865800e-04;      -4056
2.6640722203200e-04;      -4056
2.6642555712300e-04;      -1460
2.6644552349000e-04;      -1460
2.6646385858100e-04;       1136
2.6648382603300e-04;       1136
2.6650215303000e-04;      -1508
2.6652212636400e-04;      -1508
2.6654212675900e-04;       1088
2.6656042872100e-04;       1088
2.6658042083700e-04;       3684
2.6659872999200e-04;       3684
2.6661872253100e-04;       1040
2.6663703045800e-04;       1040
2.6665703077500e-04;       3636
2.6667533258100e-04;       3636
2.6669532483200e-04;        992
2.6671529839100e-04;        992
2.6673363347200e-04;       3588
2.6675359994300e-04;       3588
2.6677193514400e-04;      -1372
2.6679190247600e-04;      -1372
2.6681022945200e-04;       3540
2.6683020290200e-04;       3540
2.6684853817800e-04;      -1420
2.6686850564600e-04;      -1420
2.6688683272200e-04;      -4064
2.6690680590800e-04;      -4064
2.6692680625100e-04;      -1468
2.6694510726600e-04;      -1468
2.6696510780500e-04;       1128
2.6698340986600e-04;       1128
2.6700340206600e-04;      -1516
2.6702171027100e-04;      -1516
2.6704171057200e-04;       1080
2.6706001249000e-04;       1080
2.6708000480500e-04;       3676
2.6709831369400e-04;       3676
2.6711830590300e-04;       1032
2.6713827944600e-04;       1032
2.6715661466000e-04;      -3928
2.6717658199900e-04;      -3928
2.6719490918400e-04;        984
2.6721488246000e-04;        984
2.6723321764800e-04;       3580
2.6725318375800e-04;       3580
2.6727151873500e-04;       6176
2.6729148629900e-04;       6176
2.6730981338200e-04;       3532
2.6732978694400e-04;       3532
2.6734978733200e-04;       6128
2.6736808945300e-04;       6128
2.6738808168200e-04;      -4072
2.6740639080700e-04;      -4072
2.6742638315200e-04;      -1476
2.6744469095400e-04;      -1476
2.6746469140600e-04;       1120
2.6748299312300e-04;       1120
2.6750298522900e-04;      -1524
2.6752295849600e-04;      -1524
2.6754129352500e-04;       1072
2.6756126075900e-04;       1072
2.6757958783300e-04;       3668
2.6759956229300e-04;       3668
2.6761788961000e-04;       1024
2.6763786290300e-04;       1024
2.6765619823100e-04;      -3936
2.6767616556300e-04;      -3936
2.6769449265800e-04;        976
2.6771446585400e-04;        976
2.6773446634400e-04;       3572
2.6775276748300e-04;       3572
2.6777276769500e-04;       6168
2.6779106979100e-04;       6168
2.6781106211400e-04;       3524
2.6782937029800e-04;       3524
2.6784937069900e-04;      -1436
2.6786767298700e-04;      -1436
2.6788766533500e-04;      -4080
2.6790763864600e-04;      -4080
2.6792597381100e-04;      -1484
2.6794593996500e-04;      -1484
2.6796427509500e-04;       1112
2.6798424218500e-04;       1112
2.6800256934400e-04;      -1532
2.6802254247100e-04;      -1532
2.6804087766800e-04;       1064
2.6806084494400e-04;       1064
2.6807917204600e-04;       3660
2.6809914645900e-04;       3660
2.6811747361700e-04;       1016
2.6813744707900e-04;       1016
2.6815744736500e-04;       3612
2.6817574966100e-04;       3612
2.6819574194300e-04;        968
2.6821405012900e-04;        968
2.6823405037900e-04;       3564
2.6825235148800e-04;       3564
2.6827235204200e-04;      -1396
2.6829065405900e-04;      -1396
2.6831064630900e-04;       3516
2.6833061964900e-04;       3516
2.6834895466700e-04;      -1444
2.6836892216400e-04;      -1444
2.6838724928400e-04;      -4088
2.6840722377000e-04;      -4088
2.6842555089700e-04;      -1492
2.6844552435500e-04;      -1492
2.6846385932400e-04;       1104
2.6848382684600e-04;       1104
2.6850215379900e-04;      -1540
2.6852212726400e-04;      -1540
2.6854212763500e-04;       1056
2.6856042968500e-04;       1056
2.6858042191900e-04;       3652
2.6859873095600e-04;       3652
2.6861872328700e-04;       1008
2.6863703116500e-04;       1008
2.6865703172100e-04;       3604
2.6867533385900e-04;       3604
2.6869532629500e-04;        960
2.6871529961300e-04;        960
2.6873363445300e-04;       3556
2.6875360066000e-04;       3556
2.6877193582700e-04;       6152
2.6879190316500e-04;       6152
2.6881023031800e-04;       3508
2.6883020356400e-04;       3508
2.6884853869500e-04;      -1452
2.6886850591600e-04;      -1452
2.6888683301800e-04;      -4096
2.6890680654900e-04;      -4096
2.6892680684600e-04;      -1500
2.6894510794100e-04;      -1500
2.6896510831400e-04;       1096
2.6898341047600e-04;       1096
2.6900340277400e-04;      -1548
2.6902171087700e-04;      -1548
2.6904171113400e-04;       1048
2.6906001307700e-04;       1048
2.6908000559800e-04;       3644
2.6909831458000e-04;       3644
2.6911830681000e-04;       1000
2.6913828017900e-04;       1000
2.6915661524200e-04;       3596
2.6917658274200e-04;       3596
2.6919490984100e-04;        952
2.6921488320200e-04;        952
2.6923321800900e-04;       3548
2.6925318409100e-04;       3548
2.6927151940000e-04;       6144
2.6929148668000e-04;       6144
2.6930981363100e-04;       3500
2.6932978708400e-04;       3500
2.6934978754500e-04;      -1460
2.6936808958600e-04;      -1460
2.6938808191100e-04;      -4104
2.6940638992600e-04;      -4104
2.6942639021000e-04;      -1508
2.6944469105500e-04;      -1508
2.6946469136900e-04;       1088
2.6948299358200e-04;       1088
2.6950298592400e-04;      -1556
2.6952295918400e-04;      -1556
2.6954129427700e-04;       1040
2.6956126153300e-04;       1040
2.6957958868200e-04;       3636
2.6959956300700e-04;       3636
2.6961789014400e-04;        992
2.6963786336800e-04;        992
2.6965619845100e-04;       3588
2.6967616566800e-04;       3588
2.6969449275100e-04;        944
2.6971446620200e-04;        944
2.6973446659600e-04;       3540
2.6975276752800e-04;       3540
2.6977276767100e-04;      -1420
2.6979106981500e-04;      -1420
2.6981106230100e-04;       3492
2.6982937048700e-04;       3492
2.6984937093900e-04;       6088
2.6986767312300e-04;       6088
2.6988766536500e-04;      -4112
2.6990763885500e-04;      -4112
2.6992597390700e-04;      -1516
2.6994594009300e-04;      -1516
2.6996427513600e-04;       1080
2.6998424255700e-04;       1080
2.7000256982500e-04;      -1564
2.7002254327500e-04;      -1564
2.7004087826600e-04;       1032
2.7006084554800e-04;       1032
2.7007917262600e-04;       3628
2.7009914697300e-04;       3628
2.7011747413700e-04;        984
2.7013744763000e-04;        984
2.7015744800000e-04;       3580
2.7017575008400e-04;       3580
2.7019574228200e-04;        936
2.7021405034200e-04;        936
2.7023405077000e-04;       3532
2.7025235174600e-04;       3532
2.7027235220000e-04;      -1428
2.7029065408900e-04;      -1428
2.7031064656100e-04;       3484
2.7033061989300e-04;       3484
2.7034895513900e-04;      -1476
2.7036892248400e-04;      -1476
2.7038724954800e-04;      -4120
2.7040722272900e-04;      -4120
2.7042555785200e-04;      -1524
2.7044552417900e-04;      -1524
2.7046385925200e-04;       1072
2.7048382675600e-04;       1072
2.7050215395600e-04;      -1572
2.7052212726100e-04;      -1572
2.7054212746700e-04;       1024
2.7056042956600e-04;       1024
2.7058042197900e-04;       3620
2.7059873121600e-04;       3620
2.7061872367100e-04;        976
2.7063703168300e-04;        976
2.7065703209900e-04;       3572
2.7067533432500e-04;       3572
2.7069532662200e-04;        928
2.7071530010800e-04;        928
2.7073363523800e-04;       3524
2.7075360140700e-04;       3524
2.7077193664100e-04;       6120
2.7079190405500e-04;       6120
2.7081023095900e-04;       3476
2.7083020450000e-04;       3476
2.7084853944200e-04;      -1484
2.7086850671500e-04;      -1484
2.7088683387600e-04;       8668
2.7090680837600e-04;       8668
2.7092513531400e-04;      -1532
2.7094510874900e-04;      -1532
2.7096510917600e-04;       1064
2.7098341119500e-04;       1064
2.7100340348800e-04;       5976
2.7102171162300e-04;       5976
2.7104171215500e-04;       1016
2.7106001430100e-04;       1016
2.7108000659200e-04;       3612
2.7109831555000e-04;       3612
2.7111830808200e-04;        968
2.7113828130000e-04;        968
2.7115661630800e-04;       3564
2.7117658360900e-04;       3564
2.7119491075000e-04;        920
2.7121488408400e-04;        920
2.7123321908100e-04;       3516
2.7125318549300e-04;       3516
2.7127152030900e-04;       6112
2.7129148789300e-04;       6112
2.7130981489900e-04;       3468
2.7132978848700e-04;       3468
2.7134978881900e-04;      -1492
2.7136809091000e-04;      -1492
2.7138808334400e-04;      -4136
2.7140639217900e-04;      -4136
2.7142638443400e-04;      -1540
2.7144469259800e-04;      -1540
2.7146469277000e-04;       1056
2.7148299459900e-04;       1056
2.7150298673600e-04;      -1588
2.7152296023900e-04;      -1588
2.7154129517700e-04;       1008
2.7156126261900e-04;       1008
2.7157958992400e-04;       3604
2.7159956439700e-04;       3604
2.7161789127200e-04;        960
2.7163786467800e-04;        960
2.7165619950900e-04;       3556
2.7167616676400e-04;       3556
2.7169449377400e-04;        912
2.7171446722400e-04;        912
2.7173446782100e-04;       3508
2.7175276880600e-04;       3508
2.7177276921200e-04;       6104
2.7179107135000e-04;       6104
2.7181106383000e-04;       3460
2.7182937175700e-04;       3460
2.7184937209500e-04;       6056
2.7186767427600e-04;       6056
2.7188766653400e-04;      -4144
2.7190597580300e-04;      -4144
2.7192596811700e-04;      -1548
2.7194594151600e-04;      -1548
2.7196427625900e-04;       1048
2.7198424366700e-04;       1048
2.7200257076600e-04;       5960
2.7202254421200e-04;       5960
2.7204087921100e-04;       1000
2.7206084652300e-04;       1000
2.7207917365700e-04;       3596
2.7209914805100e-04;       3596
2.7211747510300e-04;        952
2.7213744851700e-04;        952
2.7215744911200e-04;       3548
2.7217575101300e-04;       3548
2.7219574336200e-04;        904
2.7221405147500e-04;        904
2.7223405189200e-04;       3500
2.7225235303700e-04;       3500
2.7227235341700e-04;       6096
2.7229065534600e-04;       6096
2.7231064755700e-04;       3452
2.7233062060500e-04;       3452
2.7234895579100e-04;       6048
2.7236892303900e-04;       6048
2.7238725018800e-04;      -4152
2.7240722350200e-04;      -4152
2.7242555843800e-04;      -1556
2.7244552497700e-04;      -1556
2.7246386001600e-04;       1040
2.7248382742100e-04;       1040
2.7250215444400e-04;      -1604
2.7252212774700e-04;      -1604
2.7254212819800e-04;        992
2.7256043029100e-04;        992
2.7258042271600e-04;       3588
2.7259873164700e-04;       3588
2.7261872379600e-04;        944
2.7263703171300e-04;        944
2.7265703197100e-04;       3540
2.7267533414600e-04;       3540
2.7269532658000e-04;        896
2.7271529978400e-04;        896
2.7273363470600e-04;       3492
2.7275360100200e-04;       3492
2.7277193614400e-04;       6088
2.7279190351100e-04;       6088
2.7281023075900e-04;       3444
2.7283020396000e-04;       3444
2.7284853921200e-04;      -1516
2.7286850643300e-04;      -1516
2.7288683355000e-04;       1080
2.7290680805000e-04;       1080
2.7292513482400e-04;      -1564
2.7294510811500e-04;      -1564
2.7296510847700e-04;       1032
2.7298341041500e-04;       1032
2.7300340257600e-04;       5944
2.7302171074300e-04;       5944
2.7304171108800e-04;        984
2.7306001309800e-04;        984
2.7308000552900e-04;       3580
2.7309831446600e-04;       3580
2.7311830681800e-04;        936
2.7313828023300e-04;        936
2.7315661499200e-04;       3532
2.7317658217800e-04;       3532
2.7319490931900e-04;        888
2.7321488263700e-04;        888
2.7323321772800e-04;       3484
2.7325318412700e-04;       3484
2.7327151933100e-04;       6080
2.7329148682900e-04;       6080
2.7330981371100e-04;       3436
2.7332978699000e-04;       3436
2.7334978717900e-04;      -1524
2.7336808931300e-04;      -1524
2.7338808165900e-04;      -4168
2.7340638938200e-04;      -4168
2.7342638969200e-04;      -1572
2.7344469076700e-04;      -1572
2.7346469123000e-04;       1024
2.7348299326100e-04;       1024
2.7350298541300e-04;      -1620
2.7352295864500e-04;      -1620
2.7354129374200e-04;        976
2.7356126127600e-04;        976
2.7357958823900e-04;       3572
2.7359956271100e-04;       3572
2.7361788967300e-04;        928
2.7363786315800e-04;        928
2.7365619822500e-04;       3524
2.7367616557000e-04;       3524
2.7369449261000e-04;        880
2.7371446580400e-04;        880
2.7373446632200e-04;       3476
2.7375276750500e-04;       3476
2.7377276762000e-04;       6072
2.7379106968100e-04;       6072
2.7381106217800e-04;       3428
2.7382937022100e-04;       3428
2.7384937042300e-04;      -1532
2.7386767249800e-04;      -1532
2.7388766497800e-04;      -4176
2.7390763822700e-04;      -4176
2.7392597336500e-04;      -1580
2.7394593979400e-04;      -1580
2.7396427471400e-04;       1016
2.7398424204500e-04;       1016
2.7400256901600e-04;      -1628
2.7402254247300e-04;      -1628
2.7404087750200e-04;        968
2.7406084493000e-04;        968
2.7407917196200e-04;       3564
2.7409914619500e-04;       3564
2.7411747337800e-04;        920
2.7413744669100e-04;        920
2.7415744718800e-04;       3516
2.7417574908900e-04;       3516
2.7419574141800e-04;        872
2.7421404958000e-04;        872
2.7423404995000e-04;       3468
2.7425235122200e-04;       3468
2.7427235150300e-04;      -1492
2.7429065358300e-04;      -1492
2.7431064609200e-04;       3420
2.7433061951100e-04;       3420
2.7434895474000e-04;      -1540
2.7436892193300e-04;      -1540
2.7438724883300e-04;      -4184
2.7440722221900e-04;      -4184
2.7442555715100e-04;      -1588
2.7444552368500e-04;      -1588
2.7446385878300e-04;       1008
2.7448382628300e-04;       1008
2.7450215348600e-04;      -1636
2.7452212689300e-04;      -1636
2.7454212736900e-04;        960
2.7456042955900e-04;        960
2.7458042209300e-04;       3556
2.7459873119500e-04;       3556
2.7461872316000e-04;        912
2.7463703118500e-04;        912
2.7465703162200e-04;       3508
2.7467533361600e-04;       3508
2.7469532590100e-04;        864
2.7471529917500e-04;        864
2.7473363430100e-04;       3460
2.7475360055500e-04;       3460
2.7477193569900e-04;       6056
2.7479190302200e-04;       6056
2.7481023008800e-04;       3412
2.7483020346000e-04;       3412
2.7484853840400e-04;      -1548
2.7486850593500e-04;      -1548
2.7488683295400e-04;      -4192
2.7490680633400e-04;      -4192
2.7492680689300e-04;      -1596
2.7494510787800e-04;      -1596
2.7496510819500e-04;       1000
2.7498341032500e-04;       1000
2.7500340270200e-04;      -1644
2.7502171076300e-04;      -1644
2.7504171112500e-04;        952
2.7506001334400e-04;        952
2.7508000575400e-04;       3548
2.7509831462500e-04;       3548
2.7511830715500e-04;        904
2.7513828064700e-04;        904
2.7515661568800e-04;       3500
2.7517658299700e-04;       3500
2.7519491010900e-04;        856
2.7521488367500e-04;        856
2.7523321879900e-04;       3452
2.7525318492600e-04;       3452
2.7527151995500e-04;       6048
2.7529148678800e-04;       6048
2.7530981393400e-04;       3404
2.7532978740800e-04;       3404
2.7534978798400e-04;       6000
2.7536809015100e-04;       6000
2.7538808251000e-04;       1040
2.7540639134100e-04;       1040
2.7542638383200e-04;      -1604
2.7544469197500e-04;      -1604
2.7546469218700e-04;        992
2.7548299435200e-04;        992
2.7550298672800e-04;       5904
2.7552296007600e-04;       5904
2.7554129524400e-04;        944
2.7556126264100e-04;        944
2.7557958968100e-04;       3540
2.7559956390700e-04;       3540
2.7561789104800e-04;        896
2.7563786431300e-04;        896
2.7565619945000e-04;       3492
2.7567616660800e-04;       3492
2.7569449364200e-04;        848
2.7571446698900e-04;        848
2.7573446744400e-04;       3444
2.7575276850600e-04;       3444
2.7577276878500e-04;       6040
2.7579107095900e-04;       6040
2.7581106329100e-04;       3396
2.7582937119600e-04;       3396
2.7584937149700e-04;      -1564
2.7586767372000e-04;      -1564
2.7588766594000e-04;      -4208
2.7590597496400e-04;      -4208
2.7592596706700e-04;      -1612
2.7594594035300e-04;      -1612
2.7596427535200e-04;        984
2.7598424282400e-04;        984
2.7600257003700e-04;      -1660
2.7602254339700e-04;      -1660
2.7604087840500e-04;        936
2.7606084567000e-04;        936
2.7607917252200e-04;       3532
2.7609914706500e-04;       3532
2.7611747422400e-04;        888
2.7613744753900e-04;        888
2.7615744769500e-04;       3484
2.7617574974300e-04;       3484
2.7619574226200e-04;        840
2.7621405040800e-04;        840
2.7623405094700e-04;       3436
2.7625235179400e-04;       3436
2.7627235224500e-04;       6032
2.7629065433800e-04;       6032
2.7631064654500e-04;       3388
2.7633062001500e-04;       3388
2.7634895505100e-04;       5984
2.7636892215900e-04;       5984
2.7638724928700e-04;      -4216
2.7640722267800e-04;      -4216
2.7642555777600e-04;      -1620
2.7644552424900e-04;      -1620
2.7646385925700e-04;        976
2.7648382623800e-04;        976
2.7650215333200e-04;      -1668
2.7652212673500e-04;      -1668
2.7654212691300e-04;        928
2.7656042918800e-04;        928
2.7658042175000e-04;       3524
2.7659873058300e-04;       3524
2.7661872290400e-04;        880
2.7663703094400e-04;        880
2.7665703107000e-04;       3476
2.7667533325400e-04;       3476
2.7669532542700e-04;        832
2.7671529885800e-04;        832
2.7673363393700e-04;       3428
2.7675360036800e-04;       3428
2.7677193525400e-04;       6024
2.7679190253400e-04;       6024
2.7681022966400e-04;       3380
2.7683020274700e-04;       3380
2.7684853784700e-04;      -1580
2.7686850517000e-04;      -1580
2.7688683236200e-04;      -4224
2.7690680558400e-04;      -4224
2.7692680609000e-04;      -1628
2.7694510707600e-04;      -1628
2.7696510699400e-04;        968
2.7698340900200e-04;        968
2.7700340132000e-04;      -1676
2.7702170923300e-04;      -1676
2.7704170968700e-04;        920
2.7706001159100e-04;        920
2.7708000413000e-04;       3516
2.7709831330600e-04;       3516
2.7711830572900e-04;        872
2.7713827906100e-04;        872
2.7715661403300e-04;       3468
2.7717658129000e-04;       3468
2.7719490824200e-04;        824
2.7721488159700e-04;        824
2.7723321682100e-04;       3420
2.7725318308200e-04;       3420
2.7727151807200e-04;       6016
2.7729148550500e-04;       6016
2.7730981263200e-04;       3372
2.7732978600200e-04;       3372
2.7734978632000e-04;      -1588
2.7736808858200e-04;      -1588
2.7738808095200e-04;      -4232
2.7740638898000e-04;      -4232
2.7742638918200e-04;      -1636
2.7744469017200e-04;      -1636
2.7746469054800e-04;        960
2.7748299283500e-04;        960
2.7750298517300e-04;      -1684
2.7752295876100e-04;      -1684
2.7754129400200e-04;        912
2.7756126139800e-04;        912
2.7757958849700e-04;       3508
2.7759956296000e-04;       3508
2.7761788996800e-04;        864
2.7763786327000e-04;        864
2.7765619826300e-04;       3460
2.7767616544400e-04;       3460
2.7769449262200e-04;        816
2.7771446601600e-04;        816
2.7773446649600e-04;       3412
2.7775276735200e-04;       3412
2.7777276768900e-04;       6008
2.7779106985800e-04;       6008
2.7781106212500e-04;       3364
2.7782937006000e-04;       3364
2.7784937060800e-04;      -1596
2.7786767237200e-04;      -1596
2.7788766485700e-04;      -4240
2.7790763820300e-04;      -4240
2.7792597326200e-04;      -1644
2.7794593940400e-04;      -1644
2.7796427432300e-04;        952
2.7798424171900e-04;        952
2.7800256872800e-04;      -1692
2.7802254230100e-04;      -1692
2.7804087744000e-04;        904
2.7806084476300e-04;        904
2.7807917181000e-04;       3500
2.7809914619500e-04;       3500
2.7811747331600e-04;        856
2.7813744658400e-04;        856
2.7815744692400e-04;       3452
2.7817574872000e-04;       3452
2.7819574119100e-04;        808
2.7821404908300e-04;        808
2.7823404948500e-04;       3404
2.7825235060700e-04;       3404
2.7827235098000e-04;       6000
2.7829065305800e-04;       6000
2.7831064526700e-04;       3356
2.7833061863500e-04;       3356
2.7834895381900e-04;      -1604
2.7836892112400e-04;      -1604
2.7838724807300e-04;      -4248
2.7840722153100e-04;      -4248
2.7842555674600e-04;      -1652
2.7844552295000e-04;      -1652
2.7846385798000e-04;        944
2.7848382535500e-04;        944
2.7850215245700e-04;      -1700
2.7852212584000e-04;      -1700
2.7854212610400e-04;        896
2.7856042824400e-04;        896
2.7858042045300e-04;       3492
2.7859872958000e-04;       3492
2.7861872187400e-04;        848
2.7863702982900e-04;        848
2.7865703018400e-04;      -4112
2.7867533224400e-04;      -4112
2.7869532463300e-04;        800
2.7871529784600e-04;        800
2.7873363304400e-04;      -4160
2.7875359929600e-04;      -4160
2.7877193436700e-04;      -1564
2.7879190149500e-04;      -1564
2.7881022870000e-04;       3348
2.7883020214100e-04;       3348
2.7884853719900e-04;      -1612
2.7886850443900e-04;      -1612
2.7888683128100e-04;      -4256
2.7890680456700e-04;      -4256
2.7892680506600e-04;      -1660
2.7894510619000e-04;      -1660
2.7896510643900e-04;        936
2.7898340863300e-04;        936
2.7900340095300e-04;      -1708
2.7902170906200e-04;      -1708
2.7904170950400e-04;        888
2.7906001164100e-04;        888
2.7908000370700e-04;       3484
2.7909831281900e-04;       3484
2.7911830524200e-04;        840
2.7913827857800e-04;        840
2.7915661375700e-04;       3436
2.7917658108200e-04;       3436
2.7919490814300e-04;        792
2.7921488151900e-04;        792
2.7923321679400e-04;       3388
2.7925318321800e-04;       3388
2.7927151786600e-04;       5984
2.7929148538600e-04;       5984
2.7930981228600e-04;      -4216
2.7932978571800e-04;      -4216
2.7934978589800e-04;      -1620
2.7936808763600e-04;      -1620
2.7938808004000e-04;      -4264
2.7940638818300e-04;      -4264
2.7942638868500e-04;      -1668
2.7944468987300e-04;      -1668
2.7946469046900e-04;        928
2.7948299241000e-04;        928
2.7950298487500e-04;      -1716
2.7952295819900e-04;      -1716
2.7954129310400e-04;        880
2.7956126067200e-04;        880
2.7957958770100e-04;       3476
2.7959956224300e-04;       3476
2.7961788928300e-04;        832
2.7963786253100e-04;        832
2.7965619741100e-04;      -4128
2.7967616465300e-04;      -4128
2.7969449175000e-04;        784
2.7971446521700e-04;        784
2.7973446550900e-04;      -4176
2.7975276677400e-04;      -4176
2.7977276719700e-04;      -1580
2.7979106921100e-04;      -1580
2.7981106178300e-04;      -4224
2.7982936967800e-04;      -4224
2.7984936996500e-04;      -1628
2.7986767193000e-04;      -1628
2.7988766433300e-04;      -4272
2.7990597333900e-04;      -4272
2.7992596585200e-04;      -1676
2.7994593920100e-04;      -1676
2.7996427451400e-04;        920
2.7998424154100e-04;        920
2.8000256867500e-04;      -1724
2.8002254189000e-04;      -1724
2.8004087694300e-04;        872
2.8006084424400e-04;        872
2.8007917146200e-04;       3468
2.8009914599100e-04;       3468
2.8011747310800e-04;        824
2.8013744662000e-04;        824
2.8015744715000e-04;      -4136
2.8017574928500e-04;      -4136
2.8019574163800e-04;        776
2.8021404981800e-04;        776
2.8023405026200e-04;       3372
2.8025235144700e-04;       3372
2.8027235201700e-04;      -1588
2.8029065417500e-04;      -1588
2.8031064672800e-04;       3324
2.8033061977800e-04;       3324
2.8034895482800e-04;       5920
2.8036892207200e-04;       5920
2.8038724910900e-04;      -4280
2.8040722249000e-04;      -4280
2.8042555754200e-04;      -1684
2.8044552404900e-04;      -1684
2.8046385933600e-04;        912
2.8048382652800e-04;        912
2.8050215378000e-04;      -1732
2.8052212735700e-04;      -1732
2.8054212775800e-04;        864
2.8056042972300e-04;        864
2.8058042222400e-04;       3460
2.8059873133800e-04;       3460
2.8061872363100e-04;        816
2.8063703181700e-04;        816
2.8065703221000e-04;       3412
2.8067533426900e-04;       3412
2.8069532651000e-04;        768
2.8071529975900e-04;        768
2.8073363462300e-04;       3364
2.8075360054200e-04;       3364
2.8077193544200e-04;       5960
2.8079190261900e-04;       5960
2.8081022949100e-04;       3316
2.8083020275200e-04;       3316
2.8084853760600e-04;       5912
2.8086850504000e-04;       5912
2.8088683191300e-04;      -4288
2.8090680533600e-04;      -4288
2.8092680580000e-04;      -1692
2.8094510668500e-04;      -1692
2.8096510719600e-04;        904
2.8098340917800e-04;        904
2.8100340175000e-04;      -1740
2.8102170976800e-04;      -1740
2.8104171027400e-04;        856
2.8106001220100e-04;        856
2.8108000460700e-04;       3452
2.8109831375000e-04;       3452
2.8111830598200e-04;        808
2.8113827945700e-04;        808
2.8115661439900e-04;       3404
2.8117658160600e-04;       3404
2.8119490884000e-04;        760
2.8121488204800e-04;        760
2.8123321703700e-04;       3356
2.8125318327300e-04;       3356
2.8127151831800e-04;       5952
2.8129148570100e-04;       5952
2.8130981264400e-04;       3308
2.8132978611700e-04;       3308
2.8134978658500e-04;      -1652
2.8136808830500e-04;      -1652
2.8138808067600e-04;      -4296
2.8140638885100e-04;      -4296
2.8142638920300e-04;      -1700
2.8144469029900e-04;      -1700
2.8146469083000e-04;        896
2.8148299273500e-04;        896
2.8150298505500e-04;      -1748
2.8152295830900e-04;      -1748
2.8154129325800e-04;        848
2.8156126035900e-04;        848
2.8157958756400e-04;       3444
2.8159956178200e-04;       3444
2.8161788888300e-04;        800
2.8163786237000e-04;        800
2.8165619735400e-04;       3396
2.8167616465700e-04;       3396
2.8169449187300e-04;        752
2.8171446505400e-04;        752
2.8173446547900e-04;       3348
2.8175276639900e-04;       3348
2.8177276665100e-04;      -1612
2.8179106858000e-04;      -1612
2.8181106102300e-04;       3300
2.8182936908000e-04;       3300
2.8184936968800e-04;      -1660
2.8186767175500e-04;      -1660
2.8188766391600e-04;      -4304
2.8190763729800e-04;      -4304
2.8192597220100e-04;      -1708
2.8194593856100e-04;      -1708
2.8196427378100e-04;        888
2.8198424130500e-04;        888
2.8200256845500e-04;      -1756
2.8202254196200e-04;      -1756
2.8204087729100e-04;        840
2.8206084452200e-04;        840
2.8207917158100e-04;       3436
2.8209914596600e-04;       3436
2.8211747294700e-04;        792
2.8213744641400e-04;        792
2.8215744662300e-04;       3388
2.8217574869200e-04;       3388
2.8219574074900e-04;        744
2.8221404894900e-04;        744
2.8223404883900e-04;       3340
2.8225234997900e-04;       3340
2.8227235035000e-04;       5936
2.8229065220700e-04;       5936
2.8231064469800e-04;       3292
2.8233061805100e-04;       3292
2.8234895305700e-04;      -1668
2.8236892045200e-04;      -1668
2.8238724764600e-04;      -4312
2.8240722119500e-04;      -4312
2.8242555643200e-04;      -1716
2.8244552263500e-04;      -1716
2.8246385770200e-04;        880
2.8248382521400e-04;        880
2.8250215230800e-04;      -1764
2.8252212547900e-04;      -1764
2.8254212620600e-04;        832
2.8256042793300e-04;        832
2.8258042013100e-04;       3428
2.8259872929900e-04;       3428
2.8261872162800e-04;        784
2.8263702964800e-04;        784
2.8265703007700e-04;       3380
2.8267533221800e-04;       3380
2.8269532478600e-04;        736
2.8271529806800e-04;        736
2.8273363334100e-04;       3332
2.8275359944400e-04;       3332
2.8277193446900e-04;      -1628
2.8279190145100e-04;      -1628
2.8281022860700e-04;       3284
2.8283020235400e-04;       3284
2.8284853740800e-04;      -1676
2.8286850478500e-04;      -1676
2.8288683196500e-04;      -4320
2.8290680546900e-04;      -4320
2.8292680591100e-04;      -1724
2.8294510698700e-04;      -1724
2.8296510736200e-04;        872
2.8298340955500e-04;        872
2.8300340186600e-04;      -1772
2.8302170980800e-04;      -1772
2.8304171007900e-04;        824
2.8306001218700e-04;        824
2.8308000430600e-04;       3420
2.8309831345900e-04;       3420
2.8311830578700e-04;        776
2.8313827907500e-04;        776
2.8315661418600e-04;       3372
2.8317658122500e-04;       3372
2.8319490842600e-04;        728
2.8321488178000e-04;        728
2.8323321683100e-04;       3324
2.8325318340900e-04;       3324
2.8327151851100e-04;      -1636
2.8329148598500e-04;      -1636
2.8330981306900e-04;      -4280
2.8332978615300e-04;      -4280
2.8334978636700e-04;      -1684
2.8336808863300e-04;      -1684
2.8338808115300e-04;       8468
2.8340638915300e-04;       8468
2.8342638946500e-04;      -1732
2.8344469063500e-04;      -1732
2.8346469110900e-04;        864
2.8348299314000e-04;        864
2.8350298544000e-04;      -1780
2.8352295877800e-04;      -1780
2.8354129395900e-04;        816
2.8356126143500e-04;        816
2.8357958820900e-04;       3412
2.8359956257400e-04;       3412
2.8361788978100e-04;        768
2.8363786332700e-04;        768
2.8365619852500e-04;      -4192
2.8367616597200e-04;      -4192
2.8369449318400e-04;        720
2.8371446672400e-04;        720
2.8373446705800e-04;       3316
2.8375276830600e-04;       3316
2.8377276884900e-04;       5912
2.8379107096000e-04;       5912
2.8381106336600e-04;       3268
2.8382937116500e-04;       3268
2.8384937157500e-04;       5864
2.8386767378500e-04;       5864
2.8388766603500e-04;       8460
2.8390597526200e-04;       8460
2.8392596750900e-04;      -1740
2.8394594077300e-04;      -1740
2.8396427569200e-04;        856
2.8398424293800e-04;        856
2.8400257021800e-04;      -1788
2.8402254378300e-04;      -1788
2.8404087897800e-04;        808
2.8406084609800e-04;        808
2.8407917333100e-04;       3404
2.8409914793500e-04;       3404
2.8411747506100e-04;        760
2.8413744852500e-04;        760
2.8415744886100e-04;       3356
2.8417575085100e-04;       3356
2.8419574339700e-04;        712
2.8421405151000e-04;        712
2.8423405196200e-04;       3308
2.8425235306000e-04;       3308
2.8427235352500e-04;       5904
2.8429065564200e-04;       5904
2.8431064808500e-04;       3260
2.8433062149500e-04;       3260
2.8434895660700e-04;       5856
2.8436892400600e-04;       5856
2.8438725109900e-04;       8452
2.8440722526400e-04;       8452
2.8442555220700e-04;      -1748
2.8444552549600e-04;      -1748
2.8446386062100e-04;        848
2.8448382779900e-04;        848
2.8450215496900e-04;      -1796
2.8452212838600e-04;      -1796
2.8454212865600e-04;        800
2.8456043052800e-04;        800
2.8458042303200e-04;       3396
2.8459873200100e-04;       3396
2.8461872440100e-04;        752
2.8463703252400e-04;        752
2.8465703274800e-04;       3348
2.8467533485000e-04;       3348
2.8469532711300e-04;        704
2.8471530057100e-04;        704
2.8473363559500e-04;       3300
2.8475360200900e-04;       3300
2.8477193713400e-04;       5896
2.8479190468200e-04;       5896
2.8481023160400e-04;       3252
2.8483020503200e-04;       3252
2.8484854011300e-04;       5848
2.8486850717600e-04;       5848
2.8488683424400e-04;      -4352
2.8490680872000e-04;      -4352
2.8492513562700e-04;      -1756
2.8494510907000e-04;      -1756
2.8496510934700e-04;        840
2.8498341136700e-04;        840
2.8500340380500e-04;       5752
2.8502171195100e-04;       5752
2.8504171225200e-04;        792
2.8506001445100e-04;        792
2.8508000673500e-04;       3388
2.8509831586100e-04;       3388
2.8511830814800e-04;        744
2.8513828157700e-04;        744
2.8515661655100e-04;       3340
2.8517658396300e-04;       3340
2.8519491096400e-04;        696
2.8521488448900e-04;        696
2.8523321959200e-04;       3292
2.8525318574600e-04;       3292
2.8527152053300e-04;       5888
2.8529148790500e-04;       5888
2.8530981503500e-04;       3244
2.8532978847800e-04;       3244
2.8534978869700e-04;       5840
2.8536809063400e-04;       5840
2.8538808316000e-04;      -4360
2.8540639141600e-04;      -4360
2.8542639185400e-04;      -1764
2.8544469307900e-04;      -1764
2.8546469345800e-04;        832
2.8548299520700e-04;        832
2.8550298737700e-04;       5744
2.8552296077200e-04;       5744
2.8554129569400e-04;        784
2.8556126299600e-04;        784
2.8557958986100e-04;       3380
2.8559956428000e-04;       3380
2.8561789121400e-04;        736
2.8563786464800e-04;        736
2.8565619978800e-04;       3332
2.8567616700400e-04;       3332
2.8569449424000e-04;        688
2.8571446769500e-04;        688
2.8573446808600e-04;       3284
2.8575276917100e-04;       3284
2.8577276932900e-04;       5880
2.8579107140600e-04;       5880
2.8581106381700e-04;       3236
2.8582937174700e-04;       3236
2.8584937198800e-04;       5832
2.8586767403500e-04;       5832
2.8588766647600e-04;        872
2.8590763993500e-04;        872
2.8592597510500e-04;      -1772
2.8594594151400e-04;      -1772
2.8596427661500e-04;        824
2.8598424390000e-04;        824
2.8600257104600e-04;       5736
2.8602254419000e-04;       5736
2.8604087942000e-04;        776
2.8606084658000e-04;        776
2.8607917344000e-04;       3372
2.8609914788800e-04;       3372
2.8611747473100e-04;        728
2.8613744809500e-04;        728
2.8615744841200e-04;       3324
2.8617575060300e-04;       3324
2.8619574308200e-04;        680
2.8621405112700e-04;        680
2.8623405144800e-04;       3276
2.8625235255300e-04;       3276
2.8627235281900e-04;       5872
2.8629065492800e-04;       5872
2.8631064729000e-04;       3228
2.8633062063200e-04;       3228
2.8634895562100e-04;      -1732
2.8636892299100e-04;      -1732
2.8638725016500e-04;      -4376
2.8640722447000e-04;      -4376
2.8642555166900e-04;      -1780
2.8644552511800e-04;      -1780
2.8646386015900e-04;        816
2.8648382743700e-04;        816
2.8650215455700e-04;      -1828
2.8652212811300e-04;      -1828
2.8654212843000e-04;        768
2.8656043056700e-04;        768
2.8658042299100e-04;       3364
2.8659873209800e-04;       3364
2.8661872449600e-04;        720
2.8663703253300e-04;        720
2.8665703284200e-04;       3316
2.8667533491800e-04;       3316
2.8669532724000e-04;        672
2.8671530046200e-04;        672
2.8673363567800e-04;       3268
2.8675360212900e-04;       3268
2.8677193726100e-04;       5864
2.8679190459900e-04;       5864
2.8681023180100e-04;       3220
2.8683020487700e-04;       3220
2.8684853990700e-04;       5816
2.8686850722900e-04;       5816
2.8688683425000e-04;        856
2.8690680747300e-04;        856
2.8692680786900e-04;      -1788
2.8694510881900e-04;      -1788
2.8696510895400e-04;        808
2.8698341106800e-04;        808
2.8700340336400e-04;      -1836
2.8702171147000e-04;      -1836
2.8704171190700e-04;        760
2.8706001393500e-04;        760
2.8708000629600e-04;       3356
2.8709831537400e-04;       3356
2.8711830761400e-04;        712
2.8713828091500e-04;        712
2.8715661605500e-04;       3308
2.8717658324400e-04;       3308
2.8719491054000e-04;        664
2.8721488367600e-04;        664
2.8723321861200e-04;       3260
2.8725318512100e-04;       3260
2.8727152022400e-04;      -1700
2.8729148768100e-04;      -1700
2.8730981466400e-04;       3212
2.8732978808600e-04;       3212
2.8734978845000e-04;       5808
2.8736809057300e-04;       5808
2.8738808301200e-04;      -4392
2.8740639105800e-04;      -4392
2.8742639102200e-04;      -1796
2.8744469220200e-04;      -1796
2.8746469265800e-04;        800
2.8748299475200e-04;        800
2.8750298710000e-04;      -1844
2.8752296056300e-04;      -1844
2.8754129562800e-04;        752
2.8756126297400e-04;        752
2.8757959012600e-04;       3348
2.8759956453700e-04;       3348
2.8761789157200e-04;        704
2.8763786492900e-04;        704
2.8765620000400e-04;       3300
2.8767616735200e-04;       3300
2.8769449432300e-04;        656
2.8771446770200e-04;        656
2.8773446788800e-04;       3252
2.8775276896400e-04;       3252
2.8777276939300e-04;       5848
2.8779107150500e-04;       5848
2.8781106389200e-04;       3204
2.8782937181400e-04;       3204
2.8784937222800e-04;       5800
2.8786767436700e-04;       5800
2.8788766676600e-04;      -4400
2.8790764010700e-04;      -4400
2.8792597515900e-04;      -1804
2.8794594164900e-04;      -1804
2.8796427671000e-04;        792
2.8798424407700e-04;        792
2.8800257090000e-04;      -1852
2.8802254432500e-04;      -1852
2.8804087943200e-04;        744
2.8806084688600e-04;        744
2.8807917398200e-04;       3340
2.8809914821800e-04;       3340
2.8811747540300e-04;        696
2.8813744882400e-04;        696
2.8815744878800e-04;       3292
2.8817575055000e-04;       3292
2.8819574279500e-04;        648
2.8821405099400e-04;        648
2.8823405117100e-04;       3244
2.8825235215000e-04;       3244
2.8827235259600e-04;       5840
2.8829065444900e-04;       5840
2.8831064693300e-04;       3196
2.8833062010000e-04;       3196
2.8834895522300e-04;      -1764
2.8836892235600e-04;      -1764
2.8838724907600e-04;      -4408
2.8840722242300e-04;      -4408
2.8842555737000e-04;      -1812
2.8844552393000e-04;      -1812
2.8846385904100e-04;        784
2.8848382642800e-04;        784
2.8850215321800e-04;      -1860
2.8852212669700e-04;      -1860
2.8854212704700e-04;        736
2.8856042920000e-04;        736
2.8858042121900e-04;       3332
2.8859873027600e-04;       3332
2.8861872277900e-04;        688
2.8863703060800e-04;        688
2.8865703085300e-04;       3284
2.8867533290300e-04;       3284
2.8869532530800e-04;        640
2.8871529890400e-04;        640
2.8873363392800e-04;       3236
2.8875360030700e-04;       3236
2.8877193513400e-04;      -1724
2.8879190237500e-04;      -1724
2.8881022950900e-04;       3188
2.8883020311100e-04;       3188
2.8884853784800e-04;      -1772
2.8886850540600e-04;      -1772
2.8888683254500e-04;      -4416
2.8890680585800e-04;      -4416
2.8892680566900e-04;      -1820
2.8894510627700e-04;      -1820
2.8896510672900e-04;        776
2.8898340886600e-04;        776
2.8900340107800e-04;      -1868
2.8902170919100e-04;      -1868
2.8904170932500e-04;        728
2.8906001140600e-04;        728
2.8908000384400e-04;       3324
2.8909831267100e-04;       3324
2.8911830491800e-04;        680
2.8913827807700e-04;        680
2.8915661322600e-04;       3276
2.8917658063800e-04;       3276
2.8919490785900e-04;        632
2.8921488125800e-04;        632
2.8923321630900e-04;       3228
2.8925318261500e-04;       3228
2.8927151755700e-04;      -1732
2.8929148501300e-04;      -1732
2.8930981198200e-04;      -4376
2.8932978525500e-04;      -4376
2.8934978575300e-04;      -1780
2.8936808781300e-04;      -1780
2.8938808013200e-04;      -4424
2.8940638799800e-04;      -4424
2.8942638816900e-04;      -1828
2.8944468898700e-04;      -1828
2.8946468953900e-04;        768
2.8948299162900e-04;        768
2.8950298409200e-04;      -1876
2.8952295747000e-04;      -1876
2.8954129255800e-04;        720
2.8956125986200e-04;        720
2.8957958688400e-04;       3316
2.8959956134800e-04;       3316
2.8961788859100e-04;        672
2.8963786174500e-04;        672
2.8965619690400e-04;       3268
2.8967616428100e-04;       3268
2.8969449131500e-04;        624
2.8971446475100e-04;        624
2.8973446531300e-04;       3220
2.8975276649800e-04;       3220
2.8977276689500e-04;      -1740
2.8979106896100e-04;      -1740
2.8981106142200e-04;       3172
2.8982936975600e-04;       3172
2.8984936987600e-04;      -1788
2.8986767197900e-04;      -1788
2.8988766454600e-04;      -4432
2.8990597355800e-04;      -4432
2.8992596605500e-04;      -1836
2.8994593921800e-04;      -1836
2.8996427445300e-04;        760
2.8998424179700e-04;        760
2.9000256893100e-04;      -1884
2.9002254226000e-04;      -1884
2.9004087691200e-04;        712
2.9006084422700e-04;        712
2.9007917156500e-04;       3308
2.9009914576400e-04;       3308
2.9011747281400e-04;        664
2.9013744610500e-04;        664
2.9015744663500e-04;       3260
2.9017574868300e-04;       3260
2.9019574115000e-04;        616
2.9021404935400e-04;        616
2.9023404980800e-04;       3212
2.9025235086900e-04;       3212
2.9027235127200e-04;      -1748
2.9029065352000e-04;      -1748
2.9031064604900e-04;       3164
2.9033061912800e-04;       3164
2.9034895425100e-04;       5760
2.9036892163900e-04;       5760
2.9038724863500e-04;        800
2.9040722203500e-04;        800
2.9042555691900e-04;      -1844
2.9044552333500e-04;      -1844
2.9046385848100e-04;        752
2.9048382584500e-04;        752
2.9050215306900e-04;      -1892
2.9052212655300e-04;      -1892
2.9054212691800e-04;        704
2.9056042908300e-04;        704
2.9058042142500e-04;       3300
2.9059873067900e-04;       3300
2.9061872301200e-04;        656
2.9063703118400e-04;        656
2.9065703149800e-04;       3252
2.9067533354100e-04;       3252
2.9069532591000e-04;        608
2.9071529921400e-04;        608
2.9073363431200e-04;       3204
2.9075360072000e-04;       3204
2.9077193580500e-04;       5800
2.9079190328900e-04;       5800
2.9081023049100e-04;       3156
2.9083020371100e-04;       3156
2.9084853878200e-04;      -1804
2.9086850600800e-04;      -1804
2.9088683300300e-04;      -4448
2.9090680639500e-04;      -4448
2.9092680682200e-04;      -1852
2.9094510791200e-04;      -1852
2.9096510818000e-04;        744
2.9098341030000e-04;        744
2.9100340275500e-04;       5656
2.9102171071400e-04;       5656
2.9104171111400e-04;        696
2.9106001320400e-04;        696
2.9108000560300e-04;       3292
2.9109831480500e-04;       3292
2.9111830712200e-04;        648
2.9113828048500e-04;        648
2.9115661570800e-04;       3244
2.9117658307600e-04;       3244
2.9119491025900e-04;        600
2.9121488343300e-04;        600
2.9123321860500e-04;       3196
2.9125318490400e-04;       3196
2.9127152012200e-04;       5792
2.9129148686800e-04;       5792
2.9130981394900e-04;       3148
2.9132978712500e-04;       3148
2.9134978754200e-04;       5744
2.9136808958200e-04;       5744
2.9138808187700e-04;      -4456
2.9140639005000e-04;      -4456
2.9142639022700e-04;      -1860
2.9144469133200e-04;      -1860
2.9146469177400e-04;        736
2.9148299396300e-04;        736
2.9150298634000e-04;      -1908
2.9152295982300e-04;      -1908
2.9154129463400e-04;        688
2.9156126149100e-04;        688
2.9157958846700e-04;       3284
2.9159956302000e-04;       3284
2.9161788990000e-04;        640
2.9163786338000e-04;        640
2.9165619856800e-04;       3236
2.9167616566600e-04;       3236
2.9169449261100e-04;        592
2.9171446600700e-04;        592
2.9173446636500e-04;       3188
2.9175276745100e-04;       3188
2.9177276770600e-04;       5784
2.9179106975600e-04;       5784
2.9181106200100e-04;       3140
2.9182937010200e-04;       3140
2.9184937042500e-04;      -1820
2.9186767260600e-04;      -1820
2.9188766496400e-04;      -4464
2.9190763834000e-04;      -4464
2.9192597352000e-04;      -1868
2.9194593982000e-04;      -1868
2.9196427491900e-04;        728
2.9198424241800e-04;        728
2.9200256916500e-04;      -1916
2.9202254261400e-04;      -1916
2.9204087778800e-04;        680
2.9206084534900e-04;        680
2.9207917243800e-04;       3276
2.9209914686900e-04;       3276
2.9211747412300e-04;        632
2.9213744747000e-04;        632
2.9215744769500e-04;       3228
2.9217574967600e-04;       3228
2.9219574213000e-04;        584
2.9221405036000e-04;        584
2.9223405077200e-04;       3180
2.9225235198400e-04;       3180
2.9227235243100e-04;      -1780
2.9229065460200e-04;      -1780
2.9231064714700e-04;       3132
2.9233062042600e-04;       3132
2.9234895562100e-04;       5728
2.9236892295500e-04;       5728
2.9238725012400e-04;       8324
2.9240722343900e-04;       8324
2.9242555863300e-04;      -1876
2.9244552484000e-04;      -1876
2.9246386001700e-04;        720
2.9248382748200e-04;        720
2.9250215434500e-04;       5632
2.9252212776600e-04;       5632
2.9254212826900e-04;        672
2.9256043033900e-04;        672
2.9258042266500e-04;       3268
2.9259873150600e-04;       3268
2.9261872378000e-04;        624
2.9263703183200e-04;        624
2.9265703237300e-04;       3220
2.9267533413600e-04;       3220
2.9269532628600e-04;        576
2.9271529970200e-04;        576
2.9273363472600e-04;       3172
2.9275360103400e-04;       3172
2.9277193622300e-04;       5768
2.9279190372100e-04;       5768
2.9281023092900e-04;       3124
2.9283020427900e-04;       3124
2.9284853927400e-04;      -1836
2.9286850649200e-04;      -1836
2.9288683364800e-04;      -4480
2.9290680689700e-04;      -4480
2.9292680712400e-04;      -1884
2.9294510828200e-04;      -1884
2.9296510865300e-04;        712
2.9298341078100e-04;        712
2.9300340310500e-04;       5624
2.9302171114800e-04;       5624
2.9304171143800e-04;        664
2.9306001353500e-04;        664
2.9308000560600e-04;       3260
2.9309831474600e-04;       3260
2.9311830716400e-04;        616
2.9313828048300e-04;        616
2.9315661543600e-04;       3212
2.9317658271700e-04;       3212
2.9319490994000e-04;        568
2.9321488342700e-04;        568
2.9323321856000e-04;       3164
2.9325318480000e-04;       3164
2.9327151985900e-04;       5760
2.9329148699100e-04;       5760
2.9330981412600e-04;       3116
2.9332978761000e-04;       3116
2.9334978785100e-04;       5712
2.9336808986300e-04;       5712
2.9338808219200e-04;      -4488
2.9340639026800e-04;      -4488
2.9342639078200e-04;      -1892
2.9344469194400e-04;      -1892
2.9346469200800e-04;        704
2.9348299393900e-04;        704
2.9350298611600e-04;      -1940
2.9352295949300e-04;      -1940
2.9354129459800e-04;        656
2.9356126199200e-04;        656
2.9357958906700e-04;       3252
2.9359956302800e-04;       3252
2.9361788989600e-04;        608
2.9363786338200e-04;        608
2.9365619864300e-04;       3204
2.9367616603900e-04;       3204
2.9369449314200e-04;        560
2.9371446662300e-04;        560
2.9373446698300e-04;       3156
2.9375276808500e-04;       3156
2.9377276854200e-04;       5752
2.9379107051300e-04;       5752
2.9381106293000e-04;       3108
2.9382937117500e-04;       3108
2.9384937173400e-04;      -1852
2.9386767385500e-04;      -1852
2.9388766620400e-04;       8300
2.9390597548400e-04;       8300
2.9392596779100e-04;      -1900
2.9394594124600e-04;      -1900
2.9396427642000e-04;        696
2.9398424361400e-04;        696
2.9400257064800e-04;       5608
2.9402254415700e-04;       5608
2.9404087917500e-04;        648
2.9406084642300e-04;        648
2.9407917354300e-04;       3244
2.9409914791000e-04;       3244
2.9411747503600e-04;        600
2.9413744845700e-04;        600
2.9415744868400e-04;       3196
2.9417575091600e-04;       3196
2.9419574322700e-04;        552
2.9421405130000e-04;        552
2.9423405156600e-04;       3148
2.9425235255800e-04;       3148
2.9427235315400e-04;       5744
2.9429065543800e-04;       5744
2.9431064778300e-04;       3100
2.9433062124700e-04;       3100
2.9434895623300e-04;       5696
2.9436892374500e-04;       5696
2.9438725067200e-04;      -4504
2.9440722389200e-04;      -4504
2.9442555903000e-04;      -1908
2.9444552552700e-04;      -1908
2.9446386073900e-04;        688
2.9448382799600e-04;        688
2.9450215505000e-04;      -1956
2.9452212814000e-04;      -1956
2.9454212863100e-04;        640
2.9456043069000e-04;        640
2.9458042309300e-04;       3236
2.9459873209200e-04;       3236
2.9461872447000e-04;        592
2.9463703278400e-04;        592
2.9465703304200e-04;       3188
2.9467533519500e-04;       3188
2.9469532772100e-04;        544
2.9471530098500e-04;        544
2.9473363612300e-04;       3140
2.9475360265900e-04;       3140
2.9477193783500e-04;       5736
2.9479190537200e-04;       5736
2.9481023240900e-04;       3092
2.9483020562300e-04;       3092
2.9484854100300e-04;       5688
2.9486850853600e-04;       5688
2.9488683559600e-04;        728
2.9490680878700e-04;        728
2.9492680932700e-04;      -1916
2.9494511043300e-04;      -1916
2.9496511048300e-04;        680
2.9498341260900e-04;        680
2.9500340490600e-04;      -1964
2.9502171311800e-04;      -1964
2.9504171358900e-04;        632
2.9506001545300e-04;        632
2.9508000787000e-04;       3228
2.9509831701600e-04;       3228
2.9511830935600e-04;        584
2.9513828297000e-04;        584
2.9515661796400e-04;       3180
2.9517658553600e-04;       3180
2.9519491257200e-04;        536
2.9521488599200e-04;        536
2.9523322098700e-04;       3132
2.9525318718400e-04;       3132
2.9527152186100e-04;       5728
2.9529148941000e-04;       5728
2.9530981624500e-04;       3084
2.9532978965600e-04;       3084
2.9534979021700e-04;       5680
2.9536809247100e-04;       5680
2.9538808493600e-04;       8276
2.9540639406800e-04;       8276
2.9542638654000e-04;      -1924
2.9544469472500e-04;      -1924
2.9546469499000e-04;        672
2.9548299713000e-04;        672
2.9550298950900e-04;       5584
2.9552296308900e-04;       5584
2.9554129816600e-04;        624
2.9556126538500e-04;        624
2.9557959255300e-04;       3220
2.9559956699600e-04;       3220
2.9561789405500e-04;        576
2.9563786736500e-04;        576
2.9565620239800e-04;       3172
2.9567616986900e-04;       3172
2.9569449703800e-04;        528
2.9571447024300e-04;        528
2.9573447084900e-04;       3124
2.9575277201600e-04;       3124
2.9577277242400e-04;       5720
2.9579107455000e-04;       5720
2.9581106703900e-04;       3076
2.9582937513400e-04;       3076
2.9584937528900e-04;       5672
2.9586767740600e-04;       5672
2.9588766973300e-04;       8268
2.9590597860100e-04;       8268
2.9592597101200e-04;       5624
2.9594594435300e-04;       5624
2.9596427922700e-04;        664
2.9598424673200e-04;        664
2.9600257380300e-04;       5576
2.9602254694900e-04;       5576
2.9604088214100e-04;       8172
2.9606084921700e-04;       8172
2.9607917649800e-04;       3212
2.9609915079900e-04;       3212
2.9611747791200e-04;        568
2.9613745143100e-04;        568
2.9615745172600e-04;       3164
2.9617575354400e-04;       3164
2.9619574582800e-04;        520
2.9621405397500e-04;        520
2.9623405416900e-04;       3116
2.9625235528700e-04;       3116
2.9627235570900e-04;       5712
2.9629065783500e-04;       5712
2.9631065033000e-04;       3068
2.9633062362100e-04;       3068
2.9634895892200e-04;       5664
2.9636892612900e-04;       5664
2.9638725332100e-04;       8260
2.9640722759300e-04;       8260
2.9642555481000e-04;       5616
2.9644552809200e-04;       5616
2.9646386313600e-04;        656
2.9648383039900e-04;        656
2.9650215751700e-04;       5568
2.9652213076100e-04;       5568
2.9654213129500e-04;        608
2.9656043346100e-04;        608
2.9658042579300e-04;       3204
2.9659873508900e-04;       3204
2.9661872746700e-04;        560
2.9663703552000e-04;        560
2.9665703579000e-04;       3156
2.9667533777300e-04;       3156
2.9669533025200e-04;        512
2.9671530353200e-04;        512
2.9673363869200e-04;       3108
2.9675360496800e-04;       3108
2.9677194008200e-04;       5704
2.9679190725700e-04;       5704
2.9681023431200e-04;       3060
2.9683020780300e-04;       3060
2.9684854296700e-04;       5656
2.9686851024200e-04;       5656
2.9688683729300e-04;       8252
2.9690681177900e-04;       8252
2.9692513877800e-04;       5608
2.9694511209800e-04;       5608
2.9696511233800e-04;        648
2.9698341448100e-04;        648
2.9700340683300e-04;       5560
2.9702171480200e-04;       5560
2.9704171523300e-04;       8156
2.9706001707300e-04;       8156
2.9708000958400e-04;       3196
2.9709831872900e-04;       3196
2.9711831093000e-04;        552
2.9713828414700e-04;        552
2.9715661926500e-04;       3148
2.9717658668700e-04;       3148
2.9719491383600e-04;        504
2.9721488704100e-04;        504
2.9723322218300e-04;       3100
2.9725318830000e-04;       3100
2.9727152341500e-04;       5696
2.9729149085100e-04;       5696
2.9730981796900e-04;       3052
2.9732979152100e-04;       3052
2.9734979191600e-04;       5648
2.9736809391700e-04;       5648
2.9738808648000e-04;       8244
2.9740639549700e-04;       8244
2.9742638761700e-04;       5600
2.9744469578500e-04;       5600
2.9746469593800e-04;        640
2.9748299814000e-04;        640
2.9750299022500e-04;       5552
2.9752296368600e-04;       5552
2.9754129876400e-04;        592
2.9756126600300e-04;        592
2.9757959312700e-04;       3188
2.9759956763100e-04;       3188
2.9761789472100e-04;        544
2.9763786800200e-04;        544
2.9765620304100e-04;       3140
2.9767617054400e-04;       3140
2.9769449761600e-04;        496
2.9771447088300e-04;        496
2.9773447134400e-04;       3092
2.9775277246600e-04;       3092
2.9777277274900e-04;       5688
2.9779107493800e-04;       5688
2.9781106723500e-04;       3044
2.9782937531200e-04;       3044
2.9784937567700e-04;       5640
2.9786767774300e-04;       5640
2.9788767026800e-04;       8236
2.9790597917000e-04;       8236
2.9792597166300e-04;       5592
2.9794594504800e-04;       5592
2.9796428012600e-04;        632
2.9798424742500e-04;        632
2.9800257445000e-04;       5544
2.9802254778300e-04;       5544
2.9804088293300e-04;        584
2.9806085036700e-04;        584
2.9807917766200e-04;       3180
2.9809915203500e-04;       3180
2.9811747905800e-04;        536
2.9813745272900e-04;        536
2.9815745307300e-04;       3132
2.9817575505000e-04;       3132
2.9819574734100e-04;        488
2.9821405538300e-04;        488
2.9823405574000e-04;       3084
2.9825235676300e-04;       3084
2.9827235721600e-04;       5680
2.9829065924700e-04;       5680
2.9831065169000e-04;       3036
2.9833062471700e-04;       3036
2.9834895972500e-04;       5632
2.9836892718900e-04;       5632
2.9838725405900e-04;       8228
2.9840722838800e-04;       8228
2.9842555553800e-04;       5584
2.9844552897400e-04;       5584
2.9846386403400e-04;        624
2.9848383150700e-04;        624
2.9850215845300e-04;       5536
2.9852213189000e-04;       5536
2.9854213216500e-04;        576
2.9856043426100e-04;        576
2.9858042664200e-04;       3172
2.9859873551100e-04;       3172
2.9861872784900e-04;       8084
2.9863703603900e-04;       8084
2.9865703635500e-04;       3124
2.9867533841500e-04;       3124
2.9869533063600e-04;        480
2.9871530389000e-04;        480
2.9873363906900e-04;       3076
2.9875360547800e-04;       3076
2.9877194050300e-04;       5672
2.9879190794200e-04;       5672
2.9881023492700e-04;       3028
2.9883020812200e-04;       3028
2.9884854322500e-04;       5624
2.9886851074600e-04;       5624
2.9888683776300e-04;       8220
2.9890681225600e-04;       8220
2.9892513948900e-04;       5576
2.9894511283200e-04;       5576
2.9896511299700e-04;        616
2.9898341514600e-04;        616
2.9900340744600e-04;       5528
2.9902171565400e-04;       5528
2.9904171597900e-04;       8124
2.9906001822200e-04;       8124
2.9908001038700e-04;       3164
2.9909831942200e-04;       3164
2.9911831165700e-04;        520
2.9913828483500e-04;        520
2.9915662006700e-04;       3116
2.9917658747700e-04;       3116
2.9919491444200e-04;        472
2.9921488790200e-04;        472
2.9923322317300e-04;       3068
2.9925318954700e-04;       3068
2.9927152455500e-04;       5664
2.9929149187800e-04;       5664
2.9930981883900e-04;       3020
2.9932979245100e-04;       3020
2.9934979273100e-04;       5616
2.9936809489200e-04;       5616
2.9938808733800e-04;       8212
2.9940639631800e-04;       8212
2.9942638860500e-04;       5568
2.9944469671200e-04;       5568
2.9946469717400e-04;        608
2.9948299911700e-04;        608
2.9950299165800e-04;       5520
2.9952296508200e-04;       5520
2.9954130017400e-04;       8116
2.9956126756000e-04;       8116
2.9957959465300e-04;       3156
2.9959956907900e-04;       3156
2.9961789609200e-04;       8068
2.9963786941600e-04;       8068
2.9965620436400e-04;       3108
2.9967617183000e-04;       3108
2.9969449876400e-04;        464
2.9971447222600e-04;        464
2.9973447243200e-04;       3060
2.9975277349400e-04;       3060
2.9977277381500e-04;       5656
2.9979107575400e-04;       5656
2.9981106818000e-04;       3012
2.9982937635100e-04;       3012
2.9984937660400e-04;       5608
2.9986767886100e-04;       5608
2.9988767077900e-04;       8204
2.9990597986500e-04;       8204
2.9992597227700e-04;       5560
2.9994594565200e-04;       5560
2.9996428070400e-04;        600
2.9998424804600e-04;        600
3.0000257523700e-04;       5512
3.0002254861100e-04;       5512
3.0004088366300e-04;       8108
3.0006085108200e-04;       8108
3.0007917831300e-04;       3148
3.0009915259100e-04;       3148
3.0011747949900e-04;       8060
3.0013745273100e-04;       8060
3.0015745302100e-04;       3100
3.0017575522100e-04;       3100
3.0019574772300e-04;        456
3.0021405591800e-04;        456
3.0023405651200e-04;       3052
3.0025235713200e-04;       3052
3.0027235765800e-04;       5648
3.0029065978200e-04;       5648
3.0031065203600e-04;       3004
3.0033062530800e-04;       3004
3.0034896022900e-04;       5600
3.0036892749100e-04;       5600
3.0038725446500e-04;       8196
3.0040722879200e-04;       8196
3.0042555581800e-04;       5552
3.0044552927800e-04;       5552
3.0046386432800e-04;        592
3.0048383163300e-04;        592
3.0050215879700e-04;       5504
3.0052213213200e-04;       5504
3.0054213229600e-04;       8100
3.0056043432800e-04;       8100
3.0058042651300e-04;       3140
3.0059873573300e-04;       3140
3.0061872814700e-04;        496
3.0063703628400e-04;        496
3.0065703651600e-04;       3092
3.0067533867000e-04;       3092
3.0069533100500e-04;        448
3.0071530448900e-04;        448
3.0073363964500e-04;       3044
3.0075360585800e-04;       3044
3.0077194111900e-04;       5640
3.0079190859600e-04;       5640
3.0081023552000e-04;       2996
3.0083020903700e-04;       2996
3.0084854403000e-04;       5592
3.0086851144400e-04;       5592
3.0088683855300e-04;       8188
3.0090681304300e-04;       8188
3.0092514025800e-04;       5544
3.0094511380600e-04;       5544
3.0096511408300e-04;        584
3.0098341622200e-04;        584
3.0100340850500e-04;       5496
3.0102171637700e-04;       5496
3.0104171669500e-04;        536
3.0106001833800e-04;        536
3.0108001068900e-04;       3132
3.0109831983300e-04;       3132
3.0111831228400e-04;        488
3.0113828561400e-04;        488
3.0115662071700e-04;       3084
3.0117658811700e-04;       3084
3.0119491522800e-04;        440
3.0121488852800e-04;        440
3.0123322338400e-04;       3036
3.0125318970200e-04;       3036
3.0127152486600e-04;       5632
3.0129149213200e-04;       5632
3.0130981930900e-04;       2988
3.0132979263600e-04;       2988
3.0134979281100e-04;       5584
3.0136809493800e-04;       5584
3.0138808747400e-04;       8180
3.0140639642100e-04;       8180
3.0142638869900e-04;       5536
3.0144469684700e-04;       5536
3.0146469708800e-04;       8132
3.0148299922800e-04;       8132
3.0150299154000e-04;       5488
3.0152296488600e-04;       5488
3.0154129997000e-04;        528
3.0156126712600e-04;        528
3.0157959414700e-04;       3124
3.0159956862100e-04;       3124
3.0161789569100e-04;        480
3.0163786906100e-04;        480
3.0165620408500e-04;       3076
3.0167617156300e-04;       3076
3.0169449860200e-04;        432
3.0171447199600e-04;        432
3.0173447229500e-04;       3028
3.0175277326800e-04;       3028
3.0177277352500e-04;       5624
3.0179107567200e-04;       5624
3.0181106800900e-04;       2980
3.0182937600400e-04;       2980
3.0184937653400e-04;       5576
3.0186767860300e-04;       5576
3.0188767099700e-04;       8172
3.0190598008300e-04;       8172
3.0192597243800e-04;       5528
3.0194594571500e-04;       5528
3.0196428050000e-04;       8124
3.0198424788300e-04;       8124
3.0200257498100e-04;       5480
3.0202254851500e-04;       5480
3.0204088347300e-04;        520
3.0206085104400e-04;        520
3.0207917798600e-04;       3116
3.0209915238800e-04;       3116
3.0211747960300e-04;        472
3.0213745280400e-04;        472
3.0215745326800e-04;       3068
3.0217575524300e-04;       3068
3.0219574765700e-04;        424
3.0221405572800e-04;        424
3.0223405605700e-04;       3020
3.0225235704700e-04;       3020
3.0227235738300e-04;       5616
3.0229065928600e-04;       5616
3.0231065146700e-04;       2972
3.0233062481000e-04;       2972
3.0234895982500e-04;       5568
3.0236892720400e-04;       5568
3.0238725399800e-04;       8164
3.0240722836900e-04;       8164
3.0242555563700e-04;       5520
3.0244552889100e-04;       5520
3.0246386400100e-04;        560
3.0248383130900e-04;        560
3.0250215848600e-04;       5472
3.0252213192500e-04;       5472
3.0254213220300e-04;        512
3.0256043432200e-04;        512
3.0258042664100e-04;       3108
3.0259873585200e-04;       3108
3.0261872842600e-04;        464
3.0263703651400e-04;        464
3.0265703679400e-04;       3060
3.0267533898300e-04;       3060
3.0269533126700e-04;        416
3.0271530466700e-04;        416
3.0273363973600e-04;       3012
3.0275360604800e-04;       3012
3.0277194126500e-04;       5608
3.0279190857100e-04;       5608
3.0281023577800e-04;       2964
3.0283020916200e-04;       2964
3.0284854403800e-04;       5560
3.0286851124400e-04;       5560
3.0288683826600e-04;       8156
3.0290681267400e-04;       8156
3.0292513946700e-04;       5512
3.0294511291900e-04;       5512
3.0296511321000e-04;       8108
3.0298341515800e-04;       8108
3.0300340729100e-04;       5464
3.0302171521700e-04;       5464
3.0304171545700e-04;       8060
3.0306001748200e-04;       8060
3.0308000983400e-04;       3100
3.0309831872200e-04;       3100
3.0311831128000e-04;        456
3.0313828461400e-04;        456
3.0315661980000e-04;       3052
3.0317658704900e-04;       3052
3.0319491398400e-04;        408
3.0321488723500e-04;        408
3.0323322219200e-04;       3004
3.0325318852900e-04;       3004
3.0327152347100e-04;       5600
3.0329149091500e-04;       5600
3.0330981800000e-04;       2956
3.0332979141500e-04;       2956
3.0334979178500e-04;       5552
3.0336809397700e-04;       5552
3.0338808642800e-04;       8148
3.0340639552300e-04;       8148
3.0342638786500e-04;       5504
3.0344469587200e-04;       5504
3.0346469611400e-04;        544
3.0348299838500e-04;        544
3.0350299059300e-04;       5456
3.0352296383400e-04;       5456
3.0354129893300e-04;        496
3.0356126636000e-04;        496
3.0357959355000e-04;       3092
3.0359956779300e-04;       3092
3.0361789497700e-04;       8004
3.0363786833200e-04;       8004
3.0365620328900e-04;       3044
3.0367617074000e-04;       3044
3.0369449793300e-04;        400
3.0371447137700e-04;        400
3.0373447171400e-04;       2996
3.0375277271100e-04;       2996
3.0377277321500e-04;       5592
3.0379107531200e-04;       5592
3.0381106763900e-04;       2948
3.0382937562800e-04;       2948
3.0384937605300e-04;       5544
3.0386767810000e-04;       5544
3.0388767045800e-04;       8140
3.0390597970900e-04;       8140
3.0392597204700e-04;       5496
3.0394594538200e-04;       5496
3.0396428070100e-04;        536
3.0398424806600e-04;        536
3.0400257523700e-04;       5448
3.0402254877100e-04;       5448
3.0404088387800e-04;       8044
3.0406085110600e-04;       8044
3.0407917797900e-04;       3084
3.0409915235800e-04;       3084
3.0411747960700e-04;        440
3.0413745305100e-04;        440
3.0415745350300e-04;       3036
3.0417575554200e-04;       3036
3.0419574785000e-04;        392
3.0421405584400e-04;        392
3.0423405603200e-04;       2988
3.0425235723600e-04;       2988
3.0427235770400e-04;       5584
3.0429065979100e-04;       5584
3.0431065221400e-04;       2940
3.0433062570400e-04;       2940
3.0434896078600e-04;       5536
3.0436892818300e-04;       5536
3.0438725518000e-04;       8132
3.0440722935700e-04;       8132
3.0442555655900e-04;       5488
3.0444552984900e-04;       5488
3.0446386492200e-04;       8084
3.0448383216400e-04;       8084
3.0450215923600e-04;       5440
3.0452213240700e-04;       5440
3.0454213285200e-04;       8036
3.0456043486900e-04;       8036
3.0458042719000e-04;      10632
3.0459873631000e-04;      10632
3.0461872853600e-04;        432
3.0463703665700e-04;        432
3.0465703703500e-04;       3028
3.0467533896200e-04;       3028
3.0469533130800e-04;        384
3.0471530462500e-04;        384
3.0473363971300e-04;       2980
3.0475360605900e-04;       2980
3.0477194131200e-04;       5576
3.0479190845400e-04;       5576
3.0481023573000e-04;       2932
3.0483020899900e-04;       2932
3.0484854413300e-04;       5528
3.0486851149600e-04;       5528
3.0488683865600e-04;       8124
3.0490681305000e-04;       8124
3.0492514005600e-04;       5480
3.0494511346600e-04;       5480
3.0496511364900e-04;       8076
3.0498341567200e-04;       8076
3.0500340769500e-04;       5432
3.0502171560800e-04;       5432
3.0504171609300e-04;        472
3.0506001823100e-04;        472
3.0508001057200e-04;       3068
3.0509831961300e-04;       3068
3.0511831207700e-04;        424
3.0513828541300e-04;        424
3.0515662050400e-04;       3020
3.0517658782700e-04;       3020
3.0519491484600e-04;        376
3.0521488820900e-04;        376
3.0523322340000e-04;       2972
3.0525318971300e-04;       2972
3.0527152485900e-04;       5568
3.0529149213000e-04;       5568
3.0530981916200e-04;       2924
3.0532979250600e-04;       2924
3.0534979278300e-04;       5520
3.0536809455200e-04;       5520
3.0538808676600e-04;       8116
3.0540639577500e-04;       8116
3.0542638808500e-04;       5472
3.0544469612800e-04;       5472
3.0546469644400e-04;       8068
3.0548299855900e-04;       8068
3.0550299096600e-04;       5424
3.0552296424600e-04;       5424
3.0554129923700e-04;       8020
3.0556126660800e-04;       8020
3.0557959382600e-04;       3060
3.0559956793600e-04;       3060
3.0561789497200e-04;        416
3.0563786829300e-04;        416
3.0565620330800e-04;       3012
3.0567617048900e-04;       3012
3.0569449768300e-04;        368
3.0571447100200e-04;        368
3.0573447135400e-04;       2964
3.0575277237800e-04;       2964
3.0577277265600e-04;       5560
3.0579107475200e-04;       5560
3.0581106715400e-04;       2916
3.0582937537800e-04;       2916
3.0584937560300e-04;       5512
3.0586767756300e-04;       5512
3.0588766986300e-04;       8108
3.0590597914300e-04;       8108
3.0592597162800e-04;       5464
3.0594594506900e-04;       5464
3.0596428024600e-04;       8060
3.0598424754400e-04;       8060
3.0600257468000e-04;       5416
3.0602254803100e-04;       5416
3.0604088299600e-04;        456
3.0606085048700e-04;        456
3.0607917749200e-04;       3052
3.0609915174800e-04;       3052
3.0611747865300e-04;        408
3.0613745214700e-04;        408
3.0615745253100e-04;       3004
3.0617575477000e-04;       3004
3.0619574682500e-04;        360
3.0621405505700e-04;        360
3.0623405536800e-04;       2956
3.0625235660900e-04;       2956
3.0627235695600e-04;       5552
3.0629065907900e-04;       5552
3.0631065123100e-04;       2908
3.0633062456600e-04;       2908
3.0634895970800e-04;       5504
3.0636892728900e-04;       5504
3.0638725447800e-04;       8100
3.0640722870400e-04;       8100
3.0642555570500e-04;       5456
3.0644552917400e-04;       5456
3.0646386425500e-04;        496
3.0648383171300e-04;        496
3.0650215874500e-04;       5408
3.0652213181600e-04;       5408
3.0654213223700e-04;        448
3.0656043436700e-04;        448
3.0658042680600e-04;       3044
3.0659873574800e-04;       3044
3.0661872811000e-04;        400
3.0663703631400e-04;        400
3.0665703672600e-04;       2996
3.0667533850700e-04;       2996
3.0669533067300e-04;        352
3.0671530418000e-04;        352
3.0673363915900e-04;       2948
3.0675360537800e-04;       2948
3.0677194052000e-04;       5544
3.0679190786100e-04;       5544
3.0681023499500e-04;       2900
3.0683020833400e-04;       2900
3.0684854366500e-04;       5496
3.0686851100800e-04;       5496
3.0688683806700e-04;       8092
3.0690681257300e-04;       8092
3.0692513979600e-04;       5448
3.0694511323100e-04;       5448
3.0696511345500e-04;        488
3.0698341548800e-04;        488
3.0700340779500e-04;       5400
3.0702171594600e-04;       5400
3.0704171637400e-04;       7996
3.0706001846100e-04;       7996
3.0708001076000e-04;       3036
3.0709831993500e-04;       3036
3.0711831217400e-04;        392
3.0713828557500e-04;        392
3.0715662060800e-04;       2988
3.0717658771000e-04;       2988
3.0719491489400e-04;        344
3.0721488839800e-04;        344
3.0723322351700e-04;       2940
3.0725318986200e-04;       2940
3.0727152483300e-04;       5536
3.0729149232200e-04;       5536
3.0730981948100e-04;       2892
3.0732979287500e-04;       2892
3.0734979331500e-04;       5488
3.0736809536900e-04;       5488
3.0738808763000e-04;       8084
3.0740639681000e-04;       8084
3.0742638909300e-04;       5440
3.0744469726400e-04;       5440
3.0746469769900e-04;        480
3.0748299992800e-04;        480
3.0750299223100e-04;       5392
3.0752296536100e-04;       5392
3.0754130057400e-04;       7988
3.0756126790100e-04;       7988
3.0757959501700e-04;       3028
3.0759956930500e-04;       3028
3.0761789634700e-04;        384
3.0763786953500e-04;        384
3.0765620434100e-04;       2980
3.0767617172500e-04;       2980
3.0769449868600e-04;        336
3.0771447190700e-04;        336
3.0773447228200e-04;       2932
3.0775277346800e-04;       2932
3.0777277374400e-04;       5528
3.0779107582500e-04;       5528
3.0781106829200e-04;       2884
3.0782937621300e-04;       2884
3.0784937657700e-04;       5480
3.0786767883800e-04;       5480
3.0788767119500e-04;       8076
3.0790598046600e-04;       8076
3.0792597290200e-04;       5432
3.0794594634900e-04;       5432
3.0796428152300e-04;       8028
3.0798424887000e-04;       8028
3.0800257586200e-04;       5384
3.0802254917700e-04;       5384
3.0804088417900e-04;       7980
3.0806085140000e-04;       7980
3.0807917851300e-04;       3020
3.0809915291700e-04;       3020
3.0811747978700e-04;        376
3.0813745336100e-04;        376
3.0815745374200e-04;       2972
3.0817575597100e-04;       2972
3.0819574839600e-04;        328
3.0821405649000e-04;        328
3.0823405677200e-04;       2924
3.0825235799100e-04;       2924
3.0827235843100e-04;       5520
3.0829066046600e-04;       5520
3.0831065278100e-04;       2876
3.0833062624900e-04;       2876
3.0834896131300e-04;       5472
3.0836892875200e-04;       5472
3.0838725586900e-04;       8068
3.0840723017300e-04;       8068
3.0842555719100e-04;       5424
3.0844553039200e-04;       5424
3.0846386532000e-04;       8020
3.0848383262400e-04;       8020
3.0850215968400e-04;       5376
3.0852213281700e-04;       5376
3.0854213303200e-04;       7972
3.0856043511000e-04;       7972
3.0858042761000e-04;       3012
3.0859873681000e-04;       3012
3.0861872900800e-04;        368
3.0863703681900e-04;        368
3.0865703732600e-04;       2964
3.0867533936700e-04;       2964
3.0869533173300e-04;        320
3.0871530500800e-04;        320
3.0873364002500e-04;       2916
3.0875360641800e-04;       2916
3.0877194141800e-04;       5512
3.0879190887800e-04;       5512
3.0881023590300e-04;       2868
3.0883020924800e-04;       2868
3.0884854442400e-04;       5464
3.0886851176400e-04;       5464
3.0888683892600e-04;       8060
3.0890681331500e-04;       8060
3.0892514016900e-04;       5416
3.0894511346700e-04;       5416
3.0896511347600e-04;       8012
3.0898341550000e-04;       8012
3.0900340785600e-04;       5368
3.0902171607400e-04;       5368
3.0904171639400e-04;       7964
3.0906001873800e-04;       7964
3.0908001092900e-04;       3004
3.0909832016300e-04;       3004
3.0911831250200e-04;        360
3.0913828587200e-04;        360
3.0915662074500e-04;       2956
3.0917658826700e-04;       2956
3.0919491516200e-04;        312
3.0921488834300e-04;        312
3.0923322343600e-04;       2908
3.0925318987100e-04;       2908
3.0927152485900e-04;       5504
3.0929149209100e-04;       5504
3.0930981911200e-04;       2860
3.0932979242300e-04;       2860
3.0934979288200e-04;       5456
3.0936809498500e-04;       5456
3.0938808736200e-04;       8052
3.0940639650900e-04;       8052
3.0942638876600e-04;       5408
3.0944469675000e-04;       5408
3.0946469720900e-04;       8004
3.0948299938300e-04;       8004
3.0950299178100e-04;       5360
3.0952296525100e-04;       5360
3.0954130031900e-04;       7956
3.0956126757800e-04;       7956
3.0957959454500e-04;       2996
3.0959956870500e-04;       2996
3.0961789576100e-04;        352
3.0963786927000e-04;        352
3.0965620431400e-04;       2948
3.0967617161900e-04;       2948
3.0969449879800e-04;        304
3.0971447215000e-04;        304
3.0973447237100e-04;       2900
3.0975277349500e-04;       2900
3.0977277385300e-04;       5496
3.0979107569400e-04;       5496
3.0981106802800e-04;       2852
3.0982937614400e-04;       2852
3.0984937651200e-04;       5448
3.0986767844200e-04;       5448
3.0988767067300e-04;       8044
3.0990597966200e-04;       8044
3.0992597218600e-04;       5400
3.0994594543800e-04;       5400
3.0996428033800e-04;        440
3.0998424759800e-04;        440
3.1000257468800e-04;       5352
3.1002254800700e-04;       5352
3.1004088288200e-04;        392
3.1006085023400e-04;        392
3.1007917735400e-04;       2988
3.1009915173100e-04;       2988
3.1011747875600e-04;        344
3.1013745214300e-04;        344
3.1015745234900e-04;       2940
3.1017575443000e-04;       2940
3.1019574678900e-04;        296
3.1021405494100e-04;        296
3.1023405529000e-04;       2892
3.1025235630200e-04;       2892
3.1027235656300e-04;       5488
3.1029065832800e-04;       5488
3.1031065085100e-04;       2844
3.1033062407100e-04;       2844
3.1034895918300e-04;       5440
3.1036892634000e-04;       5440
3.1038725351800e-04;       8036
3.1040722795500e-04;       8036
3.1042555486100e-04;       5392
3.1044552834400e-04;       5392
3.1046386351900e-04;        432
3.1048383085900e-04;        432
3.1050215794200e-04;       5344
3.1052213140800e-04;       5344
3.1054213186900e-04;        384
3.1056043389500e-04;        384
3.1058042618100e-04;       2980
3.1059873515500e-04;       2980
3.1061872755000e-04;        336
3.1063703578400e-04;        336
3.1065703618500e-04;       2932
3.1067533841000e-04;       2932
3.1069533076900e-04;        288
3.1071530430300e-04;        288
3.1073363935700e-04;       2884
3.1075360581800e-04;       2884
3.1077194091200e-04;       5480
3.1079190815400e-04;       5480
3.1081023513300e-04;       2836
3.1083020859500e-04;       2836
3.1084854357200e-04;       5432
3.1086851099200e-04;       5432
3.1088683814900e-04;       8028
3.1090681252200e-04;       8028
3.1092513956200e-04;       5384
3.1094511263200e-04;       5384
3.1096511311700e-04;       7980
3.1098341518500e-04;       7980
3.1100340747100e-04;       5336
3.1102171553800e-04;       5336
3.1104171581700e-04;       7932
3.1106001787600e-04;       7932
3.1108001032900e-04;       2972
3.1109831936700e-04;       2972
3.1111831173500e-04;        328
3.1113828512600e-04;        328
3.1115661992300e-04;       2924
3.1117658729900e-04;       2924
3.1119491439400e-04;        280
3.1121488778500e-04;        280
3.1123322278900e-04;       2876
3.1125318915500e-04;       2876
3.1127152430900e-04;       5472
3.1129149163400e-04;       5472
3.1130981845500e-04;       2828
3.1132979176600e-04;       2828
3.1134979214900e-04;       5424
3.1136809438300e-04;       5424
3.1138808677600e-04;       8020
3.1140639597900e-04;       8020
3.1142638844000e-04;       5376
3.1144469639000e-04;       5376
3.1146469680800e-04;        416
3.1148299884200e-04;        416
3.1150299095000e-04;       5328
3.1152296447100e-04;       5328
3.1154129961000e-04;       7924
3.1156126718900e-04;       7924
3.1157959403400e-04;      10520
3.1159956844900e-04;      10520
3.1161789543500e-04;        320
3.1163786889100e-04;        320
3.1165620398600e-04;       2916
3.1167617128300e-04;       2916
3.1169449818000e-04;        272
3.1171447150100e-04;        272
3.1173447179100e-04;       2868
3.1175277281000e-04;       2868
3.1177277303500e-04;       5464
3.1179107500400e-04;       5464
3.1181106747800e-04;       2820
3.1182937549600e-04;       2820
3.1184937591500e-04;       5416
3.1186767792500e-04;       5416
3.1188767037200e-04;       8012
3.1190597919500e-04;       8012
3.1192597165700e-04;       5368
3.1194594486500e-04;       5368
3.1196427998700e-04;       7964
3.1198424738100e-04;       7964
3.1200257453000e-04;       5320
3.1202254791700e-04;       5320
3.1204088301700e-04;        360
3.1206085041700e-04;        360
3.1207917767000e-04;       2956
3.1209915195200e-04;       2956
3.1211747910900e-04;        312
3.1213745246900e-04;        312
3.1215745291700e-04;       2908
3.1217575504000e-04;       2908
3.1219574751300e-04;        264
3.1221405551000e-04;        264
3.1223405600000e-04;       2860
3.1225235696300e-04;       2860
3.1227235722900e-04;       5456
3.1229065943700e-04;       5456
3.1231065193900e-04;       2812
3.1233062528600e-04;       2812
3.1234896050000e-04;       5408
3.1236892767300e-04;       5408
3.1238725490500e-04;       8004
3.1240722903900e-04;       8004
3.1242555608500e-04;       5360
3.1244552940300e-04;       5360
3.1246386440800e-04;        400
3.1248383156000e-04;        400
3.1250215856200e-04;       5312
3.1252213181600e-04;       5312
3.1254213235100e-04;       7908
3.1256043452900e-04;       7908
3.1258042691400e-04;       2948
3.1259873596200e-04;       2948
3.1261872838300e-04;        304
3.1263703637300e-04;        304
3.1265703696400e-04;       2900
3.1267533901300e-04;       2900
3.1269533132700e-04;        256
3.1271530478000e-04;        256
3.1273363987300e-04;       2852
3.1275360636800e-04;       2852
3.1277194149900e-04;       5448
3.1279190876300e-04;       5448
3.1281023593900e-04;       2804
3.1283020935100e-04;       2804
3.1284854441200e-04;       5400
3.1286851160000e-04;       5400
3.1288683878700e-04;       7996
3.1290681326200e-04;       7996
3.1292514043300e-04;       5352
3.1294511367600e-04;       5352
3.1296511405000e-04;       7948
3.1298341618600e-04;       7948
3.1300340859900e-04;       5304
3.1302171676400e-04;       5304
3.1304171711000e-04;       7900
3.1306001926000e-04;       7900
3.1308001184100e-04;       2940
3.1309832077400e-04;       2940
3.1311831324400e-04;        296
3.1313828661100e-04;        296
3.1315662160400e-04;       2892
3.1317658895500e-04;       2892
3.1319491611900e-04;        248
3.1321488962100e-04;        248
3.1323322461600e-04;       2844
3.1325319080500e-04;       2844
3.1327152593000e-04;       5440
3.1329149324800e-04;       5440
3.1330982026300e-04;       2796
3.1332979368400e-04;       2796
3.1334979409100e-04;       5392
3.1336809620600e-04;       5392
3.1338808855700e-04;       7988
3.1340639768600e-04;       7988
3.1342639007200e-04;       5344
3.1344469818800e-04;       5344
3.1346469845400e-04;       7940
3.1348300051800e-04;       7940
3.1350299275100e-04;       5296
3.1352296596400e-04;       5296
3.1354130103100e-04;       7892
3.1356126856900e-04;       7892
3.1357959570200e-04;       2932
3.1359956998400e-04;       2932
3.1361789698300e-04;        288
3.1363787031000e-04;        288
3.1365620531800e-04;       2884
3.1367617267400e-04;       2884
3.1369449958400e-04;        240
3.1371447307800e-04;        240
3.1373447336300e-04;       2836
3.1375277450700e-04;       2836
3.1377277491100e-04;       5432
3.1379107693800e-04;       5432
3.1381106921400e-04;       2788
3.1382937739100e-04;       2788
3.1384937771300e-04;       5384
3.1386767978100e-04;       5384
3.1388767210100e-04;       7980
3.1390598094300e-04;       7980
3.1392597341800e-04;       5336
3.1394594670800e-04;       5336
3.1396428186500e-04;        376
3.1398424933700e-04;        376
3.1400257624500e-04;       5288
3.1402254965100e-04;       5288
3.1404088457400e-04;       7884
3.1406085208200e-04;       7884
3.1407917924000e-04;       2924
3.1409915347800e-04;       2924
3.1411748061200e-04;        280
3.1413745383900e-04;        280
3.1415745417800e-04;       2876
3.1417575640800e-04;       2876
3.1419574874600e-04;        232
3.1421405688700e-04;        232
3.1423405712800e-04;       2828
3.1425235819500e-04;       2828
3.1427235841500e-04;       5424
3.1429066053600e-04;       5424
3.1431065280500e-04;       2780
3.1433062605800e-04;       2780
3.1434896117000e-04;       5376
3.1436892858500e-04;       5376
3.1438725570300e-04;       7972
3.1440722994400e-04;       7972
3.1442555686900e-04;       5328
3.1444553025700e-04;       5328
3.1446386536000e-04;       7924
3.1448383270100e-04;       7924
3.1450215952300e-04;       5280
3.1452213302700e-04;       5280
3.1454213346300e-04;        320
3.1456043538600e-04;        320
3.1458042761300e-04;       2916
3.1459873655300e-04;       2916
3.1461872908100e-04;       7828
3.1463703700700e-04;       7828
3.1465703759000e-04;       2868
3.1467533959500e-04;       2868
3.1469533215600e-04;        224
3.1471530531500e-04;        224
3.1473364054500e-04;       2820
3.1475360682800e-04;       2820
3.1477194197400e-04;       5416
3.1479190919900e-04;       5416
3.1481023639800e-04;       2772
3.1483020965900e-04;       2772
3.1484854470400e-04;       5368
3.1486851201400e-04;       5368
3.1488683923500e-04;       7964
3.1490681352400e-04;       7964
3.1492514043000e-04;       5320
3.1494511389800e-04;       5320
3.1496511407900e-04;       7916
3.1498341622400e-04;       7916
3.1500340858100e-04;       5272
3.1502171668000e-04;       5272
3.1504171707400e-04;       7868
3.1506001907500e-04;       7868
3.1508001150000e-04;       2908
3.1509832047100e-04;       2908
3.1511831285500e-04;        264
3.1513828614300e-04;        264
3.1515662118600e-04;       2860
3.1517658857100e-04;       2860
3.1519491564800e-04;        216
3.1521488910600e-04;        216
3.1523322402300e-04;       2812
3.1525319044100e-04;       2812
3.1527152539800e-04;       5408
3.1529149278100e-04;       5408
3.1530981984200e-04;       2764
3.1532979327100e-04;       2764
3.1534979351400e-04;       5360
3.1536809576100e-04;       5360
3.1538808806000e-04;       7956
3.1540639713900e-04;       7956
3.1542638951800e-04;       5312
3.1544469762800e-04;       5312
3.1546469787200e-04;       7908
3.1548300002600e-04;       7908
3.1550299234900e-04;       5264
3.1552296581500e-04;       5264
3.1554130096400e-04;       7860
3.1556126825300e-04;       7860
3.1557959542200e-04;      10456
3.1559956981500e-04;      10456
3.1561789668600e-04;        256
3.1563786993400e-04;        256
3.1565620507200e-04;       2852
3.1567617237600e-04;       2852
3.1569449933000e-04;        208
3.1571447286700e-04;        208
3.1573447316700e-04;       2804
3.1575277438100e-04;       2804
3.1577277472900e-04;       5400
3.1579107670300e-04;       5400
3.1581106921100e-04;       2756
3.1582937723700e-04;       2756
3.1584937763100e-04;       5352
3.1586767973400e-04;       5352
3.1588767208200e-04;       7948
3.1590598128000e-04;       7948
3.1592597364200e-04;       5304
3.1594594700000e-04;       5304
3.1596428216100e-04;        344
3.1598424945300e-04;        344
3.1600257634000e-04;       5256
3.1602254974500e-04;       5256
3.1604088454200e-04;       7852
3.1606085193200e-04;       7852
3.1607917900200e-04;       2892
3.1609915336000e-04;       2892
3.1611748046300e-04;       7804
3.1613745375700e-04;       7804
3.1615745431100e-04;       2844
3.1617575626400e-04;       2844
3.1619574875600e-04;        200
3.1621405666400e-04;        200
3.1623405694900e-04;       2796
3.1625235794100e-04;       2796
3.1627235822000e-04;       5392
3.1629066026700e-04;       5392
3.1631065267200e-04;       2748
3.1633062596700e-04;       2748
3.1634896075800e-04;       5344
3.1636892815700e-04;       5344
3.1638725501000e-04;       7940
3.1640722936700e-04;       7940
3.1642555660900e-04;       5296
3.1644552991000e-04;       5296
3.1646386498600e-04;        336
3.1648383229900e-04;        336
3.1650215927400e-04;       5248
3.1652213251800e-04;       5248
3.1654213282700e-04;       7844
3.1656043507100e-04;       7844
3.1658042747900e-04;       2884
3.1659873635800e-04;       2884
3.1661872875200e-04;        240
3.1663703675800e-04;        240
3.1665703694300e-04;       2836
3.1667533916100e-04;       2836
3.1669533145000e-04;        192
3.1671530481500e-04;        192
3.1673363997800e-04;       2788
3.1675360619500e-04;       2788
3.1677194136000e-04;       5384
3.1679190861400e-04;       5384
3.1681023563200e-04;       2740
3.1683020888200e-04;       2740
3.1684854378300e-04;       5336
3.1686851125500e-04;       5336
3.1688683834100e-04;       7932
3.1690681252100e-04;       7932
3.1692513948500e-04;       5288
3.1694511273300e-04;       5288
3.1696511330500e-04;        328
3.1698341540300e-04;        328
3.1700340737400e-04;       5240
3.1702171529300e-04;       5240
3.1704171570500e-04;        280
3.1706001760000e-04;        280
3.1708000990400e-04;       2876
3.1709831889400e-04;       2876
3.1711831114400e-04;        232
3.1713828433400e-04;        232
3.1715661942300e-04;       2828
3.1717658683200e-04;       2828
3.1719491381000e-04;        184
3.1721488708900e-04;        184
3.1723322230700e-04;       2780
3.1725318836500e-04;       2780
3.1727152356500e-04;       5376
3.1729149111700e-04;       5376
3.1730981816300e-04;       2732
3.1732979138200e-04;       2732
3.1734979171300e-04;       5328
3.1736809369900e-04;       5328
3.1738808614000e-04;       7924
3.1740639530100e-04;       7924
3.1742638762100e-04;       5280
3.1744469576600e-04;       5280
3.1746469622600e-04;       7876
3.1748299821200e-04;       7876
3.1750299054200e-04;       5232
3.1752296399600e-04;       5232
3.1754129896000e-04;        272
3.1756126641300e-04;        272
3.1757959337600e-04;       2868
3.1759956767900e-04;       2868
3.1761789465000e-04;        224
3.1763786783300e-04;        224
3.1765620294800e-04;       2820
3.1767617031900e-04;       2820
3.1769449751300e-04;        176
3.1771447084700e-04;        176
3.1773447111300e-04;       2772
3.1775277219700e-04;       2772
3.1777277238300e-04;       5368
3.1779107436700e-04;       5368
3.1781106675500e-04;       2724
3.1782937471700e-04;       2724
3.1784937525200e-04;       5320
3.1786767756200e-04;       5320
3.1788766977900e-04;       7916
3.1790597902900e-04;       7916
3.1792597148400e-04;      -2284
3.1794594498100e-04;      -2284
3.1796428019500e-04;        312
3.1798424749300e-04;        312
3.1800257470700e-04;       5224
3.1802254805900e-04;       5224
3.1804088298900e-04;       7820
3.1806085025500e-04;       7820
3.1807917711500e-04;       2860
3.1809915129700e-04;       2860
3.1811747838600e-04;        216
3.1813745190100e-04;        216
3.1815745221800e-04;       2812
3.1817575436900e-04;       2812
3.1819574668200e-04;        168
3.1821405477100e-04;        168
3.1823405517000e-04;       2764
3.1825235642200e-04;       2764
3.1827235657900e-04;       5360
3.1829065866900e-04;       5360
3.1831065113100e-04;       2716
3.1833062449500e-04;       2716
3.1834895937700e-04;       5312
3.1836892670500e-04;       5312
3.1838725357900e-04;       7908
3.1840722796200e-04;       7908
3.1842555478300e-04;       5264
3.1844552808600e-04;       5264
3.1846386329200e-04;        304
3.1848383056100e-04;        304
3.1850215775600e-04;       5216
3.1852213126100e-04;       5216
3.1854213179500e-04;        256
3.1856043370500e-04;        256
3.1858042607100e-04;       2852
3.1859873491800e-04;       2852
3.1861872758600e-04;        208
3.1863703553400e-04;        208
3.1865703607400e-04;       2804
3.1867533820700e-04;       2804
3.1869533044900e-04;        160
3.1871530388000e-04;        160
3.1873363896300e-04;       2756
3.1875360546500e-04;       2756
3.1877194075100e-04;       5352
3.1879190807500e-04;       5352
3.1881023497500e-04;       2708
3.1883020829600e-04;       2708
3.1884854333400e-04;       5304
3.1886851082400e-04;       5304
3.1888683790500e-04;       7900
3.1890681229800e-04;       7900
3.1892513942100e-04;       5256
3.1894511280600e-04;       5256
3.1896511329300e-04;        296
3.1898341552500e-04;        296
3.1900340773900e-04;       5208
3.1902171586700e-04;       5208
3.1904171643200e-04;       7804
3.1906001857200e-04;       7804
3.1908001087200e-04;       2844
3.1909832011200e-04;       2844
3.1911831251400e-04;        200
3.1913828567700e-04;        200
3.1915662072400e-04;       2796
3.1917658798600e-04;       2796
3.1919491494200e-04;        152
3.1921488833800e-04;        152
3.1923322348700e-04;       2748
3.1925318996600e-04;       2748
3.1927152501800e-04;       5344
3.1929149256600e-04;       5344
3.1930981966600e-04;       2700
3.1932979289200e-04;       2700
3.1934979322300e-04;       5296
3.1936809528900e-04;       5296
3.1938808750300e-04;       7892
3.1940639642000e-04;       7892
3.1942638889800e-04;       5248
3.1944469713900e-04;       5248
3.1946469734100e-04;       7844
3.1948299952300e-04;       7844
3.1950299176100e-04;       5200
3.1952296506000e-04;       5200
3.1954130000400e-04;       7796
3.1956126734900e-04;       7796
3.1957959437200e-04;       2836
3.1959956870800e-04;       2836
3.1961789572200e-04;        192
3.1963786912600e-04;        192
3.1965620414400e-04;       2788
3.1967617148300e-04;       2788
3.1969449853300e-04;        144
3.1971447195200e-04;        144
3.1973447235500e-04;       2740
3.1975277359100e-04;       2740
3.1977277398000e-04;       5336
3.1979107603700e-04;       5336
3.1981106826000e-04;       2692
3.1982937639600e-04;       2692
3.1984937686200e-04;       5288
3.1986767898000e-04;       5288
3.1988767139600e-04;       7884
3.1990598058500e-04;       7884
3.1992597291500e-04;       5240
3.1994594625500e-04;       5240
3.1996428135100e-04;       7836
3.1998424874000e-04;       7836
3.2000257578700e-04;       5192
3.2002254911300e-04;       5192
3.2004088438000e-04;       7788
3.2006085135200e-04;       7788
3.2007917857900e-04;       2828
3.2009915288400e-04;       2828
3.2011747971500e-04;       7740
3.2013745314200e-04;       7740
3.2015745345500e-04;       2780
3.2017575537800e-04;       2780
3.2019574782000e-04;        136
3.2021405589300e-04;        136
3.2023405633500e-04;       2732
3.2025235745900e-04;       2732
3.2027235797200e-04;       5328
3.2029066019200e-04;       5328
3.2031065247300e-04;       2684
3.2033062591600e-04;       2684
3.2034896097800e-04;       5280
3.2036892844400e-04;       5280
3.2038725544600e-04;       7876
3.2040722969900e-04;       7876
3.2042555687000e-04;       5232
3.2044553030200e-04;       5232
3.2046386539500e-04;        272
3.2048383255300e-04;        272
3.2050215962300e-04;       5184
3.2052213300800e-04;       5184
3.2054213325500e-04;       7780
3.2056043533400e-04;       7780
3.2058042770900e-04;      10376
3.2059873673600e-04;      10376
3.2061872922400e-04;       7732
3.2063703734100e-04;       7732
3.2065703755200e-04;       2772
3.2067533975300e-04;       2772
3.2069533205700e-04;        128
3.2071530559700e-04;        128
3.2073364057300e-04;       2724
3.2075360691700e-04;       2724
3.2077194190700e-04;       5320
3.2079190927500e-04;       5320
3.2081023643100e-04;       2676
3.2083020980700e-04;       2676
3.2084854494700e-04;       5272
3.2086851247400e-04;       5272
3.2088683944300e-04;       7868
3.2090681389200e-04;       7868
3.2092514102400e-04;       5224
3.2094511418600e-04;       5224
3.2096511459400e-04;       7820
3.2098341671000e-04;       7820
3.2100340917000e-04;       5176
3.2102171722000e-04;       5176
3.2104171766600e-04;       7772
3.2106001997300e-04;       7772
3.2108001207400e-04;       2812
3.2109832114800e-04;       2812
3.2111831349100e-04;        168
3.2113828691100e-04;        168
3.2115662212700e-04;       2764
3.2117658937200e-04;       2764
3.2119491635300e-04;        120
3.2121488968500e-04;        120
3.2123322475400e-04;       2716
3.2125319103800e-04;       2716
3.2127152617100e-04;       5312
3.2129149351200e-04;       5312
3.2130982056900e-04;       2668
3.2132979392400e-04;       2668
3.2134979432400e-04;       5264
3.2136809654200e-04;       5264
3.2138808881200e-04;       7860
3.2140639783500e-04;       7860
3.2142639027500e-04;       5216
3.2144469844100e-04;       5216
3.2146469887700e-04;       7812
3.2148300072000e-04;       7812
3.2150299315900e-04;       5168
3.2152296653900e-04;       5168
3.2154130164000e-04;       7764
3.2156126926200e-04;       7764
3.2157959606200e-04;       2804
3.2159957047200e-04;       2804
3.2161789766800e-04;        160
3.2163787100300e-04;        160
3.2165620608200e-04;       2756
3.2167617335700e-04;       2756
3.2169450041600e-04;        112
3.2171447383500e-04;        112
3.2173447397900e-04;       2708
3.2175277495200e-04;       2708
3.2177277553700e-04;       5304
3.2179107774700e-04;       5304
3.2181107013300e-04;       2660
3.2182937829500e-04;       2660
3.2184937862000e-04;       5256
3.2186768078500e-04;       5256
3.2188767303900e-04;       7852
3.2190598210500e-04;       7852
3.2192597464100e-04;       5208
3.2194594810000e-04;       5208
3.2196428323900e-04;       7804
3.2198425064000e-04;       7804
3.2200257767600e-04;       5160
3.2202255102900e-04;       5160
3.2204088603800e-04;       7756
3.2206085346800e-04;       7756
3.2207918044500e-04;      10352
3.2209915467200e-04;      10352
3.2211748191600e-04;       7708
3.2213745520900e-04;       7708
3.2215745554400e-04;       2748
3.2217575735300e-04;       2748
3.2219574966600e-04;        104
3.2221405774300e-04;        104
3.2223405811900e-04;       2700
3.2225235927400e-04;       2700
3.2227235952100e-04;       5296
3.2229066167300e-04;       5296
3.2231065401300e-04;       2652
3.2233062749300e-04;       2652
3.2234896258300e-04;       5248
3.2236892974200e-04;       5248
3.2238725662600e-04;       7844
3.2240723109500e-04;       7844
3.2242555798000e-04;       5200
3.2244553150600e-04;       5200
3.2246386638200e-04;       7796
3.2248383375500e-04;       7796
3.2250216091000e-04;       5152
3.2252213413700e-04;       5152
3.2254213454200e-04;       7748
3.2256043656300e-04;       7748
3.2258042899700e-04;       2788
3.2259873804200e-04;       2788
3.2261873042400e-04;       7700
3.2263703834300e-04;       7700
3.2265703875200e-04;       2740
3.2267534073000e-04;       2740
3.2269533298000e-04;         96
3.2271530638000e-04;         96
3.2273364142700e-04;       2692
3.2275360779100e-04;       2692
3.2277194295500e-04;       5288
3.2279191026300e-04;       5288
3.2281023728800e-04;       2644
3.2283021054300e-04;       2644
3.2284854578900e-04;       5240
3.2286851287500e-04;       5240
3.2288684011000e-04;       7836
3.2290681447900e-04;       7836
3.2292514164300e-04;       5192
3.2294511498100e-04;       5192
3.2296511551700e-04;       7788
3.2298341747700e-04;       7788
3.2300340991600e-04;       5144
3.2302171794600e-04;       5144
3.2304171839200e-04;       7740
3.2306002048300e-04;       7740
3.2308001263100e-04;       2780
3.2309832181600e-04;       2780
3.2311831413700e-04;       7692
3.2313828738100e-04;       7692
3.2315662244500e-04;       2732
3.2317658983300e-04;       2732
3.2319491684100e-04;         88
3.2321489016200e-04;         88
3.2323322542400e-04;       2684
3.2325319180800e-04;       2684
3.2327152696300e-04;       5280
3.2329149427800e-04;       5280
3.2330982139300e-04;       2636
3.2332979478900e-04;       2636
3.2334979523800e-04;       5232
3.2336809716400e-04;       5232
3.2338808944600e-04;       7828
3.2340639844900e-04;       7828
3.2342639092600e-04;       5184
3.2344469880100e-04;       5184
3.2346469909100e-04;       7780
3.2348300103700e-04;       7780
3.2350299354400e-04;       5136
3.2352296698100e-04;       5136
3.2354130201900e-04;       7732
3.2356126940500e-04;       7732
3.2357959621000e-04;      10328
3.2359957043600e-04;      10328
3.2361789758500e-04;       7684
3.2363787092400e-04;       7684
3.2365620601200e-04;       2724
3.2367617355100e-04;       2724
3.2369450080600e-04;         80
3.2371447411900e-04;         80
3.2373447451700e-04;       2676
3.2375277525400e-04;       2676
3.2377277574600e-04;       5272
3.2379107773300e-04;       5272
3.2381107025800e-04;       2628
3.2382937851300e-04;       2628
3.2384937893700e-04;       5224
3.2386768074800e-04;       5224
3.2388767321800e-04;       7820
3.2390598220000e-04;       7820
3.2392597461800e-04;       5176
3.2394594800100e-04;       5176
3.2396428316500e-04;       7772
3.2398425036100e-04;       7772
3.2400257749800e-04;       5128
3.2402255087300e-04;       5128
3.2404088600300e-04;       7724
3.2406085330000e-04;       7724
3.2407918050300e-04;      10320
3.2409915488500e-04;      10320
3.2411748180200e-04;       7676
3.2413745519100e-04;       7676
3.2415745546100e-04;       2716
3.2417575762600e-04;       2716
3.2419574991700e-04;         72
3.2421405787300e-04;         72
3.2423405833500e-04;       2668
3.2425235939400e-04;       2668
3.2427235968500e-04;       5264
3.2429066176800e-04;       5264
3.2431065406000e-04;       2620
3.2433062730700e-04;       2620
3.2434896242800e-04;       5216
3.2436892967600e-04;       5216
3.2438725677800e-04;       7812
3.2440723115600e-04;       7812
3.2442555814600e-04;       5168
3.2444553147100e-04;       5168
3.2446386655800e-04;       7764
3.2448383401200e-04;       7764
3.2450216097300e-04;       5120
3.2452213429700e-04;       5120
3.2454213465500e-04;       7716
3.2456043685400e-04;       7716
3.2458042928400e-04;      10312
3.2459873823500e-04;      10312
3.2461873067900e-04;       7668
3.2463703882300e-04;       7668
3.2465703917200e-04;       2708
3.2467534127800e-04;       2708
3.2469533354800e-04;         64
3.2471530681600e-04;         64
3.2473364182400e-04;       2660
3.2475360795000e-04;       2660
3.2477194306700e-04;       5256
3.2479191024200e-04;       5256
3.2481023730200e-04;       2612
3.2483021068400e-04;       2612
3.2484854546300e-04;       5208
3.2486851271500e-04;       5208
3.2488683988100e-04;       7804
3.2490681429100e-04;       7804
3.2492514112600e-04;       5160
3.2494511453000e-04;       5160
3.2496511475900e-04;       7756
3.2498341688900e-04;       7756
3.2500340910000e-04;       5112
3.2502171725200e-04;       5112
3.2504171762300e-04;       7708
3.2506001966800e-04;       7708
3.2508001178100e-04;      10304
3.2509832071300e-04;      10304
3.2511831328500e-04;        104
3.2513828636600e-04;        104
3.2515662145100e-04;       2700
3.2517658872100e-04;       2700
3.2519491584200e-04;         56
3.2521488904900e-04;         56
3.2523322423100e-04;       2652
3.2525319063000e-04;       2652
3.2527152569800e-04;       5248
3.2529149296400e-04;       5248
3.2530982004300e-04;       2604
3.2532979340000e-04;       2604
3.2534979372400e-04;       5200
3.2536809602000e-04;       5200
3.2538808824800e-04;       7796
3.2540639725900e-04;       7796
3.2542638959300e-04;       5152
3.2544469770100e-04;       5152
3.2546469807100e-04;        192
3.2548300014800e-04;        192
3.2550299243700e-04;       5104
3.2552296580000e-04;       5104
3.2554130083300e-04;       7700
3.2556126835000e-04;       7700
3.2557959549800e-04;       2740
3.2559957001200e-04;       2740
3.2561789708200e-04;       7652
3.2563787029300e-04;       7652
3.2565620518900e-04;       2692
3.2567617241900e-04;       2692
3.2569449944900e-04;         48
3.2571447298300e-04;         48
3.2573447337100e-04;       2644
3.2575277452300e-04;       2644
3.2577277483000e-04;       5240
3.2579107654100e-04;       5240
3.2581106878300e-04;       2596
3.2582937702700e-04;       2596
3.2584937707500e-04;       5192
3.2586767899700e-04;       5192
3.2588767135700e-04;       7788
3.2590598040300e-04;       7788
3.2592597254100e-04;       5144
3.2594594594000e-04;       5144
3.2596428101400e-04;       7740
3.2598424850700e-04;       7740
3.2600257564500e-04;       5096
3.2602254904000e-04;       5096
3.2604088410000e-04;        136
3.2606085134500e-04;        136
3.2607917851300e-04;       2732
3.2609915292500e-04;       2732
3.2611747998400e-04;         88
3.2613745320300e-04;         88
3.2615745341500e-04;       2684
3.2617575551500e-04;       2684
3.2619574783900e-04;         40
3.2621405588600e-04;         40
3.2623405609800e-04;       2636
3.2625235713300e-04;       2636
3.2627235744400e-04;       5232
3.2629065956700e-04;       5232
3.2631065191300e-04;       2588
3.2633062524900e-04;       2588
3.2634896040800e-04;       5184
3.2636892784700e-04;       5184
3.2638725495500e-04;       7780
3.2640722941800e-04;       7780
3.2642555653900e-04;       5136
3.2644552978600e-04;       5136
3.2646386486500e-04;       7732
3.2648383219600e-04;       7732
3.2650215916000e-04;       5088
3.2652213257200e-04;       5088
3.2654213282200e-04;       7684
3.2656043498100e-04;       7684
3.2658042748000e-04;       2724
3.2659873671700e-04;       2724
3.2661872916900e-04;         80
3.2663703731500e-04;         80
3.2665703769800e-04;       2676
3.2667533968000e-04;       2676
3.2669533210000e-04;         32
3.2671530550700e-04;         32
3.2673364057700e-04;       2628
3.2675360689000e-04;       2628
3.2677194207200e-04;       5224
3.2679190926800e-04;       5224
3.2681023653400e-04;       2580
3.2683020996900e-04;       2580
3.2684854492000e-04;       5176
3.2686851225000e-04;       5176
3.2688683933700e-04;       7772
3.2690681356400e-04;       7772
3.2692514080800e-04;       5128
3.2694511428000e-04;       5128
3.2696511459100e-04;        168
3.2698341656500e-04;        168
3.2700340905100e-04;       5080
3.2702171714700e-04;       5080
3.2704171764400e-04;       7676
3.2706001942800e-04;       7676
3.2708001188300e-04;       2716
3.2709832094900e-04;       2716
3.2711831318000e-04;       7628
3.2713828658800e-04;       7628
3.2715662177700e-04;       2668
3.2717658900900e-04;       2668
3.2719491609700e-04;         24
3.2721488906400e-04;         24
3.2723322419000e-04;       2620
3.2725319022300e-04;       2620
3.2727152538100e-04;       5216
3.2729149260600e-04;       5216
3.2730981961800e-04;       2572
3.2732979293200e-04;       2572
3.2734979335600e-04;       5168
3.2736809530500e-04;       5168
3.2738808753800e-04;       7764
3.2740639655600e-04;       7764
3.2742638888200e-04;       5120
3.2744469701500e-04;       5120
3.2746469727900e-04;       7716
3.2748299949100e-04;       7716
3.2750299187800e-04;       5072
3.2752296523500e-04;       5072
3.2754130019800e-04;        112
3.2756126750500e-04;        112
3.2757959472000e-04;       2708
3.2759956924100e-04;       2708
3.2761789633900e-04;         64
3.2763786974900e-04;         64
3.2765620478600e-04;       2660
3.2767617211100e-04;       2660
3.2769449905400e-04;         16
3.2771447243900e-04;         16
3.2773447266400e-04;       2612
3.2775277372200e-04;       2612
3.2777277424300e-04;       5208
3.2779107623000e-04;       5208
3.2781106861100e-04;       2564
3.2782937673800e-04;       2564
3.2784937670100e-04;       5160
3.2786767878200e-04;       5160
3.2788767108300e-04;       7756
3.2790598048100e-04;       7756
3.2792597281200e-04;       5112
3.2794594590900e-04;       5112
3.2796428117800e-04;        152
3.2798424865200e-04;        152
3.2800257571600e-04;       5064
3.2802254915300e-04;       5064
3.2804088421500e-04;       7660
3.2806085130300e-04;       7660
3.2807917834700e-04;       2700
3.2809915257200e-04;       2700
3.2811747963900e-04;         56
3.2813745300700e-04;         56
3.2815745336500e-04;       2652
3.2817575542100e-04;       2652
3.2819574751200e-04;          8
3.2821405548000e-04;          8
3.2823405589100e-04;       2604
3.2825235687500e-04;       2604
3.2827235719500e-04;       5200
3.2829065936800e-04;       5200
3.2831065174900e-04;       2556
3.2833062521400e-04;       2556
3.2834896008700e-04;       5152
3.2836892751200e-04;       5152
3.2838725461700e-04;       7748
3.2840722901300e-04;       7748
3.2842555619300e-04;       5104
3.2844552932200e-04;       5104
3.2846386451200e-04;        144
3.2848383173000e-04;        144
3.2850215885500e-04;       5056
3.2852213221200e-04;       5056
3.2854213244800e-04;       7652
3.2856043451100e-04;       7652
3.2858042692900e-04;      10248
3.2859873602200e-04;      10248
3.2861872829400e-04;       7604
3.2863703631300e-04;       7604
3.2865703648400e-04;       2644
3.2867533865200e-04;       2644
3.2869533097700e-04;          0
3.2871530443600e-04;          0
3.2873363956200e-04;       2596
3.2875360593400e-04;       2596
3.2877194100400e-04;       5192
3.2879190841700e-04;       5192
3.2881023550900e-04;       2548
3.2883020887900e-04;       2548
3.2884854407200e-04;       5144
3.2886851154900e-04;       5144
3.2888683862600e-04;       7740
3.2890681288100e-04;       7740
3.2892513972900e-04;       5096
3.2894511320200e-04;       5096
3.2896511344500e-04;        136
3.2898341553100e-04;        136
3.2900340787700e-04;       5048
3.2902171605000e-04;       5048
3.2904171619300e-04;         88
3.2906001843700e-04;         88
3.2908001078200e-04;       2684
3.2909831987600e-04;       2684
3.2911831215500e-04;       7596
3.2913828555200e-04;       7596
3.2915662067600e-04;       2636
3.2917658797700e-04;       2636
3.2919491499000e-04;         -8
3.2921488806300e-04;         -8
3.2923322289000e-04;       2588
3.2925318920200e-04;       2588
3.2927152445800e-04;       5184
3.2929149187000e-04;       5184
3.2930981914600e-04;       2540
3.2932979259800e-04;       2540
3.2934979295900e-04;       5136
3.2936809486400e-04;       5136
3.2938808714200e-04;       7732
3.2940639622100e-04;       7732
3.2942638871000e-04;       5088
3.2944469662000e-04;       5088
3.2946469689200e-04;        128
3.2948299898700e-04;        128
3.2950299138900e-04;       5040
3.2952296461700e-04;       5040
3.2954129960800e-04;         80
3.2956126695500e-04;         80
3.2957959383600e-04;       2676
3.2959956819500e-04;       2676
3.2961789500600e-04;       7588
3.2963786815800e-04;       7588
3.2965620320300e-04;       2628
3.2967617061900e-04;       2628
3.2969449764400e-04;        -16
3.2971447097500e-04;        -16
3.2973447113000e-04;       2580
3.2975277227300e-04;       2580
3.2977277266600e-04;       5176
3.2979107483300e-04;       5176
3.2981106724300e-04;       2532
3.2982937518000e-04;       2532
3.2984937550400e-04;       5128
3.2986767755600e-04;       5128
3.2988766973000e-04;       7724
3.2990597887700e-04;       7724
3.2992597118300e-04;      -2476
3.2994594460700e-04;      -2476
3.2996427953400e-04;        120
3.2998424656200e-04;        120
3.3000257374900e-04;       5032
3.3002254722800e-04;       5032
3.3004088221700e-04;       7628
3.3006084959600e-04;       7628
3.3007917668400e-04;       2668
3.3009915103100e-04;       2668
3.3011747808900e-04;         24
3.3013745140400e-04;         24
3.3015745169900e-04;       2620
3.3017575378900e-04;       2620
3.3019574586900e-04;        -24
3.3021405409300e-04;        -24
3.3023405464700e-04;       2572
3.3025235553700e-04;       2572
3.3027235604900e-04;       5168
3.3029065810800e-04;       5168
3.3031065054000e-04;       2524
3.3033062358800e-04;       2524
3.3034895873000e-04;       5120
3.3036892608600e-04;       5120
3.3038725320700e-04;       7716
3.3040722736300e-04;       7716
3.3042555458200e-04;       5072
3.3044552785700e-04;       5072
3.3046386288100e-04;        112
3.3048383007100e-04;        112
3.3050215726000e-04;       5024
3.3052213037600e-04;       5024
3.3054213065400e-04;         64
3.3056043262100e-04;         64
3.3058042501600e-04;       2660
3.3059873409600e-04;       2660
3.3061872645900e-04;         16
3.3063703443200e-04;         16
3.3065703490500e-04;       2612
3.3067533687900e-04;       2612
3.3069532934900e-04;        -32
3.3071530280100e-04;        -32
3.3073363778900e-04;       2564
3.3075360396900e-04;       2564
3.3077193901200e-04;       5160
3.3079190653100e-04;       5160
3.3081023326600e-04;       2516
3.3083020671300e-04;       2516
3.3084854171000e-04;       5112
3.3086850909300e-04;       5112
3.3088683606100e-04;       7708
3.3090681027800e-04;       7708
3.3092513750300e-04;       5064
3.3094511089800e-04;       5064
3.3096511134900e-04;        104
3.3098341336500e-04;        104
3.3100340581600e-04;       5016
3.3102171365700e-04;       5016
3.3104171405400e-04;         56
3.3106001621300e-04;         56
3.3108000843400e-04;       2652
3.3109831746100e-04;       2652
3.3111830992400e-04;          8
3.3113828334400e-04;          8
3.3115661825400e-04;       2604
3.3117658576400e-04;       2604
3.3119491299700e-04;        -40
3.3121488644600e-04;        -40
3.3123322143400e-04;       2556
3.3125318786600e-04;       2556
3.3127152270000e-04;       5152
3.3129149027500e-04;       5152
3.3130981744900e-04;       2508
3.3132979086300e-04;       2508
3.3134979122100e-04;       5104
3.3136809318300e-04;       5104
3.3138808551000e-04;       7700
3.3140639465200e-04;       7700
3.3142638711700e-04;       5056
3.3144469517700e-04;       5056
3.3146469559200e-04;         96
3.3148299775400e-04;         96
3.3150299008800e-04;       5008
3.3152296336700e-04;       5008
3.3154129835600e-04;         48
3.3156126581300e-04;         48
3.3157959295000e-04;       2644
3.3159956740400e-04;       2644
3.3161789446900e-04;          0
3.3163786780600e-04;          0
3.3165620290200e-04;       2596
3.3167617026200e-04;       2596
3.3169449714600e-04;        -48
3.3171447073400e-04;        -48
3.3173447088300e-04;       2548
3.3175277201300e-04;       2548
3.3177277230800e-04;       5144
3.3179107447400e-04;       5144
3.3181106695000e-04;       2500
3.3182937494700e-04;       2500
3.3184937540100e-04;       5096
3.3186767743900e-04;       5096
3.3188766983600e-04;       7692
3.3190597886200e-04;       7692
3.3192597120200e-04;       5048
3.3194594453100e-04;       5048
3.3196427950400e-04;         88
3.3198424684500e-04;         88
3.3200257388100e-04;       5000
3.3202254730500e-04;       5000
3.3204088252700e-04;         40
3.3206084987400e-04;         40
3.3207917662500e-04;       2636
3.3209915094400e-04;       2636
3.3211747818700e-04;         -8
3.3213745159600e-04;         -8
3.3215745204100e-04;       2588
3.3217575402700e-04;       2588
3.3219574649000e-04;        -56
3.3221405459200e-04;        -56
3.3223405484500e-04;       2540
3.3225235611500e-04;       2540
3.3227235647600e-04;       5136
3.3229065832700e-04;       5136
3.3231065088000e-04;       2492
3.3233062414500e-04;       2492
3.3234895921600e-04;       5088
3.3236892655500e-04;       5088
3.3238725373000e-04;       7684
3.3240722794000e-04;       7684
3.3242555503800e-04;       5040
3.3244552834800e-04;       5040
3.3246386328000e-04;         80
3.3248383051000e-04;         80
3.3250215759400e-04;       4992
3.3252213108600e-04;       4992
3.3254213157500e-04;         32
3.3256043355500e-04;         32
3.3258042589500e-04;       2628
3.3259873498500e-04;       2628
3.3261872716000e-04;        -16
3.3263703539400e-04;        -16
3.3265703567600e-04;       2580
3.3267533768700e-04;       2580
3.3269533020100e-04;        -64
3.3271530349100e-04;        -64
3.3273363845500e-04;       2532
3.3275360475300e-04;       2532
3.3277193981700e-04;       5128
3.3279190726900e-04;       5128
3.3281023433200e-04;       2484
3.3283020763500e-04;       2484
3.3284854282700e-04;       5080
3.3286851020600e-04;       5080
3.3288683721200e-04;       7676
3.3290681154900e-04;       7676
3.3292513875800e-04;       5032
3.3294511201500e-04;       5032
3.3296511246400e-04;         72
3.3298341447500e-04;         72
3.3300340686900e-04;       4984
3.3302171466800e-04;       4984
3.3304171518900e-04;         24
3.3306001727900e-04;         24
3.3308000948100e-04;       2620
3.3309831852100e-04;       2620
3.3311831084000e-04;        -24
3.3313828397700e-04;        -24
3.3315661910000e-04;       2572
3.3317658638700e-04;       2572
3.3319491351700e-04;        -72
3.3321488679400e-04;        -72
3.3323322200200e-04;       2524
3.3325318799700e-04;       2524
3.3327152263100e-04;       5120
3.3329149010000e-04;       5120
3.3330981722000e-04;       2476
3.3332979056200e-04;       2476
3.3334979114600e-04;       5072
3.3336809301100e-04;       5072
3.3338808535700e-04;       7668
3.3340639448400e-04;       7668
3.3342638669500e-04;       5024
3.3344469485500e-04;       5024
3.3346469521700e-04;         64
3.3348299747000e-04;         64
3.3350298973600e-04;       4976
3.3352296307400e-04;       4976
3.3354129793100e-04;         16
3.3356126524900e-04;         16
3.3357959237100e-04;       2612
3.3359956681700e-04;       2612
3.3361789376400e-04;        -32
3.3363786724600e-04;        -32
3.3365620238500e-04;       2564
3.3367616978100e-04;       2564
3.3369449660700e-04;        -80
3.3371447011900e-04;        -80
3.3373447017300e-04;       2516
3.3375277123300e-04;       2516
3.3377277163100e-04;       5112
3.3379107364800e-04;       5112
3.3381106626000e-04;       2468
3.3382937428800e-04;       2468
3.3384937485100e-04;       5064
3.3386767710000e-04;       5064
3.3388766922900e-04;       7660
3.3390597829000e-04;       7660
3.3392597060800e-04;      -2540
3.3394594355000e-04;      -2540
3.3396427865000e-04;         56
3.3398424615500e-04;         56
3.3400257287100e-04;       4968
3.3402254611500e-04;       4968
3.3404088108100e-04;          8
3.3406084846500e-04;          8
3.3407917544500e-04;       2604
3.3409914988900e-04;       2604
3.3411747682700e-04;        -40
3.3413745026400e-04;        -40
3.3415745068700e-04;       2556
3.3417575284800e-04;       2556
3.3419574520500e-04;        -88
3.3421405345600e-04;        -88
3.3423405386600e-04;       2508
3.3425235487600e-04;       2508
3.3427235481800e-04;       5104
3.3429065697700e-04;       5104
3.3431064918500e-04;       2460
3.3433062229500e-04;       2460
3.3434895721600e-04;       5056
3.3436892437500e-04;       5056
3.3438725158300e-04;       7652
3.3440722596600e-04;       7652
3.3442555326300e-04;      -2548
3.3444552658300e-04;      -2548
3.3446386161300e-04;         48
3.3448382904600e-04;         48
3.3450215599100e-04;       4960
3.3452212928300e-04;       4960
3.3454212949700e-04;          0
3.3456043160800e-04;          0
3.3458042407900e-04;       2596
3.3459873333100e-04;       2596
3.3461872584800e-04;        -48
3.3463703370800e-04;        -48
3.3465703417200e-04;       2548
3.3467533622200e-04;       2548
3.3469532875100e-04;        -96
3.3471530197600e-04;        -96
3.3473363686800e-04;       2500
3.3475360327700e-04;       2500
3.3477193851600e-04;       5096
3.3479190580100e-04;       5096
3.3481023287000e-04;       2452
3.3483020628500e-04;       2452
3.3484854126300e-04;       5048
3.3486850861600e-04;       5048
3.3488683587600e-04;       7644
3.3490681037900e-04;       7644
3.3492513729400e-04;      -2556
3.3494511054800e-04;      -2556
3.3496511071700e-04;         40
3.3498341265200e-04;         40
3.3500340507100e-04;       4952
3.3502171319900e-04;       4952
3.3504171362100e-04;         -8
3.3506001565700e-04;         -8
3.3508000799600e-04;       2588
3.3509831699800e-04;       2588
3.3511830945800e-04;        -56
3.3513828288500e-04;        -56
3.3515661795300e-04;       2540
3.3517658547000e-04;       2540
3.3519491258100e-04;       -104
3.3521488583300e-04;       -104
3.3523322082500e-04;       2492
3.3525318742700e-04;       2492
3.3527152233400e-04;       5088
3.3529148954000e-04;       5088
3.3530981643700e-04;       2444
3.3532978951700e-04;       2444
3.3534979004700e-04;       5040
3.3536809216700e-04;       5040
3.3538808446700e-04;       7636
3.3540639358200e-04;       7636
3.3542638588500e-04;      -2564
3.3544469374200e-04;      -2564
3.3546469428600e-04;         32
3.3548299641700e-04;         32
3.3550298874200e-04;       4944
3.3552296210600e-04;       4944
3.3554129707000e-04;        -16
3.3556126447500e-04;        -16
3.3557959172500e-04;       2580
3.3559956603000e-04;       2580
3.3561789326200e-04;        -64
3.3563786654600e-04;        -64
3.3565620136800e-04;       2532
3.3567616886400e-04;       2532
3.3569449607300e-04;       -112
3.3571446937900e-04;       -112
3.3573446970000e-04;       2484
3.3575277085800e-04;       2484
3.3577277129100e-04;       5080
3.3579107331000e-04;       5080
3.3581106556300e-04;       2436
3.3582937328100e-04;       2436
3.3584937378300e-04;       5032
3.3586767594000e-04;       5032
3.3588766842400e-04;       7628
3.3590597714500e-04;       7628
3.3592596939000e-04;      -2572
3.3594594290100e-04;      -2572
3.3596427796300e-04;         24
3.3598424535300e-04;         24
3.3600257245500e-04;       4936
3.3602254588800e-04;       4936
3.3604088084300e-04;        -24
3.3606084809200e-04;        -24
3.3607917495000e-04;       2572
3.3609914884300e-04;       2572
3.3611747607300e-04;        -72
3.3613744933300e-04;        -72
3.3615744983300e-04;       2524
3.3617575186200e-04;       2524
3.3619574438900e-04;       -120
3.3621405261600e-04;       -120
3.3623405288500e-04;       2476
3.3625235379500e-04;       2476
3.3627235415800e-04;       5072
3.3629065653300e-04;       5072
3.3631064886800e-04;       2428
3.3633062240300e-04;       2428
3.3634895754900e-04;       5024
3.3636892499900e-04;       5024
3.3638725211300e-04;       7620
3.3640722618800e-04;       7620
3.3642555319100e-04;       4976
3.3644552654500e-04;       4976
3.3646386170300e-04;         16
3.3648382882000e-04;         16
3.3650215587600e-04;       4928
3.3652212919000e-04;       4928
3.3654212950200e-04;        -32
3.3656043154100e-04;        -32
3.3658042393600e-04;       2564
3.3659873292800e-04;       2564
3.3661872522300e-04;        -80
3.3663703314200e-04;        -80
3.3665703357400e-04;       2516
3.3667533575200e-04;       2516
3.3669532817300e-04;       -128
3.3671530150900e-04;       -128
3.3673363666400e-04;       2468
3.3675360306300e-04;       2468
3.3677193819900e-04;       5064
3.3679190557800e-04;       5064
3.3681023276900e-04;       2420
3.3683020618900e-04;       2420
3.3684854123600e-04;       5016
3.3686850880100e-04;       5016
3.3688683544600e-04;       7612
3.3690680979300e-04;       7612
3.3692513676700e-04;      -2588
3.3694511006500e-04;      -2588
3.3696511048300e-04;          8
3.3698341250500e-04;          8
3.3700340493500e-04;       4920
3.3702171294700e-04;       4920
3.3704171326900e-04;        -40
3.3706001517900e-04;        -40
3.3708000766000e-04;       2556
3.3709831681800e-04;       2556
3.3711830931000e-04;        -88
3.3713828281000e-04;        -88
3.3715661782400e-04;       2508
3.3717658512500e-04;       2508
3.3719491220600e-04;       -136
3.3721488540100e-04;       -136
3.3723322040000e-04;       2460
3.3725318626800e-04;       2460
3.3727152133800e-04;       5056
3.3729148878600e-04;       5056
3.3730981582400e-04;       2412
3.3732978920400e-04;       2412
3.3734978956300e-04;       5008
3.3736809159000e-04;       5008
3.3738808395500e-04;       7604
3.3740639277100e-04;       7604
3.3742638537200e-04;      -2596
3.3744469359500e-04;      -2596
3.3746469351300e-04;          0
3.3748299556500e-04;          0
3.3750298797700e-04;       4912
3.3752296111000e-04;       4912
3.3754129623400e-04;        -48
3.3756126347200e-04;        -48
3.3757959061700e-04;       2548
3.3759956498400e-04;       2548
3.3761789192000e-04;        -96
3.3763786545100e-04;        -96
3.3765620055700e-04;       2500
3.3767616784200e-04;       2500
3.3769449475700e-04;       -144
3.3771446824200e-04;       -144
3.3773446843700e-04;       2452
3.3775276944000e-04;       2452
3.3777276946800e-04;       5048
3.3779107140800e-04;       5048
3.3781106370300e-04;       2404
3.3782937178700e-04;       2404
3.3784937196900e-04;       5000
3.3786767411100e-04;       5000
3.3788766622500e-04;      -5200
3.3790763949600e-04;      -5200
3.3792597444600e-04;      -2604
3.3794594084800e-04;      -2604
3.3796427593600e-04;         -8
3.3798424338500e-04;         -8
3.3800257032700e-04;      -2652
3.3802254350300e-04;      -2652
3.3804087861400e-04;        -56
3.3806084596100e-04;        -56
3.3807917299700e-04;       2540
3.3809914741900e-04;       2540
3.3811747453400e-04;       -104
3.3813744815100e-04;       -104
3.3815744860700e-04;       2492
3.3817575051900e-04;       2492
3.3819574290100e-04;       -152
3.3821405107400e-04;       -152
3.3823405134400e-04;       2444
3.3825235240600e-04;       2444
3.3827235289800e-04;       5040
3.3829065501500e-04;       5040
3.3831064757900e-04;       2396
3.3833062063400e-04;       2396
3.3834895589300e-04;       4992
3.3836892304700e-04;       4992
3.3838725010900e-04;      -5208
3.3840722345000e-04;      -5208
3.3842555845500e-04;      -2612
3.3844552491300e-04;      -2612
3.3846385991400e-04;        -16
3.3848382702900e-04;        -16
3.3850215414200e-04;       4896
3.3852212752600e-04;       4896
3.3854212802000e-04;        -64
3.3856042997300e-04;        -64
3.3858042231700e-04;       2532
3.3859873151400e-04;       2532
3.3861872370200e-04;       -112
3.3863703193600e-04;       -112
3.3865703232500e-04;       2484
3.3867533434600e-04;       2484
3.3869532677100e-04;       -160
3.3871530005400e-04;       -160
3.3873363514600e-04;       2436
3.3875360163300e-04;       2436
3.3877193659900e-04;       5032
3.3879190367500e-04;       5032
3.3881023095600e-04;       2388
3.3883020413700e-04;       2388
3.3884853913800e-04;      -2572
3.3886850652200e-04;      -2572
3.3888683354700e-04;      -5216
3.3890680654800e-04;      -5216
3.3892680692400e-04;      -2620
3.3894510808400e-04;      -2620
3.3896510864100e-04;        -24
3.3898341067600e-04;        -24
3.3900340310100e-04;       4888
3.3902171127600e-04;       4888
3.3904171146400e-04;        -72
3.3906001365600e-04;        -72
3.3908000581500e-04;       2524
3.3909831530200e-04;       2524
3.3911830779500e-04;       -120
3.3913828104500e-04;       -120
3.3915661589800e-04;       2476
3.3917658292200e-04;       2476
3.3919491014800e-04;       -168
3.3921488364500e-04;       -168
3.3923321875000e-04;       2428
3.3925318513300e-04;       2428
3.3927152016500e-04;       5024
3.3929148752600e-04;       5024
3.3930981456000e-04;       2380
3.3932978791500e-04;       2380
3.3934978846400e-04;       4976
3.3936809067200e-04;       4976
3.3938808284500e-04;      -5224
3.3940639201000e-04;      -5224
3.3942638413300e-04;      -2628
3.3944469225700e-04;      -2628
3.3946469257500e-04;        -32
3.3948299470800e-04;        -32
3.3950298702400e-04;       4880
3.3952296049500e-04;       4880
3.3954129516700e-04;        -80
3.3956126241200e-04;        -80
3.3957958943200e-04;       2516
3.3959956388300e-04;       2516
3.3961789099600e-04;       -128
3.3963786412000e-04;       -128
3.3965619915300e-04;       2468
3.3967616655900e-04;       2468
3.3969449374600e-04;       -176
3.3971446719800e-04;       -176
3.3973446776300e-04;       2420
3.3975276876300e-04;       2420
3.3977276889600e-04;       5016
3.3979107073100e-04;       5016
3.3981106313900e-04;       2372
3.3982937138400e-04;       2372
3.3984937141900e-04;       4968
3.3986767324300e-04;       4968
3.3988766556800e-04;       7564
3.3990763879500e-04;       7564
3.3992597403600e-04;      -2636
3.3994594032600e-04;      -2636
3.3996427547200e-04;        -40
3.3998424277000e-04;        -40
3.4000256990100e-04;      -2684
3.4002254322900e-04;      -2684
3.4004087835300e-04;        -88
3.4006084590900e-04;        -88
3.4007917284500e-04;       2508
3.4009914723800e-04;       2508
3.4011747447700e-04;       -136
3.4013744767900e-04;       -136
3.4015744801500e-04;       2460
3.4017575012900e-04;       2460
3.4019574253500e-04;       -184
3.4021405042800e-04;       -184
3.4023405101000e-04;       2412
3.4025235187600e-04;       2412
3.4027235211600e-04;       5008
3.4029065423500e-04;       5008
3.4031064659200e-04;       2364
3.4033061999500e-04;       2364
3.4034895526300e-04;      -2596
3.4036892249200e-04;      -2596
3.4038724945400e-04;      -5240
3.4040722302900e-04;      -5240
3.4042555825000e-04;      -2644
3.4044552467600e-04;      -2644
3.4046385985100e-04;        -48
3.4048382725800e-04;        -48
3.4050215434000e-04;      -2692
3.4052212738200e-04;      -2692
3.4054212793100e-04;        -96
3.4056042996500e-04;        -96
3.4058042238900e-04;       2500
3.4059873136900e-04;       2500
3.4061872397400e-04;       -144
3.4063703195700e-04;       -144
3.4065703233900e-04;       2452
3.4067533426600e-04;       2452
3.4069532673600e-04;       -192
3.4071530000100e-04;       -192
3.4073363518600e-04;       2404
3.4075360151400e-04;       2404
3.4077193668000e-04;       5000
3.4079190405700e-04;       5000
3.4081023115500e-04;       2356
3.4083020463800e-04;       2356
3.4084853987400e-04;       4952
3.4086850730000e-04;       4952
3.4088683424500e-04;      -5248
3.4090680882600e-04;      -5248
3.4092513578600e-04;      -2652
3.4094510877900e-04;      -2652
3.4096510941500e-04;        -56
3.4098341119900e-04;        -56
3.4100340359700e-04;      -2700
3.4102171174000e-04;      -2700
3.4104171212900e-04;       -104
3.4106001393400e-04;       -104
3.4108000624000e-04;       2492
3.4109831541500e-04;       2492
3.4111830744800e-04;       -152
3.4113828091800e-04;       -152
3.4115661608600e-04;       2444
3.4117658350800e-04;       2444
3.4119491070900e-04;       -200
3.4121488408200e-04;       -200
3.4123321935800e-04;       2396
3.4125318572900e-04;       2396
3.4127152076300e-04;       4992
3.4129148818100e-04;       4992
3.4130981508300e-04;       2348
3.4132978850800e-04;       2348
3.4134978910800e-04;       4944
3.4136809137300e-04;       4944
3.4138808349500e-04;      -5256
3.4140639164500e-04;      -5256
3.4142639196900e-04;      -2660
3.4144469290000e-04;      -2660
3.4146469339100e-04;        -64
3.4148299558600e-04;        -64
3.4150298764300e-04;      -2708
3.4152296105100e-04;      -2708
3.4154129614200e-04;       -112
3.4156126359400e-04;       -112
3.4157959087600e-04;       2484
3.4159956526000e-04;       2484
3.4161789229300e-04;       -160
3.4163786596000e-04;       -160
3.4165620115900e-04;       2436
3.4167616865700e-04;       2436
3.4169449581000e-04;       -208
3.4171446918600e-04;       -208
3.4173446947200e-04;       2388
3.4175277035300e-04;       2388
3.4177277105100e-04;       4984
3.4179107316500e-04;       4984
3.4181106565300e-04;       2340
3.4182937382300e-04;       2340
3.4184937418400e-04;       4936
3.4186767649300e-04;       4936
3.4188766878300e-04;       7532
3.4190597813700e-04;       7532
3.4192597032700e-04;       4888
3.4194594377800e-04;       4888
3.4196427880700e-04;        -72
3.4198424616000e-04;        -72
3.4200257314200e-04;       4840
3.4202254652200e-04;       4840
3.4204088164100e-04;       -120
3.4206084893400e-04;       -120
3.4207917599600e-04;       2476
3.4209915007400e-04;       2476
3.4211747722800e-04;       -168
3.4213745043600e-04;       -168
3.4215745082500e-04;       2428
3.4217575308600e-04;       2428
3.4219574534900e-04;       -216
3.4221405368200e-04;       -216
3.4223405412800e-04;       2380
3.4225235514100e-04;       2380
3.4227235567600e-04;       4976
3.4229065763600e-04;       4976
3.4231064966400e-04;       2332
3.4233062282400e-04;       2332
3.4234895786900e-04;       4928
3.4236892520300e-04;       4928
3.4238725226900e-04;       7524
3.4240722669900e-04;       7524
3.4242555370300e-04;      -2676
3.4244552691600e-04;      -2676
3.4246386199500e-04;        -80
3.4248382933700e-04;        -80
3.4250215649700e-04;       4832
3.4252212978400e-04;       4832
3.4254212982500e-04;       -128
3.4256043201000e-04;       -128
3.4258042414200e-04;       2468
3.4259873330900e-04;       2468
3.4261872568500e-04;       -176
3.4263703375800e-04;       -176
3.4265703417400e-04;       2420
3.4267533622200e-04;       2420
3.4269532843700e-04;       -224
3.4271530163300e-04;       -224
3.4273363673000e-04;       2372
3.4275360283100e-04;       2372
3.4277193787500e-04;       4968
3.4279190499100e-04;       4968
3.4281023207100e-04;       2324
3.4283020557900e-04;       2324
3.4284854070300e-04;      -2636
3.4286850794400e-04;      -2636
3.4288683520700e-04;      -5280
3.4290680951200e-04;      -5280
3.4292513654600e-04;      -2684
3.4294510993600e-04;      -2684
3.4296511016700e-04;        -88
3.4298341229500e-04;        -88
3.4300340462700e-04;       4824
3.4302171258900e-04;       4824
3.4304171315000e-04;       -136
3.4306001516200e-04;       -136
3.4308000761100e-04;       2460
3.4309831658200e-04;       2460
3.4311830915300e-04;       -184
3.4313828257900e-04;       -184
3.4315661775400e-04;       2412
3.4317658503100e-04;       2412
3.4319491206600e-04;       -232
3.4321488546000e-04;       -232
3.4323322056500e-04;       2364
3.4325318695900e-04;       2364
3.4327152190000e-04;       4960
3.4329148945800e-04;       4960
3.4330981672600e-04;       2316
3.4332978997900e-04;       2316
3.4334979054300e-04;       4912
3.4336809227600e-04;       4912
3.4338808471900e-04;       7508
3.4340639371000e-04;       7508
3.4342638595200e-04;       4864
3.4344469411200e-04;       4864
3.4346469437900e-04;        -96
3.4348299654200e-04;        -96
3.4350298890100e-04;       4816
3.4352296236500e-04;       4816
3.4354129751700e-04;       -144
3.4356126441400e-04;       -144
3.4357959140700e-04;       2452
3.4359956547700e-04;       2452
3.4361789251400e-04;       -192
3.4363786591500e-04;       -192
3.4365620098600e-04;       2404
3.4367616842300e-04;       2404
3.4369449538300e-04;       -240
3.4371446893800e-04;       -240
3.4373446928000e-04;       2356
3.4375277024000e-04;       2356
3.4377277031600e-04;       4952
3.4379107241500e-04;       4952
3.4381106481400e-04;       2308
3.4382937249200e-04;       2308
3.4384937276700e-04;       4904
3.4386767498800e-04;       4904
3.4388766751600e-04;       7500
3.4390597650200e-04;       7500
3.4392596898500e-04;      -2700
3.4394594215400e-04;      -2700
3.4396427721100e-04;       -104
3.4398424450700e-04;       -104
3.4400257165400e-04;       4808
3.4402254506200e-04;       4808
3.4404087989800e-04;       -152
3.4406084740500e-04;       -152
3.4407917456000e-04;       2444
3.4409914869500e-04;       2444
3.4411747575200e-04;       -200
3.4413744908300e-04;       -200
3.4415744944200e-04;       2396
3.4417575162300e-04;       2396
3.4419574393000e-04;       -248
3.4421405199900e-04;       -248
3.4423405240400e-04;       2348
3.4425235342600e-04;       2348
3.4427235382000e-04;       4944
3.4429065592200e-04;       4944
3.4431064837600e-04;       2300
3.4433062185400e-04;       2300
3.4434895675800e-04;       4896
3.4436892409700e-04;       4896
3.4438725114100e-04;       7492
3.4440722541300e-04;       7492
3.4442555253300e-04;      -2708
3.4444552561700e-04;      -2708
3.4446386085800e-04;       -112
3.4448382831300e-04;       -112
3.4450215531300e-04;       4800
3.4452212873400e-04;       4800
3.4454212923300e-04;       -160
3.4456043113600e-04;       -160
3.4458042334000e-04;       2436
3.4459873237400e-04;       2436
3.4461872443800e-04;       -208
3.4463703240300e-04;       -208
3.4465703263500e-04;       2388
3.4467533476600e-04;       2388
3.4469532701400e-04;       -256
3.4471530034200e-04;       -256
3.4473363546900e-04;       2340
3.4475360173200e-04;       2340
3.4477193692900e-04;       4936
3.4479190402100e-04;       4936
3.4481023117900e-04;       2292
3.4483020447300e-04;       2292
3.4484853949200e-04;       4888
3.4486850682200e-04;       4888
3.4488683357500e-04;      -5312
3.4490680671800e-04;      -5312
3.4492680706200e-04;      -2716
3.4494510833800e-04;      -2716
3.4496510858800e-04;       -120
3.4498341087000e-04;       -120
3.4500340319700e-04;      -2764
3.4502171133000e-04;      -2764
3.4504171178400e-04;       -168
3.4506001400200e-04;       -168
3.4508000633100e-04;       2428
3.4509831553600e-04;       2428
3.4511830758900e-04;       -216
3.4513828105000e-04;       -216
3.4515661618900e-04;       2380
3.4517658329600e-04;       2380
3.4519491040400e-04;       -264
3.4521488340600e-04;       -264
3.4523321858700e-04;       2332
3.4525318509900e-04;       2332
3.4527152022900e-04;      -2628
3.4529148756600e-04;      -2628
3.4530981477200e-04;       2284
3.4532978831700e-04;       2284
3.4534978861500e-04;       4880
3.4536809063700e-04;       4880
3.4538808297700e-04;      -5320
3.4540639206700e-04;      -5320
3.4542638432900e-04;      -2724
3.4544469241900e-04;      -2724
3.4546469279500e-04;       -128
3.4548299488600e-04;       -128
3.4550298731500e-04;      -2772
3.4552296056100e-04;      -2772
3.4554129570700e-04;       -176
3.4556126314000e-04;       -176
3.4557959030000e-04;       2420
3.4559956471500e-04;       2420
3.4561789184400e-04;       -224
3.4563786526100e-04;       -224
3.4565620035400e-04;       2372
3.4567616736200e-04;       2372
3.4569449450000e-04;       -272
3.4571446781400e-04;       -272
3.4573446824700e-04;       2324
3.4575276925900e-04;       2324
3.4577276971000e-04;       4920
3.4579107190700e-04;       4920
3.4581106426300e-04;       2276
3.4582937239600e-04;       2276
3.4584937272600e-04;       4872
3.4586767477700e-04;       4872
3.4588766685400e-04;      -5328
3.4590597614400e-04;      -5328
3.4592596859000e-04;      -2732
3.4594594212400e-04;      -2732
3.4596427726200e-04;       -136
3.4598424435500e-04;       -136
3.4600257152100e-04;       4776
3.4602254485300e-04;       4776
3.4604088006300e-04;       -184
3.4606084745200e-04;       -184
3.4607917452900e-04;       2412
3.4609914859300e-04;       2412
3.4611747553300e-04;       -232
3.4613744902600e-04;       -232
3.4615744931500e-04;       2364
3.4617575156100e-04;       2364
3.4619574393100e-04;       -280
3.4621405184600e-04;       -280
3.4623405223700e-04;       2316
3.4625235309900e-04;       2316
3.4627235361500e-04;       4912
3.4629065568100e-04;       4912
3.4631064796900e-04;       2268
3.4633062148200e-04;       2268
3.4634895661100e-04;       4864
3.4636892385600e-04;       4864
3.4638725097300e-04;       7460
3.4640722545000e-04;       7460
3.4642555199800e-04;      -2740
3.4644552526300e-04;      -2740
3.4646386025700e-04;       -144
3.4648382761500e-04;       -144
3.4650215484800e-04;       4768
3.4652212821400e-04;       4768
3.4654212862000e-04;       -192
3.4656043054800e-04;       -192
3.4658042269000e-04;       2404
3.4659873166200e-04;       2404
3.4661872406100e-04;       -240
3.4663703218800e-04;       -240
3.4665703245500e-04;       2356
3.4667533426900e-04;       2356
3.4669532634400e-04;       -288
3.4671529965500e-04;       -288
3.4673363469300e-04;       2308
3.4675360089300e-04;       2308
3.4677193595400e-04;       4904
3.4679190318900e-04;       4904
3.4681023003800e-04;       2260
3.4683020326900e-04;       2260
3.4684853813400e-04;       4856
3.4686850536900e-04;       4856
3.4688683236400e-04;      -5344
3.4690680578300e-04;      -5344
3.4692680638700e-04;      -2748
3.4694510740300e-04;      -2748
3.4696510794000e-04;       -152
3.4698341012500e-04;       -152
3.4700340250000e-04;      -2796
3.4702171035400e-04;      -2796
3.4704171048800e-04;       -200
3.4706001262400e-04;       -200
3.4708000503400e-04;       2396
3.4709831416900e-04;       2396
3.4711830658600e-04;       -248
3.4713828004400e-04;       -248
3.4715661515100e-04;       2348
3.4717658266900e-04;       2348
3.4719490974600e-04;       -296
3.4721488324600e-04;       -296
3.4723321809900e-04;       2300
3.4725318408900e-04;       2300
3.4727151928300e-04;      -2660
3.4729148667900e-04;      -2660
3.4730981377300e-04;       2252
3.4732978717800e-04;       2252
3.4734978743100e-04;      -2708
3.4736808966300e-04;      -2708
3.4738808217500e-04;      -5352
3.4740639133500e-04;      -5352
3.4742638372000e-04;      -2756
3.4744469182900e-04;      -2756
3.4746469211500e-04;       -160
3.4748299422500e-04;       -160
3.4750298674100e-04;      -2804
3.4752296003400e-04;      -2804
3.4754129533400e-04;       -208
3.4756126243100e-04;       -208
3.4757958965900e-04;       2388
3.4759956413700e-04;       2388
3.4761789116100e-04;       -256
3.4763786461700e-04;       -256
3.4765619970100e-04;      -5216
3.4767616717500e-04;      -5216
3.4769449409800e-04;       -304
3.4771446760000e-04;       -304
3.4773446805100e-04;       2292
3.4775276875400e-04;       2292
3.4777276904100e-04;       4888
3.4779107120200e-04;       4888
3.4781106355100e-04;       2244
3.4782937179100e-04;       2244
3.4784937195200e-04;       4840
3.4786767399700e-04;       4840
3.4788766663500e-04;      -5360
3.4790763982400e-04;      -5360
3.4792597493700e-04;      -2764
3.4794594159000e-04;      -2764
3.4796427689100e-04;       -168
3.4798424446500e-04;       -168
3.4800257164700e-04;      -2812
3.4802254506400e-04;      -2812
3.4804088019500e-04;       -216
3.4806084760200e-04;       -216
3.4807917466100e-04;       2380
3.4809914905700e-04;       2380
3.4811747639800e-04;       -264
3.4813744965200e-04;       -264
3.4815744968300e-04;       2332
3.4817575180100e-04;       2332
3.4819574432200e-04;       -312
3.4821405252900e-04;       -312
3.4823405287300e-04;       2284
3.4825235408900e-04;       2284
3.4827235445600e-04;       4880
3.4829065666700e-04;       4880
3.4831064891400e-04;       2236
3.4833062207400e-04;       2236
3.4834895727000e-04;       4832
3.4836892486500e-04;       4832
3.4838725181100e-04;      -5368
3.4840722608200e-04;      -5368
3.4842555314300e-04;      -2772
3.4844552678100e-04;      -2772
3.4846386204200e-04;       -176
3.4848382952900e-04;       -176
3.4850215664200e-04;       4736
3.4852213012300e-04;       4736
3.4854213024100e-04;       -224
3.4856043249100e-04;       -224
3.4858042504800e-04;       2372
3.4859873415500e-04;       2372
3.4861872611500e-04;       -272
3.4863703413200e-04;       -272
3.4865703448300e-04;       2324
3.4867533652000e-04;       2324
3.4869532894100e-04;       -320
3.4871530232400e-04;       -320
3.4873363741000e-04;       2276
3.4875360372100e-04;       2276
3.4877193873900e-04;       4872
3.4879190624500e-04;       4872
3.4881023351000e-04;       2228
3.4883020679600e-04;       2228
3.4884854186900e-04;       4824
3.4886850912200e-04;       4824
3.4888683607300e-04;       7420
3.4890681054500e-04;       7420
3.4892513718000e-04;      -2780
3.4894511050100e-04;      -2780
3.4896511102100e-04;       -184
3.4898341334200e-04;       -184
3.4900340575900e-04;       4728
3.4902171381000e-04;       4728
3.4904171421500e-04;       -232
3.4906001632100e-04;       -232
3.4908000869300e-04;       2364
3.4909831768800e-04;       2364
3.4911830996100e-04;       -280
3.4913828348900e-04;       -280
3.4915661877600e-04;       2316
3.4917658621400e-04;       2316
3.4919491296600e-04;       -328
3.4921488626400e-04;       -328
3.4923322145300e-04;       2268
3.4925318775500e-04;       2268
3.4927152270600e-04;       4864
3.4929149001700e-04;       4864
3.4930981730400e-04;       2220
3.4932979072600e-04;       2220
3.4934979125000e-04;       4816
3.4936809344700e-04;       4816
3.4938808592800e-04;       7412
3.4940639503400e-04;       7412
3.4942638723500e-04;       4768
3.4944469534900e-04;       4768
3.4946469572100e-04;       -192
3.4948299773900e-04;       -192
3.4950299004900e-04;       4720
3.4952296348500e-04;       4720
3.4954129850400e-04;       -240
3.4956126564400e-04;       -240
3.4957959272300e-04;       2356
3.4959956713900e-04;       2356
3.4961789444500e-04;       -288
3.4963786775800e-04;       -288
3.4965620293600e-04;       2308
3.4967617033600e-04;       2308
3.4969449725600e-04;       -336
3.4971447072200e-04;       -336
3.4973447131300e-04;       2260
3.4975277241500e-04;       2260
3.4977277276400e-04;       4856
3.4979107469300e-04;       4856
3.4981106713500e-04;       2212
3.4982937526000e-04;       2212
3.4984937541600e-04;       4808
3.4986767718800e-04;       4808
3.4988766941100e-04;       7404
3.4990597871100e-04;       7404
3.4992597083900e-04;       4760
3.4994594424600e-04;       4760
3.4996427924900e-04;       -200
3.4998424682700e-04;       -200
3.5000257381900e-04;       4712
3.5002254732400e-04;       4712
3.5004088246700e-04;       -248
3.5006084995900e-04;       -248
3.5007917711000e-04;       2348
3.5009915144500e-04;       2348
3.5011747859000e-04;       -296
3.5013745166800e-04;       -296
3.5015745190500e-04;       2300
3.5017575379600e-04;       2300
3.5019574611700e-04;       -344
3.5021405384200e-04;       -344
3.5023405420100e-04;       2252
3.5025235510600e-04;       2252
3.5027235537000e-04;       4848
3.5029065719300e-04;       4848
3.5031064930000e-04;       2204
3.5033062255600e-04;       2204
3.5034895773000e-04;       4800
3.5036892507900e-04;       4800
3.5038725223300e-04;       -160
3.5040722686100e-04;       -160
3.5042555390200e-04;      -2804
3.5044552749700e-04;      -2804
3.5046386249300e-04;       -208
3.5048382992200e-04;       -208
3.5050215720600e-04;       4704
3.5052213066100e-04;       4704
3.5054213116500e-04;       -256
3.5056043322800e-04;       -256
3.5058042540800e-04;       2340
3.5059873423200e-04;       2340
3.5061872649000e-04;       -304
3.5063703469000e-04;       -304
3.5065703516400e-04;       2292
3.5067533719000e-04;       2292
3.5069532950100e-04;       -352
3.5071530293100e-04;       -352
3.5073363777000e-04;       2244
3.5075360425800e-04;       2244
3.5077193952200e-04;       4840
3.5079190676400e-04;       4840
3.5081023362700e-04;       2196
3.5083020686600e-04;       2196
3.5084854204200e-04;       4792
3.5086850957200e-04;       4792
3.5088683665200e-04;       7388
3.5090681116600e-04;       7388
3.5092513830400e-04;      -2812
3.5094511167000e-04;      -2812
3.5096511211100e-04;       -216
3.5098341416700e-04;       -216
3.5100340674600e-04;       4696
3.5102171467800e-04;       4696
3.5104171473000e-04;       -264
3.5106001655300e-04;       -264
3.5108000893300e-04;       2332
3.5109831776400e-04;       2332
3.5111831033100e-04;       -312
3.5113828371300e-04;       -312
3.5115661889100e-04;       2284
3.5117658632700e-04;       2284
3.5119491338700e-04;       -360
3.5121488692600e-04;       -360
3.5123322198000e-04;       2236
3.5125318842200e-04;       2236
3.5127152331600e-04;       4832
3.5129149081800e-04;       4832
3.5130981748600e-04;       2188
3.5132979089800e-04;       2188
3.5134979144700e-04;       4784
3.5136809353000e-04;       4784
3.5138808593400e-04;      -5416
3.5140639492700e-04;      -5416
3.5142638731000e-04;      -2820
3.5144469532300e-04;      -2820
3.5146469568400e-04;       -224
3.5148299791800e-04;       -224
3.5150299024700e-04;       4688
3.5152296370300e-04;       4688
3.5154129861700e-04;       -272
3.5156126583900e-04;       -272
3.5157959269200e-04;       2324
3.5159956682500e-04;       2324
3.5161789396200e-04;       -320
3.5163786728000e-04;       -320
3.5165620209700e-04;       2276
3.5167616941000e-04;       2276
3.5169449663500e-04;       -368
3.5171447010900e-04;       -368
3.5173447043500e-04;       2228
3.5175277143200e-04;       2228
3.5177277194700e-04;       4824
3.5179107410200e-04;       4824
3.5181106675000e-04;       2180
3.5182937491500e-04;       2180
3.5184937499800e-04;       4776
3.5186767685700e-04;       4776
3.5188766930700e-04;       7372
3.5190597840300e-04;       7372
3.5192597064000e-04;       4728
3.5194594412100e-04;       4728
3.5196427915600e-04;       -232
3.5198424638500e-04;       -232
3.5200257366600e-04;       4680
3.5202254704000e-04;       4680
3.5204088217000e-04;       -280
3.5206084964200e-04;       -280
3.5207917678400e-04;       2316
3.5209915115400e-04;       2316
3.5211747830000e-04;       -328
3.5213745175100e-04;       -328
3.5215745212800e-04;       2268
3.5217575417300e-04;       2268
3.5219574654300e-04;       -376
3.5221405467500e-04;       -376
3.5223405511400e-04;       2220
3.5225235621000e-04;       2220
3.5227235641700e-04;       4816
3.5229065852500e-04;       4816
3.5231065098000e-04;       2172
3.5233062432300e-04;       2172
3.5234895928400e-04;       4768
3.5236892674100e-04;       4768
3.5238725390400e-04;       7364
3.5240722839100e-04;       7364
3.5242555563000e-04;       4720
3.5244552870400e-04;       4720
3.5246386377000e-04;       -240
3.5248383133200e-04;       -240
3.5250215836500e-04;       4672
3.5252213163100e-04;       4672
3.5254213193600e-04;       7268
3.5256043423000e-04;       7268
3.5258042635400e-04;       2308
3.5259873554400e-04;       2308
3.5261872786900e-04;       -336
3.5263703590200e-04;       -336
3.5265703631400e-04;       2260
3.5267533840800e-04;       2260
3.5269533077300e-04;       -384
3.5271530402400e-04;       -384
3.5273363893800e-04;       2212
3.5275360525000e-04;       2212
3.5277194047600e-04;       4808
3.5279190792300e-04;       4808
3.5281023500900e-04;       2164
3.5283020845600e-04;       2164
3.5284854365200e-04;       4760
3.5286851106500e-04;       4760
3.5288683811200e-04;       7356
3.5290681256700e-04;       7356
3.5292513940000e-04;       4712
3.5294511280300e-04;       4712
3.5296511321900e-04;       7308
3.5298341512000e-04;       7308
3.5300340755600e-04;       4664
3.5302171572600e-04;       4664
3.5304171614500e-04;       -296
3.5306001831100e-04;       -296
3.5308001061000e-04;       2300
3.5309831939400e-04;       2300
3.5311831182900e-04;       -344
3.5313828522700e-04;       -344
3.5315662032200e-04;       2252
3.5317658771700e-04;       2252
3.5319491497300e-04;       -392
3.5321488848600e-04;       -392
3.5323322349300e-04;       2204
3.5325318976600e-04;       2204
3.5327152478500e-04;       4800
3.5329149211700e-04;       4800
3.5330981913500e-04;       2156
3.5332979251300e-04;       2156
3.5334979320700e-04;       4752
3.5336809530700e-04;       4752
3.5338808771200e-04;       7348
3.5340639701500e-04;       7348
3.5342638925800e-04;       4704
3.5344469749000e-04;       4704
3.5346469788000e-04;       7300
3.5348299983400e-04;       7300
3.5350299238700e-04;       4656
3.5352296582800e-04;       4656
3.5354130069000e-04;       7252
3.5356126806400e-04;       7252
3.5357959535800e-04;       2292
3.5359956979900e-04;       2292
3.5361789682200e-04;       7204
3.5363786993600e-04;       7204
3.5365620507800e-04;       2244
3.5367617246900e-04;       2244
3.5369449955800e-04;       -400
3.5371447283300e-04;       -400
3.5373447293400e-04;       2196
3.5375277381500e-04;       2196
3.5377277433500e-04;       4792
3.5379107631900e-04;       4792
3.5381106839200e-04;       2148
3.5382937648400e-04;       2148
3.5384937670900e-04;       4744
3.5386767907700e-04;       4744
3.5388767139500e-04;       7340
3.5390598063100e-04;       7340
3.5392597300800e-04;       4696
3.5394594649500e-04;       4696
3.5396428161300e-04;       -264
3.5398424895700e-04;       -264
3.5400257618200e-04;       4648
3.5402254952800e-04;       4648
3.5404088467100e-04;       7244
3.5406085183000e-04;       7244
3.5407917894900e-04;       2284
3.5409915342800e-04;       2284
3.5411748052900e-04;       7196
3.5413745378500e-04;       7196
3.5415745414200e-04;       2236
3.5417575617600e-04;       2236
3.5419574861500e-04;       -408
3.5421405645500e-04;       -408
3.5423405694700e-04;       2188
3.5425235792900e-04;       2188
3.5427235846800e-04;       4784
3.5429066061600e-04;       4784
3.5431065305100e-04;       2140
3.5433062617500e-04;       2140
3.5434896129500e-04;       4736
3.5436892867600e-04;       4736
3.5438725566600e-04;       7332
3.5440722990900e-04;       7332
3.5442555679900e-04;       4688
3.5444553020500e-04;       4688
3.5446386527500e-04;       -272
3.5448383249900e-04;       -272
3.5450215960500e-04;       4640
3.5452213288500e-04;       4640
3.5454213324200e-04;       7236
3.5456043529100e-04;       7236
3.5458042757300e-04;       2276
3.5459873666400e-04;       2276
3.5461872907700e-04;       7188
3.5463703719000e-04;       7188
3.5465703776100e-04;       2228
3.5467533996500e-04;       2228
3.5469533205700e-04;       -416
3.5471530530400e-04;       -416
3.5473364056900e-04;       2180
3.5475360694900e-04;       2180
3.5477194189500e-04;       4776
3.5479190922700e-04;       4776
3.5481023632600e-04;       2132
3.5483020987000e-04;       2132
3.5484854498200e-04;       4728
3.5486851217000e-04;       4728
3.5488683945800e-04;       7324
3.5490681378000e-04;       7324
3.5492514100200e-04;       4680
3.5494511436800e-04;       4680
3.5496511478300e-04;       7276
3.5498341695900e-04;       7276
3.5500340927600e-04;       4632
3.5502171718500e-04;       4632
3.5504171774000e-04;       7228
3.5506001980900e-04;       7228
3.5508001220300e-04;       9824
3.5509832111000e-04;       9824
3.5511831363700e-04;       7180
3.5513828715700e-04;       7180
3.5515662219500e-04;       2220
3.5517658945600e-04;       2220
3.5519491636900e-04;       -424
3.5521488974400e-04;       -424
3.5523322479700e-04;       2172
3.5525319110900e-04;       2172
3.5527152617400e-04;       4768
3.5529149352600e-04;       4768
3.5530982057800e-04;       2124
3.5532979383400e-04;       2124
3.5534979401100e-04;       4720
3.5536809603800e-04;       4720
3.5538808827000e-04;       7316
3.5540639737300e-04;       7316
3.5542638969100e-04;       4672
3.5544469777500e-04;       4672
3.5546469813700e-04;       -288
3.5548300003800e-04;       -288
3.5550299238200e-04;       4624
3.5552296580600e-04;       4624
3.5554130085200e-04;       7220
3.5556126798100e-04;       7220
3.5557959511300e-04;       2260
3.5559956951000e-04;       2260
3.5561789671700e-04;       -384
3.5563787009000e-04;       -384
3.5565620510300e-04;       2212
3.5567617266600e-04;       2212
3.5569449954100e-04;       -432
3.5571447299800e-04;       -432
3.5573447340600e-04;       2164
3.5575277443500e-04;       2164
3.5577277470900e-04;       4760
3.5579107672800e-04;       4760
3.5581106919600e-04;       2116
3.5582937715000e-04;       2116
3.5584937748800e-04;       4712
3.5586767950500e-04;       4712
3.5588767170300e-04;       7308
3.5590598097500e-04;       7308
3.5592597313400e-04;       4664
3.5594594646600e-04;       4664
3.5596428158600e-04;       7260
3.5598424894200e-04;       7260
3.5600257603000e-04;       4616
3.5602254954300e-04;       4616
3.5604088468900e-04;       7212
3.5606085199200e-04;       7212
3.5607917911800e-04;       2252
3.5609915329500e-04;       2252
3.5611748034000e-04;       -392
3.5613745364800e-04;       -392
3.5615745399100e-04;       2204
3.5617575592900e-04;       2204
3.5619574814000e-04;       -440
3.5621405636700e-04;       -440
3.5623405683700e-04;       2156
3.5625235800300e-04;       2156
3.5627235825100e-04;       4752
3.5629066022500e-04;       4752
3.5631065259500e-04;       2108
3.5633062594700e-04;       2108
3.5634896109500e-04;       4704
3.5636892852300e-04;       4704
3.5638725562000e-04;       7300
3.5640722991100e-04;       7300
3.5642555684000e-04;       4656
3.5644553013200e-04;       4656
3.5646386530900e-04;       7252
3.5648383282600e-04;       7252
3.5650215967600e-04;       4608
3.5652213312400e-04;       4608
3.5654213356700e-04;       7204
3.5656043568100e-04;       7204
3.5658042797200e-04;       2244
3.5659873715800e-04;       2244
3.5661872930900e-04;       7156
3.5663703743400e-04;       7156
3.5665703793000e-04;       2196
3.5667534004700e-04;       2196
3.5669533252700e-04;       -448
3.5671530597500e-04;       -448
3.5673364085000e-04;       2148
3.5675360739700e-04;       2148
3.5677194236700e-04;       4744
3.5679190961400e-04;       4744
3.5681023675500e-04;       2100
3.5683021010000e-04;       2100
3.5684854516000e-04;       4696
3.5686851268900e-04;       4696
3.5688683967100e-04;       7292
3.5690681399300e-04;       7292
3.5692514099000e-04;       4648
3.5694511422900e-04;       4648
3.5696511471800e-04;       7244
3.5698341665100e-04;       7244
3.5700340906700e-04;       4600
3.5702171718100e-04;       4600
3.5704171754700e-04;       7196
3.5706001978400e-04;       7196
3.5708001210800e-04;       2236
3.5709832129900e-04;       2236
3.5711831357300e-04;       7148
3.5713828695500e-04;       7148
3.5715662171400e-04;       2188
3.5717658914800e-04;       2188
3.5719491581900e-04;       -456
3.5721488932100e-04;       -456
3.5723322423500e-04;       2140
3.5725319064700e-04;       2140
3.5727152558300e-04;       4736
3.5729149281400e-04;       4736
3.5730982011300e-04;       2092
3.5732979337000e-04;       2092
3.5734979342900e-04;       4688
3.5736809546100e-04;       4688
3.5738808794600e-04;       7284
3.5740639702200e-04;       7284
3.5742638923500e-04;       4640
3.5744469727800e-04;       4640
3.5746469757900e-04;       -320
3.5748299961000e-04;       -320
3.5750299197600e-04;       4592
3.5752296542400e-04;       4592
3.5754130053500e-04;       7188
3.5756126784900e-04;       7188
3.5757959480300e-04;       2228
3.5759956913400e-04;       2228
3.5761789617300e-04;       7140
3.5763786957600e-04;       7140
3.5765620487300e-04;       2180
3.5767617218700e-04;       2180
3.5769449938900e-04;       -464
3.5771447273000e-04;       -464
3.5773447317600e-04;       2132
3.5775277418900e-04;       2132
3.5777277452100e-04;       4728
3.5779107668900e-04;       4728
3.5781106914500e-04;       2084
3.5782937690800e-04;       2084
3.5784937732300e-04;       4680
3.5786767948500e-04;       4680
3.5788767174400e-04;       7276
3.5790598084200e-04;       7276
3.5792597323600e-04;       4632
3.5794594669600e-04;       4632
3.5796428184800e-04;       7228
3.5798424920100e-04;       7228
3.5800257632200e-04;       4584
3.5802254977100e-04;       4584
3.5804088484700e-04;       -376
3.5806085221500e-04;       -376
3.5807917936600e-04;       2220
3.5809915369500e-04;       2220
3.5811748080000e-04;       7132
3.5813745418500e-04;       7132
3.5815745462700e-04;       2172
3.5817575675800e-04;       2172
3.5819574917900e-04;       -472
3.5821405733500e-04;       -472
3.5823405774300e-04;       2124
3.5825235896900e-04;       2124
3.5827235922300e-04;       4720
3.5829066142900e-04;       4720
3.5831065382400e-04;       2076
3.5833062722900e-04;       2076
3.5834896238900e-04;       4672
3.5836892982300e-04;       4672
3.5838725705300e-04;       7268
3.5840723152900e-04;       7268
3.5842555863600e-04;       4624
3.5844553193100e-04;       4624
3.5846386694200e-04;       7220
3.5848383403700e-04;       7220
3.5850216113600e-04;       4576
3.5852213455300e-04;       4576
3.5854213502200e-04;       7172
3.5856043708700e-04;       7172
3.5858042921000e-04;       2212
3.5859873846000e-04;       2212
3.5861873071500e-04;       7124
3.5863703873100e-04;       7124
3.5865703902800e-04;       2164
3.5867534095500e-04;       2164
3.5869533346500e-04;       -480
3.5871530692300e-04;       -480
3.5873364196500e-04;       2116
3.5875360832900e-04;       2116
3.5877194329000e-04;       4712
3.5879191061100e-04;       4712
3.5881023775900e-04;       2068
3.5883021115500e-04;       2068
3.5884854623100e-04;       4664
3.5886851362100e-04;       4664
3.5888684044200e-04;       7260
3.5890681508200e-04;       7260
3.5892514217100e-04;       4616
3.5894511541800e-04;       4616
3.5896511575700e-04;       7212
3.5898341790000e-04;       7212
3.5900341036200e-04;       4568
3.5902171838800e-04;       4568
3.5904171883400e-04;       7164
3.5906002101900e-04;       7164
3.5908001335900e-04;       2204
3.5909832225300e-04;       2204
3.5911831474200e-04;       7116
3.5913828824600e-04;       7116
3.5915662333200e-04;       2156
3.5917659078500e-04;       2156
3.5919491807300e-04;       -488
3.5921489150000e-04;       -488
3.5923322660700e-04;       2108
3.5925319284700e-04;       2108
3.5927152797000e-04;       4704
3.5929149528500e-04;       4704
3.5930982235700e-04;       2060
3.5932979581600e-04;       2060
3.5934979637100e-04;       4656
3.5936809836700e-04;       4656
3.5938809060700e-04;       7252
3.5940639966900e-04;       7252
3.5942639206400e-04;       4608
3.5944470012200e-04;       4608
3.5946470068100e-04;       7204
3.5948300281600e-04;       7204
3.5950299503300e-04;       4560
3.5952296856800e-04;       4560
3.5954130359700e-04;       7156
3.5956127091400e-04;       7156
3.5957959810400e-04;       9752
3.5959957213900e-04;       9752
3.5961789909000e-04;       7108
3.5963787242800e-04;       7108
3.5965620767300e-04;       2148
3.5967617497400e-04;       2148
3.5969450225900e-04;       -496
3.5971447552200e-04;       -496
3.5973447596500e-04;       2100
3.5975277692300e-04;       2100
3.5977277735000e-04;       4696
3.5979107928500e-04;       4696
3.5981107179000e-04;       2052
3.5982937978700e-04;       2052
3.5984938033800e-04;       4648
3.5986768236400e-04;       4648
3.5988767474900e-04;       7244
3.5990598394200e-04;       7244
3.5992597625300e-04;       4600
3.5994594959500e-04;       4600
3.5996428476000e-04;       7196
3.5998425205900e-04;       7196
3.6000257916500e-04;       4552
3.6002255265100e-04;       4552
3.6004088793900e-04;       7148
3.6006085535700e-04;       7148
3.6007918220000e-04;       9744
3.6009915670000e-04;       9744
3.6011748379900e-04;       7100
3.6013745710000e-04;       7100
3.6015745749600e-04;       2140
3.6017575956400e-04;       2140
3.6019575188300e-04;       7052
3.6021406017100e-04;       7052
3.6023406038900e-04;       9648
3.6025236160100e-04;       9648
3.6027236202100e-04;       4688
3.6029066412000e-04;       4688
3.6031065649600e-04;       2044
3.6033062984800e-04;       2044
3.6034896488700e-04;       4640
3.6036893208700e-04;       4640
3.6038725920900e-04;       7236
3.6040723367400e-04;       7236
3.6042556074800e-04;       4592
3.6044553418800e-04;       4592
3.6046386928300e-04;       7188
3.6048383664100e-04;       7188
3.6050216381900e-04;       4544
3.6052213731500e-04;       4544
3.6054213759500e-04;       7140
3.6056043945000e-04;       7140
3.6058043181100e-04;       9736
3.6059874091800e-04;       9736
3.6061873321900e-04;       7092
3.6063704126100e-04;       7092
3.6065704185000e-04;       2132
3.6067534383100e-04;       2132
3.6069533617100e-04;       7044
3.6071530945300e-04;       7044
3.6073364459800e-04;       2084
3.6075361098100e-04;       2084
3.6077194610300e-04;       4680
3.6079191350900e-04;       4680
3.6081024050100e-04;       2036
3.6083021384900e-04;       2036
3.6084854891400e-04;       4632
3.6086851638600e-04;       4632
3.6088684330800e-04;       7228
3.6090681767600e-04;       7228
3.6092514484400e-04;       4584
3.6094511826900e-04;       4584
3.6096511850500e-04;       7180
3.6098342048700e-04;       7180
3.6100341279800e-04;       4536
3.6102172092800e-04;       4536
3.6104172095800e-04;       7132
3.6106002283000e-04;       7132
3.6108001529400e-04;       9728
3.6109832418200e-04;       9728
3.6111831659100e-04;       7084
3.6113828973500e-04;       7084
3.6115662488200e-04;       9680
3.6117659209100e-04;       9680
3.6119491907700e-04;       7036
3.6121489245300e-04;       7036
3.6123322758600e-04;       9632
3.6125319382100e-04;       9632
3.6127152892800e-04;       4672
3.6129149612300e-04;       4672
3.6130982334200e-04;       2028
3.6132979671400e-04;       2028
3.6134979707300e-04;       4624
3.6136809917600e-04;       4624
3.6138809142900e-04;       7220
3.6140640047700e-04;       7220
3.6142639297000e-04;       4576
3.6144470116200e-04;       4576
3.6146470136800e-04;       7172
3.6148300341700e-04;       7172
3.6150299564800e-04;       4528
3.6152296915500e-04;       4528
3.6154130426800e-04;       7124
3.6156127152000e-04;       7124
3.6157959866000e-04;       9720
3.6159957251000e-04;       9720
3.6161789971600e-04;       7076
3.6163787309800e-04;       7076
3.6165620819300e-04;       2116
3.6167617561400e-04;       2116
3.6169450275200e-04;       -528
3.6171447626000e-04;       -528
3.6173447676000e-04;       2068
3.6175277788100e-04;       2068
3.6177277814300e-04;       4664
3.6179108029300e-04;       4664
3.6181107269300e-04;       2020
3.6182938077100e-04;       2020
3.6184938130800e-04;       4616
3.6186768316100e-04;       4616
3.6188767550000e-04;       7212
3.6190598456600e-04;       7212
3.6192597669000e-04;       4568
3.6194594996700e-04;       4568
3.6196428457000e-04;       7164
3.6198425179400e-04;       7164
3.6200257878500e-04;       4520
3.6202255228600e-04;       4520
3.6204088713800e-04;       7116
3.6206085476800e-04;       7116
3.6207918175400e-04;       9712
3.6209915611900e-04;       9712
3.6211748311200e-04;       7068
3.6213745659200e-04;       7068
3.6215745687400e-04;       2108
3.6217575893800e-04;       2108
3.6219575151100e-04;       -536
3.6221405966000e-04;       -536
3.6223406009100e-04;       2060
3.6225236125900e-04;       2060
3.6227236162300e-04;       4656
3.6229066376700e-04;       4656
3.6231065607600e-04;       2012
3.6233062948500e-04;       2012
3.6234896466000e-04;       4608
3.6236893214900e-04;       4608
3.6238725931700e-04;       7204
3.6240723383700e-04;       7204
3.6242556087000e-04;       4560
3.6244553441500e-04;       4560
3.6246386947500e-04;       7156
3.6248383688600e-04;       7156
3.6250216394000e-04;       4512
3.6252213733200e-04;       4512
3.6254213773500e-04;       7108
3.6256043991800e-04;       7108
3.6258043201200e-04;       9704
3.6259874106500e-04;       9704
3.6261873357000e-04;       7060
3.6263704156400e-04;       7060
3.6265704200800e-04;       9656
3.6267534434100e-04;       9656
3.6269533677200e-04;       7012
3.6271530996200e-04;       7012
3.6273364507900e-04;       9608
3.6275361105500e-04;       9608
3.6277194625100e-04;       4648
3.6279191366000e-04;       4648
3.6281024063600e-04;       2004
3.6283021413500e-04;       2004
3.6284854921700e-04;       4600
3.6286851654000e-04;       4600
3.6288684347600e-04;       7196
3.6290681774200e-04;       7196
3.6292514492000e-04;       4552
3.6294511837700e-04;       4552
3.6296511869900e-04;       7148
3.6298342074700e-04;       7148
3.6300341319200e-04;       4504
3.6302172129300e-04;       4504
3.6304172160900e-04;       7100
3.6306002354700e-04;       7100
3.6308001589200e-04;       9696
3.6309832507400e-04;       9696
3.6311831731800e-04;       7052
3.6313829071600e-04;       7052
3.6315662581800e-04;       9648
3.6317659319300e-04;       9648
3.6319492035900e-04;       7004
3.6321489367700e-04;       7004
3.6323322868800e-04;       9600
3.6325319505600e-04;       9600
3.6327153025100e-04;      12196
3.6329149774500e-04;      12196
3.6330982467300e-04;       1996
3.6332979797600e-04;       1996
3.6334979842700e-04;       4592
3.6336810047800e-04;       4592
3.6338809285800e-04;       7188
3.6340640206500e-04;       7188
3.6342639448600e-04;       4544
3.6344470251900e-04;       4544
3.6346470286800e-04;       7140
3.6348300477300e-04;       7140
3.6350299713100e-04;       4496
3.6352297054300e-04;       4496
3.6354130532400e-04;       7092
3.6356127271600e-04;       7092
3.6357959986000e-04;       9688
3.6359957420500e-04;       9688
3.6361790124700e-04;       7044
3.6363787460700e-04;       7044
3.6365620953800e-04;       9640
3.6367617658000e-04;       9640
3.6369450362700e-04;       6996
3.6371447711600e-04;       6996
3.6373447743400e-04;       9592
3.6375277853000e-04;       9592
3.6377277894200e-04;       4632
3.6379108101400e-04;       4632
3.6381107318800e-04;       1988
3.6382938109600e-04;       1988
3.6384938134600e-04;       4584
3.6386768316300e-04;       4584
3.6388767569500e-04;       7180
3.6390598459500e-04;       7180
3.6392597705700e-04;       4536
3.6394595029900e-04;       4536
3.6396428522900e-04;       7132
3.6398425265500e-04;       7132
3.6400257958900e-04;       4488
3.6402255295700e-04;       4488
3.6404088788400e-04;       7084
3.6406085532300e-04;       7084
3.6407918247800e-04;       9680
3.6409915670300e-04;       9680
3.6411748375400e-04;       7036
3.6413745730000e-04;       7036
3.6415745750100e-04;       9632
3.6417575958700e-04;       9632
3.6419575201200e-04;       -568
3.6421406006000e-04;       -568
3.6423406057400e-04;       2028
3.6425236170400e-04;       2028
3.6427236194300e-04;       4624
3.6429066407700e-04;       4624
3.6431065644000e-04;       1980
3.6433062985300e-04;       1980
3.6434896497400e-04;       4576
3.6436893233700e-04;       4576
3.6438725925200e-04;       7172
3.6440723370700e-04;       7172
3.6442556080100e-04;       4528
3.6444553416600e-04;       4528
3.6446386915900e-04;       7124
3.6448383653000e-04;       7124
3.6450216362000e-04;       4480
3.6452213676700e-04;       4480
3.6454213705200e-04;       7076
3.6456043917200e-04;       7076
3.6458043157700e-04;       9672
3.6459874074400e-04;       9672
3.6461873313100e-04;       7028
3.6463704109100e-04;       7028
3.6465704154500e-04;       2068
3.6467534362300e-04;       2068
3.6469533595400e-04;       -576
3.6471530935500e-04;       -576
3.6473364444800e-04;       9576
3.6475361083800e-04;       9576
3.6477194593000e-04;       4616
3.6479191311200e-04;       4616
3.6481024023000e-04;       1972
3.6483021319400e-04;       1972
3.6484854811400e-04;       4568
3.6486851560200e-04;       4568
3.6488684249100e-04;       7164
3.6490681687400e-04;       7164
3.6492514390300e-04;       4520
3.6494511715700e-04;       4520
3.6496511748400e-04;       7116
3.6498341941800e-04;       7116
3.6500341188600e-04;       4472
3.6502171981300e-04;       4472
3.6504172016400e-04;       7068
3.6506002212200e-04;       7068
3.6508001445900e-04;       9664
3.6509832362900e-04;       9664
3.6511831585200e-04;       7020
3.6513828936500e-04;       7020
3.6515662455200e-04;       2060
3.6517659182200e-04;       2060
3.6519491869200e-04;       -584
3.6521489204300e-04;       -584
3.6523322675400e-04;       2012
3.6525319339900e-04;       2012
3.6527152824100e-04;       4608
3.6529149555000e-04;       4608
3.6530982264500e-04;       1964
3.6532979597800e-04;       1964
3.6534979642300e-04;       4560
3.6536809839100e-04;       4560
3.6538809057800e-04;       7156
3.6540639986700e-04;       7156
3.6542639214700e-04;       4512
3.6544470028100e-04;       4512
3.6546470067100e-04;       7108
3.6548300291600e-04;       7108
3.6550299525400e-04;       4464
3.6552296853400e-04;       4464
3.6554130353100e-04;       7060
3.6556127081300e-04;       7060
3.6557959802400e-04;       9656
3.6559957240700e-04;       9656
3.6561789932300e-04;       7012
3.6563787262500e-04;       7012
3.6565620757700e-04;       9608
3.6567617495600e-04;       9608
3.6569450216000e-04;       -592
3.6571447559400e-04;       -592
3.6573447612900e-04;       2004
3.6575277700200e-04;       2004
3.6577277725000e-04;       4600
3.6579107920100e-04;       4600
3.6581107161700e-04;       1956
3.6582937973400e-04;       1956
3.6584937997100e-04;       4552
3.6586768199500e-04;       4552
3.6588767429100e-04;       7148
3.6590598329200e-04;       7148
3.6592597572100e-04;       4504
3.6594594903000e-04;       4504
3.6596428396700e-04;       7100
3.6598425138500e-04;       7100
3.6600257859500e-04;       4456
3.6602255185900e-04;       4456
3.6604088695200e-04;       7052
3.6606085432900e-04;       7052
3.6607918151900e-04;       9648
3.6609915578700e-04;       9648
3.6611748277400e-04;       7004
3.6613745592000e-04;       7004
3.6615745643100e-04;       9600
3.6617575843200e-04;       9600
3.6619575079900e-04;       6956
3.6621405892800e-04;       6956
3.6623405914700e-04;       1996
3.6625236028800e-04;       1996
3.6627236073300e-04;       4592
3.6629066283800e-04;       4592
3.6631065518200e-04;       1948
3.6633062856900e-04;       1948
3.6634896362900e-04;       4544
3.6636893086500e-04;       4544
3.6638725796100e-04;       7140
3.6640723241600e-04;       7140
3.6642555946900e-04;       4496
3.6644553272200e-04;       4496
3.6646386785700e-04;       7092
3.6648383517000e-04;       7092
3.6650216232000e-04;       4448
3.6652213558600e-04;       4448
3.6654213607500e-04;       7044
3.6656043815600e-04;       7044
3.6658043059100e-04;       9640
3.6659873963700e-04;       9640
3.6661873212900e-04;       6996
3.6663704024300e-04;       6996
3.6665704050500e-04;       9592
3.6667534266800e-04;       9592
3.6669533506800e-04;       6948
3.6671530845200e-04;       6948
3.6673364360400e-04;       1988
3.6675360993900e-04;       1988
3.6677194502600e-04;       4584
3.6679191242100e-04;       4584
3.6681023951500e-04;       1940
3.6683021285500e-04;       1940
3.6684854773900e-04;       4536
3.6686851486700e-04;       4536
3.6688684194500e-04;       7132
3.6690681627000e-04;       7132
3.6692514352600e-04;       4488
3.6694511693100e-04;       4488
3.6696511738100e-04;       7084
3.6698341944300e-04;       7084
3.6700341174000e-04;       4440
3.6702171976400e-04;       4440
3.6704172020900e-04;       7036
3.6706002238700e-04;       7036
3.6708001475900e-04;       9632
3.6709832354900e-04;       9632
3.6711831596100e-04;       6988
3.6713828938000e-04;       6988
3.6715662461100e-04;       2028
3.6717659199900e-04;       2028
3.6719491914900e-04;       6940
3.6721489248100e-04;       6940
3.6723322762600e-04;       9536
3.6725319417800e-04;       9536
3.6727152918700e-04;       4576
3.6729149664900e-04;       4576
3.6730982367400e-04;       1932
3.6732979701000e-04;       1932
3.6734979745500e-04;       4528
3.6736809934500e-04;       4528
3.6738809177300e-04;       7124
3.6740640093400e-04;       7124
3.6742639338100e-04;       4480
3.6744470141400e-04;       4480
3.6746470177000e-04;       7076
3.6748300376500e-04;       7076
3.6750299630500e-04;       4432
3.6752296966200e-04;       4432
3.6754130481400e-04;       7028
3.6756127208000e-04;       7028
3.6757959902200e-04;       9624
3.6759957345500e-04;       9624
3.6761790048300e-04;       6980
3.6763787391100e-04;       6980
3.6765620897200e-04;       9576
3.6767617628200e-04;       9576
3.6769450339800e-04;       6932
3.6771447677700e-04;       6932
3.6773447731900e-04;       1972
3.6775277834500e-04;       1972
3.6777277873400e-04;       4568
3.6779108090700e-04;       4568
3.6781107327800e-04;       1924
3.6782938124600e-04;       1924
3.6784938167200e-04;       4520
3.6786768374400e-04;       4520
3.6788767596900e-04;       7116
3.6790598507300e-04;       7116
3.6792597737700e-04;       4472
3.6794595058300e-04;       4472
3.6796428543700e-04;       7068
3.6798425270800e-04;       7068
3.6800257984200e-04;       4424
3.6802255312000e-04;       4424
3.6804088819800e-04;       7020
3.6806085561100e-04;       7020
3.6807918259800e-04;       9616
3.6809915700900e-04;       9616
3.6811748424000e-04;       6972
3.6813745751800e-04;       6972
3.6815745788900e-04;       2012
3.6817575998500e-04;       2012
3.6819575216200e-04;       -632
3.6821406022700e-04;       -632
3.6823406073200e-04;       1964
3.6825236170500e-04;       1964
3.6827236205300e-04;       4560
3.6829066417300e-04;       4560
3.6831065646100e-04;       1916
3.6833063007200e-04;       1916
3.6834896502000e-04;       4512
3.6836893214600e-04;       4512
3.6838725915700e-04;       7108
3.6840723364100e-04;       7108
3.6842556064700e-04;       4464
3.6844553412100e-04;       4464
3.6846386923600e-04;       7060
3.6848383645300e-04;       7060
3.6850216339900e-04;       4416
3.6852213661000e-04;       4416
3.6854213707300e-04;       7012
3.6856043911600e-04;       7012
3.6858043157900e-04;       9608
3.6859874077600e-04;       9608
3.6861873303500e-04;       6964
3.6863704125200e-04;       6964
3.6865704167900e-04;       2004
3.6867534379100e-04;       2004
3.6869533626600e-04;       6916
3.6871530956700e-04;       6916
3.6873364460800e-04;       1956
3.6875361085700e-04;       1956
3.6877194591300e-04;       4552
3.6879191324900e-04;       4552
3.6881024010600e-04;       1908
3.6883021324000e-04;       1908
3.6884854815500e-04;       4504
3.6886851572500e-04;       4504
3.6888684255800e-04;       7100
3.6890681689700e-04;       7100
3.6892514403300e-04;       4456
3.6894511741600e-04;       4456
3.6896511784600e-04;       7052
3.6898341995900e-04;       7052
3.6900341218500e-04;       4408
3.6902172013300e-04;       4408
3.6904172052300e-04;       7004
3.6906002272000e-04;       7004
3.6908001506900e-04;       9600
3.6909832410100e-04;       9600
3.6911831659400e-04;       6956
3.6913828994100e-04;       6956
3.6915662494200e-04;       9552
3.6917659228400e-04;       9552
3.6919491941500e-04;       6908
3.6921489295800e-04;       6908
3.6923322801200e-04;       1948
3.6925319434600e-04;       1948
3.6927152937000e-04;       4544
3.6929149672800e-04;       4544
3.6930982396000e-04;       9456
3.6932979739000e-04;       9456
3.6934979778600e-04;       4496
3.6936809993800e-04;       4496
3.6938809235100e-04;       7092
3.6940640122200e-04;       7092
3.6942639367900e-04;       4448
3.6944470191400e-04;       4448
3.6946470219300e-04;       7044
3.6948300412500e-04;       7044
3.6950299661700e-04;       4400
3.6952297002300e-04;       4400
3.6954130501000e-04;       6996
3.6956127237400e-04;       6996
3.6957959934400e-04;       9592
3.6959957383000e-04;       9592
3.6961790087900e-04;       6948
3.6963787418500e-04;       6948
3.6965620941300e-04;       9544
3.6967617671300e-04;       9544
3.6969450381600e-04;       6900
3.6971447715000e-04;       6900
3.6973447754800e-04;       1940
3.6975277858100e-04;       1940
3.6977277872400e-04;      12092
3.6979108092400e-04;      12092
3.6981107335800e-04;       1892
3.6982938123200e-04;       1892
3.6984938132800e-04;       4488
3.6986768347900e-04;       4488
3.6988767571800e-04;       7084
3.6990598472700e-04;       7084
3.6992597712100e-04;       4440
3.6994595047300e-04;       4440
3.6996428567500e-04;       7036
3.6998425279100e-04;       7036
3.7000257984400e-04;       4392
3.7002255325300e-04;       4392
3.7004088836700e-04;       6988
3.7006085582300e-04;       6988
3.7007918276900e-04;       9584
3.7009915719700e-04;       9584
3.7011748416100e-04;       6940
3.7013745753000e-04;       6940
3.7015745792300e-04;       1980
3.7017575982700e-04;       1980
3.7019575210300e-04;       -664
3.7021406019300e-04;       -664
3.7023406078300e-04;       1932
3.7025236186300e-04;       1932
3.7027236239800e-04;       4528
3.7029066454700e-04;       4528
3.7031065681000e-04;       1884
3.7033063035800e-04;       1884
3.7034896535600e-04;       4480
3.7036893248900e-04;       4480
3.7038725961100e-04;       7076
3.7040723378600e-04;       7076
3.7042556085400e-04;       4432
3.7044553390900e-04;       4432
3.7046386899200e-04;       7028
3.7048383638500e-04;       7028
3.7050216346600e-04;       4384
3.7052213670200e-04;       4384
3.7054213690600e-04;       6980
3.7056043904000e-04;       6980
3.7058043132300e-04;       9576
3.7059874036700e-04;       9576
3.7061873282800e-04;       6932
3.7063704099200e-04;       6932
3.7065704138000e-04;       9528
3.7067534354800e-04;       9528
3.7069533599500e-04;       6884
3.7071530937500e-04;       6884
3.7073364453100e-04;       1924
3.7075361093400e-04;       1924
3.7077194602200e-04;       4520
3.7079191335600e-04;       4520
3.7081024027400e-04;       1876
3.7083021368000e-04;       1876
3.7084854879900e-04;       4472
3.7086851628800e-04;       4472
3.7088684333100e-04;       7068
3.7090681762600e-04;       7068
3.7092514493000e-04;       4424
3.7094511815200e-04;       4424
3.7096511841400e-04;       7020
3.7098342056500e-04;       7020
3.7100341302000e-04;       4376
3.7102172128500e-04;       4376
3.7104172157200e-04;       6972
3.7106002366100e-04;       6972
3.7108001600700e-04;       9568
3.7109832511300e-04;       9568
3.7111831770100e-04;       6924
3.7113829077300e-04;       6924
3.7115662581100e-04;       9520
3.7117659332900e-04;       9520
3.7119492040100e-04;       6876
3.7121489381200e-04;       6876
3.7123322874200e-04;       9472
3.7125319518200e-04;       9472
3.7127153011200e-04;      12068
3.7129149747200e-04;      12068
3.7130982450800e-04;       1868
3.7132979799600e-04;       1868
3.7134979821500e-04;       4464
3.7136810039000e-04;       4464
3.7138809284500e-04;       7060
3.7140640202100e-04;       7060
3.7142639438200e-04;       4416
3.7144470257300e-04;       4416
3.7146470282700e-04;       7012
3.7148300502700e-04;       7012
3.7150299749200e-04;       4368
3.7152297067900e-04;       4368
3.7154130568100e-04;       6964
3.7156127293700e-04;       6964
3.7157959998700e-04;       9560
3.7159957440500e-04;       9560
3.7161790155700e-04;       6916
3.7163787479600e-04;       6916
3.7165620972700e-04;       9512
3.7167617707000e-04;       9512
3.7169450411800e-04;       6868
3.7171447755100e-04;       6868
3.7173447791100e-04;       9464
3.7175277901700e-04;       9464
3.7177277946700e-04;      12060
3.7179108166500e-04;      12060
3.7181107389700e-04;       1860
3.7182938187400e-04;       1860
3.7184938232300e-04;       4456
3.7186768425500e-04;       4456
3.7188767658000e-04;       7052
3.7190598568400e-04;       7052
3.7192597801200e-04;       4408
3.7194595126500e-04;       4408
3.7196428626600e-04;       7004
3.7198425362900e-04;       7004
3.7200258080200e-04;       4360
3.7202255399300e-04;       4360
3.7204088908000e-04;       6956
3.7206085646800e-04;       6956
3.7207918350300e-04;       9552
3.7209915777200e-04;       9552
3.7211748484400e-04;       6908
3.7213745815800e-04;       6908
3.7215745857800e-04;       9504
3.7217576040700e-04;       9504
3.7219575259900e-04;       6860
3.7221406082200e-04;       6860
3.7223406122900e-04;       1900
3.7225236228600e-04;       1900
3.7227236275400e-04;       4496
3.7229066499800e-04;       4496
3.7231065727100e-04;       1852
3.7233063058400e-04;       1852
3.7234896540900e-04;       4448
3.7236893287900e-04;       4448
3.7238725983100e-04;       7044
3.7240723417800e-04;       7044
3.7242556122300e-04;       4400
3.7244553449600e-04;       4400
3.7246386964100e-04;       6996
3.7248383683300e-04;       6996
3.7250216406500e-04;       4352
3.7252213739000e-04;       4352
3.7254213777100e-04;       6948
3.7256043976400e-04;       6948
3.7258043227500e-04;       9544
3.7259874143000e-04;       9544
3.7261873358000e-04;       6900
3.7263704173800e-04;       6900
3.7265704216900e-04;       9496
3.7267534428700e-04;       9496
3.7269533628300e-04;       6852
3.7271530956100e-04;       6852
3.7273364474900e-04;       9448
3.7275361108900e-04;       9448
3.7277194627800e-04;      12044
3.7279191349800e-04;      12044
3.7281024055700e-04;       9400
3.7283021381300e-04;       9400
3.7284854910900e-04;      11996
3.7286851646900e-04;      11996
3.7288684350600e-04;       7036
3.7290681786800e-04;       7036
3.7292514502200e-04;       4392
3.7294511838500e-04;       4392
3.7296511867100e-04;       6988
3.7298342078900e-04;       6988
3.7300341299500e-04;       4344
3.7302172116500e-04;       4344
3.7304172152600e-04;       6940
3.7306002353100e-04;       6940
3.7308001588600e-04;       9536
3.7309832491500e-04;       9536
3.7311831741800e-04;       6892
3.7313829069000e-04;       6892
3.7315662595200e-04;       9488
3.7317659314500e-04;       9488
3.7319492024900e-04;       6844
3.7321489370900e-04;       6844
3.7323322854300e-04;       9440
3.7325319494100e-04;       9440
3.7327152975500e-04;       4480
3.7329149714900e-04;       4480
3.7330982433100e-04;       1836
3.7332979762300e-04;       1836
3.7334979797100e-04;       4432
3.7336809991300e-04;       4432
3.7338809233900e-04;       7028
3.7340640144400e-04;       7028
3.7342639372400e-04;       4384
3.7344470163500e-04;       4384
3.7346470203500e-04;       6980
3.7348300404300e-04;       6980
3.7350299650100e-04;       4336
3.7352296985100e-04;       4336
3.7354130478900e-04;       6932
3.7356127226000e-04;       6932
3.7357959929200e-04;       9528
3.7359957356700e-04;       9528
3.7361790062200e-04;       6884
3.7363787394000e-04;       6884
3.7365620893200e-04;       9480
3.7367617633000e-04;       9480
3.7369450347600e-04;       6836
3.7371447667300e-04;       6836
3.7373447696400e-04;       9432
3.7375277829100e-04;       9432
3.7377277861900e-04;       4472
3.7379108071300e-04;       4472
3.7381107303800e-04;       1828
3.7382938118900e-04;       1828
3.7384938132600e-04;       4424
3.7386768321400e-04;       4424
3.7388767550300e-04;       7020
3.7390598461800e-04;       7020
3.7392597678900e-04;       4376
3.7394594998700e-04;       4376
3.7396428507300e-04;       6972
3.7398425235400e-04;       6972
3.7400257925800e-04;       4328
3.7402255256000e-04;       4328
3.7404088768800e-04;       6924
3.7406085489300e-04;       6924
3.7407918195300e-04;       9520
3.7409915628000e-04;       9520
3.7411748348800e-04;       6876
3.7413745677800e-04;       6876
3.7415745730000e-04;       1916
3.7417575921800e-04;       1916
3.7419575176900e-04;       6828
3.7421405982400e-04;       6828
3.7423406027200e-04;       9424
3.7425236129600e-04;       9424
3.7427236167100e-04;       4464
3.7429066369100e-04;       4464
3.7431065600400e-04;       1820
3.7433062949500e-04;       1820
3.7434896462400e-04;       4416
3.7436893188400e-04;       4416
3.7438725881600e-04;       7012
3.7440723324500e-04;       7012
3.7442556027900e-04;       4368
3.7444553369000e-04;       4368
3.7446386877200e-04;       6964
3.7448383590700e-04;       6964
3.7450216296800e-04;       4320
3.7452213634000e-04;       4320
3.7454213665100e-04;       6916
3.7456043880700e-04;       6916
3.7458043129800e-04;       1956
3.7459874039400e-04;       1956
3.7461873267500e-04;       6868
3.7463704082400e-04;       6868
3.7465704114000e-04;       1908
3.7467534317800e-04;       1908
3.7469533544100e-04;       -736
3.7471530892500e-04;       -736
3.7473364406800e-04;       1860
3.7475361010100e-04;       1860
3.7477194497300e-04;       4456
3.7479191241600e-04;       4456
3.7481023952700e-04;       1812
3.7483021270600e-04;       1812
3.7484854797900e-04;       4408
3.7486851518200e-04;       4408
3.7488684221700e-04;       7004
3.7490681642400e-04;       7004
3.7492514354700e-04;       4360
3.7494511685200e-04;       4360
3.7496511716100e-04;       6956
3.7498341904400e-04;       6956
3.7500341162600e-04;       4312
3.7502171987500e-04;       4312
3.7504172012100e-04;       6908
3.7506002240700e-04;       6908
3.7508001466500e-04;       9504
3.7509832371200e-04;       9504
3.7511831620500e-04;       6860
3.7513828947200e-04;       6860
3.7515662461500e-04;       9456
3.7517659192500e-04;       9456
3.7519491904500e-04;       6812
3.7521489262600e-04;       6812
3.7523322752800e-04;       9408
3.7525319397700e-04;       9408
3.7527152911000e-04;       4448
3.7529149610000e-04;       4448
3.7530982323400e-04;       1804
3.7532979653700e-04;       1804
3.7534979706600e-04;       4400
3.7536809909300e-04;       4400
3.7538809154800e-04;       6996
3.7540640067100e-04;       6996
3.7542639298000e-04;       4352
3.7544470109200e-04;       4352
3.7546470148600e-04;       6948
3.7548300357300e-04;       6948
3.7550299588600e-04;       4304
3.7552296924000e-04;       4304
3.7554130437300e-04;       6900
3.7556127168400e-04;       6900
3.7557959889800e-04;       9496
3.7559957333100e-04;       9496
3.7561790029300e-04;       6852
3.7563787366500e-04;       6852
3.7565620855600e-04;       9448
3.7567617581200e-04;       9448
3.7569450288100e-04;       6804
3.7571447628900e-04;       6804
3.7573447649200e-04;       1844
3.7575277771000e-04;       1844
3.7577277799400e-04;       4440
3.7579108002700e-04;       4440
3.7581107246800e-04;       1796
3.7582938043300e-04;       1796
3.7584938075400e-04;       4392
3.7586768278700e-04;       4392
3.7588767529200e-04;       6988
3.7590598423400e-04;       6988
3.7592597657400e-04;       4344
3.7594595005300e-04;       4344
3.7596428508900e-04;       6940
3.7598425250200e-04;       6940
3.7600257946900e-04;       4296
3.7602255292700e-04;       4296
3.7604088803300e-04;       6892
3.7606085547000e-04;       6892
3.7607918257100e-04;       9488
3.7609915688900e-04;       9488
3.7611748405100e-04;       6844
3.7613745724900e-04;       6844
3.7615745760000e-04;       1884
3.7617575962300e-04;       1884
3.7619575206500e-04;       -760
3.7621406005500e-04;       -760
3.7623406026300e-04;       9392
3.7625236142900e-04;       9392
3.7627236178600e-04;       4432
3.7629066381400e-04;       4432
3.7631065630900e-04;       1788
3.7633062961800e-04;       1788
3.7634896489100e-04;       4384
3.7636893211800e-04;       4384
3.7638725913900e-04;       6980
3.7640723342200e-04;       6980
3.7642556060800e-04;       4336
3.7644553349300e-04;       4336
3.7646386860700e-04;       6932
3.7648383607100e-04;       6932
3.7650216333800e-04;       4288
3.7652213655600e-04;       4288
3.7654213693900e-04;       6884
3.7656043896200e-04;       6884
3.7658043130800e-04;       9480
3.7659874039200e-04;       9480
3.7661873288800e-04;       6836
3.7663704089300e-04;       6836
3.7665704150400e-04;       1876
3.7667534369700e-04;       1876
3.7669533580200e-04;       -768
3.7671530949200e-04;       -768
3.7673364448100e-04;       9384
3.7675361085800e-04;       9384
3.7677194594500e-04;       4424
3.7679191322900e-04;       4424
3.7681024027900e-04;       1780
3.7683021360700e-04;       1780
3.7684854871400e-04;       4376
3.7686851604700e-04;       4376
3.7688684323600e-04;       6972
3.7690681772100e-04;       6972
3.7692514476000e-04;       4328
3.7694511809400e-04;       4328
3.7696511833400e-04;       6924
3.7698342030400e-04;       6924
3.7700341268800e-04;       4280
3.7702172070400e-04;       4280
3.7704172092800e-04;       6876
3.7706002323300e-04;       6876
3.7708001559600e-04;       9472
3.7709832457700e-04;       9472
3.7711831699900e-04;       6828
3.7713829051200e-04;       6828
3.7715662575800e-04;       9424
3.7717659305400e-04;       9424
3.7719492000500e-04;       6780
3.7721489343500e-04;       6780
3.7723322840700e-04;       9376
3.7725319487500e-04;       9376
3.7727152990500e-04;      11972
3.7729149736200e-04;      11972
3.7730982434100e-04;       9328
3.7732979769200e-04;       9328
3.7734979803300e-04;      11924
3.7736809999300e-04;      11924
3.7738809235400e-04;       6964
3.7740640151600e-04;       6964
3.7742639399600e-04;       4320
3.7744470194900e-04;       4320
3.7746470248100e-04;       6916
3.7748300456500e-04;       6916
3.7750299711700e-04;       4272
3.7752297043800e-04;       4272
3.7754130549400e-04;       6868
3.7756127268900e-04;       6868
3.7757959982100e-04;       9464
3.7759957407000e-04;       9464
3.7761790121100e-04;       6820
3.7763787448800e-04;       6820
3.7765620958300e-04;       1860
3.7767617700800e-04;       1860
3.7769450417200e-04;       6772
3.7771447756300e-04;       6772
3.7773447814100e-04;       9368
3.7775277927300e-04;       9368
3.7777277978500e-04;      11964
3.7779108177000e-04;      11964
3.7781107421000e-04;       1764
3.7782938225300e-04;       1764
3.7784938261000e-04;       4360
3.7786768470500e-04;       4360
3.7788767704100e-04;       6956
3.7790598604300e-04;       6956
3.7792597822200e-04;       4312
3.7794595160400e-04;       4312
3.7796428652000e-04;       6908
3.7798425396800e-04;       6908
3.7800258100400e-04;       4264
3.7802255444400e-04;       4264
3.7804088964400e-04;       6860
3.7806085711900e-04;       6860
3.7807918421300e-04;       9456
3.7809915863000e-04;       9456
3.7811748569500e-04;       6812
3.7813745907300e-04;       6812
3.7815745925000e-04;       9408
3.7817576133500e-04;       9408
3.7819575382200e-04;       6764
3.7821406192000e-04;       6764
3.7823406217500e-04;       9360
3.7825236346400e-04;       9360
3.7827236381600e-04;      11956
3.7829066589900e-04;      11956
3.7831065827200e-04;       9312
3.7833063173700e-04;       9312
3.7834896688000e-04;       4352
3.7836893427500e-04;       4352
3.7838726131600e-04;       6948
3.7840723578100e-04;       6948
3.7842556279500e-04;       4304
3.7844553625300e-04;       4304
3.7846387148400e-04;       6900
3.7848383872900e-04;       6900
3.7850216581200e-04;       4256
3.7852213911600e-04;       4256
3.7854213946300e-04;       6852
3.7856044144500e-04;       6852
3.7858043380700e-04;       9448
3.7859874286600e-04;       9448
3.7861873519400e-04;       6804
3.7863704329700e-04;       6804
3.7865704364800e-04;       9400
3.7867534573100e-04;       9400
3.7869533811300e-04;       6756
3.7871531152000e-04;       6756
3.7873364662500e-04;       9352
3.7875361298100e-04;       9352
3.7877194812800e-04;      11948
3.7879191548400e-04;      11948
3.7881024259500e-04;       9304
3.7883021596300e-04;       9304
3.7884855098900e-04;       4344
3.7886851848700e-04;       4344
3.7888684554000e-04;       6940
3.7890681990100e-04;       6940
3.7892514680600e-04;       4296
3.7894512006400e-04;       4296
3.7896512028900e-04;       6892
3.7898342252900e-04;       6892
3.7900341465800e-04;       4248
3.7902172272200e-04;       4248
3.7904172317300e-04;       6844
3.7906002530300e-04;       6844
3.7908001752100e-04;       9440
3.7909832664500e-04;       9440
3.7911831884800e-04;       6796
3.7913829248800e-04;       6796
3.7915662755900e-04;       9392
3.7917659495800e-04;       9392
3.7919492200800e-04;       6748
3.7921489542100e-04;       6748
3.7923323054400e-04;       9344
3.7925319679400e-04;       9344
3.7927153192200e-04;      11940
3.7929149906600e-04;      11940
3.7930982608600e-04;       1740
3.7932979939400e-04;       1740
3.7934979983400e-04;       4336
3.7936810186300e-04;       4336
3.7938809438800e-04;       6932
3.7940640349000e-04;       6932
3.7942639593500e-04;       4288
3.7944470399000e-04;       4288
3.7946470427600e-04;       6884
3.7948300626400e-04;       6884
3.7950299856900e-04;       4240
3.7952297197500e-04;       4240
3.7954130701500e-04;       6836
3.7956127441700e-04;       6836
3.7957960169700e-04;       9432
3.7959957613300e-04;       9432
3.7961790321500e-04;       6788
3.7963787662700e-04;       6788
3.7965621160300e-04;       9384
3.7967617892700e-04;       9384
3.7969450609600e-04;       6740
3.7971447946300e-04;       6740
3.7973447983200e-04;       9336
3.7975278090500e-04;       9336
3.7977278133200e-04;      11932
3.7979108317000e-04;      11932
3.7981107561200e-04;       9288
3.7982938367900e-04;       9288
3.7984938415000e-04;      11884
3.7986768608400e-04;      11884
3.7988767837700e-04;      14480
3.7990598749800e-04;      14480
3.7992597994100e-04;       4280
3.7994595341400e-04;       4280
3.7996428853600e-04;       6876
3.7998425599200e-04;       6876
3.8000258309200e-04;       4232
3.8002255640100e-04;       4232
3.8004089154200e-04;       6828
3.8006085881300e-04;       6828
3.8007918601000e-04;       9424
3.8009916045200e-04;       9424
3.8011748749200e-04;       6780
3.8013746103100e-04;       6780
3.8015746125800e-04;       9376
3.8017576339600e-04;       9376
3.8019575577500e-04;       6732
3.8021406392000e-04;       6732
3.8023406434700e-04;       1772
3.8025236546600e-04;       1772
3.8027236588300e-04;      11924
3.8029066789300e-04;      11924
3.8031066030400e-04;       9280
3.8033063360200e-04;       9280
3.8034896873700e-04;      11876
3.8036893618300e-04;      11876
3.8038726324700e-04;      14472
3.8040723746600e-04;      14472
3.8042556450200e-04;       4272
3.8044553793800e-04;       4272
3.8046387313800e-04;       6868
3.8048384035900e-04;       6868
3.8050216741400e-04;      11780
3.8052214076900e-04;      11780
3.8054214112300e-04;       6820
3.8056044321200e-04;       6820
3.8058043543600e-04;       9416
3.8059874462200e-04;       9416
3.8061873704900e-04;       6772
3.8063704498700e-04;       6772
3.8065704544700e-04;       9368
3.8067534757600e-04;       9368
3.8069533994800e-04;       6724
3.8071531330100e-04;       6724
3.8073364833500e-04;       9320
3.8075361464700e-04;       9320
3.8077194963600e-04;      11916
3.8079191700300e-04;      11916
3.8081024405200e-04;       9272
3.8083021733500e-04;       9272
3.8084855230500e-04;      11868
3.8086851975200e-04;      11868
3.8088684691800e-04;      14464
3.8090682132300e-04;      14464
3.8092514838600e-04;      11820
3.8094512180900e-04;      11820
3.8096512208000e-04;       6860
3.8098342420200e-04;       6860
3.8100341665400e-04;      11772
3.8102172464600e-04;      11772
3.8104172497200e-04;       6812
3.8106002697200e-04;       6812
3.8108001942100e-04;       9408
3.8109832853700e-04;       9408
3.8111832084900e-04;       6764
3.8113829413500e-04;       6764
3.8115662915600e-04;       9360
3.8117659643300e-04;       9360
3.8119492346300e-04;       6716
3.8121489682500e-04;       6716
3.8123323188500e-04;       9312
3.8125319816600e-04;       9312
3.8127153321500e-04;      11908
3.8129150059200e-04;      11908
3.8130982762100e-04;       9264
3.8132980086500e-04;       9264
3.8134980116600e-04;      11860
3.8136810340500e-04;      11860
3.8138809569100e-04;      14456
3.8140640485300e-04;      14456
3.8142639708800e-04;      11812
3.8144470522300e-04;      11812
3.8146470558500e-04;       6852
3.8148300767300e-04;       6852
3.8150299998700e-04;      11764
3.8152297333300e-04;      11764
3.8154130831200e-04;       6804
3.8156127568400e-04;       6804
3.8157960257900e-04;       9400
3.8159957696800e-04;       9400
3.8161790400900e-04;       6756
3.8163787714900e-04;       6756
3.8165621219900e-04;       9352
3.8167617970800e-04;       9352
3.8169450663400e-04;       6708
3.8171447997400e-04;       6708
3.8173448014900e-04;       9304
3.8175278115200e-04;       9304
3.8177278147000e-04;      11900
3.8179108356700e-04;      11900
3.8181107598100e-04;       9256
3.8182938392600e-04;       9256
3.8184938432400e-04;      11852
3.8186768613000e-04;      11852
3.8188767839400e-04;       6892
3.8190598738600e-04;       6892
3.8192597987000e-04;       4248
3.8194595315400e-04;       4248
3.8196428814600e-04;       6844
3.8198425555800e-04;       6844
3.8200258258100e-04;      11756
3.8202255587900e-04;      11756
3.8204089107900e-04;       6796
3.8206085827200e-04;       6796
3.8207918528100e-04;       9392
3.8209915949400e-04;       9392
3.8211748647800e-04;       6748
3.8213745981800e-04;       6748
3.8215746001700e-04;       9344
3.8217576212400e-04;       9344
3.8219575455900e-04;       6700
3.8221406251900e-04;       6700
3.8223406283800e-04;       9296
3.8225236386800e-04;       9296
3.8227236413800e-04;      11892
3.8229066621300e-04;      11892
3.8231065846300e-04;       9248
3.8233063181400e-04;       9248
3.8234896680300e-04;       4288
3.8236893414000e-04;       4288
3.8238726115500e-04;       6884
3.8240723534100e-04;       6884
3.8242556242700e-04;       4240
3.8244553566400e-04;       4240
3.8246387056600e-04;       6836
3.8248383791500e-04;       6836
3.8250216505800e-04;       4192
3.8252213839100e-04;       4192
3.8254213874600e-04;       6788
3.8256044064800e-04;       6788
3.8258043306000e-04;       9384
3.8259874218500e-04;       9384
3.8261873466300e-04;       6740
3.8263704259200e-04;       6740
3.8265704303100e-04;       9336
3.8267534510300e-04;       9336
3.8269533743400e-04;       6692
3.8271531075400e-04;       6692
3.8273364579000e-04;       9288
3.8275361216700e-04;       9288
3.8277194723200e-04;      11884
3.8279191455700e-04;      11884
3.8281024178300e-04;       1684
3.8283021509500e-04;       1684
3.8284855000700e-04;       4280
3.8286851753800e-04;       4280
3.8288684459900e-04;       6876
3.8290681892600e-04;       6876
3.8292514608300e-04;       4232
3.8294511923800e-04;       4232
3.8296511968500e-04;       6828
3.8298342164800e-04;       6828
3.8300341402100e-04;       4184
3.8302172212900e-04;       4184
3.8304172233700e-04;       6780
3.8306002449200e-04;       6780
3.8308001675900e-04;       9376
3.8309832586600e-04;       9376
3.8311831815500e-04;       6732
3.8313829157500e-04;       6732
3.8315662662000e-04;       9328
3.8317659407700e-04;       9328
3.8319492105900e-04;       6684
3.8321489430200e-04;       6684
3.8323322936200e-04;       9280
3.8325319570400e-04;       9280
3.8327153063800e-04;      11876
3.8329149814300e-04;      11876
3.8330982527300e-04;       9232
3.8332979868800e-04;       9232
3.8334979893600e-04;      11828
3.8336810098500e-04;      11828
3.8338809329900e-04;       6868
3.8340640242100e-04;       6868
3.8342639483000e-04;       4224
3.8344470286700e-04;       4224
3.8346470334900e-04;       6820
3.8348300544900e-04;       6820
3.8350299775100e-04;       4176
3.8352297114600e-04;       4176
3.8354130622800e-04;       6772
3.8356127368400e-04;       6772
3.8357960063900e-04;       9368
3.8359957499800e-04;       9368
3.8361790202300e-04;       6724
3.8363787527000e-04;       6724
3.8365621037500e-04;       9320
3.8367617786400e-04;       9320
3.8369450493300e-04;       6676
3.8371447823400e-04;       6676
3.8373447862000e-04;       9272
3.8375277971100e-04;       9272
3.8377277998600e-04;      11868
3.8379108209600e-04;      11868
3.8381107447000e-04;       9224
3.8382938235900e-04;       9224
3.8384938269500e-04;       4264
3.8386768468500e-04;       4264
3.8388767721800e-04;       6860
3.8390598615300e-04;       6860
3.8392597853600e-04;       4216
3.8394595192100e-04;       4216
3.8396428695600e-04;       6812
3.8398425428300e-04;       6812
3.8400258123600e-04;       4168
3.8402255466800e-04;       4168
3.8404088975100e-04;       6764
3.8406085721200e-04;       6764
3.8407918428700e-04;       9360
3.8409915854000e-04;       9360
3.8411748570800e-04;       6716
3.8413745902200e-04;       6716
3.8415745931700e-04;       1756
3.8417576145800e-04;       1756
3.8419575376100e-04;       6668
3.8421406182000e-04;       6668
3.8423406208200e-04;       9264
3.8425236325200e-04;       9264
3.8427236368400e-04;      11860
3.8429066580300e-04;      11860
3.8431065823900e-04;       9216
3.8433063136600e-04;       9216
3.8434896653800e-04;      11812
3.8436893389300e-04;      11812
3.8438726117900e-04;       6852
3.8440723546700e-04;       6852
3.8442556250100e-04;       4208
3.8444553574300e-04;       4208
3.8446387065900e-04;       6804
3.8448383796000e-04;       6804
3.8450216496900e-04;       4160
3.8452213829700e-04;       4160
3.8454213871900e-04;       6756
3.8456044076600e-04;       6756
3.8458043312900e-04;       9352
3.8459874211500e-04;       9352
3.8461873459700e-04;       6708
3.8463704248400e-04;       6708
3.8465704285100e-04;       9304
3.8467534495200e-04;       9304
3.8469533734800e-04;       6660
3.8471531052700e-04;       6660
3.8473364553900e-04;       9256
3.8475361192400e-04;       9256
3.8477194705000e-04;       4296
3.8479191442900e-04;       4296
3.8481024146300e-04;       1652
3.8483021484800e-04;       1652
3.8484854990100e-04;       4248
3.8486851748300e-04;       4248
3.8488684438000e-04;       6844
3.8490681870600e-04;       6844
3.8492514587000e-04;       4200
3.8494511933900e-04;       4200
3.8496511974600e-04;       6796
3.8498342183400e-04;       6796
3.8500341432500e-04;       4152
3.8502172230200e-04;       4152
3.8504172256600e-04;       6748
3.8506002471600e-04;       6748
3.8508001710500e-04;       9344
3.8509832607500e-04;       9344
3.8511831832100e-04;       6700
3.8513829169900e-04;       6700
3.8515662659000e-04;       9296
3.8517659394200e-04;       9296
3.8519492101400e-04;       6652
3.8521489435600e-04;       6652
3.8523322941800e-04;       9248
3.8525319576100e-04;       9248
3.8527153086700e-04;      11844
3.8529149816500e-04;      11844
3.8530982517300e-04;       9200
3.8532979845600e-04;       9200
3.8534979874800e-04;       4240
3.8536810075400e-04;       4240
3.8538809314700e-04;       6836
3.8540640221000e-04;       6836
3.8542639448800e-04;       4192
3.8544470251600e-04;       4192
3.8546470280700e-04;       6788
3.8548300483700e-04;       6788
3.8550299702900e-04;       4144
3.8552297038100e-04;       4144
3.8554130555900e-04;       6740
3.8556127290100e-04;       6740
3.8557960008700e-04;       9336
3.8559957439200e-04;       9336
3.8561790141300e-04;       6692
3.8563787484400e-04;       6692
3.8565620992700e-04;       9288
3.8567617702600e-04;       9288
3.8569450408600e-04;       6644
3.8571447747600e-04;       6644
3.8573447788600e-04;       9240
3.8575277904400e-04;       9240
3.8577277932400e-04;      11836
3.8579108148200e-04;      11836
3.8581107385900e-04;       1636
3.8582938182600e-04;       1636
3.8584938221800e-04;       4232
3.8586768419800e-04;       4232
3.8588767652500e-04;       6828
3.8590598566500e-04;       6828
3.8592597798300e-04;       4184
3.8594595138800e-04;       4184
3.8596428633600e-04;       6780
3.8598425369900e-04;       6780
3.8600258083500e-04;       4136
3.8602255408000e-04;       4136
3.8604088912500e-04;       6732
3.8606085650400e-04;       6732
3.8607918349700e-04;       9328
3.8609915784500e-04;       9328
3.8611748489300e-04;       6684
3.8613745815000e-04;       6684
3.8615745856500e-04;       9280
3.8617576062500e-04;       9280
3.8619575284200e-04;       6636
3.8621406079400e-04;       6636
3.8623406098500e-04;       9232
3.8625236212200e-04;       9232
3.8627236244500e-04;       4272
3.8629066448100e-04;       4272
3.8631065675000e-04;       1628
3.8633062997300e-04;       1628
3.8634896490900e-04;       4224
3.8636893212000e-04;       4224
3.8638725920200e-04;       6820
3.8640723358000e-04;       6820
3.8642556048900e-04;       4176
3.8644553390800e-04;       4176
3.8646386905600e-04;       6772
3.8648383641200e-04;       6772
3.8650216347100e-04;       4128
3.8652213687400e-04;       4128
3.8654213721100e-04;       6724
3.8656043937100e-04;       6724
3.8658043166600e-04;       9320
3.8659874064900e-04;       9320
3.8661873289600e-04;       6676
3.8663704093700e-04;       6676
3.8665704133300e-04;       1716
3.8667534330200e-04;       1716
3.8669533572100e-04;       -928
3.8671530899000e-04;       -928
3.8673364395600e-04;       1668
3.8675361032900e-04;       1668
3.8677194544000e-04;      11820
3.8679191269700e-04;      11820
3.8681023995500e-04;       1620
3.8683021315400e-04;       1620
3.8684854840400e-04;       4216
3.8686851562300e-04;       4216
3.8688684270700e-04;       6812
3.8690681708800e-04;       6812
3.8692514418800e-04;       4168
3.8694511747300e-04;       4168
3.8696511785500e-04;       6764
3.8698341994100e-04;       6764
3.8700341236800e-04;       4120
3.8702172049000e-04;       4120
3.8704172090000e-04;       6716
3.8706002291700e-04;       6716
3.8708001537500e-04;       9312
3.8709832456700e-04;       9312
3.8711831680200e-04;       6668
3.8713829027200e-04;       6668
3.8715662530300e-04;       9264
3.8717659255500e-04;       9264
3.8719491967800e-04;       6620
3.8721489323000e-04;       6620
3.8723322803900e-04;       1660
3.8725319439800e-04;       1660
3.8727152943700e-04;      11812
3.8729149682200e-04;      11812
3.8730982375400e-04;       1612
3.8732979724000e-04;       1612
3.8734979756600e-04;       4208
3.8736809960200e-04;       4208
3.8738809190700e-04;       6804
3.8740640085000e-04;       6804
3.8742639312000e-04;       4160
3.8744470125700e-04;       4160
3.8746470176200e-04;       6756
3.8748300392700e-04;       6756
3.8750299624500e-04;       4112
3.8752296937300e-04;       4112
3.8754130461800e-04;       6708
3.8756127202400e-04;       6708
3.8757959893100e-04;       9304
3.8759957339800e-04;       9304
3.8761790052900e-04;       -896
3.8763787376500e-04;       -896
3.8765620886100e-04;       1700
3.8767617616500e-04;       1700
3.8769450305200e-04;       6612
3.8771447639200e-04;       6612
3.8773447699700e-04;       9208
3.8775277801900e-04;       9208
3.8777277835400e-04;       4248
3.8779108048500e-04;       4248
3.8781107292200e-04;       1604
3.8782938101000e-04;       1604
3.8784938140100e-04;       4200
3.8786768344100e-04;       4200
3.8788767584500e-04;       6796
3.8790598484600e-04;       6796
3.8792597722300e-04;       4152
3.8794595051600e-04;       4152
3.8796428556000e-04;       6748
3.8798425302300e-04;       6748
3.8800258018800e-04;       4104
3.8802255353600e-04;       4104
3.8804088866500e-04;       6700
3.8806085588600e-04;       6700
3.8807918302300e-04;       9296
3.8809915747800e-04;       9296
3.8811748467200e-04;       6652
3.8813745794100e-04;       6652
3.8815745843600e-04;       9248
3.8817576056900e-04;       9248
3.8819575285600e-04;       6604
3.8821406102700e-04;       6604
3.8823406137100e-04;       9200
3.8825236247900e-04;       9200
3.8827236280500e-04;       4240
3.8829066483600e-04;       4240
3.8831065714500e-04;       9152
3.8833063051200e-04;       9152
3.8834896543500e-04;       4192
3.8836893282600e-04;       4192
3.8838725995400e-04;       6788
3.8840723429500e-04;       6788
3.8842556134500e-04;       4144
3.8844553475700e-04;       4144
3.8846387001300e-04;       6740
3.8848383707600e-04;       6740
3.8850216427500e-04;       4096
3.8852213750900e-04;       4096
3.8854213776900e-04;       6692
3.8856043977000e-04;       6692
3.8858043206400e-04;       9288
3.8859874101600e-04;       9288
3.8861873321300e-04;       6644
3.8863704128200e-04;       6644
3.8865704180500e-04;       9240
3.8867534380100e-04;       9240
3.8869533625300e-04;       -960
3.8871530962700e-04;       -960
3.8873364481600e-04;       1636
3.8875361109600e-04;       1636
3.8877194613200e-04;       4232
3.8879191353600e-04;       4232
3.8881024052300e-04;       1588
3.8883021384700e-04;       1588
3.8884854899100e-04;       4184
3.8886851633500e-04;       4184
3.8888684336700e-04;       6780
3.8890681764400e-04;       6780
3.8892514475300e-04;       4136
3.8894511814100e-04;       4136
3.8896511851000e-04;       6732
3.8898342036200e-04;       6732
3.8900341284500e-04;       4088
3.8902172081500e-04;       4088
3.8904172129100e-04;       6684
3.8906002332900e-04;       6684
3.8908001567100e-04;       9280
3.8909832480600e-04;       9280
3.8911831722900e-04;       6636
3.8913829050000e-04;       6636
3.8915662573000e-04;       1676
3.8917659302600e-04;       1676
3.8919492008700e-04;       -968
3.8921489335700e-04;       -968
3.8923322839900e-04;       1628
3.8925319474300e-04;       1628
3.8927152984100e-04;       4224
3.8929149720100e-04;       4224
3.8930982433300e-04;       1580
3.8932979767300e-04;       1580
3.8934979797700e-04;       4176
3.8936810004700e-04;       4176
3.8938809211500e-04;       6772
3.8940640131000e-04;       6772
3.8942639371500e-04;       4128
3.8944470182600e-04;       4128
3.8946470204200e-04;       6724
3.8948300418300e-04;       6724
3.8950299653400e-04;       4080
3.8952296986200e-04;       4080
3.8954130488400e-04;       6676
3.8956127212800e-04;       6676
3.8957959897500e-04;       9272
3.8959957336300e-04;       9272
3.8961790050100e-04;       6628
3.8963787390900e-04;       6628
3.8965620903900e-04;       1668
3.8967617649500e-04;       1668
3.8969450356900e-04;       -976
3.8971447695100e-04;       -976
3.8973447734800e-04;       1620
3.8975277853100e-04;       1620
3.8977277911900e-04;       4216
3.8979108121900e-04;       4216
3.8981107362600e-04;       1572
3.8982938173000e-04;       1572
3.8984938203100e-04;       4168
3.8986768381900e-04;       4168
3.8988767610200e-04;       6764
3.8990598505100e-04;       6764
3.8992597737400e-04;       4120
3.8994595067300e-04;       4120
3.8996428589300e-04;       6716
3.8998425326400e-04;       6716
3.9000258057500e-04;       4072
3.9002255375100e-04;       4072
3.9004088882800e-04;       6668
3.9006085610100e-04;       6668
3.9007918338300e-04;       9264
3.9009915747500e-04;       9264
3.9011748460400e-04;       6620
3.9013745798200e-04;       6620
3.9015745831200e-04;       9216
3.9017576053100e-04;       9216
3.9019575286400e-04;       6572
3.9021406105800e-04;       6572
3.9023406132200e-04;       9168
3.9025236231900e-04;       9168
3.9027236275400e-04;      11764
3.9029066484000e-04;      11764
3.9031065716200e-04;       1564
3.9033063057000e-04;       1564
3.9034896559300e-04;       4160
3.9036893299100e-04;       4160
3.9038726016000e-04;       6756
3.9040723452200e-04;       6756
3.9042556155600e-04;       4112
3.9044553487500e-04;       4112
3.9046386984800e-04;       6708
3.9048383727600e-04;       6708
3.9050216420300e-04;       4064
3.9052213749500e-04;       4064
3.9054213797700e-04;       6660
3.9056044003000e-04;       6660
3.9058043224600e-04;       9256
3.9059874125000e-04;       9256
3.9061873371700e-04;       6612
3.9063704184400e-04;       6612
3.9065704205100e-04;       9208
3.9067534418500e-04;       9208
3.9069533647400e-04;       6564
3.9071530984800e-04;       6564
3.9073364495200e-04;       9160
3.9075361114500e-04;       9160
3.9077194622200e-04;      11756
3.9079191349600e-04;      11756
3.9081024071500e-04;       9112
3.9083021414600e-04;       9112
3.9084854904700e-04;       4152
3.9086851643300e-04;       4152
3.9088684343400e-04;       6748
3.9090681783600e-04;       6748
3.9092514490300e-04;       4104
3.9094511807500e-04;       4104
3.9096511844100e-04;       6700
3.9098342042000e-04;       6700
3.9100341283300e-04;       4056
3.9102172095600e-04;       4056
3.9104172123400e-04;       6652
3.9106002325400e-04;       6652
3.9108001565700e-04;       9248
3.9109832466800e-04;       9248
3.9111831706200e-04;       6604
3.9113829037300e-04;       6604
3.9115662532500e-04;       9200
3.9117659258600e-04;       9200
3.9119491948600e-04;       6556
3.9121489286800e-04;       6556
3.9123322783900e-04;       9152
3.9125319414000e-04;       9152
3.9127152931400e-04;       4192
3.9129149644500e-04;       4192
3.9130982342600e-04;       1548
3.9132979689000e-04;       1548
3.9134979715800e-04;       4144
3.9136809926600e-04;       4144
3.9138809168400e-04;       6740
3.9140640066900e-04;       6740
3.9142639301000e-04;       4096
3.9144470118200e-04;       4096
3.9146470166900e-04;       6692
3.9148300371700e-04;       6692
3.9150299603900e-04;       4048
3.9152296941800e-04;       4048
3.9154130451600e-04;       6644
3.9156127188100e-04;       6644
3.9157959889200e-04;       9240
3.9159957333700e-04;       9240
3.9161790051100e-04;       6596
3.9163787370600e-04;       6596
3.9165620878700e-04;       1636
3.9167617615000e-04;       1636
3.9169450317200e-04;      -1008
3.9171447642300e-04;      -1008
3.9173447680600e-04;       1588
3.9175277795400e-04;       1588
3.9177277829400e-04;       4184
3.9179108038400e-04;       4184
3.9181107271400e-04;       1540
3.9182938079500e-04;       1540
3.9184938128800e-04;       4136
3.9186768338000e-04;       4136
3.9188767562500e-04;       6732
3.9190598468400e-04;       6732
3.9192597730000e-04;       4088
3.9194595050300e-04;       4088
3.9196428537500e-04;       6684
3.9198425281700e-04;       6684
3.9200257990300e-04;       4040
3.9202255332100e-04;       4040
3.9204088838900e-04;       6636
3.9206085583200e-04;       6636
3.9207918284700e-04;       9232
3.9209915715000e-04;       9232
3.9211748403400e-04;       6588
3.9213745740500e-04;       6588
3.9215745777400e-04;       9184
3.9217575988300e-04;       9184
3.9219575221700e-04;       6540
3.9221406039600e-04;       6540
3.9223406078000e-04;       9136
3.9225236196600e-04;       9136
3.9227236242800e-04;      11732
3.9229066447800e-04;      11732
3.9231065689200e-04;       9088
3.9233063028200e-04;       9088
3.9234896528400e-04;       4128
3.9236893260600e-04;       4128
3.9238725977000e-04;       6724
3.9240723398700e-04;       6724
3.9242556100500e-04;       4080
3.9244553443500e-04;       4080
3.9246386946800e-04;       6676
3.9248383665700e-04;       6676
3.9250216376200e-04;       4032
3.9252213716700e-04;       4032
3.9254213759800e-04;       6628
3.9256043970600e-04;       6628
3.9258043220500e-04;       9224
3.9259874115700e-04;       9224
3.9261873356000e-04;       6580
3.9263704155200e-04;       6580
3.9265704200600e-04;       1620
3.9267534397300e-04;       1620
3.9269533641300e-04;      -1024
3.9271530966100e-04;      -1024
3.9273364460300e-04;       1572
3.9275361098900e-04;       1572
3.9277194600100e-04;      11724
3.9279191331300e-04;      11724
3.9281024040300e-04;       1524
3.9283021371700e-04;       1524
3.9284854882400e-04;       4120
3.9286851617100e-04;       4120
3.9288684335000e-04;       6716
3.9290681772000e-04;       6716
3.9292514459700e-04;       4072
3.9294511806800e-04;       4072
3.9296511834500e-04;       6668
3.9298342050800e-04;       6668
3.9300341273500e-04;       4024
3.9302172077200e-04;       4024
3.9304172132200e-04;       6620
3.9306002346100e-04;       6620
3.9308001580600e-04;       9216
3.9309832483200e-04;       9216
3.9311831719900e-04;       6572
3.9313829062200e-04;       6572
3.9315662569000e-04;       9168
3.9317659301600e-04;       9168
3.9319492005000e-04;       6524
3.9321489339100e-04;       6524
3.9323322847600e-04;       9120
3.9325319483300e-04;       9120
3.9327152978000e-04;       4160
3.9329149725100e-04;       4160
3.9330982431800e-04;       1516
3.9332979748100e-04;       1516
3.9334979795400e-04;       4112
3.9336810000400e-04;       4112
3.9338809227500e-04;       6708
3.9340640142800e-04;       6708
3.9342639354400e-04;       4064
3.9344470160900e-04;       4064
3.9346470199300e-04;       6660
3.9348300405600e-04;       6660
3.9350299644100e-04;       4016
3.9352296973300e-04;       4016
3.9354130480900e-04;       6612
3.9356127213100e-04;       6612
3.9357959936200e-04;       9208
3.9359957358000e-04;       9208
3.9361790043300e-04;       6564
3.9363787398400e-04;       6564
3.9365620905400e-04;       9160
3.9367617647000e-04;       9160
3.9369450352600e-04;       6516
3.9371447696200e-04;       6516
3.9373447745500e-04;       9112
3.9375277834100e-04;       9112
3.9377277850100e-04;       4152
3.9379108041200e-04;       4152
3.9381107271900e-04;       1508
3.9382938082900e-04;       1508
3.9384938126400e-04;       4104
3.9386768320500e-04;       4104
3.9388767560700e-04;       6700
3.9390598480600e-04;       6700
3.9392597715900e-04;       4056
3.9394595052500e-04;       4056
3.9396428539900e-04;       6652
3.9398425273300e-04;       6652
3.9400257984000e-04;       4008
3.9402255316800e-04;       4008
3.9404088814900e-04;       6604
3.9406085550700e-04;       6604
3.9407918249500e-04;       9200
3.9409915692900e-04;       9200
3.9411748393100e-04;       6556
3.9413745711700e-04;       6556
3.9415745739800e-04;       1596
3.9417575933900e-04;       1596
3.9419575178300e-04;      -1048
3.9421405981500e-04;      -1048
3.9423406014000e-04;       1548
3.9425236115900e-04;       1548
3.9427236142100e-04;       4144
3.9429066358100e-04;       4144
3.9431065582400e-04;       1500
3.9433062927400e-04;       1500
3.9434896417400e-04;       4096
3.9436893156700e-04;       4096
3.9438725861500e-04;       6692
3.9440723301600e-04;       6692
3.9442556013200e-04;       4048
3.9444553369000e-04;       4048
3.9446386875400e-04;       6644
3.9448383603900e-04;       6644
3.9450216319500e-04;       4000
3.9452213661100e-04;       4000
3.9454213701600e-04;       6596
3.9456043890300e-04;       6596
3.9458043121800e-04;       9192
3.9459874028000e-04;       9192
3.9461873260300e-04;       6548
3.9463704069900e-04;       6548
3.9465704097900e-04;       1588
3.9467534289400e-04;       1588
3.9469533522100e-04;      -1056
3.9471530838500e-04;      -1056
3.9473364357500e-04;       1540
3.9475360990300e-04;       1540
3.9477194485900e-04;       4136
3.9479191244300e-04;       4136
3.9481023945600e-04;       1492
3.9483021267400e-04;       1492
3.9484854752900e-04;       4088
3.9486851496100e-04;       4088
3.9488684201800e-04;       6684
3.9490681656500e-04;       6684
3.9492514363100e-04;       4040
3.9494511701300e-04;       4040
3.9496511740100e-04;       6636
3.9498341951600e-04;       6636
3.9500341194900e-04;       3992
3.9502172003100e-04;       3992
3.9504172023600e-04;       6588
3.9506002229400e-04;       6588
3.9508001470500e-04;       9184
3.9509832382700e-04;       9184
3.9511831620500e-04;       6540
3.9513828944000e-04;       6540
3.9515662453800e-04;       9136
3.9517659192000e-04;       9136
3.9519491905900e-04;      -1064
3.9521489236600e-04;      -1064
3.9523322737000e-04;       9088
3.9525319366200e-04;       9088
3.9527152855200e-04;       4128
3.9529149591900e-04;       4128
3.9530982311700e-04;       1484
3.9532979646400e-04;       1484
3.9534979682800e-04;       4080
3.9536809886000e-04;       4080
3.9538809125300e-04;       6676
3.9540640037700e-04;       6676
3.9542639282700e-04;       4032
3.9544470101600e-04;       4032
3.9546470153100e-04;       6628
3.9548300343900e-04;       6628
3.9550299590000e-04;       3984
3.9552296925700e-04;       3984
3.9554130438100e-04;       6580
3.9556127189600e-04;       6580
3.9557959882400e-04;       9176
3.9559957306100e-04;       9176
3.9561790018200e-04;       6532
3.9563787338700e-04;       6532
3.9565620833700e-04;       1572
3.9567617559300e-04;       1572
3.9569450264000e-04;      -1072
3.9571447599000e-04;      -1072
3.9573447630800e-04;       1524
3.9575277738600e-04;       1524
3.9577277750200e-04;       4120
3.9579107957600e-04;       4120
3.9581107210400e-04;       1476
3.9582938014900e-04;       1476
3.9584938051000e-04;       4072
3.9586768257400e-04;       4072
3.9588767484300e-04;       6668
3.9590598391900e-04;       6668
3.9592597622300e-04;       4024
3.9594594962800e-04;       4024
3.9596428469500e-04;       6620
3.9598425205900e-04;       6620
3.9600257910100e-04;       3976
3.9602255249800e-04;       3976
3.9604088760400e-04;       6572
3.9606085497800e-04;       6572
3.9607918217500e-04;       9168
3.9609915664600e-04;       9168
3.9611748379600e-04;       6524
3.9613745714400e-04;       6524
3.9615745759300e-04;       1564
3.9617575968400e-04;       1564
3.9619575221000e-04;       6476
3.9621406019400e-04;       6476
3.9623406056600e-04;       9072
3.9625236158400e-04;       9072
3.9627236194300e-04;       4112
3.9629066407900e-04;       4112
3.9631065639900e-04;       1468
3.9633062968200e-04;       1468
3.9634896476900e-04;       4064
3.9636893218900e-04;       4064
3.9638725926200e-04;       6660
3.9640723359800e-04;       6660
3.9642556062600e-04;       4016
3.9644553395500e-04;       4016
3.9646386905900e-04;       6612
3.9648383660900e-04;       6612
3.9650216344400e-04;       3968
3.9652213691600e-04;       3968
3.9654213723400e-04;       6564
3.9656043936500e-04;       6564
3.9658043164700e-04;       9160
3.9659874071600e-04;       9160
3.9661873309800e-04;       6516
3.9663704108100e-04;       6516
3.9665704143100e-04;       9112
3.9667534354600e-04;       9112
3.9669533578100e-04;       6468
3.9671530909800e-04;       6468
3.9673364428000e-04;       9064
3.9675361050100e-04;       9064
3.9677194556800e-04;       4104
3.9679191285400e-04;       4104
3.9681024001500e-04;       1460
3.9683021344200e-04;       1460
3.9684854841800e-04;       4056
3.9686851575300e-04;       4056
3.9688684282200e-04;       6652
3.9690681718500e-04;       6652
3.9692514434000e-04;       4008
3.9694511765500e-04;       4008
3.9696511808800e-04;       6604
3.9698342010200e-04;       6604
3.9700341248900e-04;       3960
3.9702172042400e-04;       3960
3.9704172086900e-04;       6556
3.9706002294100e-04;       6556
3.9708001529200e-04;       9152
3.9709832450300e-04;       9152
3.9711831681900e-04;       6508
3.9713829016400e-04;       6508
3.9715662522100e-04;       1548
3.9717659283000e-04;       1548
3.9719491997900e-04;      -1096
3.9721489329700e-04;      -1096
3.9723322849200e-04;       1500
3.9725319459200e-04;       1500
3.9727152963900e-04;       4096
3.9729149688000e-04;       4096
3.9730982396900e-04;       1452
3.9732979739300e-04;       1452
3.9734979782000e-04;       4048
3.9736809989000e-04;       4048
3.9738809226700e-04;       6644
3.9740640145400e-04;       6644
3.9742639383400e-04;       4000
3.9744470189900e-04;       4000
3.9746470214500e-04;       6596
3.9748300424200e-04;       6596
3.9750299657000e-04;       3952
3.9752296986500e-04;       3952
3.9754130512600e-04;       6548
3.9756127238100e-04;       6548
3.9757959948600e-04;       9144
3.9759957380800e-04;       9144
3.9761790082800e-04;       6500
3.9763787428700e-04;       6500
3.9765620920500e-04;       9096
3.9767617659100e-04;       9096
3.9769450354400e-04;       6452
3.9771447693200e-04;       6452
3.9773447742200e-04;       1492
3.9775277850800e-04;       1492
3.9777277882000e-04;       4088
3.9779108098500e-04;       4088
3.9781107321800e-04;       1444
3.9782938137000e-04;       1444
3.9784938158000e-04;       4040
3.9786768365500e-04;       4040
3.9788767600500e-04;       6636
3.9790598512000e-04;       6636
3.9792597724100e-04;       3992
3.9794595069100e-04;       3992
3.9796428564000e-04;       6588
3.9798425292800e-04;       6588
3.9800257969200e-04;       3944
3.9802255306000e-04;       3944
3.9804088816600e-04;       6540
3.9806085535300e-04;       6540
3.9807918240200e-04;       9136
3.9809915686200e-04;       9136
3.9811748385400e-04;       6492
3.9813745729000e-04;       6492
3.9815745767100e-04;       1532
3.9817575979600e-04;       1532
3.9819575200900e-04;       6444
3.9821406029700e-04;       6444
3.9823406059100e-04;       1484
3.9825236171200e-04;       1484
3.9827236202100e-04;       4080
3.9829066404200e-04;       4080
3.9831065643400e-04;       1436
3.9833062962300e-04;       1436
3.9834896471600e-04;       4032
3.9836893210400e-04;       4032
3.9838725915400e-04;       6628
3.9840723358600e-04;       6628
3.9842556050400e-04;       3984
3.9844553396200e-04;       3984
3.9846386899600e-04;       6580
3.9848383640800e-04;       6580
3.9850216353200e-04;       3936
3.9852213676200e-04;       3936
3.9854213713300e-04;       6532
3.9856043937800e-04;       6532
3.9858043165200e-04;       9128
3.9859874061400e-04;       9128
3.9861873284800e-04;       6484
3.9863704089600e-04;       6484
3.9865704119600e-04;       1524
3.9867534334600e-04;       1524
3.9869533557600e-04;      -1120
3.9871530883300e-04;      -1120
3.9873364392200e-04;       1476
3.9875361039000e-04;       1476
3.9877194525200e-04;       4072
3.9879191258900e-04;       4072
3.9881023978800e-04;       1428
3.9883021306700e-04;       1428
3.9884854800900e-04;       4024
3.9886851533400e-04;       4024
3.9888684228400e-04;       6620
3.9890681653100e-04;       6620
3.9892514351300e-04;       3976
3.9894511697100e-04;       3976
3.9896511734500e-04;       6572
3.9898341940100e-04;       6572
3.9900341164100e-04;       3928
3.9902171983700e-04;       3928
3.9904172001700e-04;       6524
3.9906002214400e-04;       6524
3.9908001448800e-04;       9120
3.9909832358700e-04;       9120
3.9911831590700e-04;       6476
3.9913828919900e-04;       6476
3.9915662423100e-04;       9072
3.9917659169500e-04;       9072
3.9919491879900e-04;       6428
3.9921489223400e-04;       6428
3.9923322704900e-04;       1468
3.9925319335800e-04;       1468
3.9927152851200e-04;       4064
3.9929149586700e-04;       4064
3.9930982297700e-04;       1420
3.9932979634400e-04;       1420
3.9934979681600e-04;       4016
3.9936809883400e-04;       4016
3.9938809121000e-04;       6612
3.9940640033800e-04;       6612
3.9942639267600e-04;       3968
3.9944470090600e-04;       3968
3.9946470122800e-04;       6564
3.9948300333300e-04;       6564
3.9950299571400e-04;       3920
3.9952296899700e-04;       3920
3.9954130416500e-04;       6516
3.9956127151000e-04;       6516
3.9957959855200e-04;       9112
3.9959957287800e-04;       9112
3.9961789982900e-04;       6468
3.9963787312300e-04;       6468
3.9965620819900e-04;       1508
3.9967617545000e-04;       1508
3.9969450265600e-04;      -1136
3.9971447592800e-04;      -1136
3.9973447612300e-04;       1460
3.9975277724200e-04;       1460
3.9977277758600e-04;       4056
3.9979107972400e-04;       4056
3.9981107197200e-04;       1412
3.9982938014000e-04;       1412
3.9984938047800e-04;       4008
3.9986768241700e-04;       4008
3.9988767470400e-04;       6604
3.9990598381900e-04;       6604
3.9992597618800e-04;       3960
3.9994594966700e-04;       3960
3.9996428467400e-04;       6556
3.9998425210200e-04;       6556
4.0000257906100e-04;       3912
4.0002255247700e-04;       3912
4.0004088765300e-04;       6508
4.0006085480500e-04;       6508
4.0007918186300e-04;       9104
4.0009915624200e-04;       9104
4.0011748340500e-04;       6460
4.0013745648300e-04;       6460
4.0015745686000e-04;       9056
4.0017575874100e-04;       9056
4.0019575128400e-04;      -1144
4.0021405932300e-04;      -1144
4.0023405960300e-04;       1452
4.0025236083100e-04;       1452
4.0027236118300e-04;       4048
4.0029066320000e-04;       4048
4.0031065557500e-04;       1404
4.0033062881800e-04;       1404
4.0034896382500e-04;       4000
4.0036893118600e-04;       4000
4.0038725820000e-04;       6596
4.0040723273300e-04;       6596
4.0042555973500e-04;       3952
4.0044553299300e-04;       3952
4.0046386821300e-04;       6548
4.0048383548600e-04;       6548
4.0050216250100e-04;       3904
4.0052213597500e-04;       3904
4.0054213640000e-04;       6500
4.0056043853600e-04;       6500
4.0058043081300e-04;       9096
4.0059873988600e-04;       9096
4.0061873221600e-04;       6452
4.0063704028300e-04;       6452
4.0065704060500e-04;       1492
4.0067534277700e-04;       1492
4.0069533519900e-04;      -1152
4.0071530845100e-04;      -1152
4.0073364351400e-04;       1444
4.0075360982600e-04;       1444
4.0077194474600e-04;       4040
4.0079191209200e-04;       4040
4.0081023931100e-04;       1396
4.0083021269900e-04;       1396
4.0084854785700e-04;       3992
4.0086851523300e-04;       3992
4.0088684248600e-04;       6588
4.0090681677600e-04;       6588
4.0092514381700e-04;       3944
4.0094511718300e-04;       3944
4.0096511747400e-04;       6540
4.0098341948900e-04;       6540
4.0100341174300e-04;       3896
4.0102171993400e-04;       3896
4.0104172040500e-04;       6492
4.0106002239800e-04;       6492
4.0108001478600e-04;       9088
4.0109832380500e-04;       9088
4.0111831615200e-04;       6444
4.0113828942300e-04;       6444
4.0115662442300e-04;       1484
4.0117659191200e-04;       1484
4.0119491893100e-04;       6396
4.0121489234500e-04;       6396
4.0123322735700e-04;       8992
4.0125319374300e-04;       8992
4.0127152885400e-04;       4032
4.0129149620000e-04;       4032
4.0130982335400e-04;       1388
4.0132979661800e-04;       1388
4.0134979681700e-04;       3984
4.0136809886100e-04;       3984
4.0138809112500e-04;       6580
4.0140640026700e-04;       6580
4.0142639264000e-04;       3936
4.0144470065100e-04;       3936
4.0146470106200e-04;       6532
4.0148300329800e-04;       6532
4.0150299557800e-04;       3888
4.0152296913800e-04;       3888
4.0154130418500e-04;       6484
4.0156127152100e-04;       6484
4.0157959849900e-04;       9080
4.0159957297800e-04;       9080
4.0161789994700e-04;       6436
4.0163787323100e-04;       6436
4.0165620828800e-04;       1476
4.0167617573700e-04;       1476
4.0169450274300e-04;      -1168
4.0171447605000e-04;      -1168
4.0173447650100e-04;       8984
4.0175277755800e-04;       8984
4.0177277788000e-04;      11580
4.0179107985600e-04;      11580
4.0181107221500e-04;       1380
4.0182938031300e-04;       1380
4.0184938063300e-04;       3976
4.0186768262500e-04;       3976
4.0188767482300e-04;       6572
4.0190598389400e-04;       6572
4.0192597623600e-04;       3928
4.0194594948000e-04;       3928
4.0196428441100e-04;       6524
4.0198425197000e-04;       6524
4.0200257899800e-04;       3880
4.0202255227900e-04;       3880
4.0204088750700e-04;       6476
4.0206085501000e-04;       6476
4.0207918212200e-04;       9072
4.0209915656400e-04;       9072
4.0211748353100e-04;       6428
4.0213745691700e-04;       6428
4.0215745725300e-04;       9024
4.0217575935800e-04;       9024
4.0219575173100e-04;      -1176
4.0221405966700e-04;      -1176
4.0223406013300e-04;       1420
4.0225236109700e-04;       1420
4.0227236148900e-04;       4016
4.0229066369500e-04;       4016
4.0231065586100e-04;       1372
4.0233062921700e-04;       1372
4.0234896427300e-04;       3968
4.0236893143500e-04;       3968
4.0238725844300e-04;       6564
4.0240723275900e-04;       6564
4.0242555969800e-04;       3920
4.0244553297400e-04;       3920
4.0246386806300e-04;       6516
4.0248383544100e-04;       6516
4.0250216246000e-04;       3872
4.0252213577600e-04;       3872
4.0254213605200e-04;       6468
4.0256043822300e-04;       6468
4.0258043049600e-04;       9064
4.0259873959500e-04;       9064
4.0261873200400e-04;       6420
4.0263704007200e-04;       6420
4.0265704051600e-04;       1460
4.0267534240500e-04;       1460
4.0269533474700e-04;      -1184
4.0271530810700e-04;      -1184
4.0273364323900e-04;       1412
4.0275360963300e-04;       1412
4.0277194482800e-04;       4008
4.0279191212100e-04;       4008
4.0281023913600e-04;       1364
4.0283021258500e-04;       1364
4.0284854777300e-04;       3960
4.0286851518800e-04;       3960
4.0288684197500e-04;       6556
4.0290681640300e-04;       6556
4.0292514331900e-04;       3912
4.0294511678400e-04;       3912
4.0296511678900e-04;       6508
4.0298341872900e-04;       6508
4.0300341092500e-04;       3864
4.0302171897100e-04;       3864
4.0304171939100e-04;       6460
4.0306002127500e-04;       6460
4.0308001353800e-04;       9056
4.0309832238300e-04;       9056
4.0311831475700e-04;       6412
4.0313828813300e-04;       6412
4.0315662303400e-04;       1452
4.0317659028500e-04;       1452
4.0319491734800e-04;      -1192
4.0321489080600e-04;      -1192
4.0323322593200e-04;       1404
4.0325319232700e-04;       1404
4.0327152707800e-04;       4000
4.0329149455200e-04;       4000
4.0330982169600e-04;       1356
4.0332979500200e-04;       1356
4.0334979536500e-04;       3952
4.0336809743900e-04;       3952
4.0338808959400e-04;       6548
4.0340639888500e-04;       6548
4.0342639128700e-04;       3904
4.0344469943900e-04;       3904
4.0346469953800e-04;       6500
4.0348300177000e-04;       6500
4.0350299408400e-04;       3856
4.0352296745600e-04;       3856
4.0354130248900e-04;       6452
4.0356126979200e-04;       6452
4.0357959680400e-04;       9048
4.0359957115300e-04;       9048
4.0361789813900e-04;       6404
4.0363787119800e-04;       6404
4.0365620640300e-04;       1444
4.0367617374700e-04;       1444
4.0369450098600e-04;      -1200
4.0371447436600e-04;      -1200
4.0373447475000e-04;       1396
4.0375277585100e-04;       1396
4.0377277612100e-04;       3992
4.0379107821900e-04;       3992
4.0381107043300e-04;       1348
4.0382937849800e-04;       1348
4.0384937871300e-04;       3944
4.0386768085000e-04;       3944
4.0388767292800e-04;       6540
4.0390598193600e-04;       6540
4.0392597420000e-04;       3896
4.0394594772700e-04;       3896
4.0396428284600e-04;       6492
4.0398425010200e-04;       6492
4.0400257703500e-04;       3848
4.0402255031400e-04;       3848
4.0404088562000e-04;       6444
4.0406085291400e-04;       6444
4.0407917999300e-04;       9040
4.0409915432300e-04;       9040
4.0411748125200e-04;       6396
4.0413745454500e-04;       6396
4.0415745490200e-04;       1436
4.0417575707000e-04;       1436
4.0419574946000e-04;      -1208
4.0421405753800e-04;      -1208
4.0423405808100e-04;       1388
4.0425235916700e-04;       1388
4.0427235948700e-04;       3984
4.0429066159000e-04;       3984
4.0431065390600e-04;       1340
4.0433062722700e-04;       1340
4.0434896240700e-04;       3936
4.0436892977300e-04;       3936
4.0438725691300e-04;       6532
4.0440723128300e-04;       6532
4.0442555837900e-04;       3888
4.0444553165600e-04;       3888
4.0446386683500e-04;       6484
4.0448383415100e-04;       6484
4.0450216122800e-04;       3840
4.0452213444400e-04;       3840
4.0454213493900e-04;       6436
4.0456043696600e-04;       6436
4.0458042927400e-04;       9032
4.0459873840300e-04;       9032
4.0461873077700e-04;       6388
4.0463703858500e-04;       6388
4.0465703886000e-04;       1428
4.0467534084600e-04;       1428
4.0469533327200e-04;      -1216
4.0471530644900e-04;      -1216
4.0473364146800e-04;       1380
4.0475360786300e-04;       1380
4.0477194285200e-04;       3976
4.0479191019400e-04;       3976
4.0481023710100e-04;       1332
4.0483021038100e-04;       1332
4.0484854558000e-04;       3928
4.0486851309800e-04;       3928
4.0488684005600e-04;       6524
4.0490681437500e-04;       6524
4.0492514165700e-04;       3880
4.0494511491600e-04;       3880
4.0496511539900e-04;       6476
4.0498341749200e-04;       6476
4.0500340984200e-04;       3832
4.0502171782200e-04;       3832
4.0504171807600e-04;       6428
4.0506002009700e-04;       6428
4.0508001243900e-04;       9024
4.0509832169700e-04;       9024
4.0511831396800e-04;       6380
4.0513828706900e-04;       6380
4.0515662215100e-04;       1420
4.0517658954700e-04;       1420
4.0519491670800e-04;      -1224
4.0521489001700e-04;      -1224
4.0523322521700e-04;       1372
4.0525319155300e-04;       1372
4.0527152662700e-04;       3968
4.0529149389500e-04;       3968
4.0530982096200e-04;       1324
4.0532979429600e-04;       1324
4.0534979459800e-04;       3920
4.0536809656200e-04;       3920
4.0538808904000e-04;       6516
4.0540639821400e-04;       6516
4.0542639070400e-04;       3872
4.0544469897300e-04;       3872
4.0546469945800e-04;       6468
4.0548300157500e-04;       6468
4.0550299398300e-04;       3824
4.0552296720000e-04;       3824
4.0554130235900e-04;       6420
4.0556126962900e-04;       6420
4.0557959658900e-04;       1460
4.0559957113800e-04;       1460
4.0561789807200e-04;       6372
4.0563787142700e-04;       6372
4.0565620651600e-04;       1412
4.0567617378300e-04;       1412
4.0569450097200e-04;      -1232
4.0571447422900e-04;      -1232
4.0573447483900e-04;       1364
4.0575277556200e-04;       1364
4.0577277592500e-04;       3960
4.0579107798400e-04;       3960
4.0581107039900e-04;       1316
4.0582937850800e-04;       1316
4.0584937900600e-04;       3912
4.0586768098900e-04;       3912
4.0588767342100e-04;       6508
4.0590598272200e-04;       6508
4.0592597514000e-04;       3864
4.0594594853800e-04;       3864
4.0596428369500e-04;       6460
4.0598425104300e-04;       6460
4.0600257811700e-04;       3816
4.0602255157000e-04;       3816
4.0604088666900e-04;       6412
4.0606085394300e-04;       6412
4.0607918096100e-04;       9008
4.0609915523200e-04;       9008
4.0611748229000e-04;       6364
4.0613745562800e-04;       6364
4.0615745605800e-04;       1404
4.0617575825800e-04;       1404
4.0619575056900e-04;      -1240
4.0621405863400e-04;      -1240
4.0623405894000e-04;       1356
4.0625235997300e-04;       1356
4.0627236032900e-04;       3952
4.0629066249800e-04;       3952
4.0631065494600e-04;       1308
4.0633062845300e-04;       1308
4.0634896339300e-04;       3904
4.0636893085600e-04;       3904
4.0638725804300e-04;       6500
4.0640723232000e-04;       6500
4.0642555895700e-04;       3856
4.0644553242500e-04;       3856
4.0646386762600e-04;       6452
4.0648383500400e-04;       6452
4.0650216201700e-04;       3808
4.0652213538700e-04;       3808
4.0654213573100e-04;       6404
4.0656043782300e-04;       6404
4.0658043032900e-04;       9000
4.0659873947800e-04;       9000
4.0661873178400e-04;       6356
4.0663703994300e-04;       6356
4.0665704030400e-04;       1396
4.0667534234700e-04;       1396
4.0669533474900e-04;      -1248
4.0671530819700e-04;      -1248
4.0673364319400e-04;       8904
4.0675360955600e-04;       8904
4.0677194443900e-04;       3944
4.0679191186300e-04;       3944
4.0681023902800e-04;       1300
4.0683021235700e-04;       1300
4.0684854744800e-04;       3896
4.0686851476800e-04;       3896
4.0688684190700e-04;       6492
4.0690681626200e-04;       6492
4.0692514334500e-04;       3848
4.0694511664600e-04;       3848
4.0696511671600e-04;       6444
4.0698341886400e-04;       6444
4.0700341124300e-04;       3800
4.0702171911200e-04;       3800
4.0704171924400e-04;       6396
4.0706002117100e-04;       6396
4.0708001351400e-04;       8992
4.0709832271500e-04;       8992
4.0711831501300e-04;       6348
4.0713828856200e-04;       6348
4.0715662374500e-04;       1388
4.0717659101700e-04;       1388
4.0719491805100e-04;      -1256
4.0721489119000e-04;      -1256
4.0723322633000e-04;       1340
4.0725319255500e-04;       1340
4.0727152761500e-04;       3936
4.0729149519600e-04;       3936
4.0730982216600e-04;       1292
4.0732979541300e-04;       1292
4.0734979578400e-04;       3888
4.0736809776100e-04;       3888
4.0738809026000e-04;       6484
4.0740639910600e-04;       6484
4.0742639149700e-04;       3840
4.0744469946500e-04;       3840
4.0746469990700e-04;       6436
4.0748300210400e-04;       6436
4.0750299447000e-04;       3792
4.0752296790400e-04;       3792
4.0754130311200e-04;       6388
4.0756127060200e-04;       6388
4.0757959777200e-04;       8984
4.0759957224100e-04;       8984
4.0761789928700e-04;       6340
4.0763787252500e-04;       6340
4.0765620774300e-04;       1380
4.0767617514400e-04;       1380
4.0769450227800e-04;      -1264
4.0771447558000e-04;      -1264
4.0773447607100e-04;       1332
4.0775277741600e-04;       1332
4.0777277776600e-04;       3928
4.0779107976500e-04;       3928
4.0781107197000e-04;       1284
4.0782937995300e-04;       1284
4.0784938033200e-04;       3880
4.0786768250000e-04;       3880
4.0788767492300e-04;       6476
4.0790598368000e-04;       6476
4.0792597604600e-04;       3832
4.0794594945900e-04;       3832
4.0796428447200e-04;       6428
4.0798425173400e-04;       6428
4.0800257899300e-04;       3784
4.0802255216500e-04;       3784
4.0804088699300e-04;       6380
4.0806085433600e-04;       6380
4.0807918136700e-04;       8976
4.0809915574900e-04;       8976
4.0811748288200e-04;       6332
4.0813745614500e-04;       6332
4.0815745654200e-04;       8928
4.0817575855400e-04;       8928
4.0819575101300e-04;      -1272
4.0821405913700e-04;      -1272
4.0823405948600e-04;       1324
4.0825236063400e-04;       1324
4.0827236091500e-04;       3920
4.0829066306300e-04;       3920
4.0831065539400e-04;       1276
4.0833062885900e-04;       1276
4.0834896402400e-04;       3872
4.0836893130300e-04;       3872
4.0838725808500e-04;       6468
4.0840723246600e-04;       6468
4.0842555964400e-04;       3824
4.0844553303500e-04;       3824
4.0846386809900e-04;       6420
4.0848383543900e-04;       6420
4.0850216226500e-04;       3776
4.0852213556400e-04;       3776
4.0854213585800e-04;       6372
4.0856043795600e-04;       6372
4.0858043032700e-04;       8968
4.0859873944500e-04;       8968
4.0861873170500e-04;       6324
4.0863703986400e-04;       6324
4.0865704001800e-04;       1364
4.0867534216800e-04;       1364
4.0869533440300e-04;       6276
4.0871530788900e-04;       6276
4.0873364291800e-04;       1316
4.0875360913800e-04;       1316
4.0877194433600e-04;       3912
4.0879191158300e-04;       3912
4.0881023884100e-04;       1268
4.0883021184800e-04;       1268
4.0884854693600e-04;       3864
4.0886851436000e-04;       3864
4.0888684136400e-04;       6460
4.0890681589000e-04;       6460
4.0892514292400e-04;       3816
4.0894511625600e-04;       3816
4.0896511653900e-04;       6412
4.0898341853900e-04;       6412
4.0900341091300e-04;       3768
4.0902171896900e-04;       3768
4.0904171920200e-04;       6364
4.0906002130000e-04;       6364
4.0908001363000e-04;       8960
4.0909832282700e-04;       8960
4.0911831517800e-04;       6316
4.0913828843700e-04;       6316
4.0915662346400e-04;       1356
4.0917659066300e-04;       1356
4.0919491776900e-04;      -1288
4.0921489085500e-04;      -1288
4.0923322596700e-04;       1308
4.0925319240300e-04;       1308
4.0927152774700e-04;       3904
4.0929149510000e-04;       3904
4.0930982227600e-04;       1260
4.0932979567700e-04;       1260
4.0934979586100e-04;       3856
4.0936809803600e-04;       3856
4.0938809047100e-04;       6452
4.0940639920800e-04;       6452
4.0942639133900e-04;       3808
4.0944469948300e-04;       3808
4.0946469953700e-04;       6404
4.0948300160100e-04;       6404
4.0950299388000e-04;       3760
4.0952296724000e-04;       3760
4.0954130243000e-04;       6356
4.0956126980700e-04;       6356
4.0957959687900e-04;       8952
4.0959957139900e-04;       8952
4.0961789856900e-04;       6308
4.0963787211900e-04;       6308
4.0965620713400e-04;       1348
4.0967617437600e-04;       1348
4.0969450147800e-04;      -1296
4.0971447494400e-04;      -1296
4.0973447511700e-04;       1300
4.0975277624200e-04;       1300
4.0977277657300e-04;       3896
4.0979107877200e-04;       3896
4.0981107086200e-04;       1252
4.0982937908500e-04;       1252
4.0984937916400e-04;       3848
4.0986768138900e-04;       3848
4.0988767359800e-04;       6444
4.0990598266500e-04;       6444
4.0992597501600e-04;       3800
4.0994594844400e-04;       3800
4.0996428348800e-04;       6396
4.0998425091900e-04;       6396
4.1000257807200e-04;       3752
4.1002255148200e-04;       3752
4.1004088657900e-04;       6348
4.1006085380200e-04;       6348
4.1007918110900e-04;       8944
4.1009915550000e-04;       8944
4.1011748245800e-04;       6300
4.1013745579500e-04;       6300
4.1015745609000e-04;       1340
4.1017575817800e-04;       1340
4.1019575062800e-04;      -1304
4.1021405877800e-04;      -1304
4.1023405914000e-04;       1292
4.1025236029100e-04;       1292
4.1027236067300e-04;       3888
4.1029066251400e-04;       3888
4.1031065496100e-04;       1244
4.1033062841600e-04;       1244
4.1034896347200e-04;       3840
4.1036893057800e-04;       3840
4.1038725775900e-04;       6436
4.1040723198900e-04;       6436
4.1042555911900e-04;       3792
4.1044553239600e-04;       3792
4.1046386756300e-04;       6388
4.1048383483000e-04;       6388
4.1050216190500e-04;       3744
4.1052213532300e-04;       3744
4.1054213568400e-04;       6340
4.1056043755500e-04;       6340
4.1058042991200e-04;       8936
4.1059873893400e-04;       8936
4.1061873114800e-04;       6292
4.1063703932200e-04;       6292
4.1065703978300e-04;       1332
4.1067534188900e-04;       1332
4.1069533441700e-04;      -1312
4.1071530771100e-04;      -1312
4.1073364280200e-04;       1284
4.1075360923800e-04;       1284
4.1077194429400e-04;       3880
4.1079191153300e-04;       3880
4.1081023857900e-04;       1236
4.1083021196000e-04;       1236
4.1084854702300e-04;       3832
4.1086851429900e-04;       3832
4.1088684140800e-04;       6428
4.1090681574800e-04;       6428
4.1092514289700e-04;       3784
4.1094511599000e-04;       3784
4.1096511624500e-04;       6380
4.1098341826600e-04;       6380
4.1100341071800e-04;       3736
4.1102171866500e-04;       3736
4.1104171881500e-04;       6332
4.1106002082000e-04;       6332
4.1108001317200e-04;       8928
4.1109832241800e-04;       8928
4.1111831479100e-04;       6284
4.1113828817300e-04;       6284
4.1115662322300e-04;       1324
4.1117659076600e-04;       1324
4.1119491785300e-04;      -1320
4.1121489139200e-04;      -1320
4.1123322640600e-04;       1276
4.1125319257000e-04;       1276
4.1127152751400e-04;       3872
4.1129149495400e-04;       3872
4.1130982216800e-04;       1228
4.1132979555400e-04;       1228
4.1134979593000e-04;       3824
4.1136809784400e-04;       3824
4.1138809013900e-04;       6420
4.1140639928100e-04;       6420
4.1142639151800e-04;       3776
4.1144469970200e-04;       3776
4.1146470009800e-04;       6372
4.1148300224000e-04;       6372
4.1150299455400e-04;       3728
4.1152296787000e-04;       3728
4.1154130294300e-04;       6324
4.1156127018800e-04;       6324
4.1157959727900e-04;       8920
4.1159957153700e-04;       8920
4.1161789861700e-04;       6276
4.1163787201500e-04;       6276
4.1165620709000e-04;       1316
4.1167617468000e-04;       1316
4.1169450183700e-04;      -1328
4.1171447525900e-04;      -1328
4.1173447576300e-04;       1268
4.1175277677000e-04;       1268
4.1177277703900e-04;       3864
4.1179107915000e-04;       3864
4.1181107149400e-04;       1220
4.1182937952400e-04;       1220
4.1184937991600e-04;       3816
4.1186768188100e-04;       3816
4.1188767400600e-04;       6412
4.1190598299400e-04;       6412
4.1192597539100e-04;       3768
4.1194594878200e-04;       3768
4.1196428399500e-04;       6364
4.1198425112500e-04;       6364
4.1200257827500e-04;       3720
4.1202255155900e-04;       3720
4.1204088660400e-04;       6316
4.1206085377600e-04;       6316
4.1207918094900e-04;       1356
4.1209915517100e-04;       1356
4.1211748218900e-04;       6268
4.1213745563300e-04;       6268
4.1215745585900e-04;       1308
4.1217575797900e-04;       1308
4.1219575038000e-04;      -1336
4.1221405840600e-04;      -1336
4.1223405874300e-04;       1260
4.1225235973100e-04;       1260
4.1227235997400e-04;       3856
4.1229066208800e-04;       3856
4.1231065437200e-04;       1212
4.1233062769800e-04;       1212
4.1234896283000e-04;       3808
4.1236893019900e-04;       3808
4.1238725699800e-04;       6404
4.1240723129000e-04;       6404
4.1242555817700e-04;       3760
4.1244553153300e-04;       3760
4.1246386648200e-04;       6356
4.1248383390200e-04;       6356
4.1250216105400e-04;       3712
4.1252213413500e-04;       3712
4.1254213452500e-04;       6308
4.1256043647500e-04;       6308
4.1258042886900e-04;       8904
4.1259873797200e-04;       8904
4.1261873038400e-04;       6260
4.1263703842800e-04;       6260
4.1265703887200e-04;       1300
4.1267534096100e-04;       1300
4.1269533325000e-04;      -1344
4.1271530656300e-04;      -1344
4.1273364139300e-04;       1252
4.1275360800200e-04;       1252
4.1277194321400e-04;       3848
4.1279191053200e-04;       3848
4.1281023760200e-04;       1204
4.1283021111600e-04;       1204
4.1284854606600e-04;       3800
4.1286851346700e-04;       3800
4.1288684050300e-04;       6396
4.1290681481900e-04;       6396
4.1292514189200e-04;       3752
4.1294511531100e-04;       3752
4.1296511578100e-04;       6348
4.1298341780100e-04;       6348
4.1300341011000e-04;       3704
4.1302171805800e-04;       3704
4.1304171826400e-04;       6300
4.1306002036100e-04;       6300
4.1308001283100e-04;       8896
4.1309832178300e-04;       8896
4.1311831420200e-04;       6252
4.1313828743000e-04;       6252
4.1315662261400e-04;       1292
4.1317658988800e-04;       1292
4.1319491706900e-04;      -1352
4.1321489042800e-04;      -1352
4.1323322543300e-04;       1244
4.1325319190000e-04;       1244
4.1327152673400e-04;       3840
4.1329149405600e-04;       3840
4.1330982115600e-04;       1196
4.1332979447200e-04;       1196
4.1334979494100e-04;       3792
4.1336809709500e-04;       3792
4.1338808934400e-04;       6388
4.1340639849400e-04;       6388
4.1342639060000e-04;       3744
4.1344469871600e-04;       3744
4.1346469906300e-04;       6340
4.1348300120200e-04;       6340
4.1350299335500e-04;       3696
4.1352296660400e-04;       3696
4.1354130183800e-04;       6292
4.1356126919600e-04;       6292
4.1357959633100e-04;       8888
4.1359957044300e-04;       8888
4.1361789747000e-04;       6244
4.1363787090900e-04;       6244
4.1365620601800e-04;       1284
4.1367617314300e-04;       1284
4.1369450024200e-04;      -1360
4.1371447366200e-04;      -1360
4.1373447412600e-04;       1236
4.1375277525800e-04;       1236
4.1377277532100e-04;       3832
4.1379107730600e-04;       3832
4.1381106958800e-04;       1188
4.1382937772600e-04;       1188
4.1384937807700e-04;       3784
4.1386767995400e-04;       3784
4.1388767231700e-04;       6380
4.1390598127200e-04;       6380
4.1392597378400e-04;       3736
4.1394594721800e-04;       3736
4.1396428233200e-04;       6332
4.1398424968300e-04;       6332
4.1400257674200e-04;       3688
4.1402255025500e-04;       3688
4.1404088542600e-04;       6284
4.1406085256300e-04;       6284
4.1407917965200e-04;       8880
4.1409915406400e-04;       8880
4.1411748111900e-04;       6236
4.1413745454900e-04;       6236
4.1415745481900e-04;       1276
4.1417575685600e-04;       1276
4.1419574902500e-04;      -1368
4.1421405713900e-04;      -1368
4.1423405755200e-04;       1228
4.1425235844900e-04;       1228
4.1427235898100e-04;       3824
4.1429066096300e-04;       3824
4.1431065337400e-04;       1180
4.1433062663200e-04;       1180
4.1434896178400e-04;       3776
4.1436892934100e-04;       3776
4.1438725613700e-04;       6372
4.1440723053900e-04;       6372
4.1442555765200e-04;       3728
4.1444553101900e-04;       3728
4.1446386609800e-04;       6324
4.1448383349600e-04;       6324
4.1450216054300e-04;       3680
4.1452213378900e-04;       3680
4.1454213433500e-04;       6276
4.1456043624600e-04;       6276
4.1458042850300e-04;       1316
4.1459873747900e-04;       1316
4.1461872986300e-04;       6228
4.1463703799600e-04;       6228
4.1465703841000e-04;       1268
4.1467534036000e-04;       1268
4.1469533283000e-04;      -1376
4.1471530613700e-04;      -1376
4.1473364112100e-04;       1220
4.1475360755200e-04;       1220
4.1477194250100e-04;       3816
4.1479190986100e-04;       3816
4.1481023693800e-04;       1172
4.1483021049900e-04;       1172
4.1484854568900e-04;       3768
4.1486851310800e-04;       3768
4.1488684012700e-04;       6364
4.1490681434000e-04;       6364
4.1492514153200e-04;       3720
4.1494511493600e-04;       3720
4.1496511505800e-04;       6316
4.1498341714500e-04;       6316
4.1500340954400e-04;       3672
4.1502171734000e-04;       3672
4.1504171775500e-04;       6268
4.1506001979200e-04;       6268
4.1508001209900e-04;       1308
4.1509832113400e-04;       1308
4.1511831344300e-04;      -1336
4.1513828702400e-04;      -1336
4.1515662220800e-04;       1260
4.1517658934300e-04;       1260
4.1519491645300e-04;      -1384
4.1521488982300e-04;      -1384
4.1523322501700e-04;       1212
4.1525319157300e-04;       1212
4.1527152647400e-04;       3808
4.1529149390700e-04;       3808
4.1530982103000e-04;       1164
4.1532979445000e-04;       1164
4.1534979481100e-04;       3760
4.1536809682200e-04;       3760
4.1538808911600e-04;       6356
4.1540639798700e-04;       6356
4.1542639032500e-04;       3712
4.1544469838200e-04;       3712
4.1546469873400e-04;       6308
4.1548300078500e-04;       6308
4.1550299313300e-04;       3664
4.1552296612900e-04;       3664
4.1554130129000e-04;       6260
4.1556126871700e-04;       6260
4.1557959583300e-04;       8856
4.1559957037900e-04;       8856
4.1561789741400e-04;       6212
4.1563787083800e-04;       6212
4.1565620588400e-04;       1252
4.1567617341100e-04;       1252
4.1569450062600e-04;      -1392
4.1571447403900e-04;      -1392
4.1573447443400e-04;       1204
4.1575277547300e-04;       1204
4.1577277589700e-04;       3800
4.1579107777100e-04;       3800
4.1581107026400e-04;       1156
4.1582937840400e-04;       1156
4.1584937869800e-04;       3752
4.1586768078700e-04;       3752
4.1588767285500e-04;       6348
4.1590598215500e-04;       6348
4.1592597442800e-04;       3704
4.1594594746100e-04;       3704
4.1596428263500e-04;       6300
4.1598425007900e-04;       6300
4.1600257722300e-04;       3656
4.1602255050700e-04;       3656
4.1604088560900e-04;       6252
4.1606085299300e-04;       6252
4.1607917994300e-04;       8848
4.1609915430500e-04;       8848
4.1611748138800e-04;       6204
4.1613745478400e-04;       6204
4.1615745514400e-04;       1244
4.1617575729900e-04;       1244
4.1619574967700e-04;      -1400
4.1621405782400e-04;      -1400
4.1623405813100e-04;       1196
4.1625235924100e-04;       1196
4.1627235955200e-04;       3792
4.1629066155600e-04;       3792
4.1631065406700e-04;       1148
4.1633062737400e-04;       1148
4.1634896255200e-04;       3744
4.1636892991900e-04;       3744
4.1638725700900e-04;       6340
4.1640723134200e-04;       6340
4.1642555844000e-04;       3696
4.1644553188300e-04;       3696
4.1646386703200e-04;       6292
4.1648383438800e-04;       6292
4.1650216127400e-04;       3648
4.1652213443500e-04;       3648
4.1654213484600e-04;       6244
4.1656043703300e-04;       6244
4.1658042940900e-04;       8840
4.1659873839600e-04;       8840
4.1661873068300e-04;       6196
4.1663703869500e-04;       6196
4.1665703904300e-04;       1236
4.1667534113800e-04;       1236
4.1669533340100e-04;      -1408
4.1671530670600e-04;      -1408
4.1673364178300e-04;       1188
4.1675360815700e-04;       1188
4.1677194315700e-04;       3784
4.1679191052800e-04;       3784
4.1681023758800e-04;       1140
4.1683021096500e-04;       1140
4.1684854616300e-04;       3736
4.1686851347600e-04;       3736
4.1688684056800e-04;       6332
4.1690681480700e-04;       6332
4.1692514194000e-04;       3688
4.1694511506900e-04;       3688
4.1696511557800e-04;       6284
4.1698341753400e-04;       6284
4.1700340992700e-04;       3640
4.1702171790300e-04;       3640
4.1704171836500e-04;      -1320
4.1706002039800e-04;      -1320
4.1708001275500e-04;       1276
4.1709832185300e-04;       1276
4.1711831426600e-04;       6188
4.1713828758500e-04;       6188
4.1715662250700e-04;       1228
4.1717658987800e-04;       1228
4.1719491696400e-04;      -1416
4.1721489026900e-04;      -1416
4.1723322537200e-04;       1180
4.1725319161300e-04;       1180
4.1727152666500e-04;       3776
4.1729149407600e-04;       3776
4.1730982102200e-04;       1132
4.1732979430600e-04;       1132
4.1734979450300e-04;       3728
4.1736809669200e-04;       3728
4.1738808886600e-04;       6324
4.1740639793700e-04;       6324
4.1742639022800e-04;       3680
4.1744469830700e-04;       3680
4.1746469879700e-04;       6276
4.1748300084200e-04;       6276
4.1750299293800e-04;       3632
4.1752296647700e-04;       3632
4.1754130153400e-04;       6228
4.1756126910400e-04;       6228
4.1757959616100e-04;       1268
4.1759957048400e-04;       1268
4.1761789757700e-04;       6180
4.1763787097500e-04;       6180
4.1765620619000e-04;       1220
4.1767617344100e-04;       1220
4.1769450048600e-04;      -1424
4.1771447380800e-04;      -1424
4.1773447408600e-04;       1172
4.1775277514900e-04;       1172
4.1777277537400e-04;       3768
4.1779107750600e-04;       3768
4.1781106987800e-04;       1124
4.1782937774900e-04;       1124
4.1784937794000e-04;       3720
4.1786768020800e-04;       3720
4.1788767261200e-04;       6316
4.1790598164000e-04;       6316
4.1792597372300e-04;       3672
4.1794594724300e-04;       3672
4.1796428241900e-04;      -1288
4.1798424972700e-04;      -1288
4.1800257674600e-04;       3624
4.1802255004300e-04;       3624
4.1804088480000e-04;       6220
4.1806085206200e-04;       6220
4.1807917897300e-04;       1260
4.1809915338300e-04;       1260
4.1811748062200e-04;       6172
4.1813745393900e-04;       6172
4.1815745418300e-04;       1212
4.1817575632300e-04;       1212
4.1819574872700e-04;      -1432
4.1821405680600e-04;      -1432
4.1823405734600e-04;       1164
4.1825235831800e-04;       1164
4.1827235879500e-04;       3760
4.1829066078500e-04;       3760
4.1831065319100e-04;       1116
4.1833062659900e-04;       1116
4.1834896162900e-04;       3712
4.1836892898800e-04;       3712
4.1838725624000e-04;       6308
4.1840723070400e-04;       6308
4.1842555770400e-04;       3664
4.1844553108600e-04;       3664
4.1846386612900e-04;       6260
4.1848383366800e-04;       6260
4.1850216064600e-04;       3616
4.1852213408800e-04;       3616
4.1854213446000e-04;       6212
4.1856043651500e-04;       6212
4.1858042895400e-04;       1252
4.1859873815100e-04;       1252
4.1861873027700e-04;       6164
4.1863703825700e-04;       6164
4.1865703860900e-04;       1204
4.1867534076900e-04;       1204
4.1869533307300e-04;      -1440
4.1871530648600e-04;      -1440
4.1873364139100e-04;       1156
4.1875360787700e-04;       1156
4.1877194285000e-04;       3752
4.1879191026900e-04;       3752
4.1881023735700e-04;       1108
4.1883021082200e-04;       1108
4.1884854589400e-04;       3704
4.1886851342400e-04;       3704
4.1888684046900e-04;       6300
4.1890681444400e-04;       6300
4.1892514156400e-04;       3656
4.1894511492600e-04;       3656
4.1896511533800e-04;       6252
4.1898341737100e-04;       6252
4.1900340978600e-04;       3608
4.1902171780100e-04;       3608
4.1904171810100e-04;       6204
4.1906002014600e-04;       6204
4.1908001253400e-04;       8800
4.1909832162400e-04;       8800
4.1911831394300e-04;       6156
4.1913828720800e-04;       6156
4.1915662243800e-04;       1196
4.1917658973400e-04;       1196
4.1919491674700e-04;      -1448
4.1921489004000e-04;      -1448
4.1923322507200e-04;       1148
4.1925319141500e-04;       1148
4.1927152653400e-04;       3744
4.1929149385300e-04;       3744
4.1930982108100e-04;       1100
4.1932979440200e-04;       1100
4.1934979469400e-04;       3696
4.1936809697700e-04;       3696
4.1938808943400e-04;       6292
4.1940639853900e-04;       6292
4.1942639080200e-04;       3648
4.1944469905900e-04;       3648
4.1946469932600e-04;       6244
4.1948300149800e-04;       6244
4.1950299386300e-04;       3600
4.1952296717000e-04;       3600
4.1954130223100e-04;       6196
4.1956126921400e-04;       6196
4.1957959638500e-04;       1236
4.1959957076300e-04;       1236
4.1961789780400e-04;       6148
4.1963787125900e-04;       6148
4.1965620633300e-04;       1188
4.1967617367600e-04;       1188
4.1969450072500e-04;      -1456
4.1971447398200e-04;      -1456
4.1973447432300e-04;       1140
4.1975277561100e-04;       1140
4.1977277581900e-04;       3736
4.1979107795800e-04;       3736
4.1981107029500e-04;       1092
4.1982937835100e-04;       1092
4.1984937873900e-04;       3688
4.1986768081200e-04;       3688
4.1988767300300e-04;       6284
4.1990598218800e-04;       6284
4.1992597441600e-04;       3640
4.1994594786900e-04;       3640
4.1996428294900e-04;       6236
4.1998425035300e-04;       6236
4.2000257759600e-04;       3592
4.2002255095300e-04;       3592
4.2004088592800e-04;       6188
4.2006085323900e-04;       6188
4.2007918035300e-04;       1228
4.2009915469000e-04;       1228
4.2011748169700e-04;       6140
4.2013745499600e-04;       6140
4.2015745537800e-04;       1180
4.2017575749300e-04;       1180
4.2019574977900e-04;      -1464
4.2021405799300e-04;      -1464
4.2023405807600e-04;       1132
4.2025235927000e-04;       1132
4.2027235956300e-04;       3728
4.2029066168400e-04;       3728
4.2031065400600e-04;       1084
4.2033062734000e-04;       1084
4.2034896241500e-04;       3680
4.2036892983500e-04;       3680
4.2038725673400e-04;       6276
4.2040723109100e-04;       6276
4.2042555814500e-04;       3632
4.2044553144700e-04;       3632
4.2046386650700e-04;       6228
4.2048383397900e-04;       6228
4.2050216107100e-04;       3584
4.2052213430000e-04;       3584
4.2054213463800e-04;       6180
4.2056043660100e-04;       6180
4.2058042849600e-04;       8776
4.2059873749700e-04;       8776
4.2061872994500e-04;       6132
4.2063703812900e-04;       6132
4.2065703833900e-04;       1172
4.2067534038400e-04;       1172
4.2069533289900e-04;      -1472
4.2071530609900e-04;      -1472
4.2073364130500e-04;       1124
4.2075360769100e-04;       1124
4.2077194291200e-04;       3720
4.2079191023500e-04;       3720
4.2081023730100e-04;       1076
4.2083021072200e-04;       1076
4.2084854584300e-04;       3672
4.2086851313200e-04;       3672
4.2088684035200e-04;       6268
4.2090681477800e-04;       6268
4.2092514182100e-04;       3624
4.2094511532900e-04;       3624
4.2096511567000e-04;       6220
4.2098341733900e-04;       6220
4.2100340976300e-04;       3576
4.2102171782700e-04;       3576
4.2104171811600e-04;       6172
4.2106002033300e-04;       6172
4.2108001264400e-04;       8768
4.2109832157400e-04;       8768
4.2111831406200e-04;       6124
4.2113828749500e-04;       6124
4.2115662240900e-04;       1164
4.2117658983100e-04;       1164
4.2119491694800e-04;      -1480
4.2121489027300e-04;      -1480
4.2123322557500e-04;       1116
4.2125319183700e-04;       1116
4.2127152710500e-04;       3712
4.2129149435300e-04;       3712
4.2130982127000e-04;       1068
4.2132979447500e-04;       1068
4.2134979474400e-04;       3664
4.2136809690500e-04;       3664
4.2138808929300e-04;       6260
4.2140639841800e-04;       6260
4.2142639056800e-04;       3616
4.2144469869900e-04;       3616
4.2146469901000e-04;       6212
4.2148300110500e-04;       6212
4.2150299314200e-04;       3568
4.2152296658200e-04;       3568
4.2154130173700e-04;       6164
4.2156126914500e-04;       6164
4.2157959620400e-04;       1204
4.2159957053600e-04;       1204
4.2161789760700e-04;       6116
4.2163787099700e-04;       6116
4.2165620611300e-04;       1156
4.2167617349800e-04;       1156
4.2169450068800e-04;      -1488
4.2171447422800e-04;      -1488
4.2173447460800e-04;       1108
4.2175277568600e-04;       1108
4.2177277609600e-04;       3704
4.2179107808500e-04;       3704
4.2181107033200e-04;       1060
4.2182937855300e-04;       1060
4.2184937904800e-04;       3656
4.2186768114100e-04;       3656
4.2188767332400e-04;       6252
4.2190598245900e-04;       6252
4.2192597499800e-04;       3608
4.2194594822600e-04;       3608
4.2196428310400e-04;       6204
4.2198425037500e-04;       6204
4.2200257749100e-04;       3560
4.2202255075700e-04;       3560
4.2204088533000e-04;       6156
4.2206085276900e-04;       6156
4.2207917971400e-04;       1196
4.2209915431000e-04;       1196
4.2211748147200e-04;       6108
4.2213745494400e-04;       6108
4.2215745515200e-04;       1148
4.2217575724600e-04;       1148
4.2219574968000e-04;      -1496
4.2221405781000e-04;      -1496
4.2223405815900e-04;       1100
4.2225235937500e-04;       1100
4.2227235966200e-04;       3696
4.2229066169700e-04;       3696
4.2231065395200e-04;       1052
4.2233062737000e-04;       1052
4.2234896252700e-04;       3648
4.2236892968300e-04;       3648
4.2238725673500e-04;       6244
4.2240723116200e-04;       6244
4.2242555811100e-04;       3600
4.2244553147400e-04;       3600
4.2246386657500e-04;       6196
4.2248383388400e-04;       6196
4.2250216096900e-04;       3552
4.2252213434300e-04;       3552
4.2254213472800e-04;       6148
4.2256043673900e-04;       6148
4.2258042910400e-04;       1188
4.2259873839900e-04;       1188
4.2261873078700e-04;       6100
4.2263703875100e-04;       6100
4.2265703910400e-04;       1140
4.2267534104800e-04;       1140
4.2269533336600e-04;      -1504
4.2271530663400e-04;      -1504
4.2273364147800e-04;       1092
4.2275360772700e-04;       1092
4.2277194280100e-04;       3688
4.2279191025700e-04;       3688
4.2281023734900e-04;       1044
4.2283021074900e-04;       1044
4.2284854601900e-04;       3640
4.2286851336600e-04;       3640
4.2288684050400e-04;       6236
4.2290681483300e-04;       6236
4.2292514195200e-04;       3592
4.2294511521800e-04;       3592
4.2296511522700e-04;       6188
4.2298341741800e-04;       6188
4.2300340967800e-04;       3544
4.2302171798300e-04;       3544
4.2304171854700e-04;       6140
4.2306002052300e-04;       6140
4.2308001299700e-04;       1180
4.2309832211900e-04;       1180
4.2311831445200e-04;       6092
4.2313828786500e-04;       6092
4.2315662285100e-04;       1132
4.2317659010700e-04;       1132
4.2319491711700e-04;      -1512
4.2321489055700e-04;      -1512
4.2323322559200e-04;       1084
4.2325319193700e-04;       1084
4.2327152706800e-04;       3680
4.2329149455500e-04;       3680
4.2330982166600e-04;       1036
4.2332979502300e-04;       1036
4.2334979561600e-04;       3632
4.2336809747300e-04;       3632
4.2338808996200e-04;       6228
4.2340639885300e-04;       6228
4.2342639126200e-04;       3584
4.2344469933400e-04;       3584
4.2346469972900e-04;       6180
4.2348300174500e-04;       6180
4.2350299420100e-04;       3536
4.2352296762200e-04;       3536
4.2354130266800e-04;       6132
4.2356127021700e-04;       6132
4.2357959739000e-04;       1172
4.2359957164500e-04;       1172
4.2361789860500e-04;       6084
4.2363787194900e-04;       6084
4.2365620682700e-04;       1124
4.2367617405300e-04;       1124
4.2369450113900e-04;      -1520
4.2371447453100e-04;      -1520
4.2373447482100e-04;       1076
4.2375277560900e-04;       1076
4.2377277575900e-04;       3672
4.2379107782700e-04;       3672
4.2381107034000e-04;       1028
4.2382937852200e-04;       1028
4.2384937886300e-04;       3624
4.2386768087300e-04;       3624
4.2388767326500e-04;       6220
4.2390598230400e-04;       6220
4.2392597453500e-04;       3576
4.2394594804600e-04;       3576
4.2396428291800e-04;       6172
4.2398425039400e-04;       6172
4.2400257749800e-04;       3528
4.2402255079000e-04;       3528
4.2404088577200e-04;      -1432
4.2406085313500e-04;      -1432
4.2407918019900e-04;       1164
4.2409915451600e-04;       1164
4.2411748170100e-04;       6076
4.2413745502600e-04;       6076
4.2415745549200e-04;       1116
4.2417575765200e-04;       1116
4.2419575008500e-04;      -1528
4.2421405822800e-04;      -1528
4.2423405835100e-04;       1068
4.2425235954100e-04;       1068
4.2427236012000e-04;       3664
4.2429066221400e-04;       3664
4.2431065459100e-04;       1020
4.2433062802600e-04;       1020
4.2434896316700e-04;       3616
4.2436893066900e-04;       3616
4.2438725771600e-04;       6212
4.2440723196600e-04;       6212
4.2442555911900e-04;       3568
4.2444553248800e-04;       3568
4.2446386760100e-04;       6164
4.2448383496100e-04;       6164
4.2450216188400e-04;       3520
4.2452213537200e-04;       3520
4.2454213570300e-04;       6116
4.2456043780400e-04;       6116
4.2458043013700e-04;       1156
4.2459873907800e-04;       1156
4.2461873151900e-04;       6068
4.2463703951000e-04;       6068
4.2465703977800e-04;       1108
4.2467534189100e-04;       1108
4.2469533428100e-04;      -1536
4.2471530769000e-04;      -1536
4.2473364287000e-04;       1060
4.2475360915300e-04;       1060
4.2477194432800e-04;       3656
4.2479191182500e-04;       3656
4.2481023899400e-04;       1012
4.2483021235500e-04;       1012
4.2484854749600e-04;       3608
4.2486851484900e-04;       3608
4.2488684186000e-04;       6204
4.2490681631600e-04;       6204
4.2492514342700e-04;       3560
4.2494511682900e-04;       3560
4.2496511739800e-04;       6156
4.2498341932900e-04;       6156
4.2500341177100e-04;       3512
4.2502171974100e-04;       3512
4.2504172020500e-04;       6108
4.2506002227900e-04;       6108
4.2508001458800e-04;       8704
4.2509832361400e-04;       8704
4.2511831608200e-04;       6060
4.2513828932800e-04;       6060
4.2515662451400e-04;       1100
4.2517659188100e-04;       1100
4.2519491898200e-04;      -1544
4.2521489231900e-04;      -1544
4.2523322729300e-04;       1052
4.2525319362100e-04;       1052
4.2527152864600e-04;       3648
4.2529149599700e-04;       3648
4.2530982298900e-04;       1004
4.2532979644200e-04;       1004
4.2534979678400e-04;       3600
4.2536809874200e-04;       3600
4.2538809118000e-04;       6196
4.2540640036900e-04;       6196
4.2542639259800e-04;       3552
4.2544470067100e-04;       3552
4.2546470116100e-04;       6148
4.2548300331100e-04;       6148
4.2550299554100e-04;       3504
4.2552296899300e-04;       3504
4.2554130401300e-04;       6100
4.2556127137200e-04;       6100
4.2557959850600e-04;       8696
4.2559957308000e-04;       8696
4.2561790029100e-04;       6052
4.2563787354700e-04;       6052
4.2565620868100e-04;       8648
4.2567617599600e-04;       8648
4.2569450316100e-04;       6004
4.2571447653800e-04;       6004
4.2573447686600e-04;       8600
4.2575277796200e-04;       8600
4.2577277827900e-04;      11196
4.2579108050000e-04;      11196
4.2581107281700e-04;        996
4.2582938081200e-04;        996
4.2584938102600e-04;       3592
4.2586768317400e-04;       3592
4.2588767533000e-04;       6188
4.2590598452900e-04;       6188
4.2592597689400e-04;       3544
4.2594595014600e-04;       3544
4.2596428524400e-04;       6140
4.2598425274000e-04;       6140
4.2600257976700e-04;       3496
4.2602255316900e-04;       3496
4.2604088819400e-04;       6092
4.2606085565800e-04;       6092
4.2607918273700e-04;       8688
4.2609915695100e-04;       8688
4.2611748415000e-04;       6044
4.2613745756200e-04;       6044
4.2615745803200e-04;       8640
4.2617576002200e-04;       8640
4.2619575225900e-04;       5996
4.2621406035400e-04;       5996
4.2623406079300e-04;       1036
4.2625236188100e-04;       1036
4.2627236203000e-04;      11188
4.2629066418100e-04;      11188
4.2631065643200e-04;        988
4.2633062974500e-04;        988
4.2634896471200e-04;       3584
4.2636893219600e-04;       3584
4.2638725925800e-04;       6180
4.2640723374600e-04;       6180
4.2642556070900e-04;       3536
4.2644553404400e-04;       3536
4.2646386923900e-04;       6132
4.2648383657500e-04;       6132
4.2650216368600e-04;       3488
4.2652213709600e-04;       3488
4.2654213749100e-04;       6084
4.2656043950400e-04;       6084
4.2658043186100e-04;       8680
4.2659874078800e-04;       8680
4.2661873313200e-04;       6036
4.2663704119500e-04;       6036
4.2665704146500e-04;       8632
4.2667534349000e-04;       8632
4.2669533581700e-04;       5988
4.2671530920300e-04;       5988
4.2673364436600e-04;       1028
4.2675361053100e-04;       1028
4.2677194562700e-04;      11180
4.2679191291600e-04;      11180
4.2681023988600e-04;        980
4.2683021314700e-04;        980
4.2684854812400e-04;       3576
4.2686851538300e-04;       3576
4.2688684244600e-04;       6172
4.2690681680800e-04;       6172
4.2692514396400e-04;       3528
4.2694511716100e-04;       3528
4.2696511760500e-04;       6124
4.2698341953400e-04;       6124
4.2700341181900e-04;       3480
4.2702171996300e-04;       3480
4.2704172027200e-04;       6076
4.2706002224600e-04;       6076
4.2708001467600e-04;       8672
4.2709832361700e-04;       8672
4.2711831613900e-04;       6028
4.2713828946000e-04;       6028
4.2715662458000e-04;       8624
4.2717659185900e-04;       8624
4.2719491883200e-04;       5980
4.2721489226000e-04;       5980
4.2723322734000e-04;       8576
4.2725319376200e-04;       8576
4.2727152874900e-04;      11172
4.2729149613300e-04;      11172
4.2730982306200e-04;        972
4.2732979630700e-04;        972
4.2734979654500e-04;       3568
4.2736809843800e-04;       3568
4.2738809074400e-04;       6164
4.2740639976500e-04;       6164
4.2742639203400e-04;       3520
4.2744470017700e-04;       3520
4.2746470037700e-04;       6116
4.2748300243000e-04;       6116
4.2750299482000e-04;       3472
4.2752296817500e-04;       3472
4.2754130339700e-04;       6068
4.2756127078700e-04;       6068
4.2757959787800e-04;       8664
4.2759957223500e-04;       8664
4.2761789939000e-04;       6020
4.2763787259100e-04;       6020
4.2765620759900e-04;       1060
4.2767617505200e-04;       1060
4.2769450190600e-04;       5972
4.2771447528200e-04;       5972
4.2773447571000e-04;       8568
4.2775277648000e-04;       8568
4.2777277682400e-04;       3608
4.2779107885900e-04;       3608
4.2781107129200e-04;        964
4.2782937936100e-04;        964
4.2784937956600e-04;       3560
4.2786768151800e-04;       3560
4.2788767353600e-04;       6156
4.2790598245400e-04;       6156
4.2792597481800e-04;       3512
4.2794594800900e-04;       3512
4.2796428314900e-04;       6108
4.2798425047300e-04;       6108
4.2800257759000e-04;       3464
4.2802255095200e-04;       3464
4.2804088608000e-04;       6060
4.2806085346400e-04;       6060
4.2807918046900e-04;       8656
4.2809915490100e-04;       8656
4.2811748200400e-04;       6012
4.2813745533000e-04;       6012
4.2815745572500e-04;       1052
4.2817575770200e-04;       1052
4.2819575009300e-04;      -1592
4.2821405825600e-04;      -1592
4.2823405860700e-04;       1004
4.2825235964800e-04;       1004
4.2827236005800e-04;      11156
4.2829066191200e-04;      11156
4.2831065436700e-04;        956
4.2833062778000e-04;        956
4.2834896286500e-04;       3552
4.2836893009100e-04;       3552
4.2838725707900e-04;       6148
4.2840723157500e-04;       6148
4.2842555841500e-04;       3504
4.2844553183600e-04;       3504
4.2846386681400e-04;       6100
4.2848383414700e-04;       6100
4.2850216123800e-04;       3456
4.2852213449300e-04;       3456
4.2854213478000e-04;       6052
4.2856043683500e-04;       6052
4.2858042920400e-04;       8648
4.2859873833400e-04;       8648
4.2861873063000e-04;       6004
4.2863703866800e-04;       6004
4.2865703891900e-04;       1044
4.2867534094300e-04;       1044
4.2869533313700e-04;      -1600
4.2871530655400e-04;      -1600
4.2873364161700e-04;        996
4.2875360815500e-04;        996
4.2877194334700e-04;       3592
4.2879191067300e-04;       3592
4.2881023768300e-04;        948
4.2883021099600e-04;        948
4.2884854613500e-04;       3544
4.2886851340800e-04;       3544
4.2888684040400e-04;       6140
4.2890681456300e-04;       6140
4.2892514165200e-04;       3496
4.2894511513600e-04;       3496
4.2896511553200e-04;       6092
4.2898341759800e-04;       6092
4.2900341002000e-04;       3448
4.2902171814900e-04;       3448
4.2904171865800e-04;       6044
4.2906002078800e-04;       6044
4.2908001309900e-04;       1084
4.2909832212700e-04;       1084
4.2911831461300e-04;       5996
4.2913828812700e-04;       5996
4.2915662316400e-04;       1036
4.2917659064600e-04;       1036
4.2919491773100e-04;      -1608
4.2921489096700e-04;      -1608
4.2923322605300e-04;        988
4.2925319242100e-04;        988
4.2927152759300e-04;       3584
4.2929149486000e-04;       3584
4.2930982187800e-04;        940
4.2932979542200e-04;        940
4.2934979572200e-04;       3536
4.2936809770600e-04;       3536
4.2938809016600e-04;       6132
4.2940639919900e-04;       6132
4.2942639157100e-04;       3488
4.2944469949900e-04;       3488
4.2946469991000e-04;       6084
4.2948300194600e-04;       6084
4.2950299440800e-04;       3440
4.2952296767500e-04;       3440
4.2954130291700e-04;       6036
4.2956127031000e-04;       6036
4.2957959736900e-04;       8632
4.2959957161000e-04;       8632
4.2961789851700e-04;       5988
4.2963787188100e-04;       5988
4.2965620690100e-04;       1028
4.2967617445800e-04;       1028
4.2969450151300e-04;      -1616
4.2971447481900e-04;      -1616
4.2973447517800e-04;        980
4.2975277634800e-04;        980
4.2977277665600e-04;       3576
4.2979107872200e-04;       3576
4.2981107116500e-04;        932
4.2982937921700e-04;        932
4.2984937928600e-04;       3528
4.2986768129300e-04;       3528
4.2988767370600e-04;       6124
4.2990598282900e-04;       6124
4.2992597510700e-04;       3480
4.2994594833800e-04;       3480
4.2996428350700e-04;       6076
4.2998425089900e-04;       6076
4.3000257790500e-04;       3432
4.3002255131900e-04;       3432
4.3004088631200e-04;       6028
4.3006085364100e-04;       6028
4.3007918087300e-04;       1068
4.3009915529400e-04;       1068
4.3011748233900e-04;       5980
4.3013745539400e-04;       5980
4.3015745569400e-04;       1020
4.3017575796800e-04;       1020
4.3019575001900e-04;      -1624
4.3021405824600e-04;      -1624
4.3023405830000e-04;        972
4.3025235926500e-04;        972
4.3027235955600e-04;       3568
4.3029066156000e-04;       3568
4.3031065389100e-04;        924
4.3033062745300e-04;        924
4.3034896258000e-04;       3520
4.3036892985400e-04;       3520
4.3038725703400e-04;       6116
4.3040723137100e-04;       6116
4.3042555854000e-04;       3472
4.3044553190000e-04;       3472
4.3046386715100e-04;       6068
4.3048383437100e-04;       6068
4.3050216159300e-04;       3424
4.3052213507500e-04;       3424
4.3054213542400e-04;       6020
4.3056043757700e-04;       6020
4.3058043001000e-04;       8616
4.3059873909200e-04;       8616
4.3061873158600e-04;       5972
4.3063703962500e-04;       5972
4.3065703996400e-04;       1012
4.3067534227400e-04;       1012
4.3069533465300e-04;      -1632
4.3071530786800e-04;      -1632
4.3073364296000e-04;        964
4.3075360930800e-04;        964
4.3077194450100e-04;       3560
4.3079191160000e-04;       3560
4.3081023854600e-04;        916
4.3083021192300e-04;        916
4.3084854718700e-04;       3512
4.3086851458500e-04;       3512
4.3088684154100e-04;       6108
4.3090681585300e-04;       6108
4.3092514297800e-04;       3464
4.3094511640400e-04;       3464
4.3096511667500e-04;       6060
4.3098341849100e-04;       6060
4.3100341085900e-04;       3416
4.3102171880000e-04;       3416
4.3104171920800e-04;       6012
4.3106002111900e-04;       6012
4.3108001351000e-04;       8608
4.3109832265700e-04;       8608
4.3111831506100e-04;       5964
4.3113828853400e-04;       5964
4.3115662354900e-04;       1004
4.3117659088800e-04;       1004
4.3119491782400e-04;      -1640
4.3121489112500e-04;      -1640
4.3123322631700e-04;        956
4.3125319278200e-04;        956
4.3127152789400e-04;       3552
4.3129149527900e-04;       3552
4.3130982224100e-04;        908
4.3132979544600e-04;        908
4.3134979591900e-04;       3504
4.3136809783000e-04;       3504
4.3138809027100e-04;       6100
4.3140639945100e-04;       6100
4.3142639187100e-04;       3456
4.3144469966800e-04;       3456
4.3146470025100e-04;       6052
4.3148300227700e-04;       6052
4.3150299451500e-04;       3408
4.3152296791300e-04;       3408
4.3154130299400e-04;       6004
4.3156127031900e-04;       6004
4.3157959744100e-04;       8600
4.3159957166300e-04;       8600
4.3161789856500e-04;       5956
4.3163787202600e-04;       5956
4.3165620699000e-04;       8552
4.3167617439900e-04;       8552
4.3169450155800e-04;      -1648
4.3171447453600e-04;      -1648
4.3173447505900e-04;        948
4.3175277609900e-04;        948
4.3177277649300e-04;       3544
4.3179107854000e-04;       3544
4.3181107091000e-04;        900
4.3182937890500e-04;        900
4.3184937924800e-04;       3496
4.3186768121900e-04;       3496
4.3188767360200e-04;       6092
4.3190598262700e-04;       6092
4.3192597517100e-04;       3448
4.3194594809200e-04;       3448
4.3196428311900e-04;       6044
4.3198425040500e-04;       6044
4.3200257750200e-04;       3400
4.3202255076500e-04;       3400
4.3204088555600e-04;       5996
4.3206085299800e-04;       5996
4.3207918011100e-04;       1036
4.3209915444700e-04;       1036
4.3211748140600e-04;      -1608
4.3213745466500e-04;      -1608
4.3215745504500e-04;        988
4.3217575738700e-04;        988
4.3219574981900e-04;      -1656
4.3221405763600e-04;      -1656
4.3223405787700e-04;        940
4.3225235896700e-04;        940
4.3227235927400e-04;       3536
4.3229066123700e-04;       3536
4.3231065357000e-04;        892
4.3233062690400e-04;        892
4.3234896206400e-04;       3488
4.3236892934500e-04;       3488
4.3238725647700e-04;       6084
4.3240723083300e-04;       6084
4.3242555791100e-04;       3440
4.3244553102900e-04;       3440
4.3246386595200e-04;       6036
4.3248383315400e-04;       6036
4.3250216019900e-04;       3392
4.3252213351700e-04;       3392
4.3254213383000e-04;       5988
4.3256043585200e-04;       5988
4.3258042823200e-04;       1028
4.3259873732300e-04;       1028
4.3261872986300e-04;       5940
4.3263703809300e-04;       5940
4.3265703861000e-04;        980
4.3267534063800e-04;        980
4.3269533304100e-04;      -1664
4.3271530640500e-04;      -1664
4.3273364164600e-04;        932
4.3275360796800e-04;        932
4.3277194295300e-04;       3528
4.3279191038200e-04;       3528
4.3281023731800e-04;        884
4.3283021038400e-04;        884
4.3284854530300e-04;       3480
4.3286851278300e-04;       3480
4.3288683994700e-04;       6076
4.3290681424800e-04;       6076
4.3292514151500e-04;       3432
4.3294511500900e-04;       3432
4.3296511535500e-04;       6028
4.3298341738400e-04;       6028
4.3300340971000e-04;       3384
4.3302171771900e-04;       3384
4.3304171803300e-04;       5980
4.3306002023500e-04;       5980
4.3308001256900e-04;       8576
4.3309832156500e-04;       8576
4.3311831384200e-04;       5932
4.3313828724100e-04;       5932
4.3315662240500e-04;        972
4.3317658980400e-04;        972
4.3319491694000e-04;      -1672
4.3321489040800e-04;      -1672
4.3323322531900e-04;        924
4.3325319152800e-04;        924
4.3327152655200e-04;       3520
4.3329149384900e-04;       3520
4.3330982089000e-04;        876
4.3332979421100e-04;        876
4.3334979455000e-04;       3472
4.3336809661500e-04;       3472
4.3338808900300e-04;       6068
4.3340639826400e-04;       6068
4.3342639063700e-04;       3424
4.3344469888400e-04;       3424
4.3346469928800e-04;       6020
4.3348300130100e-04;       6020
4.3350299367400e-04;       3376
4.3352296706900e-04;       3376
4.3354130223000e-04;       5972
4.3356126955100e-04;       5972
4.3357959662200e-04;       1012
4.3359957096200e-04;       1012
4.3361789815800e-04;       5924
4.3363787147200e-04;       5924
4.3365620634200e-04;        964
4.3367617373900e-04;        964
4.3369450069800e-04;      -1680
4.3371447402600e-04;      -1680
4.3373447430100e-04;        916
4.3375277552700e-04;        916
4.3377277589000e-04;       3512
4.3379107799600e-04;       3512
4.3381107029800e-04;        868
4.3382937834100e-04;        868
4.3384937888600e-04;       3464
4.3386768074600e-04;       3464
4.3388767327100e-04;       6060
4.3390598217700e-04;       6060
4.3392597446500e-04;       3416
4.3394594781700e-04;       3416
4.3396428292500e-04;       6012
4.3398425013400e-04;       6012
4.3400257726200e-04;       3368
4.3402255064900e-04;       3368
4.3404088567600e-04;       5964
4.3406085302900e-04;       5964
4.3407918001700e-04;       8560
4.3409915446400e-04;       8560
4.3411748145500e-04;       5916
4.3413745499900e-04;       5916
4.3415745530600e-04;        956
4.3417575738300e-04;        956
4.3419574954500e-04;      -1688
4.3421405745400e-04;      -1688
4.3423405792000e-04;        908
4.3425235900600e-04;        908
4.3427235925400e-04;       3504
4.3429066114800e-04;       3504
4.3431065335500e-04;        860
4.3433062672600e-04;        860
4.3434896171900e-04;       3456
4.3436892920300e-04;       3456
4.3438725627500e-04;       6052
4.3440723070200e-04;       6052
4.3442555773000e-04;       3408
4.3444553108500e-04;       3408
4.3446386605700e-04;       6004
4.3448383352100e-04;       6004
4.3450216055300e-04;       3360
4.3452213378000e-04;       3360
4.3454213408800e-04;       5956
4.3456043595900e-04;       5956
4.3458042848500e-04;        996
4.3459873756000e-04;        996
4.3461872994800e-04;       5908
4.3463703787800e-04;       5908
4.3465703809500e-04;        948
4.3467534015900e-04;        948
4.3469533244000e-04;      -1696
4.3471530594200e-04;      -1696
4.3473364101900e-04;        900
4.3475360743100e-04;        900
4.3477194242700e-04;       3496
4.3479190968400e-04;       3496
4.3481023687700e-04;        852
4.3483021006300e-04;        852
4.3484854519500e-04;       3448
4.3486851249400e-04;       3448
4.3488683958100e-04;       6044
4.3490681383100e-04;       6044
4.3492514111700e-04;       3400
4.3494511429000e-04;       3400
4.3496511468500e-04;       5996
4.3498341660500e-04;       5996
4.3500340895700e-04;       3352
4.3502171718500e-04;       3352
4.3504171748200e-04;       5948
4.3506001948400e-04;       5948
4.3508001208600e-04;        988
4.3509832128700e-04;        988
4.3511831356100e-04;      -1656
4.3513828703600e-04;      -1656
4.3515662201900e-04;        940
4.3517658962900e-04;        940
4.3519491665700e-04;      -1704
4.3521489020500e-04;      -1704
4.3523322537900e-04;        892
4.3525319151100e-04;        892
4.3527152677400e-04;       3488
4.3529149417300e-04;       3488
4.3530982130800e-04;        844
4.3532979446100e-04;        844
4.3534979465300e-04;       3440
4.3536809669900e-04;       3440
4.3538808921800e-04;       6036
4.3540639834800e-04;       6036
4.3542639074800e-04;       3392
4.3544469886200e-04;       3392
4.3546469949400e-04;       5988
4.3548300160300e-04;       5988
4.3550299381700e-04;       3344
4.3552296738700e-04;       3344
4.3554130229400e-04;       5940
4.3556126959200e-04;       5940
4.3557959682000e-04;        980
4.3559957099900e-04;        980
4.3561789796900e-04;       5892
4.3563787141300e-04;       5892
4.3565620636400e-04;        932
4.3567617390400e-04;        932
4.3569450104400e-04;      -1712
4.3571447436200e-04;      -1712
4.3573447476900e-04;        884
4.3575277596300e-04;        884
4.3577277596100e-04;       3480
4.3579107811900e-04;       3480
4.3581107050100e-04;        836
4.3582937880500e-04;        836
4.3584937931100e-04;       3432
4.3586768122700e-04;       3432
4.3588767326900e-04;       6028
4.3590598217500e-04;       6028
4.3592597469600e-04;       3384
4.3594594807600e-04;       3384
4.3596428301600e-04;       5980
4.3598425036100e-04;       5980
4.3600257738500e-04;       3336
4.3602255077800e-04;       3336
4.3604088595300e-04;       5932
4.3606085358000e-04;       5932
4.3607918075500e-04;       8528
4.3609915509000e-04;       8528
4.3611748197600e-04;       5884
4.3613745557900e-04;       5884
4.3615745596900e-04;        924
4.3617575803600e-04;        924
4.3619575044100e-04;      -1720
4.3621405849000e-04;      -1720
4.3623405888100e-04;        876
4.3625236003400e-04;        876
4.3627236045200e-04;       3472
4.3629066263600e-04;       3472
4.3631065517300e-04;        828
4.3633062849400e-04;        828
4.3634896344600e-04;       3424
4.3636893087200e-04;       3424
4.3638725809200e-04;       6020
4.3640723246000e-04;       6020
4.3642555950000e-04;       3376
4.3644553297800e-04;       3376
4.3646386811600e-04;       5972
4.3648383564300e-04;       5972
4.3650216260700e-04;       3328
4.3652213585300e-04;       3328
4.3654213630300e-04;       5924
4.3656043831000e-04;       5924
4.3658043070000e-04;       8520
4.3659873980000e-04;       8520
4.3661873216300e-04;       5876
4.3663703999800e-04;       5876
4.3665704047000e-04;       8472
4.3667534248000e-04;       8472
4.3669533490500e-04;       5828
4.3671530824200e-04;       5828
4.3673364345900e-04;        868
4.3675360976700e-04;        868
4.3677194475400e-04;       3464
4.3679191202500e-04;       3464
4.3681023924400e-04;        820
4.3683021266700e-04;        820
4.3684854761800e-04;       3416
4.3686851496800e-04;       3416
4.3688684217500e-04;       6012
4.3690681648100e-04;       6012
4.3692514360200e-04;       3368
4.3694511687400e-04;       3368
4.3696511743800e-04;       5964
4.3698341915800e-04;       5964
4.3700341126100e-04;       3320
4.3702171923400e-04;       3320
4.3704171973100e-04;       5916
4.3706002176300e-04;       5916
4.3708001404600e-04;       8512
4.3709832317200e-04;       8512
4.3711831536600e-04;       5868
4.3713828860900e-04;       5868
4.3715662357500e-04;        908
4.3717659093200e-04;        908
4.3719491789700e-04;       5820
4.3721489126800e-04;       5820
4.3723322631100e-04;        860
4.3725319279500e-04;        860
4.3727152783600e-04;       3456
4.3729149527500e-04;       3456
4.3730982241600e-04;        812
4.3732979554200e-04;        812
4.3734979595900e-04;       3408
4.3736809786300e-04;       3408
4.3738809023400e-04;       6004
4.3740639928500e-04;       6004
4.3742639167000e-04;       3360
4.3744469971900e-04;       3360
4.3746470002000e-04;       5956
4.3748300209900e-04;       5956
4.3750299450200e-04;       3312
4.3752296755900e-04;       3312
4.3754130245300e-04;       5908
4.3756126992500e-04;       5908
4.3757959692300e-04;       8504
4.3759957128400e-04;       8504
4.3761789847900e-04;       5860
4.3763787184100e-04;       5860
4.3765620672200e-04;        900
4.3767617420600e-04;        900
4.3769450126400e-04;      -1744
4.3771447453500e-04;      -1744
4.3773447486900e-04;        852
4.3775277597400e-04;        852
4.3777277625600e-04;       3448
4.3779107838300e-04;       3448
4.3781107079000e-04;        804
4.3782937880500e-04;        804
4.3784937901700e-04;       3400
4.3786768116400e-04;       3400
4.3788767355900e-04;       5996
4.3790598251800e-04;       5996
4.3792597483200e-04;       3352
4.3794594826600e-04;       3352
4.3796428338300e-04;       5948
4.3798425084300e-04;       5948
4.3800257782600e-04;       3304
4.3802255133600e-04;       3304
4.3804088637800e-04;       5900
4.3806085339400e-04;       5900
4.3807918052700e-04;       8496
4.3809915508200e-04;       8496
4.3811748199700e-04;       5852
4.3813745515100e-04;       5852
4.3815745549700e-04;        892
4.3817575746200e-04;        892
4.3819574979400e-04;      -1752
4.3821405770400e-04;      -1752
4.3823405793200e-04;        844
4.3825235902400e-04;        844
4.3827235933200e-04;       3440
4.3829066151500e-04;       3440
4.3831065376400e-04;        796
4.3833062696200e-04;        796
4.3834896222300e-04;       3392
4.3836892954200e-04;       3392
4.3838725652600e-04;       5988
4.3840723090900e-04;       5988
4.3842555806100e-04;       3344
4.3844553138000e-04;       3344
4.3846386611800e-04;       5940
4.3848383352500e-04;       5940
4.3850216068300e-04;       3296
4.3852213420700e-04;       3296
4.3854213444700e-04;       5892
4.3856043635700e-04;       5892
4.3858042882500e-04;        932
4.3859873784100e-04;        932
4.3861873013500e-04;      -1712
4.3863703784900e-04;      -1712
4.3865703828300e-04;        884
4.3867534038300e-04;        884
4.3869533265600e-04;      -1760
4.3871530601100e-04;      -1760
4.3873364106800e-04;        836
4.3875360751100e-04;        836
4.3877194260200e-04;       3432
4.3879190994500e-04;       3432
4.3881023695700e-04;        788
4.3883021040700e-04;        788
4.3884854533000e-04;       3384
4.3886851291600e-04;       3384
4.3888683983900e-04;       5980
4.3890681412000e-04;       5980
4.3892514119600e-04;       3336
4.3894511465000e-04;       3336
4.3896511511300e-04;       5932
4.3898341711800e-04;       5932
4.3900340948400e-04;       3288
4.3902171756800e-04;       3288
4.3904171790300e-04;       5884
4.3906002004900e-04;       5884
4.3908001251100e-04;       8480
4.3909832150100e-04;       8480
4.3911831408500e-04;       5836
4.3913828744800e-04;       5836
4.3915662254500e-04;        876
4.3917658974200e-04;        876
4.3919491682800e-04;      -1768
4.3921489024400e-04;      -1768
4.3923322535000e-04;        828
4.3925319180200e-04;        828
4.3927152686700e-04;       3424
4.3929149417400e-04;       3424
4.3930982123000e-04;        780
4.3932979459200e-04;        780
4.3934979485200e-04;       3376
4.3936809686800e-04;       3376
4.3938808921600e-04;       5972
4.3940639840200e-04;       5972
4.3942639052700e-04;       3328
4.3944469879800e-04;       3328
4.3946469903500e-04;       5924
4.3948300101500e-04;       5924
4.3950299333500e-04;       3280
4.3952296653400e-04;       3280
4.3954130157800e-04;       5876
4.3956126908100e-04;       5876
4.3957959604800e-04;        916
4.3959957045400e-04;        916
4.3961789751200e-04;       5828
4.3963787084700e-04;       5828
4.3965620592600e-04;        868
4.3967617332700e-04;        868
4.3969450037800e-04;      -1776
4.3971447355200e-04;      -1776
4.3973447407800e-04;        820
4.3975277517000e-04;        820
4.3977277536400e-04;       3416
4.3979107738900e-04;       3416
4.3981106964800e-04;        772
4.3982937776600e-04;        772
4.3984937824800e-04;       3368
4.3986768018600e-04;       3368
4.3988767249700e-04;       5964
4.3990598165800e-04;       5964
4.3992597375600e-04;       3320
4.3994594730500e-04;       3320
4.3996428238600e-04;       5916
4.3998424975400e-04;       5916
4.4000257656000e-04;       3272
4.4002255010900e-04;       3272
4.4004088526000e-04;       5868
4.4006085238500e-04;       5868
4.4007917958100e-04;       8464
4.4009915402900e-04;       8464
4.4011748115100e-04;       5820
4.4013745462100e-04;       5820
4.4015745503400e-04;        860
4.4017575705900e-04;        860
4.4019574948100e-04;      -1784
4.4021405769000e-04;      -1784
4.4023405811600e-04;        812
4.4025235923000e-04;        812
4.4027235954600e-04;       3408
4.4029066150000e-04;       3408
4.4031065379300e-04;        764
4.4033062718500e-04;        764
4.4034896233800e-04;       3360
4.4036892966400e-04;       3360
4.4038725667200e-04;       5956
4.4040723104200e-04;       5956
4.4042555813100e-04;       3312
4.4044553150400e-04;       3312
4.4046386650200e-04;       5908
4.4048383377100e-04;       5908
4.4050216078100e-04;       3264
4.4052213402800e-04;       3264
4.4054213440000e-04;       5860
4.4056043656900e-04;       5860
4.4058042895700e-04;        900
4.4059873803600e-04;        900
4.4061873054900e-04;       5812
4.4063703852100e-04;       5812
4.4065703913500e-04;        852
4.4067534106200e-04;        852
4.4069533354200e-04;      -1792
4.4071530681400e-04;      -1792
4.4073364198300e-04;        804
4.4075360841900e-04;        804
4.4077194354700e-04;       3400
4.4079191085300e-04;       3400
4.4081023787900e-04;        756
4.4083021135000e-04;        756
4.4084854649500e-04;       3352
4.4086851375400e-04;       3352
4.4088684077200e-04;       5948
4.4090681507900e-04;       5948
4.4092514193700e-04;       3304
4.4094511535200e-04;       3304
4.4096511551800e-04;       5900
4.4098341765800e-04;       5900
4.4100341016000e-04;       3256
4.4102171815500e-04;       3256
4.4104171846400e-04;       5852
4.4106002046000e-04;       5852
4.4108001280900e-04;       8448
4.4109832192100e-04;       8448
4.4111831424400e-04;       5804
4.4113828770700e-04;       5804
4.4115662269100e-04;        844
4.4117659003000e-04;        844
4.4119491698600e-04;      -1800
4.4121489033100e-04;      -1800
4.4123322538500e-04;        796
4.4125319172900e-04;        796
4.4127152657700e-04;       3392
4.4129149399500e-04;       3392
4.4130982096800e-04;        748
4.4132979438600e-04;        748
4.4134979477300e-04;       3344
4.4136809692200e-04;       3344
4.4138808915700e-04;       5940
4.4140639817700e-04;       5940
4.4142639049900e-04;       3296
4.4144469858700e-04;       3296
4.4146469895400e-04;       5892
4.4148300117500e-04;       5892
4.4150299325700e-04;       3248
4.4152296666800e-04;       3248
4.4154130165800e-04;       5844
4.4156126871900e-04;       5844
4.4157959576100e-04;        884
4.4159957017600e-04;        884
4.4161789724200e-04;      -1760
4.4163787078800e-04;      -1760
4.4165620574200e-04;        836
4.4167617322900e-04;        836
4.4169450031900e-04;      -1808
4.4171447369100e-04;      -1808
4.4173447416300e-04;        788
4.4175277532400e-04;        788
4.4177277559400e-04;       3384
4.4179107742900e-04;       3384
4.4181106960700e-04;        740
4.4182937778000e-04;        740
4.4184937807000e-04;       3336
4.4186768013800e-04;       3336
4.4188767262600e-04;       5932
4.4190598168900e-04;       5932
4.4192597404900e-04;       3288
4.4194594716400e-04;       3288
4.4196428234100e-04;       5884
4.4198424974400e-04;       5884
4.4200257689900e-04;       3240
4.4202255018700e-04;       3240
4.4204088544000e-04;       5836
4.4206085287900e-04;       5836
4.4207918002700e-04;        876
4.4209915436200e-04;        876
4.4211748120800e-04;       5788
4.4213745461000e-04;       5788
4.4215745480700e-04;        828
4.4217575696300e-04;        828
4.4219574919600e-04;      -1816
4.4221405731000e-04;      -1816
4.4223405763900e-04;        780
4.4225235876100e-04;        780
4.4227235894400e-04;       3376
4.4229066076800e-04;       3376
4.4231065332700e-04;        732
4.4233062658100e-04;        732
4.4234896164900e-04;       3328
4.4236892899000e-04;       3328
4.4238725612200e-04;       5924
4.4240723046900e-04;       5924
4.4242555761100e-04;       3280
4.4244553093500e-04;       3280
4.4246386600200e-04;       5876
4.4248383349400e-04;       5876
4.4250216027100e-04;       3232
4.4252213341600e-04;       3232
4.4254213374800e-04;       5828
4.4256043586200e-04;       5828
4.4258042828600e-04;        868
4.4259873744700e-04;        868
4.4261872996600e-04;       5780
4.4263703809700e-04;       5780
4.4265703847900e-04;        820
4.4267534051500e-04;        820
4.4269533287200e-04;      -1824
4.4271530629200e-04;      -1824
4.4273364134500e-04;        772
4.4275360776400e-04;        772
4.4277194280000e-04;       3368
4.4279191023300e-04;       3368
4.4281023730600e-04;        724
4.4283021071900e-04;        724
4.4284854595300e-04;       3320
4.4286851332100e-04;       3320
4.4288684029100e-04;       5916
4.4290681474500e-04;       5916
4.4292514181400e-04;       3272
4.4294511516800e-04;       3272
4.4296511552500e-04;       5868
4.4298341754000e-04;       5868
4.4300341004100e-04;       3224
4.4302171824200e-04;       3224
4.4304171865800e-04;       5820
4.4306002069300e-04;       5820
4.4308001286100e-04;        860
4.4309832209300e-04;        860
4.4311831440400e-04;      -1784
4.4313828787600e-04;      -1784
4.4315662297300e-04;        812
4.4317659039000e-04;        812
4.4319491729200e-04;      -1832
4.4321489072300e-04;      -1832
4.4323322585700e-04;        764
4.4325319222000e-04;        764
4.4327152739000e-04;       3360
4.4329149457700e-04;       3360
4.4330982141800e-04;        716
4.4332979478100e-04;        716
4.4334979502900e-04;       3312
4.4336809730700e-04;       3312
4.4338808959400e-04;       5908
4.4340639855600e-04;       5908
4.4342639075400e-04;       3264
4.4344469883600e-04;       3264
4.4346469907900e-04;       5860
4.4348300111800e-04;       5860
4.4350299352000e-04;       3216
4.4352296691900e-04;       3216
4.4354130199700e-04;       5812
4.4356126915200e-04;       5812
4.4357959582600e-04;        852
4.4359957032600e-04;        852
4.4361789734900e-04;      -1792
4.4363787081600e-04;      -1792
4.4365620599800e-04;        804
4.4367617335900e-04;        804
4.4369450060100e-04;      -1840
4.4371447376700e-04;      -1840
4.4373447422000e-04;        756
4.4375277514700e-04;        756
4.4377277556700e-04;       3352
4.4379107775400e-04;       3352
4.4381107009500e-04;        708
4.4382937827500e-04;        708
4.4384937873000e-04;       3304
4.4386768077900e-04;       3304
4.4388767310400e-04;       5900
4.4390598227600e-04;       5900
4.4392597451400e-04;       3256
4.4394594786700e-04;       3256
4.4396428302000e-04;       5852
4.4398425058000e-04;       5852
4.4400257760700e-04;       3208
4.4402255085200e-04;       3208
4.4404088611300e-04;       5804
4.4406085324800e-04;       5804
4.4407918039300e-04;       8400
4.4409915490300e-04;       8400
4.4411748173700e-04;       5756
4.4413745503200e-04;       5756
4.4415745517100e-04;        796
4.4417575736800e-04;        796
4.4419574970900e-04;      -1848
4.4421405770800e-04;      -1848
4.4423405808400e-04;        748
4.4425235929100e-04;        748
4.4427235975800e-04;       3344
4.4429066173600e-04;       3344
4.4431065398500e-04;        700
4.4433062727600e-04;        700
4.4434896219400e-04;       3296
4.4436892951000e-04;       3296
4.4438725631000e-04;       5892
4.4440723087700e-04;       5892
4.4442555754800e-04;       3248
4.4444553102000e-04;       3248
4.4446386621800e-04;       5844
4.4448383373600e-04;       5844
4.4450216072200e-04;       3200
4.4452213414100e-04;       3200
4.4454213425400e-04;       5796
4.4456043628100e-04;       5796
4.4458042867600e-04;       8392
4.4459873776100e-04;       8392
4.4461873013400e-04;       5748
4.4463703826300e-04;       5748
4.4465703845700e-04;        788
4.4467534046000e-04;        788
4.4469533290900e-04;      -1856
4.4471530639900e-04;      -1856
4.4473364150900e-04;        740
4.4475360785100e-04;        740
4.4477194302200e-04;       3336
4.4479191031000e-04;       3336
4.4481023737100e-04;        692
4.4483021059200e-04;        692
4.4484854572600e-04;       3288
4.4486851308300e-04;       3288
4.4488684010000e-04;       5884
4.4490681437100e-04;       5884
4.4492514136000e-04;       3240
4.4494511461300e-04;       3240
4.4496511489100e-04;       5836
4.4498341710300e-04;       5836
4.4500340936200e-04;       3192
4.4502171729300e-04;       3192
4.4504171757700e-04;       5788
4.4506001952500e-04;       5788
4.4508001192900e-04;       8384
4.4509832101600e-04;       8384
4.4511831342700e-04;       5740
4.4513828676200e-04;       5740
4.4515662167200e-04;        780
4.4517658912500e-04;        780
4.4519491636600e-04;      -1864
4.4521488967100e-04;      -1864
4.4523322477800e-04;        732
4.4525319091400e-04;        732
4.4527152564500e-04;       3328
4.4529149288000e-04;       3328
4.4530982012300e-04;        684
4.4532979341400e-04;        684
4.4534979367900e-04;       3280
4.4536809574600e-04;       3280
4.4538808804200e-04;       5876
4.4540639732100e-04;       5876
4.4542638977900e-04;       3232
4.4544469806800e-04;       3232
4.4546469823300e-04;       5828
4.4548300019300e-04;       5828
4.4550299244700e-04;       3184
4.4552296568000e-04;       3184
4.4554130077500e-04;       5780
4.4556126812500e-04;       5780
4.4557959512000e-04;        820
4.4559956946700e-04;        820
4.4561789654600e-04;       5732
4.4563786982100e-04;       5732
4.4565620489300e-04;        772
4.4567617214600e-04;        772
4.4569449928200e-04;      -1872
4.4571447268000e-04;      -1872
4.4573447323900e-04;        724
4.4575277424700e-04;        724
4.4577277475600e-04;       3320
4.4579107663800e-04;       3320
4.4581106915900e-04;        676
4.4582937709800e-04;        676
4.4584937744600e-04;       3272
4.4586767949400e-04;       3272
4.4588767170200e-04;       5868
4.4590598083200e-04;       5868
4.4592597307800e-04;       3224
4.4594594641100e-04;       3224
4.4596428136300e-04;       5820
4.4598424890800e-04;       5820
4.4600257601500e-04;       3176
4.4602254935700e-04;       3176
4.4604088452900e-04;       5772
4.4606085199500e-04;       5772
4.4607917914600e-04;        812
4.4609915345500e-04;        812
4.4611748060800e-04;       5724
4.4613745392900e-04;       5724
4.4615745446600e-04;        764
4.4617575635100e-04;        764
4.4619574888900e-04;      -1880
4.4621405693600e-04;      -1880
4.4623405747400e-04;        716
4.4625235830100e-04;        716
4.4627235852200e-04;       3312
4.4629066047200e-04;       3312
4.4631065261000e-04;        668
4.4633062599600e-04;        668
4.4634896113100e-04;       3264
4.4636892883100e-04;       3264
4.4638725581500e-04;       5860
4.4640723015100e-04;       5860
4.4642555721500e-04;       3216
4.4644553057500e-04;       3216
4.4646386572800e-04;       5812
4.4648383289500e-04;       5812
4.4650215981900e-04;       3168
4.4652213282500e-04;       3168
4.4654213304200e-04;       5764
4.4656043511300e-04;       5764
4.4658042760900e-04;        804
4.4659873667300e-04;        804
4.4661872898800e-04;       5716
4.4663703717200e-04;       5716
4.4665703744400e-04;        756
4.4667533960700e-04;        756
4.4669533172900e-04;      -1888
4.4671530506500e-04;      -1888
4.4673364008800e-04;        708
4.4675360653600e-04;        708
4.4677194191600e-04;       3304
4.4679190920900e-04;       3304
4.4681023640300e-04;        660
4.4683020977500e-04;        660
4.4684854479900e-04;       3256
4.4686851215900e-04;       3256
4.4688683919900e-04;       5852
4.4690681351200e-04;       5852
4.4692514060700e-04;       3208
4.4694511390400e-04;       3208
4.4696511422800e-04;       5804
4.4698341657100e-04;       5804
4.4700340865200e-04;       3160
4.4702171661100e-04;       3160
4.4704171676800e-04;       5756
4.4706001882400e-04;       5756
4.4708001114400e-04;        796
4.4709832024100e-04;        796
4.4711831262100e-04;       5708
4.4713828591900e-04;       5708
4.4715662072600e-04;        748
4.4717658808600e-04;        748
4.4719491512500e-04;      -1896
4.4721488860700e-04;      -1896
4.4723322354000e-04;        700
4.4725318991200e-04;        700
4.4727152484900e-04;       3296
4.4729149227300e-04;       3296
4.4730981935200e-04;        652
4.4732979272400e-04;        652
4.4734979305200e-04;       3248
4.4736809517800e-04;       3248
4.4738808752100e-04;       5844
4.4740639655500e-04;       5844
4.4742638905000e-04;       3200
4.4744469711000e-04;       3200
4.4746469751500e-04;       5796
4.4748299963100e-04;       5796
4.4750299173600e-04;       3152
4.4752296509800e-04;       3152
4.4754130015000e-04;       5748
4.4756126748800e-04;       5748
4.4757959456100e-04;        788
4.4759956895500e-04;        788
4.4761789610700e-04;      -1856
4.4763786946900e-04;      -1856
4.4765620480900e-04;        740
4.4767617214500e-04;        740
4.4769449914000e-04;      -1904
4.4771447244100e-04;      -1904
4.4773447285600e-04;        692
4.4775277396200e-04;        692
4.4777277434800e-04;       3288
4.4779107654700e-04;       3288
4.4781106891300e-04;        644
4.4782937705000e-04;        644
4.4784937742000e-04;       3240
4.4786767939200e-04;       3240
4.4788767166600e-04;       5836
4.4790598076600e-04;       5836
4.4792597339800e-04;       3192
4.4794594685400e-04;       3192
4.4796428203500e-04;       5788
4.4798424916600e-04;       5788
4.4800257624400e-04;       3144
4.4802254954900e-04;       3144
4.4804088453800e-04;       5740
4.4806085191300e-04;       5740
4.4807917904400e-04;        780
4.4809915336100e-04;        780
4.4811748055800e-04;      -1864
4.4813745391400e-04;      -1864
4.4815745434900e-04;        732
4.4817575625600e-04;        732
4.4819574814400e-04;      -1912
4.4821405638800e-04;      -1912
4.4823405668500e-04;        684
4.4825235787200e-04;        684
4.4827235820100e-04;       3280
4.4829066020800e-04;       3280
4.4831065246800e-04;        636
4.4833062581500e-04;        636
4.4834896090800e-04;       3232
4.4836892812700e-04;       3232
4.4838725537000e-04;       5828
4.4840722978900e-04;       5828
4.4842555681700e-04;       3184
4.4844553022200e-04;       3184
4.4846386521000e-04;       5780
4.4848383237100e-04;       5780
4.4850215928600e-04;       3136
4.4852213261100e-04;       3136
4.4854213315000e-04;       5732
4.4856043507600e-04;       5732
4.4858042734600e-04;       8328
4.4859873632200e-04;       8328
4.4861872860300e-04;       5684
4.4863703649100e-04;       5684
4.4865703690000e-04;        724
4.4867533913000e-04;        724
4.4869533127800e-04;      -1920
4.4871530472000e-04;      -1920
4.4873363970700e-04;        676
4.4875360612200e-04;        676
4.4877194109500e-04;       3272
4.4879190851300e-04;       3272
4.4881023565600e-04;        628
4.4883020891200e-04;        628
4.4884854405300e-04;       3224
4.4886851144900e-04;       3224
4.4888683846100e-04;       5820
4.4890681264700e-04;       5820
4.4892513956200e-04;       3176
4.4894511293900e-04;       3176
4.4896511334500e-04;      -1784
4.4898341557600e-04;      -1784
4.4900340791500e-04;       3128
4.4902171579900e-04;       3128
4.4904171633500e-04;       5724
4.4906001852800e-04;       5724
4.4908001098900e-04;        764
4.4909831981800e-04;        764
4.4911831201700e-04;      -1880
4.4913828546100e-04;      -1880
4.4915662045700e-04;        716
4.4917658782000e-04;        716
4.4919491472500e-04;      -1928
4.4921488805500e-04;      -1928
4.4923322321800e-04;        668
4.4925318961700e-04;        668
4.4927152474100e-04;       3264
4.4929149213300e-04;       3264
4.4930981913100e-04;        620
4.4932979259500e-04;        620
4.4934979288300e-04;       3216
4.4936809490100e-04;       3216
4.4938808713100e-04;       5812
4.4940639632800e-04;       5812
4.4942638863800e-04;       3168
4.4944469662400e-04;       3168
4.4946469710200e-04;      -1792
4.4948299916700e-04;      -1792
4.4950299157800e-04;       3120
4.4952296498400e-04;       3120
4.4954130006300e-04;       5716
4.4956126727200e-04;       5716
4.4957959433000e-04;        756
4.4959956860900e-04;        756
4.4961789566500e-04;       5668
4.4963786896900e-04;       5668
4.4965620407900e-04;        708
4.4967617138300e-04;        708
4.4969449861600e-04;      -1936
4.4971447209000e-04;      -1936
4.4973447243900e-04;        660
4.4975277350400e-04;        660
4.4977277385400e-04;       3256
4.4979107601500e-04;       3256
4.4981106841900e-04;        612
4.4982937665400e-04;        612
4.4984937704600e-04;       3208
4.4986767916200e-04;       3208
4.4988767136400e-04;       5804
4.4990598056500e-04;       5804
4.4992597301700e-04;       3160
4.4994594621700e-04;       3160
4.4996428119900e-04;      -1800
4.4998424836600e-04;      -1800
4.5000257556500e-04;       3112
4.5002254881000e-04;       3112
4.5004088399900e-04;      -1848
4.5006085142800e-04;      -1848
4.5007917846200e-04;        748
4.5009915295400e-04;        748
4.5011748005700e-04;       5660
4.5013745325800e-04;       5660
4.5015745350800e-04;        700
4.5017575563500e-04;        700
4.5019574803100e-04;      -1944
4.5021405599700e-04;      -1944
4.5023405637800e-04;        652
4.5025235776200e-04;        652
4.5027235808500e-04;       3248
4.5029066027600e-04;       3248
4.5031065237100e-04;        604
4.5033062579000e-04;        604
4.5034896095800e-04;       3200
4.5036892831000e-04;       3200
4.5038725547800e-04;       5796
4.5040722980200e-04;       5796
4.5042555697600e-04;       3152
4.5044553007600e-04;       3152
4.5046386511800e-04;       5748
4.5048383248300e-04;       5748
4.5050215948600e-04;       3104
4.5052213283100e-04;       3104
4.5054213302600e-04;       5700
4.5056043525800e-04;       5700
4.5058042753700e-04;        740
4.5059873667100e-04;        740
4.5061872903600e-04;      -1904
4.5063703729300e-04;      -1904
4.5065703731700e-04;        692
4.5067533927000e-04;        692
4.5069533139000e-04;      -1952
4.5071530487200e-04;      -1952
4.5073364000600e-04;        644
4.5075360650000e-04;        644
4.5077194145900e-04;       3240
4.5079190884800e-04;       3240
4.5081023605000e-04;        596
4.5083020947900e-04;        596
4.5084854457900e-04;       3192
4.5086851204500e-04;       3192
4.5088683919900e-04;       5788
4.5090681372300e-04;       5788
4.5092514087700e-04;       3144
4.5094511427000e-04;       3144
4.5096511470600e-04;       5740
4.5098341682600e-04;       5740
4.5100340930400e-04;       3096
4.5102171720600e-04;       3096
4.5104171778400e-04;       5692
4.5106001984400e-04;       5692
4.5108001230900e-04;        732
4.5109832149900e-04;        732
4.5111831387900e-04;       5644
4.5113828692800e-04;       5644
4.5115662206900e-04;        684
4.5117658938000e-04;        684
4.5119491620000e-04;      -1960
4.5121488966700e-04;      -1960
4.5123322474700e-04;        636
4.5125319103200e-04;        636
4.5127152626800e-04;       3232
4.5129149370000e-04;       3232
4.5130982090500e-04;        588
4.5132979415700e-04;        588
4.5134979466500e-04;       3184
4.5136809672500e-04;       3184
4.5138808917400e-04;       5780
4.5140639832200e-04;       5780
4.5142639069600e-04;       3136
4.5144469880800e-04;       3136
4.5146469898700e-04;       5732
4.5148300108200e-04;       5732
4.5150299326300e-04;       3088
4.5152296663700e-04;       3088
4.5154130164300e-04;       5684
4.5156126889400e-04;       5684
4.5157959584100e-04;       8280
4.5159957018900e-04;       8280
4.5161789717500e-04;       5636
4.5163787047500e-04;       5636
4.5165620532700e-04;        676
4.5167617284200e-04;        676
4.5169450000900e-04;      -1968
4.5171447329000e-04;      -1968
4.5173447373700e-04;        628
4.5175277475100e-04;        628
4.5177277516400e-04;       3224
4.5179107727700e-04;       3224
4.5181106961700e-04;        580
4.5182937778600e-04;        580
4.5184937793500e-04;       3176
4.5186767989200e-04;       3176
4.5188767235300e-04;       5772
4.5190598155900e-04;       5772
4.5192597391300e-04;       3128
4.5194594728700e-04;       3128
4.5196428222300e-04;       5724
4.5198424968200e-04;       5724
4.5200257682300e-04;       3080
4.5202255009300e-04;       3080
4.5204088532700e-04;       5676
4.5206085277300e-04;       5676
4.5207917980900e-04;        716
4.5209915420100e-04;        716
4.5211748148100e-04;      -1928
4.5213745477300e-04;      -1928
4.5215745514300e-04;        668
4.5217575720000e-04;        668
4.5219574942500e-04;      -1976
4.5221405752000e-04;      -1976
4.5223405813000e-04;        620
4.5225235933700e-04;        620
4.5227235975800e-04;       3216
4.5229066184900e-04;       3216
4.5231065416700e-04;        572
4.5233062735400e-04;        572
4.5234896235900e-04;       3168
4.5236892980500e-04;       3168
4.5238725702000e-04;       5764
4.5240723116500e-04;       5764
4.5242555822500e-04;       3120
4.5244553159700e-04;       3120
4.5246386665900e-04;       5716
4.5248383409200e-04;       5716
4.5250216117900e-04;       3072
4.5252213437900e-04;       3072
4.5254213471500e-04;       5668
4.5256043658100e-04;       5668
4.5258042899700e-04;        708
4.5259873821200e-04;        708
4.5261873055300e-04;      -1936
4.5263703863800e-04;      -1936
4.5265703923200e-04;        660
4.5267534107200e-04;        660
4.5269533345600e-04;      -1984
4.5271530698500e-04;      -1984
4.5273364191900e-04;        612
4.5275360804100e-04;        612
4.5277194320600e-04;       3208
4.5279191035600e-04;       3208
4.5281023745700e-04;        564
4.5283021091100e-04;        564
4.5284854597900e-04;       3160
4.5286851312900e-04;       3160
4.5288684035500e-04;       5756
4.5290681479700e-04;       5756
4.5292514187400e-04;       3112
4.5294511487900e-04;       3112
4.5296511528200e-04;       5708
4.5298341722000e-04;       5708
4.5300340926400e-04;       3064
4.5302171752800e-04;       3064
4.5304171782900e-04;       5660
4.5306001990900e-04;       5660
4.5308001231300e-04;        700
4.5309832116200e-04;        700
4.5311831331300e-04;       5612
4.5313828676600e-04;       5612
4.5315662183900e-04;        652
4.5317658915300e-04;        652
4.5319491617100e-04;      -1992
4.5321488963500e-04;      -1992
4.5323322475100e-04;        604
4.5325319108300e-04;        604
4.5327152629300e-04;       3200
4.5329149361700e-04;       3200
4.5330982081000e-04;        556
4.5332979413000e-04;        556
4.5334979453300e-04;       3152
4.5336809649000e-04;       3152
4.5338808890100e-04;       5748
4.5340639813400e-04;       5748
4.5342639032400e-04;       3104
4.5344469840800e-04;       3104
4.5346469868000e-04;       5700
4.5348300086000e-04;       5700
4.5350299318400e-04;       3056
4.5352296639700e-04;       3056
4.5354130168400e-04;       5652
4.5356126868100e-04;       5652
4.5357959585500e-04;        692
4.5359957022500e-04;        692
4.5361789727800e-04;       5604
4.5363787070900e-04;       5604
4.5365620580400e-04;        644
4.5367617330100e-04;        644
4.5369450039200e-04;      -2000
4.5371447386400e-04;      -2000
4.5373447409800e-04;        596
4.5375277508500e-04;        596
4.5377277555600e-04;       3192
4.5379107766700e-04;       3192
4.5381107026800e-04;        548
4.5382937829500e-04;        548
4.5384937882400e-04;       3144
4.5386768078000e-04;       3144
4.5388767332200e-04;       5740
4.5390598237200e-04;       5740
4.5392597471400e-04;       3096
4.5394594791500e-04;       3096
4.5396428279400e-04;       5692
4.5398425014200e-04;       5692
4.5400257738500e-04;       3048
4.5402255085800e-04;       3048
4.5404088611700e-04;       5644
4.5406085315900e-04;       5644
4.5407918039600e-04;       8240
4.5409915480200e-04;       8240
4.5411748204600e-04;       5596
4.5413745539100e-04;       5596
4.5415745575700e-04;       8192
4.5417575777100e-04;       8192
4.5419575009500e-04;      -2008
4.5421405811400e-04;      -2008
4.5423405846500e-04;        588
4.5425235933500e-04;        588
4.5427235973600e-04;       3184
4.5429066179600e-04;       3184
4.5431065409600e-04;        540
4.5433062749400e-04;        540
4.5434896255500e-04;       3136
4.5436892987600e-04;       3136
4.5438725698600e-04;       5732
4.5440723123300e-04;       5732
4.5442555835500e-04;       3088
4.5444553174000e-04;       3088
4.5446386682900e-04;       5684
4.5448383411800e-04;       5684
4.5450216111300e-04;       3040
4.5452213447000e-04;       3040
4.5454213474700e-04;       5636
4.5456043659600e-04;       5636
4.5458042910700e-04;        676
4.5459873788300e-04;        676
4.5461873031000e-04;       5588
4.5463703845800e-04;       5588
4.5465703845000e-04;        628
4.5467534069300e-04;        628
4.5469533277600e-04;      -2016
4.5471530617000e-04;      -2016
4.5473364108700e-04;        580
4.5475360727100e-04;        580
4.5477194231000e-04;       3176
4.5479190977700e-04;       3176
4.5481023684900e-04;        532
4.5483021031800e-04;        532
4.5484854520400e-04;       3128
4.5486851274400e-04;       3128
4.5488683967700e-04;       5724
4.5490681413400e-04;       5724
4.5492514138700e-04;       3080
4.5494511452600e-04;       3080
4.5496511478700e-04;       5676
4.5498341690100e-04;       5676
4.5500340915900e-04;       3032
4.5502171730000e-04;       3032
4.5504171745500e-04;       5628
4.5506001958700e-04;       5628
4.5508001192700e-04;        668
4.5509832095600e-04;        668
4.5511831319200e-04;      -1976
4.5513828646800e-04;      -1976
4.5515662162500e-04;        620
4.5517658897700e-04;        620
4.5519491586000e-04;      -2024
4.5521488914400e-04;      -2024
4.5523322431200e-04;        572
4.5525319071300e-04;        572
4.5527152593800e-04;       3168
4.5529149310400e-04;       3168
4.5530982022700e-04;        524
4.5532979342400e-04;        524
4.5534979362400e-04;       3120
4.5536809578400e-04;       3120
4.5538808823100e-04;       5716
4.5540639739400e-04;       5716
4.5542638966600e-04;       3072
4.5544469770400e-04;       3072
4.5546469784600e-04;       5668
4.5548300000100e-04;       5668
4.5550299228500e-04;       3024
4.5552296552300e-04;       3024
4.5554130068800e-04;       5620
4.5556126801000e-04;       5620
4.5557959494000e-04;        660
4.5559956933700e-04;        660
4.5561789636200e-04;      -1984
4.5563786978100e-04;      -1984
4.5565620485800e-04;        612
4.5567617219600e-04;        612
4.5569449931100e-04;      -2032
4.5571447257700e-04;      -2032
4.5573447304100e-04;        564
4.5575277408700e-04;        564
4.5577277458800e-04;       3160
4.5579107676400e-04;       3160
4.5581106901200e-04;        516
4.5582937700200e-04;        516
4.5584937729500e-04;       3112
4.5586767938400e-04;       3112
4.5588767171200e-04;       5708
4.5590598091500e-04;       5708
4.5592597331100e-04;       3064
4.5594594645700e-04;       3064
4.5596428152400e-04;      -1896
4.5598424890700e-04;      -1896
4.5600257579300e-04;       3016
4.5602254927300e-04;       3016
4.5604088437800e-04;       5612
4.5606085185700e-04;       5612
4.5607917894700e-04;        652
4.5609915321900e-04;        652
4.5611748028500e-04;      -1992
4.5613745352600e-04;      -1992
4.5615745395800e-04;        604
4.5617575605000e-04;        604
4.5619574846200e-04;      -2040
4.5621405682700e-04;      -2040
4.5623405700400e-04;        556
4.5625235809800e-04;        556
4.5627235845800e-04;       3152
4.5629066049600e-04;       3152
4.5631065270200e-04;        508
4.5633062601400e-04;        508
4.5634896077200e-04;       3104
4.5636892843700e-04;       3104
4.5638725559400e-04;       5700
4.5640723002900e-04;       5700
4.5642555687800e-04;       3056
4.5644553037200e-04;       3056
4.5646386538900e-04;       5652
4.5648383271000e-04;       5652
4.5650215982300e-04;       3008
4.5652213329300e-04;       3008
4.5654213362100e-04;       5604
4.5656043551100e-04;       5604
4.5658042769200e-04;        644
4.5659873679800e-04;        644
4.5661872926500e-04;       5556
4.5663703706300e-04;       5556
4.5665703739100e-04;        596
4.5667533941100e-04;        596
4.5669533176700e-04;      -2048
4.5671530508700e-04;      -2048
4.5673364010800e-04;        548
4.5675360641300e-04;        548
4.5677194164400e-04;       3144
4.5679190888900e-04;       3144
4.5681023583700e-04;        500
4.5683020910300e-04;        500
4.5684854427300e-04;       3096
4.5686851160900e-04;       3096
4.5688683858200e-04;       5692
4.5690681297800e-04;       5692
4.5692514005500e-04;       3048
4.5694511317600e-04;       3048
4.5696511344000e-04;       5644
4.5698341565000e-04;       5644
4.5700340807400e-04;       3000
4.5702171624500e-04;       3000
4.5704171662100e-04;       5596
4.5706001851400e-04;       5596
4.5708001096800e-04;        636
4.5709831993700e-04;        636
4.5711831240700e-04;      -2008
4.5713828555700e-04;      -2008
4.5715662062700e-04;        588
4.5717658799100e-04;        588
4.5719491499100e-04;      -2056
4.5721488815600e-04;      -2056
4.5723322321200e-04;        540
4.5725318954900e-04;        540
4.5727152467900e-04;       3136
4.5729149202100e-04;       3136
4.5730981893400e-04;        492
4.5732979250300e-04;        492
4.5734979274300e-04;       3088
4.5736809487000e-04;       3088
4.5738808721100e-04;       5684
4.5740639621600e-04;       5684
4.5742638867000e-04;       3040
4.5744469681500e-04;       3040
4.5746469704200e-04;      -1920
4.5748299900000e-04;      -1920
4.5750299156400e-04;       2992
4.5752296501900e-04;       2992
4.5754130001400e-04;       5588
4.5756126715800e-04;       5588
4.5757959438600e-04;        628
4.5759956864600e-04;        628
4.5761789582200e-04;      -2016
4.5763786913100e-04;      -2016
4.5765620406700e-04;        580
4.5767617131200e-04;        580
4.5769449838700e-04;      -2064
4.5771447162500e-04;      -2064
4.5773447216800e-04;        532
4.5775277306800e-04;        532
4.5777277364500e-04;       3128
4.5779107570500e-04;       3128
4.5781106800600e-04;        484
4.5782937600300e-04;        484
4.5784937634100e-04;       3080
4.5786767857400e-04;       3080
4.5788767088700e-04;       5676
4.5790598016200e-04;       5676
4.5792597266100e-04;       3032
4.5794594618800e-04;       3032
4.5796428128300e-04;      -1928
4.5798424859600e-04;      -1928
4.5800257558500e-04;       2984
4.5802254877900e-04;       2984
4.5804088371000e-04;       5580
4.5806085127100e-04;       5580
4.5807917828300e-04;        620
4.5809915271800e-04;        620
4.5811747990800e-04;      -2024
4.5813745322300e-04;      -2024
4.5815745359800e-04;        572
4.5817575567700e-04;        572
4.5819574808700e-04;      -2072
4.5821405618700e-04;      -2072
4.5823405659400e-04;        524
4.5825235769300e-04;        524
4.5827235796900e-04;       3120
4.5829066014900e-04;       3120
4.5831065263600e-04;        476
4.5833062587300e-04;        476
4.5834896089900e-04;       3072
4.5836892841200e-04;       3072
4.5838725537000e-04;       5668
4.5840722957800e-04;       5668
4.5842555665900e-04;       3024
4.5844553006100e-04;       3024
4.5846386515600e-04;      -1936
4.5848383270000e-04;      -1936
4.5850215984500e-04;       2976
4.5852213312600e-04;       2976
4.5854213345700e-04;       5572
4.5856043576200e-04;       5572
4.5858042786100e-04;        612
4.5859873698400e-04;        612
4.5861872907000e-04;      -2032
4.5863703725900e-04;      -2032
4.5865703770800e-04;        564
4.5867533965200e-04;        564
4.5869533216100e-04;      -2080
4.5871530545700e-04;      -2080
4.5873364049200e-04;        516
4.5875360699900e-04;        516
4.5877194187900e-04;       3112
4.5879190928300e-04;       3112
4.5881023627400e-04;        468
4.5883020957200e-04;        468
4.5884854476300e-04;       3064
4.5886851203000e-04;       3064
4.5888683916300e-04;       5660
4.5890681358100e-04;       5660
4.5892514048000e-04;       3016
4.5894511366000e-04;       3016
4.5896511416800e-04;       5612
4.5898341641400e-04;       5612
4.5900340871300e-04;       2968
4.5902171684000e-04;       2968
4.5904171693600e-04;       5564
4.5906001912000e-04;       5564
4.5908001163900e-04;        604
4.5909832081700e-04;        604
4.5911831308000e-04;       5516
4.5913828622500e-04;       5516
4.5915662123300e-04;        556
4.5917658861900e-04;        556
4.5919491566700e-04;      -2088
4.5921488867900e-04;      -2088
4.5923322385300e-04;        508
4.5925319003900e-04;        508
4.5927152481600e-04;       3104
4.5929149232700e-04;       3104
4.5930981949400e-04;        460
4.5932979282200e-04;        460
4.5934979336900e-04;       3056
4.5936809540300e-04;       3056
4.5938808785400e-04;       5652
4.5940639669800e-04;       5652
4.5942638914800e-04;       3008
4.5944469735500e-04;       3008
4.5946469762800e-04;      -1952
4.5948299975800e-04;      -1952
4.5950299201800e-04;       2960
4.5952296547500e-04;       2960
4.5954130038400e-04;       5556
4.5956126783700e-04;       5556
4.5957959454700e-04;        596
4.5959956913000e-04;        596
4.5961789615500e-04;      -2048
4.5963786967400e-04;      -2048
4.5965620467900e-04;        548
4.5967617213200e-04;        548
4.5969449920800e-04;      -2096
4.5971447249700e-04;      -2096
4.5973447292100e-04;        500
4.5975277403700e-04;        500
4.5977277438900e-04;       3096
4.5979107642700e-04;       3096
4.5981106883100e-04;        452
4.5982937678800e-04;        452
4.5984937710800e-04;       3048
4.5986767933600e-04;       3048
4.5988767147100e-04;       5644
4.5990598052000e-04;       5644
4.5992597308100e-04;       3000
4.5994594644800e-04;       3000
4.5996428163800e-04;       5596
4.5998424897800e-04;       5596
4.6000257610300e-04;       2952
4.6002254947800e-04;       2952
4.6004088436600e-04;       5548
4.6006085166700e-04;       5548
4.6007917875600e-04;        588
4.6009915305300e-04;        588
4.6011748001700e-04;      -2056
4.6013745335200e-04;      -2056
4.6015745364600e-04;        540
4.6017575574100e-04;        540
4.6019574816300e-04;      -2104
4.6021405646600e-04;      -2104
4.6023405670500e-04;        492
4.6025235793200e-04;        492
4.6027235818400e-04;       3088
4.6029066040100e-04;       3088
4.6031065274200e-04;        444
4.6033062620800e-04;        444
4.6034896104400e-04;       3040
4.6036892827400e-04;       3040
4.6038725534600e-04;       5636
4.6040722963500e-04;       5636
4.6042555691300e-04;       2992
4.6044553013300e-04;       2992
4.6046386528000e-04;       5588
4.6048383276700e-04;       5588
4.6050215995600e-04;       2944
4.6052213334200e-04;       2944
4.6054213351300e-04;       5540
4.6056043556300e-04;       5540
4.6058042782600e-04;       8136
4.6059873698300e-04;       8136
4.6061872947500e-04;       5492
4.6063703753200e-04;       5492
4.6065703789700e-04;        532
4.6067534000900e-04;        532
4.6069533220800e-04;      -2112
4.6071530564500e-04;      -2112
4.6073364071800e-04;        484
4.6075360702600e-04;        484
4.6077194218400e-04;       3080
4.6079190965500e-04;       3080
4.6081023684100e-04;        436
4.6083021014700e-04;        436
4.6084854521900e-04;       3032
4.6086851269400e-04;       3032
4.6088683976800e-04;       5628
4.6090681396800e-04;       5628
4.6092514080900e-04;       2984
4.6094511430100e-04;       2984
4.6096511478700e-04;       5580
4.6098341684700e-04;       5580
4.6100340920500e-04;       2936
4.6102171740900e-04;       2936
4.6104171743400e-04;       5532
4.6106001961600e-04;       5532
4.6108001200900e-04;        572
4.6109832105500e-04;        572
4.6111831325500e-04;       5484
4.6113828657300e-04;       5484
4.6115662154700e-04;        524
4.6117658874500e-04;        524
4.6119491591400e-04;      -2120
4.6121488925700e-04;      -2120
4.6123322434200e-04;        476
4.6125319058600e-04;        476
4.6127152551900e-04;       3072
4.6129149282900e-04;       3072
4.6130982015200e-04;        428
4.6132979349000e-04;        428
4.6134979372100e-04;       3024
4.6136809572000e-04;       3024
4.6138808810900e-04;       5620
4.6140639708900e-04;       5620
4.6142638940600e-04;       2976
4.6144469729700e-04;       2976
4.6146469769200e-04;       5572
4.6148299995200e-04;       5572
4.6150299235900e-04;       2928
4.6152296552900e-04;       2928
4.6154130066800e-04;       5524
4.6156126786900e-04;       5524
4.6157959510200e-04;       8120
4.6159956952400e-04;       8120
4.6161789667900e-04;       5476
4.6163787005600e-04;       5476
4.6165620518600e-04;        516
4.6167617248900e-04;        516
4.6169449948000e-04;      -2128
4.6171447281900e-04;      -2128
4.6173447308000e-04;        468
4.6175277396800e-04;        468
4.6177277430500e-04;       3064
4.6179107624600e-04;       3064
4.6181106866500e-04;        420
4.6182937666500e-04;        420
4.6184937704800e-04;       3016
4.6186767913000e-04;       3016
4.6188767147800e-04;       5612
4.6190598051700e-04;       5612
4.6192597281900e-04;       2968
4.6194594637400e-04;       2968
4.6196428155300e-04;      -1992
4.6198424887900e-04;      -1992
4.6200257580800e-04;       2920
4.6202254926000e-04;       2920
4.6204088440300e-04;      -2040
4.6206085171000e-04;      -2040
4.6207917903200e-04;        556
4.6209915323400e-04;        556
4.6211748025800e-04;      -2088
4.6213745352800e-04;      -2088
4.6215745382000e-04;        508
4.6217575587600e-04;        508
4.6219574830800e-04;      -2136
4.6221405609500e-04;      -2136
4.6223405672100e-04;        460
4.6225235765600e-04;        460
4.6227235788700e-04;       3056
4.6229066011100e-04;       3056
4.6231065253600e-04;        412
4.6233062595000e-04;        412
4.6234896119400e-04;       3008
4.6236892856200e-04;       3008
4.6238725553800e-04;       5604
4.6240722972700e-04;       5604
4.6242555698700e-04;       2960
4.6244553022700e-04;       2960
4.6246386512900e-04;       5556
4.6248383240000e-04;       5556
4.6250215954300e-04;       2912
4.6252213259300e-04;       2912
4.6254213289700e-04;       5508
4.6256043508300e-04;       5508
4.6258042757100e-04;        548
4.6259873669200e-04;        548
4.6261872900700e-04;       5460
4.6263703707800e-04;       5460
4.6265703743100e-04;        500
4.6267533940300e-04;        500
4.6269533192800e-04;      -2144
4.6271530500000e-04;      -2144
4.6273364011800e-04;        452
4.6275360653400e-04;        452
4.6277194158900e-04;       3048
4.6279190904200e-04;       3048
4.6281023619200e-04;        404
4.6283020959700e-04;        404
4.6284854467900e-04;       3000
4.6286851236200e-04;       3000
4.6288683951300e-04;       5596
4.6290681374100e-04;       5596
4.6292514077100e-04;       2952
4.6294511412600e-04;       2952
4.6296511429000e-04;      -2008
4.6298341650700e-04;      -2008
4.6300340874900e-04;       2904
4.6302171674000e-04;       2904
4.6304171700600e-04;       5500
4.6306001905800e-04;       5500
4.6308001159700e-04;        540
4.6309832072900e-04;        540
4.6311831301900e-04;       5452
4.6313828641300e-04;       5452
4.6315662160500e-04;        492
4.6317658908200e-04;        492
4.6319491619100e-04;      -2152
4.6321488942800e-04;      -2152
4.6323322472200e-04;        444
4.6325319112200e-04;        444
4.6327152631500e-04;       3040
4.6329149376800e-04;       3040
4.6330982108500e-04;        396
4.6332979433200e-04;        396
4.6334979450600e-04;       2992
4.6336809623300e-04;       2992
4.6338808873200e-04;       5588
4.6340639767000e-04;       5588
4.6342638976400e-04;       2944
4.6344469785200e-04;       2944
4.6346469830300e-04;       5540
4.6348300017400e-04;       5540
4.6350299250800e-04;       2896
4.6352296595000e-04;       2896
4.6354130081500e-04;       5492
4.6356126810700e-04;       5492
4.6357959537900e-04;        532
4.6359956980600e-04;        532
4.6361789704300e-04;       5444
4.6363787045200e-04;       5444
4.6365620538200e-04;        484
4.6367617285800e-04;        484
4.6369449989400e-04;      -2160
4.6371447299200e-04;      -2160
4.6373447333400e-04;        436
4.6375277449300e-04;        436
4.6377277464300e-04;       3032
4.6379107678800e-04;       3032
4.6381106928000e-04;        388
4.6382937735100e-04;        388
4.6384937783700e-04;       2984
4.6386767999300e-04;       2984
4.6388767234600e-04;       5580
4.6390598143900e-04;       5580
4.6392597360000e-04;       2936
4.6394594692600e-04;       2936
4.6396428194900e-04;       5532
4.6398424938400e-04;       5532
4.6400257638600e-04;       2888
4.6402254965800e-04;       2888
4.6404088455500e-04;       5484
4.6406085184000e-04;       5484
4.6407917906000e-04;        524
4.6409915331100e-04;        524
4.6411748050200e-04;      -2120
4.6413745379800e-04;      -2120
4.6415745401600e-04;        476
4.6417575606600e-04;        476
4.6419574844000e-04;      -2168
4.6421405664900e-04;      -2168
4.6423405672500e-04;        428
4.6425235775900e-04;        428
4.6427235794100e-04;       3024
4.6429065999100e-04;       3024
4.6431065234700e-04;        380
4.6433062563200e-04;        380
4.6434896075400e-04;       2976
4.6436892814500e-04;       2976
4.6438725539100e-04;       5572
4.6440722974900e-04;       5572
4.6442555677200e-04;       2928
4.6444553022200e-04;       2928
4.6446386539000e-04;       5524
4.6448383271700e-04;       5524
4.6450215968700e-04;       2880
4.6452213287200e-04;       2880
4.6454213344400e-04;       5476
4.6456043554700e-04;       5476
4.6458042796700e-04;        516
4.6459873682100e-04;        516
4.6461872923700e-04;      -2128
4.6463703742500e-04;      -2128
4.6465703781500e-04;        468
4.6467533982800e-04;        468
4.6469533207100e-04;      -2176
4.6471530550200e-04;      -2176
4.6473364062600e-04;        420
4.6475360696000e-04;        420
4.6477194208400e-04;       3016
4.6479190952000e-04;       3016
4.6481023663900e-04;        372
4.6483020997200e-04;        372
4.6484854491500e-04;       2968
4.6486851236300e-04;       2968
4.6488683927900e-04;       5564
4.6490681356900e-04;       5564
4.6492514050400e-04;       2920
4.6494511383800e-04;       2920
4.6496511444700e-04;      -2040
4.6498341653400e-04;      -2040
4.6500340891400e-04;       2872
4.6502171693400e-04;       2872
4.6504171727800e-04;       5468
4.6506001946000e-04;       5468
4.6508001178900e-04;        508
4.6509832090600e-04;        508
4.6511831313700e-04;      -2136
4.6513828623400e-04;      -2136
4.6515662134000e-04;        460
4.6517658883900e-04;        460
4.6519491579800e-04;      -2184
4.6521488913300e-04;      -2184
4.6523322426800e-04;        412
4.6525319057400e-04;        412
4.6527152547200e-04;       3008
4.6529149304700e-04;       3008
4.6530982008700e-04;        364
4.6532979332900e-04;        364
4.6534979364800e-04;       2960
4.6536809576200e-04;       2960
4.6538808806800e-04;       5556
4.6540639697800e-04;       5556
4.6542638935200e-04;       2912
4.6544469749700e-04;       2912
4.6546469785200e-04;       5508
4.6548299986900e-04;       5508
4.6550299219600e-04;       2864
4.6552296550300e-04;       2864
4.6554130061400e-04;       5460
4.6556126818400e-04;       5460
4.6557959501300e-04;        500
4.6559956953600e-04;        500
4.6561789667000e-04;       5412
4.6563787022500e-04;       5412
4.6565620539700e-04;        452
4.6567617247100e-04;        452
4.6569449955900e-04;      -2192
4.6571447279500e-04;      -2192
4.6573447315100e-04;        404
4.6575277424100e-04;        404
4.6577277471300e-04;       3000
4.6579107678200e-04;       3000
4.6581106919500e-04;        356
4.6582937710800e-04;        356
4.6584937732000e-04;       2952
4.6586767928200e-04;       2952
4.6588767158400e-04;       5548
4.6590598069200e-04;       5548
4.6592597321300e-04;       2904
4.6594594656800e-04;       2904
4.6596428156400e-04;       5500
4.6598424898500e-04;       5500
4.6600257608200e-04;       2856
4.6602254945000e-04;       2856
4.6604088450100e-04;       5452
4.6606085194700e-04;       5452
4.6607917914600e-04;        492
4.6609915348600e-04;        492
4.6611748061400e-04;       5404
4.6613745398800e-04;       5404
4.6615745445100e-04;        444
4.6617575656100e-04;        444
4.6619574871400e-04;      -2200
4.6621405690600e-04;      -2200
4.6623405713700e-04;        396
4.6625235822700e-04;        396
4.6627235845600e-04;       2992
4.6629066071500e-04;       2992
4.6631065296700e-04;        348
4.6633062635100e-04;        348
4.6634896120500e-04;       2944
4.6636892869600e-04;       2944
4.6638725570100e-04;       5540
4.6640723017000e-04;       5540
4.6642555731300e-04;       2896
4.6644553069100e-04;       2896
4.6646386576200e-04;       5492
4.6648383306900e-04;       5492
4.6650215997800e-04;       2848
4.6652213321800e-04;       2848
4.6654213364600e-04;       5444
4.6656043576500e-04;       5444
4.6658042824000e-04;        484
4.6659873710200e-04;        484
4.6661872959300e-04;       5396
4.6663703760600e-04;       5396
4.6665703786900e-04;        436
4.6667534001100e-04;        436
4.6669533246300e-04;      -2208
4.6671530581700e-04;      -2208
4.6673364079400e-04;        388
4.6675360718200e-04;        388
4.6677194233300e-04;       2984
4.6679190969600e-04;       2984
4.6681023682300e-04;        340
4.6683021028200e-04;        340
4.6684854537600e-04;       2936
4.6686851293300e-04;       2936
4.6688683977200e-04;       5532
4.6690681408500e-04;       5532
4.6692514120200e-04;       2888
4.6694511465600e-04;       2888
4.6696511483700e-04;       5484
4.6698341677700e-04;       5484
4.6700340917000e-04;       2840
4.6702171717100e-04;       2840
4.6704171761500e-04;       5436
4.6706001960400e-04;       5436
4.6708001189400e-04;        476
4.6709832092900e-04;        476
4.6711831338000e-04;       5388
4.6713828663400e-04;       5388
4.6715662160600e-04;        428
4.6717658892000e-04;        428
4.6719491597300e-04;      -2216
4.6721488921400e-04;      -2216
4.6723322421900e-04;        380
4.6725319063800e-04;        380
4.6727152563100e-04;       2976
4.6729149316400e-04;       2976
4.6730982017700e-04;        332
4.6732979338000e-04;        332
4.6734979372900e-04;       2928
4.6736809573700e-04;       2928
4.6738808811400e-04;       5524
4.6740639715300e-04;       5524
4.6742638945300e-04;       2880
4.6744469751200e-04;       2880
4.6746469775600e-04;       5476
4.6748299985300e-04;       5476
4.6750299201000e-04;       2832
4.6752296541600e-04;       2832
4.6754130043600e-04;      -2128
4.6756126794800e-04;      -2128
4.6757959503500e-04;        468
4.6759956929600e-04;        468
4.6761789631200e-04;       5380
4.6763786976700e-04;       5380
4.6765620491000e-04;        420
4.6767617244100e-04;        420
4.6769449954900e-04;      -2224
4.6771447275600e-04;      -2224
4.6773447302000e-04;        372
4.6775277409500e-04;        372
4.6777277443100e-04;       2968
4.6779107659100e-04;       2968
4.6781106892900e-04;        324
4.6782937697200e-04;        324
4.6784937741100e-04;       2920
4.6786767946900e-04;       2920
4.6788767154800e-04;       5516
4.6790598078700e-04;       5516
4.6792597313000e-04;       2872
4.6794594640400e-04;       2872
4.6796428146700e-04;       5468
4.6798424887000e-04;       5468
4.6800257594900e-04;       2824
4.6802254911700e-04;       2824
4.6804088423900e-04;      -2136
4.6806085141800e-04;      -2136
4.6807917858400e-04;        460
4.6809915285800e-04;        460
4.6811748002800e-04;      -2184
4.6813745341300e-04;      -2184
4.6815745375800e-04;        412
4.6817575563200e-04;        412
4.6819574798000e-04;      -2232
4.6821405615600e-04;      -2232
4.6823405658800e-04;        364
4.6825235764300e-04;        364
4.6827235796400e-04;       2960
4.6829066019300e-04;       2960
4.6831065252900e-04;        316
4.6833062601200e-04;        316
4.6834896095600e-04;       2912
4.6836892827500e-04;       2912
4.6838725524300e-04;       5508
4.6840722962500e-04;       5508
4.6842555673100e-04;       2864
4.6844553010300e-04;       2864
4.6846386504500e-04;       5460
4.6848383242300e-04;       5460
4.6850215958900e-04;       2816
4.6852213295400e-04;       2816
4.6854213322100e-04;       5412
4.6856043523500e-04;       5412
4.6858042777900e-04;        452
4.6859873687000e-04;        452
4.6861872911400e-04;      -2192
4.6863703718000e-04;      -2192
4.6865703743000e-04;        404
4.6867533957000e-04;        404
4.6869533186900e-04;      -2240
4.6871530494500e-04;      -2240
4.6873364016500e-04;        356
4.6875360635400e-04;        356
4.6877194148300e-04;       2952
4.6879190880600e-04;       2952
4.6881023579400e-04;        308
4.6883020916200e-04;        308
4.6884854390000e-04;       2904
4.6886851132300e-04;       2904
4.6888683841600e-04;       5500
4.6890681284500e-04;       5500
4.6892513961500e-04;       2856
4.6894511294400e-04;       2856
4.6896511320800e-04;      -2104
4.6898341518700e-04;      -2104
4.6900340749300e-04;       2808
4.6902171557400e-04;       2808
4.6904171599200e-04;       5404
4.6906001813500e-04;       5404
4.6908001054500e-04;        444
4.6909831961800e-04;        444
4.6911831214400e-04;      -2200
4.6913828552700e-04;      -2200
4.6915662055500e-04;        396
4.6917658777400e-04;        396
4.6919491482100e-04;      -2248
4.6921488809000e-04;      -2248
4.6923322326400e-04;        348
4.6925318970500e-04;        348
4.6927152467800e-04;       2944
4.6929149214600e-04;       2944
4.6930981927100e-04;        300
4.6932979268100e-04;        300
4.6934979303500e-04;       2896
4.6936809485600e-04;       2896
4.6938808711800e-04;       5492
4.6940639619900e-04;       5492
4.6942638854600e-04;       2848
4.6944469662300e-04;       2848
4.6946469699800e-04;      -2112
4.6948299904000e-04;      -2112
4.6950299142100e-04;       2800
4.6952296481200e-04;       2800
4.6954129993600e-04;      -2160
4.6956126711000e-04;      -2160
4.6957959422900e-04;        436
4.6959956873100e-04;        436
4.6961789565200e-04;      -2208
4.6963786880500e-04;      -2208
4.6965620388900e-04;        388
4.6967617112200e-04;        388
4.6969449814900e-04;      -2256
4.6971447166200e-04;      -2256
4.6973447207200e-04;        340
4.6975277315600e-04;        340
4.6977277368800e-04;       2936
4.6979107579200e-04;       2936
4.6981106809700e-04;        292
4.6982937620400e-04;        292
4.6984937648800e-04;       2888
4.6986767846800e-04;       2888
4.6988767077800e-04;       5484
4.6990598000900e-04;       5484
4.6992597221400e-04;       2840
4.6994594579100e-04;       2840
4.6996428086100e-04;      -2120
4.6998424804600e-04;      -2120
4.7000257527100e-04;       2792
4.7002254870000e-04;       2792
4.7004088392900e-04;      -2168
4.7006085112700e-04;      -2168
4.7007917826000e-04;        428
4.7009915270400e-04;        428
4.7011747974100e-04;       5340
4.7013745319000e-04;       5340
4.7015745329600e-04;        380
4.7017575509300e-04;        380
4.7019574746000e-04;      -2264
4.7021405558000e-04;      -2264
4.7023405606700e-04;        332
4.7025235691000e-04;        332
4.7027235706800e-04;       2928
4.7029065911100e-04;       2928
4.7031065146200e-04;        284
4.7033062475400e-04;        284
4.7034895998500e-04;       2880
4.7036892747500e-04;       2880
4.7038725455200e-04;       5476
4.7040722899100e-04;       5476
4.7042555606900e-04;       2832
4.7044552953600e-04;       2832
4.7046386456600e-04;       5428
4.7048383196000e-04;       5428
4.7050215898900e-04;       2784
4.7052213255300e-04;       2784
4.7054213283100e-04;      -2176
4.7056043465900e-04;      -2176
4.7058042714000e-04;        420
4.7059873630600e-04;        420
4.7061872871900e-04;      -2224
4.7063703673700e-04;      -2224
4.7065703715100e-04;        372
4.7067533900100e-04;        372
4.7069533132900e-04;      -2272
4.7071530464600e-04;      -2272
4.7073363974100e-04;        324
4.7075360584600e-04;        324
4.7077194109700e-04;       2920
4.7079190847600e-04;       2920
4.7081023570400e-04;        276
4.7083020877400e-04;        276
4.7084854370500e-04;       2872
4.7086851118200e-04;       2872
4.7088683820800e-04;       5468
4.7090681258200e-04;       5468
4.7092513969200e-04;       2824
4.7094511332700e-04;       2824
4.7096511358200e-04;      -2136
4.7098341571100e-04;      -2136
4.7100340821600e-04;       2776
4.7102171625900e-04;       2776
4.7104171665000e-04;       5372
4.7106001876100e-04;       5372
4.7108001110800e-04;        412
4.7109832000800e-04;        412
4.7111831227500e-04;       5324
4.7113828563300e-04;       5324
4.7115662078100e-04;        364
4.7117658811200e-04;        364
4.7119491518400e-04;      -2280
4.7121488845000e-04;      -2280
4.7123322341100e-04;        316
4.7125318974300e-04;        316
4.7127152465000e-04;       2912
4.7129149216400e-04;       2912
4.7130981918900e-04;        268
4.7132979257800e-04;        268
4.7134979301100e-04;       2864
4.7136809507800e-04;       2864
4.7138808748900e-04;       5460
4.7140639658700e-04;       5460
4.7142638903700e-04;       2816
4.7144469718800e-04;       2816
4.7146469753100e-04;      -2144
4.7148299962100e-04;      -2144
4.7150299204400e-04;       2768
4.7152296550800e-04;       2768
4.7154130069500e-04;       5364
4.7156126796100e-04;       5364
4.7157959508500e-04;        404
4.7159956928500e-04;        404
4.7161789642100e-04;       5316
4.7163786983000e-04;       5316
4.7165620486400e-04;        356
4.7167617201900e-04;        356
4.7169449901700e-04;      -2288
4.7171447239800e-04;      -2288
4.7173447274700e-04;        308
4.7175277375500e-04;        308
4.7177277415300e-04;       2904
4.7179107634100e-04;       2904
4.7181106842400e-04;        260
4.7182937661600e-04;        260
4.7184937665900e-04;       2856
4.7186767871000e-04;       2856
4.7188767102900e-04;       5452
4.7190598011700e-04;       5452
4.7192597250400e-04;       2808
4.7194594608100e-04;       2808
4.7196428118500e-04;       5404
4.7198424851000e-04;       5404
4.7200257565000e-04;       2760
4.7202254890600e-04;       2760
4.7204088390700e-04;      -2200
4.7206085119600e-04;      -2200
4.7207917813600e-04;        396
4.7209915259000e-04;        396
4.7211747959600e-04;       5308
4.7213745281000e-04;       5308
4.7215745294900e-04;        348
4.7217575531600e-04;        348
4.7219574763800e-04;      -2296
4.7221405577200e-04;      -2296
4.7223405598900e-04;        300
4.7225235708900e-04;        300
4.7227235716700e-04;       2896
4.7229065905800e-04;       2896
4.7231065145800e-04;        252
4.7233062492700e-04;        252
4.7234895996700e-04;       2848
4.7236892729600e-04;       2848
4.7238725446600e-04;       5444
4.7240722867100e-04;       5444
4.7242555581500e-04;       2800
4.7244552919900e-04;       2800
4.7246386421300e-04;      -2160
4.7248383145400e-04;      -2160
4.7250215858500e-04;       2752
4.7252213202500e-04;       2752
4.7254213225300e-04;      -2208
4.7256043423500e-04;      -2208
4.7258042633100e-04;        388
4.7259873534700e-04;        388
4.7261872777200e-04;      -2256
4.7263703584800e-04;      -2256
4.7265703634200e-04;        340
4.7267533841800e-04;        340
4.7269533079700e-04;      -2304
4.7271530410800e-04;      -2304
4.7273363930600e-04;        292
4.7275360558000e-04;        292
4.7277194069100e-04;       2888
4.7279190795500e-04;       2888
4.7281023495300e-04;        244
4.7283020828900e-04;        244
4.7284854355900e-04;       2840
4.7286851077600e-04;       2840
4.7288683771000e-04;       5436
4.7290681209200e-04;       5436
4.7292513935900e-04;       2792
4.7294511276000e-04;       2792
4.7296511313900e-04;      -2168
4.7298341500400e-04;      -2168
4.7300340732700e-04;       2744
4.7302171519600e-04;       2744
4.7304171569500e-04;      -2216
4.7306001783300e-04;      -2216
4.7308001009600e-04;        380
4.7309831923200e-04;        380
4.7311831160400e-04;      -2264
4.7313828501800e-04;      -2264
4.7315662000800e-04;        332
4.7317658719100e-04;        332
4.7319491440600e-04;      -2312
4.7321488773300e-04;      -2312
4.7323322285400e-04;        284
4.7325318926600e-04;        284
4.7327152421300e-04;       2880
4.7329149166600e-04;       2880
4.7330981885400e-04;        236
4.7332979215800e-04;        236
4.7334979206000e-04;       2832
4.7336809393700e-04;       2832
4.7338808641800e-04;       5428
4.7340639535500e-04;       5428
4.7342638781000e-04;       2784
4.7344469593500e-04;       2784
4.7346469626400e-04;      -2176
4.7348299862700e-04;      -2176
4.7350299099000e-04;       2736
4.7352296459600e-04;       2736
4.7354129950500e-04;      -2224
4.7356126685100e-04;      -2224
4.7357959395600e-04;        372
4.7359956815400e-04;        372
4.7361789533700e-04;      -2272
4.7363786861100e-04;      -2272
4.7365620383800e-04;        324
4.7367617138100e-04;        324
4.7369449847500e-04;      -2320
4.7371447173600e-04;      -2320
4.7373447223100e-04;        276
4.7375277328800e-04;        276
4.7377277356200e-04;       2872
4.7379107568200e-04;       2872
4.7381106781600e-04;        228
4.7382937604600e-04;        228
4.7384937651000e-04;       2824
4.7386767831200e-04;       2824
4.7388767068600e-04;       5420
4.7390597955800e-04;       5420
4.7392597197000e-04;       2776
4.7394594513700e-04;       2776
4.7396428000000e-04;      -2184
4.7398424727100e-04;      -2184
4.7400257404300e-04;       2728
4.7402254724700e-04;       2728
4.7404088230600e-04;      -2232
4.7406084972000e-04;      -2232
4.7407917696500e-04;        364
4.7409915141200e-04;        364
4.7411747841400e-04;      -2280
4.7413745171800e-04;      -2280
4.7415745207400e-04;        316
4.7417575412100e-04;        316
4.7419574621800e-04;      -2328
4.7421405412800e-04;      -2328
4.7423405465500e-04;        268
4.7425235580700e-04;        268
4.7427235614300e-04;       2864
4.7429065822400e-04;       2864
4.7431065058700e-04;        220
4.7433062402700e-04;        220
4.7434895892000e-04;       2816
4.7436892600500e-04;       2816
4.7438725328500e-04;       5412
4.7440722761600e-04;       5412
4.7442555474000e-04;       2768
4.7444552812900e-04;       2768
4.7446386308100e-04;      -2192
4.7448383068900e-04;      -2192
4.7450215753100e-04;       2720
4.7452213076500e-04;       2720
4.7454213095500e-04;      -2240
4.7456043288400e-04;      -2240
4.7458042532600e-04;        356
4.7459873442000e-04;        356
4.7461872672200e-04;      -2288
4.7463703477800e-04;      -2288
4.7465703545400e-04;        308
4.7467533752600e-04;        308
4.7469533001600e-04;      -2336
4.7471530341000e-04;      -2336
4.7473363858700e-04;        260
4.7475360507100e-04;        260
4.7477194019000e-04;       2856
4.7479190774600e-04;       2856
4.7481023487600e-04;        212
4.7483020834800e-04;        212
4.7484854312700e-04;       2808
4.7486851066100e-04;       2808
4.7488683777500e-04;       5404
4.7490681180000e-04;       5404
4.7492513872400e-04;       2760
4.7494511209100e-04;       2760
4.7496511236500e-04;      -2200
4.7498341433700e-04;      -2200
4.7500340651100e-04;       2712
4.7502171465200e-04;       2712
4.7504171440900e-04;      -2248
4.7506001671600e-04;      -2248
4.7508000900600e-04;        348
4.7509831811400e-04;        348
4.7511831030200e-04;      -2296
4.7513828370800e-04;      -2296
4.7515661868300e-04;        300
4.7517658595600e-04;        300
4.7519491315100e-04;      -2344
4.7521488648900e-04;      -2344
4.7523322157100e-04;        252
4.7525318781500e-04;        252
4.7527152300500e-04;       2848
4.7529149026500e-04;       2848
4.7530981713500e-04;        204
4.7532979045000e-04;        204
4.7534979090100e-04;       2800
4.7536809296700e-04;       2800
4.7538808538400e-04;       5396
4.7540639456900e-04;       5396
4.7542638689500e-04;       2752
4.7544469525100e-04;       2752
4.7546469540800e-04;      -2208
4.7548299751700e-04;      -2208
4.7550298975500e-04;       2704
4.7552296304300e-04;       2704
4.7554129814600e-04;      -2256
4.7556126541700e-04;      -2256
4.7557959247100e-04;        340
4.7559956683000e-04;        340
4.7561789341000e-04;      -2304
4.7563786687500e-04;      -2304
4.7565620191400e-04;        292
4.7567616930500e-04;        292
4.7569449614300e-04;      -2352
4.7571446965800e-04;      -2352
4.7573446999500e-04;        244
4.7575277088800e-04;        244
4.7577277143300e-04;       2840
4.7579107354000e-04;       2840
4.7581106582000e-04;        196
4.7582937416400e-04;        196
4.7584937443200e-04;       2792
4.7586767656700e-04;       2792
4.7588766901600e-04;       5388
4.7590597805400e-04;       5388
4.7592597063200e-04;       2744
4.7594594388200e-04;       2744
4.7596427892300e-04;      -2216
4.7598424634800e-04;      -2216
4.7600257357700e-04;       2696
4.7602254697300e-04;       2696
4.7604088193900e-04;      -2264
4.7606084936300e-04;      -2264
4.7607917635200e-04;        332
4.7609915084000e-04;        332
4.7611747775800e-04;      -2312
4.7613745100700e-04;      -2312
4.7615745123000e-04;        284
4.7617575334300e-04;        284
4.7619574574500e-04;      -2360
4.7621405389800e-04;      -2360
4.7623405416200e-04;        236
4.7625235506200e-04;        236
4.7627235529200e-04;       2832
4.7629065736200e-04;       2832
4.7631064979700e-04;        188
4.7633062307400e-04;        188
4.7634895840900e-04;       2784
4.7636892570900e-04;       2784
4.7638725300700e-04;       5380
4.7640722723500e-04;       5380
4.7642555419700e-04;      -4820
4.7644552762300e-04;      -4820
4.7646386271700e-04;      -2224
4.7648383017900e-04;      -2224
4.7650215729700e-04;       2688
4.7652213088600e-04;       2688
4.7654213140400e-04;      -2272
4.7656043352600e-04;      -2272
4.7658042594500e-04;        324
4.7659873519200e-04;        324
4.7661872750800e-04;      -2320
4.7663703556600e-04;      -2320
4.7665703569000e-04;        276
4.7667533778200e-04;        276
4.7669533017700e-04;      -2368
4.7671530362400e-04;      -2368
4.7673363863300e-04;        228
4.7675360483600e-04;        228
4.7677194002500e-04;       2824
4.7679190737500e-04;       2824
4.7681023430000e-04;        180
4.7683020773200e-04;        180
4.7684854271900e-04;       2776
4.7686851016500e-04;       2776
4.7688683718800e-04;       5372
4.7690681133300e-04;       5372
4.7692513867900e-04;       2728
4.7694511214900e-04;       2728
4.7696511235300e-04;      -2232
4.7698341430700e-04;      -2232
4.7700340693500e-04;       2680
4.7702171486300e-04;       2680
4.7704171521200e-04;      -2280
4.7706001737200e-04;      -2280
4.7708000962600e-04;        316
4.7709831859900e-04;        316
4.7711831111200e-04;      -2328
4.7713828446800e-04;      -2328
4.7715661959700e-04;        268
4.7717658668700e-04;        268
4.7719491375200e-04;      -2376
4.7721488720300e-04;      -2376
4.7723322234400e-04;        220
4.7725318852600e-04;        220
4.7727152387400e-04;       2816
4.7729149110900e-04;       2816
4.7730981808300e-04;        172
4.7732979131200e-04;        172
4.7734979180400e-04;       2768
4.7736809383100e-04;       2768
4.7738808632800e-04;       5364
4.7740639553300e-04;       5364
4.7742638798700e-04;       2720
4.7744469622600e-04;       2720
4.7746469617100e-04;      -2240
4.7748299836400e-04;      -2240
4.7750299085100e-04;       2672
4.7752296394900e-04;       2672
4.7754129906900e-04;      -2288
4.7756126628700e-04;      -2288
4.7757959368200e-04;        308
4.7759956819300e-04;        308
4.7761789505000e-04;      -2336
4.7763786844500e-04;      -2336
4.7765620363900e-04;        260
4.7767617102400e-04;        260
4.7769449822100e-04;      -2384
4.7771447155900e-04;      -2384
4.7773447195200e-04;        212
4.7775277315600e-04;        212
4.7777277364500e-04;       2808
4.7779107575500e-04;       2808
4.7781106801100e-04;        164
4.7782937607700e-04;        164
4.7784937657300e-04;       2760
4.7786767863100e-04;       2760
4.7788767100100e-04;       5356
4.7790598001700e-04;       5356
4.7792597247500e-04;       2712
4.7794594574800e-04;       2712
4.7796428094800e-04;      -2248
4.7798424841200e-04;      -2248
4.7800257549400e-04;       2664
4.7802254883000e-04;       2664
4.7804088383200e-04;       5260
4.7806085098500e-04;       5260
4.7807917817200e-04;        300
4.7809915253600e-04;        300
4.7811747945200e-04;       5212
4.7813745281000e-04;       5212
4.7815745326400e-04;        252
4.7817575527400e-04;        252
4.7819574743900e-04;      -2392
4.7821405541100e-04;      -2392
4.7823405575400e-04;        204
4.7825235685600e-04;        204
4.7827235733200e-04;       2800
4.7829065943700e-04;       2800
4.7831065201600e-04;        156
4.7833062526900e-04;        156
4.7834896036500e-04;       2752
4.7836892771600e-04;       2752
4.7838725486800e-04;       5348
4.7840722913900e-04;       5348
4.7842555621600e-04;       2704
4.7844552971600e-04;       2704
4.7846386479400e-04;       5300
4.7848383190500e-04;       5300
4.7850215890300e-04;       2656
4.7852213245700e-04;       2656
4.7854213276100e-04;      -2304
4.7856043492800e-04;      -2304
4.7858042696400e-04;        292
4.7859873579900e-04;        292
4.7861872821100e-04;       5204
4.7863703624100e-04;       5204
4.7865703644800e-04;        244
4.7867533859700e-04;        244
4.7869533080300e-04;      -2400
4.7871530424000e-04;      -2400
4.7873363941200e-04;        196
4.7875360570400e-04;        196
4.7877194072400e-04;       2792
4.7879190803500e-04;       2792
4.7881023510900e-04;        148
4.7883020865000e-04;        148
4.7884854351100e-04;       2744
4.7886851101700e-04;       2744
4.7888683801900e-04;       5340
4.7890681247200e-04;       5340
4.7892513950900e-04;       2696
4.7894511289400e-04;       2696
4.7896511323400e-04;      -2264
4.7898341545500e-04;      -2264
4.7900340780100e-04;       2648
4.7902171585600e-04;       2648
4.7904171630400e-04;      -2312
4.7906001834500e-04;      -2312
4.7908001080200e-04;        284
4.7909831983200e-04;        284
4.7911831221200e-04;      -2360
4.7913828546200e-04;      -2360
4.7915662056600e-04;        236
4.7917658796400e-04;        236
4.7919491479700e-04;      -2408
4.7921488834000e-04;      -2408
4.7923322349900e-04;        188
4.7925318998700e-04;        188
4.7927152494900e-04;       2784
4.7929149228700e-04;       2784
4.7930981937000e-04;        140
4.7932979279500e-04;        140
4.7934979313400e-04;       2736
4.7936809540100e-04;       2736
4.7938808764300e-04;       5332
4.7940639688300e-04;       5332
4.7942638936800e-04;       2688
4.7944469721500e-04;       2688
4.7946469729300e-04;       5284
4.7948299931300e-04;       5284
4.7950299167400e-04;       2640
4.7952296507200e-04;       2640
4.7954130022400e-04;      -2320
4.7956126763100e-04;      -2320
4.7957959479400e-04;        276
4.7959956895500e-04;        276
4.7961789625700e-04;       5188
4.7963786958300e-04;       5188
4.7965620471900e-04;        228
4.7967617203900e-04;        228
4.7969449918900e-04;      -2416
4.7971447266400e-04;      -2416
4.7973447311900e-04;        180
4.7975277407400e-04;        180
4.7977277457000e-04;       2776
4.7979107684900e-04;       2776
4.7981106901400e-04;        132
4.7982937708500e-04;        132
4.7984937747400e-04;       2728
4.7986767952300e-04;       2728
4.7988767184200e-04;       5324
4.7990598106900e-04;       5324
4.7992597345500e-04;       2680
4.7994594677900e-04;       2680
4.7996428183000e-04;       5276
4.7998424901000e-04;       5276
4.8000257609500e-04;       2632
4.8002254956800e-04;       2632
4.8004088465100e-04;       5228
4.8006085199200e-04;       5228
4.8007917904500e-04;        268
4.8009915327900e-04;        268
4.8011748026400e-04;      -2376
4.8013745369400e-04;      -2376
4.8015745367600e-04;        220
4.8017575585600e-04;        220
4.8019574818800e-04;      -2424
4.8021405623700e-04;      -2424
4.8023405665300e-04;        172
4.8025235767700e-04;        172
4.8027235799400e-04;       2768
4.8029066016200e-04;       2768
4.8031065263300e-04;        124
4.8033062584900e-04;        124
4.8034896099500e-04;       2720
4.8036892852700e-04;       2720
4.8038725549800e-04;       5316
4.8040722958400e-04;       5316
4.8042555678200e-04;       2672
4.8044553015500e-04;       2672
4.8046386525900e-04;       5268
4.8048383270500e-04;       5268
4.8050215965100e-04;       2624
4.8052213305700e-04;       2624
4.8054213350500e-04;       5220
4.8056043556800e-04;       5220
4.8058042807400e-04;        260
4.8059873713600e-04;        260
4.8061872943100e-04;      -2384
4.8063703744200e-04;      -2384
4.8065703791100e-04;        212
4.8067533991100e-04;        212
4.8069533230600e-04;      -2432
4.8071530554600e-04;      -2432
4.8073364066900e-04;        164
4.8075360705400e-04;        164
4.8077194211400e-04;       2760
4.8079190953900e-04;       2760
4.8081023668500e-04;        116
4.8083020984200e-04;        116
4.8084854485900e-04;       2712
4.8086851236700e-04;       2712
4.8088683941200e-04;       5308
4.8090681381900e-04;       5308
4.8092514094100e-04;       2664
4.8094511439100e-04;       2664
4.8096511470100e-04;      -2296
4.8098341686700e-04;      -2296
4.8100340922200e-04;       2616
4.8102171724600e-04;       2616
4.8104171749300e-04;       5212
4.8106001963300e-04;       5212
4.8108001198300e-04;        252
4.8109832102100e-04;        252
4.8111831337700e-04;       5164
4.8113828639300e-04;       5164
4.8115662153800e-04;        204
4.8117658890200e-04;        204
4.8119491603600e-04;      -2440
4.8121488930600e-04;      -2440
4.8123322416100e-04;        156
4.8125319075000e-04;        156
4.8127152588500e-04;       2752
4.8129149326200e-04;       2752
4.8130982039700e-04;        108
4.8132979376200e-04;        108
4.8134979401300e-04;       2704
4.8136809618600e-04;       2704
4.8138808862800e-04;       5300
4.8140639756700e-04;       5300
4.8142639003000e-04;       2656
4.8144469793400e-04;       2656
4.8146469792700e-04;      -2304
4.8148300014600e-04;      -2304
4.8150299263200e-04;       2608
4.8152296602800e-04;       2608
4.8154130122500e-04;       5204
4.8156126850100e-04;       5204
4.8157959544200e-04;       7800
4.8159956978700e-04;       7800
4.8161789672000e-04;       5156
4.8163787029900e-04;       5156
4.8165620517900e-04;        196
4.8167617261700e-04;        196
4.8169449979200e-04;      -2448
4.8171447324400e-04;      -2448
4.8173447364500e-04;        148
4.8175277472900e-04;        148
4.8177277516100e-04;       2744
4.8179107723900e-04;       2744
4.8181106960600e-04;        100
4.8182937781300e-04;        100
4.8184937814600e-04;       2696
4.8186768026100e-04;       2696
4.8188767263500e-04;       5292
4.8190598190500e-04;       5292
4.8192597426200e-04;       2648
4.8194594745400e-04;       2648
4.8196428247700e-04;       5244
4.8198424966600e-04;       5244
4.8200257654300e-04;       2600
4.8202254963100e-04;       2600
4.8204088478700e-04;       5196
4.8206085232000e-04;       5196
4.8207917945400e-04;        236
4.8209915366600e-04;        236
4.8211748083800e-04;       5148
4.8213745413100e-04;       5148
4.8215745472100e-04;        188
4.8217575653400e-04;        188
4.8219574898500e-04;      -2456
4.8221405720000e-04;      -2456
4.8223405741500e-04;        140
4.8225235849900e-04;        140
4.8227235885100e-04;       2736
4.8229066087100e-04;       2736
4.8231065324500e-04;         92
4.8233062646800e-04;         92
4.8234896159600e-04;       2688
4.8236892882800e-04;       2688
4.8238725603900e-04;       5284
4.8240723025200e-04;       5284
4.8242555730200e-04;       2640
4.8244553059200e-04;       2640
4.8246386581000e-04;      -2320
4.8248383318600e-04;      -2320
4.8250216030200e-04;       2592
4.8252213359300e-04;       2592
4.8254213402300e-04;       5188
4.8256043582500e-04;       5188
4.8258042812100e-04;        228
4.8259873715100e-04;        228
4.8261872948700e-04;       5140
4.8263703754400e-04;       5140
4.8265703789100e-04;        180
4.8267534005300e-04;        180
4.8269533260600e-04;      -2464
4.8271530580300e-04;      -2464
4.8273364091100e-04;        132
4.8275360717000e-04;        132
4.8277194240900e-04;       2728
4.8279190971400e-04;       2728
4.8281023681400e-04;         84
4.8283021007500e-04;         84
4.8284854530800e-04;       2680
4.8286851264600e-04;       2680
4.8288683976700e-04;       5276
4.8290681384400e-04;       5276
4.8292514106500e-04;       2632
4.8294511408000e-04;       2632
4.8296511453400e-04;      -2328
4.8298341651500e-04;      -2328
4.8300340884800e-04;       2584
4.8302171695200e-04;       2584
4.8304171731000e-04;       5180
4.8306001922900e-04;       5180
4.8308001162000e-04;        220
4.8309832055500e-04;        220
4.8311831282400e-04;      -2424
4.8313828620300e-04;      -2424
4.8315662108800e-04;        172
4.8317658851800e-04;        172
4.8319491543700e-04;      -2472
4.8321488867500e-04;      -2472
4.8323322362100e-04;        124
4.8325318972900e-04;        124
4.8327152475200e-04;       2720
4.8329149214600e-04;       2720
4.8330981924400e-04;         76
4.8332979259400e-04;         76
4.8334979306400e-04;       2672
4.8336809489100e-04;       2672
4.8338808712600e-04;       5268
4.8340639626400e-04;       5268
4.8342638868400e-04;       2624
4.8344469660000e-04;       2624
4.8346469719600e-04;      -2336
4.8348299939200e-04;      -2336
4.8350299180400e-04;       2576
4.8352296483900e-04;       2576
4.8354129988300e-04;      -2384
4.8356126705300e-04;      -2384
4.8357959423800e-04;        212
4.8359956846300e-04;        212
4.8361789540600e-04;       5124
4.8363786886800e-04;       5124
4.8365620387100e-04;        164
4.8367617097000e-04;        164
4.8369449823600e-04;      -2480
4.8371447158400e-04;      -2480
4.8373447182000e-04;        116
4.8375277283000e-04;        116
4.8377277316800e-04;       2712
4.8379107511300e-04;       2712
4.8381106766200e-04;         68
4.8382937564300e-04;         68
4.8384937594700e-04;       2664
4.8386767797700e-04;       2664
4.8388767025500e-04;       5260
4.8390597940900e-04;       5260
4.8392597184900e-04;       2616
4.8394594497100e-04;       2616
4.8396428027000e-04;      -2344
4.8398424733500e-04;      -2344
4.8400257459400e-04;       2568
4.8402254781300e-04;       2568
4.8404088288000e-04;       5164
4.8406085030200e-04;       5164
4.8407917746400e-04;        204
4.8409915191300e-04;        204
4.8411747913200e-04;      -2440
4.8413745233300e-04;      -2440
4.8415745263400e-04;        156
4.8417575475100e-04;        156
4.8419574714900e-04;      -2488
4.8421405513300e-04;      -2488
4.8423405544700e-04;        108
4.8425235670700e-04;        108
4.8427235701500e-04;       2704
4.8429065892000e-04;       2704
4.8431065140400e-04;         60
4.8433062485300e-04;         60
4.8434895978800e-04;       2656
4.8436892715400e-04;       2656
4.8438725431900e-04;       5252
4.8440722868600e-04;       5252
4.8442555562500e-04;       2608
4.8444552886700e-04;       2608
4.8446386401000e-04;       5204
4.8448383143500e-04;       5204
4.8450215863900e-04;       2560
4.8452213201300e-04;       2560
4.8454213243700e-04;       5156
4.8456043465600e-04;       5156
4.8458042705800e-04;        196
4.8459873586000e-04;        196
4.8461872819600e-04;       5108
4.8463703636500e-04;       5108
4.8465703649500e-04;        148
4.8467533847400e-04;        148
4.8469533082500e-04;      -2496
4.8471530417700e-04;      -2496
4.8473363942500e-04;        100
4.8475360593800e-04;        100
4.8477194118300e-04;       2696
4.8479190855500e-04;       2696
4.8481023552100e-04;         52
4.8483020870600e-04;         52
4.8484854398600e-04;       2648
4.8486851134900e-04;       2648
4.8488683821900e-04;       5244
4.8490681256700e-04;       5244
4.8492513973700e-04;       2600
4.8494511319000e-04;       2600
4.8496511377500e-04;      -2360
4.8498341582700e-04;      -2360
4.8500340834600e-04;       2552
4.8502171648700e-04;       2552
4.8504171696100e-04;      -2408
4.8506001894100e-04;      -2408
4.8508001137400e-04;        188
4.8509832043600e-04;        188
4.8511831289200e-04;      -2456
4.8513828610800e-04;      -2456
4.8515662114200e-04;        140
4.8517658846200e-04;        140
4.8519491562100e-04;      -2504
4.8521488904100e-04;      -2504
4.8523322404400e-04;         92
4.8525319057300e-04;         92
4.8527152583300e-04;       2688
4.8529149321200e-04;       2688
4.8530982002200e-04;         44
4.8532979332700e-04;         44
4.8534979352200e-04;       2640
4.8536809559100e-04;       2640
4.8538808794700e-04;       5236
4.8540639711300e-04;       5236
4.8542638966300e-04;       2592
4.8544469766100e-04;       2592
4.8546469802800e-04;      -2368
4.8548300022800e-04;      -2368
4.8550299259600e-04;       2544
4.8552296609100e-04;       2544
4.8554130120900e-04;       5140
4.8556126869800e-04;       5140
4.8557959578200e-04;        180
4.8559957021900e-04;        180
4.8561789725000e-04;      -2464
4.8563787061400e-04;      -2464
4.8565620578300e-04;        132
4.8567617309400e-04;        132
4.8569450011000e-04;      -2512
4.8571447328600e-04;      -2512
4.8573447363400e-04;         84
4.8575277488100e-04;         84
4.8577277546900e-04;       2680
4.8579107753000e-04;       2680
4.8581106968500e-04;         36
4.8582937790500e-04;         36
4.8584937844600e-04;       2632
4.8586768058100e-04;       2632
4.8588767298100e-04;       5228
4.8590598220600e-04;       5228
4.8592597451700e-04;       2584
4.8594594792200e-04;       2584
4.8596428324500e-04;       5180
4.8598425057000e-04;       5180
4.8600257771500e-04;       2536
4.8602255127100e-04;       2536
4.8604088638600e-04;       5132
4.8606085376500e-04;       5132
4.8607918061100e-04;       7728
4.8609915507600e-04;       7728
4.8611748218300e-04;       5084
4.8613745548600e-04;       5084
4.8615745587200e-04;        124
4.8617575771400e-04;        124
4.8619575029100e-04;       5036
4.8621405821300e-04;       5036
4.8623405873600e-04;         76
4.8625235969300e-04;         76
4.8627236016800e-04;       2672
4.8629066214500e-04;       2672
4.8631065439000e-04;         28
4.8633062785100e-04;         28
4.8634896289300e-04;       2624
4.8636893031200e-04;       2624
4.8638725724000e-04;       5220
4.8640723150200e-04;       5220
4.8642555862500e-04;       2576
4.8644553211800e-04;       2576
4.8646386715000e-04;       5172
4.8648383453800e-04;       5172
4.8650216153900e-04;       2528
4.8652213487100e-04;       2528
4.8654213519600e-04;       5124
4.8656043745700e-04;       5124
4.8658042961100e-04;       7720
4.8659873876600e-04;       7720
4.8661873128000e-04;       5076
4.8663703920600e-04;       5076
4.8665703946600e-04;        116
4.8667534167300e-04;        116
4.8669533400700e-04;      -2528
4.8671530749800e-04;      -2528
4.8673364265200e-04;         68
4.8675360901300e-04;         68
4.8677194364500e-04;       2664
4.8679191103200e-04;       2664
4.8681023824900e-04;         20
4.8683021152000e-04;         20
4.8684854661600e-04;       2616
4.8686851403300e-04;       2616
4.8688684082200e-04;       5212
4.8690681497000e-04;       5212
4.8692514218300e-04;       2568
4.8694511554800e-04;       2568
4.8696511569000e-04;       5164
4.8698341757600e-04;       5164
4.8700341002400e-04;       2520
4.8702171829300e-04;       2520
4.8704171872200e-04;      -2440
4.8706002071500e-04;      -2440
4.8708001306800e-04;        156
4.8709832221600e-04;        156
4.8711831458700e-04;       5068
4.8713828801900e-04;       5068
4.8715662303500e-04;        108
4.8717659019500e-04;        108
4.8719491725300e-04;      -2536
4.8721489067600e-04;      -2536
4.8723322571200e-04;         60
4.8725319189000e-04;         60
4.8727152715200e-04;       2656
4.8729149420700e-04;       2656
4.8730982134200e-04;         12
4.8732979448800e-04;         12
4.8734979500000e-04;       2608
4.8736809707000e-04;       2608
4.8738808928600e-04;       5204
4.8740639833700e-04;       5204
4.8742639050600e-04;       2560
4.8744469851800e-04;       2560
4.8746469883300e-04;       5156
4.8748300082500e-04;       5156
4.8750299324200e-04;       2512
4.8752296656100e-04;       2512
4.8754130159000e-04;       5108
4.8756126897000e-04;       5108
4.8757959612900e-04;       7704
4.8759957055400e-04;       7704
4.8761789766300e-04;      -2496
4.8763787086800e-04;      -2496
4.8765620597900e-04;        100
4.8767617319600e-04;        100
4.8769450044500e-04;      -2544
4.8771447371900e-04;      -2544
4.8773447424000e-04;         52
4.8775277528700e-04;         52
4.8777277556500e-04;       2648
4.8779107758000e-04;       2648
4.8781106995600e-04;          4
4.8782937824700e-04;          4
4.8784937844600e-04;       2600
4.8786768047400e-04;       2600
4.8788767287400e-04;       5196
4.8790598195200e-04;       5196
4.8792597441800e-04;       2552
4.8794594771500e-04;       2552
4.8796428274100e-04;       5148
4.8798425006900e-04;       5148
4.8800257714600e-04;       2504
4.8802255042500e-04;       2504
4.8804088526500e-04;       5100
4.8806085256600e-04;       5100
4.8807917954800e-04;       7696
4.8809915378900e-04;       7696
4.8811748054100e-04;       5052
4.8813745393800e-04;       5052
4.8815745422900e-04;         92
4.8817575636900e-04;         92
4.8819574870500e-04;      -2552
4.8821405671800e-04;      -2552
4.8823405703200e-04;         44
4.8825235802300e-04;         44
4.8827235844700e-04;       2640
4.8829066064200e-04;       2640
4.8831065310300e-04;         -4
4.8833062643700e-04;         -4
4.8834896147200e-04;       2592
4.8836892880400e-04;       2592
4.8838725588600e-04;       5188
4.8840723025800e-04;       5188
4.8842555734000e-04;       2544
4.8844553074100e-04;       2544
4.8846386570100e-04;       5140
4.8848383303800e-04;       5140
4.8850216029500e-04;       2496
4.8852213349000e-04;       2496
4.8854213387300e-04;      -2464
4.8856043591000e-04;      -2464
4.8858042835600e-04;        132
4.8859873748000e-04;        132
4.8861872992600e-04;       5044
4.8863703786200e-04;       5044
4.8865703832200e-04;         84
4.8867534046900e-04;         84
4.8869533271800e-04;      -2560
4.8871530603300e-04;      -2560
4.8873364100500e-04;         36
4.8875360714300e-04;         36
4.8877194233600e-04;       2632
4.8879190979500e-04;       2632
4.8881023700200e-04;        -12
4.8883021036100e-04;        -12
4.8884854544900e-04;       2584
4.8886851281500e-04;       2584
4.8888683976800e-04;       5180
4.8890681431100e-04;       5180
4.8892514136700e-04;       2536
4.8894511470600e-04;       2536
4.8896511517600e-04;      -2424
4.8898341720300e-04;      -2424
4.8900340959400e-04;       2488
4.8902171761000e-04;       2488
4.8904171812500e-04;       5084
4.8906002029300e-04;       5084
4.8908001273900e-04;        124
4.8909832173200e-04;        124
4.8911831405900e-04;       5036
4.8913828745600e-04;       5036
4.8915662252300e-04;         76
4.8917658999300e-04;         76
4.8919491710100e-04;      -2568
4.8921489039400e-04;      -2568
4.8923322539400e-04;         28
4.8925319192800e-04;         28
4.8927152716100e-04;       2624
4.8929149455000e-04;       2624
4.8930982170800e-04;        -20
4.8932979486700e-04;        -20
4.8934979482800e-04;       2576
4.8936809701600e-04;       2576
4.8938808949900e-04;       5172
4.8940639858700e-04;       5172
4.8942639086200e-04;       2528
4.8944469875400e-04;       2528
4.8946469908500e-04;       5124
4.8948300129100e-04;       5124
4.8950299370000e-04;       2480
4.8952296700400e-04;       2480
4.8954130203800e-04;       5076
4.8956126945700e-04;       5076
4.8957959637300e-04;       7672
4.8959957088600e-04;       7672
4.8961789795800e-04;       5028
4.8963787129100e-04;       5028
4.8965620653600e-04;         68
4.8967617377400e-04;         68
4.8969450082100e-04;      -2576
4.8971447411300e-04;      -2576
4.8973447434100e-04;         20
4.8975277556900e-04;         20
4.8977277607200e-04;       2616
4.8979107805800e-04;       2616
4.8981107019100e-04;        -28
4.8982937847200e-04;        -28
4.8984937874800e-04;       2568
4.8986768077600e-04;       2568
4.8988767301500e-04;       5164
4.8990598226500e-04;       5164
4.8992597482000e-04;       2520
4.8994594818700e-04;       2520
4.8996428312800e-04;       5116
4.8998425049900e-04;       5116
4.9000257754200e-04;       2472
4.9002255060300e-04;       2472
4.9004088572500e-04;       5068
4.9006085291200e-04;       5068
4.9007917990200e-04;       7664
4.9009915409000e-04;       7664
4.9011748104200e-04;       5020
4.9013745426500e-04;       5020
4.9015745487800e-04;         60
4.9017575686500e-04;         60
4.9019574898900e-04;      -2584
4.9021405701400e-04;      -2584
4.9023405728900e-04;         12
4.9025235852800e-04;         12
4.9027235873100e-04;       2608
4.9029066074200e-04;       2608
4.9031065331600e-04;        -36
4.9033062668200e-04;        -36
4.9034896158900e-04;       2560
4.9036892890100e-04;       2560
4.9038725600100e-04;       5156
4.9040723034400e-04;       5156
4.9042555761500e-04;       2512
4.9044553087900e-04;       2512
4.9046386605900e-04;       5108
4.9048383326700e-04;       5108
4.9050216030200e-04;       2464
4.9052213381900e-04;       2464
4.9054213405400e-04;       5060
4.9056043618000e-04;       5060
4.9058042863600e-04;        100
4.9059873771600e-04;        100
4.9061873006900e-04;       5012
4.9063703826300e-04;       5012
4.9065703859000e-04;         52
4.9067534051500e-04;         52
4.9069533265000e-04;      -2592
4.9071530630700e-04;      -2592
4.9073364144500e-04;          4
4.9075360764300e-04;          4
4.9077194284000e-04;       2600
4.9079191027300e-04;       2600
4.9081023717300e-04;        -44
4.9083021069700e-04;        -44
4.9084854580400e-04;       2552
4.9086851304200e-04;       2552
4.9088684016000e-04;       5148
4.9090681456600e-04;       5148
4.9092514162000e-04;       2504
4.9094511510900e-04;       2504
4.9096511553900e-04;       5100
4.9098341764200e-04;       5100
4.9100340983800e-04;       2456
4.9102171785700e-04;       2456
4.9104171827600e-04;       5052
4.9106002004900e-04;       5052
4.9108001202200e-04;         92
4.9109832089400e-04;         92
4.9111831321000e-04;      -2552
4.9113828667700e-04;      -2552
4.9115662182400e-04;         44
4.9117658921300e-04;         44
4.9119491641300e-04;      -2600
4.9121488969300e-04;      -2600
4.9123322461100e-04;         -4
4.9125319071800e-04;         -4
4.9127152551200e-04;       2592
4.9129149282000e-04;       2592
4.9130981988700e-04;        -52
4.9132979344900e-04;        -52
4.9134979384700e-04;       2544
4.9136809582600e-04;       2544
4.9138808822500e-04;       5140
4.9140639728000e-04;       5140
4.9142638955800e-04;       2496
4.9144469773400e-04;       2496
4.9146469792700e-04;       5092
4.9148300009900e-04;       5092
4.9150299251700e-04;       2448
4.9152296599400e-04;       2448
4.9154130104900e-04;       5044
4.9156126842800e-04;       5044
4.9157959564400e-04;         84
4.9159956979500e-04;         84
4.9161789676200e-04;      -2560
4.9163787005800e-04;      -2560
4.9165620509900e-04;         36
4.9167617248100e-04;         36
4.9169449951700e-04;      -2608
4.9171447266900e-04;      -2608
4.9173447295600e-04;        -12
4.9175277410600e-04;        -12
4.9177277442900e-04;       2584
4.9179107645900e-04;       2584
4.9181106883800e-04;        -60
4.9182937695200e-04;        -60
4.9184937717700e-04;       2536
4.9186767933600e-04;       2536
4.9188767173000e-04;       5132
4.9190598090900e-04;       5132
4.9192597344800e-04;       2488
4.9194594640500e-04;       2488
4.9196428158100e-04;       5084
4.9198424872300e-04;       5084
4.9200257601600e-04;       2440
4.9202254929600e-04;       2440
4.9204088449100e-04;       5036
4.9206085178400e-04;       5036
4.9207917888500e-04;         76
4.9209915327400e-04;         76
4.9211748043800e-04;       4988
4.9213745397100e-04;       4988
4.9215745430900e-04;         28
4.9217575653300e-04;         28
4.9219574901700e-04;      -2616
4.9221405694700e-04;      -2616
4.9223405737700e-04;        -20
4.9225235833900e-04;        -20
4.9227235854400e-04;       2576
4.9229066086100e-04;       2576
4.9231065335100e-04;        -68
4.9233062670800e-04;        -68
4.9234896169100e-04;       2528
4.9236892895600e-04;       2528
4.9238725596300e-04;       5124
4.9240723049000e-04;       5124
4.9242555745500e-04;       2480
4.9244553070400e-04;       2480
4.9246386590700e-04;       5076
4.9248383322700e-04;       5076
4.9250216027200e-04;       2432
4.9252213354100e-04;       2432
4.9254213386000e-04;       5028
4.9256043594400e-04;       5028
4.9258042835500e-04;         68
4.9259873759100e-04;         68
4.9261872968300e-04;      -2576
4.9263703783000e-04;      -2576
4.9265703836700e-04;         20
4.9267534055600e-04;         20
4.9269533266700e-04;      -2624
4.9271530602400e-04;      -2624
4.9273364118100e-04;        -28
4.9275360758200e-04;        -28
4.9277194263600e-04;       2568
4.9279191005800e-04;       2568
4.9281023703700e-04;        -76
4.9283021050500e-04;        -76
4.9284854562200e-04;       2520
4.9286851290200e-04;       2520
4.9288684000400e-04;       5116
4.9290681446600e-04;       5116
4.9292514146500e-04;       2472
4.9294511477700e-04;       2472
4.9296511527800e-04;       5068
4.9298341736800e-04;       5068
4.9300340973500e-04;       2424
4.9302171771100e-04;       2424
4.9304171801200e-04;       5020
4.9306002001200e-04;       5020
4.9308001236400e-04;         60
4.9309832147900e-04;         60
4.9311831389400e-04;      -2584
4.9313828740300e-04;      -2584
4.9315662231400e-04;         12
4.9317658953700e-04;         12
4.9319491655800e-04;      -2632
4.9321489008600e-04;      -2632
4.9323322512200e-04;        -36
4.9325319147700e-04;        -36
4.9327152655000e-04;       2560
4.9329149403800e-04;       2560
4.9330982128000e-04;        -84
4.9332979466000e-04;        -84
4.9334979511200e-04;       2512
4.9336809720300e-04;       2512
4.9338808927200e-04;       5108
4.9340639827200e-04;       5108
4.9342639055800e-04;       2464
4.9344469881100e-04;       2464
4.9346469913900e-04;       5060
4.9348300120400e-04;       5060
4.9350299353000e-04;       2416
4.9352296679700e-04;       2416
4.9354130210700e-04;       5012
4.9356126927600e-04;       5012
4.9357959655500e-04;       7608
4.9359957089400e-04;       7608
4.9361789790000e-04;       4964
4.9363787102700e-04;       4964
4.9365620625800e-04;          4
4.9367617377000e-04;          4
4.9369450100700e-04;      -2640
4.9371447439900e-04;      -2640
4.9373447444200e-04;        -44
4.9375277570700e-04;        -44
4.9377277600400e-04;       2552
4.9379107815900e-04;       2552
4.9381107044400e-04;        -92
4.9382937825900e-04;        -92
4.9384937875500e-04;       2504
4.9386768084100e-04;       2504
4.9388767315400e-04;       5100
4.9390598226100e-04;       5100
4.9392597466800e-04;       2456
4.9394594790600e-04;       2456
4.9396428303500e-04;       5052
4.9398425026800e-04;       5052
4.9400257736200e-04;       2408
4.9402255065000e-04;       2408
4.9404088565800e-04;       5004
4.9406085305000e-04;       5004
4.9407918009400e-04;         44
4.9409915459100e-04;         44
4.9411748162700e-04;       4956
4.9413745499400e-04;       4956
4.9415745529500e-04;         -4
4.9417575738100e-04;         -4
4.9419574971400e-04;      -2648
4.9421405756700e-04;      -2648
4.9423405785300e-04;        -52
4.9425235906100e-04;        -52
4.9427235935500e-04;       2544
4.9429066152200e-04;       2544
4.9431065365800e-04;       -100
4.9433062721100e-04;       -100
4.9434896215500e-04;       2496
4.9436892975000e-04;       2496
4.9438725684800e-04;       5092
4.9440723125200e-04;       5092
4.9442555834200e-04;       2448
4.9444553159400e-04;       2448
4.9446386657500e-04;       5044
4.9448383386600e-04;       5044
4.9450216097400e-04;       2400
4.9452213446000e-04;       2400
4.9454213468200e-04;       4996
4.9456043693800e-04;       4996
4.9458042935100e-04;       7592
4.9459873830700e-04;       7592
4.9461873054600e-04;       4948
4.9463703863200e-04;       4948
4.9465703904500e-04;        -12
4.9467534096000e-04;        -12
4.9469533339100e-04;      -2656
4.9471530674700e-04;      -2656
4.9473364187100e-04;        -60
4.9475360832800e-04;        -60
4.9477194327700e-04;       2536
4.9479191071000e-04;       2536
4.9481023791200e-04;       -108
4.9483021136600e-04;       -108
4.9484854641100e-04;       2488
4.9486851380400e-04;       2488
4.9488684087000e-04;       5084
4.9490681508900e-04;       5084
4.9492514231400e-04;       2440
4.9494511581900e-04;       2440
4.9496511590400e-04;       5036
4.9498341803800e-04;       5036
4.9500341051100e-04;       2392
4.9502171860900e-04;       2392
4.9504171900200e-04;       4988
4.9506002106100e-04;       4988
4.9508001363000e-04;         28
4.9509832262400e-04;         28
4.9511831510400e-04;       4940
4.9513828845700e-04;       4940
4.9515662347000e-04;        -20
4.9517659078200e-04;        -20
4.9519491776600e-04;      -2664
4.9521489111000e-04;      -2664
4.9523322621200e-04;        -68
4.9525319264800e-04;        -68
4.9527152767300e-04;       2528
4.9529149499800e-04;       2528
4.9530982231900e-04;       -116
4.9532979529900e-04;       -116
4.9534979572200e-04;       2480
4.9536809784000e-04;       2480
4.9538809025900e-04;       5076
4.9540639921700e-04;       5076
4.9542639187500e-04;       2432
4.9544469995900e-04;       2432
4.9546470027800e-04;       5028
4.9548300249500e-04;       5028
4.9550299468700e-04;       2384
4.9552296791800e-04;       2384
4.9554130293200e-04;       4980
4.9556127054600e-04;       4980
4.9557959755300e-04;       7576
4.9559957181500e-04;       7576
4.9561789888600e-04;       4932
4.9563787218000e-04;       4932
4.9565620727700e-04;        -28
4.9567617454300e-04;        -28
4.9569450172900e-04;      -2672
4.9571447506600e-04;      -2672
4.9573447538200e-04;        -76
4.9575277645700e-04;        -76
4.9577277677600e-04;       2520
4.9579107899400e-04;       2520
4.9581107133200e-04;       -124
4.9582937942600e-04;       -124
4.9584937961400e-04;       2472
4.9586768171100e-04;       2472
4.9588767402900e-04;       5068
4.9590598311800e-04;       5068
4.9592597518100e-04;       2424
4.9594594851300e-04;       2424
4.9596428365200e-04;       5020
4.9598425096200e-04;       5020
4.9600257780700e-04;       2376
4.9602255101700e-04;       2376
4.9604088612300e-04;       4972
4.9606085344800e-04;       4972
4.9607918066500e-04;       7568
4.9609915468100e-04;       7568
4.9611748178900e-04;       4924
4.9613745527300e-04;       4924
4.9615745573700e-04;        -36
4.9617575787700e-04;        -36
4.9619575016500e-04;      -2680
4.9621405844500e-04;      -2680
4.9623405885500e-04;        -84
4.9625235996100e-04;        -84
4.9627236009400e-04;       2512
4.9629066221800e-04;       2512
4.9631065465200e-04;       -132
4.9633062800100e-04;       -132
4.9634896305500e-04;       2464
4.9636893046400e-04;       2464
4.9638725752400e-04;       5060
4.9640723193900e-04;       5060
4.9642555884100e-04;       2416
4.9644553210300e-04;       2416
4.9646386714700e-04;       5012
4.9648383456200e-04;       5012
4.9650216154800e-04;       2368
4.9652213508400e-04;       2368
4.9654213556200e-04;       4964
4.9656043750900e-04;       4964
4.9658042982100e-04;       7560
4.9659873863300e-04;       7560
4.9661873081900e-04;       4916
4.9663703901500e-04;       4916
4.9665703943700e-04;        -44
4.9667534160400e-04;        -44
4.9669533409500e-04;      -2688
4.9671530734800e-04;      -2688
4.9673364262300e-04;        -92
4.9675360854500e-04;        -92
4.9677194348100e-04;       2504
4.9679191073500e-04;       2504
4.9681023772800e-04;       -140
4.9683021105400e-04;       -140
4.9684854616900e-04;       2456
4.9686851343200e-04;       2456
4.9688684041800e-04;       5052
4.9690681488800e-04;       5052
4.9692514192700e-04;       2408
4.9694511519600e-04;       2408
4.9696511563900e-04;       5004
4.9698341756100e-04;       5004
4.9700340977500e-04;       2360
4.9702171790500e-04;       2360
4.9704171833500e-04;       4956
4.9706002036200e-04;       4956
4.9708001298600e-04;         -4
4.9709832215300e-04;         -4
4.9711831425700e-04;       4908
4.9713828747200e-04;       4908
4.9715662256300e-04;        -52
4.9717658991800e-04;        -52
4.9719491676500e-04;      -2696
4.9721489036600e-04;      -2696
4.9723322546500e-04;       -100
4.9725319182900e-04;       -100
4.9727152699100e-04;       2496
4.9729149416700e-04;       2496
4.9730982120500e-04;       -148
4.9732979454600e-04;       -148
4.9734979484400e-04;       2448
4.9736809713500e-04;       2448
4.9738808932800e-04;       5044
4.9740639838000e-04;       5044
4.9742639085100e-04;       2400
4.9744469883100e-04;       2400
4.9746469901100e-04;       4996
4.9748300123100e-04;       4996
4.9750299351100e-04;       2352
4.9752296667000e-04;       2352
4.9754130165200e-04;       4948
4.9756126912200e-04;       4948
4.9757959624200e-04;        -12
4.9759957064300e-04;        -12
4.9761789779500e-04;       4900
4.9763787079700e-04;       4900
4.9765620591200e-04;        -60
4.9767617327700e-04;        -60
4.9769450025300e-04;      -2704
4.9771447334400e-04;      -2704
4.9773447382700e-04;       -108
4.9775277480100e-04;       -108
4.9777277522900e-04;       2488
4.9779107741100e-04;       2488
4.9781106966600e-04;       -156
4.9782937770000e-04;       -156
4.9784937822800e-04;       2440
4.9786768005900e-04;       2440
4.9788767248600e-04;       5036
4.9790598170800e-04;       5036
4.9792597411500e-04;       2392
4.9794594744500e-04;       2392
4.9796428264500e-04;       4988
4.9798424976400e-04;       4988
4.9800257693800e-04;       2344
4.9802255041100e-04;       2344
4.9804088557900e-04;       4940
4.9806085315600e-04;       4940
4.9807918023300e-04;       7536
4.9809915461800e-04;       7536
4.9811748173900e-04;       4892
4.9813745502600e-04;       4892
4.9815745525000e-04;        -68
4.9817575722800e-04;        -68
4.9819574949100e-04;      -2712
4.9821405753100e-04;      -2712
4.9823405812700e-04;       -116
4.9825235934300e-04;       -116
4.9827235973500e-04;       2480
4.9829066160000e-04;       2480
4.9831065411900e-04;       -164
4.9833062738600e-04;       -164
4.9834896238100e-04;       2432
4.9836892993600e-04;       2432
4.9838725685500e-04;       5028
4.9840723117600e-04;       5028
4.9842555840100e-04;       2384
4.9844553189400e-04;       2384
4.9846386696200e-04;       4980
4.9848383432800e-04;       4980
4.9850216150700e-04;       2336
4.9852213485500e-04;       2336
4.9854213522400e-04;       4932
4.9856043729200e-04;       4932
4.9858042953000e-04;       7528
4.9859873865700e-04;       7528
4.9861873117200e-04;       4884
4.9863703925700e-04;       4884
4.9865703956500e-04;        -76
4.9867534177500e-04;        -76
4.9869533426600e-04;      -2720
4.9871530743700e-04;      -2720
4.9873364260500e-04;       -124
4.9875360901200e-04;       -124
4.9877194405300e-04;       2472
4.9879191142900e-04;       2472
4.9881023841300e-04;       -172
4.9883021179600e-04;       -172
4.9884854653400e-04;       2424
4.9886851394900e-04;       2424
4.9888684111400e-04;       5020
4.9890681537000e-04;       5020
4.9892514233200e-04;       2376
4.9894511564200e-04;       2376
4.9896511606900e-04;       4972
4.9898341823000e-04;       4972
4.9900341061600e-04;       2328
4.9902171868200e-04;       2328
4.9904171892300e-04;       4924
4.9906002098100e-04;       4924
4.9908001339600e-04;       7520
4.9909832255800e-04;       7520
4.9911831491900e-04;       4876
4.9913828845800e-04;       4876
4.9915662346000e-04;        -84
4.9917659066900e-04;        -84
4.9919491774000e-04;      -2728
4.9921489112800e-04;      -2728
4.9923322635300e-04;       -132
4.9925319270800e-04;       -132
4.9927152793400e-04;       2464
4.9929149509900e-04;       2464
4.9930982224800e-04;       -180
4.9932979558900e-04;       -180
4.9934979600200e-04;       2416
4.9936809811200e-04;       2416
4.9938809057200e-04;       5012
4.9940639964300e-04;       5012
4.9942639208500e-04;       2368
4.9944470023700e-04;       2368
4.9946470046800e-04;       4964
4.9948300241500e-04;       4964
4.9950299479400e-04;       2320
4.9952296822900e-04;       2320
4.9954130349300e-04;       4916
4.9956127088200e-04;       4916
4.9957959804000e-04;       7512
4.9959957220600e-04;       7512
4.9961789912400e-04;       4868
4.9963787266400e-04;       4868
4.9965620781500e-04;        -92
4.9967617494100e-04;        -92
4.9969450206900e-04;      -2736
4.9971447546500e-04;      -2736
4.9973447584100e-04;       -140
4.9975277674600e-04;       -140
4.9977277707600e-04;       2456
4.9979107925600e-04;       2456
4.9981107167000e-04;       -188
4.9982937986700e-04;       -188
4.9984938028600e-04;       2408
4.9986768232700e-04;       2408
4.9988767489100e-04;       5004
4.9990598403300e-04;       5004
4.9992597632100e-04;       2360
4.9994594963700e-04;       2360
4.9996428475200e-04;       4956
4.9998425220000e-04;       4956
5.0000257933900e-04;       2312
5.0002255283300e-04;       2312
5.0004088793200e-04;       4908
5.0006085515000e-04;       4908
5.0007918215600e-04;       7504
5.0009915655700e-04;       7504
5.0011748342800e-04;       4860
5.0013745694600e-04;       4860
5.0015745730900e-04;       7456
5.0017575940800e-04;       7456
5.0019575168700e-04;       4812
5.0021405969400e-04;       4812
5.0023406012900e-04;       -148
5.0025236130800e-04;       -148
5.0027236177000e-04;       2448
5.0029066387500e-04;       2448
5.0031065624500e-04;       -196
5.0033062953500e-04;       -196
5.0034896458700e-04;       2400
5.0036893198800e-04;       2400
5.0038725896800e-04;       4996
5.0040723341400e-04;       4996
5.0042556048700e-04;       2352
5.0044553394200e-04;       2352
5.0046386897400e-04;       4948
5.0048383640200e-04;       4948
5.0050216339100e-04;       2304
5.0052213674200e-04;       2304
5.0054213712000e-04;       4900
5.0056043908800e-04;       4900
5.0058043160000e-04;       7496
5.0059874065400e-04;       7496
5.0061873306200e-04;       4852
5.0063704127200e-04;       4852
5.0065704172800e-04;       7448
5.0067534378800e-04;       7448
5.0069533621900e-04;       4804
5.0071530926400e-04;       4804
5.0073364446500e-04;       7400
5.0075361094200e-04;       7400
5.0077194602300e-04;       2440
5.0079191343800e-04;       2440
5.0081024031700e-04;       -204
5.0083021357900e-04;       -204
5.0084854881500e-04;       2392
5.0086851590500e-04;       2392
5.0088684295900e-04;       4988
5.0090681742100e-04;       4988
5.0092514468900e-04;       2344
5.0094511796000e-04;       2344
5.0096511841800e-04;       4940
5.0098342037700e-04;       4940
5.0100341292700e-04;       2296
5.0102172094200e-04;       2296
5.0104172137500e-04;       4892
5.0106002345500e-04;       4892
5.0108001572100e-04;       7488
5.0109832479500e-04;       7488
5.0111831706400e-04;       4844
5.0113829058600e-04;       4844
5.0115662575500e-04;       7440
5.0117659317600e-04;       7440
5.0119492031700e-04;       4796
5.0121489356300e-04;       4796
5.0123322866100e-04;       7392
5.0125319496100e-04;       7392
5.0127153007800e-04;       2432
5.0129149743300e-04;       2432
5.0130982437300e-04;       7344
5.0132979767100e-04;       7344
5.0134979814500e-04;       2384
5.0136810025200e-04;       2384
5.0138809268100e-04;       4980
5.0140640174600e-04;       4980
5.0142639393600e-04;       2336
5.0144470202000e-04;       2336
5.0146470246600e-04;       4932
5.0148300448700e-04;       4932
5.0150299689600e-04;       2288
5.0152297031900e-04;       2288
5.0154130539300e-04;       4884
5.0156127259600e-04;       4884
5.0157959967500e-04;       7480
5.0159957395900e-04;       7480
5.0161790098100e-04;       4836
5.0163787435200e-04;       4836
5.0165620940400e-04;       7432
5.0167617680600e-04;       7432
5.0169450368300e-04;       4788
5.0171447705000e-04;       4788
5.0173447741300e-04;       -172
5.0175277860500e-04;       -172
5.0177277888900e-04;       2424
5.0179108119700e-04;       2424
5.0181107341100e-04;       -220
5.0182938128600e-04;       -220
5.0184938182400e-04;       2376
5.0186768372000e-04;       2376
5.0188767607900e-04;       4972
5.0190598509900e-04;       4972
5.0192597748900e-04;       2328
5.0194595094800e-04;       2328
5.0196428601600e-04;       4924
5.0198425327600e-04;       4924
5.0200258027100e-04;       2280
5.0202255366900e-04;       2280
5.0204088881500e-04;       4876
5.0206085616500e-04;       4876
5.0207918310600e-04;       7472
5.0209915732100e-04;       7472
5.0211748446600e-04;       4828
5.0213745802300e-04;       4828
5.0215745844600e-04;       7424
5.0217576038500e-04;       7424
5.0219575278700e-04;       4780
5.0221406091100e-04;       4780
5.0223406140600e-04;       -180
5.0225236244400e-04;       -180
5.0227236271500e-04;       9972
5.0229066488700e-04;       9972
5.0231065700500e-04;       7328
5.0233063038700e-04;       7328
5.0234896542100e-04;       2368
5.0236893268300e-04;       2368
5.0238725997300e-04;       4964
5.0240723439300e-04;       4964
5.0242556143700e-04;       2320
5.0244553489000e-04;       2320
5.0246386996700e-04;       4916
5.0248383756900e-04;       4916
5.0250216472400e-04;       2272
5.0252213806900e-04;       2272
5.0254213839900e-04;       4868
5.0256044054300e-04;       4868
5.0258043287500e-04;       7464
5.0259874198200e-04;       7464
5.0261873429800e-04;       4820
5.0263704249200e-04;       4820
5.0265704262400e-04;       7416
5.0267534476500e-04;       7416
5.0269533712800e-04;       4772
5.0271531046700e-04;       4772
5.0273364565400e-04;       7368
5.0275361183300e-04;       7368
5.0277194687100e-04;       2408
5.0279191428400e-04;       2408
5.0281024139200e-04;       -236
5.0283021464500e-04;       -236
5.0284854973400e-04;       2360
5.0286851717400e-04;       2360
5.0288684407400e-04;       4956
5.0290681841100e-04;       4956
5.0292514545400e-04;       2312
5.0294511873800e-04;       2312
5.0296511908100e-04;       4908
5.0298342111900e-04;       4908
5.0300341322500e-04;       9820
5.0302172131200e-04;       9820
5.0304172196000e-04;       4860
5.0306002387300e-04;       4860
5.0308001633200e-04;       7456
5.0309832510200e-04;       7456
5.0311831755100e-04;       4812
5.0313829080100e-04;       4812
5.0315662585500e-04;       7408
5.0317659312600e-04;       7408
5.0319492015500e-04;       4764
5.0321489350500e-04;       4764
5.0323322866200e-04;       -196
5.0325319498700e-04;       -196
5.0327152996800e-04;       9956
5.0329149738900e-04;       9956
5.0330982438100e-04;       7312
5.0332979792800e-04;       7312
5.0334979827400e-04;       2352
5.0336809998700e-04;       2352
5.0338809235200e-04;       4948
5.0340640159500e-04;       4948
5.0342639382200e-04;       2304
5.0344470189200e-04;       2304
5.0346470210900e-04;       4900
5.0348300398800e-04;       4900
5.0350299641800e-04;       2256
5.0352296978700e-04;       2256
5.0354130503400e-04;       4852
5.0356127241400e-04;       4852
5.0357959929500e-04;       7448
5.0359957365100e-04;       7448
5.0361790093000e-04;       4804
5.0363787405200e-04;       4804
5.0365620920000e-04;       7400
5.0367617663500e-04;       7400
5.0369450362200e-04;       4756
5.0371447701500e-04;       4756
5.0373447736700e-04;       7352
5.0375277830500e-04;       7352
5.0377277862100e-04;       9948
5.0379108054100e-04;       9948
5.0381107276700e-04;       -252
5.0382938089000e-04;       -252
5.0384938128600e-04;       2344
5.0386768335300e-04;       2344
5.0388767575300e-04;       4940
5.0390598473600e-04;       4940
5.0392597723900e-04;       2296
5.0394595042300e-04;       2296
5.0396428526800e-04;       4892
5.0398425257100e-04;       4892
5.0400257954500e-04;       2248
5.0402255283600e-04;       2248
5.0404088805400e-04;       4844
5.0406085541500e-04;       4844
5.0407918251400e-04;       7440
5.0409915685500e-04;       7440
5.0411748398700e-04;       4796
5.0413745728700e-04;       4796
5.0415745768200e-04;       7392
5.0417575975800e-04;       7392
5.0419575193100e-04;       4748
5.0421405999900e-04;       4748
5.0423406022300e-04;       7344
5.0425236119000e-04;       7344
5.0427236140600e-04;       2384
5.0429066344200e-04;       2384
5.0431065585500e-04;       -260
5.0433062916000e-04;       -260
5.0434896421400e-04;       2336
5.0436893170200e-04;       2336
5.0438725880500e-04;       4932
5.0440723315800e-04;       4932
5.0442556018500e-04;       2288
5.0444553355400e-04;       2288
5.0446386857600e-04;       4884
5.0448383585700e-04;       4884
5.0450216287300e-04;       2240
5.0452213629100e-04;       2240
5.0454213668700e-04;       4836
5.0456043865700e-04;       4836
5.0458043120500e-04;       7432
5.0459874040000e-04;       7432
5.0461873278600e-04;       4788
5.0463704093900e-04;       4788
5.0465704110400e-04;       -172
5.0467534332200e-04;       -172
5.0469533583700e-04;      -2816
5.0471530915500e-04;      -2816
5.0473364427800e-04;       -220
5.0475361076500e-04;       -220
5.0477194582800e-04;       2376
5.0479191318100e-04;       2376
5.0481024022000e-04;       -268
5.0483021352800e-04;       -268
5.0484854859500e-04;       2328
5.0486851571400e-04;       2328
5.0488684253400e-04;       4924
5.0490681691100e-04;       4924
5.0492514377400e-04;       2280
5.0494511695800e-04;       2280
5.0496511724200e-04;       4876
5.0498341912800e-04;       4876
5.0500341142900e-04;       2232
5.0502171960100e-04;       2232
5.0504171963800e-04;       4828
5.0506002161200e-04;       4828
5.0508001413600e-04;       7424
5.0509832320200e-04;       7424
5.0511831552700e-04;       4780
5.0513828893100e-04;       4780
5.0515662391700e-04;       -180
5.0517659139100e-04;       -180
5.0519491824400e-04;      -2824
5.0521489168000e-04;      -2824
5.0523322683300e-04;       -228
5.0525319309700e-04;       -228
5.0527152829100e-04;       2368
5.0529149568300e-04;       2368
5.0530982282400e-04;       -276
5.0532979619100e-04;       -276
5.0534979649500e-04;       2320
5.0536809861200e-04;       2320
5.0538809100600e-04;       4916
5.0540639971700e-04;       4916
5.0542639219400e-04;       2272
5.0544470027300e-04;       2272
5.0546470084200e-04;       4868
5.0548300270500e-04;       4868
5.0550299507000e-04;       2224
5.0552296852800e-04;       2224
5.0554130361900e-04;       4820
5.0556127096000e-04;       4820
5.0557959805700e-04;       7416
5.0559957241200e-04;       7416
5.0561789951500e-04;       4772
5.0563787273000e-04;       4772
5.0565620784300e-04;       7368
5.0567617517000e-04;       7368
5.0569450217000e-04;      -2832
5.0571447541900e-04;      -2832
5.0573447583900e-04;       -236
5.0575277675500e-04;       -236
5.0577277719200e-04;       2360
5.0579107913900e-04;       2360
5.0581107156800e-04;       -284
5.0582937978300e-04;       -284
5.0584938017100e-04;       2312
5.0586768211200e-04;       2312
5.0588767461500e-04;       4908
5.0590598385900e-04;       4908
5.0592597603400e-04;       2264
5.0594594945300e-04;       2264
5.0596428446800e-04;       4860
5.0598425185200e-04;       4860
5.0600257896200e-04;       2216
5.0602255210000e-04;       2216
5.0604088716400e-04;       4812
5.0606085453000e-04;       4812
5.0607918162900e-04;       7408
5.0609915591100e-04;       7408
5.0611748270500e-04;       4764
5.0613745609800e-04;       4764
5.0615745637200e-04;       -196
5.0617575853200e-04;       -196
5.0619575091300e-04;      -2840
5.0621405902500e-04;      -2840
5.0623405932200e-04;       -244
5.0625236042400e-04;       -244
5.0627236073500e-04;       2352
5.0629066279100e-04;       2352
5.0631065521800e-04;       -292
5.0633062853300e-04;       -292
5.0634896359900e-04;       2304
5.0636893101700e-04;       2304
5.0638725800400e-04;       4900
5.0640723241700e-04;       4900
5.0642555950800e-04;       2256
5.0644553281500e-04;       2256
5.0646386783700e-04;       4852
5.0648383502500e-04;       4852
5.0650216219000e-04;       2208
5.0652213546500e-04;       2208
5.0654213583200e-04;       4804
5.0656043813000e-04;       4804
5.0658043055600e-04;       7400
5.0659873949600e-04;       7400
5.0661873193500e-04;       4756
5.0663704016900e-04;       4756
