1.4615368380000e-06; 40; 63; 63;0
1.5256446750000e-06; 40; 63; 63;0
1.5454670840000e-06; 40; 90; 60;0
1.5619790350000e-06; 40; 90; 60;0
1.5818066870000e-06; 40; 90; 60;0
1.6016225380000e-06; 40; 90; 60;0
1.6214503490000e-06; 40; 90; 60;0
1.6412660440000e-06; 40; 90; 60;0
1.6577898130000e-06; 40; 90; 60;0
1.6776055440000e-06; 40; 90; 60;0
1.6974332010000e-06; 40; 90; 60;0
1.7172489460000e-06; 40; 90; 60;0
1.7370767190000e-06; 40; 90; 60;0
1.7568923620000e-06; 40; 90; 60;0
1.7734164340000e-06; 40; 90; 60;0
1.7932321520000e-06; 40; 90; 60;0
1.8130599790000e-06; 40; 90; 60;0
1.8328756380000e-06; 40; 90; 60;0
1.8527032100000e-06; 40; 90; 60;0
1.8692153490000e-06; 40; 90; 60;0
1.8890431400000e-06; 40; 90; 60;0
1.9088588390000e-06; 40; 90; 60;0
1.9286864250000e-06; 40; 90; 60;0
1.9485022860000e-06; 40; 90; 60;0
1.9683298650000e-06; 40; 90; 60;0
1.9848419670000e-06; 40; 90; 60;0
2.0046698270000e-06; 40; 90; 60;0
2.0244855220000e-06; 40; 90; 60;0
2.0443131930000e-06; 40; 90; 60;0
2.0641288910000e-06; 40; 90; 60;0
2.0839564460000e-06; 40; 90; 60;0
2.1004687380000e-06; 40; 90; 60;0
2.1202964090000e-06; 40; 90; 60;0
2.1401121450000e-06; 40; 90; 60;0
2.1599398830000e-06; 40; 90; 60;0
2.1797553540000e-06; 40; 90; 60;0
2.1962795420000e-06; 40; 90; 60;0
2.2160950470000e-06; 40; 90; 60;0
2.2359228090000e-06; 40; 90; 60;0
2.2557385660000e-06; 40; 90; 60;0
2.2755661930000e-06; 40; 90; 60;0
2.2953819390000e-06; 40; 90; 60;0
2.3119060290000e-06; 40; 90; 60;0
2.3317217330000e-06; 40; 90; 60;0
2.3515493860000e-06; 40; 90; 60;0
2.3713652280000e-06; 40; 90; 60;0
2.3911928270000e-06; 40; 90; 60;0
2.4077049370000e-06; 40; 90; 60;0
2.4275326390000e-06; 40; 90; 60;0
2.4473485160000e-06; 40; 90; 60;0
2.4671761980000e-06; 40; 90; 60;0
2.4869919920000e-06; 40; 90; 60;0
2.5068196470000e-06; 40; 90; 60;0
2.5233316150000e-06; 40; 90; 60;0
2.5431593270000e-06; 40; 90; 60;0
2.5629749840000e-06; 40; 90; 60;0
2.5828027420000e-06; 40; 90; 60;0
2.6026184470000e-06; 40; 90; 60;0
2.6224462400000e-06; 40; 90; 60;0
2.6389582580000e-06; 40; 90; 60;0
2.6587859110000e-06; 40; 90; 60;0
2.6786015420000e-06; 40; 90; 60;0
2.6984292130000e-06; 40; 90; 60;0
2.7182450740000e-06; 40; 90; 60;0
2.7347692620000e-06; 40; 90; 60;0
2.7545849010000e-06; 40; 90; 60;0
2.7744127940000e-06; 40; 90; 60;0
2.7942284900000e-06; 40; 90; 60;0
2.8140561570000e-06; 40; 90; 60;0
2.8338717800000e-06; 40; 90; 60;0
2.8503958430000e-06; 40; 90; 60;0
2.8702117300000e-06; 40; 90; 60;0
2.8900393130000e-06; 40; 90; 60;0
2.9098550470000e-06; 40; 90; 60;0
2.9296828960000e-06; 40; 90; 60;0
2.9461949380000e-06; 40; 90; 60;0
2.9660226040000e-06; 40; 90; 60;0
2.9858382150000e-06; 40; 90; 60;0
3.0056660330000e-06; 40; 90; 60;0
3.0254817470000e-06; 40; 90; 60;0
3.0453094530000e-06; 40; 90; 60;0
3.0618216040000e-06; 40; 90; 60;0
3.0816493160000e-06; 40; 90; 60;0
3.1014650180000e-06; 40; 90; 60;0
3.1212925800000e-06; 40; 90; 60;0
3.1411083250000e-06; 40; 90; 60;0
3.1609361950000e-06; 40; 90; 60;0
3.1774482920000e-06; 40; 90; 60;0
3.1972760830000e-06; 40; 90; 60;0
3.2170918650000e-06; 40; 90; 60;0
3.2369195360000e-06; 40; 90; 60;0
3.2567349980000e-06; 40; 90; 60;0
3.2732590500000e-06; 40; 90; 60;0
3.2930747300000e-06; 40; 90; 60;0
3.3129025120000e-06; 40; 90; 60;0
3.3327182070000e-06; 40; 90; 60;0
3.3525458900000e-06; 40; 90; 60;0
3.3723615750000e-06; 40; 90; 60;0
3.3888855790000e-06; 40; 90; 60;0
3.4087014170000e-06; 40; 90; 60;0
3.4285291250000e-06; 40; 90; 60;0
3.4483447970000e-06; 40; 90; 60;0
3.4681725310000e-06; 40; 90; 60;0
3.4846847000000e-06; 40; 90; 60;0
3.5045124200000e-06; 40; 90; 60;0
3.5243280260000e-06; 40; 90; 60;0
3.5441557820000e-06; 40; 90; 60;0
3.5639715510000e-06; 40; 90; 60;0
3.5837991520000e-06; 40; 90; 60;0
3.6003112780000e-06; 40; 90; 60;0
3.6201388540000e-06; 40; 90; 60;0
3.6399546210000e-06; 40; 90; 60;0
3.6597824570000e-06; 40; 90; 60;0
3.6795981560000e-06; 40; 90; 60;0
3.6994257810000e-06; 40; 90; 60;0
3.7159379140000e-06; 40; 90; 60;0
3.7357657320000e-06; 40; 90; 60;0
3.7555814790000e-06; 40; 90; 60;0
3.7754091690000e-06; 40; 90; 60;0
3.7952247510000e-06; 40; 90; 60;0
3.8117488590000e-06; 40; 90; 60;0
3.8315645440000e-06; 40; 90; 60;0
3.8513922560000e-06; 40; 90; 60;0
3.8712080520000e-06; 40; 90; 60;0
3.8910357560000e-06; 40; 90; 60;0
3.9108515870000e-06; 40; 90; 60;0
3.9273758320000e-06; 40; 90; 60;0
3.9471916000000e-06; 40; 90; 60;0
3.9670194120000e-06; 40; 90; 60;0
3.9868350820000e-06; 40; 90; 60;0
4.0066628310000e-06; 40; 90; 60;0
4.0231749210000e-06; 40; 90; 60;0
4.0430026760000e-06; 40; 90; 60;0
4.0628184150000e-06; 40; 90; 60;0
4.0826461460000e-06; 40; 90; 60;0
4.1024617080000e-06; 40; 90; 60;0
4.1222895500000e-06; 40; 90; 60;0
4.1388017170000e-06; 40; 90; 60;0
4.1586294690000e-06; 40; 90; 60;0
4.1784452770000e-06; 40; 90; 60;0
4.1982728560000e-06; 40; 90; 60;0
4.2180884790000e-06; 40; 90; 60;0
4.2346126110000e-06; 40; 90; 60;0
4.2544282170000e-06; 40; 90; 60;0
4.2742559860000e-06; 40; 90; 60;0
4.2940717160000e-06; 40; 90; 60;0
4.3138996100000e-06; 40; 90; 60;0
4.3337150380000e-06; 40; 90; 60;0
4.3502392060000e-06; 40; 90; 60;0
4.3700550600000e-06; 40; 90; 60;0
4.3898828380000e-06; 40; 90; 60;0
4.4096985050000e-06; 40; 90; 60;0
4.4295261900000e-06; 40; 90; 60;0
4.4460384330000e-06; 40; 90; 60;0
4.4658661850000e-06; 40; 90; 60;0
4.4856817880000e-06; 40; 90; 60;0
4.5055096560000e-06; 40; 90; 60;0
4.5253253560000e-06; 40; 90; 60;0
4.5451530220000e-06; 40; 90; 60;0
4.5616651850000e-06; 40; 90; 60;0
4.5814928030000e-06; 40; 90; 60;0
4.6013084870000e-06; 40; 90; 60;0
4.6211361890000e-06; 40; 90; 60;0
4.6409520650000e-06; 40; 90; 60;0
4.6574761960000e-06; 40; 90; 60;0
4.6772919160000e-06; 40; 90; 60;0
4.6971194970000e-06; 40; 90; 60;0
4.7169351760000e-06; 40; 90; 60;0
4.7367628330000e-06; 40; 90; 60;0
4.7565785860000e-06; 40; 90; 60;0
4.7731026200000e-06; 40; 90; 60;0
4.7929184270000e-06; 40; 90; 60;0
4.8127462280000e-06; 40; 90; 60;0
4.8325619120000e-06; 40; 90; 60;0
4.8523896160000e-06; 40; 90; 60;0
4.8722053020000e-06; 40; 90; 60;0
4.8887294070000e-06; 40; 90; 60;0
4.9085451660000e-06; 40; 90; 60;0
4.9283728110000e-06; 40; 90; 60;0
4.9481884330000e-06; 40; 90; 60;0
4.9680161170000e-06; 40; 90; 60;0
4.9845282300000e-06; 40; 90; 60;0
5.0043559290000e-06; 40; 90; 60;0
5.0241715460000e-06; 40; 90; 60;0
5.0439992920000e-06; 40; 90; 60;0
5.0638150960000e-06; 40; 90; 60;0
5.0836425510000e-06; 40; 90; 60;0
5.1001545130000e-06; 40; 90; 60;0
5.1199821620000e-06; 40; 90; 60;0
5.1397978820000e-06; 40; 90; 60;0
5.1596255430000e-06; 40; 90; 60;0
5.1794412470000e-06; 40; 90; 60;0
5.1959655100000e-06; 40; 90; 60;0
5.2157811460000e-06; 40; 90; 60;0
5.2356088750000e-06; 40; 90; 60;0
5.2554245580000e-06; 40; 90; 60;0
5.2752521830000e-06; 40; 90; 60;0
5.2950678480000e-06; 40; 90; 60;0
5.3115919110000e-06; 40; 90; 60;0
5.3314075210000e-06; 40; 90; 60;0
5.3512353720000e-06; 40; 90; 60;0
5.3710510410000e-06; 40; 90; 60;0
5.3908786290000e-06; 40; 90; 60;0
5.4106943930000e-06; 40; 90; 60;0
5.4272184940000e-06; 40; 90; 60;0
5.4470342740000e-06; 40; 90; 60;0
5.4668618890000e-06; 40; 90; 60;0
5.4866774800000e-06; 40; 90; 60;0
5.5065052650000e-06; 40; 90; 60;0
5.5230174520000e-06; 40; 90; 60;0
5.5428452060000e-06; 40; 90; 60;0
5.5626609120000e-06; 40; 90; 60;0
5.5824885920000e-06; 40; 90; 60;0
5.6023042640000e-06; 40; 90; 60;0
5.6221320100000e-06; 40; 90; 60;0
5.6386440580000e-06; 40; 90; 60;0
5.6584718260000e-06; 40; 90; 60;0
5.6782874430000e-06; 40; 90; 60;0
5.6981152020000e-06; 40; 90; 60;0
5.7179309570000e-06; 40; 90; 60;0
5.7344550790000e-06; 40; 90; 60;0
5.7542706650000e-06; 40; 90; 60;0
5.7740982880000e-06; 40; 90; 60;0
5.7939139390000e-06; 40; 90; 60;0
5.8137418130000e-06; 40; 90; 60;0
5.8335574300000e-06; 40; 90; 60;0
5.8500815220000e-06; 40; 90; 60;0
5.8698971070000e-06; 40; 90; 60;0
5.8897248810000e-06; 40; 90; 60;0
5.9095407290000e-06; 40; 90; 60;0
5.9293682620000e-06; 40; 90; 60;0
5.9491841170000e-06; 40; 90; 60;0
5.9657081250000e-06; 40; 90; 60;0
5.9855237430000e-06; 40; 90; 60;0
6.0053513380000e-06; 40; 90; 60;0
6.0251669430000e-06; 40; 90; 60;0
6.0449945960000e-06; 40; 90; 60;0
6.0615067940000e-06; 40; 90; 60;0
6.0813345170000e-06; 40; 90; 60;0
6.1011501950000e-06; 40; 90; 60;0
6.1209780160000e-06; 40; 90; 60;0
6.1407936310000e-06; 40; 90; 60;0
6.1606212650000e-06; 40; 90; 60;0
6.1771333790000e-06; 40; 90; 60;0
6.1969610640000e-06; 40; 90; 60;0
6.2167767830000e-06; 40; 90; 60;0
6.2366044710000e-06; 40; 90; 60;0
6.2564201160000e-06; 40; 90; 60;0
6.2762477820000e-06; 40; 90; 60;0
6.2927598290000e-06; 40; 90; 60;0
6.3125875530000e-06; 40; 90; 60;0
6.3324032010000e-06; 40; 90; 60;0
6.3522309830000e-06; 40; 90; 60;0
6.3720465720000e-06; 40; 90; 60;0
6.3885707000000e-06; 40; 90; 60;0
6.4083862010000e-06; 40; 90; 60;0
6.4282138070000e-06; 40; 90; 60;0
6.4480297030000e-06; 40; 90; 60;0
6.4678575100000e-06; 40; 90; 60;0
6.4876730120000e-06; 40; 90; 60;0
6.5041970990000e-06; 40; 90; 60;0
6.5240128940000e-06; 40; 90; 60;0
6.5438405190000e-06; 40; 90; 60;0
6.5636560220000e-06; 40; 90; 60;0
6.5834839430000e-06; 40; 90; 60;0
6.5999960620000e-06; 40; 90; 60;0
6.6198237780000e-06; 40; 90; 60;0
6.6396395990000e-06; 40; 90; 60;0
6.6594672720000e-06; 40; 90; 60;0
6.6792829980000e-06; 40; 90; 60;0
6.6991050750000e-06; 40; 89; 63;0
6.7156126300000e-06; 40; 89; 63;0
6.7354347020000e-06; 40; 89; 63;0
6.7552448370000e-06; 40; 89; 63;0
6.7750533130000e-06; 40; 88; 34;0
6.7948493410000e-06; 40; 88; 34;0
6.8113542120000e-06; 40; 86; 69;0
6.8311467150000e-06; 40; 86; 69;0
6.8509547260000e-06; 40; 88; 34;0
6.8707508200000e-06; 40; 88; 34;0
6.8905556840000e-06; 40; 86; 70;0
6.9103485640000e-06; 40; 86; 70;0
6.9301415630000e-06; 40; 85; 48;0
6.9466243320000e-06; 40; 85; 48;0
6.9664088350000e-06; 40; 82; 89;0
6.9861811860000e-06; 40; 82; 89;0
7.0059545710000e-06; 40; 81; 70;0
7.0257156340000e-06; 40; 81; 70;0
7.0454781410000e-06; 40; 80; 52;0
7.0619354690000e-06; 40; 80; 52;0
7.0816798210000e-06; 40; 78; 33;0
7.1014115770000e-06; 40; 78; 33;0
7.1211571460000e-06; 40; 76; 88;0
7.1408907290000e-06; 40; 76; 88;0
7.1606220950000e-06; 40; 74; 80;0
7.1770536770000e-06; 40; 74; 80;0
7.1967786510000e-06; 40; 73; 81;0
7.2164916610000e-06; 40; 73; 81;0
7.2362063140000e-06; 40; 71; 89;0
7.2559085690000e-06; 40; 71; 89;0
7.2756183000000e-06; 40; 70; 95;0
7.2953159160000e-06; 40; 70; 95;0
7.3117259690000e-06; 40; 69; 44;0
7.3314037110000e-06; 40; 69; 44;0
7.3510864470000e-06; 40; 67; 64;0
7.3707570470000e-06; 40; 67; 64;0
7.3904387170000e-06; 40; 66; 85;0
7.4101084520000e-06; 40; 66; 85;0
7.4297744140000e-06; 40; 65; 46;0
7.4461513620000e-06; 40; 65; 46;0
7.4658119470000e-06; 40; 63; 77;0
7.4854603040000e-06; 40; 63; 77;0
7.5051148370000e-06; 40; 63; 53;0
7.5247571520000e-06; 40; 63; 53;0
7.5444082480000e-06; 40; 61; 89;0
7.5640474000000e-06; 40; 61; 89;0
7.5836870040000e-06; 40; 60; 68;0
7.6000420130000e-06; 40; 60; 68;0
7.6196718520000e-06; 40; 59; 53;0
7.6392889170000e-06; 40; 59; 53;0
7.6589083260000e-06; 40; 58; 38;0
7.6785154270000e-06; 40; 58; 38;0
7.6981352640000e-06; 40; 56; 89;0
7.7177432360000e-06; 40; 56; 89;0
7.7373550740000e-06; 40; 55; 82;0
7.7536870920000e-06; 40; 55; 82;0
7.7732927900000e-06; 40; 54; 82;0
7.7928861350000e-06; 40; 54; 82;0
7.8124863170000e-06; 40; 53; 85;0
7.8320742590000e-06; 40; 53; 85;0
7.8516686010000e-06; 40; 52; 87;0
7.8712508560000e-06; 40; 52; 87;0
7.8908318360000e-06; 40; 52; 33;0
7.9103998990000e-06; 40; 52; 33;0
7.9267147010000e-06; 40; 51; 42;0
7.9462789750000e-06; 40; 51; 42;0
7.9658518680000e-06; 40; 50; 52;0
7.9854126400000e-06; 40; 50; 52;0
8.0049835730000e-06; 40; 49; 69;0
8.0245424840000e-06; 40; 49; 69;0
8.0441125980000e-06; 40; 48; 90;0
8.0636707120000e-06; 40; 48; 90;0
8.0832316050000e-06; 40; 48; 52;0
8.1027797370000e-06; 40; 48; 52;0
8.1190750500000e-06; 40; 46; 73;0
8.1386160700000e-06; 40; 46; 73;0
8.1581607470000e-06; 40; 46; 39;0
8.1776930050000e-06; 40; 46; 39;0
8.1972373380000e-06; 40; 45; 64;0
8.2167697180000e-06; 40; 45; 64;0
8.2363155260000e-06; 40; 44; 93;0
8.2558491890000e-06; 40; 44; 93;0
8.2753815100000e-06; 40; 43; 63;0
8.2949013450000e-06; 40; 43; 63;0
8.3144275450000e-06; 40; 43; 40;0
8.3306880590000e-06; 40; 43; 40;0
8.3502174550000e-06; 40; 42; 78;0
8.3697350340000e-06; 40; 42; 78;0
8.3892589990000e-06; 40; 42; 55;0
8.4087706160000e-06; 40; 42; 55;0
8.4282831170000e-06; 40; 41; 34;0
8.4477829880000e-06; 40; 41; 34;0
8.4673010640000e-06; 40; 40; 83;0
8.4868075150000e-06; 40; 40; 83;0
8.5063149320000e-06; 40; 39; 63;0
8.5258099640000e-06; 40; 39; 63;0
8.5420641820000e-06; 40; 39; 50;0
8.5615558760000e-06; 40; 39; 50;0
8.5810567380000e-06; 40; 39; 39;0
8.6005454780000e-06; 40; 39; 39;0
8.6200469040000e-06; 40; 37; 89;0
8.6395363400000e-06; 40; 37; 89;0
8.6590364280000e-06; 40; 37; 84;0
8.6785244670000e-06; 40; 37; 84;0
8.6980165750000e-06; 40; 36; 76;0
8.7174964720000e-06; 40; 36; 76;0
8.7369873540000e-06; 40; 36; 72;0
8.7564660180000e-06; 40; 36; 72;0
8.7759503210000e-06; 40; 35; 70;0
8.7921762080000e-06; 40; 35; 70;0
8.8116597360000e-06; 40; 35; 68;0
8.8311312160000e-06; 40; 35; 68;0
8.8506083530000e-06; 40; 34; 66;0
8.8700731990000e-06; 40; 34; 66;0
8.8895508130000e-06; 40; 34; 68;0
8.9090162890000e-06; 40; 34; 68;0
8.9284880870000e-06; 40; 33; 69;0
8.9479475230000e-06; 40; 33; 69;0
8.9674204540000e-06; 40; 33; 75;0
8.9868815670000e-06; 40; 33; 75;0
9.0063506780000e-06; 40; 32; 83;0
9.0258076710000e-06; 40; 32; 83;0
9.0420341260000e-06; 40; 32; 89;0
9.0614926670000e-06; 40; 32; 89;0
9.0809497240000e-06; 40; 32; 34;0
9.1003941730000e-06; 40; 32; 34;0
9.1198536910000e-06; 40; 32; 46;0
9.1393011510000e-06; 40; 32; 46;0
9.1587575580000e-06; 40; 31; 57;0
9.1782019500000e-06; 40; 31; 57;0
9.1976546180000e-06; 40; 30; 67;0
9.2170954130000e-06; 40; 30; 67;0
9.2365526170000e-06; 40; 30; 85;0
9.2559978420000e-06; 40; 30; 85;0
9.2754437500000e-06; 40; 30; 38;0
9.2948771830000e-06; 40; 30; 38;0
9.3143270170000e-06; 40; 30; 56;0
9.3337648850000e-06; 40; 30; 56;0
9.3499730010000e-06; 40; 29; 75;0
9.3694097550000e-06; 40; 29; 75;0
9.3888561100000e-06; 40; 28; 89;0
9.4082900790000e-06; 40; 28; 89;0
9.4277326570000e-06; 40; 29; 50;0
9.4471629640000e-06; 40; 29; 50;0
9.4666038940000e-06; 40; 28; 69;0
9.4860328830000e-06; 40; 28; 69;0
9.5054726860000e-06; 40; 27; 88;0
9.5249004820000e-06; 40; 27; 88;0
9.5443365430000e-06; 40; 28; 49;0
9.5637602890000e-06; 40; 28; 49;0
9.5831965490000e-06; 40; 27; 74;0
9.6026208030000e-06; 40; 27; 74;0
9.6220468930000e-06; 40; 27; 33;0
9.6414605000000e-06; 40; 27; 33;0
9.6576552350000e-06; 40; 27; 60;0
9.6770758390000e-06; 40; 27; 60;0
9.6965093470000e-06; 40; 26; 88;0
9.7159309470000e-06; 40; 26; 88;0
9.7353554620000e-06; 40; 26; 50;0
9.7547672020000e-06; 40; 26; 50;0
9.7741926250000e-06; 40; 25; 80;0
9.7936061770000e-06; 40; 25; 80;0
9.8130296480000e-06; 40; 26; 47;0
9.8324407740000e-06; 40; 26; 47;0
9.8518650340000e-06; 40; 25; 75;0
9.8712772520000e-06; 40; 25; 75;0
9.8906938020000e-06; 40; 25; 43;0
9.9100977200000e-06; 40; 25; 43;0
9.9296123190000e-06; 40; 41; 57;0
9.9491182250000e-06; 40; 41; 57;0
9.9653824000000e-06; 40; 41; 49;0
9.9848860850000e-06; 40; 41; 49;0
1.0004400177000e-05; 40; 41; 42;0
1.0023902202000e-05; 40; 41; 42;0
1.0043414546000e-05; 40; 41; 35;0
1.0062914717000e-05; 40; 41; 35;0
1.0082432330000e-05; 40; 40; 81;0
1.0101938106000e-05; 40; 40; 81;0
1.0121457624000e-05; 40; 41; 64;0
1.0140965217000e-05; 40; 41; 64;0
1.0160480401000e-05; 40; 41; 46;0
1.0179983422000e-05; 40; 41; 46;0
1.0196250927000e-05; 40; 40; 90;0
1.0215758996000e-05; 40; 40; 90;0
1.0235274400000e-05; 40; 40; 71;0
1.0254777591000e-05; 40; 40; 71;0
1.0274287985000e-05; 40; 40; 51;0
1.0293785881000e-05; 40; 40; 51;0
1.0313291520000e-05; 40; 40; 33;0
1.0332784938000e-05; 40; 40; 33;0
1.0352295238000e-05; 40; 39; 77;0
1.0371793863000e-05; 40; 39; 77;0
1.0391306426000e-05; 40; 40; 60;0
1.0407555812000e-05; 40; 40; 60;0
1.0427063792000e-05; 40; 40; 42;0
1.0446559600000e-05; 40; 40; 42;0
1.0466072803000e-05; 40; 39; 88;0
1.0485574254000e-05; 40; 39; 88;0
1.0505083243000e-05; 40; 39; 70;0
1.0524579886000e-05; 40; 39; 70;0
1.0544084203000e-05; 40; 39; 51;0
1.0563575984000e-05; 40; 39; 51;0
1.0583075311000e-05; 40; 39; 33;0
1.0602562385000e-05; 40; 39; 33;0
1.0622066927000e-05; 40; 38; 78;0
1.0638309975000e-05; 40; 38; 78;0
1.0657816844000e-05; 40; 39; 62;0
1.0677311615000e-05; 40; 39; 62;0
1.0696813844000e-05; 40; 39; 44;0
1.0716303766000e-05; 40; 39; 44;0
1.0735811350000e-05; 40; 38; 90;0
1.0755306989000e-05; 40; 38; 90;0
1.0774810529000e-05; 40; 38; 73;0
1.0794302075000e-05; 40; 38; 73;0
1.0813801251000e-05; 40; 38; 56;0
1.0833288243000e-05; 40; 38; 56;0
1.0852783068000e-05; 40; 38; 39;0
1.0872265558000e-05; 40; 38; 39;0
1.0888516185000e-05; 40; 37; 84;0
1.0908004235000e-05; 40; 37; 84;0
1.0927500012000e-05; 40; 37; 67;0
1.0946983665000e-05; 40; 37; 67;0
1.0966481777000e-05; 40; 38; 52;0
1.0985967789000e-05; 40; 38; 52;0
1.1005461540000e-05; 40; 38; 35;0
1.1024942965000e-05; 40; 38; 35;0
1.1044441903000e-05; 40; 37; 81;0
1.1063929035000e-05; 40; 37; 81;0
1.1083424225000e-05; 40; 37; 65;0
1.1102907386000e-05; 40; 37; 65;0
1.1119150871000e-05; 40; 37; 48;0
1.1138629578000e-05; 40; 37; 48;0
1.1158126010000e-05; 40; 36; 95;0
1.1177610688000e-05; 40; 36; 95;0
1.1197103555000e-05; 40; 36; 79;0
1.1216583973000e-05; 40; 36; 79;0
1.1236078826000e-05; 40; 37; 64;0
1.1255561677000e-05; 40; 37; 64;0
1.1275052846000e-05; 40; 37; 48;0
1.1294531368000e-05; 40; 37; 48;0
1.1314027815000e-05; 40; 36; 95;0
1.1333512551000e-05; 40; 36; 95;0
1.1349757545000e-05; 40; 36; 79;0
1.1369238162000e-05; 40; 36; 79;0
1.1388726830000e-05; 40; 36; 63;0
1.1408203200000e-05; 40; 36; 63;0
1.1427687664000e-05; 40; 36; 47;0
1.1447159996000e-05; 40; 36; 47;0
1.1466650018000e-05; 40; 35; 94;0
1.1486128272000e-05; 40; 35; 94;0
1.1505614688000e-05; 40; 35; 78;0
1.1525088938000e-05; 40; 35; 78;0
1.1544577520000e-05; 40; 36; 64;0
1.1564054072000e-05; 40; 36; 64;0
1.1583539048000e-05; 40; 36; 49;0
1.1603012019000e-05; 40; 36; 49;0
1.1619247030000e-05; 40; 36; 33;0
1.1638715784000e-05; 40; 36; 33;0
1.1658202517000e-05; 40; 35; 81;0
1.1677677391000e-05; 40; 35; 81;0
1.1697160704000e-05; 40; 35; 66;0
1.1716631744000e-05; 40; 35; 66;0
1.1736111281000e-05; 40; 35; 51;0
1.1755578386000e-05; 40; 35; 51;0
1.1775053822000e-05; 40; 35; 36;0
1.1794517147000e-05; 40; 35; 36;0
1.1813998374000e-05; 40; 34; 84;0
1.1833467969000e-05; 40; 34; 84;0
1.1849700487000e-05; 40; 34; 69;0
1.1869166139000e-05; 40; 34; 69;0
1.1888647098000e-05; 40; 35; 57;0
1.1908115946000e-05; 40; 35; 57;0
1.1927593404000e-05; 40; 35; 43;0
1.1947058464000e-05; 40; 35; 43;0
1.1966541606000e-05; 40; 34; 91;0
1.1986013040000e-05; 40; 34; 91;0
1.2005493062000e-05; 40; 34; 77;0
1.2024960776000e-05; 40; 34; 77;0
1.2044437048000e-05; 40; 34; 62;0
1.2063901070000e-05; 40; 34; 62;0
1.2083373468000e-05; 40; 34; 48;0
1.2102833656000e-05; 40; 34; 48;0
1.2119058522000e-05; 40; 34; 33;0
1.2138514842000e-05; 40; 34; 33;0
1.2157989405000e-05; 40; 33; 82;0
1.2177452258000e-05; 40; 33; 82;0
1.2196923716000e-05; 40; 33; 68;0
1.2216382975000e-05; 40; 33; 68;0
1.2235857501000e-05; 40; 34; 57;0
1.2255320223000e-05; 40; 34; 57;0
1.2274791352000e-05; 40; 34; 43;0
1.2294250451000e-05; 40; 34; 43;0
1.2313727582000e-05; 40; 33; 92;0
1.2333193167000e-05; 40; 33; 92;0
1.2352667393000e-05; 40; 33; 79;0
1.2372129482000e-05; 40; 33; 79;0
1.2391600210000e-05; 40; 33; 65;0
1.2407814699000e-05; 40; 33; 65;0
1.2427281976000e-05; 40; 33; 52;0
1.2446737194000e-05; 40; 33; 52;0
1.2466200901000e-05; 40; 33; 38;0
1.2485652338000e-05; 40; 33; 38;0
1.2505122042000e-05; 40; 32; 87;0
1.2524579901000e-05; 40; 32; 87;0
1.2544046480000e-05; 40; 32; 73;0
1.2563500933000e-05; 40; 32; 73;0
1.2582971013000e-05; 40; 33; 63;0
1.2602428982000e-05; 40; 33; 63;0
1.2621895507000e-05; 40; 33; 50;0
1.2641350276000e-05; 40; 33; 50;0
1.2660813715000e-05; 40; 33; 37;0
1.2677022142000e-05; 40; 33; 37;0
1.2696491711000e-05; 40; 32; 87;0
1.2715949672000e-05; 40; 32; 87;0
1.2735416161000e-05; 40; 32; 73;0
1.2754870445000e-05; 40; 32; 73;0
1.2774334052000e-05; 40; 32; 61;0
1.2793785329000e-05; 40; 32; 61;0
1.2813245560000e-05; 40; 32; 49;0
1.2832693616000e-05; 40; 32; 49;0
1.2852150451000e-05; 40; 32; 35;0
1.2871595085000e-05; 40; 32; 35;0
1.2891058424000e-05; 40; 31; 85;0
1.2910509956000e-05; 40; 31; 85;0
1.2926727918000e-05; 40; 31; 73;0
1.2946176511000e-05; 40; 31; 73;0
1.2965640651000e-05; 40; 32; 63;0
1.2985092514000e-05; 40; 32; 63;0
1.3004553291000e-05; 40; 32; 51;0
1.3024001977000e-05; 40; 32; 51;0
1.3043459765000e-05; 40; 32; 39;0
1.3062905258000e-05; 40; 32; 39;0
1.3082369850000e-05; 40; 31; 90;0
1.3101822651000e-05; 40; 31; 90;0
1.3121284344000e-05; 40; 31; 77;0
1.3140733937000e-05; 40; 31; 77;0
1.3160192555000e-05; 40; 31; 65;0
1.3179638820000e-05; 40; 31; 65;0
1.3195852850000e-05; 40; 31; 53;0
1.3215296458000e-05; 40; 31; 53;0
1.3234748798000e-05; 40; 31; 41;0
1.3254188981000e-05; 40; 31; 41;0
1.3273647600000e-05; 40; 30; 91;0
1.3293094611000e-05; 40; 30; 91;0
1.3312550629000e-05; 40; 30; 79;0
1.3331994460000e-05; 40; 30; 79;0
1.3351447605000e-05; 40; 30; 68;0
1.3370888674000e-05; 40; 30; 68;0
1.3390345702000e-05; 40; 31; 59;0
1.3409790566000e-05; 40; 31; 59;0
1.3429244475000e-05; 40; 31; 47;0
1.3448686350000e-05; 40; 31; 47;0
1.3468137276000e-05; 40; 31; 35;0
1.3487575979000e-05; 40; 31; 35;0
1.3503791706000e-05; 40; 30; 87;0
1.3523237672000e-05; 40; 30; 87;0
1.3542692920000e-05; 40; 30; 76;0
1.3562135991000e-05; 40; 30; 76;0
1.3581588568000e-05; 40; 30; 65;0
1.3601028909000e-05; 40; 30; 65;0
1.3620478363000e-05; 40; 30; 53;0
1.3639915530000e-05; 40; 30; 53;0
1.3659361747000e-05; 40; 30; 41;0
1.3678795745000e-05; 40; 30; 41;0
1.3698248633000e-05; 40; 29; 93;0
1.3717690064000e-05; 40; 29; 93;0
1.3737140467000e-05; 40; 29; 82;0
1.3756578808000e-05; 40; 29; 82;0
1.3772786343000e-05; 40; 29; 71;0
1.3792221946000e-05; 40; 29; 71;0
1.3811673506000e-05; 40; 30; 62;0
1.3831112931000e-05; 40; 30; 62;0
1.3850561712000e-05; 40; 30; 51;0
1.3869998372000e-05; 40; 30; 51;0
1.3889444376000e-05; 40; 30; 40;0
1.3908878308000e-05; 40; 30; 40;0
1.3928331309000e-05; 40; 29; 93;0
1.3947772675000e-05; 40; 29; 93;0
1.3967223101000e-05; 40; 29; 82;0
1.3986661545000e-05; 40; 29; 82;0
1.4006109158000e-05; 40; 29; 71;0
1.4025544816000e-05; 40; 29; 71;0
1.4044990182000e-05; 40; 29; 61;0
1.4064423201000e-05; 40; 29; 61;0
1.4083865603000e-05; 40; 29; 50;0
1.4100056407000e-05; 40; 29; 50;0
1.4119495849000e-05; 40; 29; 39;0
1.4138923311000e-05; 40; 29; 39;0
1.4158369618000e-05; 40; 28; 91;0
1.4177804165000e-05; 40; 28; 91;0
1.4197248376000e-05; 40; 28; 81;0
1.4216680357000e-05; 40; 28; 81;0
1.4236121863000e-05; 40; 28; 71;0
1.4255551302000e-05; 40; 28; 71;0
1.4274996869000e-05; 40; 29; 64;0
1.4294430753000e-05; 40; 29; 64;0
1.4313874059000e-05; 40; 29; 53;0
1.4333304929000e-05; 40; 29; 53;0
1.4352745509000e-05; 40; 29; 43;0
1.4372174091000e-05; 40; 29; 43;0
1.4388373268000e-05; 40; 29; 33;0
1.4407799036000e-05; 40; 29; 33;0
1.4427243957000e-05; 40; 28; 86;0
1.4446677194000e-05; 40; 28; 86;0
1.4466119931000e-05; 40; 28; 76;0
1.4485550777000e-05; 40; 28; 76;0
1.4504991204000e-05; 40; 28; 66;0
1.4524419475000e-05; 40; 28; 66;0
1.4543857649000e-05; 40; 28; 57;0
1.4563283560000e-05; 40; 28; 57;0
1.4582718712000e-05; 40; 28; 46;0
1.4602141693000e-05; 40; 28; 46;0
1.4621574772000e-05; 40; 28; 37;0
1.4640995508000e-05; 40; 28; 37;0
1.4660435261000e-05; 40; 27; 89;0
1.4679863161000e-05; 40; 27; 89;0
1.4696062570000e-05; 40; 27; 81;0
1.4715488574000e-05; 40; 27; 81;0
1.4734924087000e-05; 40; 27; 71;0
1.4754347578000e-05; 40; 27; 71;0
1.4773781204000e-05; 40; 27; 63;0
1.4793202568000e-05; 40; 27; 63;0
1.4812639082000e-05; 40; 28; 52;0
1.4832063735000e-05; 40; 28; 52;0
1.4851576831000e-05; 40; 41; 48;0
1.4871080317000e-05; 40; 41; 48;0
1.4890593690000e-05; 40; 41; 39;0
1.4910094751000e-05; 40; 41; 39;0
1.4929615407000e-05; 40; 40; 93;0
1.4949124277000e-05; 40; 40; 93;0
1.4965390944000e-05; 40; 40; 84;0
1.4984897459000e-05; 40; 40; 84;0
1.5004411545000e-05; 40; 40; 66;0
1.5023913511000e-05; 40; 40; 66;0
1.5043429696000e-05; 40; 41; 50;0
1.5062933954000e-05; 40; 41; 50;0
1.5082454524000e-05; 40; 40; 93;0
1.5101963530000e-05; 40; 40; 93;0
1.5121479850000e-05; 40; 40; 74;0
1.5140983835000e-05; 40; 40; 74;0
1.5160495275000e-05; 40; 40; 55;0
1.5176743663000e-05; 40; 40; 55;0
1.5196249994000e-05; 40; 40; 36;0
1.5215744181000e-05; 40; 40; 36;0
1.5235255382000e-05; 40; 39; 80;0
1.5254754728000e-05; 40; 39; 80;0
1.5274267913000e-05; 40; 40; 62;0
1.5293769035000e-05; 40; 40; 62;0
1.5313277637000e-05; 40; 40; 44;0
1.5332773949000e-05; 40; 40; 44;0
1.5352287377000e-05; 40; 39; 89;0
1.5371789011000e-05; 40; 39; 89;0
1.5391298151000e-05; 40; 39; 70;0
1.5407544448000e-05; 40; 39; 70;0
1.5427048649000e-05; 40; 39; 51;0
1.5446540414000e-05; 40; 39; 51;0
1.5466039724000e-05; 40; 39; 33;0
1.5485526969000e-05; 40; 39; 33;0
1.5505031120000e-05; 40; 38; 77;0
1.5524523446000e-05; 40; 38; 77;0
1.5544029585000e-05; 40; 39; 60;0
1.5563523834000e-05; 40; 39; 60;0
1.5583025481000e-05; 40; 39; 42;0
1.5602514894000e-05; 40; 39; 42;0
1.5622021606000e-05; 40; 38; 87;0
1.5641516399000e-05; 40; 38; 87;0
1.5657769498000e-05; 40; 38; 69;0
1.5677259854000e-05; 40; 38; 69;0
1.5696758065000e-05; 40; 38; 52;0
1.5716244108000e-05; 40; 38; 52;0
1.5735737237000e-05; 40; 38; 33;0
1.5755218119000e-05; 40; 38; 33;0
1.5774716443000e-05; 40; 37; 78;0
1.5794202825000e-05; 40; 37; 78;0
1.5813703358000e-05; 40; 38; 62;0
1.5833191924000e-05; 40; 38; 62;0
1.5852688014000e-05; 40; 38; 44;0
1.5872171939000e-05; 40; 38; 44;0
1.5888423890000e-05; 40; 37; 90;0
1.5907913495000e-05; 40; 37; 90;0
1.5927410909000e-05; 40; 37; 73;0
1.5946895984000e-05; 40; 37; 73;0
1.5966388827000e-05; 40; 37; 55;0
1.5985869363000e-05; 40; 37; 55;0
1.6005357425000e-05; 40; 37; 37;0
1.6024833317000e-05; 40; 37; 37;0
1.6044326593000e-05; 40; 36; 83;0
1.6063808052000e-05; 40; 36; 83;0
1.6083297397000e-05; 40; 36; 66;0
1.6102774557000e-05; 40; 36; 66;0
1.6119018499000e-05; 40; 37; 50;0
1.6138497694000e-05; 40; 37; 50;0
1.6157984714000e-05; 40; 37; 33;0
1.6177459558000e-05; 40; 37; 33;0
1.6196951957000e-05; 40; 36; 79;0
1.6216432389000e-05; 40; 36; 79;0
1.6235921152000e-05; 40; 36; 63;0
1.6255397651000e-05; 40; 36; 63;0
1.6274881583000e-05; 40; 36; 45;0
1.6294353246000e-05; 40; 36; 45;0
1.6313842791000e-05; 40; 35; 92;0
1.6333320761000e-05; 40; 35; 92;0
1.6352806087000e-05; 40; 35; 74;0
1.6372279314000e-05; 40; 35; 74;0
1.6388520048000e-05; 40; 36; 60;0
1.6407995701000e-05; 40; 36; 60;0
1.6427479333000e-05; 40; 36; 44;0
1.6446950824000e-05; 40; 36; 44;0
1.6466439889000e-05; 40; 35; 90;0
1.6485917057000e-05; 40; 35; 90;0
1.6505402215000e-05; 40; 35; 73;0
1.6524875109000e-05; 40; 35; 73;0
1.6544356190000e-05; 40; 35; 57;0
1.6563824896000e-05; 40; 35; 57;0
1.6583301341000e-05; 40; 35; 40;0
1.6602765736000e-05; 40; 35; 40;0
1.6619001706000e-05; 40; 34; 86;0
1.6638471806000e-05; 40; 34; 86;0
1.6657949768000e-05; 40; 34; 69;0
1.6677415310000e-05; 40; 34; 69;0
1.6696895853000e-05; 40; 35; 56;0
1.6716364437000e-05; 40; 35; 56;0
1.6735840830000e-05; 40; 35; 40;0
1.6755305375000e-05; 40; 35; 40;0
1.6774787163000e-05; 40; 34; 86;0
1.6794257214000e-05; 40; 34; 86;0
1.6813735470000e-05; 40; 34; 71;0
1.6833201617000e-05; 40; 34; 71;0
1.6852676051000e-05; 40; 34; 55;0
1.6872138115000e-05; 40; 34; 55;0
1.6891608301000e-05; 40; 34; 39;0
1.6907822110000e-05; 40; 34; 39;0
1.6927297656000e-05; 40; 33; 86;0
1.6946761557000e-05; 40; 33; 86;0
1.6966233104000e-05; 40; 33; 69;0
1.6985692545000e-05; 40; 33; 69;0
1.7005166973000e-05; 40; 34; 56;0
1.7024629447000e-05; 40; 34; 56;0
1.7044099959000e-05; 40; 34; 41;0
1.7063558451000e-05; 40; 34; 41;0
1.7083034579000e-05; 40; 33; 88;0
1.7102499035000e-05; 40; 33; 88;0
1.7121971700000e-05; 40; 33; 73;0
1.7141432162000e-05; 40; 33; 73;0
1.7157657272000e-05; 40; 33; 57;0
1.7177113764000e-05; 40; 33; 57;0
1.7196578453000e-05; 40; 33; 42;0
1.7216031057000e-05; 40; 33; 42;0
1.7235501354000e-05; 40; 32; 89;0
1.7254959822000e-05; 40; 32; 89;0
1.7274426594000e-05; 40; 32; 74;0
1.7293881234000e-05; 40; 32; 74;0
1.7313350795000e-05; 40; 33; 61;0
1.7332808465000e-05; 40; 33; 61;0
1.7352274203000e-05; 40; 33; 46;0
1.7371727808000e-05; 40; 33; 46;0
1.7391199227000e-05; 40; 32; 94;0
1.7410659107000e-05; 40; 32; 94;0
1.7426883552000e-05; 40; 32; 79;0
1.7446339436000e-05; 40; 32; 79;0
1.7465803619000e-05; 40; 32; 63;0
1.7485255509000e-05; 40; 32; 63;0
1.7504715862000e-05; 40; 32; 49;0
1.7524164112000e-05; 40; 32; 49;0
1.7543620340000e-05; 40; 32; 33;0
1.7563064363000e-05; 40; 32; 33;0
1.7582526542000e-05; 40; 31; 81;0
1.7601977058000e-05; 40; 31; 81;0
1.7621435918000e-05; 40; 31; 66;0
1.7640882527000e-05; 40; 31; 66;0
1.7660344195000e-05; 40; 32; 54;0
1.7679793729000e-05; 40; 32; 54;0
1.7699251637000e-05; 40; 32; 40;0
1.7715455587000e-05; 40; 32; 40;0
1.7734919679000e-05; 40; 31; 88;0
1.7754371983000e-05; 40; 31; 88;0
1.7773832797000e-05; 40; 31; 74;0
1.7793281394000e-05; 40; 31; 74;0
1.7812738900000e-05; 40; 31; 60;0
1.7832183938000e-05; 40; 31; 60;0
1.7851637568000e-05; 40; 31; 46;0
1.7871079166000e-05; 40; 31; 46;0
1.7890538891000e-05; 40; 30; 95;0
1.7909986901000e-05; 40; 30; 95;0
1.7929443082000e-05; 40; 30; 79;0
1.7948887022000e-05; 40; 30; 79;0
1.7965098360000e-05; 40; 30; 65;0
1.7984538690000e-05; 40; 30; 65;0
1.8003994158000e-05; 40; 31; 54;0
1.8023437794000e-05; 40; 31; 54;0
1.8042889621000e-05; 40; 31; 39;0
1.8062329443000e-05; 40; 31; 39;0
1.8081787324000e-05; 40; 30; 88;0
1.8101233489000e-05; 40; 30; 88;0
1.8120688314000e-05; 40; 30; 74;0
1.8140130975000e-05; 40; 30; 74;0
1.8159582503000e-05; 40; 30; 61;0
1.8179021537000e-05; 40; 30; 61;0
1.8198469119000e-05; 40; 30; 46;0
1.8217904584000e-05; 40; 30; 46;0
1.8237358020000e-05; 40; 29; 95;0
1.8256799919000e-05; 40; 29; 95;0
1.8273009744000e-05; 40; 29; 82;0
1.8292448144000e-05; 40; 29; 82;0
1.8311895248000e-05; 40; 29; 68;0
1.8331330122000e-05; 40; 29; 68;0
1.8350780288000e-05; 40; 30; 57;0
1.8370218666000e-05; 40; 30; 57;0
1.8389665224000e-05; 40; 30; 42;0
1.8409099545000e-05; 40; 30; 42;0
1.8428552289000e-05; 40; 29; 92;0
1.8447993277000e-05; 40; 29; 92;0
1.8467443091000e-05; 40; 29; 79;0
1.8486880903000e-05; 40; 29; 79;0
1.8506327139000e-05; 40; 29; 65;0
1.8525761249000e-05; 40; 29; 65;0
1.8545204265000e-05; 40; 29; 52;0
1.8561395516000e-05; 40; 29; 52;0
1.8580834829000e-05; 40; 29; 38;0
1.8600262010000e-05; 40; 29; 38;0
1.8619707605000e-05; 40; 28; 88;0
1.8639141477000e-05; 40; 28; 88;0
1.8658584199000e-05; 40; 28; 75;0
1.8678014831000e-05; 40; 28; 75;0
1.8697460486000e-05; 40; 29; 64;0
1.8716894457000e-05; 40; 29; 64;0
1.8736337201000e-05; 40; 29; 51;0
1.8755767873000e-05; 40; 29; 51;0
1.8775206999000e-05; 40; 29; 38;0
1.8794634339000e-05; 40; 29; 38;0
1.8814080152000e-05; 40; 28; 89;0
1.8833514159000e-05; 40; 28; 89;0
1.8849717729000e-05; 40; 28; 76;0
1.8869148496000e-05; 40; 28; 76;0
1.8888587932000e-05; 40; 28; 62;0
1.8908015211000e-05; 40; 28; 62;0
1.8927451467000e-05; 40; 28; 50;0
1.8946875544000e-05; 40; 28; 50;0
1.8966308367000e-05; 40; 28; 37;0
1.8985729198000e-05; 40; 28; 37;0
1.9005168477000e-05; 40; 27; 87;0
1.9024595884000e-05; 40; 27; 87;0
1.9044032354000e-05; 40; 27; 74;0
1.9063456667000e-05; 40; 27; 74;0
1.9082896317000e-05; 40; 28; 64;0
1.9102324007000e-05; 40; 28; 64;0
1.9121761172000e-05; 40; 28; 53;0
1.9141186118000e-05; 40; 28; 53;0
1.9157381735000e-05; 40; 28; 40;0
1.9176803417000e-05; 40; 28; 40;0
1.9196243475000e-05; 40; 27; 90;0
1.9215671904000e-05; 40; 27; 90;0
1.9235109065000e-05; 40; 27; 78;0
1.9254534313000e-05; 40; 27; 78;0
1.9273968561000e-05; 40; 27; 66;0
1.9293390521000e-05; 40; 27; 66;0
1.9312821655000e-05; 40; 27; 53;0
1.9332240420000e-05; 40; 27; 53;0
1.9351668370000e-05; 40; 27; 41;0
1.9371084128000e-05; 40; 27; 41;0
1.9390518243000e-05; 40; 26; 91;0
1.9409940647000e-05; 40; 26; 91;0
1.9429372102000e-05; 40; 26; 79;0
1.9448791389000e-05; 40; 26; 79;0
1.9468219871000e-05; 40; 26; 68;0
1.9487636351000e-05; 40; 26; 68;0
1.9503831020000e-05; 40; 27; 59;0
1.9523251345000e-05; 40; 27; 59;0
1.9542680662000e-05; 40; 27; 47;0
1.9562097975000e-05; 40; 27; 47;0
1.9581524305000e-05; 40; 27; 35;0
1.9600938311000e-05; 40; 27; 35;0
1.9620371231000e-05; 40; 26; 86;0
1.9639792196000e-05; 40; 26; 86;0
1.9659222265000e-05; 40; 26; 74;0
1.9678640303000e-05; 40; 26; 74;0
1.9698067622000e-05; 40; 26; 62;0
1.9717482472000e-05; 40; 26; 62;0
1.9736906805000e-05; 40; 26; 51;0
1.9756318983000e-05; 40; 26; 51;0
1.9775740102000e-05; 40; 26; 39;0
1.9795149217000e-05; 40; 26; 39;0
1.9814577010000e-05; 40; 25; 91;0
1.9830756451000e-05; 40; 25; 91;0
1.9850181749000e-05; 40; 25; 79;0
1.9869594924000e-05; 40; 25; 79;0
1.9889017425000e-05; 40; 25; 68;0
1.9908427809000e-05; 40; 25; 68;0
1.9927854102000e-05; 40; 26; 59;0
1.9947268421000e-05; 40; 26; 59;0
1.9966691997000e-05; 40; 26; 48;0
1.9986103323000e-05; 40; 26; 48;0
2.0005523892000e-05; 40; 26; 37;0
2.0024932559000e-05; 40; 26; 37;0
2.0044359754000e-05; 40; 25; 88;0
2.0063775208000e-05; 40; 25; 88;0
2.0083199927000e-05; 40; 25; 77;0
2.0102612707000e-05; 40; 25; 77;0
2.0122034661000e-05; 40; 25; 66;0
2.0141444536000e-05; 40; 25; 66;0
2.0157628417000e-05; 40; 25; 55;0
2.0177035419000e-05; 40; 25; 55;0
2.0196451805000e-05; 40; 25; 44;0
2.0215856005000e-05; 40; 25; 44;0
2.0235269633000e-05; 40; 25; 33;0
2.0254671054000e-05; 40; 25; 33;0
2.0274091039000e-05; 40; 24; 84;0
2.0293499319000e-05; 40; 24; 84;0
2.0312917346000e-05; 40; 24; 74;0
2.0332323074000e-05; 40; 24; 74;0
2.0351738330000e-05; 40; 24; 64;0
2.0371141606000e-05; 40; 24; 64;0
2.0390560906000e-05; 40; 25; 56;0
2.0409968228000e-05; 40; 25; 56;0
2.0429384854000e-05; 40; 25; 45;0
2.0448789369000e-05; 40; 25; 45;0
2.0468203454000e-05; 40; 25; 35;0
2.0487605357000e-05; 40; 25; 35;0
2.0503790435000e-05; 40; 24; 87;0
2.0523199608000e-05; 40; 24; 87;0
2.0542618303000e-05; 40; 24; 77;0
2.0562024798000e-05; 40; 24; 77;0
2.0581440679000e-05; 40; 24; 66;0
2.0600844300000e-05; 40; 24; 66;0
2.0620257493000e-05; 40; 24; 55;0
2.0639658471000e-05; 40; 24; 55;0
2.0659068696000e-05; 40; 24; 44;0
2.0678466807000e-05; 40; 24; 44;0
2.0697874788000e-05; 40; 24; 35;0
2.0717270618000e-05; 40; 24; 35;0
2.0736685254000e-05; 40; 23; 87;0
2.0756088361000e-05; 40; 23; 87;0
2.0775500836000e-05; 40; 23; 76;0
2.0794900893000e-05; 40; 23; 76;0
2.0814310733000e-05; 40; 23; 67;0
2.0833708645000e-05; 40; 23; 67;0
2.0853122582000e-05; 40; 24; 59;0
2.0869289878000e-05; 40; 24; 59;0
2.0888701505000e-05; 40; 24; 50;0
2.0908101278000e-05; 40; 24; 50;0
2.0927510465000e-05; 40; 24; 40;0
2.0946907576000e-05; 40; 24; 40;0
2.0966323448000e-05; 40; 23; 92;0
2.0985727660000e-05; 40; 23; 92;0
2.1005141372000e-05; 40; 23; 82;0
2.1024543105000e-05; 40; 23; 82;0
2.1043954576000e-05; 40; 23; 73;0
2.1063353937000e-05; 40; 23; 73;0
2.1082763067000e-05; 40; 23; 63;0
2.1102159794000e-05; 40; 23; 63;0
2.1121565952000e-05; 40; 23; 52;0
2.1140959973000e-05; 40; 23; 52;0
2.1160363397000e-05; 40; 23; 42;0
2.1179754778000e-05; 40; 23; 42;0
2.1199165363000e-05; 40; 22; 95;0
2.1215330098000e-05; 40; 22; 95;0
2.1234738547000e-05; 40; 22; 85;0
2.1254134866000e-05; 40; 22; 85;0
2.1273540985000e-05; 40; 22; 76;0
2.1292935031000e-05; 40; 22; 76;0
2.1312338759000e-05; 40; 22; 67;0
2.1331730519000e-05; 40; 22; 67;0
2.1351138305000e-05; 40; 23; 59;0
2.1370534182000e-05; 40; 23; 59;0
2.1389939831000e-05; 40; 23; 50;0
2.1409333140000e-05; 40; 23; 50;0
2.1428736187000e-05; 40; 23; 40;0
2.1448127147000e-05; 40; 23; 40;0
2.1467537530000e-05; 40; 22; 94;0
2.1486936045000e-05; 40; 22; 94;0
2.1506344454000e-05; 40; 22; 85;0
2.1525740682000e-05; 40; 22; 85;0
2.1545146399000e-05; 40; 22; 75;0
2.1564540166000e-05; 40; 22; 75;0
2.1580710660000e-05; 40; 22; 66;0
2.1600102317000e-05; 40; 22; 66;0
2.1619503374000e-05; 40; 22; 56;0
2.1638892385000e-05; 40; 22; 56;0
2.1658290862000e-05; 40; 22; 46;0
2.1677677196000e-05; 40; 22; 46;0
2.1697073605000e-05; 40; 22; 37;0
2.1716457618000e-05; 40; 22; 37;0
2.1735861023000e-05; 40; 21; 91;0
2.1755252591000e-05; 40; 21; 91;0
2.1774653918000e-05; 40; 21; 82;0
2.1794043380000e-05; 40; 21; 82;0
2.1813442407000e-05; 40; 21; 73;0
2.1832829576000e-05; 40; 21; 73;0
2.1852226395000e-05; 40; 21; 64;0
2.1871611211000e-05; 40; 21; 64;0
2.1891012236000e-05; 40; 22; 57;0
2.1910401466000e-05; 40; 22; 57;0
2.1929800585000e-05; 40; 22; 49;0
2.1945955581000e-05; 40; 22; 49;0
2.1965352453000e-05; 40; 22; 40;0
2.1984737268000e-05; 40; 22; 40;0
2.2004141603000e-05; 40; 21; 95;0
2.2023534177000e-05; 40; 21; 95;0
2.2042936652000e-05; 40; 21; 86;0
2.2062327247000e-05; 40; 21; 86;0
2.2081727545000e-05; 40; 21; 77;0
2.2101115556000e-05; 40; 21; 77;0
2.2120513408000e-05; 40; 21; 68;0
2.2139899236000e-05; 40; 21; 68;0
2.2159294987000e-05; 40; 21; 59;0
2.2178678670000e-05; 40; 21; 59;0
2.2198071991000e-05; 40; 21; 50;0
2.2217453129000e-05; 40; 21; 50;0
2.2236844331000e-05; 40; 21; 41;0
2.2256223276000e-05; 40; 21; 41;0
2.2275612110000e-05; 40; 21; 33;0
2.2294989166000e-05; 40; 21; 33;0
2.2314385296000e-05; 40; 20; 87;0
2.2333769893000e-05; 40; 20; 87;0
2.2349933033000e-05; 40; 20; 79;0
2.2369315425000e-05; 40; 20; 79;0
2.2388707881000e-05; 40; 20; 71;0
2.2408088410000e-05; 40; 20; 71;0
2.2427479038000e-05; 40; 20; 64;0
2.2446857844000e-05; 40; 20; 64;0
2.2466252929000e-05; 40; 21; 57;0
2.2485635963000e-05; 40; 21; 57;0
2.2505028878000e-05; 40; 21; 49;0
2.2524409841000e-05; 40; 21; 49;0
2.2543800771000e-05; 40; 21; 41;0
2.2563179578000e-05; 40; 21; 41;0
2.2582568470000e-05; 40; 21; 33;0
2.2601945529000e-05; 40; 21; 33;0
2.2621342137000e-05; 40; 20; 88;0
2.2640726862000e-05; 40; 20; 88;0
2.2660121487000e-05; 40; 20; 79;0
2.2679503943000e-05; 40; 20; 79;0
2.2698896794000e-05; 40; 20; 72;0
2.2718277482000e-05; 40; 20; 72;0
2.2737668178000e-05; 40; 20; 64;0
2.2753815975000e-05; 40; 20; 64;0
2.2773204728000e-05; 40; 20; 56;0
2.2792581432000e-05; 40; 20; 56;0
2.2811967906000e-05; 40; 20; 47;0
2.2831342392000e-05; 40; 20; 47;0
2.2850726790000e-05; 40; 20; 39;0
2.2870099074000e-05; 40; 20; 39;0
2.2889490953000e-05; 40; 19; 94;0
2.2908871074000e-05; 40; 19; 94;0
2.2928261700000e-05; 40; 19; 87;0
2.2947640095000e-05; 40; 19; 87;0
2.2967028814000e-05; 40; 19; 79;0
2.2986405291000e-05; 40; 19; 79;0
2.3005792003000e-05; 40; 19; 72;0
2.3025166568000e-05; 40; 19; 72;0
2.3044551694000e-05; 40; 19; 65;0
2.3063924566000e-05; 40; 19; 65;0
2.3083313747000e-05; 40; 20; 58;0
2.3102690777000e-05; 40; 20; 58;0
2.3122078156000e-05; 40; 20; 51;0
2.3141453568000e-05; 40; 20; 51;0
2.3157608988000e-05; 40; 20; 43;0
2.3176982265000e-05; 40; 20; 43;0
2.3196366031000e-05; 40; 20; 36;0
2.3215737511000e-05; 40; 20; 36;0
2.3235128812000e-05; 40; 19; 91;0
2.3254508385000e-05; 40; 19; 91;0
2.3273897891000e-05; 40; 19; 83;0
2.3293275449000e-05; 40; 19; 83;0
2.3312663477000e-05; 40; 19; 77;0
2.3332039463000e-05; 40; 19; 77;0
2.3351425476000e-05; 40; 19; 69;0
2.3370799337000e-05; 40; 19; 69;0
2.3390183496000e-05; 40; 19; 61;0
2.3409555314000e-05; 40; 19; 61;0
2.3428937207000e-05; 40; 19; 53;0
2.3448307051000e-05; 40; 19; 53;0
2.3467687214000e-05; 40; 19; 46;0
2.3487055201000e-05; 40; 19; 46;0
2.3506433852000e-05; 40; 19; 39;0
2.3525800154000e-05; 40; 19; 39;0
2.3545186279000e-05; 40; 18; 95;0
2.3561330797000e-05; 40; 18; 95;0
2.3580715053000e-05; 40; 18; 87;0
2.3600087560000e-05; 40; 18; 87;0
2.3619470598000e-05; 40; 18; 81;0
2.3638841550000e-05; 40; 18; 81;0
2.3658222589000e-05; 40; 18; 74;0
2.3677591712000e-05; 40; 18; 74;0
2.3696971123000e-05; 40; 18; 67;0
2.3716338475000e-05; 40; 18; 67;0
2.3735722557000e-05; 40; 19; 62;0
2.3755094816000e-05; 40; 19; 62;0
2.3774477191000e-05; 40; 19; 55;0
2.3793847369000e-05; 40; 19; 55;0
2.3813227654000e-05; 40; 19; 47;0
2.3832595945000e-05; 40; 19; 47;0
2.3851974793000e-05; 40; 19; 41;0
2.3871341477000e-05; 40; 19; 41;0
2.3890718622000e-05; 40; 19; 34;0
2.3910083548000e-05; 40; 19; 34;0
2.3929468494000e-05; 40; 18; 90;0
2.3948841739000e-05; 40; 18; 90;0
2.3968225158000e-05; 40; 18; 83;0
2.3987596404000e-05; 40; 18; 83;0
2.4003749104000e-05; 40; 18; 77;0
2.4023118871000e-05; 40; 18; 77;0
2.4042498999000e-05; 40; 18; 70;0
2.4061867002000e-05; 40; 18; 70;0
2.4081245566000e-05; 40; 18; 63;0
2.4100611975000e-05; 40; 18; 63;0
2.4119988450000e-05; 40; 18; 55;0
2.4139352663000e-05; 40; 18; 55;0
2.4158727234000e-05; 40; 18; 48;0
2.4178089669000e-05; 40; 18; 48;0
2.4197462661000e-05; 40; 18; 42;0
2.4216823634000e-05; 40; 18; 42;0
2.4236194927000e-05; 40; 18; 35;0
2.4255554114000e-05; 40; 18; 35;0
2.4274933392000e-05; 40; 17; 92;0
2.4294300989000e-05; 40; 17; 92;0
2.4313679023000e-05; 40; 17; 86;0
2.4333045176000e-05; 40; 17; 86;0
2.4352421684000e-05; 40; 17; 80;0
2.4371786317000e-05; 40; 17; 80;0
2.4391161140000e-05; 40; 17; 74;0
2.4410524294000e-05; 40; 17; 74;0
2.4429897656000e-05; 40; 17; 68;0
2.4446031215000e-05; 40; 17; 68;0
2.4465409528000e-05; 40; 18; 63;0
2.4484775704000e-05; 40; 18; 63;0
2.4504152765000e-05; 40; 18; 57;0
2.4523517654000e-05; 40; 18; 57;0
2.4542892665000e-05; 40; 18; 50;0
2.4562255802000e-05; 40; 18; 50;0
2.4581629573000e-05; 40; 18; 45;0
2.4600991225000e-05; 40; 18; 45;0
2.4620364020000e-05; 40; 18; 41;0
2.4639724774000e-05; 40; 18; 41;0
2.4659096143000e-05; 40; 18; 36;0
2.4678455740000e-05; 40; 18; 36;0
2.4697827679000e-05; 40; 18; 38;0
2.4717187582000e-05; 40; 18; 38;0
2.4736567915000e-05; 40; 19; 48;0
2.4755936506000e-05; 40; 19; 48;0
2.4775334288000e-05; 40; 20; 94;0
2.4794720641000e-05; 40; 20; 94;0
2.4814120534000e-05; 40; 21; 76;0
2.4833508551000e-05; 40; 21; 76;0
2.4852910997000e-05; 40; 23; 38;0
2.4869068656000e-05; 40; 23; 38;0
2.4888475871000e-05; 40; 24; 33;0
2.4907871141000e-05; 40; 24; 33;0
2.4927291549000e-05; 40; 25; 62;0
2.4946700359000e-05; 40; 25; 62;0
2.4966121191000e-05; 40; 25; 62;0
2.4985530236000e-05; 40; 25; 62;0
2.5004952386000e-05; 40; 26; 43;0
2.5024362436000e-05; 40; 26; 43;0
2.5043785234000e-05; 40; 25; 70;0
2.5063196089000e-05; 40; 25; 70;0
2.5082623401000e-05; 40; 25; 88;0
2.5102038866000e-05; 40; 25; 88;0
2.5121459261000e-05; 40; 26; 35;0
2.5140867293000e-05; 40; 26; 35;0
2.5160288745000e-05; 40; 26; 40;0
2.5179697982000e-05; 40; 26; 40;0
2.5195884067000e-05; 40; 26; 42;0
2.5215293867000e-05; 40; 26; 42;0
2.5234715864000e-05; 40; 26; 42;0
2.5254125888000e-05; 40; 26; 42;0
2.5273547198000e-05; 40; 26; 40;0
2.5292956581000e-05; 40; 26; 40;0
2.5312377241000e-05; 40; 26; 37;0
2.5331785757000e-05; 40; 26; 37;0
2.5351205725000e-05; 40; 26; 34;0
2.5370613504000e-05; 40; 26; 34;0
2.5390042035000e-05; 40; 25; 94;0
2.5409459233000e-05; 40; 25; 94;0
2.5428887223000e-05; 40; 25; 90;0
2.5448303109000e-05; 40; 25; 90;0
2.5467730542000e-05; 40; 25; 87;0
2.5487145765000e-05; 40; 25; 87;0
2.5506572021000e-05; 40; 25; 83;0
2.5525986214000e-05; 40; 25; 83;0
2.5545411319000e-05; 40; 25; 79;0
2.5561587985000e-05; 40; 25; 79;0
2.5581012089000e-05; 40; 25; 75;0
2.5600424139000e-05; 40; 25; 75;0
2.5619847355000e-05; 40; 25; 71;0
2.5639258443000e-05; 40; 25; 71;0
2.5658680680000e-05; 40; 25; 67;0
2.5678090823000e-05; 40; 25; 67;0
2.5697512193000e-05; 40; 25; 63;0
2.5716921333000e-05; 40; 25; 63;0
2.5736347852000e-05; 40; 26; 61;0
2.5755762313000e-05; 40; 26; 61;0
2.5775188161000e-05; 40; 26; 57;0
2.5794601786000e-05; 40; 26; 57;0
2.5814026589000e-05; 40; 26; 53;0
2.5833439087000e-05; 40; 26; 53;0
2.5852862564000e-05; 40; 26; 48;0
2.5869037852000e-05; 40; 26; 48;0
2.5888460236000e-05; 40; 26; 44;0
2.5907870579000e-05; 40; 26; 44;0
2.5927291993000e-05; 40; 26; 40;0
2.5946701579000e-05; 40; 26; 40;0
2.5966121852000e-05; 40; 26; 36;0
2.5985530207000e-05; 40; 26; 36;0
2.6004959273000e-05; 40; 25; 95;0
2.6024376652000e-05; 40; 25; 95;0
2.6043804781000e-05; 40; 25; 90;0
2.6063220827000e-05; 40; 25; 90;0
2.6082647862000e-05; 40; 25; 86;0
2.6102062939000e-05; 40; 25; 86;0
2.6121488772000e-05; 40; 25; 82;0
2.6140902780000e-05; 40; 25; 82;0
2.6160327672000e-05; 40; 25; 78;0
2.6179740494000e-05; 40; 25; 78;0
2.6195928139000e-05; 40; 25; 74;0
2.6215340152000e-05; 40; 25; 74;0
2.6234762635000e-05; 40; 25; 69;0
2.6254173284000e-05; 40; 25; 69;0
2.6273594970000e-05; 40; 25; 65;0
2.6293004618000e-05; 40; 25; 65;0
2.6312425458000e-05; 40; 25; 61;0
2.6331833966000e-05; 40; 25; 61;0
2.6351253215000e-05; 40; 25; 56;0
2.6370660543000e-05; 40; 25; 56;0
2.6390078796000e-05; 40; 25; 52;0
2.6409485183000e-05; 40; 25; 52;0
2.6428902242000e-05; 40; 25; 47;0
2.6448307361000e-05; 40; 25; 47;0
2.6467723358000e-05; 40; 25; 43;0
2.6487127505000e-05; 40; 25; 43;0
2.6506542351000e-05; 40; 25; 39;0
2.6525945472000e-05; 40; 25; 39;0
2.6545359101000e-05; 40; 25; 34;0
2.6561526134000e-05; 40; 25; 34;0
2.6580948524000e-05; 40; 24; 93;0
2.6600359248000e-05; 40; 24; 93;0
2.6619780862000e-05; 40; 24; 89;0
2.6639190403000e-05; 40; 24; 89;0
2.6658610801000e-05; 40; 24; 84;0
2.6678018955000e-05; 40; 24; 84;0
2.6697438315000e-05; 40; 24; 80;0
2.6716845648000e-05; 40; 24; 80;0
2.6736263967000e-05; 40; 24; 76;0
2.6755670242000e-05; 40; 24; 76;0
2.6775087589000e-05; 40; 24; 72;0
2.6794492780000e-05; 40; 24; 72;0
2.6813909199000e-05; 40; 24; 68;0
2.6833313550000e-05; 40; 24; 68;0
2.6852728918000e-05; 40; 24; 64;0
2.6872132100000e-05; 40; 24; 64;0
2.6891552770000e-05; 40; 25; 61;0
2.6907725625000e-05; 40; 25; 61;0
2.6927145196000e-05; 40; 25; 57;0
2.6946552682000e-05; 40; 25; 57;0
2.6965971403000e-05; 40; 25; 53;0
2.6985377710000e-05; 40; 25; 53;0
2.7004795437000e-05; 40; 25; 49;0
2.7024200823000e-05; 40; 25; 49;0
2.7043617367000e-05; 40; 25; 45;0
2.7063022047000e-05; 40; 25; 45;0
2.7082437323000e-05; 40; 25; 40;0
2.7101840604000e-05; 40; 25; 40;0
2.7121254849000e-05; 40; 25; 36;0
2.7140657114000e-05; 40; 25; 36;0
2.7160079813000e-05; 40; 24; 95;0
2.7179490911000e-05; 40; 24; 95;0
2.7198913169000e-05; 40; 24; 91;0
2.7218323437000e-05; 40; 24; 91;0
2.7237744200000e-05; 40; 24; 86;0
2.7253917359000e-05; 40; 24; 86;0
2.7273337284000e-05; 40; 24; 82;0
2.7292745037000e-05; 40; 24; 82;0
2.7312163755000e-05; 40; 24; 78;0
2.7331570592000e-05; 40; 24; 78;0
2.7350988198000e-05; 40; 24; 73;0
2.7370393671000e-05; 40; 24; 73;0
2.7389810317000e-05; 40; 24; 69;0
2.7409214618000e-05; 40; 24; 69;0
2.7428630112000e-05; 40; 24; 65;0
2.7448033529000e-05; 40; 24; 65;0
2.7467447833000e-05; 40; 24; 60;0
2.7486850020000e-05; 40; 24; 60;0
2.7506263168000e-05; 40; 24; 56;0
2.7525664391000e-05; 40; 24; 56;0
2.7545076216000e-05; 40; 24; 51;0
2.7564476263000e-05; 40; 24; 51;0
2.7583887256000e-05; 40; 24; 47;0
2.7600052126000e-05; 40; 24; 47;0
2.7619461741000e-05; 40; 24; 42;0
2.7638859273000e-05; 40; 24; 42;0
2.7658267945000e-05; 40; 24; 38;0
2.7677664403000e-05; 40; 24; 38;0
2.7697071980000e-05; 40; 24; 34;0
2.7716467469000e-05; 40; 24; 34;0
2.7735883298000e-05; 40; 23; 92;0
2.7755287533000e-05; 40; 23; 92;0
2.7774702758000e-05; 40; 23; 88;0
2.7794106038000e-05; 40; 23; 88;0
2.7813520308000e-05; 40; 23; 84;0
2.7832922599000e-05; 40; 23; 84;0
2.7852335586000e-05; 40; 23; 80;0
2.7871736807000e-05; 40; 23; 80;0
2.7891149006000e-05; 40; 23; 76;0
2.7910549191000e-05; 40; 23; 76;0
2.7929960103000e-05; 40; 23; 71;0
2.7946124720000e-05; 40; 23; 71;0
2.7965534612000e-05; 40; 23; 67;0
2.7984932322000e-05; 40; 23; 67;0
2.8004341365000e-05; 40; 23; 63;0
2.8023738100000e-05; 40; 23; 63;0
2.8043152428000e-05; 40; 24; 61;0
2.8062554866000e-05; 40; 24; 61;0
2.8081968353000e-05; 40; 24; 57;0
2.8101369842000e-05; 40; 24; 57;0
2.8120782123000e-05; 40; 24; 52;0
2.8140182349000e-05; 40; 24; 52;0
2.8159593492000e-05; 40; 24; 48;0
2.8178992630000e-05; 40; 24; 48;0
2.8198402789000e-05; 40; 24; 44;0
2.8217801033000e-05; 40; 24; 44;0
2.8237210307000e-05; 40; 24; 40;0
2.8256607431000e-05; 40; 24; 40;0
2.8272781576000e-05; 40; 24; 35;0
2.8292177543000e-05; 40; 24; 35;0
2.8311593756000e-05; 40; 23; 94;0
2.8330998552000e-05; 40; 23; 94;0
2.8350414377000e-05; 40; 23; 90;0
2.8369818075000e-05; 40; 23; 90;0
2.8389232512000e-05; 40; 23; 85;0
2.8408634828000e-05; 40; 23; 85;0
2.8428048236000e-05; 40; 23; 81;0
2.8447449839000e-05; 40; 23; 81;0
2.8466862154000e-05; 40; 23; 77;0
2.8486262706000e-05; 40; 23; 77;0
2.8505674131000e-05; 40; 23; 73;0
2.8525073494000e-05; 40; 23; 73;0
2.8544483639000e-05; 40; 23; 68;0
2.8563881735000e-05; 40; 23; 68;0
2.8583290948000e-05; 40; 23; 64;0
2.8602687818000e-05; 40; 23; 64;0
2.8622095867000e-05; 40; 23; 59;0
2.8638258012000e-05; 40; 23; 59;0
2.8657664784000e-05; 40; 23; 55;0
2.8677059541000e-05; 40; 23; 55;0
2.8696464917000e-05; 40; 23; 50;0
2.8715858417000e-05; 40; 23; 50;0
2.8735262950000e-05; 40; 23; 46;0
2.8754655412000e-05; 40; 23; 46;0
2.8774058952000e-05; 40; 23; 42;0
2.8793450278000e-05; 40; 23; 42;0
2.8812852479000e-05; 40; 23; 37;0
2.8832242649000e-05; 40; 23; 37;0
2.8851643804000e-05; 40; 23; 33;0
2.8871032782000e-05; 40; 23; 33;0
2.8890442275000e-05; 40; 22; 91;0
2.8909840098000e-05; 40; 22; 91;0
2.8929249098000e-05; 40; 22; 87;0
2.8948645714000e-05; 40; 22; 87;0
2.8968053600000e-05; 40; 22; 83;0
2.8987449364000e-05; 40; 22; 83;0
2.9006856211000e-05; 40; 22; 79;0
2.9023017564000e-05; 40; 22; 79;0
2.9042423314000e-05; 40; 22; 75;0
2.9061816959000e-05; 40; 22; 75;0
2.9081221690000e-05; 40; 22; 71;0
2.9100614505000e-05; 40; 22; 71;0
2.9120018254000e-05; 40; 22; 67;0
2.9139410145000e-05; 40; 22; 67;0
2.9158818854000e-05; 40; 23; 64;0
2.9178215926000e-05; 40; 23; 64;0
2.9197624049000e-05; 40; 23; 60;0
2.9217020073000e-05; 40; 23; 60;0
2.9236427059000e-05; 40; 23; 56;0
2.9255822071000e-05; 40; 23; 56;0
2.9275228042000e-05; 40; 23; 52;0
2.9294622105000e-05; 40; 23; 52;0
2.9314027015000e-05; 40; 23; 48;0
2.9333420099000e-05; 40; 23; 48;0
2.9352823793000e-05; 40; 23; 43;0
2.9372215400000e-05; 40; 23; 43;0
2.9388385289000e-05; 40; 23; 39;0
2.9407776029000e-05; 40; 23; 39;0
2.9427177727000e-05; 40; 23; 35;0
2.9446567469000e-05; 40; 23; 35;0
2.9465977438000e-05; 40; 22; 93;0
2.9485375707000e-05; 40; 22; 93;0
2.9504785110000e-05; 40; 22; 89;0
2.9524182386000e-05; 40; 22; 89;0
2.9543590767000e-05; 40; 22; 85;0
2.9562986936000e-05; 40; 22; 85;0
2.9582394175000e-05; 40; 22; 81;0
2.9601789550000e-05; 40; 22; 81;0
2.9621195659000e-05; 40; 22; 76;0
2.9640589635000e-05; 40; 22; 76;0
2.9659994583000e-05; 40; 22; 72;0
2.9679387743000e-05; 40; 22; 72;0
2.9698791766000e-05; 40; 22; 68;0
2.9718183706000e-05; 40; 22; 68;0
2.9734354053000e-05; 40; 22; 63;0
2.9753744644000e-05; 40; 22; 63;0
2.9773146381000e-05; 40; 22; 59;0
2.9792536050000e-05; 40; 22; 59;0
2.9811936508000e-05; 40; 22; 54;0
2.9831324803000e-05; 40; 22; 54;0
2.9850724312000e-05; 40; 22; 50;0
2.9870111541000e-05; 40; 22; 50;0
2.9889509703000e-05; 40; 22; 46;0
2.9908896058000e-05; 40; 22; 46;0
2.9928293269000e-05; 40; 22; 41;0
2.9947678285000e-05; 40; 22; 41;0
2.9967074368000e-05; 40; 22; 37;0
2.9986458421000e-05; 40; 22; 37;0
3.0005853403000e-05; 40; 22; 33;0
3.0025236442000e-05; 40; 22; 33;0
3.0044639991000e-05; 40; 21; 92;0
3.0064031682000e-05; 40; 21; 92;0
3.0083434480000e-05; 40; 21; 87;0
3.0102825051000e-05; 40; 21; 87;0
3.0122226707000e-05; 40; 21; 83;0
3.0138383838000e-05; 40; 21; 83;0
3.0157784505000e-05; 40; 21; 79;0
3.0177173030000e-05; 40; 21; 79;0
3.0196572554000e-05; 40; 21; 75;0
3.0215960212000e-05; 40; 21; 75;0
3.0235358650000e-05; 40; 21; 71;0
3.0254745299000e-05; 40; 21; 71;0
3.0274142764000e-05; 40; 21; 67;0
3.0293528448000e-05; 40; 21; 67;0
3.0312924986000e-05; 40; 21; 63;0
3.0332309534000e-05; 40; 21; 63;0
3.0351711417000e-05; 40; 22; 61;0
3.0371101685000e-05; 40; 22; 61;0
3.0390502906000e-05; 40; 22; 57;0
3.0409892032000e-05; 40; 22; 57;0
3.0429292126000e-05; 40; 22; 52;0
3.0448680050000e-05; 40; 22; 52;0
3.0468078840000e-05; 40; 22; 48;0
3.0487465679000e-05; 40; 22; 48;0
3.0506863608000e-05; 40; 22; 44;0
3.0523017459000e-05; 40; 22; 44;0
3.0542414273000e-05; 40; 22; 40;0
3.0561799083000e-05; 40; 22; 40;0
3.0581194857000e-05; 40; 22; 36;0
3.0600578756000e-05; 40; 22; 36;0
3.0619982954000e-05; 40; 21; 95;0
3.0639375663000e-05; 40; 21; 95;0
3.0658779166000e-05; 40; 21; 90;0
3.0678170454000e-05; 40; 21; 90;0
3.0697573151000e-05; 40; 21; 86;0
3.0716963454000e-05; 40; 21; 86;0
3.0736364846000e-05; 40; 21; 82;0
3.0755754132000e-05; 40; 21; 82;0
3.0775154527000e-05; 40; 21; 78;0
3.0794542913000e-05; 40; 21; 78;0
3.0813942289000e-05; 40; 21; 74;0
3.0833329720000e-05; 40; 21; 74;0
3.0852728119000e-05; 40; 21; 70;0
3.0872114507000e-05; 40; 21; 70;0
3.0891511570000e-05; 40; 21; 65;0
3.0907664790000e-05; 40; 21; 65;0
3.0927061028000e-05; 40; 21; 61;0
3.0946445144000e-05; 40; 21; 61;0
3.0965840222000e-05; 40; 21; 57;0
3.0985223136000e-05; 40; 21; 57;0
3.1004616858000e-05; 40; 21; 52;0
3.1023998605000e-05; 40; 21; 52;0
3.1043391459000e-05; 40; 21; 48;0
3.1062772228000e-05; 40; 21; 48;0
3.1082163831000e-05; 40; 21; 44;0
3.1101543385000e-05; 40; 21; 44;0
3.1120933911000e-05; 40; 21; 39;0
3.1140312244000e-05; 40; 21; 39;0
3.1159701599000e-05; 40; 21; 35;0
3.1179079002000e-05; 40; 21; 35;0
3.1198477043000e-05; 40; 20; 94;0
3.1217863406000e-05; 40; 20; 94;0
3.1237260620000e-05; 40; 20; 90;0
3.1256646080000e-05; 40; 20; 90;0
3.1272810719000e-05; 40; 20; 86;0
3.1292195091000e-05; 40; 20; 86;0
3.1311590413000e-05; 40; 20; 82;0
3.1330973673000e-05; 40; 20; 82;0
3.1350367904000e-05; 40; 20; 78;0
3.1369750090000e-05; 40; 20; 78;0
3.1389143383000e-05; 40; 20; 74;0
3.1408524589000e-05; 40; 20; 74;0
3.1427916772000e-05; 40; 20; 70;0
3.1447296927000e-05; 40; 20; 70;0
3.1466688165000e-05; 40; 20; 66;0
3.1486067229000e-05; 40; 20; 66;0
3.1505463884000e-05; 40; 21; 64;0
3.1524848630000e-05; 40; 21; 64;0
3.1544244513000e-05; 40; 21; 60;0
3.1563628335000e-05; 40; 21; 60;0
3.1583022824000e-05; 40; 21; 55;0
3.1602405180000e-05; 40; 21; 55;0
3.1621798566000e-05; 40; 21; 51;0
3.1641180030000e-05; 40; 21; 51;0
3.1660572558000e-05; 40; 21; 47;0
3.1676721972000e-05; 40; 21; 47;0
3.1696113481000e-05; 40; 21; 43;0
3.1715492933000e-05; 40; 21; 43;0
3.1734883427000e-05; 40; 21; 39;0
3.1754261673000e-05; 40; 21; 39;0
3.1773651137000e-05; 40; 21; 35;0
3.1793028364000e-05; 40; 21; 35;0
3.1812426288000e-05; 40; 20; 94;0
3.1831812549000e-05; 40; 20; 94;0
3.1851209781000e-05; 40; 20; 90;0
3.1870595335000e-05; 40; 20; 90;0
3.1889991468000e-05; 40; 20; 86;0
3.1909375892000e-05; 40; 20; 86;0
3.1928771189000e-05; 40; 20; 82;0
3.1948154382000e-05; 40; 20; 82;0
3.1967548636000e-05; 40; 20; 78;0
3.1986930871000e-05; 40; 20; 78;0
3.2006324137000e-05; 40; 20; 74;0
3.2025705242000e-05; 40; 20; 74;0
3.2045097276000e-05; 40; 20; 69;0
3.2064477239000e-05; 40; 20; 69;0
3.2083868064000e-05; 40; 20; 65;0
3.2100016262000e-05; 40; 20; 65;0
3.2119406532000e-05; 40; 20; 61;0
3.2138784362000e-05; 40; 20; 61;0
3.2158173287000e-05; 40; 20; 57;0
3.2177550271000e-05; 40; 20; 57;0
3.2196938331000e-05; 40; 20; 53;0
3.2216314279000e-05; 40; 20; 53;0
3.2235700859000e-05; 40; 20; 48;0
3.2255075541000e-05; 40; 20; 48;0
3.2274461097000e-05; 40; 20; 44;0
3.2293834759000e-05; 40; 20; 44;0
3.2313219277000e-05; 40; 20; 40;0
3.2332591842000e-05; 40; 20; 40;0
3.2351975428000e-05; 40; 20; 36;0
3.2371346904000e-05; 40; 20; 36;0
3.2390739033000e-05; 40; 19; 95;0
3.2410119657000e-05; 40; 19; 95;0
3.2429511318000e-05; 40; 19; 91;0
3.2448890820000e-05; 40; 19; 91;0
3.2468281415000e-05; 40; 19; 87;0
3.2484428938000e-05; 40; 19; 87;0
3.2503818479000e-05; 40; 19; 83;0
3.2523195894000e-05; 40; 19; 83;0
3.2542584397000e-05; 40; 19; 79;0
3.2561960890000e-05; 40; 19; 79;0
3.2581348600000e-05; 40; 19; 76;0
3.2600724150000e-05; 40; 19; 76;0
3.2620111016000e-05; 40; 19; 72;0
3.2639485700000e-05; 40; 19; 72;0
3.2658871303000e-05; 40; 19; 68;0
3.2678245022000e-05; 40; 19; 68;0
3.2697629724000e-05; 40; 19; 64;0
3.2717002431000e-05; 40; 19; 64;0
3.2736392584000e-05; 40; 20; 62;0
3.2755770664000e-05; 40; 20; 62;0
3.2775159984000e-05; 40; 20; 58;0
3.2794537134000e-05; 40; 20; 58;0
3.2813925285000e-05; 40; 20; 54;0
3.2833301447000e-05; 40; 20; 54;0
3.2852688598000e-05; 40; 20; 50;0
3.2872063823000e-05; 40; 20; 50;0
3.2891449896000e-05; 40; 20; 46;0
3.2907593890000e-05; 40; 20; 46;0
3.2926979131000e-05; 40; 20; 42;0
3.2946352157000e-05; 40; 20; 42;0
3.2965736350000e-05; 40; 20; 38;0
3.2985108476000e-05; 40; 20; 38;0
3.3004491430000e-05; 40; 20; 34;0
3.3023862469000e-05; 40; 20; 34;0
3.3043254177000e-05; 40; 19; 93;0
3.3062634278000e-05; 40; 19; 93;0
3.3082025261000e-05; 40; 19; 89;0
3.3101404320000e-05; 40; 19; 89;0
3.3120794275000e-05; 40; 19; 85;0
3.3140172281000e-05; 40; 19; 85;0
3.3159561162000e-05; 40; 19; 81;0
3.3178938043000e-05; 40; 19; 81;0
3.3198326328000e-05; 40; 19; 78;0
3.3217702580000e-05; 40; 19; 78;0
3.3237089929000e-05; 40; 19; 74;0
3.3256465223000e-05; 40; 19; 74;0
3.3275851282000e-05; 40; 19; 70;0
3.3295225470000e-05; 40; 19; 70;0
3.3314610712000e-05; 40; 19; 66;0
3.3330753951000e-05; 40; 19; 66;0
3.3350138283000e-05; 40; 19; 62;0
3.3369510526000e-05; 40; 19; 62;0
3.3388893754000e-05; 40; 19; 58;0
3.3408264780000e-05; 40; 19; 58;0
3.3427646636000e-05; 40; 19; 53;0
3.3447016579000e-05; 40; 19; 53;0
3.3466397565000e-05; 40; 19; 49;0
3.3485766337000e-05; 40; 19; 49;0
3.3505146341000e-05; 40; 19; 45;0
3.3524514303000e-05; 40; 19; 45;0
3.3543893169000e-05; 40; 19; 41;0
3.3563259932000e-05; 40; 19; 41;0
3.3582638055000e-05; 40; 19; 38;0
3.3602004053000e-05; 40; 19; 38;0
3.3621380929000e-05; 40; 19; 34;0
3.3640745922000e-05; 40; 19; 34;0
3.3660131434000e-05; 40; 18; 93;0
3.3679505420000e-05; 40; 18; 93;0
3.3698890315000e-05; 40; 18; 89;0
3.3718263270000e-05; 40; 18; 89;0
3.3737647169000e-05; 40; 18; 85;0
3.3753789312000e-05; 40; 18; 85;0
3.3773172487000e-05; 40; 18; 82;0
3.3792543519000e-05; 40; 18; 82;0
3.3811925648000e-05; 40; 18; 78;0
3.3831295962000e-05; 40; 18; 78;0
3.3850677054000e-05; 40; 18; 74;0
3.3870046248000e-05; 40; 18; 74;0
3.3889426551000e-05; 40; 18; 71;0
3.3908794756000e-05; 40; 18; 71;0
3.3928174109000e-05; 40; 18; 67;0
3.3947541349000e-05; 40; 18; 67;0
3.3966919886000e-05; 40; 18; 63;0
3.3986286217000e-05; 40; 18; 63;0
3.4005669984000e-05; 40; 19; 61;0
3.4025041814000e-05; 40; 19; 61;0
3.4044424733000e-05; 40; 19; 58;0
3.4063795934000e-05; 40; 19; 58;0
3.4083178164000e-05; 40; 19; 54;0
3.4102548177000e-05; 40; 19; 54;0
3.4121929166000e-05; 40; 19; 50;0
3.4141298270000e-05; 40; 19; 50;0
3.4160678396000e-05; 40; 19; 46;0
3.4176817522000e-05; 40; 19; 46;0
3.4196196831000e-05; 40; 19; 43;0
3.4215564139000e-05; 40; 19; 43;0
3.4234942522000e-05; 40; 19; 39;0
3.4254308707000e-05; 40; 19; 39;0
3.4273686081000e-05; 40; 19; 35;0
3.4293051392000e-05; 40; 19; 35;0
3.4312437187000e-05; 40; 18; 94;0
3.4331811322000e-05; 40; 18; 94;0
3.4351196940000e-05; 40; 18; 91;0
3.4370570303000e-05; 40; 18; 91;0
3.4389954676000e-05; 40; 18; 87;0
3.4409327083000e-05; 40; 18; 87;0
3.4428710472000e-05; 40; 18; 83;0
3.4448081836000e-05; 40; 18; 83;0
3.4467464403000e-05; 40; 18; 80;0
3.4486835006000e-05; 40; 18; 80;0
3.4506216651000e-05; 40; 18; 76;0
3.4525586207000e-05; 40; 18; 76;0
3.4544966765000e-05; 40; 18; 72;0
3.4564335329000e-05; 40; 18; 72;0
3.4580485960000e-05; 40; 18; 68;0
3.4599853613000e-05; 40; 18; 68;0
3.4619232058000e-05; 40; 18; 64;0
3.4638598659000e-05; 40; 18; 64;0
3.4657976488000e-05; 40; 18; 60;0
3.4677342029000e-05; 40; 18; 60;0
3.4696718791000e-05; 40; 18; 57;0
3.4716083650000e-05; 40; 18; 57;0
3.4735459437000e-05; 40; 18; 53;0
3.4754823147000e-05; 40; 18; 53;0
3.4774198045000e-05; 40; 18; 49;0
3.4793560464000e-05; 40; 18; 49;0
3.4812934375000e-05; 40; 18; 45;0
3.4832296067000e-05; 40; 18; 45;0
3.4851668733000e-05; 40; 18; 41;0
3.4871029577000e-05; 40; 18; 41;0
3.4890401431000e-05; 40; 18; 38;0
3.4909761382000e-05; 40; 18; 38;0
3.4929132216000e-05; 40; 18; 34;0
3.4948491110000e-05; 40; 18; 34;0
3.4967870731000e-05; 40; 17; 93;0
3.4987238597000e-05; 40; 17; 93;0
3.5006617536000e-05; 40; 17; 90;0
3.5025984566000e-05; 40; 17; 90;0
3.5045362681000e-05; 40; 17; 86;0
3.5061499984000e-05; 40; 17; 86;0
3.5080877256000e-05; 40; 17; 83;0
3.5100242597000e-05; 40; 17; 83;0
3.5119618868000e-05; 40; 17; 79;0
3.5138983171000e-05; 40; 17; 79;0
3.5158358571000e-05; 40; 17; 76;0
3.5177722153000e-05; 40; 17; 76;0
3.5197096962000e-05; 40; 17; 73;0
3.5216459673000e-05; 40; 17; 73;0
3.5235833321000e-05; 40; 17; 69;0
3.5255195045000e-05; 40; 17; 69;0
3.5274567692000e-05; 40; 17; 65;0
3.5293928365000e-05; 40; 17; 65;0
3.5313306756000e-05; 40; 18; 64;0
3.5332673454000e-05; 40; 18; 64;0
3.5352051136000e-05; 40; 18; 60;0
3.5371416558000e-05; 40; 18; 60;0
3.5390793281000e-05; 40; 18; 57;0
3.5410158050000e-05; 40; 18; 57;0
3.5429533741000e-05; 40; 18; 53;0
3.5448897437000e-05; 40; 18; 53;0
3.5468272372000e-05; 40; 18; 50;0
3.5484407252000e-05; 40; 18; 50;0
3.5503781177000e-05; 40; 18; 46;0
3.5523143246000e-05; 40; 18; 46;0
3.5542516584000e-05; 40; 18; 43;0
3.5561877792000e-05; 40; 18; 43;0
3.5581250040000e-05; 40; 18; 39;0
3.5600610363000e-05; 40; 18; 39;0
3.5619981581000e-05; 40; 18; 35;0
3.5639340751000e-05; 40; 18; 35;0
3.5658720730000e-05; 40; 17; 95;0
3.5678089128000e-05; 40; 17; 95;0
3.5697468368000e-05; 40; 17; 91;0
3.5716835631000e-05; 40; 17; 91;0
3.5736214272000e-05; 40; 17; 88;0
3.5755581036000e-05; 40; 17; 88;0
3.5774958715000e-05; 40; 17; 84;0
3.5794324236000e-05; 40; 17; 84;0
3.5813701128000e-05; 40; 17; 81;0
3.5833065693000e-05; 40; 17; 81;0
3.5852441395000e-05; 40; 17; 77;0
3.5871805124000e-05; 40; 17; 77;0
3.5891180126000e-05; 40; 17; 74;0
3.5910543125000e-05; 40; 17; 74;0
3.5929917148000e-05; 40; 17; 70;0
3.5946051083000e-05; 40; 17; 70;0
3.5965424373000e-05; 40; 17; 67;0
3.5984785609000e-05; 40; 17; 67;0
3.6004157804000e-05; 40; 17; 63;0
3.6023518096000e-05; 40; 17; 63;0
3.6042889372000e-05; 40; 17; 59;0
3.6062248543000e-05; 40; 17; 59;0
3.6081618811000e-05; 40; 17; 56;0
3.6100977109000e-05; 40; 17; 56;0
3.6120346552000e-05; 40; 17; 52;0
3.6139703824000e-05; 40; 17; 52;0
3.6159072277000e-05; 40; 17; 48;0
3.6178428454000e-05; 40; 17; 48;0
3.6197796080000e-05; 40; 17; 45;0
3.6217151589000e-05; 40; 17; 45;0
3.6236518248000e-05; 40; 17; 41;0
3.6255872820000e-05; 40; 17; 41;0
3.6275238545000e-05; 40; 17; 38;0
3.6294592343000e-05; 40; 17; 38;0
3.6313957138000e-05; 40; 17; 34;0
3.6333310011000e-05; 40; 17; 34;0
3.6352683626000e-05; 40; 16; 94;0
3.6372045502000e-05; 40; 16; 94;0
3.6391418819000e-05; 40; 16; 91;0
3.6407552245000e-05; 40; 16; 91;0
3.6426924701000e-05; 40; 16; 88;0
3.6446285167000e-05; 40; 16; 88;0
3.6465656535000e-05; 40; 16; 84;0
3.6485015982000e-05; 40; 16; 84;0
3.6504386495000e-05; 40; 16; 81;0
3.6523745155000e-05; 40; 16; 81;0
3.6543115170000e-05; 40; 16; 78;0
3.6562472811000e-05; 40; 16; 78;0
3.6581842080000e-05; 40; 16; 75;0
3.6601199223000e-05; 40; 16; 75;0
3.6620567574000e-05; 40; 16; 72;0
3.6639923965000e-05; 40; 16; 72;0
3.6659291376000e-05; 40; 16; 68;0
3.6678646779000e-05; 40; 16; 68;0
3.6698013287000e-05; 40; 16; 65;0
3.6717367884000e-05; 40; 16; 65;0
3.6736740133000e-05; 40; 17; 64;0
3.6756100434000e-05; 40; 17; 64;0
3.6775472200000e-05; 40; 17; 60;0
3.6794831431000e-05; 40; 17; 60;0
3.6814202137000e-05; 40; 17; 57;0
3.6833560786000e-05; 40; 17; 57;0
3.6849703231000e-05; 40; 17; 54;0
3.6869060947000e-05; 40; 17; 54;0
3.6888430055000e-05; 40; 17; 51;0
3.6907787105000e-05; 40; 17; 51;0
3.6927155196000e-05; 40; 17; 47;0
3.6946511272000e-05; 40; 17; 47;0
3.6965878489000e-05; 40; 17; 44;0
3.6985233802000e-05; 40; 17; 44;0
3.7004600401000e-05; 40; 17; 41;0
3.7023954933000e-05; 40; 17; 41;0
3.7043320532000e-05; 40; 17; 37;0
3.7062674233000e-05; 40; 17; 37;0
3.7082039083000e-05; 40; 17; 34;0
3.7101391856000e-05; 40; 17; 34;0
3.7120765594000e-05; 40; 16; 94;0
3.7140127755000e-05; 40; 16; 94;0
3.7159500968000e-05; 40; 16; 91;0
3.7178862178000e-05; 40; 16; 91;0
3.7198234414000e-05; 40; 16; 87;0
3.7217594542000e-05; 40; 16; 87;0
3.7236965900000e-05; 40; 16; 84;0
3.7256325185000e-05; 40; 16; 84;0
3.7275695945000e-05; 40; 16; 81;0
3.7295054425000e-05; 40; 16; 81;0
3.7314424559000e-05; 40; 16; 78;0
3.7333782248000e-05; 40; 16; 78;0
3.7349924263000e-05; 40; 16; 75;0
3.7369281259000e-05; 40; 16; 75;0
3.7388649398000e-05; 40; 16; 71;0
3.7408005490000e-05; 40; 16; 71;0
3.7427372769000e-05; 40; 16; 68;0
3.7446728166000e-05; 40; 16; 68;0
3.7466094757000e-05; 40; 16; 65;0
3.7485449296000e-05; 40; 16; 65;0
3.7504815054000e-05; 40; 16; 61;0
3.7524168690000e-05; 40; 16; 61;0
3.7543533360000e-05; 40; 16; 58;0
3.7562886329000e-05; 40; 16; 58;0
3.7582250395000e-05; 40; 16; 55;0
3.7601602441000e-05; 40; 16; 55;0
3.7620965444000e-05; 40; 16; 51;0
3.7640316362000e-05; 40; 16; 51;0
3.7659678646000e-05; 40; 16; 48;0
3.7679028931000e-05; 40; 16; 48;0
3.7698390334000e-05; 40; 16; 45;0
3.7717739940000e-05; 40; 16; 45;0
3.7737100758000e-05; 40; 16; 42;0
3.7756449423000e-05; 40; 16; 42;0
3.7775809208000e-05; 40; 16; 38;0
3.7795156909000e-05; 40; 16; 38;0
3.7814515927000e-05; 40; 16; 35;0
3.7830637252000e-05; 40; 16; 35;0
3.7850004723000e-05; 40; 15; 95;0
3.7869360559000e-05; 40; 15; 95;0
3.7888727705000e-05; 40; 15; 92;0
3.7908082711000e-05; 40; 15; 92;0
3.7927448977000e-05; 40; 15; 89;0
3.7946803198000e-05; 40; 15; 89;0
3.7966168921000e-05; 40; 15; 87;0
3.7985522831000e-05; 40; 15; 87;0
3.8004887727000e-05; 40; 15; 84;0
3.8024240627000e-05; 40; 15; 84;0
3.8043604777000e-05; 40; 15; 81;0
3.8062957066000e-05; 40; 15; 81;0
3.8082320578000e-05; 40; 15; 78;0
3.8101672072000e-05; 40; 15; 78;0
3.8121034756000e-05; 40; 15; 75;0
3.8140385621000e-05; 40; 15; 75;0
3.8159747539000e-05; 40; 15; 72;0
3.8179097587000e-05; 40; 15; 72;0
3.8198458857000e-05; 40; 15; 69;0
3.8217808047000e-05; 40; 15; 69;0
3.8237168479000e-05; 40; 15; 66;0
3.8256516893000e-05; 40; 15; 66;0
3.8275876800000e-05; 40; 15; 63;0
3.8295224502000e-05; 40; 15; 63;0
3.8314590023000e-05; 40; 16; 62;0
3.8330717187000e-05; 40; 16; 62;0
3.8350082324000e-05; 40; 16; 59;0
3.8369435384000e-05; 40; 16; 59;0
3.8388799668000e-05; 40; 16; 56;0
3.8408152010000e-05; 40; 16; 56;0
3.8427515741000e-05; 40; 16; 53;0
3.8446867082000e-05; 40; 16; 53;0
3.8466229988000e-05; 40; 16; 50;0
3.8485580711000e-05; 40; 16; 50;0
3.8504942774000e-05; 40; 16; 47;0
3.8524292792000e-05; 40; 16; 47;0
3.8543654070000e-05; 40; 16; 44;0
3.8563003365000e-05; 40; 16; 44;0
3.8582363966000e-05; 40; 16; 41;0
3.8601712607000e-05; 40; 16; 41;0
3.8621072402000e-05; 40; 16; 38;0
3.8640420081000e-05; 40; 16; 38;0
3.8659778894000e-05; 40; 16; 35;0
3.8679125859000e-05; 40; 16; 35;0
3.8698484302000e-05; 40; 16; 33;0
3.8717830706000e-05; 40; 16; 33;0
3.8737197665000e-05; 40; 15; 93;0
3.8756553036000e-05; 40; 15; 93;0
3.8775919798000e-05; 40; 15; 90;0
3.8795274242000e-05; 40; 15; 90;0
3.8814639957000e-05; 40; 15; 87;0
3.8830767085000e-05; 40; 15; 87;0
3.8850132159000e-05; 40; 15; 84;0
3.8869485106000e-05; 40; 15; 84;0
3.8888849404000e-05; 40; 15; 81;0
3.8908201634000e-05; 40; 15; 81;0
3.8927565193000e-05; 40; 15; 78;0
3.8946916593000e-05; 40; 15; 78;0
3.8966279364000e-05; 40; 15; 75;0
3.8985630079000e-05; 40; 15; 75;0
3.9004992302000e-05; 40; 15; 73;0
3.9024342329000e-05; 40; 15; 73;0
3.9043703930000e-05; 40; 15; 70;0
3.9063053422000e-05; 40; 15; 70;0
3.9082414126000e-05; 40; 15; 67;0
3.9101762713000e-05; 40; 15; 67;0
3.9121122598000e-05; 40; 15; 64;0
3.9140470383000e-05; 40; 15; 64;0
3.9159829788000e-05; 40; 15; 61;0
3.9179176833000e-05; 40; 15; 61;0
3.9198535420000e-05; 40; 15; 58;0
3.9217881744000e-05; 40; 15; 58;0
3.9237239338000e-05; 40; 15; 55;0
3.9256584841000e-05; 40; 15; 55;0
3.9275941797000e-05; 40; 15; 52;0
3.9295286673000e-05; 40; 15; 52;0
3.9314642831000e-05; 40; 15; 49;0
3.9330761833000e-05; 40; 15; 49;0
3.9350117087000e-05; 40; 15; 46;0
3.9369460427000e-05; 40; 15; 46;0
3.9388815030000e-05; 40; 15; 43;0
3.9408157571000e-05; 40; 15; 43;0
3.9427511371000e-05; 40; 15; 40;0
3.9446853157000e-05; 40; 15; 40;0
3.9466206592000e-05; 40; 15; 38;0
3.9485547768000e-05; 40; 15; 38;0
3.9504900357000e-05; 40; 15; 35;0
3.9524240774000e-05; 40; 15; 35;0
3.9543592722000e-05; 40; 15; 33;0
3.9562932932000e-05; 40; 15; 33;0
3.9582293609000e-05; 40; 14; 93;0
3.9601642697000e-05; 40; 14; 93;0
3.9621003194000e-05; 40; 14; 90;0
3.9640351617000e-05; 40; 14; 90;0
3.9659711569000e-05; 40; 14; 88;0
3.9679059376000e-05; 40; 14; 88;0
3.9698418760000e-05; 40; 14; 85;0
3.9717765970000e-05; 40; 14; 85;0
3.9737124503000e-05; 40; 14; 83;0
3.9756471044000e-05; 40; 14; 83;0
3.9775829430000e-05; 40; 14; 81;0
3.9795175713000e-05; 40; 14; 81;0
3.9814533033000e-05; 40; 14; 78;0
3.9830653198000e-05; 40; 14; 78;0
3.9850009935000e-05; 40; 14; 76;0
3.9869354833000e-05; 40; 14; 76;0
3.9888710961000e-05; 40; 14; 73;0
3.9908055103000e-05; 40; 14; 73;0
3.9927410529000e-05; 40; 14; 70;0
3.9946753966000e-05; 40; 14; 70;0
3.9966108893000e-05; 40; 14; 68;0
3.9985451790000e-05; 40; 14; 68;0
4.0004805917000e-05; 40; 14; 65;0
4.0024147986000e-05; 40; 14; 65;0
4.0043501701000e-05; 40; 14; 63;0
4.0062843490000e-05; 40; 14; 63;0
4.0082202705000e-05; 40; 15; 62;0
4.0101550116000e-05; 40; 15; 62;0
4.0120908825000e-05; 40; 15; 59;0
4.0140255416000e-05; 40; 15; 59;0
4.0159613473000e-05; 40; 15; 57;0
4.0178959558000e-05; 40; 15; 57;0
4.0198316814000e-05; 40; 15; 54;0
4.0217662434000e-05; 40; 15; 54;0
4.0237019212000e-05; 40; 15; 52;0
4.0256364087000e-05; 40; 15; 52;0
4.0275720220000e-05; 40; 15; 49;0
4.0295064433000e-05; 40; 15; 49;0
4.0314420017000e-05; 40; 15; 47;0
4.0333763612000e-05; 40; 15; 47;0
4.0349893602000e-05; 40; 15; 44;0
4.0369236304000e-05; 40; 15; 44;0
4.0388590820000e-05; 40; 15; 42;0
4.0407933135000e-05; 40; 15; 42;0
4.0427286863000e-05; 40; 15; 39;0
4.0446628603000e-05; 40; 15; 39;0
4.0465981730000e-05; 40; 15; 37;0
4.0485322730000e-05; 40; 15; 37;0
4.0504674989000e-05; 40; 15; 34;0
4.0524015311000e-05; 40; 15; 34;0
4.0543376698000e-05; 40; 14; 95;0
4.0562726241000e-05; 40; 14; 95;0
4.0582087264000e-05; 40; 14; 92;0
4.0601436062000e-05; 40; 14; 92;0
4.0620796582000e-05; 40; 14; 90;0
4.0640144963000e-05; 40; 14; 90;0
4.0659504635000e-05; 40; 14; 87;0
4.0678852296000e-05; 40; 14; 87;0
4.0698211330000e-05; 40; 14; 85;0
4.0717558509000e-05; 40; 14; 85;0
4.0736916982000e-05; 40; 14; 82;0
4.0756263358000e-05; 40; 14; 82;0
4.0775621230000e-05; 40; 14; 80;0
4.0794967012000e-05; 40; 14; 80;0
4.0814324242000e-05; 40; 14; 77;0
4.0833669264000e-05; 40; 14; 77;0
4.0853026016000e-05; 40; 14; 75;0
4.0869145507000e-05; 40; 14; 75;0
4.0888501524000e-05; 40; 14; 72;0
4.0907845318000e-05; 40; 14; 72;0
4.0927200311000e-05; 40; 14; 69;0
4.0946543413000e-05; 40; 14; 69;0
4.0965897986000e-05; 40; 14; 67;0
4.0985240589000e-05; 40; 14; 67;0
4.1004594509000e-05; 40; 14; 64;0
4.1023936303000e-05; 40; 14; 64;0
4.1043289951000e-05; 40; 14; 62;0
4.1062631302000e-05; 40; 14; 62;0
4.1081983737000e-05; 40; 14; 59;0
4.1101324280000e-05; 40; 14; 59;0
4.1120676227000e-05; 40; 14; 57;0
4.1140016383000e-05; 40; 14; 57;0
4.1159367662000e-05; 40; 14; 54;0
4.1178706972000e-05; 40; 14; 54;0
4.1198057798000e-05; 40; 14; 52;0
4.1217396584000e-05; 40; 14; 52;0
4.1236746607000e-05; 40; 14; 49;0
4.1256084695000e-05; 40; 14; 49;0
4.1275434176000e-05; 40; 14; 47;0
4.1294771568000e-05; 40; 14; 47;0
4.1314120298000e-05; 40; 14; 44;0
4.1333457158000e-05; 40; 14; 44;0
4.1352805300000e-05; 40; 14; 42;0
4.1372141583000e-05; 40; 14; 42;0
4.1391489197000e-05; 40; 14; 40;0
4.1407601289000e-05; 40; 14; 40;0
4.1426948604000e-05; 40; 14; 38;0
4.1446283817000e-05; 40; 14; 38;0
4.1465630220000e-05; 40; 14; 35;0
4.1484964710000e-05; 40; 14; 35;0
4.1504310603000e-05; 40; 14; 33;0
4.1523644436000e-05; 40; 14; 33;0
4.1542999470000e-05; 40; 13; 94;0
4.1562342712000e-05; 40; 13; 94;0
4.1581697738000e-05; 40; 13; 92;0
4.1601040582000e-05; 40; 13; 92;0
4.1620395015000e-05; 40; 13; 90;0
4.1639737335000e-05; 40; 13; 90;0
4.1659091173000e-05; 40; 13; 88;0
4.1678432925000e-05; 40; 13; 88;0
4.1697786250000e-05; 40; 13; 86;0
4.1717127590000e-05; 40; 13; 86;0
4.1736480365000e-05; 40; 13; 84;0
4.1755821248000e-05; 40; 13; 84;0
4.1775173563000e-05; 40; 13; 82;0
4.1794513949000e-05; 40; 13; 82;0
4.1813865792000e-05; 40; 13; 80;0
4.1833205562000e-05; 40; 13; 80;0
4.1852556870000e-05; 40; 13; 78;0
4.1871896108000e-05; 40; 13; 78;0
4.1891246894000e-05; 40; 13; 76;0
4.1910585761000e-05; 40; 13; 76;0
4.1929935812000e-05; 40; 13; 73;0
4.1946049808000e-05; 40; 13; 73;0
4.1965399275000e-05; 40; 13; 71;0
4.1984736791000e-05; 40; 13; 71;0
4.2004085800000e-05; 40; 13; 69;0
4.2023422678000e-05; 40; 13; 69;0
4.2042771222000e-05; 40; 13; 67;0
4.2062107883000e-05; 40; 13; 67;0
4.2081455652000e-05; 40; 13; 65;0
4.2100791513000e-05; 40; 13; 65;0
4.2120139226000e-05; 40; 13; 63;0
4.2139474680000e-05; 40; 13; 63;0
4.2158827723000e-05; 40; 14; 62;0
4.2178169077000e-05; 40; 14; 62;0
4.2197521963000e-05; 40; 14; 60;0
4.2216862840000e-05; 40; 14; 60;0
4.2236215174000e-05; 40; 14; 58;0
4.2255555488000e-05; 40; 14; 58;0
4.2274907305000e-05; 40; 14; 56;0
4.2294247278000e-05; 40; 14; 56;0
4.2313598675000e-05; 40; 14; 54;0
4.2332937899000e-05; 40; 14; 54;0
4.2352288794000e-05; 40; 14; 52;0
4.2371627503000e-05; 40; 14; 52;0
4.2390977779000e-05; 40; 14; 50;0
4.2410316096000e-05; 40; 14; 50;0
4.2429665923000e-05; 40; 14; 48;0
4.2449003614000e-05; 40; 14; 48;0
4.2468352935000e-05; 40; 14; 46;0
4.2484466308000e-05; 40; 14; 46;0
4.2503814934000e-05; 40; 14; 44;0
4.2523151755000e-05; 40; 14; 44;0
4.2542499855000e-05; 40; 14; 42;0
4.2561836019000e-05; 40; 14; 42;0
4.2581183784000e-05; 40; 14; 40;0
4.2600519496000e-05; 40; 14; 40;0
4.2619866708000e-05; 40; 14; 38;0
4.2639201947000e-05; 40; 14; 38;0
4.2658548809000e-05; 40; 14; 36;0
4.2677883438000e-05; 40; 14; 36;0
4.2697229775000e-05; 40; 14; 34;0
4.2716563811000e-05; 40; 14; 34;0
4.2735919071000e-05; 40; 13; 95;0
4.2755262637000e-05; 40; 13; 95;0
4.2774617732000e-05; 40; 13; 93;0
4.2793960893000e-05; 40; 13; 93;0
4.2813315338000e-05; 40; 13; 91;0
4.2832657908000e-05; 40; 13; 91;0
4.2852011882000e-05; 40; 13; 89;0
4.2871353968000e-05; 40; 13; 89;0
4.2890707440000e-05; 40; 13; 87;0
4.2910049086000e-05; 40; 13; 87;0
4.2929402272000e-05; 40; 13; 85;0
4.2948743202000e-05; 40; 13; 85;0
4.2968095715000e-05; 40; 13; 83;0
4.2987436229000e-05; 40; 13; 83;0
4.3006788116000e-05; 40; 13; 81;0
4.3022903983000e-05; 40; 13; 81;0
4.3042255704000e-05; 40; 13; 79;0
4.3061595249000e-05; 40; 13; 79;0
4.3080946182000e-05; 40; 13; 77;0
4.3100285243000e-05; 40; 13; 77;0
4.3119635523000e-05; 40; 13; 74;0
4.3138973828000e-05; 40; 13; 74;0
4.3158323572000e-05; 40; 13; 72;0
4.3177661270000e-05; 40; 13; 72;0
4.3197010384000e-05; 40; 13; 70;0
4.3216347787000e-05; 40; 13; 70;0
4.3235696582000e-05; 40; 13; 68;0
4.3255033204000e-05; 40; 13; 68;0
4.3274381335000e-05; 40; 13; 66;0
4.3293717573000e-05; 40; 13; 66;0
4.3313065323000e-05; 40; 13; 64;0
4.3332401046000e-05; 40; 13; 64;0
4.3351748436000e-05; 40; 13; 62;0
4.3371083650000e-05; 40; 13; 62;0
4.3390430294000e-05; 40; 13; 60;0
4.3409765045000e-05; 40; 13; 60;0
4.3429111189000e-05; 40; 13; 58;0
4.3448445385000e-05; 40; 13; 58;0
4.3467790918000e-05; 40; 13; 56;0
4.3487124608000e-05; 40; 13; 56;0
4.3506469818000e-05; 40; 13; 54;0
4.3525803075000e-05; 40; 13; 54;0
4.3545147742000e-05; 40; 13; 52;0
4.3564480332000e-05; 40; 13; 52;0
4.3583824576000e-05; 40; 13; 50;0
4.3599933649000e-05; 40; 13; 50;0
4.3619277499000e-05; 40; 13; 48;0
4.3638608975000e-05; 40; 13; 48;0
4.3657952294000e-05; 40; 13; 47;0
4.3677283840000e-05; 40; 13; 47;0
4.3696626817000e-05; 40; 13; 45;0
4.3715957649000e-05; 40; 13; 45;0
4.3735300094000e-05; 40; 13; 43;0
4.3754630463000e-05; 40; 13; 43;0
4.3773972395000e-05; 40; 13; 41;0
4.3793302262000e-05; 40; 13; 41;0
4.3812643871000e-05; 40; 13; 40;0
4.3831973552000e-05; 40; 13; 40;0
4.3851314581000e-05; 40; 13; 38;0
4.3870643749000e-05; 40; 13; 38;0
4.3889984464000e-05; 40; 13; 37;0
4.3909313465000e-05; 40; 13; 37;0
4.3928653838000e-05; 40; 13; 35;0
4.3947982198000e-05; 40; 13; 35;0
4.3967322365000e-05; 40; 13; 34;0
4.3986650584000e-05; 40; 13; 34;0
4.4005999647000e-05; 40; 12; 95;0
4.4025337133000e-05; 40; 12; 95;0
4.4044686460000e-05; 40; 12; 94;0
4.4064023818000e-05; 40; 12; 94;0
4.4083372641000e-05; 40; 12; 92;0
4.4102709425000e-05; 40; 12; 92;0
4.4122057867000e-05; 40; 12; 91;0
4.4141394517000e-05; 40; 12; 91;0
4.4160742401000e-05; 40; 12; 89;0
4.4176854756000e-05; 40; 12; 89;0
4.4196202503000e-05; 40; 12; 88;0
4.4215538224000e-05; 40; 12; 88;0
4.4234885555000e-05; 40; 12; 86;0
4.4254220860000e-05; 40; 12; 86;0
4.4273567709000e-05; 40; 12; 85;0
4.4292902690000e-05; 40; 12; 85;0
4.4312249160000e-05; 40; 12; 83;0
4.4331583613000e-05; 40; 12; 83;0
4.4350929593000e-05; 40; 12; 81;0
4.4370263454000e-05; 40; 12; 81;0
4.4389609138000e-05; 40; 12; 80;0
4.4408942921000e-05; 40; 12; 80;0
4.4428288051000e-05; 40; 12; 78;0
4.4447621232000e-05; 40; 12; 78;0
4.4466966020000e-05; 40; 12; 76;0
4.4486298607000e-05; 40; 12; 76;0
4.4505642951000e-05; 40; 12; 75;0
4.4524975266000e-05; 40; 12; 75;0
4.4544319311000e-05; 40; 12; 73;0
4.4563651273000e-05; 40; 12; 73;0
4.4582994735000e-05; 40; 12; 71;0
4.4602326256000e-05; 40; 12; 71;0
4.4621669548000e-05; 40; 12; 70;0
4.4641000635000e-05; 40; 12; 70;0
4.4660343344000e-05; 40; 12; 68;0
4.4679674050000e-05; 40; 12; 68;0
4.4699016541000e-05; 40; 12; 67;0
4.4718347069000e-05; 40; 12; 67;0
4.4737688939000e-05; 40; 12; 65;0
4.4753796099000e-05; 40; 12; 65;0
4.4773137739000e-05; 40; 12; 64;0
4.4792467291000e-05; 40; 12; 64;0
4.4811814773000e-05; 40; 13; 64;0
4.4831150607000e-05; 40; 13; 64;0
4.4850498016000e-05; 40; 13; 62;0
4.4869833128000e-05; 40; 13; 62;0
4.4889180089000e-05; 40; 13; 61;0
4.4908515155000e-05; 40; 13; 61;0
4.4927861900000e-05; 40; 13; 60;0
4.4947196518000e-05; 40; 13; 60;0
4.4966542759000e-05; 40; 13; 58;0
4.4985877002000e-05; 40; 13; 58;0
4.5005223128000e-05; 40; 13; 57;0
4.5024557066000e-05; 40; 13; 57;0
4.5043902453000e-05; 40; 13; 55;0
4.5063235970000e-05; 40; 13; 55;0
4.5082581117000e-05; 40; 13; 54;0
4.5101914155000e-05; 40; 13; 54;0
4.5121258938000e-05; 40; 13; 52;0
4.5140591616000e-05; 40; 13; 52;0
4.5159936241000e-05; 40; 13; 51;0
4.5179268524000e-05; 40; 13; 51;0
4.5198612494000e-05; 40; 13; 49;0
4.5217944411000e-05; 40; 13; 49;0
4.5237288078000e-05; 40; 13; 48;0
4.5256619725000e-05; 40; 13; 48;0
4.5275963101000e-05; 40; 13; 46;0
4.5295294263000e-05; 40; 13; 46;0
4.5314637166000e-05; 40; 13; 45;0
4.5330745207000e-05; 40; 13; 45;0
4.5350087511000e-05; 40; 13; 43;0
4.5369417962000e-05; 40; 13; 43;0
4.5388760164000e-05; 40; 13; 42;0
4.5408090311000e-05; 40; 13; 42;0
4.5427432064000e-05; 40; 13; 40;0
4.5446761622000e-05; 40; 13; 40;0
4.5466103104000e-05; 40; 13; 39;0
4.5485432595000e-05; 40; 13; 39;0
4.5504773295000e-05; 40; 13; 37;0
4.5524102135000e-05; 40; 13; 37;0
4.5543442818000e-05; 40; 13; 36;0
4.5562771355000e-05; 40; 13; 36;0
4.5582111865000e-05; 40; 13; 35;0
4.5601440147000e-05; 40; 13; 35;0
4.5620780177000e-05; 40; 13; 33;0
4.5640108113000e-05; 40; 13; 33;0
4.5659457139000e-05; 40; 12; 95;0
4.5678794629000e-05; 40; 12; 95;0
4.5698143810000e-05; 40; 12; 94;0
4.5717481174000e-05; 40; 12; 94;0
4.5736829888000e-05; 40; 12; 92;0
4.5756166645000e-05; 40; 12; 92;0
4.5775515200000e-05; 40; 12; 91;0
4.5794851649000e-05; 40; 12; 91;0
4.5814199867000e-05; 40; 12; 90;0
4.5833536143000e-05; 40; 12; 90;0
4.5852884146000e-05; 40; 12; 89;0
4.5872220228000e-05; 40; 12; 89;0
4.5891568024000e-05; 40; 12; 88;0
4.5907680109000e-05; 40; 12; 88;0
4.5927027456000e-05; 40; 12; 86;0
4.5946362759000e-05; 40; 12; 86;0
4.5965709573000e-05; 40; 12; 85;0
4.5985044497000e-05; 40; 12; 85;0
4.6004390905000e-05; 40; 12; 83;0
4.6023725231000e-05; 40; 12; 83;0
4.6043071343000e-05; 40; 12; 82;0
4.6062405602000e-05; 40; 12; 82;0
4.6081751384000e-05; 40; 12; 80;0
4.6101084996000e-05; 40; 12; 80;0
4.6120430495000e-05; 40; 12; 78;0
4.6139763545000e-05; 40; 12; 78;0
4.6159108587000e-05; 40; 12; 77;0
4.6178441450000e-05; 40; 12; 77;0
4.6197785817000e-05; 40; 12; 75;0
4.6217118457000e-05; 40; 12; 75;0
4.6236462744000e-05; 40; 12; 74;0
4.6255794774000e-05; 40; 12; 74;0
4.6275138306000e-05; 40; 12; 72;0
4.6294470099000e-05; 40; 12; 72;0
4.6313813519000e-05; 40; 12; 71;0
4.6333145074000e-05; 40; 12; 71;0
4.6352487921000e-05; 40; 12; 69;0
4.6371818786000e-05; 40; 12; 69;0
4.6391161215000e-05; 40; 12; 68;0
4.6410491823000e-05; 40; 12; 68;0
4.6426611539000e-05; 40; 12; 67;0
4.6445941952000e-05; 40; 12; 67;0
4.6465283957000e-05; 40; 12; 65;0
4.6484613886000e-05; 40; 12; 65;0
4.6503955555000e-05; 40; 12; 64;0
4.6523285180000e-05; 40; 12; 64;0
4.6542626760000e-05; 40; 12; 63;0
4.6561956309000e-05; 40; 12; 63;0
4.6581297261000e-05; 40; 12; 61;0
4.6600626206000e-05; 40; 12; 61;0
4.6619966734000e-05; 40; 12; 60;0
4.6639295316000e-05; 40; 12; 60;0
4.6658635751000e-05; 40; 12; 59;0
4.6677964143000e-05; 40; 12; 59;0
4.6697304302000e-05; 40; 12; 58;0
4.6716632330000e-05; 40; 12; 58;0
4.6735971985000e-05; 40; 12; 56;0
4.6755299589000e-05; 40; 12; 56;0
4.6774638965000e-05; 40; 12; 55;0
4.6793966390000e-05; 40; 12; 55;0
4.6813305528000e-05; 40; 12; 54;0
4.6832632541000e-05; 40; 12; 54;0
4.6851971559000e-05; 40; 12; 53;0
4.6871298324000e-05; 40; 12; 53;0
4.6890636943000e-05; 40; 12; 52;0
4.6909963639000e-05; 40; 12; 52;0
4.6929301966000e-05; 40; 12; 51;0
4.6948628343000e-05; 40; 12; 51;0
4.6967966456000e-05; 40; 12; 50;0
4.6987292747000e-05; 40; 12; 50;0
4.7006630428000e-05; 40; 12; 49;0
4.7025956283000e-05; 40; 12; 49;0
4.7045293809000e-05; 40; 12; 48;0
4.7061397479000e-05; 40; 12; 48;0
4.7080734857000e-05; 40; 12; 47;0
4.7100060307000e-05; 40; 12; 47;0
4.7119397525000e-05; 40; 12; 46;0
4.7138722544000e-05; 40; 12; 46;0
4.7158059392000e-05; 40; 12; 45;0
4.7177384268000e-05; 40; 12; 45;0
4.7196720784000e-05; 40; 12; 44;0
4.7216045453000e-05; 40; 12; 44;0
4.7235381795000e-05; 40; 12; 43;0
4.7254706057000e-05; 40; 12; 43;0
4.7274042352000e-05; 40; 12; 43;0
4.7293366689000e-05; 40; 12; 43;0
4.7312702811000e-05; 40; 12; 42;0
4.7332026928000e-05; 40; 12; 42;0
4.7351362796000e-05; 40; 12; 41;0
4.7370686627000e-05; 40; 12; 41;0
4.7390022143000e-05; 40; 12; 40;0
4.7409345682000e-05; 40; 12; 40;0
4.7428680934000e-05; 40; 12; 39;0
4.7448004281000e-05; 40; 12; 39;0
4.7467339632000e-05; 40; 12; 39;0
4.7486662950000e-05; 40; 12; 39;0
4.7505998028000e-05; 40; 12; 38;0
4.7525321055000e-05; 40; 12; 38;0
4.7544655823000e-05; 40; 12; 37;0
4.7563978669000e-05; 40; 12; 37;0
4.7583313129000e-05; 40; 12; 36;0
4.7602635866000e-05; 40; 12; 36;0
4.7621970108000e-05; 40; 12; 36;0
4.7641292713000e-05; 40; 12; 36;0
4.7660627093000e-05; 40; 12; 35;0
4.7676728121000e-05; 40; 12; 35;0
4.7696062364000e-05; 40; 12; 34;0
4.7715384388000e-05; 40; 12; 34;0
4.7734718414000e-05; 40; 12; 34;0
4.7754040555000e-05; 40; 12; 34;0
4.7773374171000e-05; 40; 12; 33;0
4.7792695940000e-05; 40; 12; 33;0
4.7812029751000e-05; 40; 12; 33;0
4.7831351471000e-05; 40; 12; 33;0
4.7850694512000e-05; 40; 11; 95;0
4.7870025982000e-05; 40; 11; 95;0
4.7889369184000e-05; 40; 11; 94;0
4.7908700453000e-05; 40; 11; 94;0
4.7928043700000e-05; 40; 11; 94;0
4.7947374970000e-05; 40; 11; 94;0
4.7966718022000e-05; 40; 11; 93;0
4.7986048905000e-05; 40; 11; 93;0
4.8005391902000e-05; 40; 11; 93;0
4.8024722862000e-05; 40; 11; 93;0
4.8044065588000e-05; 40; 11; 92;0
4.8063396323000e-05; 40; 11; 92;0
4.8082739040000e-05; 40; 11; 92;0
4.8102069916000e-05; 40; 11; 92;0
4.8121412456000e-05; 40; 11; 91;0
4.8140743004000e-05; 40; 11; 91;0
4.8160085178000e-05; 40; 11; 90;0
4.8179415416000e-05; 40; 11; 90;0
4.8198757482000e-05; 40; 11; 89;0
4.8218087443000e-05; 40; 11; 89;0
4.8237429170000e-05; 40; 11; 88;0
4.8256758835000e-05; 40; 11; 88;0
4.8276100545000e-05; 40; 11; 87;0
4.8292207399000e-05; 40; 11; 87;0
4.8311548611000e-05; 40; 11; 86;0
4.8330877794000e-05; 40; 11; 86;0
4.8350218781000e-05; 40; 11; 85;0
4.8369547717000e-05; 40; 11; 85;0
4.8388888694000e-05; 40; 11; 85;0
4.8408217614000e-05; 40; 11; 85;0
4.8427558351000e-05; 40; 11; 84;0
4.8446886849000e-05; 40; 11; 84;0
4.8466227182000e-05; 40; 11; 83;0
4.8485555648000e-05; 40; 11; 83;0
4.8504895794000e-05; 40; 11; 82;0
4.8524224037000e-05; 40; 11; 82;0
4.8543563873000e-05; 40; 11; 81;0
4.8562891789000e-05; 40; 11; 81;0
4.8582231527000e-05; 40; 11; 80;0
4.8601559067000e-05; 40; 11; 80;0
4.8620898503000e-05; 40; 11; 79;0
4.8640225843000e-05; 40; 11; 79;0
4.8659565076000e-05; 40; 11; 78;0
4.8678892280000e-05; 40; 11; 78;0
4.8698231327000e-05; 40; 11; 77;0
4.8717558231000e-05; 40; 11; 77;0
4.8736897190000e-05; 40; 11; 77;0
4.8756224106000e-05; 40; 11; 77;0
4.8775562872000e-05; 40; 11; 76;0
4.8794889497000e-05; 40; 11; 76;0
4.8814227954000e-05; 40; 11; 75;0
4.8833554420000e-05; 40; 11; 75;0
4.8852892544000e-05; 40; 11; 74;0
4.8872218759000e-05; 40; 11; 74;0
4.8891556969000e-05; 40; 11; 74;0
4.8907660956000e-05; 40; 11; 74;0
4.8926998820000e-05; 40; 11; 73;0
4.8946324858000e-05; 40; 11; 73;0
4.8965662515000e-05; 40; 11; 72;0
4.8984988195000e-05; 40; 11; 72;0
4.9004325826000e-05; 40; 11; 72;0
4.9023651499000e-05; 40; 11; 72;0
4.9042988953000e-05; 40; 11; 71;0
4.9062314282000e-05; 40; 11; 71;0
4.9081651553000e-05; 40; 11; 70;0
4.9100976716000e-05; 40; 11; 70;0
4.9120313844000e-05; 40; 11; 70;0
4.9139638893000e-05; 40; 11; 70;0
4.9158975879000e-05; 40; 11; 69;0
4.9178300879000e-05; 40; 11; 69;0
4.9197637594000e-05; 40; 11; 69;0
4.9216962679000e-05; 40; 11; 69;0
4.9236299239000e-05; 40; 11; 68;0
4.9255623937000e-05; 40; 11; 68;0
4.9274960450000e-05; 40; 11; 67;0
4.9294284820000e-05; 40; 11; 67;0
4.9313621170000e-05; 40; 11; 67;0
4.9332945529000e-05; 40; 11; 67;0
4.9352281617000e-05; 40; 11; 66;0
4.9371605719000e-05; 40; 11; 66;0
4.9390941793000e-05; 40; 11; 66;0
4.9410265824000e-05; 40; 11; 66;0
4.9429601824000e-05; 40; 11; 65;0
4.9448925728000e-05; 40; 11; 65;0
4.9468261516000e-05; 40; 11; 65;0
4.9487585388000e-05; 40; 11; 65;0
4.9506921281000e-05; 40; 11; 65;0
4.9523023637000e-05; 40; 11; 65;0
4.9542359191000e-05; 40; 11; 64;0
4.9561682975000e-05; 40; 11; 64;0
4.9581018725000e-05; 40; 11; 64;0
4.9600342298000e-05; 40; 11; 64;0
4.9619677738000e-05; 40; 11; 63;0
4.9639001318000e-05; 40; 11; 63;0
4.9658336557000e-05; 40; 11; 63;0
4.9677659871000e-05; 40; 11; 63;0
4.9697001243000e-05; 40; 12; 64;0
4.9716331022000e-05; 40; 12; 64;0
4.9735672429000e-05; 40; 12; 64;0
4.9755002138000e-05; 40; 12; 64;0
4.9774343870000e-05; 40; 12; 64;0
4.9793673468000e-05; 40; 12; 64;0
4.9813015115000e-05; 40; 12; 63;0
4.9832344287000e-05; 40; 12; 63;0
4.9851685626000e-05; 40; 12; 63;0
4.9871015029000e-05; 40; 12; 63;0
4.9890356489000e-05; 40; 12; 63;0
4.9909685800000e-05; 40; 12; 63;0
4.9929027056000e-05; 40; 12; 62;0
4.9948356177000e-05; 40; 12; 62;0
4.9967697338000e-05; 40; 12; 62;0
4.9987026272000e-05; 40; 12; 62;0
5.0006367230000e-05; 40; 12; 61;0
5.0025696027000e-05; 40; 12; 61;0
5.0045036620000e-05; 40; 12; 60;0
5.0064365284000e-05; 40; 12; 60;0
5.0083706109000e-05; 40; 12; 60;0
5.0099812106000e-05; 40; 12; 60;0
5.0119152549000e-05; 40; 12; 59;0
5.0138480976000e-05; 40; 12; 59;0
5.0157821355000e-05; 40; 12; 59;0
5.0177149951000e-05; 40; 12; 59;0
5.0196490100000e-05; 40; 12; 58;0
5.0215818181000e-05; 40; 12; 58;0
5.0235158093000e-05; 40; 12; 57;0
5.0254485996000e-05; 40; 12; 57;0
5.0273825881000e-05; 40; 12; 57;0
5.0293153789000e-05; 40; 12; 57;0
5.0312493356000e-05; 40; 12; 56;0
5.0331820910000e-05; 40; 12; 56;0
5.0351160569000e-05; 40; 12; 56;0
5.0370488078000e-05; 40; 12; 56;0
5.0389827528000e-05; 40; 12; 55;0
5.0409154916000e-05; 40; 12; 55;0
5.0428494161000e-05; 40; 12; 55;0
5.0447821616000e-05; 40; 12; 55;0
5.0467160810000e-05; 40; 12; 54;0
5.0486487841000e-05; 40; 12; 54;0
5.0505826885000e-05; 40; 12; 53;0
5.0525153620000e-05; 40; 12; 53;0
5.0544492351000e-05; 40; 12; 53;0
5.0563819064000e-05; 40; 12; 53;0
5.0583157744000e-05; 40; 12; 52;0
5.0602484298000e-05; 40; 12; 52;0
5.0621822837000e-05; 40; 12; 52;0
5.0641149535000e-05; 40; 12; 52;0
5.0660488075000e-05; 40; 12; 52;0
5.0679814561000e-05; 40; 12; 52;0
5.0699152972000e-05; 40; 12; 51;0
5.0715257275000e-05; 40; 12; 51;0
5.0734595643000e-05; 40; 12; 51;0
5.0753921990000e-05; 40; 12; 51;0
5.0773260186000e-05; 40; 12; 50;0
5.0792586154000e-05; 40; 12; 50;0
5.0811924109000e-05; 40; 12; 50;0
5.0831250287000e-05; 40; 12; 50;0
5.0850588175000e-05; 40; 12; 49;0
5.0869914024000e-05; 40; 12; 49;0
5.0889251860000e-05; 40; 12; 49;0
5.0908577744000e-05; 40; 12; 49;0
5.0927915515000e-05; 40; 12; 49;0
5.0947241245000e-05; 40; 12; 49;0
5.0966578743000e-05; 40; 12; 48;0
5.0985904399000e-05; 40; 12; 48;0
5.1005242000000e-05; 40; 12; 48;0
5.1024567515000e-05; 40; 12; 48;0
5.1043905054000e-05; 40; 12; 48;0
5.1063230730000e-05; 40; 12; 48;0
5.1082568080000e-05; 40; 12; 47;0
5.1101893245000e-05; 40; 12; 47;0
5.1121230576000e-05; 40; 12; 47;0
5.1140555937000e-05; 40; 12; 47;0
5.1159893247000e-05; 40; 12; 47;0
5.1179218652000e-05; 40; 12; 47;0
5.1198555815000e-05; 40; 12; 46;0
5.1217880958000e-05; 40; 12; 46;0
5.1237218074000e-05; 40; 12; 46;0
5.1256543156000e-05; 40; 12; 46;0
5.1275880181000e-05; 40; 12; 46;0
5.1295205174000e-05; 40; 12; 46;0
5.1314542239000e-05; 40; 12; 46;0
5.1330645536000e-05; 40; 12; 46;0
5.1349982344000e-05; 40; 12; 45;0
5.1369307269000e-05; 40; 12; 45;0
5.1388644193000e-05; 40; 12; 45;0
5.1407969152000e-05; 40; 12; 45;0
5.1427306022000e-05; 40; 12; 45;0
5.1446630822000e-05; 40; 12; 45;0
5.1465967718000e-05; 40; 12; 45;0
5.1485292604000e-05; 40; 12; 45;0
5.1504629107000e-05; 40; 12; 44;0
5.1523953812000e-05; 40; 12; 44;0
5.1543290270000e-05; 40; 12; 44;0
5.1562614931000e-05; 40; 12; 44;0
5.1581951292000e-05; 40; 12; 44;0
5.1601275949000e-05; 40; 12; 44;0
5.1620612549000e-05; 40; 12; 44;0
5.1639937206000e-05; 40; 12; 44;0
5.1659273846000e-05; 40; 12; 44;0
5.1678598379000e-05; 40; 12; 44;0
5.1697934711000e-05; 40; 12; 43;0
5.1717259048000e-05; 40; 12; 43;0
5.1736595304000e-05; 40; 12; 43;0
5.1755919594000e-05; 40; 12; 43;0
5.1775255960000e-05; 40; 12; 43;0
5.1794580397000e-05; 40; 12; 43;0
5.1813916630000e-05; 40; 12; 43;0
5.1833241051000e-05; 40; 12; 43;0
5.1852577429000e-05; 40; 12; 43;0
5.1871901646000e-05; 40; 12; 43;0
5.1891237945000e-05; 40; 12; 43;0
5.1910562492000e-05; 40; 12; 43;0
5.1929898864000e-05; 40; 12; 43;0
5.1946001456000e-05; 40; 12; 43;0
5.1965337878000e-05; 40; 12; 43;0
5.1984662222000e-05; 40; 12; 43;0
5.2003998570000e-05; 40; 12; 43;0
5.2023322786000e-05; 40; 12; 43;0
5.2042659145000e-05; 40; 12; 43;0
5.2061983569000e-05; 40; 12; 43;0
5.2081319625000e-05; 40; 12; 42;0
5.2100643823000e-05; 40; 12; 42;0
5.2119979783000e-05; 40; 12; 42;0
5.2139303806000e-05; 40; 12; 42;0
5.2158639881000e-05; 40; 12; 42;0
5.2177963997000e-05; 40; 12; 42;0
5.2197299841000e-05; 40; 12; 42;0
5.2216624168000e-05; 40; 12; 42;0
5.2235960126000e-05; 40; 12; 42;0
5.2255284220000e-05; 40; 12; 42;0
5.2274620296000e-05; 40; 12; 42;0
5.2293944468000e-05; 40; 12; 42;0
5.2313280529000e-05; 40; 12; 42;0
5.2332604647000e-05; 40; 12; 42;0
5.2351940913000e-05; 40; 12; 42;0
5.2371265060000e-05; 40; 12; 42;0
5.2390601114000e-05; 40; 12; 42;0
5.2409925300000e-05; 40; 12; 42;0
5.2429261211000e-05; 40; 12; 42;0
5.2448585175000e-05; 40; 12; 42;0
5.2467921222000e-05; 40; 12; 42;0
5.2487245299000e-05; 40; 12; 42;0
5.2506581501000e-05; 40; 12; 42;0
5.2525905478000e-05; 40; 12; 42;0
5.2545241634000e-05; 40; 12; 42;0
5.2561344019000e-05; 40; 12; 42;0
5.2580680055000e-05; 40; 12; 42;0
5.2600004082000e-05; 40; 12; 42;0
5.2619340240000e-05; 40; 12; 42;0
5.2638664111000e-05; 40; 12; 42;0
5.2657999962000e-05; 40; 12; 42;0
5.2677324204000e-05; 40; 12; 42;0
5.2696660177000e-05; 40; 12; 42;0
5.2715984113000e-05; 40; 12; 42;0
5.2735320282000e-05; 40; 12; 42;0
5.2754644321000e-05; 40; 12; 42;0
5.2773980514000e-05; 40; 12; 42;0
5.2793304522000e-05; 40; 12; 42;0
5.2812640681000e-05; 40; 12; 42;0
5.2831964727000e-05; 40; 12; 42;0
5.2851300831000e-05; 40; 12; 42;0
5.2870624984000e-05; 40; 12; 42;0
5.2889960953000e-05; 40; 12; 42;0
5.2909284913000e-05; 40; 12; 42;0
5.2928621321000e-05; 40; 12; 43;0
5.2947945753000e-05; 40; 12; 43;0
5.2967281931000e-05; 40; 12; 43;0
5.2986606184000e-05; 40; 12; 43;0
5.3005942478000e-05; 40; 12; 43;0
5.3025266707000e-05; 40; 12; 43;0
5.3044602950000e-05; 40; 12; 43;0
5.3063927347000e-05; 40; 12; 43;0
5.3083263746000e-05; 40; 12; 43;0
5.3102587923000e-05; 40; 12; 43;0
5.3121924346000e-05; 40; 12; 43;0
5.3141248787000e-05; 40; 12; 43;0
5.3160585071000e-05; 40; 12; 43;0
5.3179909372000e-05; 40; 12; 43;0
5.3199245707000e-05; 40; 12; 43;0
5.3215348338000e-05; 40; 12; 43;0
5.3234684692000e-05; 40; 12; 43;0
5.3254009253000e-05; 40; 12; 43;0
5.3273345389000e-05; 40; 12; 43;0
5.3292669876000e-05; 40; 12; 43;0
5.3312006410000e-05; 40; 12; 44;0
5.3331330888000e-05; 40; 12; 44;0
5.3350667386000e-05; 40; 12; 44;0
5.3369991847000e-05; 40; 12; 44;0
5.3389328432000e-05; 40; 12; 44;0
5.3408652874000e-05; 40; 12; 44;0
5.3427989483000e-05; 40; 12; 44;0
5.3447314037000e-05; 40; 12; 44;0
5.3466650780000e-05; 40; 12; 44;0
5.3485975189000e-05; 40; 12; 44;0
5.3505311652000e-05; 40; 12; 44;0
5.3524636303000e-05; 40; 12; 44;0
5.3543972952000e-05; 40; 12; 44;0
5.3563297349000e-05; 40; 12; 44;0
5.3582634117000e-05; 40; 12; 45;0
5.3601958917000e-05; 40; 12; 45;0
5.3621295766000e-05; 40; 12; 45;0
5.3640620506000e-05; 40; 12; 45;0
5.3659957277000e-05; 40; 12; 45;0
5.3679282100000e-05; 40; 12; 45;0
5.3698619109000e-05; 40; 12; 45;0
5.3717943804000e-05; 40; 12; 45;0
5.3737280589000e-05; 40; 12; 45;0
5.3756605437000e-05; 40; 12; 45;0
5.3775942173000e-05; 40; 12; 45;0
5.3795266896000e-05; 40; 12; 45;0
5.3814604145000e-05; 40; 12; 46;0
5.3830707328000e-05; 40; 12; 46;0
5.3850044614000e-05; 40; 12; 46;0
5.3869369742000e-05; 40; 12; 46;0
5.3888706879000e-05; 40; 12; 46;0
5.3908031981000e-05; 40; 12; 46;0
5.3927368950000e-05; 40; 12; 46;0
5.3946693836000e-05; 40; 12; 46;0
5.3966030917000e-05; 40; 12; 46;0
5.3985355837000e-05; 40; 12; 46;0
5.4004693139000e-05; 40; 12; 47;0
5.4024018495000e-05; 40; 12; 47;0
5.4043355786000e-05; 40; 12; 47;0
5.4062681126000e-05; 40; 12; 47;0
5.4082018467000e-05; 40; 12; 47;0
5.4101344005000e-05; 40; 12; 47;0
5.4120681219000e-05; 40; 12; 47;0
5.4140006622000e-05; 40; 12; 47;0
5.4159343837000e-05; 40; 12; 47;0
5.4178669285000e-05; 40; 12; 47;0
5.4198006770000e-05; 40; 12; 48;0
5.4217332281000e-05; 40; 12; 48;0
5.4236669949000e-05; 40; 12; 48;0
5.4255995719000e-05; 40; 12; 48;0
5.4275333249000e-05; 40; 12; 48;0
5.4294658672000e-05; 40; 12; 48;0
5.4313996143000e-05; 40; 12; 48;0
5.4333321838000e-05; 40; 12; 48;0
5.4352659484000e-05; 40; 12; 48;0
5.4371985008000e-05; 40; 12; 48;0
5.4391322775000e-05; 40; 12; 49;0
5.4410648607000e-05; 40; 12; 49;0
5.4429986496000e-05; 40; 12; 49;0
5.4446090424000e-05; 40; 12; 49;0
5.4465428230000e-05; 40; 12; 49;0
5.4484753989000e-05; 40; 12; 49;0
5.4504091785000e-05; 40; 12; 49;0
5.4523417810000e-05; 40; 12; 49;0
5.4542755841000e-05; 40; 12; 50;0
5.4562081899000e-05; 40; 12; 50;0
5.4581420109000e-05; 40; 12; 50;0
5.4600746102000e-05; 40; 12; 50;0
5.4620084189000e-05; 40; 12; 50;0
5.4639410265000e-05; 40; 12; 50;0
5.4658748457000e-05; 40; 12; 50;0
5.4678074568000e-05; 40; 12; 50;0
5.4697412637000e-05; 40; 12; 50;0
5.4716738741000e-05; 40; 12; 50;0
5.4736077117000e-05; 40; 12; 51;0
5.4755403578000e-05; 40; 12; 51;0
5.4774741834000e-05; 40; 12; 51;0
5.4794068099000e-05; 40; 12; 51;0
5.4813406431000e-05; 40; 12; 51;0
5.4832732847000e-05; 40; 12; 51;0
5.4852071282000e-05; 40; 12; 51;0
5.4871397763000e-05; 40; 12; 51;0
5.4890736198000e-05; 40; 12; 52;0
5.4910062933000e-05; 40; 12; 52;0
5.4929401614000e-05; 40; 12; 52;0
5.4948728136000e-05; 40; 12; 52;0
5.4968066781000e-05; 40; 12; 52;0
5.4987393379000e-05; 40; 12; 52;0
5.5006731764000e-05; 40; 12; 52;0
5.5026058398000e-05; 40; 12; 52;0
5.5045397283000e-05; 40; 12; 53;0
5.5061501959000e-05; 40; 12; 53;0
5.5080840753000e-05; 40; 12; 53;0
5.5100167593000e-05; 40; 12; 53;0
5.5119506442000e-05; 40; 12; 53;0
5.5138833354000e-05; 40; 12; 53;0
5.5158172284000e-05; 40; 12; 53;0
5.5177499132000e-05; 40; 12; 53;0
5.5196838262000e-05; 40; 12; 54;0
5.5216165489000e-05; 40; 12; 54;0
5.5235504581000e-05; 40; 12; 54;0
5.5254831774000e-05; 40; 12; 54;0
5.5274170819000e-05; 40; 12; 54;0
5.5293497847000e-05; 40; 12; 54;0
5.5312837073000e-05; 40; 12; 55;0
5.5332164440000e-05; 40; 12; 55;0
5.5351503813000e-05; 40; 12; 55;0
5.5370831138000e-05; 40; 12; 55;0
5.5390170425000e-05; 40; 12; 55;0
5.5409497653000e-05; 40; 12; 55;0
5.5428836998000e-05; 40; 12; 55;0
5.5448164289000e-05; 40; 12; 55;0
5.5467503907000e-05; 40; 12; 56;0
5.5486831552000e-05; 40; 12; 56;0
5.5506171218000e-05; 40; 12; 56;0
5.5525498557000e-05; 40; 12; 56;0
5.5544838189000e-05; 40; 12; 56;0
5.5564165790000e-05; 40; 12; 56;0
5.5583505226000e-05; 40; 12; 56;0
5.5602832929000e-05; 40; 12; 56;0
5.5622172796000e-05; 40; 12; 57;0
5.5638278296000e-05; 40; 12; 57;0
5.5657618063000e-05; 40; 12; 57;0
5.5676945942000e-05; 40; 12; 57;0
5.5696285765000e-05; 40; 12; 57;0
5.5715613760000e-05; 40; 12; 57;0
5.5734953901000e-05; 40; 12; 58;0
5.5754282076000e-05; 40; 12; 58;0
5.5773622273000e-05; 40; 12; 58;0
5.5792950531000e-05; 40; 12; 58;0
5.5812290535000e-05; 40; 12; 58;0
5.5831618638000e-05; 40; 12; 58;0
5.5850958848000e-05; 40; 12; 58;0
5.5870286928000e-05; 40; 12; 58;0
5.5889627252000e-05; 40; 12; 59;0
5.5908955472000e-05; 40; 12; 59;0
5.5928295857000e-05; 40; 12; 59;0
5.5947624309000e-05; 40; 12; 59;0
5.5966964626000e-05; 40; 12; 59;0
5.5986293081000e-05; 40; 12; 59;0
5.6005633836000e-05; 40; 12; 60;0
5.6024962367000e-05; 40; 12; 60;0
5.6044302986000e-05; 40; 12; 60;0
5.6063631609000e-05; 40; 12; 60;0
5.6082972152000e-05; 40; 12; 60;0
5.6102300766000e-05; 40; 12; 60;0
5.6121641558000e-05; 40; 12; 61;0
5.6140970463000e-05; 40; 12; 61;0
5.6160311411000e-05; 40; 12; 61;0
5.6179640414000e-05; 40; 12; 61;0
5.6198981297000e-05; 40; 12; 61;0
5.6218310182000e-05; 40; 12; 61;0
5.6237651130000e-05; 40; 12; 61;0
5.6253757498000e-05; 40; 12; 61;0
5.6273098599000e-05; 40; 12; 62;0
5.6292427853000e-05; 40; 12; 62;0
5.6311769030000e-05; 40; 12; 62;0
5.6331098152000e-05; 40; 12; 62;0
5.6350439076000e-05; 40; 12; 62;0
5.6369768312000e-05; 40; 12; 62;0
5.6389109575000e-05; 40; 12; 63;0
5.6408438901000e-05; 40; 12; 63;0
5.6427780263000e-05; 40; 12; 63;0
5.6447109747000e-05; 40; 12; 63;0
5.6466451152000e-05; 40; 12; 63;0
5.6485780543000e-05; 40; 12; 63;0
5.6505121921000e-05; 40; 12; 63;0
5.6524451323000e-05; 40; 12; 63;0
5.6543792915000e-05; 40; 12; 64;0
5.6563122548000e-05; 40; 12; 64;0
5.6582464103000e-05; 40; 12; 64;0
5.6601793632000e-05; 40; 12; 64;0
5.6621135252000e-05; 40; 12; 64;0
5.6640465022000e-05; 40; 12; 64;0
5.6659806528000e-05; 40; 12; 64;0
5.6679136158000e-05; 40; 12; 64;0
5.6698472034000e-05; 40; 11; 63;0
5.6717795466000e-05; 40; 11; 63;0
5.6737130850000e-05; 40; 11; 63;0
5.6756454207000e-05; 40; 11; 63;0
5.6775789567000e-05; 40; 11; 63;0
5.6795113100000e-05; 40; 11; 63;0
5.6814448547000e-05; 40; 11; 64;0
5.6830550640000e-05; 40; 11; 64;0
5.6849886225000e-05; 40; 11; 64;0
5.6869209984000e-05; 40; 11; 64;0
5.6888545366000e-05; 40; 11; 64;0
5.6907869002000e-05; 40; 11; 64;0
5.6927204780000e-05; 40; 11; 65;0
5.6946528562000e-05; 40; 11; 65;0
5.6965864400000e-05; 40; 11; 65;0
5.6985188299000e-05; 40; 11; 65;0
5.7004524346000e-05; 40; 11; 66;0
5.7023848396000e-05; 40; 11; 66;0
5.7043184582000e-05; 40; 11; 66;0
5.7062508741000e-05; 40; 11; 66;0
5.7081845068000e-05; 40; 11; 67;0
5.7101169434000e-05; 40; 11; 67;0
5.7120505950000e-05; 40; 11; 68;0
5.7139830507000e-05; 40; 11; 68;0
5.7159167167000e-05; 40; 11; 68;0
5.7178491990000e-05; 40; 11; 68;0
5.7197828883000e-05; 40; 11; 69;0
5.7217153915000e-05; 40; 11; 69;0
5.7236491060000e-05; 40; 11; 70;0
5.7255816180000e-05; 40; 11; 70;0
5.7275153318000e-05; 40; 11; 70;0
5.7294478370000e-05; 40; 11; 70;0
5.7313815710000e-05; 40; 11; 71;0
5.7333140924000e-05; 40; 11; 71;0
5.7352478849000e-05; 40; 11; 72;0
5.7371804571000e-05; 40; 11; 72;0
5.7391142213000e-05; 40; 11; 72;0
5.7410467895000e-05; 40; 11; 72;0
5.7429805745000e-05; 40; 11; 73;0
5.7449131708000e-05; 40; 11; 73;0
5.7468469918000e-05; 40; 11; 74;0
5.7484573982000e-05; 40; 11; 74;0
5.7503912123000e-05; 40; 11; 74;0
5.7523238280000e-05; 40; 11; 74;0
5.7542576725000e-05; 40; 11; 75;0
5.7561903209000e-05; 40; 11; 75;0
5.7581241871000e-05; 40; 11; 76;0
5.7600568570000e-05; 40; 11; 76;0
5.7619907283000e-05; 40; 11; 76;0
5.7639233853000e-05; 40; 11; 76;0
5.7658572627000e-05; 40; 11; 77;0
5.7677899747000e-05; 40; 11; 77;0
5.7697238851000e-05; 40; 11; 78;0
5.7716565905000e-05; 40; 11; 78;0
5.7735905087000e-05; 40; 11; 78;0
5.7755232288000e-05; 40; 11; 78;0
5.7774571774000e-05; 40; 11; 79;0
5.7793899259000e-05; 40; 11; 79;0
5.7813239088000e-05; 40; 11; 80;0
5.7832566598000e-05; 40; 11; 80;0
5.7851906224000e-05; 40; 11; 80;0
5.7871234045000e-05; 40; 11; 80;0
5.7890573801000e-05; 40; 11; 81;0
5.7909901681000e-05; 40; 11; 81;0
5.7929241473000e-05; 40; 11; 81;0
5.7948569500000e-05; 40; 11; 81;0
5.7967909674000e-05; 40; 11; 82;0
5.7987237925000e-05; 40; 11; 82;0
5.8006578324000e-05; 40; 11; 83;0
5.8025906806000e-05; 40; 11; 83;0
5.8045247328000e-05; 40; 11; 83;0
5.8061353376000e-05; 40; 11; 83;0
5.8080694050000e-05; 40; 11; 84;0
5.8100022652000e-05; 40; 11; 84;0
5.8119363543000e-05; 40; 11; 85;0
5.8138692496000e-05; 40; 11; 85;0
5.8158033280000e-05; 40; 11; 85;0
5.8177362241000e-05; 40; 11; 85;0
5.8196703347000e-05; 40; 11; 86;0
5.8216032527000e-05; 40; 11; 86;0
5.8235373691000e-05; 40; 11; 86;0
5.8254702913000e-05; 40; 11; 86;0
5.8274044260000e-05; 40; 11; 87;0
5.8293373742000e-05; 40; 11; 87;0
5.8312715683000e-05; 40; 11; 88;0
5.8332045427000e-05; 40; 11; 88;0
5.8351387237000e-05; 40; 11; 88;0
5.8370716915000e-05; 40; 11; 88;0
5.8390058858000e-05; 40; 11; 89;0
5.8409388701000e-05; 40; 11; 89;0
5.8428730633000e-05; 40; 11; 89;0
5.8448060586000e-05; 40; 11; 89;0
5.8467402779000e-05; 40; 11; 90;0
5.8486733058000e-05; 40; 11; 90;0
5.8506075236000e-05; 40; 11; 90;0
5.8525405350000e-05; 40; 11; 90;0
5.8544747855000e-05; 40; 11; 91;0
5.8564078374000e-05; 40; 11; 91;0
5.8583420780000e-05; 40; 11; 91;0
5.8602751265000e-05; 40; 11; 91;0
5.8622094059000e-05; 40; 11; 92;0
5.8641424872000e-05; 40; 11; 92;0
5.8660767516000e-05; 40; 11; 92;0
5.8676875536000e-05; 40; 11; 92;0
5.8696218474000e-05; 40; 11; 93;0
5.8715549307000e-05; 40; 11; 93;0
5.8734892258000e-05; 40; 11; 93;0
5.8754223084000e-05; 40; 11; 93;0
5.8773566385000e-05; 40; 11; 94;0
5.8792897708000e-05; 40; 11; 94;0
5.8812240943000e-05; 40; 11; 94;0
5.8831572026000e-05; 40; 11; 94;0
5.8850915424000e-05; 40; 11; 95;0
5.8870246993000e-05; 40; 11; 95;0
5.8889590421000e-05; 40; 11; 95;0
5.8908921976000e-05; 40; 11; 95;0
5.8928256242000e-05; 40; 12; 33;0
5.8947577935000e-05; 40; 12; 33;0
5.8966911673000e-05; 40; 12; 33;0
5.8986233480000e-05; 40; 12; 33;0
5.9005567353000e-05; 40; 12; 34;0
5.9024889504000e-05; 40; 12; 34;0
5.9044223561000e-05; 40; 12; 34;0
5.9063545590000e-05; 40; 12; 34;0
5.9082879868000e-05; 40; 12; 35;0
5.9102202189000e-05; 40; 12; 35;0
5.9121536664000e-05; 40; 12; 36;0
5.9140859152000e-05; 40; 12; 36;0
5.9160193518000e-05; 40; 12; 36;0
5.9179515916000e-05; 40; 12; 36;0
5.9198850615000e-05; 40; 12; 37;0
5.9218173447000e-05; 40; 12; 37;0
5.9234286978000e-05; 40; 12; 38;0
5.9256831575000e-05; 40; 12; 38;0
5.9276166823000e-05; 40; 12; 39;0
5.9292268674000e-05; 40; 12; 39;0
5.9311604074000e-05; 40; 12; 40;0
5.9330927693000e-05; 40; 12; 40;0
5.9350263529000e-05; 40; 12; 41;0
5.9369587432000e-05; 40; 12; 41;0
5.9388923398000e-05; 40; 12; 42;0
5.9408247357000e-05; 40; 12; 42;0
5.9427583756000e-05; 40; 12; 43;0
5.9446907997000e-05; 40; 12; 43;0
5.9466244507000e-05; 40; 12; 44;0
5.9485568983000e-05; 40; 12; 44;0
5.9504905835000e-05; 40; 12; 45;0
5.9524230712000e-05; 40; 12; 45;0
5.9543567765000e-05; 40; 12; 46;0
5.9562892921000e-05; 40; 12; 46;0
5.9582230229000e-05; 40; 12; 47;0
5.9601555621000e-05; 40; 12; 47;0
5.9620893127000e-05; 40; 12; 48;0
5.9640218856000e-05; 40; 12; 48;0
5.9659556701000e-05; 40; 12; 49;0
5.9678882373000e-05; 40; 12; 49;0
5.9698220495000e-05; 40; 12; 50;0
5.9717546597000e-05; 40; 12; 50;0
5.9736884961000e-05; 40; 12; 51;0
5.9756211261000e-05; 40; 12; 51;0
5.9775549829000e-05; 40; 12; 52;0
5.9794876158000e-05; 40; 12; 52;0
5.9814215002000e-05; 40; 12; 53;0
5.9833541896000e-05; 40; 12; 53;0
5.9852880844000e-05; 40; 12; 54;0
5.9872207974000e-05; 40; 12; 54;0
5.9891547268000e-05; 40; 12; 55;0
5.9907652424000e-05; 40; 12; 55;0
5.9926992073000e-05; 40; 12; 56;0
5.9946319902000e-05; 40; 12; 56;0
5.9965659666000e-05; 40; 12; 57;0
5.9984987509000e-05; 40; 12; 57;0
6.0004327681000e-05; 40; 12; 58;0
6.0023655784000e-05; 40; 12; 58;0
6.0042996203000e-05; 40; 12; 59;0
6.0062324367000e-05; 40; 12; 59;0
6.0081665052000e-05; 40; 12; 60;0
6.0100993632000e-05; 40; 12; 60;0
6.0120334597000e-05; 40; 12; 61;0
6.0139663502000e-05; 40; 12; 61;0
6.0159004499000e-05; 40; 12; 62;0
6.0178333493000e-05; 40; 12; 62;0
6.0197674941000e-05; 40; 12; 63;0
6.0217004342000e-05; 40; 12; 63;0
6.0236345875000e-05; 40; 12; 63;0
6.0255675169000e-05; 40; 12; 63;0
6.0275016656000e-05; 40; 12; 64;0
6.0294346253000e-05; 40; 12; 64;0
6.0313687948000e-05; 40; 12; 65;0
6.0333017851000e-05; 40; 12; 65;0
6.0352359927000e-05; 40; 12; 66;0
6.0371690066000e-05; 40; 12; 66;0
6.0391032333000e-05; 40; 12; 67;0
6.0410362755000e-05; 40; 12; 67;0
6.0429705526000e-05; 40; 12; 68;0
6.0449036218000e-05; 40; 12; 68;0
6.0468378945000e-05; 40; 12; 69;0
6.0484487091000e-05; 40; 12; 69;0
6.0503830044000e-05; 40; 12; 69;0
6.0523160850000e-05; 40; 12; 69;0
6.0542504158000e-05; 40; 12; 70;0
6.0561835236000e-05; 40; 12; 70;0
6.0581178700000e-05; 40; 12; 71;0
6.0600510056000e-05; 40; 12; 71;0
6.0619853815000e-05; 40; 12; 72;0
6.0639185554000e-05; 40; 12; 72;0
6.0658529267000e-05; 40; 12; 72;0
6.0677860711000e-05; 40; 12; 72;0
6.0697204639000e-05; 40; 12; 73;0
6.0716536496000e-05; 40; 12; 73;0
6.0735880622000e-05; 40; 12; 74;0
6.0755212751000e-05; 40; 12; 74;0
6.0774557234000e-05; 40; 12; 75;0
6.0793889775000e-05; 40; 12; 75;0
6.0813234492000e-05; 40; 12; 76;0
6.0832567057000e-05; 40; 12; 76;0
6.0851911682000e-05; 40; 12; 76;0
6.0871244373000e-05; 40; 12; 76;0
6.0890589208000e-05; 40; 12; 77;0
6.0909922072000e-05; 40; 12; 77;0
6.0929267262000e-05; 40; 12; 78;0
6.0948600368000e-05; 40; 12; 78;0
6.0967945628000e-05; 40; 12; 78;0
6.0987278651000e-05; 40; 12; 78;0
6.1006624253000e-05; 40; 12; 79;0
6.1025957580000e-05; 40; 12; 79;0
6.1045303403000e-05; 40; 12; 80;0
6.1061413809000e-05; 40; 12; 80;0
6.1080759592000e-05; 40; 12; 80;0
6.1100093356000e-05; 40; 12; 80;0
6.1119439338000e-05; 40; 12; 81;0
6.1138773245000e-05; 40; 12; 81;0
6.1158119401000e-05; 40; 12; 82;0
6.1177453443000e-05; 40; 12; 82;0
6.1196799773000e-05; 40; 12; 83;0
6.1216134301000e-05; 40; 12; 83;0
6.1235480735000e-05; 40; 12; 83;0
6.1254815316000e-05; 40; 12; 83;0
6.1274162164000e-05; 40; 12; 84;0
6.1293496809000e-05; 40; 12; 84;0
6.1312843760000e-05; 40; 12; 85;0
6.1332178721000e-05; 40; 12; 85;0
6.1351525748000e-05; 40; 12; 85;0
6.1370860667000e-05; 40; 12; 85;0
6.1390207889000e-05; 40; 12; 86;0
6.1409543068000e-05; 40; 12; 86;0
6.1428890261000e-05; 40; 12; 86;0
6.1448225329000e-05; 40; 12; 86;0
6.1467572835000e-05; 40; 12; 87;0
6.1486908317000e-05; 40; 12; 87;0
6.1506255951000e-05; 40; 12; 88;0
6.1525591745000e-05; 40; 12; 88;0
6.1544939535000e-05; 40; 12; 88;0
6.1564275183000e-05; 40; 12; 88;0
6.1583623141000e-05; 40; 12; 89;0
6.1602959043000e-05; 40; 12; 89;0
6.1622307215000e-05; 40; 12; 89;0
6.1638419529000e-05; 40; 12; 89;0
6.1657767780000e-05; 40; 12; 90;0
6.1677104097000e-05; 40; 12; 90;0
6.1696452323000e-05; 40; 12; 91;0
6.1715788802000e-05; 40; 12; 91;0
6.1735137237000e-05; 40; 12; 91;0
6.1754473775000e-05; 40; 12; 91;0
6.1773822362000e-05; 40; 12; 92;0
6.1793159033000e-05; 40; 12; 92;0
6.1812507813000e-05; 40; 12; 92;0
6.1831844603000e-05; 40; 12; 92;0
6.1851193601000e-05; 40; 12; 93;0
6.1870530625000e-05; 40; 12; 93;0
6.1889879608000e-05; 40; 12; 93;0
6.1909216761000e-05; 40; 12; 93;0
6.1928565859000e-05; 40; 12; 94;0
6.1947903018000e-05; 40; 12; 94;0
6.1967252231000e-05; 40; 12; 94;0
6.1986589513000e-05; 40; 12; 94;0
6.2005938944000e-05; 40; 12; 95;0
6.2025276533000e-05; 40; 12; 95;0
6.2044625923000e-05; 40; 12; 95;0
6.2063963470000e-05; 40; 12; 95;0
6.2083303916000e-05; 40; 13; 33;0
6.2102631646000e-05; 40; 13; 33;0
6.2121971670000e-05; 40; 13; 33;0
6.2141299516000e-05; 40; 13; 33;0
6.2160639580000e-05; 40; 13; 34;0
6.2176745518000e-05; 40; 13; 34;0
6.2196085543000e-05; 40; 13; 34;0
6.2215413637000e-05; 40; 13; 34;0
6.2234754009000e-05; 40; 13; 35;0
6.2254082299000e-05; 40; 13; 35;0
6.2273422900000e-05; 40; 13; 36;0
6.2292751393000e-05; 40; 13; 36;0
6.2312092126000e-05; 40; 13; 36;0
6.2331420760000e-05; 40; 13; 36;0
6.2350761649000e-05; 40; 13; 37;0
6.2370090550000e-05; 40; 13; 37;0
6.2389431569000e-05; 40; 13; 38;0
6.2408760658000e-05; 40; 13; 38;0
6.2428102132000e-05; 40; 13; 39;0
6.2447431493000e-05; 40; 13; 39;0
6.2466773121000e-05; 40; 13; 40;0
6.2486102847000e-05; 40; 13; 40;0
6.2505444653000e-05; 40; 13; 41;0
6.2524774591000e-05; 40; 13; 41;0
6.2544116689000e-05; 40; 13; 42;0
6.2563447022000e-05; 40; 13; 42;0
6.2582789494000e-05; 40; 13; 43;0
6.2602119820000e-05; 40; 13; 43;0
6.2621462510000e-05; 40; 13; 44;0
6.2640793331000e-05; 40; 13; 44;0
6.2660136272000e-05; 40; 13; 45;0
6.2679467048000e-05; 40; 13; 45;0
6.2698810251000e-05; 40; 13; 46;0
6.2718141404000e-05; 40; 13; 46;0
6.2737484870000e-05; 40; 13; 47;0
6.2756816382000e-05; 40; 13; 47;0
6.2776160121000e-05; 40; 13; 48;0
6.2792268713000e-05; 40; 13; 48;0
6.2811612559000e-05; 40; 13; 49;0
6.2830944483000e-05; 40; 13; 49;0
6.2850288539000e-05; 40; 13; 50;0
6.2869620695000e-05; 40; 13; 50;0
6.2888965139000e-05; 40; 13; 51;0
6.2908297544000e-05; 40; 13; 51;0
6.2927642262000e-05; 40; 13; 52;0
6.2946974928000e-05; 40; 13; 52;0
6.2966319705000e-05; 40; 13; 53;0
6.2985652406000e-05; 40; 13; 53;0
6.3004997677000e-05; 40; 13; 54;0
6.3024330733000e-05; 40; 13; 54;0
6.3043676261000e-05; 40; 13; 55;0
6.3063009641000e-05; 40; 13; 55;0
6.3082355348000e-05; 40; 13; 56;0
6.3101689156000e-05; 40; 13; 56;0
6.3121034841000e-05; 40; 13; 56;0
6.3140368365000e-05; 40; 13; 56;0
6.3159714268000e-05; 40; 13; 57;0
6.3179048124000e-05; 40; 13; 57;0
6.3198394287000e-05; 40; 13; 58;0
6.3217728387000e-05; 40; 13; 58;0
6.3237074891000e-05; 40; 13; 59;0
6.3256409204000e-05; 40; 13; 59;0
6.3275755890000e-05; 40; 13; 60;0
6.3295090593000e-05; 40; 13; 60;0
6.3311214156000e-05; 40; 13; 61;0
6.3333772554000e-05; 40; 13; 61;0
6.3349896143000e-05; 40; 13; 62;0
6.3369231243000e-05; 40; 13; 62;0
6.3388578404000e-05; 40; 13; 62;0
6.3407913668000e-05; 40; 13; 62;0
6.3427261200000e-05; 40; 13; 63;0
6.3446596609000e-05; 40; 13; 63;0
6.3465944233000e-05; 40; 13; 64;0
6.3485280145000e-05; 40; 13; 64;0
6.3504621973000e-05; 40; 12; 63;0
6.3523951445000e-05; 40; 12; 63;0
6.3543292961000e-05; 40; 12; 64;0
6.3562622632000e-05; 40; 12; 64;0
6.3581964506000e-05; 40; 12; 65;0
6.3601294206000e-05; 40; 12; 65;0
6.3620636100000e-05; 40; 12; 65;0
6.3639966019000e-05; 40; 12; 65;0
6.3659308198000e-05; 40; 12; 66;0
6.3678638098000e-05; 40; 12; 66;0
6.3697980518000e-05; 40; 12; 67;0
6.3717310802000e-05; 40; 12; 67;0
6.3736653593000e-05; 40; 12; 68;0
6.3755984319000e-05; 40; 12; 68;0
6.3775327017000e-05; 40; 12; 69;0
6.3794658097000e-05; 40; 12; 69;0
6.3814001082000e-05; 40; 12; 70;0
6.3833332129000e-05; 40; 12; 70;0
6.3852675465000e-05; 40; 12; 71;0
6.3872006785000e-05; 40; 12; 71;0
6.3891350481000e-05; 40; 12; 72;0
6.3910682142000e-05; 40; 12; 72;0
6.3930026099000e-05; 40; 12; 73;0
6.3946135076000e-05; 40; 12; 73;0
6.3965479331000e-05; 40; 12; 74;0
6.3984811603000e-05; 40; 12; 74;0
6.4004156111000e-05; 40; 12; 75;0
6.4023488445000e-05; 40; 12; 75;0
6.4042833175000e-05; 40; 12; 76;0
6.4062165908000e-05; 40; 12; 76;0
6.4081510818000e-05; 40; 12; 77;0
6.4100843886000e-05; 40; 12; 77;0
6.4120189012000e-05; 40; 12; 78;0
6.4139522421000e-05; 40; 12; 78;0
6.4158867811000e-05; 40; 12; 79;0
6.4178201177000e-05; 40; 12; 79;0
6.4197546907000e-05; 40; 12; 80;0
6.4216880778000e-05; 40; 12; 80;0
6.4236226639000e-05; 40; 12; 81;0
6.4255560609000e-05; 40; 12; 81;0
6.4274906862000e-05; 40; 12; 82;0
6.4294240992000e-05; 40; 12; 82;0
6.4313587364000e-05; 40; 12; 83;0
6.4332921799000e-05; 40; 12; 83;0
6.4352268475000e-05; 40; 12; 84;0
6.4371603191000e-05; 40; 12; 84;0
6.4390950221000e-05; 40; 12; 85;0
6.4410285089000e-05; 40; 12; 85;0
6.4429632220000e-05; 40; 12; 86;0
6.4448967607000e-05; 40; 12; 86;0
6.4468315047000e-05; 40; 12; 87;0
6.4484426995000e-05; 40; 12; 87;0
6.4503774603000e-05; 40; 12; 88;0
6.4523110421000e-05; 40; 12; 88;0
6.4542458410000e-05; 40; 12; 89;0
6.4561794460000e-05; 40; 12; 89;0
6.4581142614000e-05; 40; 12; 90;0
6.4600478886000e-05; 40; 12; 90;0
6.4619827367000e-05; 40; 12; 91;0
6.4639163764000e-05; 40; 12; 91;0
6.4658512525000e-05; 40; 12; 92;0
6.4677849150000e-05; 40; 12; 92;0
6.4697198155000e-05; 40; 12; 93;0
6.4716535082000e-05; 40; 12; 93;0
6.4735884330000e-05; 40; 12; 94;0
6.4755221658000e-05; 40; 12; 94;0
6.4774571274000e-05; 40; 12; 95;0
6.4793908811000e-05; 40; 12; 95;0
6.4813258418000e-05; 40; 12; 95;0
6.4832595847000e-05; 40; 12; 95;0
6.4851936084000e-05; 40; 13; 33;0
6.4871263884000e-05; 40; 13; 33;0
6.4890603982000e-05; 40; 13; 34;0
6.4909932042000e-05; 40; 13; 34;0
6.4929272280000e-05; 40; 13; 35;0
6.4948600784000e-05; 40; 13; 35;0
6.4967941434000e-05; 40; 13; 36;0
6.4987269870000e-05; 40; 13; 36;0
6.5006610661000e-05; 40; 13; 36;0
6.5025939351000e-05; 40; 13; 36;0
6.5045280037000e-05; 40; 13; 37;0
6.5061386379000e-05; 40; 13; 37;0
6.5080727574000e-05; 40; 13; 38;0
6.5100056567000e-05; 40; 13; 38;0
6.5119398138000e-05; 40; 13; 39;0
6.5138727515000e-05; 40; 13; 39;0
6.5158069112000e-05; 40; 13; 40;0
6.5177398779000e-05; 40; 13; 40;0
6.5196740892000e-05; 40; 13; 42;0
6.5216070920000e-05; 40; 13; 42;0
6.5235413313000e-05; 40; 13; 43;0
6.5254743670000e-05; 40; 13; 43;0
6.5274086240000e-05; 40; 13; 44;0
6.5293416967000e-05; 40; 13; 44;0
6.5312759945000e-05; 40; 13; 45;0
6.5332090917000e-05; 40; 13; 45;0
6.5351434249000e-05; 40; 13; 47;0
6.5370765766000e-05; 40; 13; 47;0
6.5390109390000e-05; 40; 13; 48;0
6.5409440972000e-05; 40; 13; 48;0
6.5428784826000e-05; 40; 13; 49;0
6.5448116469000e-05; 40; 13; 49;0
6.5467460712000e-05; 40; 13; 50;0
6.5486792754000e-05; 40; 13; 50;0
6.5506137541000e-05; 40; 13; 52;0
6.5525470268000e-05; 40; 13; 52;0
6.5544815149000e-05; 40; 13; 53;0
6.5564148053000e-05; 40; 13; 53;0
6.5583493218000e-05; 40; 13; 54;0
6.5602826434000e-05; 40; 13; 54;0
6.5622171884000e-05; 40; 13; 55;0
6.5638281992000e-05; 40; 13; 55;0
6.5657627889000e-05; 40; 13; 57;0
6.5676961823000e-05; 40; 13; 57;0
6.5696307868000e-05; 40; 13; 58;0
6.5715642081000e-05; 40; 13; 58;0
6.5734988453000e-05; 40; 13; 59;0
6.5754322972000e-05; 40; 13; 59;0
6.5773669583000e-05; 40; 13; 60;0
6.5793004390000e-05; 40; 13; 60;0
6.5812351325000e-05; 40; 13; 61;0
6.5831686221000e-05; 40; 13; 61;0
6.5851033336000e-05; 40; 13; 62;0
6.5870368614000e-05; 40; 13; 62;0
6.5889716239000e-05; 40; 13; 64;0
6.5909052082000e-05; 40; 13; 64;0
6.5928399904000e-05; 40; 13; 65;0
6.5947735882000e-05; 40; 13; 65;0
6.5967084122000e-05; 40; 13; 66;0
6.5986420363000e-05; 40; 13; 66;0
6.6005768643000e-05; 40; 13; 67;0
6.6025105201000e-05; 40; 13; 67;0
6.6044453813000e-05; 40; 13; 68;0
6.6063790583000e-05; 40; 13; 68;0
6.6083139517000e-05; 40; 13; 69;0
6.6102476610000e-05; 40; 13; 69;0
6.6121825865000e-05; 40; 13; 70;0
6.6141163168000e-05; 40; 13; 70;0
6.6160512708000e-05; 40; 13; 71;0
6.6179850247000e-05; 40; 13; 71;0
6.6199199894000e-05; 40; 13; 72;0
6.6215313778000e-05; 40; 13; 72;0
6.6234663755000e-05; 40; 13; 73;0
6.6254001631000e-05; 40; 13; 73;0
6.6273352074000e-05; 40; 13; 74;0
6.6292690320000e-05; 40; 13; 74;0
6.6312040645000e-05; 40; 13; 75;0
6.6331379265000e-05; 40; 13; 75;0
6.6350730032000e-05; 40; 13; 76;0
6.6370068732000e-05; 40; 13; 76;0
6.6389419648000e-05; 40; 13; 77;0
6.6408758621000e-05; 40; 13; 77;0
6.6428109955000e-05; 40; 13; 78;0
6.6447449257000e-05; 40; 13; 78;0
6.6466800534000e-05; 40; 13; 78;0
6.6486139737000e-05; 40; 13; 78;0
6.6505491103000e-05; 40; 13; 79;0
6.6524830617000e-05; 40; 13; 79;0
6.6544182416000e-05; 40; 13; 80;0
6.6563522273000e-05; 40; 13; 80;0
6.6582874361000e-05; 40; 13; 81;0
6.6602214414000e-05; 40; 13; 81;0
6.6621566703000e-05; 40; 13; 82;0
6.6640907009000e-05; 40; 13; 82;0
6.6660259528000e-05; 40; 13; 83;0
6.6679600086000e-05; 40; 13; 83;0
6.6698952947000e-05; 40; 13; 84;0
6.6718293696000e-05; 40; 13; 84;0
6.6737646396000e-05; 40; 13; 84;0
6.6753762703000e-05; 40; 13; 84;0
6.6773115694000e-05; 40; 13; 85;0
6.6792456769000e-05; 40; 13; 85;0
6.6811810038000e-05; 40; 13; 86;0
6.6831151390000e-05; 40; 13; 86;0
6.6850504682000e-05; 40; 13; 87;0
6.6869846300000e-05; 40; 13; 87;0
6.6889200031000e-05; 40; 13; 88;0
6.6908541799000e-05; 40; 13; 88;0
6.6927895750000e-05; 40; 13; 88;0
6.6947237591000e-05; 40; 13; 88;0
6.6966591722000e-05; 40; 13; 89;0
6.6985933687000e-05; 40; 13; 89;0
6.7005288104000e-05; 40; 13; 90;0
6.7024630441000e-05; 40; 13; 90;0
6.7043984833000e-05; 40; 13; 91;0
6.7063327523000e-05; 40; 13; 91;0
6.7082682080000e-05; 40; 13; 91;0
6.7102024634000e-05; 40; 13; 91;0
6.7121379560000e-05; 40; 13; 92;0
6.7140722355000e-05; 40; 13; 92;0
6.7160077334000e-05; 40; 13; 93;0
6.7179420449000e-05; 40; 13; 93;0
6.7198775467000e-05; 40; 13; 93;0
6.7218118517000e-05; 40; 13; 93;0
6.7237473995000e-05; 40; 13; 94;0
6.7256817477000e-05; 40; 13; 94;0
6.7276173042000e-05; 40; 13; 95;0
6.7292291877000e-05; 40; 13; 95;0
6.7311647357000e-05; 40; 13; 95;0
6.7330990931000e-05; 40; 13; 95;0
6.7350337535000e-05; 40; 14; 33;0
6.7369671428000e-05; 40; 14; 33;0
6.7389017592000e-05; 40; 14; 34;0
6.7408351922000e-05; 40; 14; 34;0
6.7427698192000e-05; 40; 14; 34;0
6.7447032322000e-05; 40; 14; 34;0
6.7466378931000e-05; 40; 14; 35;0
6.7485713460000e-05; 40; 14; 35;0
6.7505060055000e-05; 40; 14; 36;0
6.7524394693000e-05; 40; 14; 36;0
6.7543741534000e-05; 40; 14; 36;0
6.7563076321000e-05; 40; 14; 36;0
6.7582423243000e-05; 40; 14; 37;0
6.7601758216000e-05; 40; 14; 37;0
6.7621105338000e-05; 40; 14; 38;0
6.7640440507000e-05; 40; 14; 38;0
6.7659787991000e-05; 40; 14; 39;0
6.7679123557000e-05; 40; 14; 39;0
6.7698471226000e-05; 40; 14; 40;0
6.7717807050000e-05; 40; 14; 40;0
6.7737154974000e-05; 40; 14; 41;0
6.7756491165000e-05; 40; 14; 41;0
6.7775839323000e-05; 40; 14; 42;0
6.7795175553000e-05; 40; 14; 42;0
6.7814524001000e-05; 40; 14; 43;0
6.7830636790000e-05; 40; 14; 43;0
6.7849985553000e-05; 40; 14; 44;0
6.7869322387000e-05; 40; 14; 44;0
6.7888671424000e-05; 40; 14; 45;0
6.7908008396000e-05; 40; 14; 45;0
6.7927357553000e-05; 40; 14; 46;0
6.7946694900000e-05; 40; 14; 46;0
6.7966044426000e-05; 40; 14; 47;0
6.7985381923000e-05; 40; 14; 47;0
6.8004731699000e-05; 40; 14; 48;0
6.8024069267000e-05; 40; 14; 48;0
6.8043419546000e-05; 40; 14; 50;0
6.8062757748000e-05; 40; 14; 50;0
6.8082108413000e-05; 40; 14; 51;0
6.8101446860000e-05; 40; 14; 51;0
6.8120797564000e-05; 40; 14; 52;0
6.8140136397000e-05; 40; 14; 52;0
6.8159487370000e-05; 40; 14; 53;0
6.8178826272000e-05; 40; 14; 53;0
6.8198177633000e-05; 40; 14; 54;0
6.8217516956000e-05; 40; 14; 54;0
6.8236868617000e-05; 40; 14; 55;0
6.8256208139000e-05; 40; 14; 55;0
6.8275559877000e-05; 40; 14; 56;0
6.8294899747000e-05; 40; 14; 56;0
6.8314251730000e-05; 40; 14; 57;0
6.8333591702000e-05; 40; 14; 57;0
6.8352943879000e-05; 40; 14; 58;0
6.8369059805000e-05; 40; 14; 58;0
6.8388412529000e-05; 40; 14; 59;0
6.8407753073000e-05; 40; 14; 59;0
6.8427105859000e-05; 40; 14; 60;0
6.8446446625000e-05; 40; 14; 60;0
6.8465799732000e-05; 40; 14; 61;0
6.8485140768000e-05; 40; 14; 61;0
6.8504494309000e-05; 40; 14; 62;0
6.8523835573000e-05; 40; 14; 62;0
6.8543188870000e-05; 40; 14; 62;0
6.8562530187000e-05; 40; 14; 62;0
6.8581883931000e-05; 40; 14; 63;0
6.8601225491000e-05; 40; 14; 63;0
6.8620579315000e-05; 40; 14; 64;0
6.8639921039000e-05; 40; 14; 64;0
6.8659268718000e-05; 40; 13; 63;0
6.8678604150000e-05; 40; 13; 63;0
6.8697951753000e-05; 40; 13; 64;0
6.8717287463000e-05; 40; 13; 64;0
6.8736635375000e-05; 40; 13; 65;0
6.8755971190000e-05; 40; 13; 65;0
6.8775319601000e-05; 40; 13; 66;0
6.8794655805000e-05; 40; 13; 66;0
6.8814003976000e-05; 40; 13; 66;0
6.8833340006000e-05; 40; 13; 66;0
6.8852688542000e-05; 40; 13; 67;0
6.8872025093000e-05; 40; 13; 67;0
6.8888150014000e-05; 40; 13; 68;0
6.8907486674000e-05; 40; 13; 68;0
6.8926835679000e-05; 40; 13; 69;0
6.8946172597000e-05; 40; 13; 69;0
6.8965521794000e-05; 40; 13; 70;0
6.8984859042000e-05; 40; 13; 70;0
6.9004208518000e-05; 40; 13; 71;0
6.9023546107000e-05; 40; 13; 71;0
6.9042895802000e-05; 40; 13; 72;0
6.9062233531000e-05; 40; 13; 72;0
6.9081583665000e-05; 40; 13; 73;0
6.9100921521000e-05; 40; 13; 73;0
6.9120272205000e-05; 40; 13; 75;0
6.9139610491000e-05; 40; 13; 75;0
6.9158961321000e-05; 40; 13; 76;0
6.9178300065000e-05; 40; 13; 76;0
6.9197651174000e-05; 40; 13; 77;0
6.9216990088000e-05; 40; 13; 77;0
6.9236341411000e-05; 40; 13; 78;0
6.9255680753000e-05; 40; 13; 78;0
6.9275032352000e-05; 40; 13; 79;0
6.9294371888000e-05; 40; 13; 79;0
6.9313723678000e-05; 40; 13; 80;0
6.9333063500000e-05; 40; 13; 80;0
6.9352415372000e-05; 40; 13; 81;0
6.9371755383000e-05; 40; 13; 81;0
6.9391107671000e-05; 40; 13; 82;0
6.9410448159000e-05; 40; 13; 82;0
6.9429800581000e-05; 40; 13; 83;0
6.9449141144000e-05; 40; 13; 83;0
6.9468493960000e-05; 40; 13; 84;0
6.9484610259000e-05; 40; 13; 84;0
6.9503963254000e-05; 40; 13; 85;0
6.9523304320000e-05; 40; 13; 85;0
6.9542657452000e-05; 40; 13; 86;0
6.9561998687000e-05; 40; 13; 86;0
6.9581352095000e-05; 40; 13; 87;0
6.9600693664000e-05; 40; 13; 87;0
6.9620047560000e-05; 40; 13; 88;0
6.9639389262000e-05; 40; 13; 88;0
6.9658743324000e-05; 40; 13; 89;0
6.9678085353000e-05; 40; 13; 89;0
6.9697439814000e-05; 40; 13; 90;0
6.9716782061000e-05; 40; 13; 90;0
6.9736136500000e-05; 40; 13; 91;0
6.9755479105000e-05; 40; 13; 91;0
6.9774833931000e-05; 40; 13; 92;0
6.9794176815000e-05; 40; 13; 92;0
6.9813531813000e-05; 40; 13; 93;0
6.9832874903000e-05; 40; 13; 93;0
6.9852230067000e-05; 40; 13; 93;0
6.9871573127000e-05; 40; 13; 93;0
6.9890928619000e-05; 40; 13; 94;0
6.9910272002000e-05; 40; 13; 94;0
6.9929627484000e-05; 40; 13; 95;0
6.9948971168000e-05; 40; 13; 95;0
6.9968317524000e-05; 40; 14; 33;0
6.9984428308000e-05; 40; 14; 33;0
7.0003774509000e-05; 40; 14; 34;0
7.0023108808000e-05; 40; 14; 34;0
7.0042455102000e-05; 40; 14; 35;0
7.0061789526000e-05; 40; 14; 35;0
7.0081135985000e-05; 40; 14; 35;0
7.0100470495000e-05; 40; 14; 35;0
7.0119817071000e-05; 40; 14; 36;0
7.0139151808000e-05; 40; 14; 36;0
7.0158498741000e-05; 40; 14; 37;0
7.0177833698000e-05; 40; 14; 37;0
7.0197181026000e-05; 40; 14; 38;0
7.0216516385000e-05; 40; 14; 38;0
7.0235863888000e-05; 40; 14; 39;0
7.0255199381000e-05; 40; 14; 39;0
7.0274547198000e-05; 40; 14; 40;0
7.0293882819000e-05; 40; 14; 40;0
7.0313230752000e-05; 40; 14; 41;0
7.0332566836000e-05; 40; 14; 41;0
7.0351915404000e-05; 40; 14; 43;0
7.0371251903000e-05; 40; 14; 43;0
7.0390600701000e-05; 40; 14; 44;0
7.0409937494000e-05; 40; 14; 44;0
7.0429286545000e-05; 40; 14; 45;0
7.0448623625000e-05; 40; 14; 45;0
7.0467972909000e-05; 40; 14; 46;0
7.0487310195000e-05; 40; 14; 46;0
7.0506660026000e-05; 40; 14; 48;0
7.0525997891000e-05; 40; 14; 48;0
7.0545347776000e-05; 40; 14; 49;0
7.0561461671000e-05; 40; 14; 49;0
7.0580811979000e-05; 40; 14; 50;0
7.0600150137000e-05; 40; 14; 50;0
7.0619500631000e-05; 40; 14; 51;0
7.0638839188000e-05; 40; 14; 51;0
7.0658190251000e-05; 40; 14; 53;0
7.0677529386000e-05; 40; 14; 53;0
7.0696880681000e-05; 40; 14; 54;0
7.0716219931000e-05; 40; 14; 54;0
7.0735571535000e-05; 40; 14; 55;0
7.0754910976000e-05; 40; 14; 55;0
7.0774262761000e-05; 40; 14; 56;0
7.0793602560000e-05; 40; 14; 56;0
7.0812954682000e-05; 40; 14; 57;0
7.0832294815000e-05; 40; 14; 57;0
7.0851647038000e-05; 40; 14; 58;0
7.0870987230000e-05; 40; 14; 58;0
7.0890340077000e-05; 40; 14; 60;0
7.0909681012000e-05; 40; 14; 60;0
7.0929034166000e-05; 40; 14; 61;0
7.0948375277000e-05; 40; 14; 61;0
7.0967728641000e-05; 40; 14; 62;0
7.0987069839000e-05; 40; 14; 62;0
7.1006423570000e-05; 40; 14; 63;0
7.1025765105000e-05; 40; 14; 63;0
7.1045118782000e-05; 40; 14; 64;0
7.1064460387000e-05; 40; 14; 64;0
7.1083814442000e-05; 40; 14; 65;0
7.1099931773000e-05; 40; 14; 65;0
7.1119286024000e-05; 40; 14; 66;0
7.1138628388000e-05; 40; 14; 66;0
7.1157982970000e-05; 40; 14; 67;0
7.1177325577000e-05; 40; 14; 67;0
7.1196680338000e-05; 40; 14; 68;0
7.1216023298000e-05; 40; 14; 68;0
7.1235378269000e-05; 40; 14; 69;0
7.1254721290000e-05; 40; 14; 69;0
7.1274076609000e-05; 40; 14; 70;0
7.1293419965000e-05; 40; 14; 70;0
7.1312775478000e-05; 40; 14; 71;0
7.1332118989000e-05; 40; 14; 71;0
7.1351474831000e-05; 40; 14; 72;0
7.1370818761000e-05; 40; 14; 72;0
7.1390174715000e-05; 40; 14; 73;0
7.1409518920000e-05; 40; 14; 73;0
7.1428875379000e-05; 40; 14; 74;0
7.1448219778000e-05; 40; 14; 74;0
7.1467576216000e-05; 40; 14; 74;0
7.1486920417000e-05; 40; 14; 74;0
7.1506277120000e-05; 40; 14; 75;0
7.1525621709000e-05; 40; 14; 75;0
7.1544978667000e-05; 40; 14; 76;0
7.1564323518000e-05; 40; 14; 76;0
7.1580455520000e-05; 40; 14; 77;0
7.1599800648000e-05; 40; 14; 77;0
7.1619157959000e-05; 40; 14; 78;0
7.1638503409000e-05; 40; 14; 78;0
7.1657861110000e-05; 40; 14; 79;0
7.1677206677000e-05; 40; 14; 79;0
7.1696564544000e-05; 40; 14; 80;0
7.1715910416000e-05; 40; 14; 80;0
7.1735268437000e-05; 40; 14; 80;0
7.1754614256000e-05; 40; 14; 80;0
7.1773972454000e-05; 40; 14; 81;0
7.1793318596000e-05; 40; 14; 81;0
7.1812677002000e-05; 40; 14; 82;0
7.1832023379000e-05; 40; 14; 82;0
7.1851381937000e-05; 40; 14; 83;0
7.1870728596000e-05; 40; 14; 83;0
7.1890087273000e-05; 40; 14; 83;0
7.1909433968000e-05; 40; 14; 83;0
7.1928792807000e-05; 40; 14; 84;0
7.1948139652000e-05; 40; 14; 84;0
7.1967498940000e-05; 40; 14; 85;0
7.1986845889000e-05; 40; 14; 85;0
7.2006205303000e-05; 40; 14; 86;0
7.2025552776000e-05; 40; 14; 86;0
7.2044912075000e-05; 40; 14; 86;0
7.2064259575000e-05; 40; 14; 86;0
7.2083619210000e-05; 40; 14; 87;0
7.2102966906000e-05; 40; 14; 87;0
7.2122326861000e-05; 40; 14; 88;0
7.2138449033000e-05; 40; 14; 88;0
7.2157809030000e-05; 40; 14; 88;0
7.2177156953000e-05; 40; 14; 88;0
7.2196517030000e-05; 40; 14; 89;0
7.2215865159000e-05; 40; 14; 89;0
7.2235225643000e-05; 40; 14; 90;0
7.2254574119000e-05; 40; 14; 90;0
7.2273934517000e-05; 40; 14; 90;0
7.2293283022000e-05; 40; 14; 90;0
7.2312643599000e-05; 40; 14; 91;0
7.2331992431000e-05; 40; 14; 91;0
7.2351353344000e-05; 40; 14; 92;0
7.2370702440000e-05; 40; 14; 92;0
7.2390063261000e-05; 40; 14; 92;0
7.2409412271000e-05; 40; 14; 92;0
7.2428773504000e-05; 40; 14; 93;0
7.2448122823000e-05; 40; 14; 93;0
7.2467483927000e-05; 40; 14; 93;0
7.2486833158000e-05; 40; 14; 93;0
7.2506194606000e-05; 40; 14; 94;0
7.2525544129000e-05; 40; 14; 94;0
7.2544906039000e-05; 40; 14; 95;0
7.2564255690000e-05; 40; 14; 95;0
7.2583617333000e-05; 40; 14; 95;0
7.2602967079000e-05; 40; 14; 95;0
7.2622319754000e-05; 40; 15; 33;0
7.2638435482000e-05; 40; 15; 33;0
7.2657787346000e-05; 40; 15; 33;0
7.2677127312000e-05; 40; 15; 33;0
7.2696479669000e-05; 40; 15; 34;0
7.2715819994000e-05; 40; 15; 34;0
7.2735172329000e-05; 40; 15; 34;0
7.2754512752000e-05; 40; 15; 34;0
7.2773865301000e-05; 40; 15; 35;0
7.2793205711000e-05; 40; 15; 35;0
7.2812558084000e-05; 40; 15; 35;0
7.2831898644000e-05; 40; 15; 35;0
7.2851251345000e-05; 40; 15; 36;0
7.2870592185000e-05; 40; 15; 36;0
7.2889945270000e-05; 40; 15; 37;0
7.2909286443000e-05; 40; 15; 37;0
7.2928639758000e-05; 40; 15; 38;0
7.2947981055000e-05; 40; 15; 38;0
7.2967334275000e-05; 40; 15; 38;0
7.2986675465000e-05; 40; 15; 38;0
7.3006029034000e-05; 40; 15; 39;0
7.3025370619000e-05; 40; 15; 39;0
7.3044724509000e-05; 40; 15; 40;0
7.3064066335000e-05; 40; 15; 40;0
7.3083420209000e-05; 40; 15; 41;0
7.3102762341000e-05; 40; 15; 41;0
7.3122116625000e-05; 40; 15; 42;0
7.3141458985000e-05; 40; 15; 42;0
7.3157588801000e-05; 40; 15; 43;0
7.3176931443000e-05; 40; 15; 43;0
7.3196286267000e-05; 40; 15; 44;0
7.3215629188000e-05; 40; 15; 44;0
7.3234984332000e-05; 40; 15; 45;0
7.3254327508000e-05; 40; 15; 45;0
7.3273682900000e-05; 40; 15; 46;0
7.3293026112000e-05; 40; 15; 46;0
7.3312381799000e-05; 40; 15; 47;0
7.3331725320000e-05; 40; 15; 47;0
7.3351081271000e-05; 40; 15; 48;0
7.3370425182000e-05; 40; 15; 48;0
7.3389781192000e-05; 40; 15; 49;0
7.3409125308000e-05; 40; 15; 49;0
7.3428481476000e-05; 40; 15; 50;0
7.3447825846000e-05; 40; 15; 50;0
7.3467182472000e-05; 40; 15; 51;0
7.3486526824000e-05; 40; 15; 51;0
7.3505883749000e-05; 40; 15; 52;0
7.3525228587000e-05; 40; 15; 52;0
7.3544585679000e-05; 40; 15; 53;0
7.3563930671000e-05; 40; 15; 53;0
7.3583287942000e-05; 40; 15; 54;0
7.3602633515000e-05; 40; 15; 54;0
7.3621990935000e-05; 40; 15; 55;0
7.3641336640000e-05; 40; 15; 55;0
7.3660694405000e-05; 40; 15; 56;0
7.3676815056000e-05; 40; 15; 56;0
7.3696172978000e-05; 40; 15; 57;0
7.3715519077000e-05; 40; 15; 57;0
7.3734877244000e-05; 40; 15; 57;0
7.3754223328000e-05; 40; 15; 57;0
7.3773581698000e-05; 40; 15; 58;0
7.3792928023000e-05; 40; 15; 58;0
7.3812286789000e-05; 40; 15; 59;0
7.3831633371000e-05; 40; 15; 59;0
7.3850992347000e-05; 40; 15; 60;0
7.3870339202000e-05; 40; 15; 60;0
7.3889698463000e-05; 40; 15; 61;0
7.3909045540000e-05; 40; 15; 61;0
7.3928404612000e-05; 40; 15; 61;0
7.3947751792000e-05; 40; 15; 61;0
7.3967111306000e-05; 40; 15; 62;0
7.3986458725000e-05; 40; 15; 62;0
7.4005818263000e-05; 40; 15; 63;0
7.4025165963000e-05; 40; 15; 63;0
7.4044525732000e-05; 40; 15; 64;0
7.4063873677000e-05; 40; 15; 64;0
7.4083233629000e-05; 40; 15; 64;0
7.4102581536000e-05; 40; 15; 64;0
7.4121935559000e-05; 40; 14; 63;0
7.4141277234000e-05; 40; 14; 63;0
7.4160630824000e-05; 40; 14; 64;0
7.4176748096000e-05; 40; 14; 64;0
7.4196102151000e-05; 40; 14; 65;0
7.4215444199000e-05; 40; 14; 65;0
7.4234798340000e-05; 40; 14; 65;0
7.4254140544000e-05; 40; 14; 65;0
7.4273494964000e-05; 40; 14; 66;0
7.4292837256000e-05; 40; 14; 66;0
7.4312191815000e-05; 40; 14; 67;0
7.4331534356000e-05; 40; 14; 67;0
7.4350889003000e-05; 40; 14; 67;0
7.4370231536000e-05; 40; 14; 67;0
7.4389586445000e-05; 40; 14; 68;0
7.4408929349000e-05; 40; 14; 68;0
7.4428284384000e-05; 40; 14; 69;0
7.4447627637000e-05; 40; 14; 69;0
7.4466983036000e-05; 40; 14; 70;0
7.4486326384000e-05; 40; 14; 70;0
7.4505682045000e-05; 40; 14; 71;0
7.4525025718000e-05; 40; 14; 71;0
7.4544381752000e-05; 40; 14; 72;0
7.4563725557000e-05; 40; 14; 72;0
7.4583081619000e-05; 40; 14; 73;0
7.4602425816000e-05; 40; 14; 73;0
7.4621782238000e-05; 40; 14; 74;0
7.4641126543000e-05; 40; 14; 74;0
7.4660483359000e-05; 40; 14; 75;0
7.4679827939000e-05; 40; 14; 75;0
7.4699184338000e-05; 40; 14; 75;0
7.4715303792000e-05; 40; 14; 75;0
7.4734660815000e-05; 40; 14; 76;0
7.4754005686000e-05; 40; 14; 76;0
7.4773362983000e-05; 40; 14; 77;0
7.4792708105000e-05; 40; 14; 77;0
7.4812065537000e-05; 40; 14; 78;0
7.4831410887000e-05; 40; 14; 78;0
7.4850768689000e-05; 40; 14; 79;0
7.4870114271000e-05; 40; 14; 79;0
7.4889472192000e-05; 40; 14; 80;0
7.4908818193000e-05; 40; 14; 80;0
7.4928176352000e-05; 40; 14; 81;0
7.4947522444000e-05; 40; 14; 81;0
7.4966880851000e-05; 40; 14; 82;0
7.4986227290000e-05; 40; 14; 82;0
7.5005585966000e-05; 40; 14; 83;0
7.5024932650000e-05; 40; 14; 83;0
7.5044291271000e-05; 40; 14; 83;0
7.5063637917000e-05; 40; 14; 83;0
7.5082996759000e-05; 40; 14; 84;0
7.5102343622000e-05; 40; 14; 84;0
7.5121702609000e-05; 40; 14; 85;0
7.5141049642000e-05; 40; 14; 85;0
7.5160409062000e-05; 40; 14; 86;0
7.5179756552000e-05; 40; 14; 86;0
7.5199116148000e-05; 40; 14; 87;0
7.5215238095000e-05; 40; 14; 87;0
7.5234597882000e-05; 40; 14; 87;0
7.5253945491000e-05; 40; 14; 87;0
7.5273305525000e-05; 40; 14; 88;0
7.5292653450000e-05; 40; 14; 88;0
7.5312013577000e-05; 40; 14; 89;0
7.5331361735000e-05; 40; 14; 89;0
7.5350722270000e-05; 40; 14; 90;0
7.5370070629000e-05; 40; 14; 90;0
7.5389431028000e-05; 40; 14; 90;0
7.5408779561000e-05; 40; 14; 90;0
7.5428140131000e-05; 40; 14; 91;0
7.5447489067000e-05; 40; 14; 91;0
7.5466850043000e-05; 40; 14; 92;0
7.5486198874000e-05; 40; 14; 92;0
7.5505559711000e-05; 40; 14; 92;0
7.5524908504000e-05; 40; 14; 92;0
7.5544269762000e-05; 40; 14; 93;0
7.5563619021000e-05; 40; 14; 93;0
7.5582980463000e-05; 40; 14; 94;0
7.5602329964000e-05; 40; 14; 94;0
7.5621691508000e-05; 40; 14; 94;0
7.5641041043000e-05; 40; 14; 94;0
7.5660402844000e-05; 40; 14; 95;0
7.5679752580000e-05; 40; 14; 95;0
7.5699105055000e-05; 40; 15; 33;0
7.5715220831000e-05; 40; 15; 33;0
7.5734572721000e-05; 40; 15; 33;0
7.5753912572000e-05; 40; 15; 33;0
7.5773265003000e-05; 40; 15; 34;0
7.5792605317000e-05; 40; 15; 34;0
7.5811957782000e-05; 40; 15; 35;0
7.5831298310000e-05; 40; 15; 35;0
7.5850650918000e-05; 40; 15; 35;0
7.5869991419000e-05; 40; 15; 35;0
7.5889344192000e-05; 40; 15; 36;0
7.5908685024000e-05; 40; 15; 36;0
7.5928038059000e-05; 40; 15; 37;0
7.5947379146000e-05; 40; 15; 37;0
7.5966732309000e-05; 40; 15; 37;0
7.5986073278000e-05; 40; 15; 37;0
7.6005426585000e-05; 40; 15; 38;0
7.6024767913000e-05; 40; 15; 38;0
7.6044121433000e-05; 40; 15; 39;0
7.6063462991000e-05; 40; 15; 39;0
7.6082816885000e-05; 40; 15; 40;0
7.6102158708000e-05; 40; 15; 40;0
7.6121512807000e-05; 40; 15; 41;0
7.6140854800000e-05; 40; 15; 41;0
7.6160209317000e-05; 40; 15; 42;0
7.6179551790000e-05; 40; 15; 42;0
7.6198906545000e-05; 40; 15; 44;0
7.6218249409000e-05; 40; 15; 44;0
7.6237604553000e-05; 40; 15; 45;0
7.6253722820000e-05; 40; 15; 45;0
7.6273078331000e-05; 40; 15; 46;0
7.6292421667000e-05; 40; 15; 46;0
7.6311777100000e-05; 40; 15; 47;0
7.6331120579000e-05; 40; 15; 47;0
7.6350476434000e-05; 40; 15; 48;0
7.6369820245000e-05; 40; 15; 48;0
7.6389176270000e-05; 40; 15; 49;0
7.6408520308000e-05; 40; 15; 49;0
7.6427876630000e-05; 40; 15; 50;0
7.6447220985000e-05; 40; 15; 50;0
7.6466577681000e-05; 40; 15; 51;0
7.6485922212000e-05; 40; 15; 51;0
7.6505279132000e-05; 40; 15; 52;0
7.6524623885000e-05; 40; 15; 52;0
7.6543981042000e-05; 40; 15; 53;0
7.6563325951000e-05; 40; 15; 53;0
7.6582683458000e-05; 40; 15; 54;0
7.6602028710000e-05; 40; 15; 54;0
7.6621386410000e-05; 40; 15; 55;0
7.6640732023000e-05; 40; 15; 55;0
7.6660089985000e-05; 40; 15; 56;0
7.6679435910000e-05; 40; 15; 56;0
7.6698794169000e-05; 40; 15; 57;0
7.6718140273000e-05; 40; 15; 57;0
7.6737498613000e-05; 40; 15; 58;0
7.6756844984000e-05; 40; 15; 58;0
7.6772978290000e-05; 40; 15; 59;0
7.6792324736000e-05; 40; 15; 59;0
7.6811683447000e-05; 40; 15; 59;0
7.6831030076000e-05; 40; 15; 59;0
7.6850388824000e-05; 40; 15; 60;0
7.6869735736000e-05; 40; 15; 60;0
7.6889095018000e-05; 40; 15; 61;0
7.6908442339000e-05; 40; 15; 61;0
7.6927801645000e-05; 40; 15; 62;0
7.6947149031000e-05; 40; 15; 62;0
7.6966508720000e-05; 40; 15; 63;0
7.6985856369000e-05; 40; 15; 63;0
7.7005216171000e-05; 40; 15; 64;0
7.7024564079000e-05; 40; 15; 64;0
7.7043923944000e-05; 40; 15; 64;0
7.7063271982000e-05; 40; 15; 64;0
7.7082632117000e-05; 40; 15; 65;0
7.7101980238000e-05; 40; 15; 65;0
7.7121340798000e-05; 40; 15; 66;0
7.7140689246000e-05; 40; 15; 66;0
7.7160049804000e-05; 40; 15; 67;0
7.7179398392000e-05; 40; 15; 67;0
7.7198758936000e-05; 40; 15; 67;0
7.7218107793000e-05; 40; 15; 67;0
7.7237468616000e-05; 40; 15; 68;0
7.7256817660000e-05; 40; 15; 68;0
7.7276178714000e-05; 40; 15; 69;0
7.7292302110000e-05; 40; 15; 69;0
7.7311663497000e-05; 40; 15; 70;0
7.7331012811000e-05; 40; 15; 70;0
7.7350374348000e-05; 40; 15; 70;0
7.7369723728000e-05; 40; 15; 70;0
7.7389085447000e-05; 40; 15; 71;0
7.7408435112000e-05; 40; 15; 71;0
7.7427797079000e-05; 40; 15; 72;0
7.7447147078000e-05; 40; 15; 72;0
7.7466508947000e-05; 40; 15; 72;0
7.7485858925000e-05; 40; 15; 72;0
7.7505221142000e-05; 40; 15; 73;0
7.7524571327000e-05; 40; 15; 73;0
7.7543933682000e-05; 40; 15; 74;0
7.7563284015000e-05; 40; 15; 74;0
7.7582646467000e-05; 40; 15; 74;0
7.7601996940000e-05; 40; 15; 74;0
7.7621359706000e-05; 40; 15; 75;0
7.7640710309000e-05; 40; 15; 75;0
7.7660073498000e-05; 40; 15; 76;0
7.7679424465000e-05; 40; 15; 76;0
7.7698787559000e-05; 40; 15; 76;0
7.7718138514000e-05; 40; 15; 76;0
7.7737501493000e-05; 40; 15; 77;0
7.7756852784000e-05; 40; 15; 77;0
7.7772989712000e-05; 40; 15; 77;0
7.7792341197000e-05; 40; 15; 77;0
7.7811704644000e-05; 40; 15; 78;0
7.7831056119000e-05; 40; 15; 78;0
7.7850419643000e-05; 40; 15; 78;0
7.7869771089000e-05; 40; 15; 78;0
7.7889134909000e-05; 40; 15; 79;0
7.7908486631000e-05; 40; 15; 79;0
7.7927850563000e-05; 40; 15; 80;0
7.7947202555000e-05; 40; 15; 80;0
7.7966566360000e-05; 40; 15; 80;0
7.7985918503000e-05; 40; 15; 80;0
7.8005282583000e-05; 40; 15; 81;0
7.8024634930000e-05; 40; 15; 81;0
7.8043999087000e-05; 40; 15; 81;0
7.8063351337000e-05; 40; 15; 81;0
7.8082715886000e-05; 40; 15; 82;0
7.8102068382000e-05; 40; 15; 82;0
7.8121432921000e-05; 40; 15; 82;0
7.8140785366000e-05; 40; 15; 82;0
7.8160150133000e-05; 40; 15; 83;0
7.8179502840000e-05; 40; 15; 83;0
7.8198867662000e-05; 40; 15; 83;0
7.8218220392000e-05; 40; 15; 83;0
7.8237585177000e-05; 40; 15; 83;0
7.8253711540000e-05; 40; 15; 83;0
7.8273076501000e-05; 40; 15; 84;0
7.8292429508000e-05; 40; 15; 84;0
7.8311794327000e-05; 40; 15; 84;0
7.8331147194000e-05; 40; 15; 84;0
7.8350512438000e-05; 40; 15; 85;0
7.8369865667000e-05; 40; 15; 85;0
7.8389230881000e-05; 40; 15; 85;0
7.8408584155000e-05; 40; 15; 85;0
7.8427949708000e-05; 40; 15; 86;0
7.8447303245000e-05; 40; 15; 86;0
7.8466668742000e-05; 40; 15; 86;0
7.8486022048000e-05; 40; 15; 86;0
7.8505387514000e-05; 40; 15; 86;0
7.8524740980000e-05; 40; 15; 86;0
7.8544106582000e-05; 40; 15; 87;0
7.8563460378000e-05; 40; 15; 87;0
7.8582826130000e-05; 40; 15; 87;0
7.8602180049000e-05; 40; 15; 87;0
7.8621546061000e-05; 40; 15; 88;0
7.8640900158000e-05; 40; 15; 88;0
7.8660266057000e-05; 40; 15; 88;0
7.8679620234000e-05; 40; 15; 88;0
7.8698986085000e-05; 40; 15; 88;0
7.8718340180000e-05; 40; 15; 88;0
7.8737706458000e-05; 40; 15; 89;0
7.8753833901000e-05; 40; 15; 89;0
7.8773200238000e-05; 40; 15; 89;0
7.8792554425000e-05; 40; 15; 89;0
7.8811920767000e-05; 40; 15; 89;0
7.8831274822000e-05; 40; 15; 89;0
7.8850641398000e-05; 40; 15; 90;0
7.8869995956000e-05; 40; 15; 90;0
7.8889362249000e-05; 40; 15; 90;0
7.8908716643000e-05; 40; 15; 90;0
7.8928083234000e-05; 40; 15; 90;0
7.8947437853000e-05; 40; 15; 90;0
7.8966804682000e-05; 40; 15; 91;0
7.8986159501000e-05; 40; 15; 91;0
7.9005526428000e-05; 40; 15; 91;0
7.9024881205000e-05; 40; 15; 91;0
7.9044247946000e-05; 40; 15; 91;0
7.9063602689000e-05; 40; 15; 91;0
7.9082969868000e-05; 40; 15; 92;0
7.9102324852000e-05; 40; 15; 92;0
7.9121691772000e-05; 40; 15; 92;0
7.9141046844000e-05; 40; 15; 92;0
7.9160413972000e-05; 40; 15; 92;0
7.9179768911000e-05; 40; 15; 92;0
7.9199136051000e-05; 40; 15; 92;0
7.9215264124000e-05; 40; 15; 92;0
7.9234631418000e-05; 40; 15; 93;0
7.9253986781000e-05; 40; 15; 93;0
7.9273354097000e-05; 40; 15; 93;0
7.9292709225000e-05; 40; 15; 93;0
7.9312076562000e-05; 40; 15; 93;0
7.9331431825000e-05; 40; 15; 93;0
7.9350799071000e-05; 40; 15; 93;0
7.9370154405000e-05; 40; 15; 93;0
7.9389521939000e-05; 40; 15; 94;0
7.9408877573000e-05; 40; 15; 94;0
7.9428245155000e-05; 40; 15; 94;0
7.9447600793000e-05; 40; 15; 94;0
7.9466968276000e-05; 40; 15; 94;0
7.9486323716000e-05; 40; 15; 94;0
7.9505691416000e-05; 40; 15; 94;0
7.9525046881000e-05; 40; 15; 94;0
7.9544414553000e-05; 40; 15; 94;0
7.9563770136000e-05; 40; 15; 94;0
7.9583137977000e-05; 40; 15; 95;0
7.9602493676000e-05; 40; 15; 95;0
7.9621861657000e-05; 40; 15; 95;0
7.9641217485000e-05; 40; 15; 95;0
7.9660585311000e-05; 40; 15; 95;0
7.9676714052000e-05; 40; 15; 95;0
7.9696081871000e-05; 40; 15; 95;0
7.9715437603000e-05; 40; 15; 95;0
7.9734796506000e-05; 40; 16; 33;0
7.9754143087000e-05; 40; 16; 33;0
7.9773501294000e-05; 40; 16; 33;0
7.9792847793000e-05; 40; 16; 33;0
7.9812206228000e-05; 40; 16; 33;0
7.9831552708000e-05; 40; 16; 33;0
7.9850911068000e-05; 40; 16; 33;0
7.9870257437000e-05; 40; 16; 33;0
7.9889615848000e-05; 40; 16; 33;0
7.9908962321000e-05; 40; 16; 33;0
7.9928321139000e-05; 40; 16; 34;0
7.9947667849000e-05; 40; 16; 34;0
7.9967026669000e-05; 40; 16; 34;0
7.9986373090000e-05; 40; 16; 34;0
8.0005731779000e-05; 40; 16; 34;0
8.0025078430000e-05; 40; 16; 34;0
8.0044437468000e-05; 40; 16; 35;0
8.0063784466000e-05; 40; 16; 35;0
8.0083143103000e-05; 40; 16; 35;0
8.0102490211000e-05; 40; 16; 35;0
8.0121849360000e-05; 40; 16; 36;0
8.0141196699000e-05; 40; 16; 36;0
8.0160556269000e-05; 40; 16; 37;0
8.0179903674000e-05; 40; 16; 37;0
8.0199263104000e-05; 40; 16; 37;0
8.0215384923000e-05; 40; 16; 37;0
8.0234744563000e-05; 40; 16; 38;0
8.0254092250000e-05; 40; 16; 38;0
8.0273452289000e-05; 40; 16; 39;0
8.0292800213000e-05; 40; 16; 39;0
8.0312160572000e-05; 40; 16; 40;0
8.0331508902000e-05; 40; 16; 40;0
8.0350868947000e-05; 40; 16; 40;0
8.0370217080000e-05; 40; 16; 40;0
8.0389577649000e-05; 40; 16; 41;0
8.0408926072000e-05; 40; 16; 41;0
8.0428286812000e-05; 40; 16; 42;0
8.0447635588000e-05; 40; 16; 42;0
8.0466996324000e-05; 40; 16; 42;0
8.0486344977000e-05; 40; 16; 42;0
8.0505705958000e-05; 40; 16; 43;0
8.0525055061000e-05; 40; 16; 43;0
8.0544416276000e-05; 40; 16; 44;0
8.0563765549000e-05; 40; 16; 44;0
8.0583126853000e-05; 40; 16; 44;0
8.0602475971000e-05; 40; 16; 44;0
8.0621837457000e-05; 40; 16; 45;0
8.0641186854000e-05; 40; 16; 45;0
8.0660548428000e-05; 40; 16; 45;0
8.0679897920000e-05; 40; 16; 45;0
8.0699259742000e-05; 40; 16; 46;0
8.0715383578000e-05; 40; 16; 46;0
8.0734745384000e-05; 40; 16; 47;0
8.0754095506000e-05; 40; 16; 47;0
8.0773457550000e-05; 40; 16; 47;0
8.0792807542000e-05; 40; 16; 47;0
8.0812169700000e-05; 40; 16; 48;0
8.0831519988000e-05; 40; 16; 48;0
8.0850882098000e-05; 40; 16; 48;0
8.0870232435000e-05; 40; 16; 48;0
8.0889594828000e-05; 40; 16; 49;0
8.0908945486000e-05; 40; 16; 49;0
8.0928307893000e-05; 40; 16; 49;0
8.0947658402000e-05; 40; 16; 49;0
8.0967021087000e-05; 40; 16; 50;0
8.0986371682000e-05; 40; 16; 50;0
8.1005734631000e-05; 40; 16; 51;0
8.1025085498000e-05; 40; 16; 51;0
8.1044448361000e-05; 40; 16; 51;0
8.1063799620000e-05; 40; 16; 51;0
8.1083162863000e-05; 40; 16; 52;0
8.1102514309000e-05; 40; 16; 52;0
8.1121877519000e-05; 40; 16; 52;0
8.1141228819000e-05; 40; 16; 52;0
8.1160592289000e-05; 40; 16; 53;0
8.1176717676000e-05; 40; 16; 53;0
8.1196081374000e-05; 40; 16; 53;0
8.1215432783000e-05; 40; 16; 53;0
8.1234796545000e-05; 40; 16; 54;0
8.1254148393000e-05; 40; 16; 54;0
8.1273512007000e-05; 40; 16; 54;0
8.1292863874000e-05; 40; 16; 54;0
8.1312227979000e-05; 40; 16; 55;0
8.1331579999000e-05; 40; 16; 55;0
8.1350944122000e-05; 40; 16; 55;0
8.1370296185000e-05; 40; 16; 55;0
8.1389660143000e-05; 40; 16; 55;0
8.1409012228000e-05; 40; 16; 55;0
8.1428376490000e-05; 40; 16; 56;0
8.1447728756000e-05; 40; 16; 56;0
8.1467093078000e-05; 40; 16; 56;0
8.1486445288000e-05; 40; 16; 56;0
8.1505809837000e-05; 40; 16; 57;0
8.1525162518000e-05; 40; 16; 57;0
8.1544527029000e-05; 40; 16; 57;0
8.1563879595000e-05; 40; 16; 57;0
8.1583244054000e-05; 40; 16; 57;0
8.1602596700000e-05; 40; 16; 57;0
8.1621961556000e-05; 40; 16; 58;0
8.1641314366000e-05; 40; 16; 58;0
8.1660679081000e-05; 40; 16; 58;0
8.1676805420000e-05; 40; 16; 58;0
8.1696170495000e-05; 40; 16; 59;0
8.1715523558000e-05; 40; 16; 59;0
8.1734888598000e-05; 40; 16; 59;0
8.1754241666000e-05; 40; 16; 59;0
8.1773606638000e-05; 40; 16; 59;0
8.1792959623000e-05; 40; 16; 59;0
8.1812324907000e-05; 40; 16; 60;0
8.1831678229000e-05; 40; 16; 60;0
8.1851043506000e-05; 40; 16; 60;0
8.1870396792000e-05; 40; 16; 60;0
8.1889762121000e-05; 40; 16; 60;0
8.1909115499000e-05; 40; 16; 60;0
8.1928481204000e-05; 40; 16; 61;0
8.1947834726000e-05; 40; 16; 61;0
8.1967200193000e-05; 40; 16; 61;0
8.1986553806000e-05; 40; 16; 61;0
8.2005919333000e-05; 40; 16; 61;0
8.2025272928000e-05; 40; 16; 61;0
8.2044638529000e-05; 40; 16; 62;0
8.2063992482000e-05; 40; 16; 62;0
8.2083358277000e-05; 40; 16; 62;0
8.2102711909000e-05; 40; 16; 62;0
8.2122077613000e-05; 40; 16; 62;0
8.2141431477000e-05; 40; 16; 62;0
8.2160797550000e-05; 40; 16; 63;0
8.2176924837000e-05; 40; 16; 63;0
8.2196291050000e-05; 40; 16; 63;0
8.2215645061000e-05; 40; 16; 63;0
8.2235011105000e-05; 40; 16; 63;0
8.2254365197000e-05; 40; 16; 63;0
8.2273731500000e-05; 40; 16; 64;0
8.2293085916000e-05; 40; 16; 64;0
8.2312452081000e-05; 40; 16; 64;0
8.2331806480000e-05; 40; 16; 64;0
8.2351172771000e-05; 40; 16; 64;0
8.2370527181000e-05; 40; 16; 64;0
8.2389893343000e-05; 40; 16; 64;0
8.2409247794000e-05; 40; 16; 64;0
8.2428607946000e-05; 40; 15; 63;0
8.2447955519000e-05; 40; 15; 63;0
8.2467315241000e-05; 40; 15; 63;0
8.2486662769000e-05; 40; 15; 63;0
8.2506022258000e-05; 40; 15; 63;0
8.2525369974000e-05; 40; 15; 63;0
8.2544729663000e-05; 40; 15; 63;0
8.2564077448000e-05; 40; 15; 63;0
8.2583437279000e-05; 40; 15; 64;0
8.2602785230000e-05; 40; 15; 64;0
8.2618919388000e-05; 40; 15; 64;0
8.2638267457000e-05; 40; 15; 64;0
8.2657627530000e-05; 40; 15; 64;0
8.2676975398000e-05; 40; 15; 64;0
8.2696335500000e-05; 40; 15; 65;0
8.2715683321000e-05; 40; 15; 65;0
8.2735043599000e-05; 40; 15; 65;0
8.2754391655000e-05; 40; 15; 65;0
8.2773752161000e-05; 40; 15; 66;0
8.2793100574000e-05; 40; 15; 66;0
8.2812460931000e-05; 40; 15; 66;0
8.2831809378000e-05; 40; 15; 66;0
8.2851170035000e-05; 40; 15; 67;0
8.2870518746000e-05; 40; 15; 67;0
8.2889879438000e-05; 40; 15; 67;0
8.2909228006000e-05; 40; 15; 67;0
8.2928588977000e-05; 40; 15; 68;0
8.2947937855000e-05; 40; 15; 68;0
8.2967298787000e-05; 40; 15; 68;0
8.2986647526000e-05; 40; 15; 68;0
8.3006008679000e-05; 40; 15; 69;0
8.3025357920000e-05; 40; 15; 69;0
8.3044719414000e-05; 40; 15; 70;0
8.3064068909000e-05; 40; 15; 70;0
8.3083430142000e-05; 40; 15; 70;0
8.3102779643000e-05; 40; 15; 70;0
8.3118915278000e-05; 40; 15; 71;0
8.3138265080000e-05; 40; 15; 71;0
8.3157626572000e-05; 40; 15; 71;0
8.3176976391000e-05; 40; 15; 71;0
8.3196338260000e-05; 40; 15; 72;0
8.3215688128000e-05; 40; 15; 72;0
8.3235050130000e-05; 40; 15; 72;0
8.3254399938000e-05; 40; 15; 72;0
8.3273762205000e-05; 40; 15; 73;0
8.3293112464000e-05; 40; 15; 73;0
8.3312474930000e-05; 40; 15; 74;0
8.3331825383000e-05; 40; 15; 74;0
8.3351187873000e-05; 40; 15; 74;0
8.3370538423000e-05; 40; 15; 74;0
8.3389901223000e-05; 40; 15; 75;0
8.3409252030000e-05; 40; 15; 75;0
8.3428614603000e-05; 40; 15; 75;0
8.3447965502000e-05; 40; 15; 75;0
8.3467328617000e-05; 40; 15; 76;0
8.3486679553000e-05; 40; 15; 76;0
8.3506042475000e-05; 40; 15; 76;0
8.3525393417000e-05; 40; 15; 76;0
8.3544756600000e-05; 40; 15; 77;0
8.3564107752000e-05; 40; 15; 77;0
8.3583471004000e-05; 40; 15; 77;0
8.3602822120000e-05; 40; 15; 77;0
8.3622185641000e-05; 40; 15; 78;0
8.3638310872000e-05; 40; 15; 78;0
8.3657674286000e-05; 40; 15; 78;0
8.3677025730000e-05; 40; 15; 78;0
8.3696389312000e-05; 40; 15; 78;0
8.3715740738000e-05; 40; 15; 78;0
8.3735104485000e-05; 40; 15; 79;0
8.3754456287000e-05; 40; 15; 79;0
8.3773820113000e-05; 40; 15; 79;0
8.3793171709000e-05; 40; 15; 79;0
8.3812535623000e-05; 40; 15; 80;0
8.3831887584000e-05; 40; 15; 80;0
8.3851251454000e-05; 40; 15; 80;0
8.3870603390000e-05; 40; 15; 80;0
8.3889967426000e-05; 40; 15; 80;0
8.3909319384000e-05; 40; 15; 80;0
8.3928683658000e-05; 40; 15; 81;0
8.3948035928000e-05; 40; 15; 81;0
8.3967399873000e-05; 40; 15; 81;0
8.3986752238000e-05; 40; 15; 81;0
8.4006116509000e-05; 40; 15; 82;0
8.4025469179000e-05; 40; 15; 82;0
8.4044833567000e-05; 40; 15; 82;0
8.4064186057000e-05; 40; 15; 82;0
8.4083550519000e-05; 40; 15; 82;0
8.4102902757000e-05; 40; 15; 82;0
8.4122267402000e-05; 40; 15; 83;0
8.4138393634000e-05; 40; 15; 83;0
8.4157758266000e-05; 40; 15; 83;0
8.4177110981000e-05; 40; 15; 83;0
8.4196475658000e-05; 40; 15; 83;0
8.4215828349000e-05; 40; 15; 83;0
8.4235193317000e-05; 40; 15; 84;0
8.4254546280000e-05; 40; 15; 84;0
8.4273911253000e-05; 40; 15; 84;0
8.4293264075000e-05; 40; 15; 84;0
8.4312629140000e-05; 40; 15; 84;0
8.4331982194000e-05; 40; 15; 84;0
8.4351347365000e-05; 40; 15; 85;0
8.4370700583000e-05; 40; 15; 85;0
8.4390065814000e-05; 40; 15; 85;0
8.4409419020000e-05; 40; 15; 85;0
8.4428784069000e-05; 40; 15; 85;0
8.4448137313000e-05; 40; 15; 85;0
8.4467502689000e-05; 40; 15; 86;0
8.4486856234000e-05; 40; 15; 86;0
8.4506221765000e-05; 40; 15; 86;0
8.4525575181000e-05; 40; 15; 86;0
8.4544940691000e-05; 40; 15; 86;0
8.4564294171000e-05; 40; 15; 86;0
8.4583659505000e-05; 40; 15; 86;0
8.4603013056000e-05; 40; 15; 86;0
8.4619152230000e-05; 40; 15; 87;0
8.4638506099000e-05; 40; 15; 87;0
8.4657871814000e-05; 40; 15; 87;0
8.4677225672000e-05; 40; 15; 87;0
8.4696591488000e-05; 40; 15; 87;0
8.4715945203000e-05; 40; 15; 87;0
8.4735311207000e-05; 40; 15; 88;0
8.4754665230000e-05; 40; 15; 88;0
8.4774031256000e-05; 40; 15; 88;0
8.4793385242000e-05; 40; 15; 88;0
8.4812751241000e-05; 40; 15; 88;0
8.4832105272000e-05; 40; 15; 88;0
8.4851471296000e-05; 40; 15; 88;0
8.4870825153000e-05; 40; 15; 88;0
8.4890191233000e-05; 40; 15; 89;0
8.4909545722000e-05; 40; 15; 89;0
8.4928912097000e-05; 40; 15; 89;0
8.4948266297000e-05; 40; 15; 89;0
8.4967632608000e-05; 40; 15; 89;0
8.4986986841000e-05; 40; 15; 89;0
8.5006353068000e-05; 40; 15; 89;0
8.5025707352000e-05; 40; 15; 89;0
8.5045073776000e-05; 40; 15; 89;0
8.5064427992000e-05; 40; 15; 89;0
8.5083794488000e-05; 40; 15; 90;0
8.5099922325000e-05; 40; 15; 90;0
8.5119288781000e-05; 40; 15; 90;0
8.5138643323000e-05; 40; 15; 90;0
8.5158009763000e-05; 40; 15; 90;0
8.5177364199000e-05; 40; 15; 90;0
8.5196730838000e-05; 40; 15; 90;0
8.5216085298000e-05; 40; 15; 90;0
8.5235451871000e-05; 40; 15; 91;0
8.5254806578000e-05; 40; 15; 91;0
8.5274173419000e-05; 40; 15; 91;0
8.5293528269000e-05; 40; 15; 91;0
8.5312895136000e-05; 40; 15; 91;0
8.5332249882000e-05; 40; 15; 91;0
8.5351616855000e-05; 40; 15; 91;0
8.5370971565000e-05; 40; 15; 91;0
8.5390338497000e-05; 40; 15; 91;0
8.5409693293000e-05; 40; 15; 91;0
8.5429059923000e-05; 40; 15; 91;0
8.5448414865000e-05; 40; 15; 91;0
8.5467781840000e-05; 40; 15; 92;0
8.5487136934000e-05; 40; 15; 92;0
8.5506503889000e-05; 40; 15; 92;0
8.5525859024000e-05; 40; 15; 92;0
8.5541999203000e-05; 40; 15; 92;0
8.5561354216000e-05; 40; 15; 92;0
8.5580721092000e-05; 40; 15; 92;0
8.5600076086000e-05; 40; 15; 92;0
8.5619443167000e-05; 40; 15; 92;0
8.5638798191000e-05; 40; 15; 92;0
8.5658165219000e-05; 40; 15; 92;0
8.5677520392000e-05; 40; 15; 92;0
8.5696887348000e-05; 40; 15; 92;0
8.5716242378000e-05; 40; 15; 92;0
8.5735609382000e-05; 40; 15; 92;0
8.5754964382000e-05; 40; 15; 92;0
8.5774331699000e-05; 40; 15; 93;0
8.5793686855000e-05; 40; 15; 93;0
8.5813054325000e-05; 40; 15; 93;0
8.5832409536000e-05; 40; 15; 93;0
8.5851776779000e-05; 40; 15; 93;0
8.5871131981000e-05; 40; 15; 93;0
8.5890499496000e-05; 40; 15; 93;0
8.5909854740000e-05; 40; 15; 93;0
8.5929221950000e-05; 40; 15; 93;0
8.5948577187000e-05; 40; 15; 93;0
8.5967944519000e-05; 40; 15; 93;0
8.5987299478000e-05; 40; 15; 93;0
8.6006666679000e-05; 40; 15; 93;0
8.6026022036000e-05; 40; 15; 93;0
8.6045389270000e-05; 40; 15; 93;0
8.6061517534000e-05; 40; 15; 93;0
8.6080884746000e-05; 40; 15; 93;0
8.6100240228000e-05; 40; 15; 93;0
8.6119607734000e-05; 40; 15; 94;0
8.6138963249000e-05; 40; 15; 94;0
8.6158330814000e-05; 40; 15; 94;0
8.6177686451000e-05; 40; 15; 94;0
8.6197053899000e-05; 40; 15; 94;0
8.6216409386000e-05; 40; 15; 94;0
8.6235777007000e-05; 40; 15; 94;0
8.6255132475000e-05; 40; 15; 94;0
8.6274500160000e-05; 40; 15; 94;0
8.6293855788000e-05; 40; 15; 94;0
8.6313223404000e-05; 40; 15; 94;0
8.6332579041000e-05; 40; 15; 94;0
8.6351946487000e-05; 40; 15; 94;0
8.6371301987000e-05; 40; 15; 94;0
8.6390669593000e-05; 40; 15; 94;0
8.6410025068000e-05; 40; 15; 94;0
8.6429392586000e-05; 40; 15; 94;0
8.6448748142000e-05; 40; 15; 94;0
8.6468115653000e-05; 40; 15; 94;0
8.6487471201000e-05; 40; 15; 94;0
8.6506838848000e-05; 40; 15; 94;0
8.6522967386000e-05; 40; 15; 94;0
8.6542335206000e-05; 40; 15; 95;0
8.6561691064000e-05; 40; 15; 95;0
8.6581058818000e-05; 40; 15; 95;0
8.6600414579000e-05; 40; 15; 95;0
8.6619782237000e-05; 40; 15; 95;0
8.6639138110000e-05; 40; 15; 95;0
8.6658505923000e-05; 40; 15; 95;0
8.6677861732000e-05; 40; 15; 95;0
8.6697229599000e-05; 40; 15; 95;0
8.6716585406000e-05; 40; 15; 95;0
8.6735953345000e-05; 40; 15; 95;0
8.6755309099000e-05; 40; 15; 95;0
8.6774676964000e-05; 40; 15; 95;0
8.6794032637000e-05; 40; 15; 95;0
8.6813400369000e-05; 40; 15; 95;0
8.6832756264000e-05; 40; 15; 95;0
8.6852123983000e-05; 40; 15; 95;0
8.6871479778000e-05; 40; 15; 95;0
8.6890847464000e-05; 40; 15; 95;0
8.6910203281000e-05; 40; 15; 95;0
8.6929571094000e-05; 40; 15; 95;0
8.6948926915000e-05; 40; 15; 95;0
8.6965067784000e-05; 40; 15; 95;0
8.6984423667000e-05; 40; 15; 95;0
8.7003791413000e-05; 40; 15; 95;0
8.7023147007000e-05; 40; 15; 95;0
8.7042514803000e-05; 40; 15; 95;0
8.7061870596000e-05; 40; 15; 95;0
8.7081238309000e-05; 40; 15; 95;0
8.7100593951000e-05; 40; 15; 95;0
8.7119961881000e-05; 40; 15; 95;0
8.7139317512000e-05; 40; 15; 95;0
8.7158685313000e-05; 40; 15; 95;0
8.7178041222000e-05; 40; 15; 95;0
8.7197409027000e-05; 40; 15; 95;0
8.7216764831000e-05; 40; 15; 95;0
8.7236132760000e-05; 40; 15; 95;0
8.7255488470000e-05; 40; 15; 95;0
8.7274856196000e-05; 40; 15; 95;0
8.7294212101000e-05; 40; 15; 95;0
8.7313579953000e-05; 40; 15; 95;0
8.7332935735000e-05; 40; 15; 95;0
8.7352303556000e-05; 40; 15; 95;0
8.7371659262000e-05; 40; 15; 95;0
8.7391027027000e-05; 40; 15; 95;0
8.7410382902000e-05; 40; 15; 95;0
8.7429750817000e-05; 40; 15; 95;0
8.7449106591000e-05; 40; 15; 95;0
8.7468474421000e-05; 40; 15; 95;0
8.7484603183000e-05; 40; 15; 95;0
8.7503970844000e-05; 40; 15; 95;0
8.7523326577000e-05; 40; 15; 95;0
8.7542694465000e-05; 40; 15; 95;0
8.7562050242000e-05; 40; 15; 95;0
8.7581417967000e-05; 40; 15; 95;0
8.7600773869000e-05; 40; 15; 95;0
8.7620141773000e-05; 40; 15; 95;0
8.7639497579000e-05; 40; 15; 95;0
8.7658865408000e-05; 40; 15; 95;0
8.7678221208000e-05; 40; 15; 95;0
8.7697589077000e-05; 40; 15; 95;0
8.7716945031000e-05; 40; 15; 95;0
8.7736312700000e-05; 40; 15; 95;0
8.7755668490000e-05; 40; 15; 95;0
8.7775036257000e-05; 40; 15; 95;0
8.7794392043000e-05; 40; 15; 95;0
8.7813759857000e-05; 40; 15; 95;0
8.7833115753000e-05; 40; 15; 95;0
8.7852483594000e-05; 40; 15; 95;0
8.7871839326000e-05; 40; 15; 95;0
8.7891207218000e-05; 40; 15; 95;0
8.7910562924000e-05; 40; 15; 95;0
8.7929930682000e-05; 40; 15; 95;0
8.7946059665000e-05; 40; 15; 95;0
8.7965427491000e-05; 40; 15; 95;0
8.7984783234000e-05; 40; 15; 95;0
8.8004151200000e-05; 40; 15; 95;0
8.8023506786000e-05; 40; 15; 95;0
8.8042874725000e-05; 40; 15; 95;0
8.8062230415000e-05; 40; 15; 95;0
8.8081598407000e-05; 40; 15; 95;0
8.8100954176000e-05; 40; 15; 95;0
8.8120321953000e-05; 40; 15; 95;0
8.8139677731000e-05; 40; 15; 95;0
8.8159045458000e-05; 40; 15; 95;0
8.8178401239000e-05; 40; 15; 95;0
8.8197768904000e-05; 40; 15; 95;0
8.8217124788000e-05; 40; 15; 95;0
8.8236492579000e-05; 40; 15; 95;0
8.8255848428000e-05; 40; 15; 95;0
8.8275216334000e-05; 40; 15; 95;0
8.8294572156000e-05; 40; 15; 95;0
8.8313939979000e-05; 40; 15; 95;0
8.8333295832000e-05; 40; 15; 95;0
8.8352663622000e-05; 40; 15; 95;0
8.8372019356000e-05; 40; 15; 95;0
8.8388160306000e-05; 40; 15; 95;0
8.8407516004000e-05; 40; 15; 95;0
8.8426883906000e-05; 40; 15; 95;0
8.8446239553000e-05; 40; 15; 95;0
8.8465607254000e-05; 40; 15; 94;0
8.8484962735000e-05; 40; 15; 94;0
8.8504330239000e-05; 40; 15; 94;0
8.8523685945000e-05; 40; 15; 94;0
8.8543053454000e-05; 40; 15; 94;0
8.8562408774000e-05; 40; 15; 94;0
8.8581776247000e-05; 40; 15; 94;0
8.8601131697000e-05; 40; 15; 94;0
8.8620499124000e-05; 40; 15; 94;0
8.8639854726000e-05; 40; 15; 94;0
8.8659222105000e-05; 40; 15; 94;0
8.8678577685000e-05; 40; 15; 94;0
8.8697945159000e-05; 40; 15; 94;0
8.8717300751000e-05; 40; 15; 94;0
8.8736668454000e-05; 40; 15; 94;0
8.8756024057000e-05; 40; 15; 94;0
8.8775391627000e-05; 40; 15; 94;0
8.8794747206000e-05; 40; 15; 94;0
8.8814114844000e-05; 40; 15; 94;0
8.8833470199000e-05; 40; 15; 94;0
8.8852837940000e-05; 40; 15; 94;0
8.8872193582000e-05; 40; 15; 94;0
8.8891561146000e-05; 40; 15; 94;0
8.8907689864000e-05; 40; 15; 94;0
8.8927057383000e-05; 40; 15; 94;0
8.8946413016000e-05; 40; 15; 94;0
8.8965780582000e-05; 40; 15; 94;0
8.8985136067000e-05; 40; 15; 94;0
8.9004503690000e-05; 40; 15; 94;0
8.9023859206000e-05; 40; 15; 94;0
8.9043226843000e-05; 40; 15; 94;0
8.9062582334000e-05; 40; 15; 94;0
8.9081949904000e-05; 40; 15; 94;0
8.9101305450000e-05; 40; 15; 94;0
8.9120672938000e-05; 40; 15; 94;0
8.9140028558000e-05; 40; 15; 94;0
8.9159396062000e-05; 40; 15; 94;0
8.9178751622000e-05; 40; 15; 94;0
8.9198119312000e-05; 40; 15; 94;0
8.9217474634000e-05; 40; 15; 94;0
8.9236842338000e-05; 40; 15; 94;0
8.9256197994000e-05; 40; 15; 94;0
8.9275565548000e-05; 40; 15; 94;0
8.9294921092000e-05; 40; 15; 94;0
8.9314288664000e-05; 40; 15; 94;0
8.9333644233000e-05; 40; 15; 94;0
8.9353011557000e-05; 40; 15; 93;0
8.9369140068000e-05; 40; 15; 93;0
8.9388507398000e-05; 40; 15; 93;0
8.9407862618000e-05; 40; 15; 93;0
8.9427229863000e-05; 40; 15; 93;0
8.9446585249000e-05; 40; 15; 93;0
8.9465952557000e-05; 40; 15; 93;0
8.9485307853000e-05; 40; 15; 93;0
8.9504675092000e-05; 40; 15; 93;0
8.9524030654000e-05; 40; 15; 93;0
8.9543397852000e-05; 40; 15; 93;0
8.9562753175000e-05; 40; 15; 93;0
8.9582120463000e-05; 40; 15; 93;0
8.9601475717000e-05; 40; 15; 93;0
8.9620842983000e-05; 40; 15; 93;0
8.9640198277000e-05; 40; 15; 93;0
8.9659565501000e-05; 40; 15; 93;0
8.9678920664000e-05; 40; 15; 93;0
8.9698287999000e-05; 40; 15; 93;0
8.9717643181000e-05; 40; 15; 93;0
8.9737010458000e-05; 40; 15; 93;0
8.9756366014000e-05; 40; 15; 93;0
8.9775733277000e-05; 40; 15; 93;0
8.9795088696000e-05; 40; 15; 93;0
8.9811229157000e-05; 40; 15; 93;0
8.9830584555000e-05; 40; 15; 93;0
8.9849951592000e-05; 40; 15; 92;0
8.9869306449000e-05; 40; 15; 92;0
8.9888673528000e-05; 40; 15; 92;0
8.9908028553000e-05; 40; 15; 92;0
8.9927395767000e-05; 40; 15; 92;0
8.9946750828000e-05; 40; 15; 92;0
8.9966117777000e-05; 40; 15; 92;0
8.9985472835000e-05; 40; 15; 92;0
9.0004839935000e-05; 40; 15; 92;0
9.0024194854000e-05; 40; 15; 92;0
9.0043561981000e-05; 40; 15; 92;0
9.0062917005000e-05; 40; 15; 92;0
9.0082284148000e-05; 40; 15; 92;0
9.0101639301000e-05; 40; 15; 92;0
9.0121006358000e-05; 40; 15; 92;0
9.0140361370000e-05; 40; 15; 92;0
9.0159728449000e-05; 40; 15; 92;0
9.0179083599000e-05; 40; 15; 92;0
9.0198450577000e-05; 40; 15; 92;0
9.0217805506000e-05; 40; 15; 92;0
9.0237172637000e-05; 40; 15; 92;0
9.0256527754000e-05; 40; 15; 92;0
9.0275894873000e-05; 40; 15; 92;0
9.0295249894000e-05; 40; 15; 92;0
9.0314616863000e-05; 40; 15; 92;0
9.0330745036000e-05; 40; 15; 92;0
9.0350111881000e-05; 40; 15; 91;0
9.0369466576000e-05; 40; 15; 91;0
9.0388833465000e-05; 40; 15; 91;0
9.0408188060000e-05; 40; 15; 91;0
9.0427554870000e-05; 40; 15; 91;0
9.0446909526000e-05; 40; 15; 91;0
9.0466276339000e-05; 40; 15; 91;0
9.0485631089000e-05; 40; 15; 91;0
9.0504997929000e-05; 40; 15; 91;0
9.0524352497000e-05; 40; 15; 91;0
9.0543719406000e-05; 40; 15; 91;0
9.0563074122000e-05; 40; 15; 91;0
9.0582440925000e-05; 40; 15; 91;0
9.0601795785000e-05; 40; 15; 91;0
9.0621162559000e-05; 40; 15; 91;0
9.0640517327000e-05; 40; 15; 91;0
9.0659884118000e-05; 40; 15; 91;0
9.0679238926000e-05; 40; 15; 91;0
9.0698605558000e-05; 40; 15; 91;0
9.0717960467000e-05; 40; 15; 91;0
9.0737327186000e-05; 40; 15; 91;0
9.0756682062000e-05; 40; 15; 91;0
9.0776048820000e-05; 40; 15; 91;0
9.0792176601000e-05; 40; 15; 91;0
9.0811543395000e-05; 40; 15; 91;0
9.0830898182000e-05; 40; 15; 91;0
9.0850265001000e-05; 40; 15; 91;0
9.0869619737000e-05; 40; 15; 91;0
9.0888986354000e-05; 40; 15; 90;0
9.0908340971000e-05; 40; 15; 90;0
9.0927707552000e-05; 40; 15; 90;0
9.0947062143000e-05; 40; 15; 90;0
9.0966428795000e-05; 40; 15; 90;0
9.0985783318000e-05; 40; 15; 90;0
9.1005149981000e-05; 40; 15; 90;0
9.1024504318000e-05; 40; 15; 90;0
9.1043870901000e-05; 40; 15; 90;0
9.1063225414000e-05; 40; 15; 90;0
9.1082591913000e-05; 40; 15; 90;0
9.1101946293000e-05; 40; 15; 90;0
9.1121312576000e-05; 40; 15; 90;0
9.1140667215000e-05; 40; 15; 90;0
9.1160033740000e-05; 40; 15; 90;0
9.1179388266000e-05; 40; 15; 90;0
9.1198754747000e-05; 40; 15; 90;0
9.1218109160000e-05; 40; 15; 90;0
9.1237475697000e-05; 40; 15; 90;0
9.1256830264000e-05; 40; 15; 90;0
9.1272970153000e-05; 40; 15; 90;0
9.1292324582000e-05; 40; 15; 90;0
9.1311691282000e-05; 40; 15; 90;0
9.1331045700000e-05; 40; 15; 90;0
9.1350412188000e-05; 40; 15; 90;0
9.1369766809000e-05; 40; 15; 90;0
9.1389133162000e-05; 40; 15; 89;0
9.1408487526000e-05; 40; 15; 89;0
9.1427853670000e-05; 40; 15; 89;0
9.1447207828000e-05; 40; 15; 89;0
9.1466573930000e-05; 40; 15; 89;0
9.1485928347000e-05; 40; 15; 89;0
9.1505294651000e-05; 40; 15; 89;0
9.1524648916000e-05; 40; 15; 89;0
9.1544015163000e-05; 40; 15; 89;0
9.1563369525000e-05; 40; 15; 89;0
9.1582735873000e-05; 40; 15; 89;0
9.1602089986000e-05; 40; 15; 89;0
9.1621456222000e-05; 40; 15; 89;0
9.1640810641000e-05; 40; 15; 89;0
9.1660176740000e-05; 40; 15; 89;0
9.1679531055000e-05; 40; 15; 89;0
9.1698897151000e-05; 40; 15; 89;0
9.1718251582000e-05; 40; 15; 89;0
9.1737617791000e-05; 40; 15; 89;0
9.1753745440000e-05; 40; 15; 89;0
9.1773111678000e-05; 40; 15; 89;0
9.1792466062000e-05; 40; 15; 89;0
9.1811832367000e-05; 40; 15; 89;0
9.1831186570000e-05; 40; 15; 89;0
9.1850552641000e-05; 40; 15; 88;0
9.1869906693000e-05; 40; 15; 88;0
9.1889272760000e-05; 40; 15; 88;0
9.1908626819000e-05; 40; 15; 88;0
9.1927992940000e-05; 40; 15; 88;0
9.1947347008000e-05; 40; 15; 88;0
9.1966713030000e-05; 40; 15; 88;0
9.1986066943000e-05; 40; 15; 88;0
9.2005433023000e-05; 40; 15; 88;0
9.2024786984000e-05; 40; 15; 88;0
9.2044152844000e-05; 40; 15; 88;0
9.2063507006000e-05; 40; 15; 88;0
9.2082873032000e-05; 40; 15; 88;0
9.2102227073000e-05; 40; 15; 88;0
9.2121593084000e-05; 40; 15; 88;0
9.2140946991000e-05; 40; 15; 88;0
9.2160313124000e-05; 40; 15; 88;0
9.2179667080000e-05; 40; 15; 88;0
9.2199033056000e-05; 40; 15; 88;0
9.2218386864000e-05; 40; 15; 88;0
9.2234526324000e-05; 40; 15; 88;0
9.2253880206000e-05; 40; 15; 88;0
9.2273246210000e-05; 40; 15; 88;0
9.2292600310000e-05; 40; 15; 88;0
9.2311965933000e-05; 40; 15; 87;0
9.2331319651000e-05; 40; 15; 87;0
9.2350685477000e-05; 40; 15; 87;0
9.2370039116000e-05; 40; 15; 87;0
9.2389404911000e-05; 40; 15; 87;0
9.2408758690000e-05; 40; 15; 87;0
9.2428124437000e-05; 40; 15; 87;0
9.2447478320000e-05; 40; 15; 87;0
9.2466844037000e-05; 40; 15; 87;0
9.2486198038000e-05; 40; 15; 87;0
9.2505563596000e-05; 40; 15; 87;0
9.2524917246000e-05; 40; 15; 87;0
9.2544283010000e-05; 40; 15; 87;0
9.2563636706000e-05; 40; 15; 87;0
9.2583002552000e-05; 40; 15; 87;0
9.2602356253000e-05; 40; 15; 87;0
9.2621721949000e-05; 40; 15; 87;0
9.2641075860000e-05; 40; 15; 87;0
9.2660441515000e-05; 40; 15; 87;0
9.2679795111000e-05; 40; 15; 87;0
9.2699160777000e-05; 40; 15; 87;0
9.2715287790000e-05; 40; 15; 87;0
9.2734653742000e-05; 40; 15; 87;0
9.2754007522000e-05; 40; 15; 87;0
9.2773373027000e-05; 40; 15; 86;0
9.2792726509000e-05; 40; 15; 86;0
9.2812091961000e-05; 40; 15; 86;0
9.2831445534000e-05; 40; 15; 86;0
9.2850811026000e-05; 40; 15; 86;0
9.2870164521000e-05; 40; 15; 86;0
9.2889529984000e-05; 40; 15; 86;0
9.2908883495000e-05; 40; 15; 86;0
9.2928248901000e-05; 40; 15; 86;0
9.2947602366000e-05; 40; 15; 86;0
9.2966967794000e-05; 40; 15; 86;0
9.2986321171000e-05; 40; 15; 86;0
9.3005686504000e-05; 40; 15; 86;0
9.3025040072000e-05; 40; 15; 86;0
9.3044405573000e-05; 40; 15; 86;0
9.3063759009000e-05; 40; 15; 86;0
9.3083124478000e-05; 40; 15; 86;0
9.3102478071000e-05; 40; 15; 86;0
9.3121843653000e-05; 40; 15; 86;0
9.3141196978000e-05; 40; 15; 86;0
9.3160562354000e-05; 40; 15; 86;0
9.3179915929000e-05; 40; 15; 86;0
9.3196054602000e-05; 40; 15; 86;0
9.3215408024000e-05; 40; 15; 86;0
9.3234773557000e-05; 40; 15; 86;0
9.3254127016000e-05; 40; 15; 86;0
9.3273492122000e-05; 40; 15; 85;0
9.3292845234000e-05; 40; 15; 85;0
9.3312210608000e-05; 40; 15; 85;0
9.3331563855000e-05; 40; 15; 85;0
9.3350929042000e-05; 40; 15; 85;0
9.3370282215000e-05; 40; 15; 85;0
9.3389647429000e-05; 40; 15; 85;0
9.3409000703000e-05; 40; 15; 85;0
9.3428365987000e-05; 40; 15; 85;0
9.3447719232000e-05; 40; 15; 85;0
9.3467084470000e-05; 40; 15; 85;0
9.3486437721000e-05; 40; 15; 85;0
9.3505802962000e-05; 40; 15; 85;0
9.3525156129000e-05; 40; 15; 85;0
9.3544521498000e-05; 40; 15; 85;0
9.3563874662000e-05; 40; 15; 85;0
9.3583239903000e-05; 40; 15; 85;0
9.3602593188000e-05; 40; 15; 85;0
9.3621958413000e-05; 40; 15; 85;0
9.3641311501000e-05; 40; 15; 85;0
9.3660676724000e-05; 40; 15; 85;0
9.3676803385000e-05; 40; 15; 85;0
9.3696168621000e-05; 40; 15; 85;0
9.3715521816000e-05; 40; 15; 85;0
9.3734887088000e-05; 40; 15; 85;0
9.3754240132000e-05; 40; 15; 85;0
9.3773605100000e-05; 40; 15; 84;0
9.3792958096000e-05; 40; 15; 84;0
9.3812323115000e-05; 40; 15; 84;0
9.3831676064000e-05; 40; 15; 84;0
9.3851041012000e-05; 40; 15; 84;0
9.3870394102000e-05; 40; 15; 84;0
9.3889759187000e-05; 40; 15; 84;0
9.3909112176000e-05; 40; 15; 84;0
9.3928477016000e-05; 40; 15; 84;0
9.3947830146000e-05; 40; 15; 84;0
9.3967195189000e-05; 40; 15; 84;0
9.3986548158000e-05; 40; 15; 84;0
9.4005913124000e-05; 40; 15; 84;0
9.4025266091000e-05; 40; 15; 84;0
9.4044630970000e-05; 40; 15; 84;0
9.4063983927000e-05; 40; 15; 84;0
9.4083348801000e-05; 40; 15; 84;0
9.4102701849000e-05; 40; 15; 84;0
9.4122066884000e-05; 40; 15; 84;0
9.4141419843000e-05; 40; 15; 84;0
9.4160784854000e-05; 40; 15; 84;0
9.4176911337000e-05; 40; 15; 84;0
9.4196276330000e-05; 40; 15; 84;0
9.4215629373000e-05; 40; 15; 84;0
9.4234994363000e-05; 40; 15; 84;0
9.4254347334000e-05; 40; 15; 84;0
9.4273712163000e-05; 40; 15; 83;0
9.4293064827000e-05; 40; 15; 83;0
9.4312429619000e-05; 40; 15; 83;0
9.4331782298000e-05; 40; 15; 83;0
9.4351147218000e-05; 40; 15; 83;0
9.4370499828000e-05; 40; 15; 83;0
9.4389864668000e-05; 40; 15; 83;0
9.4409217381000e-05; 40; 15; 83;0
9.4428581999000e-05; 40; 15; 83;0
9.4447934682000e-05; 40; 15; 83;0
9.4467299436000e-05; 40; 15; 83;0
9.4486652226000e-05; 40; 15; 83;0
9.4506016815000e-05; 40; 15; 83;0
9.4525369405000e-05; 40; 15; 83;0
9.4544734078000e-05; 40; 15; 83;0
9.4564086876000e-05; 40; 15; 83;0
9.4583451492000e-05; 40; 15; 83;0
9.4602804306000e-05; 40; 15; 83;0
9.4618942577000e-05; 40; 15; 83;0
9.4638295246000e-05; 40; 15; 83;0
9.4657659771000e-05; 40; 15; 83;0
9.4677012595000e-05; 40; 15; 83;0
9.4696377381000e-05; 40; 15; 83;0
9.4715729882000e-05; 40; 15; 83;0
9.4735094457000e-05; 40; 15; 83;0
9.4754447278000e-05; 40; 15; 83;0
9.4773811780000e-05; 40; 15; 83;0
9.4793164615000e-05; 40; 15; 83;0
9.4812528903000e-05; 40; 15; 82;0
9.4831881512000e-05; 40; 15; 82;0
9.4851246037000e-05; 40; 15; 82;0
9.4870598541000e-05; 40; 15; 82;0
9.4889962926000e-05; 40; 15; 82;0
9.4909315511000e-05; 40; 15; 82;0
9.4928679875000e-05; 40; 15; 82;0
9.4948032298000e-05; 40; 15; 82;0
9.4967396773000e-05; 40; 15; 82;0
9.4986749392000e-05; 40; 15; 82;0
9.5006113831000e-05; 40; 15; 82;0
9.5025466236000e-05; 40; 15; 82;0
9.5044830638000e-05; 40; 15; 82;0
9.5064183116000e-05; 40; 15; 82;0
9.5083547586000e-05; 40; 15; 82;0
9.5102900056000e-05; 40; 15; 82;0
9.5122264440000e-05; 40; 15; 82;0
9.5138390463000e-05; 40; 15; 82;0
9.5157754866000e-05; 40; 15; 82;0
9.5177107238000e-05; 40; 15; 82;0
9.5196471737000e-05; 40; 15; 82;0
9.5215824303000e-05; 40; 15; 82;0
9.5235188705000e-05; 40; 15; 82;0
9.5254541230000e-05; 40; 15; 82;0
9.5273905832000e-05; 40; 15; 82;0
9.5293258341000e-05; 40; 15; 82;0
9.5312622840000e-05; 40; 15; 82;0
9.5331975342000e-05; 40; 15; 82;0
9.5351339776000e-05; 40; 15; 82;0
9.5370692253000e-05; 40; 15; 82;0
9.5390056457000e-05; 40; 15; 81;0
9.5409408645000e-05; 40; 15; 81;0
9.5428772911000e-05; 40; 15; 81;0
9.5448125266000e-05; 40; 15; 81;0
9.5467489364000e-05; 40; 15; 81;0
9.5486841642000e-05; 40; 15; 81;0
9.5506205855000e-05; 40; 15; 81;0
9.5525558031000e-05; 40; 15; 81;0
9.5544922163000e-05; 40; 15; 81;0
9.5564274487000e-05; 40; 15; 81;0
9.5583638800000e-05; 40; 15; 81;0
9.5602991048000e-05; 40; 15; 81;0
9.5619128865000e-05; 40; 15; 81;0
9.5638480965000e-05; 40; 15; 81;0
9.5657845157000e-05; 40; 15; 81;0
9.5677197294000e-05; 40; 15; 81;0
9.5696561556000e-05; 40; 15; 81;0
9.5715913729000e-05; 40; 15; 81;0
9.5735278073000e-05; 40; 15; 81;0
9.5754630345000e-05; 40; 15; 81;0
9.5773994608000e-05; 40; 15; 81;0
9.5793346660000e-05; 40; 15; 81;0
9.5812710913000e-05; 40; 15; 81;0
9.5832063122000e-05; 40; 15; 81;0
9.5851427295000e-05; 40; 15; 81;0
9.5870779537000e-05; 40; 15; 81;0
9.5890143651000e-05; 40; 15; 81;0
9.5909496168000e-05; 40; 15; 81;0
9.5928860056000e-05; 40; 15; 80;0
9.5948212047000e-05; 40; 15; 80;0
9.5967576059000e-05; 40; 15; 80;0
9.5986927973000e-05; 40; 15; 80;0
9.6006292054000e-05; 40; 15; 80;0
9.6025643920000e-05; 40; 15; 80;0
9.6045007770000e-05; 40; 15; 80;0
9.6064359706000e-05; 40; 15; 80;0
9.6083723574000e-05; 40; 15; 80;0
9.6099849177000e-05; 40; 15; 80;0
9.6119213160000e-05; 40; 15; 80;0
9.6138565046000e-05; 40; 15; 80;0
9.6157928842000e-05; 40; 15; 80;0
9.6177280803000e-05; 40; 15; 80;0
9.6196644680000e-05; 40; 15; 80;0
9.6215996616000e-05; 40; 15; 80;0
9.6235360524000e-05; 40; 15; 80;0
9.6254712432000e-05; 40; 15; 80;0
9.6274076404000e-05; 40; 15; 80;0
9.6293428221000e-05; 40; 15; 80;0
9.6312792061000e-05; 40; 15; 80;0
9.6332144075000e-05; 40; 15; 80;0
9.6351508016000e-05; 40; 15; 80;0
9.6370860040000e-05; 40; 15; 80;0
9.6390223819000e-05; 40; 15; 80;0
9.6409575780000e-05; 40; 15; 80;0
9.6428939785000e-05; 40; 15; 80;0
9.6448291742000e-05; 40; 15; 80;0
9.6467655623000e-05; 40; 15; 80;0
9.6487007655000e-05; 40; 15; 80;0
9.6506371663000e-05; 40; 15; 80;0
9.6525723751000e-05; 40; 15; 80;0
9.6545087464000e-05; 40; 15; 79;0
9.6564439152000e-05; 40; 15; 79;0
9.6583802985000e-05; 40; 15; 79;0
9.6599928425000e-05; 40; 15; 79;0
9.6619292170000e-05; 40; 15; 79;0
9.6638643993000e-05; 40; 15; 79;0
9.6658007789000e-05; 40; 15; 79;0
9.6677359491000e-05; 40; 15; 79;0
9.6696723346000e-05; 40; 15; 79;0
9.6716074948000e-05; 40; 15; 79;0
9.6735438690000e-05; 40; 15; 79;0
9.6754790510000e-05; 40; 15; 79;0
9.6774154254000e-05; 40; 15; 79;0
9.6793506136000e-05; 40; 15; 79;0
9.6812869951000e-05; 40; 15; 79;0
9.6832221599000e-05; 40; 15; 79;0
9.6851585358000e-05; 40; 15; 79;0
9.6870937016000e-05; 40; 15; 79;0
9.6890300948000e-05; 40; 15; 79;0
9.6909652686000e-05; 40; 15; 79;0
9.6929016321000e-05; 40; 15; 79;0
9.6948368081000e-05; 40; 15; 79;0
9.6967731893000e-05; 40; 15; 79;0
9.6987083634000e-05; 40; 15; 79;0
9.7006447456000e-05; 40; 15; 79;0
9.7025799011000e-05; 40; 15; 79;0
9.7045163029000e-05; 40; 15; 79;0
9.7064514764000e-05; 40; 15; 79;0
9.7083878526000e-05; 40; 15; 79;0
9.7100003939000e-05; 40; 15; 79;0
9.7119367727000e-05; 40; 15; 79;0
9.7138719446000e-05; 40; 15; 79;0
9.7158083008000e-05; 40; 15; 78;0
9.7177434349000e-05; 40; 15; 78;0
9.7196797905000e-05; 40; 15; 78;0
9.7216149449000e-05; 40; 15; 78;0
9.7235512957000e-05; 40; 15; 78;0
9.7254864488000e-05; 40; 15; 78;0
9.7274227898000e-05; 40; 15; 78;0
9.7293579445000e-05; 40; 15; 78;0
9.7312942853000e-05; 40; 15; 78;0
9.7332294519000e-05; 40; 15; 78;0
9.7351657997000e-05; 40; 15; 78;0
9.7371009515000e-05; 40; 15; 78;0
9.7390372937000e-05; 40; 15; 78;0
9.7409724559000e-05; 40; 15; 78;0
9.7429088128000e-05; 40; 15; 78;0
9.7448439677000e-05; 40; 15; 78;0
9.7467803161000e-05; 40; 15; 78;0
9.7487154572000e-05; 40; 15; 78;0
9.7506517966000e-05; 40; 15; 78;0
9.7525869402000e-05; 40; 15; 78;0
9.7542006670000e-05; 40; 15; 78;0
9.7561358237000e-05; 40; 15; 78;0
9.7580721625000e-05; 40; 15; 78;0
9.7600073007000e-05; 40; 15; 78;0
9.7619436511000e-05; 40; 15; 78;0
9.7638788042000e-05; 40; 15; 78;0
9.7658151382000e-05; 40; 15; 78;0
9.7677502913000e-05; 40; 15; 78;0
9.7696866413000e-05; 40; 15; 78;0
9.7716218094000e-05; 40; 15; 78;0
9.7735581563000e-05; 40; 15; 78;0
9.7754933106000e-05; 40; 15; 78;0
9.7774296580000e-05; 40; 15; 78;0
9.7793648031000e-05; 40; 15; 78;0
9.7813011213000e-05; 40; 15; 77;0
9.7832362441000e-05; 40; 15; 77;0
9.7851725589000e-05; 40; 15; 77;0
9.7871076778000e-05; 40; 15; 77;0
9.7890439994000e-05; 40; 15; 77;0
9.7909791221000e-05; 40; 15; 77;0
9.7929154318000e-05; 40; 15; 77;0
9.7948505438000e-05; 40; 15; 77;0
9.7967868761000e-05; 40; 15; 77;0
9.7987219896000e-05; 40; 15; 77;0
9.8006583075000e-05; 40; 15; 77;0
9.8025934352000e-05; 40; 15; 77;0
9.8045297433000e-05; 40; 15; 77;0
9.8061422499000e-05; 40; 15; 77;0
9.8080785565000e-05; 40; 15; 77;0
9.8100136889000e-05; 40; 15; 77;0
9.8119499995000e-05; 40; 15; 77;0
9.8138851217000e-05; 40; 15; 77;0
9.8158214279000e-05; 40; 15; 77;0
9.8177565647000e-05; 40; 15; 77;0
9.8196928812000e-05; 40; 15; 77;0
9.8216279965000e-05; 40; 15; 77;0
9.8235643265000e-05; 40; 15; 77;0
9.8254994466000e-05; 40; 15; 77;0
9.8274357662000e-05; 40; 15; 77;0
9.8293708880000e-05; 40; 15; 77;0
9.8313072005000e-05; 40; 15; 77;0
9.8332423374000e-05; 40; 15; 77;0
9.8351786538000e-05; 40; 15; 77;0
9.8371137802000e-05; 40; 15; 77;0
9.8390501179000e-05; 40; 15; 77;0
9.8409852384000e-05; 40; 15; 77;0
9.8429215740000e-05; 40; 15; 77;0
9.8448567046000e-05; 40; 15; 77;0
9.8467930185000e-05; 40; 15; 77;0
9.8487281436000e-05; 40; 15; 77;0
9.8506644505000e-05; 40; 15; 77;0
9.8525995715000e-05; 40; 15; 77;0
9.8545359072000e-05; 40; 15; 77;0
9.8561484184000e-05; 40; 15; 77;0
9.8580847123000e-05; 40; 15; 76;0
9.8600198143000e-05; 40; 15; 76;0
9.8619561162000e-05; 40; 15; 76;0
9.8638911984000e-05; 40; 15; 76;0
9.8658274967000e-05; 40; 15; 76;0
9.8677626016000e-05; 40; 15; 76;0
9.8696989086000e-05; 40; 15; 76;0
9.8716339946000e-05; 40; 15; 76;0
9.8735703040000e-05; 40; 15; 76;0
9.8755053982000e-05; 40; 15; 76;0
9.8774416950000e-05; 40; 15; 76;0
9.8793767830000e-05; 40; 15; 76;0
9.8813130757000e-05; 40; 15; 76;0
9.8832481748000e-05; 40; 15; 76;0
9.8851844741000e-05; 40; 15; 76;0
9.8871195646000e-05; 40; 15; 76;0
9.8890558647000e-05; 40; 15; 76;0
9.8909909585000e-05; 40; 15; 76;0
9.8929272672000e-05; 40; 15; 76;0
9.8948623562000e-05; 40; 15; 76;0
9.8967986511000e-05; 40; 15; 76;0
9.8987337444000e-05; 40; 15; 76;0
9.9006700373000e-05; 40; 15; 76;0
9.9026051185000e-05; 40; 15; 76;0
9.9045414209000e-05; 40; 15; 76;0
9.9061538890000e-05; 40; 15; 76;0
9.9080902027000e-05; 40; 15; 76;0
9.9100252885000e-05; 40; 15; 76;0
9.9119615834000e-05; 40; 15; 76;0
9.9138966704000e-05; 40; 15; 76;0
9.9158329594000e-05; 40; 15; 76;0
9.9177680504000e-05; 40; 15; 76;0
9.9197043589000e-05; 40; 15; 76;0
9.9216394511000e-05; 40; 15; 76;0
9.9235757495000e-05; 40; 15; 76;0
9.9255108615000e-05; 40; 15; 76;0
9.9274471642000e-05; 40; 15; 76;0
9.9293822568000e-05; 40; 15; 76;0
9.9313185329000e-05; 40; 15; 76;0
9.9332536257000e-05; 40; 15; 76;0
9.9351899127000e-05; 40; 15; 76;0
9.9371250033000e-05; 40; 15; 76;0
9.9390612751000e-05; 40; 15; 75;0
9.9409963548000e-05; 40; 15; 75;0
9.9429326192000e-05; 40; 15; 75;0
9.9448676793000e-05; 40; 15; 75;0
9.9468039433000e-05; 40; 15; 75;0
9.9487390134000e-05; 40; 15; 75;0
9.9503526824000e-05; 40; 15; 75;0
9.9522877524000e-05; 40; 15; 75;0
9.9542240063000e-05; 40; 15; 75;0
9.9561590731000e-05; 40; 15; 75;0
9.9580953489000e-05; 40; 15; 75;0
9.9600304143000e-05; 40; 15; 75;0
9.9619666914000e-05; 40; 15; 75;0
9.9639017641000e-05; 40; 15; 75;0
9.9658380383000e-05; 40; 15; 75;0
9.9677730944000e-05; 40; 15; 75;0
9.9697093694000e-05; 40; 15; 75;0
9.9716444385000e-05; 40; 15; 75;0
9.9735807212000e-05; 40; 15; 75;0
9.9755157921000e-05; 40; 15; 75;0
9.9774520643000e-05; 40; 15; 75;0
9.9793871297000e-05; 40; 15; 75;0
9.9813233982000e-05; 40; 15; 75;0
9.9832584744000e-05; 40; 15; 75;0
9.9851947543000e-05; 40; 15; 75;0
9.9871298361000e-05; 40; 15; 75;0
9.9890661126000e-05; 40; 15; 75;0
9.9910012057000e-05; 40; 15; 75;0
9.9929374830000e-05; 40; 15; 75;0
9.9948725577000e-05; 40; 15; 75;0
9.9968088265000e-05; 40; 15; 75;0
9.9987438896000e-05; 40; 15; 75;0
1.0000680144100e-04; 40; 15; 75;0
1.0002292607500e-04; 40; 15; 75;0
1.0004228873300e-04; 40; 15; 75;0
1.0006163949700e-04; 40; 15; 75;0
1.0008100225300e-04; 40; 15; 75;0
1.0010035298200e-04; 40; 15; 75;0
1.0011971563300e-04; 40; 15; 75;0
1.0013906634500e-04; 40; 15; 75;0
1.0015842889800e-04; 40; 15; 75;0
1.0017777978300e-04; 40; 15; 75;0
1.0019714250600e-04; 40; 15; 75;0
1.0021649325800e-04; 40; 15; 75;0
1.0023585598100e-04; 40; 15; 75;0
1.0025520666800e-04; 40; 15; 75;0
1.0027456937100e-04; 40; 15; 75;0
1.0029391998500e-04; 40; 15; 75;0
1.0031328257300e-04; 40; 15; 74;0
1.0033263312400e-04; 40; 15; 74;0
1.0035199563200e-04; 40; 15; 74;0
1.0037134622200e-04; 40; 15; 74;0
1.0039070864200e-04; 40; 15; 74;0
1.0041005926700e-04; 40; 15; 74;0
1.0042942185700e-04; 40; 15; 74;0
1.0044877218300e-04; 40; 15; 74;0
1.0046813469000e-04; 40; 15; 74;0
1.0048748525200e-04; 40; 15; 74;0
1.0050684770600e-04; 40; 15; 74;0
1.0052297234800e-04; 40; 15; 74;0
1.0054233473600e-04; 40; 15; 74;0
1.0056168512600e-04; 40; 15; 74;0
1.0058104751700e-04; 40; 15; 74;0
1.0060039800100e-04; 40; 15; 74;0
1.0061976060100e-04; 40; 15; 74;0
1.0063911103200e-04; 40; 15; 74;0
1.0065847343900e-04; 40; 15; 74;0
1.0067782395800e-04; 40; 15; 74;0
1.0069718648900e-04; 40; 15; 74;0
1.0071653683500e-04; 40; 15; 74;0
1.0073589925000e-04; 40; 15; 74;0
1.0075524984600e-04; 40; 15; 74;0
1.0077461231600e-04; 40; 15; 74;0
1.0079396283500e-04; 40; 15; 74;0
1.0081332549300e-04; 40; 15; 74;0
1.0083267591100e-04; 40; 15; 74;0
1.0085203842700e-04; 40; 15; 74;0
1.0087138889600e-04; 40; 15; 74;0
1.0089075140800e-04; 40; 15; 74;0
1.0091010188300e-04; 40; 15; 74;0
1.0092946449500e-04; 40; 15; 74;0
1.0094881517900e-04; 40; 15; 74;0
1.0096817757000e-04; 40; 15; 74;0
1.0098752809100e-04; 40; 15; 74;0
1.0100689052900e-04; 40; 15; 74;0
1.0102301497400e-04; 40; 15; 74;0
1.0104237741400e-04; 40; 15; 74;0
1.0106172782500e-04; 40; 15; 74;0
1.0108109007800e-04; 40; 15; 74;0
1.0110044057600e-04; 40; 15; 74;0
1.0111980305100e-04; 40; 15; 74;0
1.0113915348200e-04; 40; 15; 74;0
1.0115851597000e-04; 40; 15; 74;0
1.0117786653100e-04; 40; 15; 74;0
1.0119722903700e-04; 40; 15; 74;0
1.0121657943000e-04; 40; 15; 74;0
1.0123594185000e-04; 40; 15; 74;0
1.0125529236900e-04; 40; 15; 74;0
1.0127465464600e-04; 40; 15; 73;0
1.0129400488800e-04; 40; 15; 73;0
1.0131336709900e-04; 40; 15; 73;0
1.0133271731100e-04; 40; 15; 73;0
1.0135207945000e-04; 40; 15; 73;0
1.0137142964500e-04; 40; 15; 73;0
1.0139079192400e-04; 40; 15; 73;0
1.0141014214100e-04; 40; 15; 73;0
1.0142950438800e-04; 40; 15; 73;0
1.0144885449900e-04; 40; 15; 73;0
1.0146821661100e-04; 40; 15; 73;0
1.0148756674800e-04; 40; 15; 73;0
1.0150692894100e-04; 40; 15; 73;0
1.0152305298300e-04; 40; 15; 73;0
1.0154241504900e-04; 40; 15; 73;0
1.0156176534900e-04; 40; 15; 73;0
1.0158112747500e-04; 40; 15; 73;0
1.0160047743500e-04; 40; 15; 73;0
1.0161983966600e-04; 40; 15; 73;0
1.0163918990800e-04; 40; 15; 73;0
1.0165855202700e-04; 40; 15; 73;0
1.0167790219600e-04; 40; 15; 73;0
1.0169726440600e-04; 40; 15; 73;0
1.0171661448900e-04; 40; 15; 73;0
1.0173597676900e-04; 40; 15; 73;0
1.0175532705300e-04; 40; 15; 73;0
1.0177468929700e-04; 40; 15; 73;0
1.0179403948500e-04; 40; 15; 73;0
1.0181340156600e-04; 40; 15; 73;0
1.0183275182800e-04; 40; 15; 73;0
1.0185211402500e-04; 40; 15; 73;0
1.0187146427400e-04; 40; 15; 73;0
1.0189082644900e-04; 40; 15; 73;0
1.0191017664500e-04; 40; 15; 73;0
1.0192953896200e-04; 40; 15; 73;0
1.0194888935200e-04; 40; 15; 73;0
1.0196825145600e-04; 40; 15; 73;0
1.0198760176100e-04; 40; 15; 73;0
1.0200373798700e-04; 40; 15; 73;0
1.0202308816300e-04; 40; 15; 73;0
1.0204245022400e-04; 40; 15; 73;0
1.0206180056100e-04; 40; 15; 73;0
1.0208116278000e-04; 40; 15; 73;0
1.0210051288500e-04; 40; 15; 73;0
1.0211987498700e-04; 40; 15; 73;0
1.0213922521500e-04; 40; 15; 73;0
1.0215858735500e-04; 40; 15; 73;0
1.0217793747700e-04; 40; 15; 73;0
1.0219729960000e-04; 40; 15; 73;0
1.0221664993200e-04; 40; 15; 73;0
1.0223601215000e-04; 40; 15; 73;0
1.0225536233800e-04; 40; 15; 73;0
1.0227472457000e-04; 40; 15; 73;0
1.0229407464700e-04; 40; 15; 73;0
1.0231343665200e-04; 40; 15; 73;0
1.0233278695500e-04; 40; 15; 73;0
1.0235214913000e-04; 40; 15; 73;0
1.0237149937100e-04; 40; 15; 73;0
1.0239086161900e-04; 40; 15; 73;0
1.0241021185100e-04; 40; 15; 73;0
1.0242957392800e-04; 40; 15; 73;0
1.0244892408500e-04; 40; 15; 73;0
1.0246828624800e-04; 40; 15; 73;0
1.0248441036700e-04; 40; 15; 73;0
1.0250377241000e-04; 40; 15; 72;0
1.0252312224300e-04; 40; 15; 72;0
1.0254248423200e-04; 40; 15; 72;0
1.0256183416500e-04; 40; 15; 72;0
1.0258119626900e-04; 40; 15; 72;0
1.0260054616400e-04; 40; 15; 72;0
1.0261990808100e-04; 40; 15; 72;0
1.0263925820800e-04; 40; 15; 72;0
1.0265862018000e-04; 40; 15; 72;0
1.0267797019800e-04; 40; 15; 72;0
1.0269733223000e-04; 40; 15; 72;0
1.0271668223800e-04; 40; 15; 72;0
1.0273604422400e-04; 40; 15; 72;0
1.0275539420200e-04; 40; 15; 72;0
1.0277475630100e-04; 40; 15; 72;0
1.0279410612900e-04; 40; 15; 72;0
1.0281346820900e-04; 40; 15; 72;0
1.0283281816800e-04; 40; 15; 72;0
1.0285218015400e-04; 40; 15; 72;0
1.0287153010600e-04; 40; 15; 72;0
1.0289089208900e-04; 40; 15; 72;0
1.0291024198300e-04; 40; 15; 72;0
1.0292960396900e-04; 40; 15; 72;0
1.0294895399500e-04; 40; 15; 72;0
1.0296508999800e-04; 40; 15; 72;0
1.0298443983100e-04; 40; 15; 72;0
1.0300380190500e-04; 40; 15; 72;0
1.0302315193700e-04; 40; 15; 72;0
1.0304251383800e-04; 40; 15; 72;0
1.0306186369800e-04; 40; 15; 72;0
1.0308122559400e-04; 40; 15; 72;0
1.0310057548000e-04; 40; 15; 72;0
1.0311993754300e-04; 40; 15; 72;0
1.0313928743800e-04; 40; 15; 72;0
1.0315864939000e-04; 40; 15; 72;0
1.0317799942500e-04; 40; 15; 72;0
1.0319736134100e-04; 40; 15; 72;0
1.0321671128400e-04; 40; 15; 72;0
1.0323607313400e-04; 40; 15; 72;0
1.0325542315400e-04; 40; 15; 72;0
1.0327478523000e-04; 40; 15; 72;0
1.0329413527200e-04; 40; 15; 72;0
1.0331349711300e-04; 40; 15; 72;0
1.0333284694600e-04; 40; 15; 72;0
1.0335220899900e-04; 40; 15; 72;0
1.0337155876600e-04; 40; 15; 72;0
1.0339092089500e-04; 40; 15; 72;0
1.0341027082500e-04; 40; 15; 72;0
1.0342963271300e-04; 40; 15; 72;0
1.0344898274000e-04; 40; 15; 72;0
1.0346834454400e-04; 40; 15; 72;0
1.0348446860000e-04; 40; 15; 72;0
1.0350383056700e-04; 40; 15; 72;0
1.0352318038700e-04; 40; 15; 72;0
1.0354254234600e-04; 40; 15; 72;0
1.0356189229700e-04; 40; 15; 72;0
1.0358125421600e-04; 40; 15; 72;0
1.0360060413200e-04; 40; 15; 72;0
1.0361996591800e-04; 40; 15; 72;0
1.0363931590400e-04; 40; 15; 72;0
1.0365867790200e-04; 40; 15; 72;0
1.0367802776200e-04; 40; 15; 72;0
1.0369738966000e-04; 40; 15; 72;0
1.0371673965900e-04; 40; 15; 72;0
1.0373610139400e-04; 40; 15; 72;0
1.0375545132200e-04; 40; 15; 72;0
1.0377481329700e-04; 40; 15; 72;0
1.0379416318400e-04; 40; 15; 72;0
1.0381352519000e-04; 40; 15; 72;0
1.0383287497900e-04; 40; 15; 72;0
1.0385223691300e-04; 40; 15; 72;0
1.0387158690100e-04; 40; 15; 72;0
1.0389094888000e-04; 40; 15; 72;0
1.0391029882900e-04; 40; 15; 72;0
1.0392966079400e-04; 40; 15; 72;0
1.0394901073200e-04; 40; 15; 72;0
1.0396837248000e-04; 40; 15; 71;0
1.0398449626300e-04; 40; 15; 71;0
1.0400385782900e-04; 40; 15; 71;0
1.0402320746700e-04; 40; 15; 71;0
1.0404256924600e-04; 40; 15; 71;0
1.0406191884100e-04; 40; 15; 71;0
1.0408128066500e-04; 40; 15; 71;0
1.0410063036900e-04; 40; 15; 71;0
1.0411999210000e-04; 40; 15; 71;0
1.0413934179700e-04; 40; 15; 71;0
1.0415870344100e-04; 40; 15; 71;0
1.0417805316000e-04; 40; 15; 71;0
1.0419741495400e-04; 40; 15; 71;0
1.0421676449400e-04; 40; 15; 71;0
1.0423612619800e-04; 40; 15; 71;0
1.0425547584400e-04; 40; 15; 71;0
1.0427483753800e-04; 40; 15; 71;0
1.0429418731000e-04; 40; 15; 71;0
1.0431354899800e-04; 40; 15; 71;0
1.0433289870500e-04; 40; 15; 71;0
1.0435226039600e-04; 40; 15; 71;0
1.0437161009600e-04; 40; 15; 71;0
1.0439097186700e-04; 40; 15; 71;0
1.0441032163800e-04; 40; 15; 71;0
1.0442968339300e-04; 40; 15; 71;0
1.0444903289800e-04; 40; 15; 71;0
1.0446839469100e-04; 40; 15; 71;0
1.0448451833000e-04; 40; 15; 71;0
1.0450388009800e-04; 40; 15; 71;0
1.0452322965100e-04; 40; 15; 71;0
1.0454259147300e-04; 40; 15; 71;0
1.0456194107100e-04; 40; 15; 71;0
1.0458130286700e-04; 40; 15; 71;0
1.0460065239500e-04; 40; 15; 71;0
1.0462001415700e-04; 40; 15; 71;0
1.0463936377800e-04; 40; 15; 71;0
1.0465872560400e-04; 40; 15; 71;0
1.0467807539100e-04; 40; 15; 71;0
1.0469743705100e-04; 40; 15; 71;0
1.0471678666100e-04; 40; 15; 71;0
1.0473614830500e-04; 40; 15; 71;0
1.0475549797900e-04; 40; 15; 71;0
1.0477485957300e-04; 40; 15; 71;0
1.0479420922400e-04; 40; 15; 71;0
1.0481357078100e-04; 40; 15; 71;0
1.0483292033000e-04; 40; 15; 71;0
1.0485228195700e-04; 40; 15; 71;0
1.0487163175200e-04; 40; 15; 71;0
1.0489099327500e-04; 40; 15; 71;0
1.0491034314600e-04; 40; 15; 71;0
1.0492970486900e-04; 40; 15; 71;0
1.0494905474400e-04; 40; 15; 71;0
1.0496841635100e-04; 40; 15; 71;0
1.0498454019500e-04; 40; 15; 71;0
1.0500390186200e-04; 40; 15; 71;0
1.0502325161100e-04; 40; 15; 71;0
1.0504261321400e-04; 40; 15; 71;0
1.0506196287300e-04; 40; 15; 71;0
1.0508132449000e-04; 40; 15; 71;0
1.0510067428000e-04; 40; 15; 71;0
1.0512003600400e-04; 40; 15; 71;0
1.0513938570100e-04; 40; 15; 71;0
1.0515874730400e-04; 40; 15; 71;0
1.0517809707800e-04; 40; 15; 71;0
1.0519745875900e-04; 40; 15; 71;0
1.0521680847900e-04; 40; 15; 71;0
1.0523617017400e-04; 40; 15; 71;0
1.0525551989000e-04; 40; 15; 71;0
1.0527488150700e-04; 40; 15; 71;0
1.0529423120000e-04; 40; 15; 71;0
1.0531359300800e-04; 40; 15; 71;0
1.0533294268000e-04; 40; 15; 71;0
1.0535230420700e-04; 40; 15; 71;0
1.0537165403000e-04; 40; 15; 71;0
1.0539101576100e-04; 40; 15; 71;0
1.0541036549700e-04; 40; 15; 71;0
1.0542972718900e-04; 40; 15; 71;0
1.0544907702800e-04; 40; 15; 71;0
1.0546843870300e-04; 40; 15; 71;0
1.0548456239200e-04; 40; 15; 71;0
1.0550392414400e-04; 40; 15; 71;0
1.0552327391700e-04; 40; 15; 71;0
1.0554263551500e-04; 40; 15; 71;0
1.0556198516400e-04; 40; 15; 71;0
1.0558134678000e-04; 40; 15; 71;0
1.0560069645700e-04; 40; 15; 71;0
1.0562005801500e-04; 40; 15; 71;0
1.0563940772800e-04; 40; 15; 71;0
1.0565876938900e-04; 40; 15; 71;0
1.0567811901900e-04; 40; 15; 71;0
1.0569748076400e-04; 40; 15; 71;0
1.0571683034100e-04; 40; 15; 71;0
1.0573619204700e-04; 40; 15; 71;0
1.0575554182200e-04; 40; 15; 71;0
1.0577490356200e-04; 40; 15; 71;0
1.0579425293100e-04; 40; 15; 71;0
1.0581361478700e-04; 40; 15; 71;0
1.0583296429800e-04; 40; 15; 71;0
1.0585232580800e-04; 40; 15; 70;0
1.0587167527200e-04; 40; 15; 70;0
1.0589103668900e-04; 40; 15; 70;0
1.0591038613200e-04; 40; 15; 70;0
1.0592974761100e-04; 40; 15; 70;0
1.0594909690300e-04; 40; 15; 70;0
1.0596845832600e-04; 40; 15; 70;0
1.0598458181900e-04; 40; 15; 70;0
1.0600394323300e-04; 40; 15; 70;0
1.0602329274000e-04; 40; 15; 70;0
1.0604265413200e-04; 40; 15; 70;0
1.0606200358600e-04; 40; 15; 70;0
1.0608136502200e-04; 40; 15; 70;0
1.0610071459200e-04; 40; 15; 70;0
1.0612007617300e-04; 40; 15; 70;0
1.0613942560500e-04; 40; 15; 70;0
1.0615878688600e-04; 40; 15; 70;0
1.0617813625000e-04; 40; 15; 70;0
1.0619749774200e-04; 40; 15; 70;0
1.0621684726800e-04; 40; 15; 70;0
1.0623620865100e-04; 40; 15; 70;0
1.0625555806000e-04; 40; 15; 70;0
1.0627491947600e-04; 40; 15; 70;0
1.0629426890400e-04; 40; 15; 70;0
1.0631363038800e-04; 40; 15; 70;0
1.0633297986900e-04; 40; 15; 70;0
1.0635234142200e-04; 40; 15; 70;0
1.0637169070700e-04; 40; 15; 70;0
1.0639105202700e-04; 40; 15; 70;0
1.0641040152100e-04; 40; 15; 70;0
1.0642976298700e-04; 40; 15; 70;0
1.0644911257700e-04; 40; 15; 70;0
1.0646847401200e-04; 40; 15; 70;0
1.0648459758600e-04; 40; 15; 70;0
1.0650395907200e-04; 40; 15; 70;0
1.0652330855000e-04; 40; 15; 70;0
1.0654266995300e-04; 40; 15; 70;0
1.0656201930200e-04; 40; 15; 70;0
1.0658138064300e-04; 40; 15; 70;0
1.0660073007000e-04; 40; 15; 70;0
1.0662009153900e-04; 40; 15; 70;0
1.0663944091400e-04; 40; 15; 70;0
1.0665880244100e-04; 40; 15; 70;0
1.0667815201500e-04; 40; 15; 70;0
1.0669751333700e-04; 40; 15; 70;0
1.0671686279700e-04; 40; 15; 70;0
1.0673622431500e-04; 40; 15; 70;0
1.0675557373700e-04; 40; 15; 70;0
1.0677493502600e-04; 40; 15; 70;0
1.0679428451700e-04; 40; 15; 70;0
1.0681364596600e-04; 40; 15; 70;0
1.0683299528000e-04; 40; 15; 70;0
1.0685235679600e-04; 40; 15; 70;0
1.0687170605600e-04; 40; 15; 70;0
1.0689106753800e-04; 40; 15; 70;0
1.0691041696000e-04; 40; 15; 70;0
1.0692977842400e-04; 40; 15; 70;0
1.0694912790400e-04; 40; 15; 70;0
1.0696848931400e-04; 40; 15; 70;0
1.0698461270600e-04; 40; 15; 70;0
1.0700397419300e-04; 40; 15; 70;0
1.0702332354900e-04; 40; 15; 70;0
1.0704268496900e-04; 40; 15; 70;0
1.0706203439700e-04; 40; 15; 70;0
1.0708139575700e-04; 40; 15; 70;0
1.0710074524900e-04; 40; 15; 70;0
1.0712010666200e-04; 40; 15; 70;0
1.0713945600300e-04; 40; 15; 70;0
1.0715881757600e-04; 40; 15; 70;0
1.0717816690200e-04; 40; 15; 70;0
1.0719752846400e-04; 40; 15; 70;0
1.0721687803800e-04; 40; 15; 70;0
1.0723623940500e-04; 40; 15; 70;0
1.0725558900000e-04; 40; 15; 70;0
1.0727495027500e-04; 40; 15; 70;0
1.0729429961200e-04; 40; 15; 70;0
1.0731366107700e-04; 40; 15; 70;0
1.0733301066500e-04; 40; 15; 70;0
1.0735237209800e-04; 40; 15; 70;0
1.0737172158100e-04; 40; 15; 70;0
1.0739108307600e-04; 40; 15; 70;0
1.0741043245300e-04; 40; 15; 70;0
1.0742979398300e-04; 40; 15; 70;0
1.0744914346900e-04; 40; 15; 70;0
1.0746527895700e-04; 40; 15; 70;0
1.0748462850000e-04; 40; 15; 70;0
1.0750398981700e-04; 40; 15; 70;0
1.0752333916100e-04; 40; 15; 70;0
1.0754270073800e-04; 40; 15; 70;0
1.0756205018800e-04; 40; 15; 70;0
1.0758141168600e-04; 40; 15; 70;0
1.0760076108300e-04; 40; 15; 70;0
1.0762012263700e-04; 40; 15; 70;0
1.0763947206400e-04; 40; 15; 70;0
1.0765883344700e-04; 40; 15; 70;0
1.0767818268000e-04; 40; 15; 70;0
1.0769754397900e-04; 40; 15; 70;0
1.0771689349500e-04; 40; 15; 70;0
1.0773625486800e-04; 40; 15; 70;0
1.0775560427900e-04; 40; 15; 70;0
1.0777496587900e-04; 40; 15; 70;0
1.0779431530600e-04; 40; 15; 70;0
1.0781367666600e-04; 40; 15; 70;0
1.0783302617700e-04; 40; 15; 70;0
1.0785238752900e-04; 40; 15; 70;0
1.0787173704400e-04; 40; 15; 70;0
1.0789109846900e-04; 40; 15; 70;0
1.0791044799000e-04; 40; 15; 70;0
1.0792980927000e-04; 40; 15; 70;0
1.0794915880900e-04; 40; 15; 70;0
1.0796529417100e-04; 40; 15; 70;0
1.0798464372300e-04; 40; 15; 70;0
1.0800400493700e-04; 40; 15; 70;0
1.0802335445000e-04; 40; 15; 70;0
1.0804271585900e-04; 40; 15; 70;0
1.0806206542000e-04; 40; 15; 70;0
1.0808142691400e-04; 40; 15; 70;0
1.0810077637900e-04; 40; 15; 70;0
1.0812013764200e-04; 40; 15; 70;0
1.0813948709400e-04; 40; 15; 70;0
1.0815884864600e-04; 40; 15; 70;0
1.0817819800800e-04; 40; 15; 70;0
1.0819755946800e-04; 40; 15; 70;0
1.0821690904100e-04; 40; 15; 70;0
1.0823627041300e-04; 40; 15; 70;0
1.0825561966700e-04; 40; 15; 70;0
1.0827498111100e-04; 40; 15; 70;0
1.0829433048200e-04; 40; 15; 70;0
1.0831369189400e-04; 40; 15; 70;0
1.0833304127900e-04; 40; 15; 70;0
1.0835240267700e-04; 40; 15; 70;0
1.0837175199500e-04; 40; 15; 70;0
1.0839111338600e-04; 40; 15; 70;0
1.0841046285300e-04; 40; 15; 70;0
1.0842982432500e-04; 40; 15; 70;0
1.0844594787900e-04; 40; 15; 70;0
1.0846530917200e-04; 40; 15; 70;0
1.0848465871400e-04; 40; 15; 70;0
1.0850402014900e-04; 40; 15; 70;0
1.0852336952500e-04; 40; 15; 70;0
1.0854273083100e-04; 40; 15; 69;0
1.0856208004500e-04; 40; 15; 69;0
1.0858144129400e-04; 40; 15; 69;0
1.0860079045500e-04; 40; 15; 69;0
1.0862015168700e-04; 40; 15; 69;0
1.0863950084700e-04; 40; 15; 69;0
1.0865886207800e-04; 40; 15; 69;0
1.0867821113000e-04; 40; 15; 69;0
1.0869757210300e-04; 40; 15; 69;0
1.0871692133000e-04; 40; 15; 69;0
1.0873628244900e-04; 40; 15; 69;0
1.0875563171900e-04; 40; 15; 69;0
1.0877499303100e-04; 40; 15; 69;0
1.0879434225500e-04; 40; 15; 69;0
1.0881370360900e-04; 40; 15; 69;0
1.0883305276500e-04; 40; 15; 69;0
1.0885241394800e-04; 40; 15; 69;0
1.0887176307400e-04; 40; 15; 69;0
1.0889112405600e-04; 40; 15; 69;0
1.0891047332700e-04; 40; 15; 69;0
1.0892660867800e-04; 40; 15; 69;0
1.0894595773500e-04; 40; 15; 69;0
1.0896531903300e-04; 40; 15; 69;0
1.0898466801700e-04; 40; 15; 69;0
1.0900402930200e-04; 40; 15; 69;0
1.0902337857900e-04; 40; 15; 69;0
1.0904273982600e-04; 40; 15; 69;0
1.0906208895400e-04; 40; 15; 69;0
1.0908144994700e-04; 40; 15; 69;0
1.0910079912500e-04; 40; 15; 69;0
1.0912016017600e-04; 40; 15; 69;0
1.0913950932700e-04; 40; 15; 69;0
1.0915887051600e-04; 40; 15; 69;0
1.0917821975000e-04; 40; 15; 69;0
1.0919758095100e-04; 40; 15; 69;0
1.0921693011200e-04; 40; 15; 69;0
1.0923629137000e-04; 40; 15; 69;0
1.0925564042900e-04; 40; 15; 69;0
1.0927500170900e-04; 40; 15; 69;0
1.0929435086900e-04; 40; 15; 69;0
1.0931371198800e-04; 40; 15; 69;0
1.0933306121700e-04; 40; 15; 69;0
1.0935242244000e-04; 40; 15; 69;0
1.0937177153800e-04; 40; 15; 69;0
1.0939113273100e-04; 40; 15; 69;0
1.0941048179300e-04; 40; 15; 69;0
1.0942661707800e-04; 40; 15; 69;0
1.0944596610900e-04; 40; 15; 69;0
1.0946532746100e-04; 40; 15; 69;0
1.0948467657400e-04; 40; 15; 69;0
1.0950403768400e-04; 40; 15; 69;0
1.0952338690600e-04; 40; 15; 69;0
1.0954274804800e-04; 40; 15; 69;0
1.0956209728500e-04; 40; 15; 69;0
1.0958145839800e-04; 40; 15; 69;0
1.0960080761400e-04; 40; 15; 69;0
1.0962016865700e-04; 40; 15; 69;0
1.0963951770900e-04; 40; 15; 69;0
1.0965887906400e-04; 40; 15; 69;0
1.0967822823000e-04; 40; 15; 69;0
1.0969758938000e-04; 40; 15; 69;0
1.0971693843500e-04; 40; 15; 69;0
1.0973629986900e-04; 40; 15; 69;0
1.0975564911400e-04; 40; 15; 69;0
1.0977501010200e-04; 40; 15; 69;0
1.0979435921000e-04; 40; 15; 69;0
1.0981372035400e-04; 40; 15; 69;0
1.0983306965100e-04; 40; 15; 69;0
1.0985243082800e-04; 40; 15; 69;0
1.0987177994800e-04; 40; 15; 69;0
1.0989114114700e-04; 40; 15; 69;0
1.0991049029600e-04; 40; 15; 69;0
1.0992662550400e-04; 40; 15; 69;0
1.0994597472400e-04; 40; 15; 69;0
1.0996533588500e-04; 40; 15; 69;0
1.0998468512000e-04; 40; 15; 69;0
1.1000404625800e-04; 40; 15; 69;0
1.1002339551000e-04; 40; 15; 69;0
1.1004275663400e-04; 40; 15; 69;0
1.1006210569500e-04; 40; 15; 69;0
1.1008146712200e-04; 40; 15; 69;0
1.1010081629700e-04; 40; 15; 69;0
1.1012017757700e-04; 40; 15; 69;0
1.1013952680800e-04; 40; 15; 69;0
1.1015888790300e-04; 40; 15; 69;0
1.1017823710700e-04; 40; 15; 69;0
1.1019759830200e-04; 40; 15; 69;0
1.1021694732200e-04; 40; 15; 69;0
1.1023630838200e-04; 40; 15; 69;0
1.1025565746600e-04; 40; 15; 69;0
1.1027501862800e-04; 40; 15; 69;0
1.1029436784300e-04; 40; 15; 69;0
1.1031372900100e-04; 40; 15; 69;0
1.1033307832300e-04; 40; 15; 69;0
1.1035243961300e-04; 40; 15; 69;0
1.1037178865700e-04; 40; 15; 69;0
1.1039114988300e-04; 40; 15; 69;0
1.1041049903100e-04; 40; 15; 69;0
1.1042663434200e-04; 40; 15; 69;0
1.1044598344000e-04; 40; 15; 69;0
1.1046534475600e-04; 40; 15; 69;0
1.1048469388400e-04; 40; 15; 69;0
1.1050405507000e-04; 40; 15; 69;0
1.1052340442400e-04; 40; 15; 69;0
1.1054276556000e-04; 40; 15; 69;0
1.1056211484800e-04; 40; 15; 69;0
1.1058147607500e-04; 40; 15; 69;0
1.1060082530600e-04; 40; 15; 69;0
1.1062018653300e-04; 40; 15; 69;0
1.1063953563000e-04; 40; 15; 69;0
1.1065889694000e-04; 40; 15; 69;0
1.1067824616900e-04; 40; 15; 69;0
1.1069760741200e-04; 40; 15; 69;0
1.1071695661500e-04; 40; 15; 69;0
1.1073631766300e-04; 40; 15; 69;0
1.1075566680800e-04; 40; 15; 69;0
1.1077502797700e-04; 40; 15; 69;0
1.1079437722100e-04; 40; 15; 69;0
1.1081373840300e-04; 40; 15; 69;0
1.1083308773000e-04; 40; 15; 69;0
1.1085244884000e-04; 40; 15; 69;0
1.1087179796300e-04; 40; 15; 69;0
1.1089115908500e-04; 40; 15; 69;0
1.1091050837400e-04; 40; 15; 69;0
1.1092986952500e-04; 40; 15; 69;0
1.1094599280100e-04; 40; 15; 69;0
1.1096535401300e-04; 40; 15; 69;0
1.1098470322000e-04; 40; 15; 69;0
1.1100406456800e-04; 40; 15; 69;0
1.1102341369300e-04; 40; 15; 69;0
1.1104277496000e-04; 40; 15; 69;0
1.1106212406000e-04; 40; 15; 69;0
1.1108148533800e-04; 40; 15; 69;0
1.1110083436700e-04; 40; 15; 69;0
1.1112019552800e-04; 40; 15; 69;0
1.1113954474700e-04; 40; 15; 69;0
1.1115890608300e-04; 40; 15; 69;0
1.1117825524700e-04; 40; 15; 69;0
1.1119761631400e-04; 40; 15; 69;0
1.1121696567900e-04; 40; 15; 69;0
1.1123632669300e-04; 40; 15; 69;0
1.1125567589600e-04; 40; 15; 69;0
1.1127503703500e-04; 40; 15; 69;0
1.1129438631000e-04; 40; 15; 69;0
1.1131374738800e-04; 40; 15; 69;0
1.1133309671800e-04; 40; 15; 69;0
1.1135245790700e-04; 40; 15; 69;0
1.1137180693500e-04; 40; 15; 69;0
1.1139116822400e-04; 40; 15; 69;0
1.1141051741000e-04; 40; 15; 69;0
1.1142987873400e-04; 40; 15; 69;0
1.1144600195300e-04; 40; 15; 69;0
1.1146536328700e-04; 40; 15; 69;0
1.1148471236300e-04; 40; 15; 69;0
1.1150407340300e-04; 40; 15; 69;0
1.1152342259300e-04; 40; 15; 69;0
1.1154278379900e-04; 40; 15; 69;0
1.1156213300200e-04; 40; 15; 69;0
1.1158149425900e-04; 40; 15; 69;0
1.1160084345600e-04; 40; 15; 69;0
1.1162020456200e-04; 40; 15; 69;0
1.1163955386000e-04; 40; 15; 69;0
1.1165891501600e-04; 40; 15; 69;0
1.1167826411600e-04; 40; 15; 69;0
1.1169762526100e-04; 40; 15; 69;0
1.1171697449800e-04; 40; 15; 69;0
1.1173633574700e-04; 40; 15; 69;0
1.1175568482300e-04; 40; 15; 69;0
1.1177504596300e-04; 40; 15; 69;0
1.1179439501500e-04; 40; 15; 69;0
1.1181375621000e-04; 40; 15; 69;0
1.1183310542800e-04; 40; 15; 69;0
1.1185246645600e-04; 40; 15; 69;0
1.1187181555800e-04; 40; 15; 69;0
1.1189117671600e-04; 40; 15; 69;0
1.1191052603900e-04; 40; 15; 69;0
1.1192988720600e-04; 40; 15; 69;0
1.1194601057800e-04; 40; 15; 69;0
1.1196537185200e-04; 40; 15; 69;0
1.1198472107700e-04; 40; 15; 69;0
1.1200408222900e-04; 40; 15; 69;0
1.1202343135900e-04; 40; 15; 69;0
1.1204279262800e-04; 40; 15; 69;0
1.1206214170900e-04; 40; 15; 69;0
1.1208150310700e-04; 40; 15; 69;0
1.1210085232100e-04; 40; 15; 69;0
1.1212021341400e-04; 40; 15; 69;0
1.1213956250000e-04; 40; 15; 69;0
1.1215892374200e-04; 40; 15; 69;0
1.1217827282600e-04; 40; 15; 69;0
1.1219763390600e-04; 40; 15; 69;0
1.1221698302900e-04; 40; 15; 69;0
1.1223634414200e-04; 40; 15; 69;0
1.1225569323500e-04; 40; 15; 69;0
1.1227505450900e-04; 40; 15; 69;0
1.1229440382100e-04; 40; 15; 69;0
1.1231376493500e-04; 40; 15; 69;0
1.1233311418300e-04; 40; 15; 69;0
1.1235247548700e-04; 40; 15; 69;0
1.1237182469400e-04; 40; 15; 69;0
1.1239118575000e-04; 40; 15; 69;0
1.1241053492900e-04; 40; 15; 69;0
1.1242989613400e-04; 40; 15; 69;0
1.1244601943500e-04; 40; 15; 69;0
1.1246538068600e-04; 40; 15; 69;0
1.1248472974900e-04; 40; 15; 69;0
1.1250409086100e-04; 40; 15; 69;0
1.1252344003900e-04; 40; 15; 69;0
1.1254280124600e-04; 40; 15; 69;0
1.1256215035900e-04; 40; 15; 69;0
1.1258151151900e-04; 40; 15; 69;0
1.1260086067800e-04; 40; 15; 69;0
1.1262022181600e-04; 40; 15; 69;0
1.1263957107100e-04; 40; 15; 69;0
1.1265893237300e-04; 40; 15; 69;0
1.1267828169900e-04; 40; 15; 69;0
1.1269764275500e-04; 40; 15; 69;0
1.1271699201800e-04; 40; 15; 69;0
1.1273635330200e-04; 40; 15; 69;0
1.1275570229700e-04; 40; 15; 69;0
1.1277506354600e-04; 40; 15; 69;0
1.1279441257500e-04; 40; 15; 69;0
1.1281377376900e-04; 40; 15; 69;0
1.1283312275500e-04; 40; 15; 69;0
1.1285248395000e-04; 40; 15; 69;0
1.1287183317800e-04; 40; 15; 69;0
1.1289119420900e-04; 40; 15; 69;0
1.1291054333300e-04; 40; 15; 69;0
1.1292990454300e-04; 40; 15; 69;0
1.1294602792000e-04; 40; 15; 69;0
1.1296538913300e-04; 40; 15; 69;0
1.1298473833500e-04; 40; 15; 69;0
1.1300409958200e-04; 40; 15; 69;0
1.1302344873700e-04; 40; 15; 69;0
1.1304280999100e-04; 40; 15; 69;0
1.1306215911100e-04; 40; 15; 69;0
1.1308152029100e-04; 40; 15; 69;0
1.1310086953800e-04; 40; 15; 69;0
1.1312023088000e-04; 40; 15; 69;0
1.1313957986600e-04; 40; 15; 69;0
1.1315894109900e-04; 40; 15; 69;0
1.1317829031100e-04; 40; 15; 69;0
1.1319765162500e-04; 40; 15; 69;0
1.1321700083100e-04; 40; 15; 69;0
1.1323636194100e-04; 40; 15; 69;0
1.1325571100600e-04; 40; 15; 69;0
1.1327507226400e-04; 40; 15; 69;0
1.1329442144300e-04; 40; 15; 69;0
1.1331378254500e-04; 40; 15; 69;0
1.1333313165600e-04; 40; 15; 69;0
1.1335249290300e-04; 40; 15; 69;0
1.1337184204500e-04; 40; 15; 69;0
1.1339120335000e-04; 40; 15; 69;0
1.1341055261800e-04; 40; 15; 69;0
1.1342991368500e-04; 40; 15; 69;0
1.1344603706400e-04; 40; 15; 69;0
1.1346539797700e-04; 40; 15; 68;0
1.1348474678500e-04; 40; 15; 68;0
1.1350410773900e-04; 40; 15; 68;0
1.1352345673300e-04; 40; 15; 68;0
1.1354281766000e-04; 40; 15; 68;0
1.1356216667000e-04; 40; 15; 68;0
1.1358152768500e-04; 40; 15; 68;0
1.1360087653400e-04; 40; 15; 68;0
1.1362023751800e-04; 40; 15; 68;0
1.1363958632900e-04; 40; 15; 68;0
1.1365894711300e-04; 40; 15; 68;0
1.1367829620700e-04; 40; 15; 68;0
1.1369765714100e-04; 40; 15; 68;0
1.1371700586500e-04; 40; 15; 68;0
1.1373636683400e-04; 40; 15; 68;0
1.1375571573900e-04; 40; 15; 68;0
1.1377507667000e-04; 40; 15; 68;0
1.1379442569600e-04; 40; 15; 68;0
1.1381378664100e-04; 40; 15; 68;0
1.1383313570600e-04; 40; 15; 68;0
1.1385249657100e-04; 40; 15; 68;0
1.1387184536500e-04; 40; 15; 68;0
1.1389120615300e-04; 40; 15; 68;0
1.1391055519500e-04; 40; 15; 68;0
1.1392991602900e-04; 40; 15; 68;0
1.1394603908000e-04; 40; 15; 68;0
1.1396539997300e-04; 40; 15; 68;0
1.1398474892300e-04; 40; 15; 68;0
1.1400410989600e-04; 40; 15; 68;0
1.1402345887200e-04; 40; 15; 68;0
1.1404281987900e-04; 40; 15; 68;0
1.1406216860500e-04; 40; 15; 68;0
1.1408152959500e-04; 40; 15; 68;0
1.1410087855300e-04; 40; 15; 68;0
1.1412023942700e-04; 40; 15; 68;0
1.1413958844800e-04; 40; 15; 68;0
1.1415894939000e-04; 40; 15; 68;0
1.1417829817800e-04; 40; 15; 68;0
1.1419765914500e-04; 40; 15; 68;0
1.1421700789500e-04; 40; 15; 68;0
1.1423636885000e-04; 40; 15; 68;0
1.1425571761800e-04; 40; 15; 68;0
1.1427507849500e-04; 40; 15; 68;0
1.1429442743000e-04; 40; 15; 68;0
1.1431378840800e-04; 40; 15; 68;0
1.1433313744700e-04; 40; 15; 68;0
1.1435249840600e-04; 40; 15; 68;0
1.1437184727500e-04; 40; 15; 68;0
1.1439120804500e-04; 40; 15; 68;0
1.1441055692100e-04; 40; 15; 68;0
1.1442991784100e-04; 40; 15; 68;0
1.1444604094300e-04; 40; 15; 68;0
1.1446540181300e-04; 40; 15; 68;0
1.1448475083500e-04; 40; 15; 68;0
1.1450411179700e-04; 40; 15; 68;0
1.1452346066700e-04; 40; 15; 68;0
1.1454282152000e-04; 40; 15; 68;0
1.1456217051600e-04; 40; 15; 68;0
1.1458153141200e-04; 40; 15; 68;0
1.1460088049700e-04; 40; 15; 68;0
1.1462024133300e-04; 40; 15; 68;0
1.1463959016800e-04; 40; 15; 68;0
1.1465895125900e-04; 40; 15; 68;0
1.1467830023000e-04; 40; 15; 68;0
1.1469766111400e-04; 40; 15; 68;0
1.1471700998800e-04; 40; 15; 68;0
1.1473637089100e-04; 40; 15; 68;0
1.1475571970600e-04; 40; 15; 68;0
1.1477508066200e-04; 40; 15; 68;0
1.1479442977900e-04; 40; 15; 68;0
1.1481379063200e-04; 40; 15; 68;0
1.1483313959000e-04; 40; 15; 68;0
1.1485250054600e-04; 40; 15; 68;0
1.1487184944200e-04; 40; 15; 68;0
1.1489121032700e-04; 40; 15; 68;0
1.1491055911300e-04; 40; 15; 68;0
1.1492992007200e-04; 40; 15; 68;0
1.1494604306900e-04; 40; 15; 68;0
1.1496540395800e-04; 40; 15; 68;0
1.1498475278100e-04; 40; 15; 68;0
1.1500411370800e-04; 40; 15; 68;0
1.1502346271100e-04; 40; 15; 68;0
1.1504282358100e-04; 40; 15; 68;0
1.1506217257700e-04; 40; 15; 68;0
1.1508153346400e-04; 40; 15; 68;0
1.1510088231200e-04; 40; 15; 68;0
1.1512024320600e-04; 40; 15; 68;0
1.1513959211800e-04; 40; 15; 68;0
1.1515895309800e-04; 40; 15; 68;0
1.1517830192500e-04; 40; 15; 68;0
1.1519766274700e-04; 40; 15; 68;0
1.1521701158800e-04; 40; 15; 68;0
1.1523637253600e-04; 40; 15; 68;0
1.1525572141900e-04; 40; 15; 68;0
1.1527508234400e-04; 40; 15; 68;0
1.1529443139500e-04; 40; 15; 68;0
1.1531379220300e-04; 40; 15; 68;0
1.1533314102800e-04; 40; 15; 68;0
1.1535250192200e-04; 40; 15; 68;0
1.1537185082100e-04; 40; 15; 68;0
1.1539121172900e-04; 40; 15; 68;0
1.1541056088100e-04; 40; 15; 68;0
1.1542992160400e-04; 40; 15; 68;0
1.1544604472900e-04; 40; 15; 68;0
1.1546540566900e-04; 40; 15; 68;0
1.1548475443000e-04; 40; 15; 68;0
1.1550411532500e-04; 40; 15; 68;0
1.1552346434100e-04; 40; 15; 68;0
1.1554282520100e-04; 40; 15; 68;0
1.1556217411500e-04; 40; 15; 68;0
1.1558153508700e-04; 40; 15; 68;0
1.1560088406900e-04; 40; 15; 68;0
1.1562024513700e-04; 40; 15; 68;0
1.1563959414200e-04; 40; 15; 68;0
1.1565895522000e-04; 40; 15; 68;0
1.1567830396600e-04; 40; 15; 68;0
1.1569766487200e-04; 40; 15; 68;0
1.1571701380800e-04; 40; 15; 68;0
1.1573637480100e-04; 40; 15; 68;0
1.1575572366800e-04; 40; 15; 68;0
1.1577508458200e-04; 40; 15; 68;0
1.1579443339000e-04; 40; 15; 68;0
1.1581379459700e-04; 40; 15; 69;0
1.1583314379500e-04; 40; 15; 69;0
1.1585250497900e-04; 40; 15; 69;0
1.1587185413900e-04; 40; 15; 69;0
1.1589121544700e-04; 40; 15; 69;0
1.1591056470600e-04; 40; 15; 69;0
1.1592992579600e-04; 40; 15; 69;0
1.1594604901500e-04; 40; 15; 69;0
1.1596540986200e-04; 40; 15; 68;0
1.1598475882800e-04; 40; 15; 68;0
1.1600411983400e-04; 40; 15; 68;0
1.1602346870500e-04; 40; 15; 68;0
1.1604282945700e-04; 40; 15; 68;0
1.1606217845200e-04; 40; 15; 68;0
1.1608153936300e-04; 40; 15; 68;0
1.1610088816100e-04; 40; 15; 68;0
1.1612024903600e-04; 40; 15; 68;0
1.1613959787900e-04; 40; 15; 68;0
1.1615895878000e-04; 40; 15; 68;0
1.1617830755800e-04; 40; 15; 68;0
1.1619766849300e-04; 40; 15; 68;0
1.1621701758100e-04; 40; 15; 68;0
1.1623637855900e-04; 40; 15; 68;0
1.1625572761200e-04; 40; 15; 68;0
1.1627508862600e-04; 40; 15; 68;0
1.1629443748800e-04; 40; 15; 68;0
1.1631379846200e-04; 40; 15; 68;0
1.1633314719100e-04; 40; 15; 68;0
1.1635250808500e-04; 40; 15; 68;0
1.1637185691000e-04; 40; 15; 68;0
1.1639121787400e-04; 40; 15; 68;0
1.1641056675200e-04; 40; 15; 68;0
1.1642992762800e-04; 40; 15; 68;0
1.1644605061100e-04; 40; 15; 68;0
1.1646541147800e-04; 40; 15; 68;0
1.1648476039000e-04; 40; 15; 68;0
1.1650412119500e-04; 40; 15; 68;0
1.1652347004400e-04; 40; 15; 68;0
1.1654283100600e-04; 40; 15; 68;0
1.1656218003600e-04; 40; 15; 68;0
1.1658154098600e-04; 40; 15; 68;0
1.1660088989800e-04; 40; 15; 68;0
1.1662025074800e-04; 40; 15; 68;0
1.1663959967300e-04; 40; 15; 68;0
1.1665896064700e-04; 40; 15; 68;0
1.1667830946100e-04; 40; 15; 68;0
1.1669767037100e-04; 40; 15; 68;0
1.1671701918700e-04; 40; 15; 68;0
1.1673638006400e-04; 40; 15; 68;0
1.1675572903000e-04; 40; 15; 68;0
1.1677509003200e-04; 40; 15; 68;0
1.1679443905000e-04; 40; 15; 68;0
1.1681379999100e-04; 40; 15; 68;0
1.1683314882800e-04; 40; 15; 68;0
1.1685250969400e-04; 40; 15; 68;0
1.1687185858600e-04; 40; 15; 68;0
1.1689121970100e-04; 40; 15; 68;0
1.1691056853600e-04; 40; 15; 68;0
1.1692992957600e-04; 40; 15; 68;0
1.1694605267500e-04; 40; 15; 68;0
1.1696541357400e-04; 40; 15; 68;0
1.1698476253600e-04; 40; 15; 68;0
1.1700412343500e-04; 40; 15; 68;0
1.1702347238500e-04; 40; 15; 68;0
1.1704283326600e-04; 40; 15; 68;0
1.1706218204500e-04; 40; 15; 68;0
1.1708154297100e-04; 40; 15; 68;0
1.1710089200400e-04; 40; 15; 68;0
1.1712025289500e-04; 40; 15; 68;0
1.1713960169000e-04; 40; 15; 68;0
1.1715896257000e-04; 40; 15; 68;0
1.1717831151700e-04; 40; 15; 68;0
1.1719767236800e-04; 40; 15; 68;0
1.1721702121400e-04; 40; 15; 68;0
1.1723638208100e-04; 40; 15; 68;0
1.1725573096300e-04; 40; 15; 68;0
1.1727509171500e-04; 40; 15; 68;0
1.1729444067900e-04; 40; 15; 68;0
1.1731380177500e-04; 40; 15; 69;0
1.1733315113400e-04; 40; 15; 69;0
1.1735251220800e-04; 40; 15; 69;0
1.1737186135800e-04; 40; 15; 69;0
1.1739122259100e-04; 40; 15; 69;0
1.1741057175600e-04; 40; 15; 69;0
1.1742993280200e-04; 40; 15; 69;0
1.1744605613400e-04; 40; 15; 69;0
1.1746541739900e-04; 40; 15; 69;0
1.1748476653300e-04; 40; 15; 69;0
1.1750412764400e-04; 40; 15; 69;0
1.1752347675900e-04; 40; 15; 69;0
1.1754283804200e-04; 40; 15; 69;0
1.1756218739500e-04; 40; 15; 69;0
1.1758154865700e-04; 40; 15; 69;0
1.1760089775900e-04; 40; 15; 69;0
1.1762025877100e-04; 40; 15; 69;0
1.1763960801400e-04; 40; 15; 69;0
1.1765896899300e-04; 40; 15; 68;0
1.1767831778500e-04; 40; 15; 68;0
1.1769767852100e-04; 40; 15; 68;0
1.1771702759100e-04; 40; 15; 68;0
1.1773638851700e-04; 40; 15; 68;0
1.1775573752100e-04; 40; 15; 68;0
1.1777509842900e-04; 40; 15; 68;0
1.1779444732900e-04; 40; 15; 68;0
1.1781380817000e-04; 40; 15; 68;0
1.1783315697000e-04; 40; 15; 68;0
1.1785251804700e-04; 40; 15; 68;0
1.1787186697600e-04; 40; 15; 68;0
1.1789122787500e-04; 40; 15; 68;0
1.1791057671400e-04; 40; 15; 68;0
1.1792993755500e-04; 40; 15; 68;0
1.1794606067400e-04; 40; 15; 68;0
1.1796542156700e-04; 40; 15; 68;0
1.1798477045900e-04; 40; 15; 68;0
1.1800413140400e-04; 40; 15; 68;0
1.1802348027000e-04; 40; 15; 68;0
1.1804284124500e-04; 40; 15; 68;0
1.1806219016700e-04; 40; 15; 68;0
1.1808155102100e-04; 40; 15; 68;0
1.1810090001100e-04; 40; 15; 68;0
1.1812026098100e-04; 40; 15; 68;0
1.1813960981900e-04; 40; 15; 68;0
1.1815897060200e-04; 40; 15; 68;0
1.1817831941500e-04; 40; 15; 68;0
1.1819768029300e-04; 40; 15; 68;0
1.1821702940300e-04; 40; 15; 68;0
1.1823639039500e-04; 40; 15; 68;0
1.1825573946400e-04; 40; 15; 68;0
1.1827510027100e-04; 40; 15; 68;0
1.1829444923900e-04; 40; 15; 68;0
1.1831381007400e-04; 40; 15; 68;0
1.1833315893000e-04; 40; 15; 68;0
1.1835251979900e-04; 40; 15; 68;0
1.1837186885700e-04; 40; 15; 68;0
1.1839122978800e-04; 40; 15; 68;0
1.1841057856300e-04; 40; 15; 68;0
1.1842993941200e-04; 40; 15; 68;0
1.1844606234800e-04; 40; 15; 68;0
1.1846542325100e-04; 40; 15; 68;0
1.1848477223200e-04; 40; 15; 68;0
1.1850413308100e-04; 40; 15; 68;0
1.1852348209300e-04; 40; 15; 68;0
1.1854284294800e-04; 40; 15; 68;0
1.1856219170200e-04; 40; 15; 68;0
1.1858155266500e-04; 40; 15; 68;0
1.1860090149500e-04; 40; 15; 68;0
1.1862026248600e-04; 40; 15; 68;0
1.1863961160200e-04; 40; 15; 68;0
1.1865897245100e-04; 40; 15; 68;0
1.1867832142300e-04; 40; 15; 68;0
1.1869768244100e-04; 40; 15; 68;0
1.1871703134300e-04; 40; 15; 68;0
1.1873639209400e-04; 40; 15; 68;0
1.1875574103700e-04; 40; 15; 68;0
1.1877510217100e-04; 40; 15; 68;0
1.1879445099300e-04; 40; 15; 68;0
1.1881381205300e-04; 40; 15; 68;0
1.1883316082500e-04; 40; 15; 68;0
1.1885252165300e-04; 40; 15; 68;0
1.1887187050200e-04; 40; 15; 68;0
1.1889123152900e-04; 40; 15; 68;0
1.1891058046100e-04; 40; 15; 68;0
1.1892994144800e-04; 40; 15; 68;0
1.1894606454300e-04; 40; 15; 68;0
1.1896542546600e-04; 40; 15; 68;0
1.1898477436500e-04; 40; 15; 68;0
1.1900413504000e-04; 40; 15; 68;0
1.1902348409200e-04; 40; 15; 68;0
1.1904284498200e-04; 40; 15; 68;0
1.1906219397400e-04; 40; 15; 68;0
1.1908155485700e-04; 40; 15; 68;0
1.1910090364800e-04; 40; 15; 68;0
1.1912026452000e-04; 40; 15; 68;0
1.1913961353900e-04; 40; 15; 68;0
1.1915897434100e-04; 40; 15; 68;0
1.1917832334700e-04; 40; 15; 68;0
1.1919768429200e-04; 40; 15; 68;0
1.1921703315800e-04; 40; 15; 68;0
1.1923639405100e-04; 40; 15; 68;0
1.1925574286100e-04; 40; 15; 68;0
1.1927510372800e-04; 40; 15; 68;0
1.1929445257700e-04; 40; 15; 68;0
1.1931381343400e-04; 40; 15; 68;0
1.1933316234500e-04; 40; 15; 68;0
1.1935252315100e-04; 40; 15; 68;0
1.1937187210000e-04; 40; 15; 68;0
1.1939123300700e-04; 40; 15; 68;0
1.1941058183300e-04; 40; 15; 68;0
1.1942994266100e-04; 40; 15; 68;0
1.1944606566700e-04; 40; 15; 68;0
1.1946542665600e-04; 40; 15; 68;0
1.1948477555500e-04; 40; 15; 68;0
1.1950413653700e-04; 40; 15; 68;0
1.1952348551000e-04; 40; 15; 68;0
1.1954284650700e-04; 40; 15; 68;0
1.1956219538200e-04; 40; 15; 68;0
1.1958155625400e-04; 40; 15; 68;0
1.1960090526500e-04; 40; 15; 68;0
1.1962026609500e-04; 40; 15; 68;0
1.1963961512800e-04; 40; 15; 68;0
1.1965897609500e-04; 40; 15; 68;0
1.1967832513400e-04; 40; 15; 68;0
1.1969768608800e-04; 40; 15; 68;0
1.1971703491400e-04; 40; 15; 68;0
1.1973639590100e-04; 40; 15; 68;0
1.1975574486100e-04; 40; 15; 68;0
1.1977510556900e-04; 40; 15; 68;0
1.1979445447300e-04; 40; 15; 68;0
1.1981381550300e-04; 40; 15; 68;0
1.1983316433400e-04; 40; 15; 68;0
1.1985252540800e-04; 40; 15; 68;0
1.1987187425800e-04; 40; 15; 68;0
1.1989123529400e-04; 40; 15; 68;0
1.1991058451200e-04; 40; 15; 68;0
1.1992994542200e-04; 40; 15; 68;0
1.1994606854100e-04; 40; 15; 68;0
1.1996542955700e-04; 40; 15; 68;0
1.1998477840000e-04; 40; 15; 68;0
1.2000413939400e-04; 40; 15; 68;0
1.2002348831700e-04; 40; 15; 68;0
1.2004284924000e-04; 40; 15; 68;0
1.2006219822000e-04; 40; 15; 68;0
1.2008155907500e-04; 40; 15; 68;0
1.2010090818200e-04; 40; 15; 68;0
1.2012026898400e-04; 40; 15; 68;0
1.2013961788600e-04; 40; 15; 68;0
1.2015897884000e-04; 40; 15; 68;0
1.2017832785600e-04; 40; 15; 68;0
1.2019768871500e-04; 40; 15; 68;0
1.2021703764600e-04; 40; 15; 68;0
1.2023639859300e-04; 40; 15; 68;0
1.2025574747700e-04; 40; 15; 68;0
1.2027510860000e-04; 40; 15; 68;0
1.2029445740800e-04; 40; 15; 68;0
1.2031381853000e-04; 40; 15; 68;0
1.2033316749300e-04; 40; 15; 68;0
1.2035252835900e-04; 40; 15; 68;0
1.2037187736900e-04; 40; 15; 68;0
1.2039123827300e-04; 40; 15; 68;0
1.2041058709100e-04; 40; 15; 68;0
1.2042994807400e-04; 40; 15; 68;0
1.2044607117400e-04; 40; 15; 68;0
1.2046543205500e-04; 40; 15; 68;0
1.2048478095700e-04; 40; 15; 68;0
1.2050414194500e-04; 40; 15; 68;0
1.2052349092100e-04; 40; 15; 68;0
1.2054285191100e-04; 40; 15; 68;0
1.2056220079900e-04; 40; 15; 68;0
1.2058156167700e-04; 40; 15; 68;0
1.2060091056800e-04; 40; 15; 68;0
1.2062027150200e-04; 40; 15; 68;0
1.2063962052000e-04; 40; 15; 68;0
1.2065898172300e-04; 40; 15; 68;0
1.2067833058500e-04; 40; 15; 68;0
1.2069769141100e-04; 40; 15; 68;0
1.2071704023200e-04; 40; 15; 68;0
1.2073640118700e-04; 40; 15; 68;0
1.2075575013800e-04; 40; 15; 68;0
1.2077511098300e-04; 40; 15; 68;0
1.2079445987000e-04; 40; 15; 68;0
1.2081382097400e-04; 40; 15; 68;0
1.2083316990700e-04; 40; 15; 68;0
1.2085253089100e-04; 40; 15; 68;0
1.2087187975600e-04; 40; 15; 68;0
1.2089124075500e-04; 40; 15; 68;0
1.2091058965900e-04; 40; 15; 68;0
1.2092995065400e-04; 40; 15; 68;0
1.2094607371100e-04; 40; 15; 68;0
1.2096543470600e-04; 40; 15; 68;0
1.2098478370600e-04; 40; 15; 68;0
1.2100414461700e-04; 40; 15; 68;0
1.2102349359600e-04; 40; 15; 68;0
1.2104285454500e-04; 40; 15; 68;0
1.2106220343300e-04; 40; 15; 68;0
1.2108156443300e-04; 40; 15; 68;0
1.2110091347600e-04; 40; 15; 68;0
1.2112027428100e-04; 40; 15; 68;0
1.2113962302900e-04; 40; 15; 68;0
1.2115898417300e-04; 40; 15; 68;0
1.2117833317000e-04; 40; 15; 68;0
1.2119769388300e-04; 40; 15; 68;0
1.2121704294100e-04; 40; 15; 68;0
1.2123640384000e-04; 40; 15; 68;0
1.2125575274400e-04; 40; 15; 68;0
1.2127511384100e-04; 40; 15; 68;0
1.2129446269300e-04; 40; 15; 68;0
1.2131382361500e-04; 40; 15; 68;0
1.2133317261400e-04; 40; 15; 68;0
1.2135253346700e-04; 40; 15; 68;0
1.2137188250900e-04; 40; 15; 68;0
1.2139124323800e-04; 40; 15; 68;0
1.2141059221200e-04; 40; 15; 68;0
1.2142995312300e-04; 40; 15; 68;0
1.2144607626800e-04; 40; 15; 68;0
1.2146543719700e-04; 40; 15; 68;0
1.2148478610600e-04; 40; 15; 68;0
1.2150414702100e-04; 40; 15; 68;0
1.2152349604400e-04; 40; 15; 68;0
1.2154285708800e-04; 40; 15; 68;0
1.2156220595400e-04; 40; 15; 68;0
1.2158156682300e-04; 40; 15; 68;0
1.2160091567000e-04; 40; 15; 68;0
1.2162027671300e-04; 40; 15; 68;0
1.2163962566700e-04; 40; 15; 68;0
1.2165898661500e-04; 40; 15; 68;0
1.2167833544400e-04; 40; 15; 68;0
1.2169769633700e-04; 40; 15; 68;0
1.2171704540100e-04; 40; 15; 68;0
1.2173640636600e-04; 40; 15; 68;0
1.2175575520700e-04; 40; 15; 68;0
1.2177511610300e-04; 40; 15; 68;0
1.2179446503300e-04; 40; 15; 68;0
1.2181382591300e-04; 40; 15; 68;0
1.2183317476000e-04; 40; 15; 68;0
1.2185253576300e-04; 40; 15; 68;0
1.2187188457700e-04; 40; 15; 68;0
1.2189124548100e-04; 40; 15; 68;0
1.2191059448300e-04; 40; 15; 68;0
1.2192995545800e-04; 40; 15; 68;0
1.2194607855400e-04; 40; 15; 68;0
1.2196543953300e-04; 40; 15; 68;0
1.2198478846900e-04; 40; 15; 68;0
1.2200414939000e-04; 40; 15; 68;0
1.2202349827600e-04; 40; 15; 68;0
1.2204285911700e-04; 40; 15; 68;0
1.2206220785500e-04; 40; 15; 68;0
1.2208156881300e-04; 40; 15; 68;0
1.2210091765900e-04; 40; 15; 68;0
1.2212027847700e-04; 40; 15; 68;0
1.2213962758700e-04; 40; 15; 68;0
1.2215898848400e-04; 40; 15; 68;0
1.2217833738900e-04; 40; 15; 68;0
1.2219769847500e-04; 40; 15; 68;0
1.2221704721700e-04; 40; 15; 68;0
1.2223640810000e-04; 40; 15; 68;0
1.2225575705600e-04; 40; 15; 68;0
1.2227511797500e-04; 40; 15; 68;0
1.2229446698100e-04; 40; 15; 68;0
1.2231382792600e-04; 40; 15; 68;0
1.2233317688300e-04; 40; 15; 68;0
1.2235253764100e-04; 40; 15; 68;0
1.2237188655000e-04; 40; 15; 68;0
1.2239124762400e-04; 40; 15; 68;0
1.2241059642300e-04; 40; 15; 68;0
1.2242995726500e-04; 40; 15; 68;0
1.2244608042800e-04; 40; 15; 68;0
1.2246544131000e-04; 40; 15; 68;0
1.2248479012300e-04; 40; 15; 68;0
1.2250415096300e-04; 40; 15; 68;0
1.2252349986400e-04; 40; 15; 68;0
1.2254286082600e-04; 40; 15; 68;0
1.2256220974700e-04; 40; 15; 68;0
1.2258157074900e-04; 40; 15; 68;0
1.2260091963200e-04; 40; 15; 68;0
1.2262028063100e-04; 40; 15; 68;0
1.2263962964600e-04; 40; 15; 68;0
1.2265899050500e-04; 40; 15; 68;0
1.2267833939900e-04; 40; 15; 68;0
1.2269770046000e-04; 40; 15; 68;0
1.2271704941300e-04; 40; 15; 68;0
1.2273641026100e-04; 40; 15; 68;0
1.2275575918800e-04; 40; 15; 68;0
1.2277512014000e-04; 40; 15; 68;0
1.2279446902700e-04; 40; 15; 68;0
1.2281383010300e-04; 40; 15; 68;0
1.2283317907300e-04; 40; 15; 68;0
1.2285253985100e-04; 40; 15; 68;0
1.2287188872800e-04; 40; 15; 68;0
1.2289124973100e-04; 40; 15; 68;0
1.2291059850100e-04; 40; 15; 68;0
1.2292995952900e-04; 40; 15; 68;0
1.2294608257800e-04; 40; 15; 68;0
1.2296544365500e-04; 40; 15; 68;0
1.2298479246200e-04; 40; 15; 68;0
1.2300415327400e-04; 40; 15; 68;0
1.2302350223800e-04; 40; 15; 68;0
1.2304286326200e-04; 40; 15; 68;0
1.2306221216000e-04; 40; 15; 68;0
1.2308157310500e-04; 40; 15; 68;0
1.2310092214800e-04; 40; 15; 68;0
1.2312028306400e-04; 40; 15; 68;0
1.2313963202400e-04; 40; 15; 68;0
1.2315899294500e-04; 40; 15; 68;0
1.2317834179500e-04; 40; 15; 68;0
1.2319770264800e-04; 40; 15; 68;0
1.2321705158700e-04; 40; 15; 68;0
1.2323641244600e-04; 40; 15; 68;0
1.2325576147000e-04; 40; 15; 68;0
1.2327512240200e-04; 40; 15; 68;0
1.2329447114100e-04; 40; 15; 68;0
1.2331383215100e-04; 40; 15; 68;0
1.2333318105600e-04; 40; 15; 68;0
1.2335254197800e-04; 40; 15; 68;0
1.2337189088800e-04; 40; 15; 68;0
1.2339125170300e-04; 40; 15; 68;0
1.2341060063000e-04; 40; 15; 68;0
1.2342996153700e-04; 40; 15; 68;0
1.2344608467900e-04; 40; 15; 68;0
1.2346544568500e-04; 40; 15; 68;0
1.2348479449500e-04; 40; 15; 68;0
1.2350415547500e-04; 40; 15; 68;0
1.2352350435900e-04; 40; 15; 68;0
1.2354286529100e-04; 40; 15; 68;0
1.2356221435700e-04; 40; 15; 68;0
1.2358157526900e-04; 40; 15; 68;0
1.2360092420700e-04; 40; 15; 68;0
1.2362028507700e-04; 40; 15; 68;0
1.2363963394100e-04; 40; 15; 68;0
1.2365899499200e-04; 40; 15; 68;0
1.2367834385700e-04; 40; 15; 68;0
1.2369770479100e-04; 40; 15; 68;0
1.2371705378400e-04; 40; 15; 68;0
1.2373641473100e-04; 40; 15; 68;0
1.2375576373900e-04; 40; 15; 68;0
1.2377512463000e-04; 40; 15; 68;0
1.2379447350100e-04; 40; 15; 68;0
1.2381383438500e-04; 40; 15; 68;0
1.2383318339600e-04; 40; 15; 68;0
1.2385254419300e-04; 40; 15; 68;0
1.2387189318900e-04; 40; 15; 68;0
1.2389125420600e-04; 40; 15; 68;0
1.2391060310900e-04; 40; 15; 68;0
1.2392996399000e-04; 40; 15; 68;0
1.2394608714000e-04; 40; 15; 68;0
1.2396544805500e-04; 40; 15; 68;0
1.2398479698000e-04; 40; 15; 68;0
1.2400415785300e-04; 40; 15; 68;0
1.2402350682900e-04; 40; 15; 68;0
1.2404286779500e-04; 40; 15; 68;0
1.2406221674300e-04; 40; 15; 68;0
1.2408157767300e-04; 40; 15; 68;0
1.2410092653900e-04; 40; 15; 68;0
1.2412028752200e-04; 40; 15; 68;0
1.2413963630200e-04; 40; 15; 68;0
1.2415899721300e-04; 40; 15; 68;0
1.2417834619200e-04; 40; 15; 68;0
1.2419770700200e-04; 40; 15; 68;0
1.2421705591300e-04; 40; 15; 68;0
1.2423641684600e-04; 40; 15; 68;0
1.2425576579400e-04; 40; 15; 68;0
1.2427512662400e-04; 40; 15; 68;0
1.2429447565000e-04; 40; 15; 68;0
1.2431383643700e-04; 40; 15; 68;0
1.2433318523300e-04; 40; 15; 68;0
1.2435254615600e-04; 40; 15; 68;0
1.2437189497800e-04; 40; 15; 68;0
1.2439125579700e-04; 40; 15; 68;0
1.2441060456100e-04; 40; 15; 68;0
1.2442996545100e-04; 40; 15; 68;0
1.2444608841600e-04; 40; 15; 68;0
1.2446544965800e-04; 40; 15; 68;0
1.2448479838300e-04; 40; 15; 68;0
1.2450415922900e-04; 40; 15; 68;0
1.2452350812500e-04; 40; 15; 68;0
1.2454286901300e-04; 40; 15; 68;0
1.2456221785900e-04; 40; 15; 68;0
1.2458157895900e-04; 40; 15; 68;0
1.2460092790000e-04; 40; 15; 68;0
1.2462028863500e-04; 40; 15; 68;0
1.2463963756800e-04; 40; 15; 68;0
1.2465899830300e-04; 40; 15; 68;0
1.2467834730600e-04; 40; 15; 68;0
1.2469770809200e-04; 40; 15; 68;0
1.2471705693500e-04; 40; 15; 68;0
1.2473641799500e-04; 40; 15; 68;0
1.2475576688400e-04; 40; 15; 68;0
1.2477512790700e-04; 40; 15; 68;0
1.2479447678000e-04; 40; 15; 68;0
1.2481383762400e-04; 40; 15; 68;0
1.2483318664400e-04; 40; 15; 68;0
1.2485254762400e-04; 40; 15; 68;0
1.2487189649500e-04; 40; 15; 68;0
1.2489125751300e-04; 40; 15; 68;0
1.2491060635900e-04; 40; 15; 68;0
1.2492996729700e-04; 40; 15; 68;0
1.2494609024800e-04; 40; 15; 68;0
1.2496545103500e-04; 40; 15; 68;0
1.2498479995700e-04; 40; 15; 68;0
1.2500416088000e-04; 40; 15; 68;0
1.2502350973000e-04; 40; 15; 68;0
1.2504287053600e-04; 40; 15; 68;0
1.2506221940700e-04; 40; 15; 68;0
1.2508158026000e-04; 40; 15; 68;0
1.2510092921700e-04; 40; 15; 68;0
1.2512029026800e-04; 40; 15; 68;0
1.2513963913600e-04; 40; 15; 68;0
1.2515900002400e-04; 40; 15; 68;0
1.2517834887700e-04; 40; 15; 68;0
1.2519770982400e-04; 40; 15; 68;0
1.2521705880700e-04; 40; 15; 68;0
1.2523641963900e-04; 40; 15; 68;0
1.2525576859300e-04; 40; 15; 68;0
1.2527512950500e-04; 40; 15; 68;0
1.2529447845100e-04; 40; 15; 68;0
1.2531383938300e-04; 40; 15; 68;0
1.2533318832500e-04; 40; 15; 68;0
1.2535254919100e-04; 40; 15; 68;0
1.2537189823900e-04; 40; 15; 68;0
1.2539125906200e-04; 40; 15; 68;0
1.2541060799900e-04; 40; 15; 68;0
1.2542996896200e-04; 40; 15; 68;0
1.2544609196300e-04; 40; 15; 68;0
1.2546545291500e-04; 40; 15; 68;0
1.2548480178900e-04; 40; 15; 68;0
1.2550416279400e-04; 40; 15; 68;0
1.2552351177300e-04; 40; 15; 68;0
1.2554287265300e-04; 40; 15; 68;0
1.2556222145600e-04; 40; 15; 68;0
1.2558158230000e-04; 40; 15; 68;0
1.2560093125900e-04; 40; 15; 68;0
1.2562029204500e-04; 40; 15; 68;0
1.2563964098000e-04; 40; 15; 68;0
1.2565900188700e-04; 40; 15; 68;0
1.2567835081600e-04; 40; 15; 68;0
1.2569771168200e-04; 40; 15; 68;0
1.2571706062300e-04; 40; 15; 68;0
1.2573642151700e-04; 40; 15; 68;0
1.2575577058200e-04; 40; 15; 68;0
1.2577513123400e-04; 40; 15; 68;0
1.2579448007600e-04; 40; 15; 68;0
1.2581384106500e-04; 40; 15; 68;0
1.2583319007300e-04; 40; 15; 68;0
1.2585255102700e-04; 40; 15; 68;0
1.2587189996500e-04; 40; 15; 68;0
1.2589126089400e-04; 40; 15; 68;0
1.2591060975500e-04; 40; 15; 68;0
1.2592997065400e-04; 40; 15; 68;0
1.2594609386900e-04; 40; 15; 68;0
1.2596545484900e-04; 40; 15; 68;0
1.2598480365000e-04; 40; 15; 68;0
1.2600416462300e-04; 40; 15; 68;0
1.2602351351600e-04; 40; 15; 68;0
1.2604287434000e-04; 40; 15; 68;0
1.2606222320600e-04; 40; 15; 68;0
1.2608158406700e-04; 40; 15; 68;0
1.2610093300300e-04; 40; 15; 68;0
1.2612029376900e-04; 40; 15; 68;0
1.2613964283000e-04; 40; 15; 68;0
1.2615900364700e-04; 40; 15; 68;0
1.2617835267700e-04; 40; 15; 68;0
1.2619771360500e-04; 40; 15; 68;0
1.2621706245000e-04; 40; 15; 68;0
1.2623642323400e-04; 40; 15; 68;0
1.2625577212200e-04; 40; 15; 68;0
1.2627513304000e-04; 40; 15; 68;0
1.2629448199100e-04; 40; 15; 68;0
1.2631384292000e-04; 40; 15; 68;0
1.2633319184700e-04; 40; 15; 68;0
1.2635255270000e-04; 40; 15; 68;0
1.2637190160700e-04; 40; 15; 68;0
1.2639126241200e-04; 40; 15; 68;0
1.2641061154000e-04; 40; 15; 68;0
1.2642997229200e-04; 40; 15; 68;0
1.2644609527100e-04; 40; 15; 68;0
1.2646545626300e-04; 40; 15; 68;0
1.2648480510300e-04; 40; 15; 68;0
1.2650416606100e-04; 40; 15; 68;0
1.2652351506600e-04; 40; 15; 68;0
1.2654287594500e-04; 40; 15; 68;0
1.2656222481300e-04; 40; 15; 68;0
1.2658158588400e-04; 40; 15; 68;0
1.2660093495400e-04; 40; 15; 68;0
1.2662029581500e-04; 40; 15; 68;0
1.2663964453900e-04; 40; 15; 68;0
1.2665900546400e-04; 40; 15; 68;0
1.2667835459500e-04; 40; 15; 68;0
1.2669771553200e-04; 40; 15; 68;0
1.2671706439900e-04; 40; 15; 68;0
1.2673642531300e-04; 40; 15; 68;0
1.2675577428000e-04; 40; 15; 68;0
1.2677513511700e-04; 40; 15; 68;0
1.2679448418900e-04; 40; 15; 68;0
1.2681384501600e-04; 40; 15; 68;0
1.2683319393300e-04; 40; 15; 68;0
1.2685255479700e-04; 40; 15; 68;0
1.2687190367800e-04; 40; 15; 68;0
1.2689126462200e-04; 40; 15; 68;0
1.2691061346600e-04; 40; 15; 68;0
1.2692997462200e-04; 40; 15; 68;0
1.2694609760300e-04; 40; 15; 68;0
1.2696545855700e-04; 40; 15; 68;0
1.2698480749400e-04; 40; 15; 68;0
1.2700416845600e-04; 40; 15; 68;0
1.2702351724600e-04; 40; 15; 68;0
1.2704287824200e-04; 40; 15; 68;0
1.2706222715700e-04; 40; 15; 68;0
1.2708158814000e-04; 40; 15; 68;0
1.2710093699000e-04; 40; 15; 68;0
1.2712029786600e-04; 40; 15; 68;0
1.2713964688200e-04; 40; 15; 68;0
1.2715900782200e-04; 40; 15; 68;0
1.2717835676000e-04; 40; 15; 68;0
1.2719771765900e-04; 40; 15; 68;0
1.2721706651000e-04; 40; 15; 68;0
1.2723642731600e-04; 40; 15; 68;0
1.2725577632900e-04; 40; 15; 68;0
1.2727513732200e-04; 40; 15; 68;0
1.2729448610700e-04; 40; 15; 68;0
1.2731384679900e-04; 40; 15; 68;0
1.2733319567100e-04; 40; 15; 68;0
1.2735255655000e-04; 40; 15; 68;0
1.2737190552800e-04; 40; 15; 68;0
1.2739126642200e-04; 40; 15; 68;0
1.2741061520100e-04; 40; 15; 68;0
1.2742997614000e-04; 40; 15; 68;0
1.2744609910900e-04; 40; 15; 68;0
1.2746546001800e-04; 40; 15; 68;0
1.2748480888500e-04; 40; 15; 68;0
1.2750416967000e-04; 40; 15; 68;0
1.2752351862400e-04; 40; 15; 68;0
1.2754287968400e-04; 40; 15; 68;0
1.2756222857400e-04; 40; 15; 68;0
1.2758158946700e-04; 40; 15; 68;0
1.2760093845200e-04; 40; 15; 68;0
1.2762029939600e-04; 40; 15; 68;0
1.2763964848500e-04; 40; 15; 68;0
1.2765900936100e-04; 40; 15; 68;0
1.2767835825900e-04; 40; 15; 68;0
1.2769771903000e-04; 40; 15; 68;0
1.2771706786400e-04; 40; 15; 68;0
1.2773642892300e-04; 40; 15; 68;0
1.2775577786300e-04; 40; 15; 68;0
1.2777513877700e-04; 40; 15; 68;0
1.2779448766200e-04; 40; 15; 68;0
1.2781384856100e-04; 40; 15; 68;0
1.2783319748800e-04; 40; 15; 68;0
1.2785255838000e-04; 40; 15; 68;0
1.2787190726300e-04; 40; 15; 68;0
1.2789126804100e-04; 40; 15; 68;0
1.2791061688800e-04; 40; 15; 68;0
1.2792997779600e-04; 40; 15; 68;0
1.2794610091600e-04; 40; 15; 68;0
1.2796546199100e-04; 40; 15; 68;0
1.2798481092200e-04; 40; 15; 68;0
1.2800417182100e-04; 40; 15; 68;0
1.2802352067800e-04; 40; 15; 68;0
1.2804288170400e-04; 40; 15; 68;0
1.2806223047700e-04; 40; 15; 68;0
1.2808159143300e-04; 40; 15; 68;0
1.2810094033000e-04; 40; 15; 68;0
1.2812030116500e-04; 40; 15; 68;0
1.2813965004800e-04; 40; 15; 68;0
1.2815901083700e-04; 40; 15; 68;0
1.2817835984300e-04; 40; 15; 68;0
1.2819772091000e-04; 40; 15; 68;0
1.2821706975400e-04; 40; 15; 68;0
1.2823643060900e-04; 40; 15; 68;0
1.2825577940300e-04; 40; 15; 68;0
1.2827514033000e-04; 40; 15; 68;0
1.2829448926700e-04; 40; 15; 68;0
1.2831385009800e-04; 40; 15; 68;0
1.2833319900400e-04; 40; 15; 68;0
1.2835255971900e-04; 40; 15; 68;0
1.2837190859900e-04; 40; 15; 68;0
1.2839126960900e-04; 40; 15; 68;0
1.2841061845000e-04; 40; 15; 68;0
1.2842997943800e-04; 40; 15; 68;0
1.2844610248200e-04; 40; 15; 68;0
1.2846546330400e-04; 40; 15; 68;0
1.2848481214700e-04; 40; 15; 68;0
1.2850417304100e-04; 40; 15; 68;0
1.2852352207300e-04; 40; 15; 68;0
1.2854288298300e-04; 40; 15; 68;0
1.2856223194100e-04; 40; 15; 68;0
1.2858159297400e-04; 40; 15; 68;0
1.2860094185500e-04; 40; 15; 68;0
1.2862030274400e-04; 40; 15; 68;0
1.2863965164600e-04; 40; 15; 68;0
1.2865901265900e-04; 40; 15; 68;0
1.2867836155600e-04; 40; 15; 68;0
1.2869772251700e-04; 40; 15; 68;0
1.2871707141800e-04; 40; 15; 68;0
1.2873643221300e-04; 40; 15; 68;0
1.2875578121100e-04; 40; 15; 68;0
1.2877514212500e-04; 40; 15; 68;0
1.2879449105400e-04; 40; 15; 68;0
1.2881385195700e-04; 40; 15; 68;0
1.2883320085000e-04; 40; 15; 68;0
1.2885256171400e-04; 40; 15; 68;0
1.2887191065400e-04; 40; 15; 68;0
1.2889127168300e-04; 40; 15; 68;0
1.2891062057600e-04; 40; 15; 68;0
1.2892998152800e-04; 40; 15; 68;0
1.2894610458000e-04; 40; 15; 68;0
1.2896546553000e-04; 40; 15; 68;0
1.2898481451800e-04; 40; 15; 68;0
1.2900417538000e-04; 40; 15; 68;0
1.2902352433300e-04; 40; 15; 68;0
1.2904288530900e-04; 40; 15; 68;0
1.2906223409600e-04; 40; 15; 68;0
1.2908159507300e-04; 40; 15; 68;0
1.2910094396100e-04; 40; 15; 68;0
1.2912030483000e-04; 40; 15; 68;0
1.2913965377600e-04; 40; 15; 68;0
1.2915901461200e-04; 40; 15; 68;0
1.2917836362300e-04; 40; 15; 68;0
1.2919772442000e-04; 40; 15; 68;0
1.2921707348900e-04; 40; 15; 68;0
1.2923643431900e-04; 40; 15; 68;0
1.2925578319200e-04; 40; 15; 68;0
1.2927514395100e-04; 40; 15; 68;0
1.2929449301000e-04; 40; 15; 68;0
1.2931385377800e-04; 40; 15; 68;0
1.2933320264400e-04; 40; 15; 68;0
1.2935256363700e-04; 40; 15; 68;0
1.2937191247800e-04; 40; 15; 68;0
1.2939127338700e-04; 40; 15; 68;0
1.2941062220500e-04; 40; 15; 68;0
1.2942998315100e-04; 40; 15; 68;0
1.2944610620100e-04; 40; 15; 68;0
1.2946546665700e-04; 40; 15; 67;0
1.2948481547400e-04; 40; 15; 67;0
1.2950417619800e-04; 40; 15; 67;0
1.2952352485200e-04; 40; 15; 67;0
1.2954288554100e-04; 40; 15; 67;0
1.2956223400600e-04; 40; 15; 67;0
1.2958159470600e-04; 40; 15; 67;0
1.2960094342800e-04; 40; 15; 67;0
1.2962030409900e-04; 40; 15; 67;0
1.2963965277400e-04; 40; 15; 67;0
1.2965901340900e-04; 40; 15; 67;0
1.2967836214800e-04; 40; 15; 67;0
1.2969772289300e-04; 40; 15; 67;0
1.2971707155800e-04; 40; 15; 67;0
1.2973643230500e-04; 40; 15; 67;0
1.2975578081400e-04; 40; 15; 67;0
1.2977514140000e-04; 40; 15; 67;0
1.2979449017900e-04; 40; 15; 67;0
1.2981385075600e-04; 40; 15; 67;0
1.2983319942100e-04; 40; 15; 67;0
1.2985255998900e-04; 40; 15; 67;0
1.2987190864400e-04; 40; 15; 67;0
1.2989126936300e-04; 40; 15; 67;0
1.2991061786700e-04; 40; 15; 67;0
1.2992997891400e-04; 40; 15; 68;0
1.2994610188000e-04; 40; 15; 68;0
1.2996546287800e-04; 40; 15; 68;0
1.2998481173700e-04; 40; 15; 68;0
1.3000417249700e-04; 40; 15; 68;0
1.3002352127600e-04; 40; 15; 68;0
1.3004288223000e-04; 40; 15; 68;0
1.3006223112900e-04; 40; 15; 68;0
1.3008159199800e-04; 40; 15; 68;0
1.3010094093900e-04; 40; 15; 68;0
1.3012030186000e-04; 40; 15; 68;0
1.3013965083400e-04; 40; 15; 68;0
1.3015901169300e-04; 40; 15; 68;0
1.3017836067600e-04; 40; 15; 68;0
1.3019772145200e-04; 40; 15; 68;0
1.3021707036500e-04; 40; 15; 68;0
1.3023643121500e-04; 40; 15; 68;0
1.3025578023500e-04; 40; 15; 68;0
1.3027514113900e-04; 40; 15; 68;0
1.3029449018800e-04; 40; 15; 68;0
1.3031385124700e-04; 40; 15; 68;0
1.3033320014900e-04; 40; 15; 68;0
1.3035256103900e-04; 40; 15; 68;0
1.3037191000900e-04; 40; 15; 68;0
1.3039127104800e-04; 40; 15; 68;0
1.3041061996200e-04; 40; 15; 68;0
1.3042998099800e-04; 40; 15; 68;0
1.3044610389600e-04; 40; 15; 68;0
1.3046546494200e-04; 40; 15; 68;0
1.3048481392600e-04; 40; 15; 68;0
1.3050417496500e-04; 40; 15; 68;0
1.3052352391300e-04; 40; 15; 68;0
1.3054288465900e-04; 40; 15; 68;0
1.3056223366300e-04; 40; 15; 68;0
1.3058159450000e-04; 40; 15; 68;0
1.3060094350800e-04; 40; 15; 68;0
1.3062030440200e-04; 40; 15; 68;0
1.3063965333000e-04; 40; 15; 68;0
1.3065901437300e-04; 40; 15; 68;0
1.3067836318400e-04; 40; 15; 68;0
1.3069772407000e-04; 40; 15; 68;0
1.3071707301400e-04; 40; 15; 68;0
1.3073643383000e-04; 40; 15; 68;0
1.3075578270000e-04; 40; 15; 68;0
1.3077514348900e-04; 40; 15; 68;0
1.3079449245100e-04; 40; 15; 68;0
1.3081385315400e-04; 40; 15; 68;0
1.3083320210100e-04; 40; 15; 68;0
1.3085256309000e-04; 40; 15; 68;0
1.3087191194900e-04; 40; 15; 68;0
1.3089127293400e-04; 40; 15; 68;0
1.3091062180700e-04; 40; 15; 68;0
1.3092998286200e-04; 40; 15; 68;0
1.3094610591300e-04; 40; 15; 68;0
1.3096546686300e-04; 40; 15; 68;0
1.3098481591000e-04; 40; 15; 68;0
1.3100417673100e-04; 40; 15; 68;0
1.3102352565000e-04; 40; 15; 68;0
1.3104288676600e-04; 40; 15; 68;0
1.3106223553300e-04; 40; 15; 68;0
1.3108159627000e-04; 40; 15; 67;0
1.3110094481500e-04; 40; 15; 67;0
1.3112030541500e-04; 40; 15; 67;0
1.3113965418700e-04; 40; 15; 67;0
1.3115901489800e-04; 40; 15; 67;0
1.3117836357800e-04; 40; 15; 67;0
1.3119772421800e-04; 40; 15; 67;0
1.3121707307700e-04; 40; 15; 67;0
1.3123643361400e-04; 40; 15; 67;0
1.3125578235500e-04; 40; 15; 67;0
1.3127514294500e-04; 40; 15; 67;0
1.3129449167700e-04; 40; 15; 67;0
1.3131385232500e-04; 40; 15; 67;0
1.3133320111600e-04; 40; 15; 67;0
1.3135256172000e-04; 40; 15; 67;0
1.3137191041300e-04; 40; 15; 67;0
1.3139127114100e-04; 40; 15; 67;0
1.3141061974800e-04; 40; 15; 67;0
1.3142998027100e-04; 40; 15; 67;0
1.3144610308300e-04; 40; 15; 67;0
1.3146546382500e-04; 40; 15; 67;0
1.3148481262400e-04; 40; 15; 67;0
1.3150417312800e-04; 40; 15; 67;0
1.3152352180400e-04; 40; 15; 67;0
1.3154288248400e-04; 40; 15; 67;0
1.3156223117200e-04; 40; 15; 67;0
1.3158159191500e-04; 40; 15; 67;0
1.3160094044500e-04; 40; 15; 67;0
1.3162030139800e-04; 40; 15; 68;0
1.3163965023200e-04; 40; 15; 68;0
1.3165901124600e-04; 40; 15; 68;0
1.3167836003000e-04; 40; 15; 68;0
1.3169772112000e-04; 40; 15; 68;0
1.3171706989000e-04; 40; 15; 68;0
1.3173643087700e-04; 40; 15; 68;0
1.3175577972200e-04; 40; 15; 68;0
1.3177514051900e-04; 40; 15; 68;0
1.3179448915500e-04; 40; 15; 68;0
1.3181385027000e-04; 40; 15; 68;0
1.3183319919700e-04; 40; 15; 68;0
1.3185255995600e-04; 40; 15; 68;0
1.3187190885700e-04; 40; 15; 68;0
1.3189126960900e-04; 40; 15; 68;0
1.3191061858000e-04; 40; 15; 68;0
1.3192997955500e-04; 40; 15; 68;0
1.3194610263700e-04; 40; 15; 68;0
1.3196546348100e-04; 40; 15; 68;0
1.3198481226800e-04; 40; 15; 68;0
1.3200417322600e-04; 40; 15; 68;0
1.3202352212200e-04; 40; 15; 68;0
1.3204288279200e-04; 40; 15; 68;0
1.3206223171200e-04; 40; 15; 68;0
1.3208159272700e-04; 40; 15; 68;0
1.3210094155600e-04; 40; 15; 68;0
1.3212030245400e-04; 40; 15; 68;0
1.3213965150300e-04; 40; 15; 68;0
1.3215901232000e-04; 40; 15; 68;0
1.3217836122200e-04; 40; 15; 68;0
1.3219772203300e-04; 40; 15; 68;0
1.3221707095800e-04; 40; 15; 68;0
1.3223643193400e-04; 40; 15; 68;0
1.3225578093500e-04; 40; 15; 68;0
1.3227514186900e-04; 40; 15; 68;0
1.3229449066000e-04; 40; 15; 68;0
1.3231385129700e-04; 40; 15; 68;0
1.3233320010100e-04; 40; 15; 68;0
1.3235256119100e-04; 40; 15; 68;0
1.3237190994700e-04; 40; 15; 68;0
1.3239127095900e-04; 40; 15; 68;0
1.3241061980000e-04; 40; 15; 68;0
1.3242998072100e-04; 40; 15; 68;0
1.3244610389300e-04; 40; 15; 68;0
1.3246546488400e-04; 40; 15; 68;0
1.3248481394000e-04; 40; 15; 68;0
1.3250417479100e-04; 40; 15; 68;0
1.3252352386000e-04; 40; 15; 68;0
1.3254288482900e-04; 40; 15; 68;0
1.3256223367000e-04; 40; 15; 68;0
1.3258159471700e-04; 40; 15; 68;0
1.3260094357200e-04; 40; 15; 68;0
1.3262030447300e-04; 40; 15; 68;0
1.3263965336700e-04; 40; 15; 68;0
1.3265901424100e-04; 40; 15; 68;0
1.3267836311100e-04; 40; 15; 68;0
1.3269772365300e-04; 40; 15; 67;0
1.3271707236200e-04; 40; 15; 67;0
1.3273643298100e-04; 40; 15; 67;0
1.3275578161300e-04; 40; 15; 67;0
1.3277514216100e-04; 40; 15; 67;0
1.3279449082100e-04; 40; 15; 67;0
1.3281385153500e-04; 40; 15; 67;0
1.3283320031800e-04; 40; 15; 67;0
1.3285256078700e-04; 40; 15; 67;0
1.3287190955100e-04; 40; 15; 67;0
1.3289127026900e-04; 40; 15; 67;0
1.3291061885200e-04; 40; 15; 67;0
1.3292997945000e-04; 40; 15; 67;0
1.3294610232700e-04; 40; 15; 67;0
1.3296546294500e-04; 40; 15; 67;0
1.3298481163700e-04; 40; 15; 67;0
1.3300417217800e-04; 40; 15; 67;0
1.3302352095800e-04; 40; 15; 67;0
1.3304288163500e-04; 40; 15; 67;0
1.3306223034300e-04; 40; 15; 67;0
1.3308159107300e-04; 40; 15; 67;0
1.3310093976800e-04; 40; 15; 67;0
1.3312030042100e-04; 40; 15; 67;0
1.3313964900800e-04; 40; 15; 67;0
1.3315900982500e-04; 40; 15; 68;0
1.3317835882200e-04; 40; 15; 68;0
1.3319771965800e-04; 40; 15; 68;0
1.3321706853600e-04; 40; 15; 68;0
1.3323642930300e-04; 40; 15; 68;0
1.3325577817000e-04; 40; 15; 68;0
1.3327513899400e-04; 40; 15; 68;0
1.3329448788200e-04; 40; 15; 68;0
1.3331384905900e-04; 40; 15; 68;0
1.3333319804000e-04; 40; 15; 68;0
1.3335255879200e-04; 40; 15; 68;0
1.3337190768500e-04; 40; 15; 68;0
1.3339126859000e-04; 40; 15; 68;0
1.3341061744300e-04; 40; 15; 68;0
1.3342997833400e-04; 40; 15; 68;0
1.3344610133600e-04; 40; 15; 68;0
1.3346546225900e-04; 40; 15; 68;0
1.3348481110300e-04; 40; 15; 68;0
1.3350417196800e-04; 40; 15; 68;0
1.3352352089400e-04; 40; 15; 68;0
1.3354288179700e-04; 40; 15; 68;0
1.3356223072900e-04; 40; 15; 68;0
1.3358159164100e-04; 40; 15; 68;0
1.3360094066100e-04; 40; 15; 68;0
1.3362030136100e-04; 40; 15; 68;0
1.3363965024000e-04; 40; 15; 68;0
1.3365901107800e-04; 40; 15; 68;0
1.3367836014000e-04; 40; 15; 68;0
1.3369772104700e-04; 40; 15; 68;0
1.3371707000000e-04; 40; 15; 68;0
1.3373643096900e-04; 40; 15; 68;0
1.3375577991600e-04; 40; 15; 68;0
1.3377514072800e-04; 40; 15; 68;0
1.3379448949800e-04; 40; 15; 68;0
1.3381385039100e-04; 40; 15; 68;0
1.3383319914600e-04; 40; 15; 68;0
1.3385256004900e-04; 40; 15; 68;0
1.3387190894600e-04; 40; 15; 68;0
1.3389126993700e-04; 40; 15; 68;0
1.3391061885700e-04; 40; 15; 68;0
1.3392997976700e-04; 40; 15; 68;0
1.3394610294400e-04; 40; 15; 68;0
1.3396546381300e-04; 40; 15; 68;0
1.3398481266800e-04; 40; 15; 68;0
1.3400417356300e-04; 40; 15; 68;0
1.3402352248400e-04; 40; 15; 68;0
1.3404288347400e-04; 40; 15; 68;0
1.3406223241600e-04; 40; 15; 68;0
1.3408159338300e-04; 40; 15; 68;0
1.3410094217800e-04; 40; 15; 68;0
1.3412030318400e-04; 40; 15; 68;0
1.3413965208200e-04; 40; 15; 68;0
1.3415901288200e-04; 40; 15; 68;0
1.3417836182600e-04; 40; 15; 68;0
1.3419772263000e-04; 40; 15; 68;0
1.3421707169700e-04; 40; 15; 68;0
1.3423643259800e-04; 40; 15; 68;0
1.3425578143700e-04; 40; 15; 68;0
1.3427514207300e-04; 40; 15; 67;0
1.3429449069400e-04; 40; 15; 67;0
1.3431385135200e-04; 40; 15; 67;0
1.3433319997200e-04; 40; 15; 67;0
1.3435256076000e-04; 40; 15; 67;0
1.3437190935200e-04; 40; 15; 67;0
1.3439126997100e-04; 40; 15; 67;0
1.3441061871400e-04; 40; 15; 67;0
1.3442997972000e-04; 40; 15; 68;0
1.3444610283200e-04; 40; 15; 68;0
1.3446546364200e-04; 40; 15; 68;0
1.3448481264900e-04; 40; 15; 68;0
1.3450417326900e-04; 40; 15; 67;0
1.3452352185700e-04; 40; 15; 67;0
1.3454288268800e-04; 40; 15; 67;0
1.3456223135300e-04; 40; 15; 67;0
1.3458159206900e-04; 40; 15; 67;0
1.3460094087800e-04; 40; 15; 67;0
1.3462030153000e-04; 40; 15; 67;0
1.3463965011900e-04; 40; 15; 67;0
1.3465901119500e-04; 40; 15; 68;0
1.3467836001800e-04; 40; 15; 68;0
1.3469772106600e-04; 40; 15; 68;0
1.3471707001700e-04; 40; 15; 68;0
1.3473643093900e-04; 40; 15; 68;0
1.3475577979200e-04; 40; 15; 68;0
1.3477514082600e-04; 40; 15; 68;0
1.3479448972300e-04; 40; 15; 68;0
1.3481385054500e-04; 40; 15; 68;0
1.3483319950200e-04; 40; 15; 68;0
1.3485256041600e-04; 40; 15; 68;0
1.3487190934800e-04; 40; 15; 68;0
1.3489127012700e-04; 40; 15; 68;0
1.3491061902200e-04; 40; 15; 68;0
1.3492998011000e-04; 40; 15; 68;0
1.3494610308700e-04; 40; 15; 68;0
1.3496546404100e-04; 40; 15; 68;0
1.3498481285100e-04; 40; 15; 68;0
1.3500417374400e-04; 40; 15; 68;0
1.3502352252700e-04; 40; 15; 68;0
1.3504288345300e-04; 40; 15; 68;0
1.3506223234500e-04; 40; 15; 68;0
1.3508159342300e-04; 40; 15; 68;0
1.3510094233600e-04; 40; 15; 68;0
1.3512030338500e-04; 40; 15; 68;0
1.3513965228400e-04; 40; 15; 68;0
1.3515901321100e-04; 40; 15; 68;0
1.3517836228700e-04; 40; 15; 68;0
1.3519772333300e-04; 40; 15; 68;0
1.3521707225300e-04; 40; 15; 68;0
1.3523643302200e-04; 40; 15; 68;0
1.3525578205600e-04; 40; 15; 68;0
1.3527514299100e-04; 40; 15; 68;0
1.3529449186400e-04; 40; 15; 68;0
1.3531385274300e-04; 40; 15; 68;0
1.3533320170900e-04; 40; 15; 68;0
1.3535256258500e-04; 40; 15; 68;0
1.3537191144100e-04; 40; 15; 68;0
1.3539127244200e-04; 40; 15; 68;0
1.3541062139700e-04; 40; 15; 68;0
1.3542998223000e-04; 40; 15; 68;0
1.3544610522300e-04; 40; 15; 68;0
1.3546546611500e-04; 40; 15; 68;0
1.3548481502300e-04; 40; 15; 68;0
1.3550417571400e-04; 40; 15; 67;0
1.3552352457700e-04; 40; 15; 67;0
1.3554288517200e-04; 40; 15; 67;0
1.3556223387400e-04; 40; 15; 67;0
1.3558159467400e-04; 40; 15; 67;0
1.3560094343400e-04; 40; 15; 67;0
1.3562030400900e-04; 40; 15; 67;0
1.3563965257600e-04; 40; 15; 67;0
1.3565901333500e-04; 40; 15; 67;0
1.3567836211700e-04; 40; 15; 67;0
1.3569772269200e-04; 40; 15; 67;0
1.3571707133100e-04; 40; 15; 67;0
1.3573643208600e-04; 40; 15; 67;0
1.3575578092300e-04; 40; 15; 67;0
1.3577514151100e-04; 40; 15; 67;0
1.3579449006400e-04; 40; 15; 67;0
1.3581385064800e-04; 40; 15; 67;0
1.3583319943700e-04; 40; 15; 67;0
1.3585256029700e-04; 40; 15; 67;0
1.3587190890200e-04; 40; 15; 67;0
1.3589126984600e-04; 40; 15; 68;0
1.3591061858000e-04; 40; 15; 68;0
1.3592997963900e-04; 40; 15; 68;0
1.3594610284400e-04; 40; 15; 68;0
1.3596546380900e-04; 40; 15; 68;0
1.3598481256700e-04; 40; 15; 68;0
1.3600417346300e-04; 40; 15; 68;0
1.3602352241200e-04; 40; 15; 68;0
1.3604288322000e-04; 40; 15; 68;0
1.3606223218600e-04; 40; 15; 68;0
1.3608159313700e-04; 40; 15; 68;0
1.3610094209800e-04; 40; 15; 68;0
1.3612030284400e-04; 40; 15; 68;0
1.3613965175800e-04; 40; 15; 68;0
1.3615901248600e-04; 40; 15; 67;0
1.3617836112300e-04; 40; 15; 67;0
1.3619772200700e-04; 40; 15; 68;0
1.3621707086700e-04; 40; 15; 68;0
1.3623643170700e-04; 40; 15; 68;0
1.3625578052800e-04; 40; 15; 68;0
1.3627514147100e-04; 40; 15; 68;0
1.3629449043600e-04; 40; 15; 68;0
1.3631385126300e-04; 40; 15; 68;0
1.3633320004700e-04; 40; 15; 68;0
1.3635256097400e-04; 40; 15; 68;0
1.3637190987300e-04; 40; 15; 68;0
1.3639127075300e-04; 40; 15; 68;0
1.3641061969800e-04; 40; 15; 68;0
1.3642998069100e-04; 40; 15; 68;0
1.3644610365800e-04; 40; 15; 68;0
1.3646546444100e-04; 40; 15; 68;0
1.3648481346500e-04; 40; 15; 68;0
1.3650417429400e-04; 40; 15; 68;0
1.3652352330400e-04; 40; 15; 68;0
1.3654288415200e-04; 40; 15; 68;0
1.3656223303600e-04; 40; 15; 68;0
1.3658159387600e-04; 40; 15; 68;0
1.3660094272500e-04; 40; 15; 68;0
1.3662030367000e-04; 40; 15; 68;0
1.3663965260700e-04; 40; 15; 68;0
1.3665901365100e-04; 40; 15; 68;0
1.3667836255200e-04; 40; 15; 68;0
1.3669772345800e-04; 40; 15; 68;0
1.3671707233400e-04; 40; 15; 68;0
1.3673643335500e-04; 40; 15; 68;0
1.3675578220600e-04; 40; 15; 68;0
1.3677514306300e-04; 40; 15; 68;0
1.3679449204800e-04; 40; 15; 68;0
1.3681385288000e-04; 40; 15; 68;0
1.3683320177300e-04; 40; 15; 68;0
1.3685256282900e-04; 40; 15; 68;0
1.3687191181900e-04; 40; 15; 68;0
1.3689127264900e-04; 40; 15; 68;0
1.3691062150200e-04; 40; 15; 68;0
1.3692998228300e-04; 40; 15; 68;0
1.3694610537200e-04; 40; 15; 68;0
1.3696546630700e-04; 40; 15; 68;0
1.3698481513700e-04; 40; 15; 68;0
1.3700417604400e-04; 40; 15; 68;0
1.3702352489900e-04; 40; 15; 68;0
1.3704288566200e-04; 40; 15; 67;0
1.3706223418900e-04; 40; 15; 67;0
1.3708159476300e-04; 40; 15; 67;0
1.3710094345100e-04; 40; 15; 67;0
1.3712030416800e-04; 40; 15; 67;0
1.3713965284800e-04; 40; 15; 67;0
1.3715901369100e-04; 40; 15; 67;0
1.3717836229100e-04; 40; 15; 67;0
1.3719772291700e-04; 40; 15; 67;0
1.3721707153600e-04; 40; 15; 67;0
1.3723643220300e-04; 40; 15; 67;0
1.3725578081600e-04; 40; 15; 67;0
1.3727514149900e-04; 40; 15; 67;0
1.3729449015100e-04; 40; 15; 67;0
1.3731385091200e-04; 40; 15; 67;0
1.3733319958100e-04; 40; 15; 67;0
1.3735256017000e-04; 40; 15; 67;0
1.3737190885200e-04; 40; 15; 67;0
1.3739126966600e-04; 40; 15; 67;0
1.3741061825100e-04; 40; 15; 67;0
1.3742997887900e-04; 40; 15; 67;0
1.3744610163600e-04; 40; 15; 67;0
1.3746546220500e-04; 40; 15; 67;0
1.3748481081800e-04; 40; 15; 67;0
1.3750417173300e-04; 40; 15; 68;0
1.3752352064800e-04; 40; 15; 68;0
1.3754288141100e-04; 40; 15; 67;0
1.3756223008400e-04; 40; 15; 67;0
1.3758159083700e-04; 40; 15; 67;0
1.3760093961100e-04; 40; 15; 67;0
1.3762030056700e-04; 40; 15; 68;0
1.3763964944500e-04; 40; 15; 68;0
1.3765901039300e-04; 40; 15; 68;0
1.3767835928800e-04; 40; 15; 68;0
1.3769772025300e-04; 40; 15; 68;0
1.3771706909100e-04; 40; 15; 68;0
1.3773643008100e-04; 40; 15; 68;0
1.3775577895200e-04; 40; 15; 68;0
1.3777513995100e-04; 40; 15; 68;0
1.3779448884600e-04; 40; 15; 68;0
1.3781384972200e-04; 40; 15; 68;0
1.3783319883200e-04; 40; 15; 68;0
1.3785255957900e-04; 40; 15; 68;0
1.3787190859000e-04; 40; 15; 68;0
1.3789126928800e-04; 40; 15; 68;0
1.3791061811200e-04; 40; 15; 68;0
1.3792997909800e-04; 40; 15; 68;0
1.3794610217500e-04; 40; 15; 68;0
1.3796546302700e-04; 40; 15; 68;0
1.3798481200100e-04; 40; 15; 68;0
1.3800417294700e-04; 40; 15; 68;0
1.3802352183500e-04; 40; 15; 68;0
1.3804288270100e-04; 40; 15; 68;0
1.3806223156600e-04; 40; 15; 68;0
1.3808159248200e-04; 40; 15; 68;0
1.3810094138700e-04; 40; 15; 68;0
1.3812030224300e-04; 40; 15; 68;0
1.3813965125100e-04; 40; 15; 68;0
1.3815901218200e-04; 40; 15; 68;0
1.3817836120300e-04; 40; 15; 68;0
1.3819772221600e-04; 40; 15; 68;0
1.3821707109200e-04; 40; 15; 68;0
1.3823643210800e-04; 40; 15; 68;0
1.3825578092000e-04; 40; 15; 68;0
1.3827514198700e-04; 40; 15; 68;0
1.3829449083700e-04; 40; 15; 68;0
1.3831385174900e-04; 40; 15; 68;0
1.3833320078700e-04; 40; 15; 68;0
1.3835256158600e-04; 40; 15; 68;0
1.3837191069100e-04; 40; 15; 68;0
1.3839127162700e-04; 40; 15; 68;0
1.3841062040400e-04; 40; 15; 68;0
1.3842998141500e-04; 40; 15; 68;0
1.3844610456300e-04; 40; 15; 68;0
1.3846546545100e-04; 40; 15; 68;0
1.3848481453100e-04; 40; 15; 68;0
1.3850417536500e-04; 40; 15; 68;0
1.3852352451500e-04; 40; 15; 68;0
1.3854288538300e-04; 40; 15; 68;0
1.3856223455600e-04; 40; 15; 68;0
1.3858159551100e-04; 40; 15; 68;0
1.3860094452700e-04; 40; 15; 68;0
1.3862030542500e-04; 40; 15; 68;0
1.3863965439800e-04; 40; 15; 68;0
1.3865901524900e-04; 40; 15; 68;0
1.3867836416500e-04; 40; 15; 68;0
1.3869772515900e-04; 40; 15; 68;0
1.3871707394800e-04; 40; 15; 68;0
1.3873643449700e-04; 40; 15; 67;0
1.3875578320700e-04; 40; 15; 67;0
1.3877514395400e-04; 40; 15; 67;0
1.3879449249100e-04; 40; 15; 67;0
1.3881385326600e-04; 40; 15; 67;0
1.3883320181600e-04; 40; 15; 67;0
1.3885256261200e-04; 40; 15; 67;0
1.3887191115500e-04; 40; 15; 67;0
1.3889127179300e-04; 40; 15; 67;0
1.3891062039400e-04; 40; 15; 67;0
1.3892998102900e-04; 40; 15; 67;0
1.3894610383100e-04; 40; 15; 67;0
1.3896546449000e-04; 40; 15; 67;0
1.3898481315800e-04; 40; 15; 67;0
1.3900417376200e-04; 40; 15; 67;0
1.3902352237000e-04; 40; 15; 67;0
1.3904288304100e-04; 40; 15; 67;0
1.3906223169100e-04; 40; 15; 67;0
1.3908159236400e-04; 40; 15; 67;0
1.3910094109400e-04; 40; 15; 67;0
1.3912030164300e-04; 40; 15; 67;0
1.3913965031600e-04; 40; 15; 67;0
1.3915901116100e-04; 40; 15; 67;0
1.3917835974900e-04; 40; 15; 67;0
1.3919772049600e-04; 40; 15; 67;0
1.3921706908700e-04; 40; 15; 67;0
1.3923643012500e-04; 40; 15; 68;0
1.3925577911900e-04; 40; 15; 68;0
1.3927513998900e-04; 40; 15; 68;0
1.3929448888800e-04; 40; 15; 68;0
1.3931384982100e-04; 40; 15; 68;0
1.3933319853100e-04; 40; 15; 68;0
1.3935255953200e-04; 40; 15; 68;0
1.3937190833800e-04; 40; 15; 68;0
1.3939126944000e-04; 40; 15; 68;0
1.3941061833500e-04; 40; 15; 68;0
1.3942997921500e-04; 40; 15; 68;0
1.3944610212200e-04; 40; 15; 68;0
1.3946546302700e-04; 40; 15; 68;0
1.3948481191000e-04; 40; 15; 68;0
1.3950417276100e-04; 40; 15; 68;0
1.3952352179300e-04; 40; 15; 68;0
1.3954288262500e-04; 40; 15; 68;0
1.3956223158200e-04; 40; 15; 68;0
1.3958159252900e-04; 40; 15; 68;0
1.3960094133600e-04; 40; 15; 68;0
1.3962030198300e-04; 40; 15; 67;0
1.3963965066600e-04; 40; 15; 67;0
1.3965901129000e-04; 40; 15; 67;0
1.3967836009500e-04; 40; 15; 67;0
1.3969772082500e-04; 40; 15; 67;0
1.3971706942800e-04; 40; 15; 67;0
1.3973643011000e-04; 40; 15; 67;0
1.3975577873400e-04; 40; 15; 67;0
1.3977513931500e-04; 40; 15; 67;0
1.3979448804200e-04; 40; 15; 67;0
1.3981384873400e-04; 40; 15; 67;0
1.3983319743600e-04; 40; 15; 67;0
1.3985255806100e-04; 40; 15; 67;0
1.3987190672100e-04; 40; 15; 67;0
1.3989126729000e-04; 40; 15; 67;0
1.3991061595200e-04; 40; 15; 67;0
1.3992997666700e-04; 40; 15; 67;0
1.3994609933000e-04; 40; 15; 67;0
1.3996546026900e-04; 40; 15; 68;0
1.3998480928100e-04; 40; 15; 68;0
1.4000417018500e-04; 40; 15; 68;0
1.4002351913100e-04; 40; 15; 68;0
1.4004287969300e-04; 40; 15; 67;0
1.4006222844800e-04; 40; 15; 67;0
1.4008158932600e-04; 40; 15; 67;0
1.4010093788600e-04; 40; 15; 67;0
1.4012029886600e-04; 40; 15; 68;0
1.4013964775100e-04; 40; 15; 68;0
1.4015900869300e-04; 40; 15; 68;0
1.4017835748600e-04; 40; 15; 68;0
1.4019771837200e-04; 40; 15; 68;0
1.4021706733000e-04; 40; 15; 68;0
1.4023642819000e-04; 40; 15; 68;0
1.4025577718100e-04; 40; 15; 68;0
1.4027513795700e-04; 40; 15; 68;0
1.4029448681200e-04; 40; 15; 68;0
1.4031384781500e-04; 40; 15; 68;0
1.4033319676800e-04; 40; 15; 68;0
1.4035255768900e-04; 40; 15; 68;0
1.4037190658000e-04; 40; 15; 68;0
1.4039126753600e-04; 40; 15; 68;0
1.4041061643400e-04; 40; 15; 68;0
1.4042997761800e-04; 40; 15; 68;0
1.4044610080300e-04; 40; 15; 68;0
1.4046546184200e-04; 40; 15; 68;0
1.4048481078800e-04; 40; 15; 68;0
1.4050417181800e-04; 40; 15; 68;0
1.4052352082800e-04; 40; 15; 68;0
1.4054288168700e-04; 40; 15; 68;0
1.4056223037900e-04; 40; 15; 68;0
1.4058159122800e-04; 40; 15; 68;0
1.4060094031300e-04; 40; 15; 68;0
1.4062030130300e-04; 40; 15; 68;0
1.4063965024500e-04; 40; 15; 68;0
1.4065901113300e-04; 40; 15; 68;0
1.4067835994600e-04; 40; 15; 68;0
1.4069772081600e-04; 40; 15; 68;0
1.4071706975000e-04; 40; 15; 68;0
1.4073643055500e-04; 40; 15; 68;0
1.4075577946300e-04; 40; 15; 68;0
1.4077514050400e-04; 40; 15; 68;0
1.4079448934400e-04; 40; 15; 68;0
1.4081385024600e-04; 40; 15; 68;0
1.4083319930100e-04; 40; 15; 68;0
1.4085256014200e-04; 40; 15; 68;0
1.4087190877300e-04; 40; 15; 68;0
1.4089126967100e-04; 40; 15; 68;0
1.4091061869300e-04; 40; 15; 68;0
1.4092997960000e-04; 40; 15; 68;0
1.4094610286800e-04; 40; 15; 68;0
1.4096546371500e-04; 40; 15; 68;0
1.4098481278500e-04; 40; 15; 68;0
1.4100417357500e-04; 40; 15; 68;0
1.4102352247000e-04; 40; 15; 68;0
1.4104288372000e-04; 40; 15; 68;0
1.4106223260300e-04; 40; 15; 68;0
1.4108159343300e-04; 40; 15; 68;0
1.4110094231800e-04; 40; 15; 68;0
1.4112030302500e-04; 40; 15; 68;0
1.4113965203800e-04; 40; 15; 68;0
1.4115901284900e-04; 40; 15; 68;0
1.4117836173000e-04; 40; 15; 68;0
1.4119772259800e-04; 40; 15; 68;0
1.4121707147600e-04; 40; 15; 68;0
1.4123643245100e-04; 40; 15; 68;0
1.4125578130600e-04; 40; 15; 68;0
1.4127514217800e-04; 40; 15; 68;0
1.4129449097100e-04; 40; 15; 68;0
1.4131385156800e-04; 40; 15; 67;0
1.4133320028100e-04; 40; 15; 67;0
1.4135256109200e-04; 40; 15; 67;0
1.4137190974200e-04; 40; 15; 67;0
1.4139127060900e-04; 40; 15; 68;0
1.4141061968200e-04; 40; 15; 68;0
1.4142998064900e-04; 40; 15; 68;0
1.4144610374800e-04; 40; 15; 68;0
1.4146546460800e-04; 40; 15; 68;0
1.4148481351600e-04; 40; 15; 68;0
1.4150417439900e-04; 40; 15; 68;0
1.4152352328400e-04; 40; 15; 68;0
1.4154288423200e-04; 40; 15; 68;0
1.4156223312300e-04; 40; 15; 68;0
1.4158159382600e-04; 40; 15; 67;0
1.4160094257900e-04; 40; 15; 67;0
1.4162030346000e-04; 40; 15; 68;0
1.4163965219100e-04; 40; 15; 68;0
1.4165901312500e-04; 40; 15; 68;0
1.4167836206200e-04; 40; 15; 68;0
1.4169772293900e-04; 40; 15; 68;0
1.4171707197600e-04; 40; 15; 68;0
1.4173643291800e-04; 40; 15; 68;0
1.4175578182600e-04; 40; 15; 68;0
1.4177514267800e-04; 40; 15; 68;0
1.4179449165000e-04; 40; 15; 68;0
1.4181385235500e-04; 40; 15; 67;0
1.4183320111800e-04; 40; 15; 67;0
1.4185256175400e-04; 40; 15; 67;0
1.4187191024300e-04; 40; 15; 67;0
1.4189127104200e-04; 40; 15; 67;0
1.4191061964100e-04; 40; 15; 67;0
1.4192998035000e-04; 40; 15; 67;0
1.4194610325600e-04; 40; 15; 67;0
1.4196546392200e-04; 40; 15; 67;0
1.4198481268000e-04; 40; 15; 67;0
1.4200417339700e-04; 40; 15; 67;0
1.4202352208300e-04; 40; 15; 67;0
1.4204288270200e-04; 40; 15; 67;0
1.4206223142400e-04; 40; 15; 67;0
1.4208159198700e-04; 40; 15; 67;0
1.4210094057700e-04; 40; 15; 67;0
1.4212030129000e-04; 40; 15; 67;0
1.4213965005400e-04; 40; 15; 67;0
1.4215901098100e-04; 40; 15; 68;0
1.4217835992200e-04; 40; 15; 68;0
1.4219772093300e-04; 40; 15; 68;0
1.4221706988300e-04; 40; 15; 68;0
1.4223643082900e-04; 40; 15; 68;0
1.4225577985800e-04; 40; 15; 68;0
1.4227514073100e-04; 40; 15; 68;0
1.4229448959700e-04; 40; 15; 68;0
1.4231385053400e-04; 40; 15; 68;0
1.4233319952100e-04; 40; 15; 68;0
1.4235256054400e-04; 40; 15; 68;0
1.4237190950200e-04; 40; 15; 68;0
1.4239127035800e-04; 40; 15; 68;0
1.4241061929700e-04; 40; 15; 68;0
1.4242998032000e-04; 40; 15; 68;0
1.4244610318800e-04; 40; 15; 68;0
1.4246546425300e-04; 40; 15; 68;0
1.4248481306300e-04; 40; 15; 68;0
1.4250417397700e-04; 40; 15; 68;0
1.4252352286700e-04; 40; 15; 68;0
1.4254288394700e-04; 40; 15; 68;0
1.4256223284800e-04; 40; 15; 68;0
1.4258159367700e-04; 40; 15; 68;0
1.4260094262300e-04; 40; 15; 68;0
1.4262030359000e-04; 40; 15; 68;0
1.4263965245300e-04; 40; 15; 68;0
1.4265901332800e-04; 40; 15; 68;0
1.4267836234400e-04; 40; 15; 68;0
1.4269772332500e-04; 40; 15; 68;0
1.4271707217000e-04; 40; 15; 68;0
1.4273643309300e-04; 40; 15; 68;0
1.4275578186000e-04; 40; 15; 68;0
1.4277514282400e-04; 40; 15; 68;0
1.4279449169200e-04; 40; 15; 68;0
1.4281385242900e-04; 40; 15; 67;0
1.4283320111600e-04; 40; 15; 67;0
1.4285256213500e-04; 40; 15; 68;0
1.4287191101100e-04; 40; 15; 68;0
1.4289127196800e-04; 40; 15; 68;0
1.4291062077600e-04; 40; 15; 68;0
1.4292998175900e-04; 40; 15; 68;0
1.4294610494800e-04; 40; 15; 68;0
1.4296546571700e-04; 40; 15; 68;0
1.4298481477400e-04; 40; 15; 68;0
1.4300417575300e-04; 40; 15; 68;0
1.4302352448300e-04; 40; 15; 68;0
1.4304288536400e-04; 40; 15; 68;0
1.4306223418300e-04; 40; 15; 68;0
1.4308159510200e-04; 40; 15; 68;0
1.4310094402400e-04; 40; 15; 68;0
1.4312030457100e-04; 40; 15; 67;0
1.4313965320700e-04; 40; 15; 67;0
1.4315901377800e-04; 40; 15; 67;0
1.4317836244100e-04; 40; 15; 67;0
1.4319772324500e-04; 40; 15; 67;0
1.4321707187300e-04; 40; 15; 67;0
1.4323643257700e-04; 40; 15; 67;0
1.4325578124200e-04; 40; 15; 67;0
1.4327514202400e-04; 40; 15; 67;0
1.4329449070500e-04; 40; 15; 67;0
1.4331385133600e-04; 40; 15; 67;0
1.4333320004700e-04; 40; 15; 67;0
1.4335256071500e-04; 40; 15; 67;0
1.4337190945600e-04; 40; 15; 67;0
1.4339127006800e-04; 40; 15; 67;0
1.4341061881200e-04; 40; 15; 67;0
1.4342997949300e-04; 40; 15; 67;0
1.4344610247600e-04; 40; 15; 67;0
1.4346546320900e-04; 40; 15; 67;0
1.4348481165400e-04; 40; 15; 67;0
1.4350417238700e-04; 40; 15; 67;0
1.4352352116100e-04; 40; 15; 67;0
1.4354288181000e-04; 40; 15; 67;0
1.4356223040300e-04; 40; 15; 67;0
1.4358159103300e-04; 40; 15; 67;0
1.4360093964600e-04; 40; 15; 67;0
1.4362030028100e-04; 40; 15; 67;0
1.4363964899300e-04; 40; 15; 67;0
1.4365900964700e-04; 40; 15; 67;0
1.4367835839600e-04; 40; 15; 67;0
1.4369771930500e-04; 40; 15; 68;0
1.4371706819800e-04; 40; 15; 68;0
1.4373642897100e-04; 40; 15; 68;0
1.4375577793000e-04; 40; 15; 68;0
1.4377513881100e-04; 40; 15; 68;0
1.4379448768400e-04; 40; 15; 68;0
1.4381384865200e-04; 40; 15; 68;0
1.4383319763500e-04; 40; 15; 68;0
1.4385255842600e-04; 40; 15; 68;0
1.4387190725300e-04; 40; 15; 68;0
1.4389126839400e-04; 40; 15; 68;0
1.4391061722100e-04; 40; 15; 68;0
1.4392997804900e-04; 40; 15; 68;0
1.4394610114900e-04; 40; 15; 68;0
1.4396546215000e-04; 40; 15; 68;0
1.4398481092900e-04; 40; 15; 68;0
1.4400417171500e-04; 40; 15; 68;0
1.4402352057000e-04; 40; 15; 68;0
1.4404288170200e-04; 40; 15; 68;0
1.4406223059400e-04; 40; 15; 68;0
1.4408159154700e-04; 40; 15; 68;0
1.4410094039600e-04; 40; 15; 68;0
1.4412030127200e-04; 40; 15; 68;0
1.4413965023500e-04; 40; 15; 68;0
1.4415901112000e-04; 40; 15; 68;0
1.4417836003500e-04; 40; 15; 68;0
1.4419772103900e-04; 40; 15; 68;0
1.4421706993000e-04; 40; 15; 68;0
1.4423643086700e-04; 40; 15; 68;0
1.4425577980500e-04; 40; 15; 68;0
1.4427514064800e-04; 40; 15; 68;0
1.4429448952800e-04; 40; 15; 68;0
1.4431385039800e-04; 40; 15; 68;0
1.4433319939200e-04; 40; 15; 68;0
1.4435256037400e-04; 40; 15; 68;0
1.4437190918400e-04; 40; 15; 68;0
1.4439127012000e-04; 40; 15; 68;0
1.4441061899900e-04; 40; 15; 68;0
1.4442997989500e-04; 40; 15; 68;0
1.4444610296000e-04; 40; 15; 68;0
1.4446546390900e-04; 40; 15; 68;0
1.4448481277600e-04; 40; 15; 68;0
1.4450417366900e-04; 40; 15; 68;0
1.4452352256100e-04; 40; 15; 68;0
1.4454288346900e-04; 40; 15; 68;0
1.4456223245800e-04; 40; 15; 68;0
1.4458159329500e-04; 40; 15; 68;0
1.4460094232400e-04; 40; 15; 68;0
1.4462030318200e-04; 40; 15; 68;0
1.4463965214000e-04; 40; 15; 68;0
1.4465901287400e-04; 40; 15; 68;0
1.4467836181200e-04; 40; 15; 68;0
1.4469772267300e-04; 40; 15; 68;0
1.4471707133900e-04; 40; 15; 68;0
1.4473643242700e-04; 40; 15; 68;0
1.4475578124000e-04; 40; 15; 68;0
1.4477514192900e-04; 40; 15; 67;0
1.4479449039800e-04; 40; 15; 67;0
1.4481385114100e-04; 40; 15; 67;0
1.4483319973300e-04; 40; 15; 67;0
1.4485256044100e-04; 40; 15; 67;0
1.4487190915500e-04; 40; 15; 67;0
1.4489126988200e-04; 40; 15; 67;0
1.4491061845300e-04; 40; 15; 67;0
1.4492997908700e-04; 40; 15; 67;0
1.4494610206500e-04; 40; 15; 67;0
1.4496546258400e-04; 40; 15; 67;0
1.4498481137500e-04; 40; 15; 67;0
1.4500417193200e-04; 40; 15; 67;0
1.4502352070200e-04; 40; 15; 67;0
1.4504288131800e-04; 40; 15; 67;0
1.4506223007900e-04; 40; 15; 67;0
1.4508159069200e-04; 40; 15; 67;0
1.4510093938700e-04; 40; 15; 67;0
1.4512030014700e-04; 40; 15; 67;0
1.4513964876100e-04; 40; 15; 67;0
1.4515900965800e-04; 40; 15; 68;0
1.4517835848900e-04; 40; 15; 68;0
1.4519771935900e-04; 40; 15; 68;0
1.4521706825100e-04; 40; 15; 68;0
1.4523642937900e-04; 40; 15; 68;0
1.4525577825500e-04; 40; 15; 68;0
1.4527513898000e-04; 40; 15; 68;0
1.4529448811600e-04; 40; 15; 68;0
1.4531384911500e-04; 40; 15; 68;0
1.4533319790700e-04; 40; 15; 68;0
1.4535255887200e-04; 40; 15; 68;0
1.4537190767000e-04; 40; 15; 68;0
1.4539126865200e-04; 40; 15; 68;0
1.4541061761400e-04; 40; 15; 68;0
1.4542997860900e-04; 40; 15; 68;0
1.4544610174800e-04; 40; 15; 68;0
1.4546546265300e-04; 40; 15; 68;0
1.4548481156400e-04; 40; 15; 68;0
1.4550417230400e-04; 40; 15; 68;0
1.4552352137000e-04; 40; 15; 68;0
1.4554288225900e-04; 40; 15; 68;0
1.4556223121900e-04; 40; 15; 68;0
1.4558159220700e-04; 40; 15; 68;0
1.4560094107400e-04; 40; 15; 68;0
1.4562030212400e-04; 40; 15; 68;0
1.4563965114800e-04; 40; 15; 68;0
1.4565901206400e-04; 40; 15; 68;0
1.4567836097000e-04; 40; 15; 68;0
1.4569772196000e-04; 40; 15; 68;0
1.4571707072900e-04; 40; 15; 68;0
1.4573643165800e-04; 40; 15; 68;0
1.4575578056800e-04; 40; 15; 68;0
1.4577514108200e-04; 40; 15; 67;0
1.4579448977300e-04; 40; 15; 67;0
1.4581385044700e-04; 40; 15; 67;0
1.4583319903600e-04; 40; 15; 67;0
1.4585255964000e-04; 40; 15; 67;0
1.4587190838000e-04; 40; 15; 67;0
1.4589126939700e-04; 40; 15; 68;0
1.4591061813000e-04; 40; 15; 68;0
1.4592997901500e-04; 40; 15; 68;0
1.4594610215400e-04; 40; 15; 68;0
1.4596546301400e-04; 40; 15; 68;0
1.4598481192500e-04; 40; 15; 68;0
1.4600417297600e-04; 40; 15; 68;0
1.4602352178500e-04; 40; 15; 68;0
1.4604288242300e-04; 40; 15; 67;0
1.4606223117100e-04; 40; 15; 67;0
1.4608159173700e-04; 40; 15; 67;0
1.4610094046300e-04; 40; 15; 67;0
1.4612030148400e-04; 40; 15; 68;0
1.4613965031200e-04; 40; 15; 68;0
1.4615901128100e-04; 40; 15; 68;0
1.4617836005300e-04; 40; 15; 68;0
1.4619772086700e-04; 40; 15; 68;0
1.4621706980400e-04; 40; 15; 68;0
1.4623643054300e-04; 40; 15; 68;0
1.4625577976400e-04; 40; 15; 68;0
1.4627514044900e-04; 40; 15; 68;0
1.4629448942500e-04; 40; 15; 68;0
1.4631385021900e-04; 40; 15; 68;0
1.4633319913400e-04; 40; 15; 68;0
1.4635255998900e-04; 40; 15; 68;0
1.4637190892900e-04; 40; 15; 68;0
1.4639126991800e-04; 40; 15; 68;0
1.4641061865100e-04; 40; 15; 68;0
1.4642997961300e-04; 40; 15; 68;0
1.4644610285600e-04; 40; 15; 68;0
1.4646546359500e-04; 40; 15; 68;0
1.4648481246500e-04; 40; 15; 68;0
1.4650417335100e-04; 40; 15; 68;0
1.4652352235300e-04; 40; 15; 68;0
1.4654288329400e-04; 40; 15; 68;0
1.4656223209700e-04; 40; 15; 68;0
1.4658159316900e-04; 40; 15; 68;0
1.4660094208100e-04; 40; 15; 68;0
1.4662030300900e-04; 40; 15; 68;0
1.4663965202300e-04; 40; 15; 68;0
1.4665901277800e-04; 40; 15; 68;0
1.4667836162100e-04; 40; 15; 68;0
1.4669772259900e-04; 40; 15; 68;0
1.4671707168200e-04; 40; 15; 68;0
1.4673643250100e-04; 40; 15; 68;0
1.4675578146900e-04; 40; 15; 68;0
1.4677514219400e-04; 40; 15; 68;0
1.4679449108800e-04; 40; 15; 68;0
1.4681385168200e-04; 40; 15; 67;0
1.4683320037800e-04; 40; 15; 67;0
1.4685256108600e-04; 40; 15; 67;0
1.4687190987100e-04; 40; 15; 67;0
1.4689127076000e-04; 40; 15; 68;0
1.4691061983000e-04; 40; 15; 68;0
1.4692998071000e-04; 40; 15; 68;0
1.4694610374500e-04; 40; 15; 68;0
1.4696546457500e-04; 40; 15; 68;0
1.4698481342700e-04; 40; 15; 68;0
1.4700417420100e-04; 40; 15; 68;0
1.4702352312500e-04; 40; 15; 68;0
1.4704288391400e-04; 40; 15; 67;0
1.4706223267000e-04; 40; 15; 67;0
1.4708159319900e-04; 40; 15; 67;0
1.4710094202100e-04; 40; 15; 67;0
1.4712030290400e-04; 40; 15; 68;0
1.4713965193000e-04; 40; 15; 68;0
1.4715901290300e-04; 40; 15; 68;0
1.4717836181500e-04; 40; 15; 68;0
1.4719772263500e-04; 40; 15; 68;0
1.4721707157100e-04; 40; 15; 68;0
1.4723643256300e-04; 40; 15; 68;0
1.4725578157900e-04; 40; 15; 68;0
1.4727514247800e-04; 40; 15; 68;0
1.4729449144600e-04; 40; 15; 68;0
1.4731385234200e-04; 40; 15; 68;0
1.4733320122200e-04; 40; 15; 68;0
1.4735256221000e-04; 40; 15; 68;0
1.4737191121800e-04; 40; 15; 68;0
1.4739127216400e-04; 40; 15; 68;0
1.4741062101900e-04; 40; 15; 68;0
1.4742998202700e-04; 40; 15; 68;0
1.4744610518000e-04; 40; 15; 68;0
1.4746546612800e-04; 40; 15; 68;0
1.4748481499500e-04; 40; 15; 68;0
1.4750417610700e-04; 40; 15; 68;0
1.4752352501000e-04; 40; 15; 68;0
1.4754288588400e-04; 40; 15; 68;0
1.4756223493200e-04; 40; 15; 68;0
1.4758159587000e-04; 40; 15; 68;0
1.4760094477900e-04; 40; 15; 68;0
1.4762030551900e-04; 40; 15; 67;0
1.4763965412800e-04; 40; 15; 67;0
1.4765901490500e-04; 40; 15; 67;0
1.4767836346800e-04; 40; 15; 67;0
1.4769772403000e-04; 40; 15; 67;0
1.4771707266500e-04; 40; 15; 67;0
1.4773643331900e-04; 40; 15; 67;0
1.4775578203900e-04; 40; 15; 67;0
1.4777514269100e-04; 40; 15; 67;0
1.4779449127800e-04; 40; 15; 67;0
1.4781385201400e-04; 40; 15; 67;0
1.4783320079900e-04; 40; 15; 67;0
1.4785256120700e-04; 40; 15; 67;0
1.4787190995500e-04; 40; 15; 67;0
1.4789127069400e-04; 40; 15; 67;0
1.4791061937600e-04; 40; 15; 67;0
1.4792998009900e-04; 40; 15; 67;0
1.4794610295600e-04; 40; 15; 67;0
1.4796546384800e-04; 40; 15; 68;0
1.4798481271600e-04; 40; 15; 68;0
1.4800417377800e-04; 40; 15; 68;0
1.4802352261000e-04; 40; 15; 68;0
1.4804288330700e-04; 40; 15; 67;0
1.4806223192100e-04; 40; 15; 67;0
1.4808159254000e-04; 40; 15; 67;0
1.4810094145800e-04; 40; 15; 67;0
1.4812030233000e-04; 40; 15; 68;0
1.4813965136000e-04; 40; 15; 68;0
1.4815901224000e-04; 40; 15; 68;0
1.4817836103300e-04; 40; 15; 68;0
1.4819772182000e-04; 40; 15; 68;0
1.4821707082500e-04; 40; 15; 68;0
1.4823643179100e-04; 40; 15; 68;0
1.4825578069300e-04; 40; 15; 68;0
1.4827514161000e-04; 40; 15; 68;0
1.4829449042100e-04; 40; 15; 68;0
1.4831385130100e-04; 40; 15; 67;0
1.4833319990600e-04; 40; 15; 67;0
1.4835256059800e-04; 40; 15; 67;0
1.4837190932800e-04; 40; 15; 67;0
1.4839127034400e-04; 40; 15; 68;0
1.4841061939800e-04; 40; 15; 68;0
1.4842998032100e-04; 40; 15; 68;0
1.4844610335400e-04; 40; 15; 68;0
1.4846546430200e-04; 40; 15; 68;0
1.4848481327500e-04; 40; 15; 68;0
1.4850417412900e-04; 40; 15; 68;0
1.4852352302900e-04; 40; 15; 68;0
1.4854288373000e-04; 40; 15; 67;0
1.4856223238800e-04; 40; 15; 67;0
1.4858159300700e-04; 40; 15; 67;0
1.4860094161300e-04; 40; 15; 67;0
1.4862030249500e-04; 40; 15; 68;0
1.4863965148100e-04; 40; 15; 68;0
1.4865901216600e-04; 40; 15; 68;0
1.4867836113000e-04; 40; 15; 68;0
1.4869772207500e-04; 40; 15; 68;0
1.4871707112700e-04; 40; 15; 68;0
1.4873643202700e-04; 40; 15; 68;0
1.4875578081400e-04; 40; 15; 68;0
1.4877514189600e-04; 40; 15; 68;0
1.4879449079200e-04; 40; 15; 68;0
1.4881385144900e-04; 40; 15; 67;0
1.4883320014200e-04; 40; 15; 67;0
1.4885256088000e-04; 40; 15; 67;0
1.4887190944900e-04; 40; 15; 67;0
1.4889127034100e-04; 40; 15; 68;0
1.4891061918000e-04; 40; 15; 68;0
1.4892998005900e-04; 40; 15; 68;0
1.4894610305300e-04; 40; 15; 68;0
1.4896546378900e-04; 40; 15; 67;0
1.4898481250300e-04; 40; 15; 67;0
1.4900417312900e-04; 40; 15; 67;0
1.4902352180100e-04; 40; 15; 67;0
1.4904288255200e-04; 40; 15; 67;0
1.4906223116900e-04; 40; 15; 67;0
1.4908159175200e-04; 40; 15; 67;0
1.4910094030700e-04; 40; 15; 67;0
1.4912030115500e-04; 40; 15; 67;0
1.4913964967100e-04; 40; 15; 67;0
1.4915901033000e-04; 40; 15; 67;0
1.4917835892100e-04; 40; 15; 67;0
1.4919771990300e-04; 40; 15; 68;0
1.4921706866100e-04; 40; 15; 68;0
1.4923642951700e-04; 40; 15; 68;0
1.4925577838300e-04; 40; 15; 68;0
1.4927513926900e-04; 40; 15; 68;0
1.4929448811300e-04; 40; 15; 68;0
1.4931384891500e-04; 40; 15; 68;0
1.4933319785000e-04; 40; 15; 68;0
1.4935255879900e-04; 40; 15; 68;0
1.4937190764500e-04; 40; 15; 68;0
1.4939126857800e-04; 40; 15; 68;0
1.4941061749400e-04; 40; 15; 68;0
1.4942997829400e-04; 40; 15; 68;0
1.4944610144800e-04; 40; 15; 68;0
1.4946546245400e-04; 40; 15; 68;0
1.4948481139500e-04; 40; 15; 68;0
1.4950417250700e-04; 40; 15; 68;0
1.4952352155300e-04; 40; 15; 68;0
1.4954288248500e-04; 40; 15; 68;0
1.4956223156500e-04; 40; 15; 68;0
1.4958159240200e-04; 40; 15; 68;0
1.4960094148400e-04; 40; 15; 68;0
1.4962030247400e-04; 40; 15; 68;0
1.4963965131300e-04; 40; 15; 68;0
1.4965901228500e-04; 40; 15; 68;0
1.4967836113100e-04; 40; 15; 68;0
1.4969772222100e-04; 40; 15; 68;0
1.4971707099900e-04; 40; 15; 68;0
1.4973643192800e-04; 40; 15; 68;0
1.4975578085800e-04; 40; 15; 68;0
1.4977514176500e-04; 40; 15; 68;0
1.4979449062500e-04; 40; 15; 68;0
1.4981385139600e-04; 40; 15; 68;0
1.4983320058700e-04; 40; 15; 68;0
1.4985256150600e-04; 40; 15; 68;0
1.4987191042700e-04; 40; 15; 68;0
1.4989127112100e-04; 40; 15; 68;0
1.4991061982000e-04; 40; 15; 68;0
1.4992998089300e-04; 40; 15; 68;0
1.4994610399200e-04; 40; 15; 68;0
1.4996546485300e-04; 40; 15; 68;0
1.4998481399000e-04; 40; 15; 68;0
1.5000417490100e-04; 40; 15; 68;0
1.5002352387700e-04; 40; 15; 68;0
1.5004288469100e-04; 40; 15; 68;0
1.5006223360600e-04; 40; 15; 68;0
1.5008159449900e-04; 40; 15; 68;0
1.5010094341800e-04; 40; 15; 68;0
1.5012030408500e-04; 40; 15; 67;0
1.5013965289400e-04; 40; 15; 67;0
1.5015901345700e-04; 40; 15; 67;0
1.5017836226600e-04; 40; 15; 67;0
1.5019772289600e-04; 40; 15; 67;0
1.5021707148100e-04; 40; 15; 67;0
1.5023643216400e-04; 40; 15; 67;0
1.5025578066000e-04; 40; 15; 67;0
1.5027514148200e-04; 40; 15; 67;0
1.5029449016900e-04; 40; 15; 67;0
1.5031385089700e-04; 40; 15; 67;0
1.5033319938800e-04; 40; 15; 67;0
1.5035256025700e-04; 40; 15; 67;0
1.5037190895000e-04; 40; 15; 67;0
1.5039126952700e-04; 40; 15; 67;0
1.5041061817500e-04; 40; 15; 67;0
1.5042997895000e-04; 40; 15; 67;0
1.5044610183000e-04; 40; 15; 67;0
1.5046546279300e-04; 40; 15; 68;0
1.5048481163600e-04; 40; 15; 68;0
1.5050417251800e-04; 40; 15; 68;0
1.5052352152100e-04; 40; 15; 68;0
1.5054288209500e-04; 40; 15; 67;0
1.5056223081600e-04; 40; 15; 67;0
1.5058159161900e-04; 40; 15; 67;0
1.5060094018900e-04; 40; 15; 67;0
1.5062030107300e-04; 40; 15; 68;0
1.5063964999900e-04; 40; 15; 68;0
1.5065901104300e-04; 40; 15; 68;0
1.5067835989400e-04; 40; 15; 68;0
1.5069772075600e-04; 40; 15; 68;0
1.5071706961500e-04; 40; 15; 68;0
1.5073643049000e-04; 40; 15; 68;0
1.5075577944700e-04; 40; 15; 68;0
1.5077514034500e-04; 40; 15; 68;0
1.5079448920700e-04; 40; 15; 68;0
1.5081385007400e-04; 40; 15; 67;0
1.5083319885200e-04; 40; 15; 67;0
1.5085255961000e-04; 40; 15; 67;0
1.5087190841700e-04; 40; 15; 67;0
1.5089126929500e-04; 40; 15; 68;0
1.5091061827900e-04; 40; 15; 68;0
1.5092997921400e-04; 40; 15; 68;0
1.5094610226800e-04; 40; 15; 68;0
1.5096546321300e-04; 40; 15; 68;0
1.5098481219700e-04; 40; 15; 68;0
1.5100417316600e-04; 40; 15; 68;0
1.5102352204300e-04; 40; 15; 68;0
1.5104288294900e-04; 40; 15; 68;0
1.5106223169400e-04; 40; 15; 68;0
1.5108159255000e-04; 40; 15; 68;0
1.5110094151200e-04; 40; 15; 68;0
1.5112030244000e-04; 40; 15; 68;0
1.5113965137600e-04; 40; 15; 68;0
1.5115901227900e-04; 40; 15; 68;0
1.5117836117300e-04; 40; 15; 68;0
1.5119772215800e-04; 40; 15; 68;0
1.5121707108600e-04; 40; 15; 68;0
1.5123643188800e-04; 40; 15; 68;0
1.5125578090400e-04; 40; 15; 68;0
1.5127514191200e-04; 40; 15; 68;0
1.5129449079800e-04; 40; 15; 68;0
1.5131385175400e-04; 40; 15; 68;0
1.5133320060000e-04; 40; 15; 68;0
1.5135256151200e-04; 40; 15; 68;0
1.5137191042200e-04; 40; 15; 68;0
1.5139127135500e-04; 40; 15; 68;0
1.5141062036300e-04; 40; 15; 68;0
1.5142998132300e-04; 40; 15; 68;0
1.5144610458800e-04; 40; 15; 68;0
1.5146546542500e-04; 40; 15; 68;0
1.5148481450200e-04; 40; 15; 68;0
1.5150417520200e-04; 40; 15; 68;0
1.5152352413300e-04; 40; 15; 68;0
1.5154288513000e-04; 40; 15; 68;0
1.5156223403700e-04; 40; 15; 68;0
1.5158159481800e-04; 40; 15; 67;0
1.5160094342300e-04; 40; 15; 67;0
1.5162030389000e-04; 40; 15; 67;0
1.5163965266300e-04; 40; 15; 67;0
1.5165901329000e-04; 40; 15; 67;0
1.5167836202400e-04; 40; 15; 67;0
1.5169772267300e-04; 40; 15; 67;0
1.5171707136800e-04; 40; 15; 67;0
1.5173643206000e-04; 40; 15; 67;0
1.5175578076200e-04; 40; 15; 67;0
1.5177514156700e-04; 40; 15; 67;0
1.5179449012600e-04; 40; 15; 67;0
1.5181385088800e-04; 40; 15; 67;0
1.5183319958500e-04; 40; 15; 67;0
1.5185256015700e-04; 40; 15; 67;0
1.5187190890100e-04; 40; 15; 67;0
1.5189126954400e-04; 40; 15; 67;0
1.5191061812500e-04; 40; 15; 67;0
1.5192997879100e-04; 40; 15; 67;0
1.5194610162100e-04; 40; 15; 67;0
1.5196546231200e-04; 40; 15; 67;0
1.5198481092400e-04; 40; 15; 67;0
1.5200417158300e-04; 40; 15; 67;0
1.5202352029200e-04; 40; 15; 67;0
1.5204288087300e-04; 40; 15; 67;0
1.5206222958100e-04; 40; 15; 67;0
1.5208159027100e-04; 40; 15; 67;0
1.5210093878700e-04; 40; 15; 67;0
1.5212029952000e-04; 40; 15; 67;0
1.5213964811500e-04; 40; 15; 67;0
1.5215900901500e-04; 40; 15; 68;0
1.5217835788100e-04; 40; 15; 68;0
1.5219771872900e-04; 40; 15; 68;0
1.5221706766200e-04; 40; 15; 68;0
1.5223642851700e-04; 40; 15; 68;0
1.5225577761200e-04; 40; 15; 68;0
1.5227513808500e-04; 40; 15; 67;0
1.5229448677700e-04; 40; 15; 67;0
1.5231384754700e-04; 40; 15; 67;0
1.5233319622900e-04; 40; 15; 67;0
1.5235255684000e-04; 40; 15; 67;0
1.5237190539200e-04; 40; 15; 67;0
1.5239126637200e-04; 40; 15; 68;0
1.5241061549100e-04; 40; 15; 68;0
1.5242997639100e-04; 40; 15; 68;0
1.5244609952800e-04; 40; 15; 68;0
1.5246546046500e-04; 40; 15; 68;0
1.5248480952300e-04; 40; 15; 68;0
1.5250417030500e-04; 40; 15; 68;0
1.5252351908700e-04; 40; 15; 68;0
1.5254288003400e-04; 40; 15; 68;0
1.5256222887300e-04; 40; 15; 68;0
1.5258158988000e-04; 40; 15; 68;0
1.5260093867000e-04; 40; 15; 68;0
1.5262029959700e-04; 40; 15; 68;0
1.5263964851800e-04; 40; 15; 68;0
1.5265900937500e-04; 40; 15; 68;0
1.5267835827200e-04; 40; 15; 68;0
1.5269771913400e-04; 40; 15; 68;0
1.5271706822000e-04; 40; 15; 68;0
1.5273642901800e-04; 40; 15; 68;0
1.5275577805700e-04; 40; 15; 68;0
1.5277513906600e-04; 40; 15; 68;0
1.5279448801700e-04; 40; 15; 68;0
1.5281384908900e-04; 40; 15; 68;0
1.5283319801200e-04; 40; 15; 68;0
1.5285255887300e-04; 40; 15; 68;0
1.5287190800700e-04; 40; 15; 68;0
1.5289126894700e-04; 40; 15; 68;0
1.5291061795900e-04; 40; 15; 68;0
1.5292997878300e-04; 40; 15; 68;0
1.5294610190100e-04; 40; 15; 68;0
1.5296546279500e-04; 40; 15; 68;0
1.5298481163100e-04; 40; 15; 68;0
1.5300417250700e-04; 40; 15; 68;0
1.5302352142600e-04; 40; 15; 68;0
1.5304288243100e-04; 40; 15; 68;0
1.5306223136800e-04; 40; 15; 68;0
1.5308159226000e-04; 40; 15; 68;0
1.5310094107900e-04; 40; 15; 68;0
1.5312030192300e-04; 40; 15; 68;0
1.5313965089100e-04; 40; 15; 68;0
1.5315901169300e-04; 40; 15; 68;0
1.5317836063200e-04; 40; 15; 68;0
1.5319772139300e-04; 40; 15; 68;0
1.5321707027400e-04; 40; 15; 68;0
1.5323643092800e-04; 40; 15; 67;0
1.5325577954600e-04; 40; 15; 67;0
1.5327514019400e-04; 40; 15; 67;0
1.5329448883700e-04; 40; 15; 67;0
1.5331384964700e-04; 40; 15; 67;0
1.5333319831100e-04; 40; 15; 67;0
1.5335255896900e-04; 40; 15; 67;0
1.5337190760700e-04; 40; 15; 67;0
1.5339126847200e-04; 40; 15; 67;0
1.5341061710700e-04; 40; 15; 67;0
1.5342997768200e-04; 40; 15; 67;0
1.5344610068600e-04; 40; 15; 67;0
1.5346546130100e-04; 40; 15; 67;0
1.5348480991100e-04; 40; 15; 67;0
1.5350417084900e-04; 40; 15; 68;0
1.5352351966800e-04; 40; 15; 68;0
1.5354288026800e-04; 40; 15; 67;0
1.5356222907000e-04; 40; 15; 67;0
1.5358158968100e-04; 40; 15; 67;0
1.5360093838200e-04; 40; 15; 67;0
1.5362029919800e-04; 40; 15; 68;0
1.5363964816300e-04; 40; 15; 68;0
1.5365900907700e-04; 40; 15; 68;0
1.5367835803000e-04; 40; 15; 68;0
1.5369771882000e-04; 40; 15; 68;0
1.5371706777100e-04; 40; 15; 68;0
1.5373642880400e-04; 40; 15; 68;0
1.5375577772200e-04; 40; 15; 68;0
1.5377513847200e-04; 40; 15; 68;0
1.5379448721000e-04; 40; 15; 68;0
1.5381384815100e-04; 40; 15; 68;0
1.5383319716700e-04; 40; 15; 68;0
1.5385255815700e-04; 40; 15; 68;0
1.5387190708600e-04; 40; 15; 68;0
1.5389126802000e-04; 40; 15; 68;0
1.5391061674800e-04; 40; 15; 68;0
1.5392997784200e-04; 40; 15; 68;0
1.5394610085800e-04; 40; 15; 68;0
1.5396546160000e-04; 40; 15; 68;0
1.5398481060300e-04; 40; 15; 68;0
1.5400417156300e-04; 40; 15; 68;0
1.5402352049100e-04; 40; 15; 68;0
1.5404288159400e-04; 40; 15; 68;0
1.5406223036100e-04; 40; 15; 68;0
1.5408159124000e-04; 40; 15; 68;0
1.5410094012300e-04; 40; 15; 68;0
1.5412030121600e-04; 40; 15; 68;0
1.5413965011500e-04; 40; 15; 68;0
1.5415901124700e-04; 40; 15; 68;0
1.5417836010600e-04; 40; 15; 68;0
1.5419772109000e-04; 40; 15; 68;0
1.5421707002300e-04; 40; 15; 68;0
1.5423643090100e-04; 40; 15; 68;0
1.5425577995600e-04; 40; 15; 68;0
1.5427514094000e-04; 40; 15; 68;0
1.5429448981800e-04; 40; 15; 68;0
1.5431385078700e-04; 40; 15; 68;0
1.5433319970100e-04; 40; 15; 68;0
1.5435256051200e-04; 40; 15; 68;0
1.5437190937700e-04; 40; 15; 68;0
1.5439127023800e-04; 40; 15; 68;0
1.5441061914400e-04; 40; 15; 68;0
1.5442998018100e-04; 40; 15; 68;0
1.5444610336700e-04; 40; 15; 68;0
1.5446546426300e-04; 40; 15; 68;0
1.5448481314200e-04; 40; 15; 68;0
1.5450417403800e-04; 40; 15; 68;0
1.5452352279200e-04; 40; 15; 68;0
1.5454288365800e-04; 40; 15; 68;0
1.5456223266500e-04; 40; 15; 68;0
1.5458159358000e-04; 40; 15; 68;0
1.5460094246000e-04; 40; 15; 68;0
1.5462030319300e-04; 40; 15; 67;0
1.5463965183200e-04; 40; 15; 67;0
1.5465901256100e-04; 40; 15; 67;0
1.5467836120600e-04; 40; 15; 67;0
1.5469772187000e-04; 40; 15; 67;0
1.5471707047100e-04; 40; 15; 67;0
1.5473643120200e-04; 40; 15; 67;0
1.5475577981000e-04; 40; 15; 67;0
1.5477514052100e-04; 40; 15; 67;0
1.5479448930000e-04; 40; 15; 67;0
1.5481384986400e-04; 40; 15; 67;0
1.5483319867200e-04; 40; 15; 67;0
1.5485255932400e-04; 40; 15; 67;0
1.5487190792800e-04; 40; 15; 67;0
1.5489126891400e-04; 40; 15; 68;0
1.5491061781800e-04; 40; 15; 68;0
1.5492997874900e-04; 40; 15; 68;0
1.5494610184300e-04; 40; 15; 68;0
1.5496546279200e-04; 40; 15; 68;0
1.5498481169200e-04; 40; 15; 68;0
1.5500417246200e-04; 40; 15; 68;0
1.5502352141200e-04; 40; 15; 68;0
1.5504288234900e-04; 40; 15; 68;0
1.5506223134600e-04; 40; 15; 68;0
1.5508159226000e-04; 40; 15; 68;0
1.5510094110400e-04; 40; 15; 68;0
1.5512030206800e-04; 40; 15; 68;0
1.5513965096200e-04; 40; 15; 68;0
1.5515901180400e-04; 40; 15; 68;0
1.5517836070900e-04; 40; 15; 68;0
1.5519772154600e-04; 40; 15; 68;0
1.5521707046100e-04; 40; 15; 68;0
1.5523643123800e-04; 40; 15; 68;0
1.5525578033900e-04; 40; 15; 68;0
1.5527514113000e-04; 40; 15; 68;0
1.5529449003400e-04; 40; 15; 68;0
1.5531385071000e-04; 40; 15; 67;0
1.5533319953800e-04; 40; 15; 67;0
1.5535256017100e-04; 40; 15; 67;0
1.5537190901200e-04; 40; 15; 67;0
1.5539126978500e-04; 40; 15; 67;0
1.5541061839300e-04; 40; 15; 67;0
1.5542997899500e-04; 40; 15; 67;0
1.5544610177900e-04; 40; 15; 67;0
1.5546546226500e-04; 40; 15; 67;0
1.5548481092200e-04; 40; 15; 67;0
1.5550417180500e-04; 40; 15; 67;0
1.5552352039600e-04; 40; 15; 67;0
1.5554288118300e-04; 40; 15; 67;0
1.5556222987400e-04; 40; 15; 67;0
1.5558159040200e-04; 40; 15; 67;0
1.5560093917300e-04; 40; 15; 67;0
1.5562029984100e-04; 40; 15; 67;0
1.5563964844600e-04; 40; 15; 67;0
1.5565900953000e-04; 40; 15; 68;0
1.5567835840400e-04; 40; 15; 68;0
1.5569771934500e-04; 40; 15; 68;0
1.5571706830800e-04; 40; 15; 68;0
1.5573642932800e-04; 40; 15; 68;0
1.5575577827400e-04; 40; 15; 68;0
1.5577513928200e-04; 40; 15; 68;0
1.5579448816500e-04; 40; 15; 68;0
1.5581384910300e-04; 40; 15; 68;0
1.5583319793000e-04; 40; 15; 68;0
1.5585255880400e-04; 40; 15; 68;0
1.5587190774600e-04; 40; 15; 68;0
1.5589126870000e-04; 40; 15; 68;0
1.5591061765300e-04; 40; 15; 68;0
1.5592997861300e-04; 40; 15; 68;0
1.5594610164900e-04; 40; 15; 68;0
1.5596546256600e-04; 40; 15; 68;0
1.5598481158500e-04; 40; 15; 68;0
1.5600417241200e-04; 40; 15; 68;0
1.5602352137600e-04; 40; 15; 68;0
1.5604288221400e-04; 40; 15; 68;0
1.5606223114400e-04; 40; 15; 68;0
1.5608159208600e-04; 40; 15; 68;0
1.5610094086300e-04; 40; 15; 68;0
1.5612030171100e-04; 40; 15; 68;0
1.5613965065700e-04; 40; 15; 68;0
1.5615901155500e-04; 40; 15; 68;0
1.5617836040000e-04; 40; 15; 68;0
1.5619772139200e-04; 40; 15; 68;0
1.5621707036000e-04; 40; 15; 68;0
1.5623643122900e-04; 40; 15; 68;0
1.5625578013700e-04; 40; 15; 68;0
1.5627514087100e-04; 40; 15; 68;0
1.5629448975400e-04; 40; 15; 68;0
1.5631385068800e-04; 40; 15; 68;0
1.5633319962000e-04; 40; 15; 68;0
1.5635256053900e-04; 40; 15; 68;0
1.5637190947000e-04; 40; 15; 68;0
1.5639127037800e-04; 40; 15; 68;0
1.5641061931700e-04; 40; 15; 68;0
1.5642998006500e-04; 40; 15; 68;0
1.5644610310200e-04; 40; 15; 68;0
1.5646546406100e-04; 40; 15; 68;0
1.5648481295900e-04; 40; 15; 68;0
1.5650417384600e-04; 40; 15; 68;0
1.5652352283900e-04; 40; 15; 68;0
1.5654288375300e-04; 40; 15; 68;0
1.5656223272200e-04; 40; 15; 68;0
1.5658159385600e-04; 40; 15; 68;0
1.5660094270300e-04; 40; 15; 68;0
1.5662030338300e-04; 40; 15; 67;0
1.5663965209300e-04; 40; 15; 67;0
1.5665901266200e-04; 40; 15; 67;0
1.5667836131300e-04; 40; 15; 67;0
1.5669772190900e-04; 40; 15; 67;0
1.5671707039100e-04; 40; 15; 67;0
1.5673643110800e-04; 40; 15; 67;0
1.5675577975400e-04; 40; 15; 67;0
1.5677514055300e-04; 40; 15; 67;0
1.5679448911400e-04; 40; 15; 67;0
1.5681384984100e-04; 40; 15; 67;0
1.5683319844800e-04; 40; 15; 67;0
1.5685255935200e-04; 40; 15; 67;0
1.5687190813500e-04; 40; 15; 67;0
1.5689126875500e-04; 40; 15; 67;0
1.5691061743900e-04; 40; 15; 67;0
1.5692997813300e-04; 40; 15; 67;0
1.5694610095400e-04; 40; 15; 67;0
1.5696546188700e-04; 40; 15; 68;0
1.5698481078100e-04; 40; 15; 68;0
1.5700417187100e-04; 40; 15; 68;0
1.5702352079400e-04; 40; 15; 68;0
1.5704288182900e-04; 40; 15; 68;0
1.5706223074400e-04; 40; 15; 68;0
1.5708159136200e-04; 40; 15; 67;0
1.5710093998000e-04; 40; 15; 67;0
1.5712030084800e-04; 40; 15; 68;0
1.5713964973100e-04; 40; 15; 68;0
1.5715901070600e-04; 40; 15; 68;0
1.5717835970000e-04; 40; 15; 68;0
1.5719772061000e-04; 40; 15; 68;0
1.5721706947400e-04; 40; 15; 68;0
1.5723643040400e-04; 40; 15; 68;0
1.5725577924900e-04; 40; 15; 68;0
1.5727514024000e-04; 40; 15; 68;0
1.5729448927500e-04; 40; 15; 68;0
1.5731385013400e-04; 40; 15; 68;0
1.5733319917200e-04; 40; 15; 68;0
1.5735256006200e-04; 40; 15; 68;0
1.5737190898200e-04; 40; 15; 68;0
1.5739127010000e-04; 40; 15; 68;0
1.5741061890500e-04; 40; 15; 68;0
1.5742997964600e-04; 40; 15; 68;0
1.5744610272400e-04; 40; 15; 68;0
1.5746546369500e-04; 40; 15; 68;0
1.5748481254400e-04; 40; 15; 68;0
1.5750417351800e-04; 40; 15; 68;0
1.5752352237200e-04; 40; 15; 68;0
1.5754288338800e-04; 40; 15; 68;0
1.5756223240500e-04; 40; 15; 68;0
1.5758159328100e-04; 40; 15; 68;0
1.5760094230500e-04; 40; 15; 68;0
1.5762030308300e-04; 40; 15; 68;0
1.5763965187600e-04; 40; 15; 68;0
1.5765901276100e-04; 40; 15; 68;0
1.5767836180300e-04; 40; 15; 68;0
1.5769772277900e-04; 40; 15; 68;0
1.5771707171900e-04; 40; 15; 68;0
1.5773643278400e-04; 40; 15; 68;0
1.5775578170400e-04; 40; 15; 68;0
1.5777514265900e-04; 40; 15; 68;0
1.5779449150100e-04; 40; 15; 68;0
1.5781385238200e-04; 40; 15; 68;0
1.5783320131100e-04; 40; 15; 68;0
1.5785256198600e-04; 40; 15; 68;0
1.5787191089100e-04; 40; 15; 68;0
1.5789127192900e-04; 40; 15; 68;0
1.5791062095700e-04; 40; 15; 68;0
1.5792998177900e-04; 40; 15; 68;0
1.5794610488900e-04; 40; 15; 68;0
1.5796546581500e-04; 40; 15; 68;0
1.5798481470500e-04; 40; 15; 68;0
1.5800417564500e-04; 40; 15; 68;0
1.5802352462500e-04; 40; 15; 68;0
1.5804288555700e-04; 40; 15; 68;0
1.5806223449100e-04; 40; 15; 68;0
1.5808159536700e-04; 40; 15; 68;0
1.5810094432800e-04; 40; 15; 68;0
1.5812030495500e-04; 40; 15; 67;0
1.5813965367000e-04; 40; 15; 67;0
1.5815901417900e-04; 40; 15; 67;0
1.5817836283400e-04; 40; 15; 67;0
1.5819772363700e-04; 40; 15; 67;0
1.5821707226100e-04; 40; 15; 67;0
1.5823643286900e-04; 40; 15; 67;0
1.5825578136800e-04; 40; 15; 67;0
1.5827514204300e-04; 40; 15; 67;0
1.5829449063300e-04; 40; 15; 67;0
1.5831385119500e-04; 40; 15; 67;0
1.5833319989200e-04; 40; 15; 67;0
1.5835256052500e-04; 40; 15; 67;0
1.5837190906800e-04; 40; 15; 67;0
1.5839126959900e-04; 40; 15; 67;0
1.5841061831800e-04; 40; 15; 67;0
1.5842997907000e-04; 40; 15; 67;0
1.5844610200100e-04; 40; 15; 67;0
1.5846546264100e-04; 40; 15; 67;0
1.5848481132900e-04; 40; 15; 67;0
1.5850417185400e-04; 40; 15; 67;0
1.5852352055600e-04; 40; 15; 67;0
1.5854288131500e-04; 40; 15; 67;0
1.5856222989200e-04; 40; 15; 67;0
1.5858159049900e-04; 40; 15; 67;0
1.5860093935700e-04; 40; 15; 67;0
1.5862030007100e-04; 40; 15; 67;0
1.5863964872500e-04; 40; 15; 67;0
1.5865900936000e-04; 40; 15; 67;0
1.5867835817900e-04; 40; 15; 67;0
1.5869771907200e-04; 40; 15; 68;0
1.5871706821600e-04; 40; 15; 68;0
1.5873642897600e-04; 40; 15; 68;0
1.5875577790100e-04; 40; 15; 68;0
1.5877513880400e-04; 40; 15; 68;0
1.5879448768500e-04; 40; 15; 68;0
1.5881384878900e-04; 40; 15; 68;0
1.5883319768900e-04; 40; 15; 68;0
1.5885255862300e-04; 40; 15; 68;0
1.5887190765400e-04; 40; 15; 68;0
1.5889126849600e-04; 40; 15; 68;0
1.5891061736800e-04; 40; 15; 68;0
1.5892997830400e-04; 40; 15; 68;0
1.5894610135800e-04; 40; 15; 68;0
1.5896546234300e-04; 40; 15; 68;0
1.5898481121200e-04; 40; 15; 68;0
1.5900417206900e-04; 40; 15; 68;0
1.5902352103500e-04; 40; 15; 68;0
1.5904288190500e-04; 40; 15; 68;0
1.5906223087600e-04; 40; 15; 68;0
1.5908159172700e-04; 40; 15; 68;0
1.5910094072900e-04; 40; 15; 68;0
1.5912030164900e-04; 40; 15; 68;0
1.5913965063300e-04; 40; 15; 68;0
1.5915901162100e-04; 40; 15; 68;0
1.5917836065500e-04; 40; 15; 68;0
1.5919772151100e-04; 40; 15; 68;0
1.5921707041500e-04; 40; 15; 68;0
1.5923643131500e-04; 40; 15; 68;0
1.5925578028600e-04; 40; 15; 68;0
1.5927514121100e-04; 40; 15; 68;0
1.5929449034900e-04; 40; 15; 68;0
1.5931385082000e-04; 40; 15; 67;0
1.5933319949600e-04; 40; 15; 67;0
1.5935256020000e-04; 40; 15; 67;0
1.5937190895600e-04; 40; 15; 67;0
1.5939126984500e-04; 40; 15; 68;0
1.5941061860100e-04; 40; 15; 68;0
1.5942997949400e-04; 40; 15; 68;0
1.5944610275300e-04; 40; 15; 68;0
1.5946546368300e-04; 40; 15; 68;0
1.5948481251200e-04; 40; 15; 68;0
1.5950417330700e-04; 40; 15; 68;0
1.5952352220200e-04; 40; 15; 68;0
1.5954288269000e-04; 40; 15; 67;0
1.5956223151600e-04; 40; 15; 67;0
1.5958159229300e-04; 40; 15; 67;0
1.5960094071300e-04; 40; 15; 67;0
1.5962030166600e-04; 40; 15; 68;0
1.5963965058000e-04; 40; 15; 68;0
1.5965901126700e-04; 40; 15; 68;0
1.5967836024000e-04; 40; 15; 68;0
1.5969772113400e-04; 40; 15; 68;0
1.5971707019000e-04; 40; 15; 68;0
1.5973643102300e-04; 40; 15; 68;0
1.5975577995100e-04; 40; 15; 68;0
1.5977514085100e-04; 40; 15; 68;0
1.5979448977800e-04; 40; 15; 68;0
1.5981385044500e-04; 40; 15; 67;0
1.5983319908100e-04; 40; 15; 67;0
1.5985255981700e-04; 40; 15; 67;0
1.5987190839000e-04; 40; 15; 67;0
1.5989126922600e-04; 40; 15; 67;0
1.5991061780600e-04; 40; 15; 67;0
1.5992997853700e-04; 40; 15; 67;0
1.5994610141900e-04; 40; 15; 67;0
1.5996546202100e-04; 40; 15; 67;0
1.5998481069600e-04; 40; 15; 67;0
1.6000417121000e-04; 40; 15; 67;0
1.6002351993100e-04; 40; 15; 67;0
1.6004288051900e-04; 40; 15; 67;0
1.6006222921900e-04; 40; 15; 67;0
1.6008158989100e-04; 40; 15; 67;0
1.6010093863100e-04; 40; 15; 67;0
1.6012029922600e-04; 40; 15; 67;0
1.6013964791700e-04; 40; 15; 67;0
1.6015900886100e-04; 40; 15; 68;0
1.6017835769200e-04; 40; 15; 68;0
1.6019771872300e-04; 40; 15; 68;0
1.6021706760300e-04; 40; 15; 68;0
1.6023642853600e-04; 40; 15; 68;0
1.6025577748400e-04; 40; 15; 68;0
1.6027513837900e-04; 40; 15; 68;0
1.6029448732100e-04; 40; 15; 68;0
1.6031384841000e-04; 40; 15; 68;0
1.6033319735400e-04; 40; 15; 68;0
1.6035255810000e-04; 40; 15; 68;0
1.6037190718700e-04; 40; 15; 68;0
1.6039126801600e-04; 40; 15; 68;0
1.6041061683800e-04; 40; 15; 68;0
1.6042997780200e-04; 40; 15; 68;0
1.6044610099200e-04; 40; 15; 68;0
1.6046546192300e-04; 40; 15; 68;0
1.6048481068000e-04; 40; 15; 68;0
1.6050417163200e-04; 40; 15; 68;0
1.6052352041600e-04; 40; 15; 68;0
1.6054288122200e-04; 40; 15; 68;0
1.6056223022100e-04; 40; 15; 68;0
1.6058159115500e-04; 40; 15; 68;0
1.6060094007200e-04; 40; 15; 68;0
1.6062030096000e-04; 40; 15; 68;0
1.6063964987200e-04; 40; 15; 68;0
1.6065901079800e-04; 40; 15; 68;0
1.6067835962400e-04; 40; 15; 68;0
1.6069772048100e-04; 40; 15; 68;0
1.6071706947500e-04; 40; 15; 68;0
1.6073643021700e-04; 40; 15; 68;0
1.6075577929500e-04; 40; 15; 68;0
1.6077514018300e-04; 40; 15; 68;0
1.6079448914200e-04; 40; 15; 68;0
1.6081385017600e-04; 40; 15; 68;0
1.6083319906700e-04; 40; 15; 68;0
1.6085256003800e-04; 40; 15; 68;0
1.6087190896200e-04; 40; 15; 68;0
1.6089126981700e-04; 40; 15; 68;0
1.6091061891700e-04; 40; 15; 68;0
1.6092997981700e-04; 40; 15; 68;0
1.6094610289300e-04; 40; 15; 68;0
1.6096546389900e-04; 40; 15; 68;0
1.6098481279400e-04; 40; 15; 68;0
1.6100417365100e-04; 40; 15; 68;0
1.6102352285000e-04; 40; 15; 68;0
1.6104288368000e-04; 40; 15; 68;0
1.6106223263000e-04; 40; 15; 68;0
1.6108159350400e-04; 40; 15; 68;0
1.6110094228300e-04; 40; 15; 68;0
1.6112030335700e-04; 40; 15; 68;0
1.6113965218000e-04; 40; 15; 68;0
1.6115901304800e-04; 40; 15; 68;0
1.6117836188800e-04; 40; 15; 68;0
1.6119772279400e-04; 40; 15; 68;0
1.6121707165000e-04; 40; 15; 68;0
1.6123643248800e-04; 40; 15; 68;0
1.6125578151200e-04; 40; 15; 68;0
1.6127514212600e-04; 40; 15; 67;0
1.6129449068000e-04; 40; 15; 67;0
1.6131385117400e-04; 40; 15; 67;0
1.6133319994000e-04; 40; 15; 67;0
1.6135256069000e-04; 40; 15; 67;0
1.6137190938500e-04; 40; 15; 67;0
1.6139127009200e-04; 40; 15; 67;0
1.6141061877900e-04; 40; 15; 67;0
1.6142997938400e-04; 40; 15; 67;0
1.6144610234300e-04; 40; 15; 67;0
1.6146546312000e-04; 40; 15; 67;0
1.6148481181500e-04; 40; 15; 67;0
1.6150417264600e-04; 40; 15; 68;0
1.6152352159100e-04; 40; 15; 68;0
1.6154288241100e-04; 40; 15; 67;0
1.6156223100900e-04; 40; 15; 67;0
1.6158159155700e-04; 40; 15; 67;0
1.6160094046600e-04; 40; 15; 67;0
1.6162030140400e-04; 40; 15; 68;0
1.6163965033600e-04; 40; 15; 68;0
1.6165901123700e-04; 40; 15; 68;0
1.6167836025100e-04; 40; 15; 68;0
1.6169772128300e-04; 40; 15; 68;0
1.6171707022400e-04; 40; 15; 68;0
1.6173643109200e-04; 40; 15; 68;0
1.6175578002600e-04; 40; 15; 68;0
1.6177514077300e-04; 40; 15; 68;0
1.6179448975600e-04; 40; 15; 68;0
1.6181385044400e-04; 40; 15; 67;0
1.6183319902000e-04; 40; 15; 67;0
1.6185255972800e-04; 40; 15; 67;0
1.6187190839100e-04; 40; 15; 67;0
1.6189126913100e-04; 40; 15; 68;0
1.6191061814500e-04; 40; 15; 68;0
1.6192997902800e-04; 40; 15; 68;0
1.6194610212500e-04; 40; 15; 68;0
1.6196546309300e-04; 40; 15; 68;0
1.6198481204800e-04; 40; 15; 68;0
1.6200417294400e-04; 40; 15; 68;0
1.6202352165700e-04; 40; 15; 68;0
1.6204288263900e-04; 40; 15; 68;0
1.6206223152700e-04; 40; 15; 68;0
1.6208159215300e-04; 40; 15; 67;0
1.6210094081900e-04; 40; 15; 67;0
1.6212030174100e-04; 40; 15; 68;0
1.6213965069000e-04; 40; 15; 68;0
1.6215901157400e-04; 40; 15; 68;0
1.6217836049200e-04; 40; 15; 68;0
1.6219772144700e-04; 40; 15; 68;0
1.6221707046700e-04; 40; 15; 68;0
1.6223643137100e-04; 40; 15; 68;0
1.6225578037700e-04; 40; 15; 68;0
1.6227514126600e-04; 40; 15; 68;0
1.6229449023500e-04; 40; 15; 68;0
1.6231385124600e-04; 40; 15; 68;0
1.6233320013400e-04; 40; 15; 68;0
1.6235256115600e-04; 40; 15; 68;0
1.6237190989200e-04; 40; 15; 68;0
1.6239127062700e-04; 40; 15; 68;0
1.6241061961000e-04; 40; 15; 68;0
1.6242998060300e-04; 40; 15; 68;0
1.6244610385100e-04; 40; 15; 68;0
1.6246546479500e-04; 40; 15; 68;0
1.6248481375400e-04; 40; 15; 68;0
1.6250417468500e-04; 40; 15; 68;0
1.6252352358500e-04; 40; 15; 68;0
1.6254288449400e-04; 40; 15; 68;0
1.6256223342500e-04; 40; 15; 68;0
1.6258159433800e-04; 40; 15; 68;0
1.6260094326200e-04; 40; 15; 68;0
1.6262030411800e-04; 40; 15; 67;0
1.6263965284400e-04; 40; 15; 67;0
1.6265901352200e-04; 40; 15; 67;0
1.6267836216900e-04; 40; 15; 67;0
1.6269772280500e-04; 40; 15; 67;0
1.6271707136000e-04; 40; 15; 67;0
1.6273643201200e-04; 40; 15; 67;0
1.6275578073100e-04; 40; 15; 67;0
1.6277514146800e-04; 40; 15; 67;0
1.6279449003600e-04; 40; 15; 67;0
1.6281385074900e-04; 40; 15; 67;0
1.6283319943900e-04; 40; 15; 67;0
1.6285256020800e-04; 40; 15; 67;0
1.6287190885200e-04; 40; 15; 67;0
1.6289126936200e-04; 40; 15; 67;0
1.6291061800700e-04; 40; 15; 67;0
1.6292997857200e-04; 40; 15; 67;0
1.6294610150500e-04; 40; 15; 67;0
1.6296546248300e-04; 40; 15; 68;0
1.6298481132600e-04; 40; 15; 68;0
1.6300417241800e-04; 40; 15; 68;0
1.6302352127100e-04; 40; 15; 68;0
1.6304288204800e-04; 40; 15; 67;0
1.6306223053400e-04; 40; 15; 67;0
1.6308159117800e-04; 40; 15; 67;0
1.6310093998500e-04; 40; 15; 67;0
1.6312030074800e-04; 40; 15; 68;0
1.6313964967800e-04; 40; 15; 68;0
1.6315901057600e-04; 40; 15; 68;0
1.6317835952000e-04; 40; 15; 68;0
1.6319772040600e-04; 40; 15; 68;0
1.6321706949000e-04; 40; 15; 68;0
1.6323643042600e-04; 40; 15; 68;0
1.6325577935600e-04; 40; 15; 68;0
1.6327514030100e-04; 40; 15; 68;0
1.6329448928700e-04; 40; 15; 68;0
1.6331385023600e-04; 40; 15; 68;0
1.6333319907500e-04; 40; 15; 68;0
1.6335255999300e-04; 40; 15; 68;0
1.6337190898200e-04; 40; 15; 68;0
1.6339126974300e-04; 40; 15; 68;0
1.6341061854200e-04; 40; 15; 68;0
1.6342997943900e-04; 40; 15; 68;0
1.6344610246400e-04; 40; 15; 68;0
1.6346546338400e-04; 40; 15; 68;0
1.6348481215300e-04; 40; 15; 68;0
1.6350417307300e-04; 40; 15; 68;0
1.6352352182400e-04; 40; 15; 68;0
1.6354288278700e-04; 40; 15; 68;0
1.6356223168300e-04; 40; 15; 68;0
1.6358159261500e-04; 40; 15; 68;0
1.6360094148700e-04; 40; 15; 68;0
1.6362030233600e-04; 40; 15; 68;0
1.6363965119100e-04; 40; 15; 68;0
1.6365901207100e-04; 40; 15; 68;0
1.6367836111300e-04; 40; 15; 68;0
1.6369772201500e-04; 40; 15; 68;0
1.6371707083400e-04; 40; 15; 68;0
1.6373643169200e-04; 40; 15; 68;0
1.6375578070200e-04; 40; 15; 68;0
1.6377514140400e-04; 40; 15; 68;0
1.6379449020500e-04; 40; 15; 68;0
1.6381385097100e-04; 40; 15; 68;0
1.6383319979700e-04; 40; 15; 68;0
1.6385256079300e-04; 40; 15; 68;0
1.6387190972700e-04; 40; 15; 68;0
1.6389127052000e-04; 40; 15; 68;0
1.6391061950300e-04; 40; 15; 68;0
1.6392998035500e-04; 40; 15; 68;0
1.6394610336700e-04; 40; 15; 68;0
1.6396546431900e-04; 40; 15; 68;0
1.6398481350400e-04; 40; 15; 68;0
1.6400417419900e-04; 40; 15; 68;0
1.6402352329100e-04; 40; 15; 68;0
1.6404288406400e-04; 40; 15; 68;0
1.6406223320600e-04; 40; 15; 68;0
1.6408159422700e-04; 40; 15; 68;0
1.6410094306200e-04; 40; 15; 68;0
1.6412030383900e-04; 40; 15; 68;0
1.6413965272000e-04; 40; 15; 68;0
1.6415901371000e-04; 40; 15; 68;0
1.6417836266700e-04; 40; 15; 68;0
1.6419772353600e-04; 40; 15; 68;0
1.6421707260200e-04; 40; 15; 68;0
1.6423643354500e-04; 40; 15; 68;0
1.6425578249400e-04; 40; 15; 68;0
1.6427514320100e-04; 40; 15; 68;0
1.6429449227000e-04; 40; 15; 68;0
1.6431385271200e-04; 40; 15; 67;0
1.6433320137900e-04; 40; 15; 67;0
1.6435256208900e-04; 40; 15; 67;0
1.6437191063500e-04; 40; 15; 67;0
1.6439127165800e-04; 40; 15; 68;0
1.6441062060000e-04; 40; 15; 68;0
1.6442998146300e-04; 40; 15; 68;0
1.6444610459400e-04; 40; 15; 68;0
1.6446546574400e-04; 40; 15; 68;0
1.6448481469200e-04; 40; 15; 68;0
1.6450417548500e-04; 40; 15; 68;0
1.6452352436300e-04; 40; 15; 68;0
1.6454288528800e-04; 40; 15; 68;0
1.6456223416500e-04; 40; 15; 68;0
1.6458159474000e-04; 40; 15; 67;0
1.6460094353400e-04; 40; 15; 67;0
1.6462030422400e-04; 40; 15; 67;0
1.6463965283700e-04; 40; 15; 67;0
1.6465901351800e-04; 40; 15; 67;0
1.6467836214000e-04; 40; 15; 67;0
1.6469772278100e-04; 40; 15; 67;0
1.6471707140800e-04; 40; 15; 67;0
1.6473643217400e-04; 40; 15; 67;0
1.6475578075800e-04; 40; 15; 67;0
1.6477514148700e-04; 40; 15; 67;0
1.6479449002800e-04; 40; 15; 67;0
1.6481385055100e-04; 40; 15; 67;0
1.6483319933600e-04; 40; 15; 67;0
1.6485255993600e-04; 40; 15; 67;0
1.6487190876100e-04; 40; 15; 67;0
1.6489126953400e-04; 40; 15; 67;0
1.6491061835600e-04; 40; 15; 67;0
1.6492997914000e-04; 40; 15; 67;0
1.6494610212100e-04; 40; 15; 67;0
1.6496546266300e-04; 40; 15; 67;0
1.6498481125100e-04; 40; 15; 67;0
1.6500417196000e-04; 40; 15; 67;0
1.6502352066100e-04; 40; 15; 67;0
1.6504288126200e-04; 40; 15; 67;0
1.6506222992000e-04; 40; 15; 67;0
1.6508159059900e-04; 40; 15; 67;0
1.6510093923500e-04; 40; 15; 67;0
1.6512029986600e-04; 40; 15; 67;0
1.6513964844800e-04; 40; 15; 67;0
1.6515900916000e-04; 40; 15; 67;0
1.6517835780100e-04; 40; 15; 67;0
1.6519771884900e-04; 40; 15; 68;0
1.6521706768100e-04; 40; 15; 68;0
1.6523642863400e-04; 40; 15; 68;0
1.6525577748500e-04; 40; 15; 68;0
1.6527513839100e-04; 40; 15; 68;0
1.6529448739500e-04; 40; 15; 68;0
1.6531384836400e-04; 40; 15; 68;0
1.6533319730500e-04; 40; 15; 68;0
1.6535255816700e-04; 40; 15; 68;0
1.6537190710000e-04; 40; 15; 68;0
1.6539126800300e-04; 40; 15; 68;0
1.6541061702000e-04; 40; 15; 68;0
1.6542997790200e-04; 40; 15; 68;0
1.6544610114800e-04; 40; 15; 68;0
1.6546546202900e-04; 40; 15; 68;0
1.6548481081000e-04; 40; 15; 68;0
1.6550417172800e-04; 40; 15; 68;0
1.6552352061800e-04; 40; 15; 68;0
1.6554288141700e-04; 40; 15; 68;0
1.6556223032800e-04; 40; 15; 68;0
1.6558159111700e-04; 40; 15; 68;0
1.6560094008800e-04; 40; 15; 68;0
1.6562030117800e-04; 40; 15; 68;0
1.6563965001500e-04; 40; 15; 68;0
1.6565901096200e-04; 40; 15; 68;0
1.6567835996100e-04; 40; 15; 68;0
1.6569772093200e-04; 40; 15; 68;0
1.6571706995200e-04; 40; 15; 68;0
1.6573643076000e-04; 40; 15; 68;0
1.6575577953600e-04; 40; 15; 68;0
1.6577514041800e-04; 40; 15; 68;0
1.6579448945800e-04; 40; 15; 68;0
1.6581385026600e-04; 40; 15; 68;0
1.6583319915300e-04; 40; 15; 68;0
1.6585256016400e-04; 40; 15; 68;0
1.6587190912000e-04; 40; 15; 68;0
1.6589126992700e-04; 40; 15; 68;0
1.6591061870000e-04; 40; 15; 68;0
1.6592997953600e-04; 40; 15; 68;0
1.6594610260900e-04; 40; 15; 68;0
1.6596546373500e-04; 40; 15; 68;0
1.6598481254800e-04; 40; 15; 68;0
1.6600417331500e-04; 40; 15; 68;0
1.6602352221500e-04; 40; 15; 68;0
1.6604288313400e-04; 40; 15; 68;0
1.6606223205100e-04; 40; 15; 68;0
1.6608159289400e-04; 40; 15; 68;0
1.6610094174900e-04; 40; 15; 68;0
1.6612030270000e-04; 40; 15; 68;0
1.6613965156100e-04; 40; 15; 68;0
1.6615901241700e-04; 40; 15; 68;0
1.6617836117600e-04; 40; 15; 68;0
1.6619772213500e-04; 40; 15; 68;0
1.6621707096500e-04; 40; 15; 68;0
1.6623643182600e-04; 40; 15; 68;0
1.6625578088900e-04; 40; 15; 68;0
1.6627514166300e-04; 40; 15; 68;0
1.6629449055600e-04; 40; 15; 68;0
1.6631385155300e-04; 40; 15; 68;0
1.6633320050700e-04; 40; 15; 68;0
1.6635256139500e-04; 40; 15; 68;0
1.6637191023700e-04; 40; 15; 68;0
1.6639127114700e-04; 40; 15; 68;0
1.6641061992800e-04; 40; 15; 68;0
1.6642998067400e-04; 40; 15; 67;0
1.6644610372900e-04; 40; 15; 67;0
1.6646546429800e-04; 40; 15; 67;0
1.6648481308500e-04; 40; 15; 67;0
1.6650417370000e-04; 40; 15; 67;0
1.6652352230500e-04; 40; 15; 67;0
1.6654288292900e-04; 40; 15; 67;0
1.6656223174200e-04; 40; 15; 67;0
1.6658159238300e-04; 40; 15; 67;0
1.6660094115200e-04; 40; 15; 67;0
1.6662030184100e-04; 40; 15; 67;0
1.6663965059600e-04; 40; 15; 67;0
1.6665901148100e-04; 40; 15; 68;0
1.6667836057800e-04; 40; 15; 68;0
1.6669772152000e-04; 40; 15; 68;0
1.6671707040800e-04; 40; 15; 68;0
1.6673643129600e-04; 40; 15; 68;0
1.6675578024700e-04; 40; 15; 68;0
1.6677514124400e-04; 40; 15; 68;0
1.6679449029000e-04; 40; 15; 68;0
1.6681385101300e-04; 40; 15; 68;0
1.6683320008900e-04; 40; 15; 68;0
1.6685256087100e-04; 40; 15; 68;0
1.6687190966400e-04; 40; 15; 68;0
1.6689127072600e-04; 40; 15; 68;0
1.6691061966900e-04; 40; 15; 68;0
1.6692998070600e-04; 40; 15; 68;0
1.6694610377000e-04; 40; 15; 68;0
1.6696546459600e-04; 40; 15; 68;0
1.6698481352400e-04; 40; 15; 68;0
1.6700417449500e-04; 40; 15; 68;0
1.6702352344400e-04; 40; 15; 68;0
1.6704288445900e-04; 40; 15; 68;0
1.6706223330600e-04; 40; 15; 68;0
1.6708159425900e-04; 40; 15; 68;0
1.6710094334700e-04; 40; 15; 68;0
1.6712030419700e-04; 40; 15; 68;0
1.6713965309500e-04; 40; 15; 68;0
1.6715901406900e-04; 40; 15; 68;0
1.6717836310400e-04; 40; 15; 68;0
1.6719772402300e-04; 40; 15; 68;0
1.6721707289600e-04; 40; 15; 68;0
1.6723643386700e-04; 40; 15; 68;0
1.6725578278100e-04; 40; 15; 68;0
1.6727514362300e-04; 40; 15; 68;0
1.6729449256100e-04; 40; 15; 68;0
1.6731385343800e-04; 40; 15; 67;0
1.6733320204900e-04; 40; 15; 67;0
1.6735256288200e-04; 40; 15; 67;0
1.6737191157300e-04; 40; 15; 67;0
1.6739127225400e-04; 40; 15; 67;0
1.6741062085600e-04; 40; 15; 67;0
1.6742998145700e-04; 40; 15; 67;0
1.6744610429000e-04; 40; 15; 67;0
1.6746546487200e-04; 40; 15; 67;0
1.6748481347300e-04; 40; 15; 67;0
1.6750417420500e-04; 40; 15; 67;0
1.6752352280300e-04; 40; 15; 67;0
1.6754288349600e-04; 40; 15; 67;0
1.6756223206100e-04; 40; 15; 67;0
1.6758159273400e-04; 40; 15; 67;0
1.6760094142700e-04; 40; 15; 67;0
1.6762030208400e-04; 40; 15; 67;0
1.6763965074300e-04; 40; 15; 67;0
1.6765901159800e-04; 40; 15; 68;0
1.6767836039700e-04; 40; 15; 68;0
1.6769772132500e-04; 40; 15; 68;0
1.6771707045700e-04; 40; 15; 68;0
1.6773643128200e-04; 40; 15; 68;0
1.6775578032200e-04; 40; 15; 68;0
1.6777514092300e-04; 40; 15; 67;0
1.6779448969500e-04; 40; 15; 67;0
1.6781385042000e-04; 40; 15; 67;0
1.6783319909800e-04; 40; 15; 67;0
1.6785255976400e-04; 40; 15; 67;0
1.6787190825600e-04; 40; 15; 67;0
1.6789126923000e-04; 40; 15; 68;0
1.6791061813400e-04; 40; 15; 68;0
1.6792997916900e-04; 40; 15; 68;0
1.6794610222900e-04; 40; 15; 68;0
1.6796546303900e-04; 40; 15; 68;0
1.6798481194600e-04; 40; 15; 68;0
1.6800417279400e-04; 40; 15; 68;0
1.6802352171100e-04; 40; 15; 68;0
1.6804288268200e-04; 40; 15; 68;0
1.6806223166600e-04; 40; 15; 68;0
1.6808159267100e-04; 40; 15; 68;0
1.6810094147100e-04; 40; 15; 68;0
1.6812030249900e-04; 40; 15; 68;0
1.6813965129600e-04; 40; 15; 68;0
1.6815901221100e-04; 40; 15; 68;0
1.6817836115500e-04; 40; 15; 68;0
1.6819772200500e-04; 40; 15; 68;0
1.6821707087600e-04; 40; 15; 68;0
1.6823643182900e-04; 40; 15; 68;0
1.6825578068900e-04; 40; 15; 68;0
1.6827514159200e-04; 40; 15; 68;0
1.6829449047400e-04; 40; 15; 68;0
1.6831385138100e-04; 40; 15; 68;0
1.6833320033800e-04; 40; 15; 68;0
1.6835256117400e-04; 40; 15; 68;0
1.6837191015700e-04; 40; 15; 68;0
1.6839127117200e-04; 40; 15; 68;0
1.6841062006900e-04; 40; 15; 68;0
1.6842998103100e-04; 40; 15; 68;0
1.6844610409500e-04; 40; 15; 68;0
1.6846546508000e-04; 40; 15; 68;0
1.6848481394300e-04; 40; 15; 68;0
1.6850417512100e-04; 40; 15; 68;0
1.6852352399500e-04; 40; 15; 68;0
1.6854288494700e-04; 40; 15; 68;0
1.6856223403000e-04; 40; 15; 68;0
1.6858159495100e-04; 40; 15; 68;0
1.6860094391800e-04; 40; 15; 68;0
1.6862030460000e-04; 40; 15; 67;0
1.6863965316700e-04; 40; 15; 67;0
1.6865901387000e-04; 40; 15; 67;0
1.6867836247400e-04; 40; 15; 67;0
1.6869772302800e-04; 40; 15; 67;0
1.6871707170500e-04; 40; 15; 67;0
1.6873643262400e-04; 40; 15; 67;0
1.6875578131700e-04; 40; 15; 67;0
1.6877514178100e-04; 40; 15; 67;0
1.6879449057400e-04; 40; 15; 67;0
1.6881385116600e-04; 40; 15; 67;0
1.6883319973800e-04; 40; 15; 67;0
1.6885256050600e-04; 40; 15; 67;0
1.6887190925900e-04; 40; 15; 67;0
1.6889127006700e-04; 40; 15; 67;0
1.6891061877500e-04; 40; 15; 67;0
1.6892997954500e-04; 40; 15; 67;0
1.6894610241700e-04; 40; 15; 67;0
1.6896546310700e-04; 40; 15; 67;0
1.6898481185500e-04; 40; 15; 67;0
1.6900417240700e-04; 40; 15; 67;0
1.6902352113800e-04; 40; 15; 67;0
1.6904288177200e-04; 40; 15; 67;0
1.6906223045200e-04; 40; 15; 67;0
1.6908159119200e-04; 40; 15; 67;0
1.6910093974500e-04; 40; 15; 67;0
1.6912030034000e-04; 40; 15; 67;0
1.6913964889000e-04; 40; 15; 67;0
1.6915900966500e-04; 40; 15; 68;0
1.6917835863300e-04; 40; 15; 68;0
1.6919771939300e-04; 40; 15; 68;0
1.6921706840000e-04; 40; 15; 68;0
1.6923642934800e-04; 40; 15; 68;0
1.6925577816300e-04; 40; 15; 68;0
1.6927513900500e-04; 40; 15; 68;0
1.6929448796200e-04; 40; 15; 68;0
1.6931384893300e-04; 40; 15; 68;0
1.6933319782100e-04; 40; 15; 68;0
1.6935255874300e-04; 40; 15; 68;0
1.6937190778600e-04; 40; 15; 68;0
1.6939126874300e-04; 40; 15; 68;0
1.6941061763000e-04; 40; 15; 68;0
1.6942997856300e-04; 40; 15; 68;0
1.6944610163500e-04; 40; 15; 68;0
1.6946546253000e-04; 40; 15; 68;0
1.6948481138700e-04; 40; 15; 68;0
1.6950417227500e-04; 40; 15; 68;0
1.6952352133100e-04; 40; 15; 68;0
1.6954288213900e-04; 40; 15; 68;0
1.6956223117500e-04; 40; 15; 68;0
1.6958159199700e-04; 40; 15; 68;0
1.6960094087600e-04; 40; 15; 68;0
1.6962030168200e-04; 40; 15; 68;0
1.6963965067900e-04; 40; 15; 68;0
1.6965901159000e-04; 40; 15; 68;0
1.6967836056100e-04; 40; 15; 68;0
1.6969772157600e-04; 40; 15; 68;0
1.6971707049400e-04; 40; 15; 68;0
1.6973643130600e-04; 40; 15; 68;0
1.6975578012700e-04; 40; 15; 68;0
1.6977514106300e-04; 40; 15; 68;0
1.6979448988900e-04; 40; 15; 68;0
1.6981385083400e-04; 40; 15; 68;0
1.6983319964500e-04; 40; 15; 68;0
1.6985256059200e-04; 40; 15; 68;0
1.6987190961900e-04; 40; 15; 68;0
1.6989127052000e-04; 40; 15; 68;0
1.6991061940100e-04; 40; 15; 68;0
1.6992998014000e-04; 40; 15; 68;0
1.6994610329700e-04; 40; 15; 68;0
1.6996546399500e-04; 40; 15; 68;0
1.6998481295700e-04; 40; 15; 68;0
1.7000417390100e-04; 40; 15; 68;0
1.7002352290100e-04; 40; 15; 68;0
1.7004288371800e-04; 40; 15; 68;0
1.7006223258700e-04; 40; 15; 68;0
1.7008159359600e-04; 40; 15; 68;0
1.7010094240500e-04; 40; 15; 68;0
1.7012030332100e-04; 40; 15; 68;0
1.7013965224100e-04; 40; 15; 68;0
1.7015901334000e-04; 40; 15; 68;0
1.7017836222300e-04; 40; 15; 68;0
1.7019772329500e-04; 40; 15; 68;0
1.7021707216100e-04; 40; 15; 68;0
1.7023643311600e-04; 40; 15; 68;0
1.7025578204000e-04; 40; 15; 68;0
1.7027514260000e-04; 40; 15; 67;0
1.7029449137100e-04; 40; 15; 67;0
1.7031385209200e-04; 40; 15; 67;0
1.7033320066900e-04; 40; 15; 67;0
1.7035256127700e-04; 40; 15; 67;0
1.7037190994600e-04; 40; 15; 67;0
1.7039127085300e-04; 40; 15; 68;0
1.7041061976300e-04; 40; 15; 68;0
1.7042998066500e-04; 40; 15; 68;0
1.7044610371000e-04; 40; 15; 68;0
1.7046546451800e-04; 40; 15; 68;0
1.7048481340200e-04; 40; 15; 68;0
1.7050417450700e-04; 40; 15; 68;0
1.7052352344400e-04; 40; 15; 68;0
1.7054288419200e-04; 40; 15; 67;0
1.7056223281300e-04; 40; 15; 67;0
1.7058159349600e-04; 40; 15; 67;0
1.7060094211100e-04; 40; 15; 67;0
1.7062030307800e-04; 40; 15; 68;0
1.7063965204800e-04; 40; 15; 68;0
1.7065901295600e-04; 40; 15; 68;0
1.7067836192600e-04; 40; 15; 68;0
1.7069772282200e-04; 40; 15; 68;0
1.7071707180600e-04; 40; 15; 68;0
1.7073643259500e-04; 40; 15; 68;0
1.7075578168200e-04; 40; 15; 68;0
1.7077514217700e-04; 40; 15; 67;0
1.7079449094300e-04; 40; 15; 67;0
1.7081385152200e-04; 40; 15; 67;0
1.7083320025700e-04; 40; 15; 67;0
1.7085256091400e-04; 40; 15; 67;0
1.7087190961800e-04; 40; 15; 67;0
1.7089127025000e-04; 40; 15; 67;0
1.7091061883900e-04; 40; 15; 67;0
1.7092997950800e-04; 40; 15; 67;0
1.7094610245000e-04; 40; 15; 67;0
1.7096546303600e-04; 40; 15; 67;0
1.7098481185600e-04; 40; 15; 67;0
1.7100417249000e-04; 40; 15; 67;0
1.7102352122200e-04; 40; 15; 67;0
1.7104288184000e-04; 40; 15; 67;0
1.7106223050000e-04; 40; 15; 67;0
1.7108159110900e-04; 40; 15; 67;0
1.7110093968100e-04; 40; 15; 67;0
1.7112030041300e-04; 40; 15; 67;0
1.7113964919500e-04; 40; 15; 67;0
1.7115900999300e-04; 40; 15; 68;0
1.7117835889400e-04; 40; 15; 68;0
1.7119771986200e-04; 40; 15; 68;0
1.7121706878200e-04; 40; 15; 68;0
1.7123642965200e-04; 40; 15; 68;0
1.7125577840000e-04; 40; 15; 68;0
1.7127513918800e-04; 40; 15; 68;0
1.7129448815900e-04; 40; 15; 68;0
1.7131384914800e-04; 40; 15; 68;0
1.7133319795600e-04; 40; 15; 68;0
1.7135255884200e-04; 40; 15; 68;0
1.7137190784300e-04; 40; 15; 68;0
1.7139126876600e-04; 40; 15; 68;0
1.7141061767100e-04; 40; 15; 68;0
1.7142997861200e-04; 40; 15; 68;0
1.7144610158500e-04; 40; 15; 68;0
1.7146546254800e-04; 40; 15; 68;0
1.7148481153800e-04; 40; 15; 68;0
1.7150417239400e-04; 40; 15; 68;0
1.7152352134700e-04; 40; 15; 68;0
1.7154288237700e-04; 40; 15; 68;0
1.7156223105000e-04; 40; 15; 68;0
1.7158159197700e-04; 40; 15; 68;0
1.7160094091600e-04; 40; 15; 68;0
1.7162030164400e-04; 40; 15; 68;0
1.7163965053000e-04; 40; 15; 68;0
1.7165901132700e-04; 40; 15; 68;0
1.7167836022800e-04; 40; 15; 68;0
1.7169772127900e-04; 40; 15; 68;0
1.7171707024600e-04; 40; 15; 68;0
1.7173643123800e-04; 40; 15; 68;0
1.7175578023400e-04; 40; 15; 68;0
1.7177514102600e-04; 40; 15; 68;0
1.7179449004900e-04; 40; 15; 68;0
1.7181385099200e-04; 40; 15; 68;0
1.7183319988700e-04; 40; 15; 68;0
1.7185256095100e-04; 40; 15; 68;0
1.7187190999900e-04; 40; 15; 68;0
1.7189127079500e-04; 40; 15; 68;0
1.7191061981500e-04; 40; 15; 68;0
1.7192998064100e-04; 40; 15; 68;0
1.7194610375100e-04; 40; 15; 68;0
1.7196546456800e-04; 40; 15; 68;0
1.7198481354500e-04; 40; 15; 68;0
1.7200417432300e-04; 40; 15; 68;0
1.7202352331700e-04; 40; 15; 68;0
1.7204288421400e-04; 40; 15; 68;0
1.7206223305000e-04; 40; 15; 68;0
1.7208159395300e-04; 40; 15; 68;0
1.7210094293400e-04; 40; 15; 68;0
1.7212030348700e-04; 40; 15; 67;0
1.7213965236100e-04; 40; 15; 67;0
1.7215901303300e-04; 40; 15; 67;0
1.7217836176800e-04; 40; 15; 67;0
1.7219772246100e-04; 40; 15; 67;0
1.7221707127800e-04; 40; 15; 67;0
1.7223643183600e-04; 40; 15; 67;0
1.7225578056300e-04; 40; 15; 67;0
1.7227514125700e-04; 40; 15; 67;0
1.7229448993600e-04; 40; 15; 67;0
1.7231385056600e-04; 40; 15; 67;0
1.7233319935700e-04; 40; 15; 67;0
1.7235256001300e-04; 40; 15; 67;0
1.7237190867500e-04; 40; 15; 67;0
1.7239126938700e-04; 40; 15; 67;0
1.7241061805600e-04; 40; 15; 67;0
1.7242997882300e-04; 40; 15; 67;0
1.7244610174300e-04; 40; 15; 67;0
1.7246546283400e-04; 40; 15; 68;0
1.7248481170600e-04; 40; 15; 68;0
1.7250417269200e-04; 40; 15; 68;0
1.7252352152400e-04; 40; 15; 68;0
1.7254288223300e-04; 40; 15; 67;0
1.7256223095900e-04; 40; 15; 67;0
1.7258159169200e-04; 40; 15; 67;0
1.7260094035300e-04; 40; 15; 67;0
1.7262030112500e-04; 40; 15; 68;0
1.7263965006200e-04; 40; 15; 68;0
1.7265901104700e-04; 40; 15; 68;0
1.7267835989900e-04; 40; 15; 68;0
1.7269772094700e-04; 40; 15; 68;0
1.7271706980600e-04; 40; 15; 68;0
1.7273643071000e-04; 40; 15; 68;0
1.7275577949000e-04; 40; 15; 68;0
1.7277514031100e-04; 40; 15; 68;0
1.7279448924500e-04; 40; 15; 68;0
1.7281384986900e-04; 40; 15; 67;0
1.7283319855800e-04; 40; 15; 67;0
1.7285255939400e-04; 40; 15; 67;0
1.7287190809000e-04; 40; 15; 67;0
1.7289126903100e-04; 40; 15; 68;0
1.7291061784700e-04; 40; 15; 68;0
1.7292997879700e-04; 40; 15; 68;0
1.7294610191300e-04; 40; 15; 68;0
1.7296546287600e-04; 40; 15; 68;0
1.7298481185500e-04; 40; 15; 68;0
1.7300417274100e-04; 40; 15; 68;0
1.7302352173200e-04; 40; 15; 68;0
1.7304288250200e-04; 40; 15; 67;0
1.7306223115800e-04; 40; 15; 67;0
1.7308159170100e-04; 40; 15; 67;0
1.7310094036500e-04; 40; 15; 67;0
1.7312030135200e-04; 40; 15; 68;0
1.7313965025300e-04; 40; 15; 68;0
1.7315901124000e-04; 40; 15; 68;0
1.7317836017400e-04; 40; 15; 68;0
1.7319772102000e-04; 40; 15; 68;0
1.7321706980200e-04; 40; 15; 68;0
1.7323643066900e-04; 40; 15; 68;0
1.7325577930300e-04; 40; 15; 68;0
1.7327514029600e-04; 40; 15; 68;0
1.7329448934200e-04; 40; 15; 68;0
1.7331385033100e-04; 40; 15; 68;0
1.7333319920400e-04; 40; 15; 68;0
1.7335255997500e-04; 40; 15; 68;0
1.7337190891100e-04; 40; 15; 68;0
1.7339126997100e-04; 40; 15; 68;0
1.7341061879700e-04; 40; 15; 68;0
1.7342997968500e-04; 40; 15; 68;0
1.7344610277400e-04; 40; 15; 68;0
1.7346546344600e-04; 40; 15; 68;0
1.7348481240500e-04; 40; 15; 68;0
1.7350417332000e-04; 40; 15; 68;0
1.7352352226900e-04; 40; 15; 68;0
1.7354288331300e-04; 40; 15; 68;0
1.7356223213500e-04; 40; 15; 68;0
1.7358159297400e-04; 40; 15; 68;0
1.7360094187900e-04; 40; 15; 68;0
1.7362030285900e-04; 40; 15; 68;0
1.7363965184300e-04; 40; 15; 68;0
1.7365901272100e-04; 40; 15; 68;0
1.7367836159500e-04; 40; 15; 68;0
1.7369772272200e-04; 40; 15; 68;0
1.7371707154900e-04; 40; 15; 68;0
1.7373643249900e-04; 40; 15; 68;0
1.7375578132600e-04; 40; 15; 68;0
1.7377514227600e-04; 40; 15; 68;0
1.7379449117100e-04; 40; 15; 68;0
1.7381385186900e-04; 40; 15; 67;0
1.7383320052000e-04; 40; 15; 67;0
1.7385256140800e-04; 40; 15; 67;0
1.7387190991100e-04; 40; 15; 67;0
1.7389127085800e-04; 40; 15; 68;0
1.7391061968600e-04; 40; 15; 68;0
1.7392998043600e-04; 40; 15; 68;0
1.7394610354400e-04; 40; 15; 68;0
1.7396546411900e-04; 40; 15; 67;0
1.7398481288900e-04; 40; 15; 67;0
1.7400417351800e-04; 40; 15; 67;0
1.7402352220100e-04; 40; 15; 67;0
1.7404288273200e-04; 40; 15; 67;0
1.7406223140100e-04; 40; 15; 67;0
1.7408159224300e-04; 40; 15; 67;0
1.7410094085300e-04; 40; 15; 67;0
1.7412030139700e-04; 40; 15; 67;0
1.7413964999700e-04; 40; 15; 67;0
1.7415901082000e-04; 40; 15; 67;0
1.7417835937400e-04; 40; 15; 67;0
1.7419772014300e-04; 40; 15; 68;0
1.7421706911500e-04; 40; 15; 68;0
1.7423643009200e-04; 40; 15; 68;0
1.7425577894400e-04; 40; 15; 68;0
1.7427514001200e-04; 40; 15; 68;0
1.7429448878700e-04; 40; 15; 68;0
1.7431384973100e-04; 40; 15; 68;0
1.7433319874700e-04; 40; 15; 68;0
1.7435255946400e-04; 40; 15; 68;0
1.7437190815900e-04; 40; 15; 68;0
1.7439126906700e-04; 40; 15; 68;0
1.7441061802600e-04; 40; 15; 68;0
1.7442997898800e-04; 40; 15; 68;0
1.7444610209600e-04; 40; 15; 68;0
1.7446546303000e-04; 40; 15; 68;0
1.7448481176000e-04; 40; 15; 68;0
1.7450417264200e-04; 40; 15; 68;0
1.7452352141900e-04; 40; 15; 68;0
1.7454288249400e-04; 40; 15; 68;0
1.7456223125500e-04; 40; 15; 68;0
1.7458159216700e-04; 40; 15; 68;0
1.7460094104000e-04; 40; 15; 68;0
1.7462030199100e-04; 40; 15; 68;0
1.7463965093700e-04; 40; 15; 68;0
1.7465901190300e-04; 40; 15; 68;0
1.7467836084200e-04; 40; 15; 68;0
1.7469772157400e-04; 40; 15; 68;0
1.7471707040400e-04; 40; 15; 68;0
1.7473643142500e-04; 40; 15; 68;0
1.7475578026400e-04; 40; 15; 68;0
1.7477514111900e-04; 40; 15; 68;0
1.7479449012500e-04; 40; 15; 68;0
1.7481385084900e-04; 40; 15; 67;0
1.7483319948300e-04; 40; 15; 67;0
1.7485255999100e-04; 40; 15; 67;0
1.7487190876200e-04; 40; 15; 67;0
1.7489126968200e-04; 40; 15; 68;0
1.7491061873100e-04; 40; 15; 68;0
1.7492997966300e-04; 40; 15; 68;0
1.7494610269300e-04; 40; 15; 68;0
1.7496546364300e-04; 40; 15; 68;0
1.7498481253600e-04; 40; 15; 68;0
1.7500417331000e-04; 40; 15; 68;0
1.7502352231100e-04; 40; 15; 68;0
1.7504288306200e-04; 40; 15; 68;0
1.7506223203600e-04; 40; 15; 68;0
1.7508159282400e-04; 40; 15; 67;0
1.7510094157100e-04; 40; 15; 67;0
1.7512030250300e-04; 40; 15; 68;0
1.7513965143300e-04; 40; 15; 68;0
1.7515901230700e-04; 40; 15; 68;0
1.7517836116600e-04; 40; 15; 68;0
1.7519772203900e-04; 40; 15; 68;0
1.7521707094400e-04; 40; 15; 68;0
1.7523643186800e-04; 40; 15; 68;0
1.7525578090700e-04; 40; 15; 68;0
1.7527514172800e-04; 40; 15; 68;0
1.7529449057600e-04; 40; 15; 68;0
1.7531385150200e-04; 40; 15; 68;0
1.7533320037200e-04; 40; 15; 68;0
1.7535256130900e-04; 40; 15; 68;0
1.7537191022500e-04; 40; 15; 68;0
1.7539127119300e-04; 40; 15; 68;0
1.7541061993400e-04; 40; 15; 68;0
1.7542998101700e-04; 40; 15; 68;0
1.7544610402400e-04; 40; 15; 68;0
1.7546546489100e-04; 40; 15; 68;0
1.7548481383700e-04; 40; 15; 68;0
1.7550417455100e-04; 40; 15; 67;0
1.7552352324400e-04; 40; 15; 67;0
1.7554288396100e-04; 40; 15; 67;0
1.7556223286400e-04; 40; 15; 67;0
1.7558159334300e-04; 40; 15; 67;0
1.7560094210100e-04; 40; 15; 67;0
1.7562030293400e-04; 40; 15; 67;0
1.7563965146800e-04; 40; 15; 67;0
1.7565901210900e-04; 40; 15; 67;0
1.7567836098500e-04; 40; 15; 67;0
1.7569772155800e-04; 40; 15; 67;0
1.7571707009300e-04; 40; 15; 67;0
1.7573643087200e-04; 40; 15; 67;0
1.7575577946500e-04; 40; 15; 67;0
1.7577513994900e-04; 40; 15; 67;0
1.7579448871700e-04; 40; 15; 67;0
1.7581384947900e-04; 40; 15; 67;0
1.7583319810900e-04; 40; 15; 67;0
1.7585255879900e-04; 40; 15; 67;0
1.7587190732200e-04; 40; 15; 67;0
1.7589126811500e-04; 40; 15; 67;0
1.7591061684200e-04; 40; 15; 67;0
1.7592997772100e-04; 40; 15; 67;0
1.7594610062900e-04; 40; 15; 67;0
1.7596546149600e-04; 40; 15; 68;0
1.7598481051800e-04; 40; 15; 68;0
1.7600417139000e-04; 40; 15; 68;0
1.7602352040600e-04; 40; 15; 68;0
1.7604288122700e-04; 40; 15; 68;0
1.7606223018300e-04; 40; 15; 68;0
1.7608159107300e-04; 40; 15; 68;0
1.7610094010200e-04; 40; 15; 68;0
1.7612030101600e-04; 40; 15; 68;0
1.7613964994600e-04; 40; 15; 68;0
1.7615901082400e-04; 40; 15; 68;0
1.7617835967500e-04; 40; 15; 68;0
1.7619772047000e-04; 40; 15; 68;0
1.7621706937100e-04; 40; 15; 68;0
1.7623643029500e-04; 40; 15; 68;0
1.7625577932400e-04; 40; 15; 68;0
1.7627514015900e-04; 40; 15; 68;0
1.7629448919900e-04; 40; 15; 68;0
1.7631384988900e-04; 40; 15; 68;0
1.7633319878100e-04; 40; 15; 68;0
1.7635255963400e-04; 40; 15; 68;0
1.7637190855100e-04; 40; 15; 68;0
1.7639126940400e-04; 40; 15; 68;0
1.7641061836500e-04; 40; 15; 68;0
1.7642997920300e-04; 40; 15; 68;0
1.7644610240600e-04; 40; 15; 68;0
1.7646546334600e-04; 40; 15; 68;0
1.7648481217700e-04; 40; 15; 68;0
1.7650417313200e-04; 40; 15; 68;0
1.7652352206000e-04; 40; 15; 68;0
1.7654288302700e-04; 40; 15; 68;0
1.7656223202100e-04; 40; 15; 68;0
1.7658159305000e-04; 40; 15; 68;0
1.7660094184900e-04; 40; 15; 68;0
1.7662030276700e-04; 40; 15; 68;0
1.7663965155300e-04; 40; 15; 68;0
1.7665901242600e-04; 40; 15; 68;0
1.7667836136800e-04; 40; 15; 68;0
1.7669772210300e-04; 40; 15; 68;0
1.7671707108500e-04; 40; 15; 68;0
1.7673643199600e-04; 40; 15; 68;0
1.7675578062700e-04; 40; 15; 68;0
1.7677514170900e-04; 40; 15; 68;0
1.7679449056600e-04; 40; 15; 68;0
1.7681385150700e-04; 40; 15; 68;0
1.7683320042200e-04; 40; 15; 68;0
1.7685256125000e-04; 40; 15; 68;0
1.7687191002400e-04; 40; 15; 68;0
1.7689127100700e-04; 40; 15; 68;0
1.7691061986000e-04; 40; 15; 68;0
1.7692998047100e-04; 40; 15; 67;0
1.7694610345800e-04; 40; 15; 67;0
1.7696546403800e-04; 40; 15; 67;0
1.7698481267500e-04; 40; 15; 67;0
1.7700417318400e-04; 40; 15; 67;0
1.7702352175500e-04; 40; 15; 67;0
1.7704288251200e-04; 40; 15; 67;0
1.7706223123300e-04; 40; 15; 67;0
1.7708159194400e-04; 40; 15; 67;0
1.7710094067500e-04; 40; 15; 67;0
1.7712030141300e-04; 40; 15; 67;0
1.7713965004000e-04; 40; 15; 67;0
1.7715901092700e-04; 40; 15; 68;0
1.7717836000800e-04; 40; 15; 68;0
1.7719772094900e-04; 40; 15; 68;0
1.7721706985100e-04; 40; 15; 68;0
1.7723643082300e-04; 40; 15; 68;0
1.7725577969200e-04; 40; 15; 68;0
1.7727514052900e-04; 40; 15; 68;0
1.7729448939900e-04; 40; 15; 68;0
1.7731385011800e-04; 40; 15; 67;0
1.7733319882800e-04; 40; 15; 67;0
1.7735255948100e-04; 40; 15; 67;0
1.7737190804600e-04; 40; 15; 67;0
1.7739126904400e-04; 40; 15; 68;0
1.7741061797700e-04; 40; 15; 68;0
1.7742997880000e-04; 40; 15; 68;0
1.7744610195800e-04; 40; 15; 68;0
1.7746546280700e-04; 40; 15; 68;0
1.7748481161500e-04; 40; 15; 68;0
1.7750417256200e-04; 40; 15; 68;0
1.7752352147800e-04; 40; 15; 68;0
1.7754288244300e-04; 40; 15; 68;0
1.7756223135600e-04; 40; 15; 68;0
1.7758159201500e-04; 40; 15; 67;0
1.7760094064000e-04; 40; 15; 67;0
1.7762030160900e-04; 40; 15; 68;0
1.7763965049200e-04; 40; 15; 68;0
1.7765901139400e-04; 40; 15; 68;0
1.7767836041300e-04; 40; 15; 68;0
1.7769772145000e-04; 40; 15; 68;0
1.7771707038900e-04; 40; 15; 68;0
1.7773643119100e-04; 40; 15; 68;0
1.7775578014800e-04; 40; 15; 68;0
1.7777514086600e-04; 40; 15; 68;0
1.7779448981400e-04; 40; 15; 68;0
1.7781385055500e-04; 40; 15; 67;0
1.7783319930600e-04; 40; 15; 67;0
1.7785255992300e-04; 40; 15; 67;0
1.7787190874400e-04; 40; 15; 67;0
1.7789126949200e-04; 40; 15; 68;0
1.7791061851400e-04; 40; 15; 68;0
1.7792997942400e-04; 40; 15; 68;0
1.7794610251400e-04; 40; 15; 68;0
1.7796546367500e-04; 40; 15; 68;0
1.7798481239900e-04; 40; 15; 68;0
1.7800417337500e-04; 40; 15; 68;0
1.7802352230200e-04; 40; 15; 68;0
1.7804288323000e-04; 40; 15; 68;0
1.7806223217200e-04; 40; 15; 68;0
1.7808159276800e-04; 40; 15; 67;0
1.7810094147100e-04; 40; 15; 67;0
1.7812030204700e-04; 40; 15; 67;0
1.7813965084400e-04; 40; 15; 67;0
1.7815901157200e-04; 40; 15; 67;0
1.7817836029600e-04; 40; 15; 67;0
1.7819772089900e-04; 40; 15; 67;0
1.7821706960500e-04; 40; 15; 67;0
1.7823643022400e-04; 40; 15; 67;0
1.7825577891000e-04; 40; 15; 67;0
1.7827513966700e-04; 40; 15; 68;0
1.7829448840400e-04; 40; 15; 68;0
1.7831384931000e-04; 40; 15; 68;0
1.7833319825800e-04; 40; 15; 68;0
1.7835255916900e-04; 40; 15; 68;0
1.7837190791100e-04; 40; 15; 68;0
1.7839126875100e-04; 40; 15; 68;0
1.7841061792300e-04; 40; 15; 68;0
1.7842997880000e-04; 40; 15; 68;0
1.7844610186200e-04; 40; 15; 68;0
1.7846546271700e-04; 40; 15; 68;0
1.7848481152600e-04; 40; 15; 68;0
1.7850417242100e-04; 40; 15; 68;0
1.7852352137100e-04; 40; 15; 68;0
1.7854288233800e-04; 40; 15; 68;0
1.7856223123100e-04; 40; 15; 68;0
1.7858159216400e-04; 40; 15; 68;0
1.7860094112500e-04; 40; 15; 68;0
1.7862030216600e-04; 40; 15; 68;0
1.7863965110800e-04; 40; 15; 68;0
1.7865901196200e-04; 40; 15; 68;0
1.7867836077400e-04; 40; 15; 68;0
1.7869772157800e-04; 40; 15; 68;0
1.7871707050000e-04; 40; 15; 68;0
1.7873643145500e-04; 40; 15; 68;0
1.7875578017000e-04; 40; 15; 68;0
1.7877514111400e-04; 40; 15; 68;0
1.7879448998000e-04; 40; 15; 68;0
1.7881385081700e-04; 40; 15; 68;0
1.7883319956700e-04; 40; 15; 68;0
1.7885256053000e-04; 40; 15; 68;0
1.7887190941000e-04; 40; 15; 68;0
1.7889127038000e-04; 40; 15; 68;0
1.7891061934000e-04; 40; 15; 68;0
1.7892998023400e-04; 40; 15; 68;0
1.7894610341400e-04; 40; 15; 68;0
1.7896546440900e-04; 40; 15; 68;0
1.7898481341800e-04; 40; 15; 68;0
1.7900417434100e-04; 40; 15; 68;0
1.7902352315700e-04; 40; 15; 68;0
1.7904288413800e-04; 40; 15; 68;0
1.7906223306100e-04; 40; 15; 68;0
1.7908159402500e-04; 40; 15; 68;0
1.7910094306100e-04; 40; 15; 68;0
1.7912030385100e-04; 40; 15; 68;0
1.7913965277400e-04; 40; 15; 68;0
1.7915901355800e-04; 40; 15; 68;0
1.7917836240300e-04; 40; 15; 68;0
1.7919772328000e-04; 40; 15; 68;0
1.7921707207200e-04; 40; 15; 68;0
1.7923643284300e-04; 40; 15; 67;0
1.7925578160100e-04; 40; 15; 67;0
1.7927514234100e-04; 40; 15; 67;0
1.7929449098400e-04; 40; 15; 67;0
1.7931385164200e-04; 40; 15; 67;0
1.7933320041900e-04; 40; 15; 67;0
1.7935256113400e-04; 40; 15; 67;0
1.7937190974500e-04; 40; 15; 67;0
1.7939127034800e-04; 40; 15; 67;0
1.7941061914000e-04; 40; 15; 67;0
1.7942997981900e-04; 40; 15; 67;0
1.7944610279100e-04; 40; 15; 67;0
1.7946546334100e-04; 40; 15; 67;0
1.7948481195800e-04; 40; 15; 67;0
1.7950417256500e-04; 40; 15; 67;0
1.7952352123000e-04; 40; 15; 67;0
1.7954288171100e-04; 40; 15; 67;0
1.7956223029800e-04; 40; 15; 67;0
1.7958159094500e-04; 40; 15; 67;0
1.7960093955600e-04; 40; 15; 67;0
1.7962030010800e-04; 40; 15; 67;0
1.7963964882300e-04; 40; 15; 67;0
1.7965900930900e-04; 40; 15; 67;0
1.7967835799500e-04; 40; 15; 67;0
1.7969771889100e-04; 40; 15; 68;0
1.7971706766300e-04; 40; 15; 68;0
1.7973642850300e-04; 40; 15; 68;0
1.7975577732000e-04; 40; 15; 68;0
1.7977513823000e-04; 40; 15; 68;0
1.7979448735500e-04; 40; 15; 68;0
1.7981384818600e-04; 40; 15; 68;0
1.7983319715800e-04; 40; 15; 68;0
1.7985255811400e-04; 40; 15; 68;0
1.7987190692500e-04; 40; 15; 68;0
1.7989126786800e-04; 40; 15; 68;0
1.7991061669100e-04; 40; 15; 68;0
1.7992997750100e-04; 40; 15; 68;0
1.7994610061300e-04; 40; 15; 68;0
1.7996546147200e-04; 40; 15; 68;0
1.7998481023300e-04; 40; 15; 68;0
1.8000417131600e-04; 40; 15; 68;0
1.8002352034300e-04; 40; 15; 68;0
1.8004288129000e-04; 40; 15; 68;0
1.8006223019500e-04; 40; 15; 68;0
1.8008159107000e-04; 40; 15; 68;0
1.8010094005800e-04; 40; 15; 68;0
1.8012030096900e-04; 40; 15; 68;0
1.8013964982000e-04; 40; 15; 68;0
1.8015901065100e-04; 40; 15; 68;0
1.8017835969300e-04; 40; 15; 68;0
1.8019772063300e-04; 40; 15; 68;0
1.8021706950000e-04; 40; 15; 68;0
1.8023643050900e-04; 40; 15; 68;0
1.8025577935400e-04; 40; 15; 68;0
1.8027514026400e-04; 40; 15; 68;0
1.8029448906800e-04; 40; 15; 68;0
1.8031385015300e-04; 40; 15; 68;0
1.8033319900500e-04; 40; 15; 68;0
1.8035255990800e-04; 40; 15; 68;0
1.8037190871400e-04; 40; 15; 68;0
1.8039126978000e-04; 40; 15; 68;0
1.8041061860300e-04; 40; 15; 68;0
1.8042997950400e-04; 40; 15; 68;0
1.8044610249900e-04; 40; 15; 68;0
1.8046546329300e-04; 40; 15; 68;0
1.8048481227200e-04; 40; 15; 68;0
1.8050417319700e-04; 40; 15; 68;0
1.8052352208900e-04; 40; 15; 68;0
1.8054288301100e-04; 40; 15; 68;0
1.8056223198500e-04; 40; 15; 68;0
1.8058159284500e-04; 40; 15; 68;0
1.8060094179500e-04; 40; 15; 68;0
1.8062030270800e-04; 40; 15; 68;0
1.8063965159600e-04; 40; 15; 68;0
1.8065901246800e-04; 40; 15; 68;0
1.8067836142800e-04; 40; 15; 68;0
1.8069772238000e-04; 40; 15; 68;0
1.8071707116500e-04; 40; 15; 68;0
1.8073643208600e-04; 40; 15; 68;0
1.8075578093800e-04; 40; 15; 68;0
1.8077514184900e-04; 40; 15; 68;0
1.8079449086400e-04; 40; 15; 68;0
1.8081385174800e-04; 40; 15; 68;0
1.8083320057300e-04; 40; 15; 68;0
1.8085256155600e-04; 40; 15; 68;0
1.8087191049600e-04; 40; 15; 68;0
1.8089127137800e-04; 40; 15; 68;0
1.8091062034900e-04; 40; 15; 68;0
1.8092998120100e-04; 40; 15; 68;0
1.8094610446200e-04; 40; 15; 68;0
1.8096546545400e-04; 40; 15; 68;0
1.8098481434500e-04; 40; 15; 68;0
1.8100417533800e-04; 40; 15; 68;0
1.8102352425400e-04; 40; 15; 68;0
1.8104288518000e-04; 40; 15; 68;0
1.8106223400000e-04; 40; 15; 68;0
1.8108159500500e-04; 40; 15; 68;0
1.8110094405700e-04; 40; 15; 68;0
1.8112030461400e-04; 40; 15; 67;0
1.8113965332500e-04; 40; 15; 67;0
1.8115901381400e-04; 40; 15; 67;0
1.8117836248200e-04; 40; 15; 67;0
1.8119772338500e-04; 40; 15; 67;0
1.8121707180700e-04; 40; 15; 67;0
1.8123643244700e-04; 40; 15; 67;0
1.8125578105300e-04; 40; 15; 67;0
1.8127514173500e-04; 40; 15; 67;0
1.8129449037600e-04; 40; 15; 67;0
1.8131385096200e-04; 40; 15; 67;0
1.8133319968400e-04; 40; 15; 67;0
1.8135256044800e-04; 40; 15; 67;0
1.8137190922100e-04; 40; 15; 67;0
1.8139126995900e-04; 40; 15; 67;0
1.8141061868300e-04; 40; 15; 67;0
1.8142997929200e-04; 40; 15; 67;0
1.8144610215300e-04; 40; 15; 67;0
1.8146546278400e-04; 40; 15; 67;0
1.8148481155000e-04; 40; 15; 67;0
1.8150417219200e-04; 40; 15; 67;0
1.8152352091500e-04; 40; 15; 67;0
1.8154288146200e-04; 40; 15; 67;0
1.8156223019600e-04; 40; 15; 67;0
1.8158159081000e-04; 40; 15; 67;0
1.8160093938500e-04; 40; 15; 67;0
1.8162030008200e-04; 40; 15; 67;0
1.8163964869300e-04; 40; 15; 67;0
1.8165900948000e-04; 40; 15; 68;0
1.8167835839200e-04; 40; 15; 68;0
1.8169771935800e-04; 40; 15; 68;0
1.8171706815300e-04; 40; 15; 68;0
1.8173642918100e-04; 40; 15; 68;0
1.8175577809600e-04; 40; 15; 68;0
1.8177513894800e-04; 40; 15; 68;0
1.8179448797000e-04; 40; 15; 68;0
1.8181384882100e-04; 40; 15; 68;0
1.8183319769200e-04; 40; 15; 68;0
1.8185255864000e-04; 40; 15; 68;0
1.8187190755500e-04; 40; 15; 68;0
1.8189126835400e-04; 40; 15; 68;0
1.8191061752900e-04; 40; 15; 68;0
1.8192997842800e-04; 40; 15; 68;0
1.8194610154200e-04; 40; 15; 68;0
1.8196546255700e-04; 40; 15; 68;0
1.8198481134200e-04; 40; 15; 68;0
1.8200417219200e-04; 40; 15; 68;0
1.8202352116000e-04; 40; 15; 68;0
1.8204288194600e-04; 40; 15; 68;0
1.8206223096200e-04; 40; 15; 68;0
1.8208159199500e-04; 40; 15; 68;0
1.8210094094400e-04; 40; 15; 68;0
1.8212030179200e-04; 40; 15; 68;0
1.8213965094200e-04; 40; 15; 68;0
1.8215901181500e-04; 40; 15; 68;0
1.8217836083100e-04; 40; 15; 68;0
1.8219772171000e-04; 40; 15; 68;0
1.8221707057900e-04; 40; 15; 68;0
1.8223643137000e-04; 40; 15; 68;0
1.8225578012500e-04; 40; 15; 68;0
1.8227514110000e-04; 40; 15; 68;0
1.8229449003900e-04; 40; 15; 68;0
1.8231385090500e-04; 40; 15; 68;0
1.8233319989000e-04; 40; 15; 68;0
1.8235256084500e-04; 40; 15; 68;0
1.8237190953300e-04; 40; 15; 68;0
1.8239127049300e-04; 40; 15; 68;0
1.8241061940900e-04; 40; 15; 68;0
1.8242998015500e-04; 40; 15; 68;0
1.8244610321400e-04; 40; 15; 68;0
1.8246546419600e-04; 40; 15; 68;0
1.8248481314300e-04; 40; 15; 68;0
1.8250417408700e-04; 40; 15; 68;0
1.8252352290400e-04; 40; 15; 68;0
1.8254288386200e-04; 40; 15; 68;0
1.8256223285400e-04; 40; 15; 68;0
1.8258159379200e-04; 40; 15; 68;0
1.8260094274800e-04; 40; 15; 68;0
1.8262030373100e-04; 40; 15; 68;0
1.8263965263100e-04; 40; 15; 68;0
1.8265901339900e-04; 40; 15; 68;0
1.8267836233000e-04; 40; 15; 68;0
1.8269772330100e-04; 40; 15; 68;0
1.8271707201300e-04; 40; 15; 68;0
1.8273643296900e-04; 40; 15; 68;0
1.8275578183700e-04; 40; 15; 68;0
1.8277514285500e-04; 40; 15; 68;0
1.8279449173800e-04; 40; 15; 68;0
1.8281385239100e-04; 40; 15; 67;0
1.8283320114000e-04; 40; 15; 67;0
1.8285256177900e-04; 40; 15; 67;0
1.8287191057200e-04; 40; 15; 67;0
1.8289127145600e-04; 40; 15; 68;0
1.8291062039500e-04; 40; 15; 68;0
1.8292998121400e-04; 40; 15; 68;0
1.8294610438800e-04; 40; 15; 68;0
1.8296546520900e-04; 40; 15; 68;0
1.8298481416700e-04; 40; 15; 68;0
1.8300417508600e-04; 40; 15; 68;0
1.8302352411100e-04; 40; 15; 68;0
1.8304288498700e-04; 40; 15; 68;0
1.8306223403600e-04; 40; 15; 68;0
1.8308159463700e-04; 40; 15; 67;0
1.8310094327700e-04; 40; 15; 67;0
1.8312030395800e-04; 40; 15; 67;0
1.8313965270200e-04; 40; 15; 67;0
1.8315901331600e-04; 40; 15; 67;0
1.8317836209600e-04; 40; 15; 67;0
1.8319772301800e-04; 40; 15; 67;0
1.8321707169300e-04; 40; 15; 67;0
1.8323643241900e-04; 40; 15; 67;0
1.8325578101900e-04; 40; 15; 67;0
1.8327514176300e-04; 40; 15; 67;0
1.8329449043800e-04; 40; 15; 67;0
1.8331385096700e-04; 40; 15; 67;0
1.8333319978000e-04; 40; 15; 67;0
1.8335256038100e-04; 40; 15; 67;0
1.8337190910200e-04; 40; 15; 67;0
1.8339126970800e-04; 40; 15; 67;0
1.8341061827700e-04; 40; 15; 67;0
1.8342997893700e-04; 40; 15; 67;0
1.8344610182800e-04; 40; 15; 67;0
1.8346546266000e-04; 40; 15; 68;0
1.8348481181400e-04; 40; 15; 68;0
1.8350417254700e-04; 40; 15; 68;0
1.8352352146500e-04; 40; 15; 68;0
1.8354288206500e-04; 40; 15; 67;0
1.8356223068500e-04; 40; 15; 67;0
1.8358159152600e-04; 40; 15; 67;0
1.8360094026100e-04; 40; 15; 67;0
1.8362030097500e-04; 40; 15; 68;0
1.8363965011400e-04; 40; 15; 68;0
1.8365901095600e-04; 40; 15; 68;0
1.8367835985400e-04; 40; 15; 68;0
1.8369772081900e-04; 40; 15; 68;0
1.8371706983900e-04; 40; 15; 68;0
1.8373643065500e-04; 40; 15; 68;0
1.8375577950300e-04; 40; 15; 68;0
1.8377514046000e-04; 40; 15; 68;0
1.8379448932700e-04; 40; 15; 68;0
1.8381385037100e-04; 40; 15; 68;0
1.8383319952400e-04; 40; 15; 68;0
1.8385256023600e-04; 40; 15; 68;0
1.8387190917400e-04; 40; 15; 68;0
1.8389127009900e-04; 40; 15; 68;0
1.8391061898200e-04; 40; 15; 68;0
1.8392997983800e-04; 40; 15; 68;0
1.8394610279100e-04; 40; 15; 68;0
1.8396546352000e-04; 40; 15; 68;0
1.8398481256800e-04; 40; 15; 68;0
1.8400417337500e-04; 40; 15; 68;0
1.8402352251000e-04; 40; 15; 68;0
1.8404288346500e-04; 40; 15; 68;0
1.8406223235600e-04; 40; 15; 68;0
1.8408159328900e-04; 40; 15; 68;0
1.8410094231300e-04; 40; 15; 68;0
1.8412030317000e-04; 40; 15; 68;0
1.8413965206800e-04; 40; 15; 68;0
1.8415901308300e-04; 40; 15; 68;0
1.8417836190600e-04; 40; 15; 68;0
1.8419772272900e-04; 40; 15; 68;0
1.8421707186200e-04; 40; 15; 68;0
1.8423643267200e-04; 40; 15; 68;0
1.8425578163200e-04; 40; 15; 68;0
1.8427514268700e-04; 40; 15; 68;0
1.8429449152800e-04; 40; 15; 68;0
1.8431385218500e-04; 40; 15; 67;0
1.8433320088400e-04; 40; 15; 67;0
1.8435256137000e-04; 40; 15; 67;0
1.8437191010700e-04; 40; 15; 67;0
1.8439127087500e-04; 40; 15; 67;0
1.8441061948200e-04; 40; 15; 67;0
1.8442998018600e-04; 40; 15; 67;0
1.8444610303000e-04; 40; 15; 67;0
1.8446546368300e-04; 40; 15; 67;0
1.8448481222400e-04; 40; 15; 67;0
1.8450417287100e-04; 40; 15; 67;0
1.8452352153100e-04; 40; 15; 67;0
1.8454288223900e-04; 40; 15; 67;0
1.8456223101800e-04; 40; 15; 67;0
1.8458159151700e-04; 40; 15; 67;0
1.8460094029200e-04; 40; 15; 67;0
1.8462030089000e-04; 40; 15; 67;0
1.8463964952500e-04; 40; 15; 67;0
1.8465901029000e-04; 40; 15; 67;0
1.8467835897700e-04; 40; 15; 67;0
1.8469771958600e-04; 40; 15; 67;0
1.8471706819200e-04; 40; 15; 67;0
1.8473642896600e-04; 40; 15; 67;0
1.8475577766100e-04; 40; 15; 67;0
1.8477513834300e-04; 40; 15; 67;0
1.8479448708200e-04; 40; 15; 67;0
1.8481384778300e-04; 40; 15; 67;0
1.8483319653700e-04; 40; 15; 67;0
1.8485255711700e-04; 40; 15; 67;0
1.8487190588700e-04; 40; 15; 67;0
1.8489126698700e-04; 40; 15; 68;0
1.8491061604700e-04; 40; 15; 68;0
1.8492997691900e-04; 40; 15; 68;0
1.8494609993200e-04; 40; 15; 68;0
1.8496546076600e-04; 40; 15; 68;0
1.8498480960500e-04; 40; 15; 68;0
1.8500417072400e-04; 40; 15; 68;0
1.8502351967400e-04; 40; 15; 68;0
1.8504288053000e-04; 40; 15; 68;0
1.8506222941400e-04; 40; 15; 68;0
1.8508159039000e-04; 40; 15; 68;0
1.8510093935800e-04; 40; 15; 68;0
1.8512030009300e-04; 40; 15; 68;0
1.8513964913800e-04; 40; 15; 68;0
1.8515900997100e-04; 40; 15; 68;0
1.8517835885200e-04; 40; 15; 68;0
1.8519771960100e-04; 40; 15; 68;0
1.8521706858500e-04; 40; 15; 68;0
1.8523642948400e-04; 40; 15; 68;0
1.8525577837600e-04; 40; 15; 68;0
1.8527513919500e-04; 40; 15; 68;0
1.8529448809000e-04; 40; 15; 68;0
1.8531384893900e-04; 40; 15; 68;0
1.8533319793300e-04; 40; 15; 68;0
1.8535255884000e-04; 40; 15; 68;0
1.8537190758100e-04; 40; 15; 68;0
1.8539126843300e-04; 40; 15; 68;0
1.8541061736100e-04; 40; 15; 68;0
1.8542997829800e-04; 40; 15; 68;0
1.8544610129200e-04; 40; 15; 68;0
1.8546546207300e-04; 40; 15; 68;0
1.8548481114900e-04; 40; 15; 68;0
1.8550417196400e-04; 40; 15; 68;0
1.8552352086200e-04; 40; 15; 68;0
1.8554288181500e-04; 40; 15; 68;0
1.8556223073000e-04; 40; 15; 68;0
1.8558159157800e-04; 40; 15; 68;0
1.8560094047500e-04; 40; 15; 68;0
1.8562030124400e-04; 40; 15; 68;0
1.8563965018600e-04; 40; 15; 68;0
1.8565901109800e-04; 40; 15; 68;0
1.8567835973400e-04; 40; 15; 68;0
1.8569772070600e-04; 40; 15; 68;0
1.8571706965300e-04; 40; 15; 68;0
1.8573643052700e-04; 40; 15; 68;0
1.8575577930600e-04; 40; 15; 68;0
1.8577514049000e-04; 40; 15; 68;0
1.8579448927800e-04; 40; 15; 68;0
1.8581385018500e-04; 40; 15; 68;0
1.8583319913200e-04; 40; 15; 68;0
1.8585256003500e-04; 40; 15; 68;0
1.8587190894000e-04; 40; 15; 68;0
1.8589126962300e-04; 40; 15; 68;0
1.8591061879800e-04; 40; 15; 68;0
1.8592997965000e-04; 40; 15; 68;0
1.8594610272000e-04; 40; 15; 68;0
1.8596546361700e-04; 40; 15; 68;0
1.8598481246700e-04; 40; 15; 68;0
1.8600417329600e-04; 40; 15; 68;0
1.8602352222500e-04; 40; 15; 68;0
1.8604288304000e-04; 40; 15; 68;0
1.8606223184700e-04; 40; 15; 68;0
1.8608159263800e-04; 40; 15; 68;0
1.8610094165000e-04; 40; 15; 68;0
1.8612030236500e-04; 40; 15; 67;0
1.8613965105500e-04; 40; 15; 67;0
1.8615901166300e-04; 40; 15; 67;0
1.8617836030400e-04; 40; 15; 67;0
1.8619772098600e-04; 40; 15; 67;0
1.8621706979500e-04; 40; 15; 67;0
1.8623643036900e-04; 40; 15; 67;0
1.8625577886500e-04; 40; 15; 67;0
1.8627513958600e-04; 40; 15; 67;0
1.8629448825400e-04; 40; 15; 67;0
1.8631384890900e-04; 40; 15; 67;0
1.8633319750300e-04; 40; 15; 67;0
1.8635255815500e-04; 40; 15; 67;0
1.8637190685000e-04; 40; 15; 67;0
1.8639126748500e-04; 40; 15; 67;0
1.8641061619200e-04; 40; 15; 67;0
1.8642997697600e-04; 40; 15; 67;0
1.8644609972400e-04; 40; 15; 67;0
1.8646546080600e-04; 40; 15; 68;0
1.8648480951600e-04; 40; 15; 68;0
1.8650417028800e-04; 40; 15; 68;0
1.8652351929100e-04; 40; 15; 68;0
1.8654288001700e-04; 40; 15; 67;0
1.8656222878300e-04; 40; 15; 67;0
1.8658158942700e-04; 40; 15; 67;0
1.8660093806500e-04; 40; 15; 67;0
1.8662029880500e-04; 40; 15; 68;0
1.8663964771400e-04; 40; 15; 68;0
1.8665900858300e-04; 40; 15; 68;0
1.8667835753000e-04; 40; 15; 68;0
1.8669771841200e-04; 40; 15; 68;0
1.8671706720200e-04; 40; 15; 68;0
1.8673642818500e-04; 40; 15; 68;0
1.8675577689900e-04; 40; 15; 68;0
1.8677513783800e-04; 40; 15; 68;0
1.8679448688900e-04; 40; 15; 68;0
1.8681384791400e-04; 40; 15; 68;0
1.8683319687600e-04; 40; 15; 68;0
1.8685255786000e-04; 40; 15; 68;0
1.8687190667600e-04; 40; 15; 68;0
1.8689126765500e-04; 40; 15; 68;0
1.8691061640700e-04; 40; 15; 68;0
1.8692997733300e-04; 40; 15; 68;0
1.8694610042300e-04; 40; 15; 68;0
1.8696546135100e-04; 40; 15; 68;0
1.8698481023600e-04; 40; 15; 68;0
1.8700417122900e-04; 40; 15; 68;0
1.8702352013100e-04; 40; 15; 68;0
1.8704288093800e-04; 40; 15; 68;0
1.8706222984700e-04; 40; 15; 68;0
1.8708159086900e-04; 40; 15; 68;0
1.8710093975300e-04; 40; 15; 68;0
1.8712030078400e-04; 40; 15; 68;0
1.8713964967900e-04; 40; 15; 68;0
1.8715901079300e-04; 40; 15; 68;0
1.8717835969300e-04; 40; 15; 68;0
1.8719772054500e-04; 40; 15; 68;0
1.8721706922900e-04; 40; 15; 68;0
1.8723643015800e-04; 40; 15; 68;0
1.8725577890900e-04; 40; 15; 68;0
1.8727513987700e-04; 40; 15; 68;0
1.8729448885500e-04; 40; 15; 68;0
1.8731384964400e-04; 40; 15; 68;0
1.8733319858800e-04; 40; 15; 68;0
1.8735255931200e-04; 40; 15; 68;0
1.8737190830900e-04; 40; 15; 68;0
1.8739126925300e-04; 40; 15; 68;0
1.8741061811500e-04; 40; 15; 68;0
1.8742997918200e-04; 40; 15; 68;0
1.8744610226200e-04; 40; 15; 68;0
1.8746546309100e-04; 40; 15; 68;0
1.8748481202000e-04; 40; 15; 68;0
1.8750417292200e-04; 40; 15; 68;0
1.8752352186000e-04; 40; 15; 68;0
1.8754288281800e-04; 40; 15; 68;0
1.8756223188600e-04; 40; 15; 68;0
1.8758159290300e-04; 40; 15; 68;0
1.8760094185600e-04; 40; 15; 68;0
1.8762030276500e-04; 40; 15; 68;0
1.8763965161900e-04; 40; 15; 68;0
1.8765901262400e-04; 40; 15; 68;0
1.8767836151400e-04; 40; 15; 68;0
1.8769772245400e-04; 40; 15; 68;0
1.8771707131500e-04; 40; 15; 68;0
1.8773643224400e-04; 40; 15; 68;0
1.8775578122400e-04; 40; 15; 68;0
1.8777514212900e-04; 40; 15; 68;0
1.8779449101600e-04; 40; 15; 68;0
1.8781385164200e-04; 40; 15; 67;0
1.8783320039600e-04; 40; 15; 67;0
1.8785256095200e-04; 40; 15; 67;0
1.8787190943100e-04; 40; 15; 67;0
1.8789127043700e-04; 40; 15; 68;0
1.8791061932800e-04; 40; 15; 68;0
1.8792998014000e-04; 40; 15; 68;0
1.8794610324400e-04; 40; 15; 68;0
1.8796546417300e-04; 40; 15; 68;0
1.8798481303600e-04; 40; 15; 68;0
1.8800417392200e-04; 40; 15; 68;0
1.8802352279700e-04; 40; 15; 68;0
1.8804288370500e-04; 40; 15; 68;0
1.8806223262600e-04; 40; 15; 68;0
1.8808159307500e-04; 40; 15; 67;0
1.8810094182900e-04; 40; 15; 67;0
1.8812030247100e-04; 40; 15; 67;0
1.8813965111300e-04; 40; 15; 67;0
1.8815901183400e-04; 40; 15; 67;0
1.8817836036900e-04; 40; 15; 67;0
1.8819772098900e-04; 40; 15; 67;0
1.8821706949200e-04; 40; 15; 67;0
1.8823643016200e-04; 40; 15; 67;0
1.8825577887900e-04; 40; 15; 67;0
1.8827513951300e-04; 40; 15; 67;0
1.8829448810200e-04; 40; 15; 67;0
1.8831384877700e-04; 40; 15; 67;0
1.8833319744900e-04; 40; 15; 67;0
1.8835255832300e-04; 40; 15; 67;0
1.8837190689900e-04; 40; 15; 67;0
1.8839126744700e-04; 40; 15; 67;0
1.8841061613800e-04; 40; 15; 67;0
1.8842997699000e-04; 40; 15; 67;0
1.8844609989000e-04; 40; 15; 67;0
1.8846546070000e-04; 40; 15; 68;0
1.8848480958000e-04; 40; 15; 68;0
1.8850417058700e-04; 40; 15; 68;0
1.8852351953600e-04; 40; 15; 68;0
1.8854288045800e-04; 40; 15; 68;0
1.8856222940300e-04; 40; 15; 68;0
1.8858158994100e-04; 40; 15; 67;0
1.8860093854900e-04; 40; 15; 67;0
1.8862029950900e-04; 40; 15; 68;0
1.8863964845000e-04; 40; 15; 68;0
1.8865900916500e-04; 40; 15; 68;0
1.8867835808600e-04; 40; 15; 68;0
1.8869771902700e-04; 40; 15; 68;0
1.8871706798200e-04; 40; 15; 68;0
1.8873642898300e-04; 40; 15; 68;0
1.8875577775400e-04; 40; 15; 68;0
1.8877513868800e-04; 40; 15; 68;0
1.8879448760600e-04; 40; 15; 68;0
1.8881384873400e-04; 40; 15; 68;0
1.8883319759700e-04; 40; 15; 68;0
1.8885255849000e-04; 40; 15; 68;0
1.8887190743300e-04; 40; 15; 68;0
1.8889126822400e-04; 40; 15; 68;0
1.8891061720500e-04; 40; 15; 68;0
1.8892997799800e-04; 40; 15; 68;0
1.8894610110800e-04; 40; 15; 68;0
1.8896546177500e-04; 40; 15; 68;0
1.8898481069600e-04; 40; 15; 68;0
1.8900417146600e-04; 40; 15; 68;0
1.8902352052900e-04; 40; 15; 68;0
1.8904288125300e-04; 40; 15; 68;0
1.8906223022700e-04; 40; 15; 68;0
1.8908159129100e-04; 40; 15; 68;0
1.8910094022100e-04; 40; 15; 68;0
1.8912030090700e-04; 40; 15; 68;0
1.8913964991400e-04; 40; 15; 68;0
1.8915901106000e-04; 40; 15; 68;0
1.8917835992800e-04; 40; 15; 68;0
1.8919772091400e-04; 40; 15; 68;0
1.8921706978000e-04; 40; 15; 68;0
1.8923643083000e-04; 40; 15; 68;0
1.8925577975200e-04; 40; 15; 68;0
1.8927514067600e-04; 40; 15; 68;0
1.8929448962700e-04; 40; 15; 68;0
1.8931385052100e-04; 40; 15; 68;0
1.8933319936900e-04; 40; 15; 68;0
1.8935256008200e-04; 40; 15; 68;0
1.8937190901800e-04; 40; 15; 68;0
1.8939126992600e-04; 40; 15; 68;0
1.8941061883800e-04; 40; 15; 68;0
1.8942997959800e-04; 40; 15; 68;0
1.8944610266800e-04; 40; 15; 68;0
1.8946546361100e-04; 40; 15; 68;0
1.8948481254200e-04; 40; 15; 68;0
1.8950417349200e-04; 40; 15; 68;0
1.8952352235200e-04; 40; 15; 68;0
1.8954288327400e-04; 40; 15; 68;0
1.8956223222400e-04; 40; 15; 68;0
1.8958159310400e-04; 40; 15; 68;0
1.8960094192600e-04; 40; 15; 68;0
1.8962030271100e-04; 40; 15; 68;0
1.8963965156800e-04; 40; 15; 68;0
1.8965901251700e-04; 40; 15; 68;0
1.8967836131900e-04; 40; 15; 68;0
1.8969772228100e-04; 40; 15; 68;0
1.8971707111100e-04; 40; 15; 68;0
1.8973643181900e-04; 40; 15; 68;0
1.8975578086500e-04; 40; 15; 68;0
1.8977514184600e-04; 40; 15; 68;0
1.8979449073800e-04; 40; 15; 68;0
1.8981385142500e-04; 40; 15; 67;0
1.8983320016900e-04; 40; 15; 67;0
1.8985256112300e-04; 40; 15; 68;0
1.8987191004700e-04; 40; 15; 68;0
1.8989127093000e-04; 40; 15; 68;0
1.8991061971000e-04; 40; 15; 68;0
1.8992998071300e-04; 40; 15; 68;0
1.8994610377500e-04; 40; 15; 68;0
1.8996546475000e-04; 40; 15; 68;0
1.8998481376100e-04; 40; 15; 68;0
1.9000417473100e-04; 40; 15; 68;0
1.9002352362800e-04; 40; 15; 68;0
1.9004288463500e-04; 40; 15; 68;0
1.9006223353200e-04; 40; 15; 68;0
1.9008159447100e-04; 40; 15; 68;0
1.9010094324900e-04; 40; 15; 68;0
1.9012030404300e-04; 40; 15; 67;0
1.9013965250400e-04; 40; 15; 67;0
1.9015901333300e-04; 40; 15; 67;0
1.9017836198200e-04; 40; 15; 67;0
1.9019772244400e-04; 40; 15; 67;0
1.9021707102900e-04; 40; 15; 67;0
1.9023643173900e-04; 40; 15; 67;0
1.9025578042100e-04; 40; 15; 67;0
1.9027514091300e-04; 40; 15; 67;0
1.9029448961800e-04; 40; 15; 67;0
1.9031385018300e-04; 40; 15; 67;0
1.9033319884800e-04; 40; 15; 67;0
1.9035255942700e-04; 40; 15; 67;0
1.9037190793700e-04; 40; 15; 67;0
1.9039126862300e-04; 40; 15; 67;0
1.9041061734500e-04; 40; 15; 67;0
1.9042997801200e-04; 40; 15; 67;0
1.9044610085800e-04; 40; 15; 67;0
1.9046546139000e-04; 40; 15; 67;0
1.9048480998800e-04; 40; 15; 67;0
1.9050417062000e-04; 40; 15; 67;0
1.9052351938600e-04; 40; 15; 67;0
1.9054288006000e-04; 40; 15; 67;0
1.9056222878700e-04; 40; 15; 67;0
1.9058158936600e-04; 40; 15; 67;0
1.9060093794900e-04; 40; 15; 67;0
1.9062029891100e-04; 40; 15; 68;0
1.9063964787000e-04; 40; 15; 68;0
1.9065900877900e-04; 40; 15; 68;0
1.9067835768600e-04; 40; 15; 68;0
1.9069771858200e-04; 40; 15; 68;0
1.9071706742800e-04; 40; 15; 68;0
1.9073642837600e-04; 40; 15; 68;0
1.9075577736300e-04; 40; 15; 68;0
1.9077513803800e-04; 40; 15; 68;0
1.9079448673600e-04; 40; 15; 68;0
1.9081384778800e-04; 40; 15; 68;0
1.9083319673800e-04; 40; 15; 68;0
1.9085255761800e-04; 40; 15; 68;0
1.9087190652900e-04; 40; 15; 68;0
1.9089126740600e-04; 40; 15; 68;0
1.9091061634700e-04; 40; 15; 68;0
1.9092997726500e-04; 40; 15; 68;0
1.9094610038700e-04; 40; 15; 68;0
1.9096546137400e-04; 40; 15; 68;0
1.9098481031200e-04; 40; 15; 68;0
1.9100417112700e-04; 40; 15; 68;0
1.9102352003000e-04; 40; 15; 68;0
1.9104288089600e-04; 40; 15; 68;0
1.9106222984200e-04; 40; 15; 68;0
1.9108159064300e-04; 40; 15; 68;0
1.9110093951000e-04; 40; 15; 68;0
1.9112030043800e-04; 40; 15; 68;0
1.9113964936100e-04; 40; 15; 68;0
1.9115901027700e-04; 40; 15; 68;0
1.9117835930100e-04; 40; 15; 68;0
1.9119772008000e-04; 40; 15; 68;0
1.9121706911600e-04; 40; 15; 68;0
1.9123642997800e-04; 40; 15; 68;0
1.9125577879800e-04; 40; 15; 68;0
1.9127513977200e-04; 40; 15; 68;0
1.9129448879200e-04; 40; 15; 68;0
1.9131384977200e-04; 40; 15; 68;0
1.9133319861600e-04; 40; 15; 68;0
1.9135255946500e-04; 40; 15; 68;0
1.9137190846900e-04; 40; 15; 68;0
1.9139126933500e-04; 40; 15; 68;0
1.9141061838600e-04; 40; 15; 68;0
1.9142997921100e-04; 40; 15; 68;0
1.9144610226800e-04; 40; 15; 68;0
1.9146546323300e-04; 40; 15; 68;0
1.9148481214900e-04; 40; 15; 68;0
1.9150417316800e-04; 40; 15; 68;0
1.9152352203400e-04; 40; 15; 68;0
1.9154288307000e-04; 40; 15; 68;0
1.9156223192500e-04; 40; 15; 68;0
1.9158159277600e-04; 40; 15; 68;0
1.9160094175500e-04; 40; 15; 68;0
1.9162030277000e-04; 40; 15; 68;0
1.9163965164500e-04; 40; 15; 68;0
1.9165901256100e-04; 40; 15; 68;0
1.9167836153900e-04; 40; 15; 68;0
1.9169772229100e-04; 40; 15; 68;0
1.9171707133900e-04; 40; 15; 68;0
1.9173643222300e-04; 40; 15; 68;0
1.9175578111600e-04; 40; 15; 68;0
1.9177514195100e-04; 40; 15; 68;0
1.9179449079600e-04; 40; 15; 68;0
1.9181385187600e-04; 40; 15; 68;0
1.9183320073000e-04; 40; 15; 68;0
1.9185256169100e-04; 40; 15; 68;0
1.9187191058400e-04; 40; 15; 68;0
1.9189127158000e-04; 40; 15; 68;0
1.9191062036900e-04; 40; 15; 68;0
1.9192998147400e-04; 40; 15; 68;0
1.9194610466000e-04; 40; 15; 68;0
1.9196546543500e-04; 40; 15; 67;0
1.9198481411500e-04; 40; 15; 67;0
1.9200417489800e-04; 40; 15; 67;0
1.9202352373400e-04; 40; 15; 67;0
1.9204288425100e-04; 40; 15; 67;0
1.9206223292400e-04; 40; 15; 67;0
1.9208159363200e-04; 40; 15; 67;0
1.9210094223800e-04; 40; 15; 67;0
1.9212030287800e-04; 40; 15; 67;0
1.9213965158600e-04; 40; 15; 67;0
1.9215901206100e-04; 40; 15; 67;0
1.9217836075100e-04; 40; 15; 67;0
1.9219772142100e-04; 40; 15; 67;0
1.9221707007500e-04; 40; 15; 67;0
1.9223643068500e-04; 40; 15; 67;0
1.9225577919900e-04; 40; 15; 67;0
1.9227513993200e-04; 40; 15; 67;0
1.9229448849100e-04; 40; 15; 67;0
1.9231384915400e-04; 40; 15; 67;0
1.9233319783900e-04; 40; 15; 67;0
1.9235255846500e-04; 40; 15; 67;0
1.9237190717600e-04; 40; 15; 67;0
1.9239126780100e-04; 40; 15; 67;0
1.9241061643700e-04; 40; 15; 67;0
1.9242997710600e-04; 40; 15; 67;0
1.9244610001000e-04; 40; 15; 67;0
1.9246546060800e-04; 40; 15; 67;0
1.9248480917900e-04; 40; 15; 67;0
1.9250416989500e-04; 40; 15; 67;0
1.9252351855000e-04; 40; 15; 67;0
1.9254287924900e-04; 40; 15; 67;0
1.9256222780800e-04; 40; 15; 67;0
1.9258158850000e-04; 40; 15; 67;0
1.9260093715300e-04; 40; 15; 67;0
1.9262029815800e-04; 40; 15; 68;0
1.9263964710200e-04; 40; 15; 68;0
1.9265900789900e-04; 40; 15; 68;0
1.9267835693100e-04; 40; 15; 68;0
1.9269771784100e-04; 40; 15; 68;0
1.9271706667400e-04; 40; 15; 68;0
1.9273642753600e-04; 40; 15; 68;0
1.9275577643800e-04; 40; 15; 68;0
1.9277513744300e-04; 40; 15; 68;0
1.9279448622800e-04; 40; 15; 68;0
1.9281384716900e-04; 40; 15; 68;0
1.9283319613800e-04; 40; 15; 68;0
1.9285255700700e-04; 40; 15; 68;0
1.9287190591000e-04; 40; 15; 68;0
1.9289126670000e-04; 40; 15; 68;0
1.9291061565200e-04; 40; 15; 68;0
1.9292997641300e-04; 40; 15; 68;0
1.9294609976700e-04; 40; 15; 68;0
1.9296546070400e-04; 40; 15; 68;0
1.9298480961800e-04; 40; 15; 68;0
1.9300417044700e-04; 40; 15; 68;0
1.9302351924900e-04; 40; 15; 68;0
1.9304288014100e-04; 40; 15; 68;0
1.9306222895600e-04; 40; 15; 68;0
1.9308158987900e-04; 40; 15; 68;0
1.9310093868900e-04; 40; 15; 68;0
1.9312029960500e-04; 40; 15; 68;0
1.9313964867900e-04; 40; 15; 68;0
1.9315900957900e-04; 40; 15; 68;0
1.9317835857200e-04; 40; 15; 68;0
1.9319771943400e-04; 40; 15; 68;0
1.9321706834000e-04; 40; 15; 68;0
1.9323642906500e-04; 40; 15; 68;0
1.9325577812200e-04; 40; 15; 68;0
1.9327513902800e-04; 40; 15; 68;0
1.9329448790300e-04; 40; 15; 68;0
1.9331384876700e-04; 40; 15; 68;0
1.9333319766500e-04; 40; 15; 68;0
1.9335255865600e-04; 40; 15; 68;0
1.9337190752500e-04; 40; 15; 68;0
1.9339126835100e-04; 40; 15; 68;0
1.9341061736700e-04; 40; 15; 68;0
1.9342997817500e-04; 40; 15; 68;0
1.9344610127400e-04; 40; 15; 68;0
1.9346546210200e-04; 40; 15; 68;0
1.9348481101500e-04; 40; 15; 68;0
1.9350417197700e-04; 40; 15; 68;0
1.9352352086100e-04; 40; 15; 68;0
1.9354288174800e-04; 40; 15; 68;0
1.9356223060900e-04; 40; 15; 68;0
1.9358159155500e-04; 40; 15; 68;0
1.9360094041400e-04; 40; 15; 68;0
1.9362030147100e-04; 40; 15; 68;0
1.9363965031700e-04; 40; 15; 68;0
1.9365901125900e-04; 40; 15; 68;0
1.9367836018000e-04; 40; 15; 68;0
1.9369772100400e-04; 40; 15; 68;0
1.9371706991400e-04; 40; 15; 68;0
1.9373643085700e-04; 40; 15; 68;0
1.9375577978600e-04; 40; 15; 68;0
1.9377514070100e-04; 40; 15; 68;0
1.9379448977800e-04; 40; 15; 68;0
1.9381385071400e-04; 40; 15; 68;0
1.9383319960300e-04; 40; 15; 68;0
1.9385256050000e-04; 40; 15; 68;0
1.9387190935000e-04; 40; 15; 68;0
1.9389127037200e-04; 40; 15; 68;0
1.9391061938900e-04; 40; 15; 68;0
1.9392998030600e-04; 40; 15; 68;0
1.9394610343900e-04; 40; 15; 68;0
1.9396546438900e-04; 40; 15; 68;0
1.9398481319800e-04; 40; 15; 68;0
1.9400417406200e-04; 40; 15; 68;0
1.9402352300700e-04; 40; 15; 68;0
1.9404288397500e-04; 40; 15; 68;0
1.9406223283000e-04; 40; 15; 68;0
1.9408159373300e-04; 40; 15; 68;0
1.9410094259800e-04; 40; 15; 68;0
1.9412030309200e-04; 40; 15; 67;0
1.9413965182000e-04; 40; 15; 67;0
1.9415901263100e-04; 40; 15; 67;0
1.9417836130200e-04; 40; 15; 67;0
1.9419772186900e-04; 40; 15; 67;0
1.9421707069800e-04; 40; 15; 67;0
1.9423643132600e-04; 40; 15; 67;0
1.9425577999100e-04; 40; 15; 67;0
1.9427514062700e-04; 40; 15; 67;0
1.9429448931300e-04; 40; 15; 67;0
1.9431385003400e-04; 40; 15; 67;0
1.9433319868900e-04; 40; 15; 67;0
1.9435255944000e-04; 40; 15; 67;0
1.9437190798500e-04; 40; 15; 67;0
1.9439126863900e-04; 40; 15; 67;0
1.9441061730100e-04; 40; 15; 67;0
1.9442997786300e-04; 40; 15; 67;0
1.9444610074600e-04; 40; 15; 67;0
1.9446546169200e-04; 40; 15; 68;0
1.9448481068800e-04; 40; 15; 68;0
1.9450417152000e-04; 40; 15; 68;0
1.9452352057200e-04; 40; 15; 68;0
1.9454288134500e-04; 40; 15; 68;0
1.9456223032800e-04; 40; 15; 68;0
1.9458159104100e-04; 40; 15; 67;0
1.9460093966000e-04; 40; 15; 67;0
1.9462030048400e-04; 40; 15; 68;0
1.9463964923800e-04; 40; 15; 68;0
1.9465901027800e-04; 40; 15; 68;0
1.9467835928800e-04; 40; 15; 68;0
1.9469772006900e-04; 40; 15; 68;0
1.9471706897500e-04; 40; 15; 68;0
1.9473642988900e-04; 40; 15; 68;0
1.9475577884000e-04; 40; 15; 68;0
1.9477513971800e-04; 40; 15; 68;0
1.9479448854300e-04; 40; 15; 68;0
1.9481384945000e-04; 40; 15; 68;0
1.9483319827500e-04; 40; 15; 68;0
1.9485255908000e-04; 40; 15; 68;0
1.9487190792600e-04; 40; 15; 68;0
1.9489126885400e-04; 40; 15; 68;0
1.9491061792800e-04; 40; 15; 68;0
1.9492997890300e-04; 40; 15; 68;0
1.9494610200500e-04; 40; 15; 68;0
1.9496546292700e-04; 40; 15; 68;0
1.9498481193100e-04; 40; 15; 68;0
1.9500417260100e-04; 40; 15; 68;0
1.9502352157200e-04; 40; 15; 68;0
1.9504288246100e-04; 40; 15; 68;0
1.9506223133700e-04; 40; 15; 68;0
1.9508159242200e-04; 40; 15; 68;0
1.9510094136300e-04; 40; 15; 68;0
1.9512030236700e-04; 40; 15; 68;0
1.9513965125700e-04; 40; 15; 68;0
1.9515901228100e-04; 40; 15; 68;0
1.9517836112100e-04; 40; 15; 68;0
1.9519772184800e-04; 40; 15; 68;0
1.9521707071900e-04; 40; 15; 68;0
1.9523643151000e-04; 40; 15; 68;0
1.9525578061800e-04; 40; 15; 68;0
1.9527514152300e-04; 40; 15; 68;0
1.9529449037800e-04; 40; 15; 68;0
1.9531385142200e-04; 40; 15; 68;0
1.9533320031300e-04; 40; 15; 68;0
1.9535256105900e-04; 40; 15; 68;0
1.9537191009200e-04; 40; 15; 68;0
1.9539127094600e-04; 40; 15; 68;0
1.9541061995100e-04; 40; 15; 68;0
1.9542998083400e-04; 40; 15; 68;0
1.9544610382200e-04; 40; 15; 68;0
1.9546546476700e-04; 40; 15; 68;0
1.9548481360000e-04; 40; 15; 68;0
1.9550417449600e-04; 40; 15; 68;0
1.9552352345400e-04; 40; 15; 68;0
1.9554288432300e-04; 40; 15; 68;0
1.9556223302400e-04; 40; 15; 68;0
1.9558159411700e-04; 40; 15; 68;0
1.9560094300400e-04; 40; 15; 68;0
1.9562030388600e-04; 40; 15; 68;0
1.9563965272200e-04; 40; 15; 68;0
1.9565901370300e-04; 40; 15; 68;0
1.9567836238500e-04; 40; 15; 68;0
1.9569772350500e-04; 40; 15; 68;0
1.9571707239600e-04; 40; 15; 68;0
1.9573643313600e-04; 40; 15; 68;0
1.9575578198700e-04; 40; 15; 68;0
1.9577514296900e-04; 40; 15; 68;0
1.9579449190900e-04; 40; 15; 68;0
1.9581385258800e-04; 40; 15; 67;0
1.9583320119200e-04; 40; 15; 67;0
1.9585256184700e-04; 40; 15; 67;0
1.9587191054000e-04; 40; 15; 67;0
1.9589127124100e-04; 40; 15; 67;0
1.9591062008900e-04; 40; 15; 67;0
1.9592998056200e-04; 40; 15; 67;0
1.9594610350400e-04; 40; 15; 67;0
1.9596546433000e-04; 40; 15; 67;0
1.9598481289200e-04; 40; 15; 67;0
1.9600417362600e-04; 40; 15; 67;0
1.9602352222300e-04; 40; 15; 67;0
1.9604288278000e-04; 40; 15; 67;0
1.9606223140800e-04; 40; 15; 67;0
1.9608159194500e-04; 40; 15; 67;0
1.9610094069200e-04; 40; 15; 67;0
1.9612030116200e-04; 40; 15; 67;0
1.9613964989800e-04; 40; 15; 67;0
1.9615901048700e-04; 40; 15; 67;0
1.9617835923200e-04; 40; 15; 67;0
1.9619771984400e-04; 40; 15; 67;0
1.9621706862400e-04; 40; 15; 67;0
1.9623642932800e-04; 40; 15; 67;0
1.9625577803200e-04; 40; 15; 67;0
1.9627513868400e-04; 40; 15; 67;0
1.9629448729700e-04; 40; 15; 67;0
1.9631384795800e-04; 40; 15; 67;0
1.9633319671900e-04; 40; 15; 67;0
1.9635255740100e-04; 40; 15; 67;0
1.9637190624800e-04; 40; 15; 67;0
1.9639126712200e-04; 40; 15; 68;0
1.9641061612500e-04; 40; 15; 68;0
1.9642997717800e-04; 40; 15; 68;0
1.9644609995300e-04; 40; 15; 68;0
1.9646546104100e-04; 40; 15; 68;0
1.9648480997200e-04; 40; 15; 68;0
1.9650417094900e-04; 40; 15; 68;0
1.9652351988600e-04; 40; 15; 68;0
1.9654288083600e-04; 40; 15; 68;0
1.9656222966100e-04; 40; 15; 68;0
1.9658159070200e-04; 40; 15; 68;0
1.9660093947300e-04; 40; 15; 68;0
1.9662030043700e-04; 40; 15; 68;0
1.9663964935400e-04; 40; 15; 68;0
1.9665901033100e-04; 40; 15; 68;0
1.9667835915000e-04; 40; 15; 68;0
1.9669772018500e-04; 40; 15; 68;0
1.9671706902600e-04; 40; 15; 68;0
1.9673642984000e-04; 40; 15; 68;0
1.9675577881400e-04; 40; 15; 68;0
1.9677513971400e-04; 40; 15; 68;0
1.9679448866900e-04; 40; 15; 68;0
1.9681384962500e-04; 40; 15; 68;0
1.9683319843200e-04; 40; 15; 68;0
1.9685255925000e-04; 40; 15; 68;0
1.9687190824600e-04; 40; 15; 68;0
1.9689126916900e-04; 40; 15; 68;0
1.9691061816400e-04; 40; 15; 68;0
1.9692997894300e-04; 40; 15; 68;0
1.9694610205100e-04; 40; 15; 68;0
1.9696546305800e-04; 40; 15; 68;0
1.9698481197800e-04; 40; 15; 68;0
1.9700417309900e-04; 40; 15; 68;0
1.9702352194300e-04; 40; 15; 68;0
1.9704288284700e-04; 40; 15; 68;0
1.9706223170400e-04; 40; 15; 68;0
1.9708159268100e-04; 40; 15; 68;0
1.9710094154300e-04; 40; 15; 68;0
1.9712030252200e-04; 40; 15; 68;0
1.9713965140300e-04; 40; 15; 68;0
1.9715901232600e-04; 40; 15; 68;0
1.9717836116400e-04; 40; 15; 68;0
1.9719772209800e-04; 40; 15; 68;0
1.9721707107800e-04; 40; 15; 68;0
1.9723643198400e-04; 40; 15; 68;0
1.9725578076300e-04; 40; 15; 68;0
1.9727514163300e-04; 40; 15; 68;0
1.9729449057000e-04; 40; 15; 68;0
1.9731385152400e-04; 40; 15; 68;0
1.9733320042500e-04; 40; 15; 68;0
1.9735256131500e-04; 40; 15; 68;0
1.9737191024700e-04; 40; 15; 68;0
1.9739127112800e-04; 40; 15; 68;0
1.9741062012100e-04; 40; 15; 68;0
1.9742998101100e-04; 40; 15; 68;0
1.9744610414600e-04; 40; 15; 68;0
1.9746546501300e-04; 40; 15; 68;0
1.9748481401300e-04; 40; 15; 68;0
1.9750417482600e-04; 40; 15; 68;0
1.9752352378800e-04; 40; 15; 68;0
1.9754288461400e-04; 40; 15; 68;0
1.9756223372200e-04; 40; 15; 68;0
1.9758159454000e-04; 40; 15; 68;0
1.9760094364000e-04; 40; 15; 68;0
1.9762030439400e-04; 40; 15; 68;0
1.9763965352000e-04; 40; 15; 68;0
1.9765901436400e-04; 40; 15; 68;0
1.9767836330400e-04; 40; 15; 68;0
1.9769772423300e-04; 40; 15; 68;0
1.9771707313800e-04; 40; 15; 68;0
1.9773643364400e-04; 40; 15; 67;0
1.9775578244000e-04; 40; 15; 67;0
1.9777514297200e-04; 40; 15; 67;0
1.9779449158100e-04; 40; 15; 67;0
1.9781385215100e-04; 40; 15; 67;0
1.9783320072400e-04; 40; 15; 67;0
1.9785256147000e-04; 40; 15; 67;0
1.9787191014500e-04; 40; 15; 67;0
1.9789127083400e-04; 40; 15; 67;0
1.9791061959600e-04; 40; 15; 67;0
1.9792998023900e-04; 40; 15; 67;0
1.9794610306600e-04; 40; 15; 67;0
1.9796546372700e-04; 40; 15; 67;0
1.9798481240400e-04; 40; 15; 67;0
1.9800417310100e-04; 40; 15; 67;0
1.9802352191100e-04; 40; 15; 67;0
1.9804288253400e-04; 40; 15; 67;0
1.9806223114900e-04; 40; 15; 67;0
1.9808159188000e-04; 40; 15; 67;0
1.9810094054000e-04; 40; 15; 67;0
1.9812030130100e-04; 40; 15; 67;0
1.9813965005900e-04; 40; 15; 67;0
1.9815901098500e-04; 40; 15; 68;0
1.9817835984700e-04; 40; 15; 68;0
1.9819772078400e-04; 40; 15; 68;0
1.9821706966700e-04; 40; 15; 68;0
1.9823643046900e-04; 40; 15; 68;0
1.9825577931200e-04; 40; 15; 68;0
1.9827514026700e-04; 40; 15; 68;0
1.9829448939000e-04; 40; 15; 68;0
1.9831385021200e-04; 40; 15; 68;0
1.9833319909800e-04; 40; 15; 68;0
1.9835256012400e-04; 40; 15; 68;0
1.9837190889600e-04; 40; 15; 68;0
1.9839126982100e-04; 40; 15; 68;0
1.9841061874400e-04; 40; 15; 68;0
1.9842997972900e-04; 40; 15; 68;0
1.9844610284300e-04; 40; 15; 68;0
1.9846546365800e-04; 40; 15; 68;0
1.9848481267700e-04; 40; 15; 68;0
1.9850417351700e-04; 40; 15; 68;0
1.9852352239600e-04; 40; 15; 68;0
1.9854288344800e-04; 40; 15; 68;0
1.9856223245300e-04; 40; 15; 68;0
1.9858159337200e-04; 40; 15; 68;0
1.9860094241800e-04; 40; 15; 68;0
1.9862030346700e-04; 40; 15; 68;0
1.9863965218000e-04; 40; 15; 68;0
1.9865901318500e-04; 40; 15; 68;0
1.9867836210300e-04; 40; 15; 68;0
1.9869772292200e-04; 40; 15; 68;0
1.9871707187500e-04; 40; 15; 68;0
1.9873643286600e-04; 40; 15; 68;0
1.9875578175100e-04; 40; 15; 68;0
1.9877514272700e-04; 40; 15; 68;0
1.9879449164000e-04; 40; 15; 68;0
1.9881385227400e-04; 40; 15; 67;0
1.9883320103800e-04; 40; 15; 67;0
1.9885256190400e-04; 40; 15; 68;0
1.9887191075800e-04; 40; 15; 68;0
1.9889127164500e-04; 40; 15; 68;0
1.9891062051100e-04; 40; 15; 68;0
1.9892998135500e-04; 40; 15; 68;0
1.9894610468200e-04; 40; 15; 68;0
1.9896546538400e-04; 40; 15; 67;0
1.9898481399000e-04; 40; 15; 67;0
1.9900417475500e-04; 40; 15; 67;0
1.9902352323600e-04; 40; 15; 67;0
1.9904288392600e-04; 40; 15; 67;0
1.9906223258000e-04; 40; 15; 67;0
1.9908159336700e-04; 40; 15; 67;0
1.9910094198200e-04; 40; 15; 67;0
1.9912030262600e-04; 40; 15; 67;0
1.9913965139900e-04; 40; 15; 67;0
1.9915901190400e-04; 40; 15; 67;0
1.9917836057800e-04; 40; 15; 67;0
1.9919772164800e-04; 40; 15; 68;0
1.9921707054500e-04; 40; 15; 68;0
1.9923643150800e-04; 40; 15; 68;0
1.9925578049200e-04; 40; 15; 68;0
1.9927514107400e-04; 40; 15; 67;0
1.9929448984000e-04; 40; 15; 67;0
1.9931385051800e-04; 40; 15; 67;0
1.9933319912700e-04; 40; 15; 67;0
1.9935255983100e-04; 40; 15; 67;0
1.9937190848700e-04; 40; 15; 67;0
1.9939126945400e-04; 40; 15; 68;0
1.9941061832300e-04; 40; 15; 68;0
1.9942997931900e-04; 40; 15; 68;0
1.9944610243400e-04; 40; 15; 68;0
1.9946546351400e-04; 40; 15; 68;0
1.9948481243500e-04; 40; 15; 68;0
1.9950417326400e-04; 40; 15; 68;0
1.9952352213300e-04; 40; 15; 68;0
1.9954288290400e-04; 40; 15; 68;0
1.9956223174300e-04; 40; 15; 68;0
1.9958159276700e-04; 40; 15; 68;0
1.9960094164700e-04; 40; 15; 68;0
1.9962030260100e-04; 40; 15; 68;0
1.9963965157200e-04; 40; 15; 68;0
1.9965901255200e-04; 40; 15; 68;0
1.9967836148400e-04; 40; 15; 68;0
1.9969772246900e-04; 40; 15; 68;0
1.9971707130600e-04; 40; 15; 68;0
1.9973643227300e-04; 40; 15; 68;0
1.9975578117500e-04; 40; 15; 68;0
1.9977514214500e-04; 40; 15; 68;0
1.9979449096800e-04; 40; 15; 68;0
1.9981385185600e-04; 40; 15; 68;0
1.9983320063200e-04; 40; 15; 68;0
1.9985256147000e-04; 40; 15; 68;0
1.9987191029400e-04; 40; 15; 68;0
1.9989127118700e-04; 40; 15; 68;0
1.9991062002600e-04; 40; 15; 68;0
1.9992998088900e-04; 40; 15; 68;0
1.9994610407100e-04; 40; 15; 68;0
1.9996546513300e-04; 40; 15; 68;0
1.9998481400800e-04; 40; 15; 68;0
2.0000417492400e-04; 40; 15; 68;0
2.0002352386800e-04; 40; 15; 68;0
2.0004288482500e-04; 40; 15; 68;0
2.0006223378800e-04; 40; 15; 68;0
2.0008159469700e-04; 40; 15; 68;0
2.0010094369500e-04; 40; 15; 68;0
2.0012030428500e-04; 40; 15; 67;0
2.0013965301400e-04; 40; 15; 67;0
2.0015901365300e-04; 40; 15; 67;0
2.0017836226500e-04; 40; 15; 67;0
2.0019772290300e-04; 40; 15; 67;0
2.0021707154400e-04; 40; 15; 67;0
2.0023643225500e-04; 40; 15; 67;0
2.0025578080100e-04; 40; 15; 67;0
2.0027514136700e-04; 40; 15; 67;0
2.0029449001600e-04; 40; 15; 67;0
2.0031385062000e-04; 40; 15; 67;0
2.0033319926700e-04; 40; 15; 67;0
2.0035255995600e-04; 40; 15; 67;0
2.0037190860400e-04; 40; 15; 67;0
2.0039126916600e-04; 40; 15; 67;0
2.0041061788200e-04; 40; 15; 67;0
2.0042997875500e-04; 40; 15; 67;0
2.0044610165000e-04; 40; 15; 67;0
2.0046546267800e-04; 40; 15; 68;0
2.0048481142300e-04; 40; 15; 68;0
2.0050417245300e-04; 40; 15; 68;0
2.0052352135700e-04; 40; 15; 68;0
2.0054288214200e-04; 40; 15; 68;0
2.0056223098200e-04; 40; 15; 68;0
2.0058159197700e-04; 40; 15; 68;0
2.0060094100400e-04; 40; 15; 68;0
2.0062030200600e-04; 40; 15; 68;0
2.0063965073900e-04; 40; 15; 68;0
2.0065901166800e-04; 40; 15; 68;0
2.0067836052100e-04; 40; 15; 68;0
2.0069772144300e-04; 40; 15; 68;0
2.0071707034000e-04; 40; 15; 68;0
2.0073643129000e-04; 40; 15; 68;0
2.0075578014000e-04; 40; 15; 68;0
2.0077514095800e-04; 40; 15; 68;0
2.0079448978500e-04; 40; 15; 68;0
2.0081385039600e-04; 40; 15; 67;0
2.0083319908900e-04; 40; 15; 67;0
2.0085256000400e-04; 40; 15; 68;0
2.0087190906800e-04; 40; 15; 68;0
2.0089126995300e-04; 40; 15; 68;0
2.0091061890400e-04; 40; 15; 68;0
2.0092997992500e-04; 40; 15; 68;0
2.0094610293800e-04; 40; 15; 68;0
2.0096546380200e-04; 40; 15; 68;0
2.0098481267800e-04; 40; 15; 68;0
2.0100417369400e-04; 40; 15; 68;0
2.0102352277200e-04; 40; 15; 68;0
2.0104288358900e-04; 40; 15; 68;0
2.0106223242800e-04; 40; 15; 68;0
2.0108159347600e-04; 40; 15; 68;0
2.0110094242100e-04; 40; 15; 68;0
2.0112030316500e-04; 40; 15; 68;0
2.0113965212200e-04; 40; 15; 68;0
2.0115901304400e-04; 40; 15; 68;0
2.0117836198000e-04; 40; 15; 68;0
2.0119772298900e-04; 40; 15; 68;0
2.0121707187800e-04; 40; 15; 68;0
2.0123643289600e-04; 40; 15; 68;0
2.0125578169900e-04; 40; 15; 68;0
2.0127514267800e-04; 40; 15; 68;0
2.0129449157500e-04; 40; 15; 68;0
2.0131385211600e-04; 40; 15; 67;0
2.0133320077900e-04; 40; 15; 67;0
2.0135256153200e-04; 40; 15; 68;0
2.0137191049900e-04; 40; 15; 68;0
2.0139127141500e-04; 40; 15; 68;0
2.0141062030200e-04; 40; 15; 68;0
2.0142998122600e-04; 40; 15; 68;0
2.0144610431400e-04; 40; 15; 68;0
2.0146546523600e-04; 40; 15; 68;0
2.0148481429400e-04; 40; 15; 68;0
2.0150417494700e-04; 40; 15; 67;0
2.0152352358700e-04; 40; 15; 67;0
2.0154288422800e-04; 40; 15; 67;0
2.0156223282700e-04; 40; 15; 67;0
2.0158159350500e-04; 40; 15; 67;0
2.0160094229800e-04; 40; 15; 67;0
2.0162030283500e-04; 40; 15; 67;0
2.0163965160100e-04; 40; 15; 67;0
2.0165901223800e-04; 40; 15; 67;0
2.0167836081800e-04; 40; 15; 67;0
2.0169772150300e-04; 40; 15; 67;0
2.0171707014500e-04; 40; 15; 67;0
2.0173643079000e-04; 40; 15; 67;0
2.0175577951200e-04; 40; 15; 67;0
2.0177514010500e-04; 40; 15; 67;0
2.0179448882700e-04; 40; 15; 67;0
2.0181384947800e-04; 40; 15; 67;0
2.0183319804700e-04; 40; 15; 67;0
2.0185255885200e-04; 40; 15; 67;0
2.0187190752300e-04; 40; 15; 67;0
2.0189126823400e-04; 40; 15; 67;0
2.0191061703400e-04; 40; 15; 67;0
2.0192997773600e-04; 40; 15; 67;0
2.0194610064900e-04; 40; 15; 67;0
2.0196546151200e-04; 40; 15; 68;0
2.0198481055300e-04; 40; 15; 68;0
2.0200417149200e-04; 40; 15; 68;0
2.0202352041100e-04; 40; 15; 68;0
2.0204288134600e-04; 40; 15; 68;0
2.0206223044500e-04; 40; 15; 68;0
2.0208159135200e-04; 40; 15; 68;0
2.0210094011500e-04; 40; 15; 68;0
2.0212030098200e-04; 40; 15; 68;0
2.0213965005100e-04; 40; 15; 68;0
2.0215901094500e-04; 40; 15; 68;0
2.0217835994600e-04; 40; 15; 68;0
2.0219772085100e-04; 40; 15; 68;0
2.0221706955500e-04; 40; 15; 68;0
2.0223643051200e-04; 40; 15; 68;0
2.0225577940700e-04; 40; 15; 68;0
2.0227514027800e-04; 40; 15; 68;0
2.0229448916800e-04; 40; 15; 68;0
2.0231385017700e-04; 40; 15; 68;0
2.0233319900100e-04; 40; 15; 68;0
2.0235255996100e-04; 40; 15; 68;0
2.0237190880600e-04; 40; 15; 68;0
2.0239126981600e-04; 40; 15; 68;0
2.0241061885200e-04; 40; 15; 68;0
2.0242997977600e-04; 40; 15; 68;0
2.0244610295700e-04; 40; 15; 68;0
2.0246546423100e-04; 40; 15; 68;0
2.0248481296100e-04; 40; 15; 68;0
2.0250417387700e-04; 40; 15; 68;0
2.0252352272600e-04; 40; 15; 68;0
2.0254288363400e-04; 40; 15; 68;0
2.0256223252000e-04; 40; 15; 68;0
2.0258159354100e-04; 40; 15; 68;0
2.0260094254700e-04; 40; 15; 68;0
2.0262030352600e-04; 40; 15; 68;0
2.0263965247400e-04; 40; 15; 68;0
2.0265901323000e-04; 40; 15; 68;0
2.0267836225000e-04; 40; 15; 68;0
2.0269772300000e-04; 40; 15; 68;0
2.0271707199800e-04; 40; 15; 68;0
2.0273643263700e-04; 40; 15; 67;0
2.0275578117600e-04; 40; 15; 67;0
2.0277514188200e-04; 40; 15; 67;0
2.0279449042700e-04; 40; 15; 67;0
2.0281385098800e-04; 40; 15; 67;0
2.0283319950300e-04; 40; 15; 67;0
2.0285256024400e-04; 40; 15; 67;0
2.0287190903900e-04; 40; 15; 67;0
2.0289126969700e-04; 40; 15; 67;0
2.0291061833100e-04; 40; 15; 67;0
2.0292997925100e-04; 40; 15; 68;0
2.0294610235100e-04; 40; 15; 68;0
2.0296546342300e-04; 40; 15; 68;0
2.0298481227100e-04; 40; 15; 68;0
2.0300417312500e-04; 40; 15; 68;0
2.0302352191800e-04; 40; 15; 68;0
2.0304288287300e-04; 40; 15; 68;0
2.0306223196000e-04; 40; 15; 68;0
2.0308159302100e-04; 40; 15; 68;0
2.0310094180600e-04; 40; 15; 68;0
2.0312030261700e-04; 40; 15; 68;0
2.0313965136500e-04; 40; 15; 68;0
2.0315901239000e-04; 40; 15; 68;0
2.0317836123100e-04; 40; 15; 68;0
2.0319772205800e-04; 40; 15; 68;0
2.0321707102600e-04; 40; 15; 68;0
2.0323643194500e-04; 40; 15; 68;0
2.0325578092600e-04; 40; 15; 68;0
2.0327514184500e-04; 40; 15; 68;0
2.0329449078500e-04; 40; 15; 68;0
2.0331385149100e-04; 40; 15; 67;0
2.0333320022800e-04; 40; 15; 67;0
2.0335256106100e-04; 40; 15; 68;0
2.0337190993100e-04; 40; 15; 68;0
2.0339127094700e-04; 40; 15; 68;0
2.0341061993500e-04; 40; 15; 68;0
2.0342998084900e-04; 40; 15; 68;0
2.0344610390100e-04; 40; 15; 68;0
2.0346546482600e-04; 40; 15; 68;0
2.0348481359400e-04; 40; 15; 68;0
2.0350417453500e-04; 40; 15; 68;0
2.0352352323100e-04; 40; 15; 68;0
2.0354288426800e-04; 40; 15; 68;0
2.0356223320200e-04; 40; 15; 68;0
2.0358159419900e-04; 40; 15; 68;0
2.0360094310300e-04; 40; 15; 68;0
2.0362030412700e-04; 40; 15; 68;0
2.0363965294800e-04; 40; 15; 68;0
2.0365901383500e-04; 40; 15; 68;0
2.0367836282100e-04; 40; 15; 68;0
2.0369772364100e-04; 40; 15; 68;0
2.0371707259900e-04; 40; 15; 68;0
2.0373643334100e-04; 40; 15; 67;0
2.0375578207400e-04; 40; 15; 67;0
2.0377514274300e-04; 40; 15; 67;0
2.0379449118100e-04; 40; 15; 67;0
2.0381385169300e-04; 40; 15; 67;0
2.0383320036500e-04; 40; 15; 67;0
2.0385256115400e-04; 40; 15; 67;0
2.0387190984800e-04; 40; 15; 67;0
2.0389127029900e-04; 40; 15; 67;0
2.0391061901700e-04; 40; 15; 67;0
2.0392997965200e-04; 40; 15; 67;0
2.0394610261300e-04; 40; 15; 67;0
2.0396546336500e-04; 40; 15; 67;0
2.0398481210500e-04; 40; 15; 67;0
2.0400417264600e-04; 40; 15; 67;0
2.0402352132300e-04; 40; 15; 67;0
2.0404288198100e-04; 40; 15; 67;0
2.0406223064500e-04; 40; 15; 67;0
2.0408159122900e-04; 40; 15; 67;0
2.0410094001800e-04; 40; 15; 67;0
2.0412030088700e-04; 40; 15; 67;0
2.0413964946900e-04; 40; 15; 67;0
2.0415901041300e-04; 40; 15; 68;0
2.0417835934900e-04; 40; 15; 68;0
2.0419772013400e-04; 40; 15; 68;0
2.0421706895000e-04; 40; 15; 68;0
2.0423642985200e-04; 40; 15; 68;0
2.0425577873000e-04; 40; 15; 68;0
2.0427513973800e-04; 40; 15; 68;0
2.0429448856700e-04; 40; 15; 68;0
2.0431384948700e-04; 40; 15; 68;0
2.0433319830700e-04; 40; 15; 68;0
2.0435255912500e-04; 40; 15; 68;0
2.0437190809700e-04; 40; 15; 68;0
2.0439126907800e-04; 40; 15; 68;0
2.0441061806600e-04; 40; 15; 68;0
2.0442997896200e-04; 40; 15; 68;0
2.0444610211600e-04; 40; 15; 68;0
2.0446546311000e-04; 40; 15; 68;0
2.0448481194900e-04; 40; 15; 68;0
2.0450417298800e-04; 40; 15; 68;0
2.0452352184300e-04; 40; 15; 68;0
2.0454288274700e-04; 40; 15; 68;0
2.0456223168500e-04; 40; 15; 68;0
2.0458159251000e-04; 40; 15; 68;0
2.0460094139200e-04; 40; 15; 68;0
2.0462030236900e-04; 40; 15; 68;0
2.0463965116100e-04; 40; 15; 68;0
2.0465901207100e-04; 40; 15; 68;0
2.0467836102500e-04; 40; 15; 68;0
2.0469772178000e-04; 40; 15; 68;0
2.0471707075700e-04; 40; 15; 68;0
2.0473643164100e-04; 40; 15; 68;0
2.0475578058800e-04; 40; 15; 68;0
2.0477514148300e-04; 40; 15; 68;0
2.0479449044600e-04; 40; 15; 68;0
2.0481385100800e-04; 40; 15; 67;0
2.0483319969700e-04; 40; 15; 67;0
2.0485256072100e-04; 40; 15; 68;0
2.0487190965300e-04; 40; 15; 68;0
2.0489127065600e-04; 40; 15; 68;0
2.0491061961400e-04; 40; 15; 68;0
2.0492998047200e-04; 40; 15; 68;0
2.0494610351300e-04; 40; 15; 68;0
2.0496546444400e-04; 40; 15; 68;0
2.0498481332700e-04; 40; 15; 68;0
2.0500417420500e-04; 40; 15; 68;0
2.0502352325600e-04; 40; 15; 68;0
2.0504288427600e-04; 40; 15; 68;0
2.0506223320000e-04; 40; 15; 68;0
2.0508159403300e-04; 40; 15; 68;0
2.0510094281100e-04; 40; 15; 68;0
2.0512030351900e-04; 40; 15; 67;0
2.0513965208400e-04; 40; 15; 67;0
2.0515901274000e-04; 40; 15; 67;0
2.0517836132400e-04; 40; 15; 67;0
2.0519772209800e-04; 40; 15; 67;0
2.0521707089300e-04; 40; 15; 67;0
2.0523643149300e-04; 40; 15; 67;0
2.0525578028300e-04; 40; 15; 67;0
2.0527514094600e-04; 40; 15; 67;0
2.0529448959000e-04; 40; 15; 67;0
2.0531385029500e-04; 40; 15; 67;0
2.0533319886900e-04; 40; 15; 67;0
2.0535255961100e-04; 40; 15; 67;0
2.0537190821900e-04; 40; 15; 67;0
2.0539126884300e-04; 40; 15; 67;0
2.0541061746400e-04; 40; 15; 67;0
2.0542997838200e-04; 40; 15; 68;0
2.0544610141700e-04; 40; 15; 68;0
2.0546546225200e-04; 40; 15; 68;0
2.0548481116100e-04; 40; 15; 68;0
2.0550417185800e-04; 40; 15; 68;0
2.0552352099200e-04; 40; 15; 68;0
2.0554288205200e-04; 40; 15; 68;0
2.0556223069400e-04; 40; 15; 68;0
2.0558159172700e-04; 40; 15; 68;0
2.0560094055300e-04; 40; 15; 68;0
2.0562030125700e-04; 40; 15; 68;0
2.0563965018500e-04; 40; 15; 68;0
2.0565901111900e-04; 40; 15; 68;0
2.0567836008200e-04; 40; 15; 68;0
2.0569772104400e-04; 40; 15; 68;0
2.0571706987400e-04; 40; 15; 68;0
2.0573643074500e-04; 40; 15; 68;0
2.0575577967200e-04; 40; 15; 68;0
2.0577514060900e-04; 40; 15; 68;0
2.0579448958000e-04; 40; 15; 68;0
2.0581385048000e-04; 40; 15; 68;0
2.0583319920000e-04; 40; 15; 68;0
2.0585256011100e-04; 40; 15; 68;0
2.0587190907400e-04; 40; 15; 68;0
2.0589126984200e-04; 40; 15; 68;0
2.0591061877300e-04; 40; 15; 68;0
2.0592997958300e-04; 40; 15; 68;0
2.0594610270500e-04; 40; 15; 68;0
2.0596546347700e-04; 40; 15; 68;0
2.0598481239600e-04; 40; 15; 68;0
2.0600417325900e-04; 40; 15; 68;0
2.0602352213400e-04; 40; 15; 68;0
2.0604288299800e-04; 40; 15; 68;0
2.0606223197700e-04; 40; 15; 68;0
2.0608159269100e-04; 40; 15; 68;0
2.0610094167000e-04; 40; 15; 68;0
2.0612030261300e-04; 40; 15; 68;0
2.0613965145800e-04; 40; 15; 68;0
2.0615901250700e-04; 40; 15; 68;0
2.0617836135800e-04; 40; 15; 68;0
2.0619772227000e-04; 40; 15; 68;0
2.0621707129900e-04; 40; 15; 68;0
2.0623643205100e-04; 40; 15; 68;0
2.0625578095700e-04; 40; 15; 68;0
2.0627514189500e-04; 40; 15; 68;0
2.0629449080500e-04; 40; 15; 68;0
2.0631385172700e-04; 40; 15; 68;0
2.0633320064900e-04; 40; 15; 68;0
2.0635256152000e-04; 40; 15; 68;0
2.0637191051400e-04; 40; 15; 68;0
2.0639127137200e-04; 40; 15; 68;0
2.0641062028200e-04; 40; 15; 68;0
2.0642998122500e-04; 40; 15; 68;0
2.0644610413600e-04; 40; 15; 68;0
2.0646546518100e-04; 40; 15; 68;0
2.0648481404700e-04; 40; 15; 68;0
2.0650417452100e-04; 40; 15; 67;0
2.0652352316200e-04; 40; 15; 67;0
2.0654288379900e-04; 40; 15; 67;0
2.0656223241400e-04; 40; 15; 67;0
2.0658159304200e-04; 40; 15; 67;0
2.0660094173300e-04; 40; 15; 67;0
2.0662030247200e-04; 40; 15; 67;0
2.0663965118600e-04; 40; 15; 67;0
2.0665901180100e-04; 40; 15; 67;0
2.0667836069400e-04; 40; 15; 67;0
2.0669772158200e-04; 40; 15; 68;0
2.0671707039000e-04; 40; 15; 68;0
2.0673643111400e-04; 40; 15; 68;0
2.0675578027500e-04; 40; 15; 68;0
2.0677514117900e-04; 40; 15; 68;0
2.0679449027900e-04; 40; 15; 68;0
2.0681385081100e-04; 40; 15; 67;0
2.0683319948700e-04; 40; 15; 67;0
2.0685256023700e-04; 40; 15; 67;0
2.0687190904300e-04; 40; 15; 67;0
2.0689126960600e-04; 40; 15; 67;0
2.0691061817300e-04; 40; 15; 67;0
2.0692997880600e-04; 40; 15; 67;0
2.0694610164100e-04; 40; 15; 67;0
2.0696546224600e-04; 40; 15; 67;0
2.0698481075500e-04; 40; 15; 67;0
2.0700417146300e-04; 40; 15; 67;0
2.0702352019800e-04; 40; 15; 67;0
2.0704288088600e-04; 40; 15; 67;0
2.0706222953100e-04; 40; 15; 67;0
2.0708159008700e-04; 40; 15; 67;0
2.0710093882200e-04; 40; 15; 67;0
2.0712029947500e-04; 40; 15; 67;0
2.0713964807800e-04; 40; 15; 67;0
2.0715900902600e-04; 40; 15; 68;0
2.0717835805000e-04; 40; 15; 68;0
2.0719771891600e-04; 40; 15; 68;0
2.0721706789500e-04; 40; 15; 68;0
2.0723642880000e-04; 40; 15; 68;0
2.0725577782300e-04; 40; 15; 68;0
2.0727513863400e-04; 40; 15; 68;0
2.0729448767400e-04; 40; 15; 68;0
2.0731384835300e-04; 40; 15; 68;0
2.0733319731600e-04; 40; 15; 68;0
2.0735255824100e-04; 40; 15; 68;0
2.0737190707400e-04; 40; 15; 68;0
2.0739126802900e-04; 40; 15; 68;0
2.0741061676500e-04; 40; 15; 68;0
2.0742997770200e-04; 40; 15; 68;0
2.0744610073500e-04; 40; 15; 68;0
2.0746546176100e-04; 40; 15; 68;0
2.0748481063800e-04; 40; 15; 68;0
2.0750417149700e-04; 40; 15; 68;0
2.0752352044200e-04; 40; 15; 68;0
2.0754288132700e-04; 40; 15; 68;0
2.0756223033400e-04; 40; 15; 68;0
2.0758159126400e-04; 40; 15; 68;0
2.0760094026100e-04; 40; 15; 68;0
2.0762030124400e-04; 40; 15; 68;0
2.0763965010100e-04; 40; 15; 68;0
2.0765901106800e-04; 40; 15; 68;0
2.0767836014000e-04; 40; 15; 68;0
2.0769772112200e-04; 40; 15; 68;0
2.0771707001000e-04; 40; 15; 68;0
2.0773643098800e-04; 40; 15; 68;0
2.0775577984400e-04; 40; 15; 68;0
2.0777514076600e-04; 40; 15; 68;0
2.0779448962200e-04; 40; 15; 68;0
2.0781385063600e-04; 40; 15; 68;0
2.0783319959400e-04; 40; 15; 68;0
2.0785256052300e-04; 40; 15; 68;0
2.0787190955700e-04; 40; 15; 68;0
2.0789127049300e-04; 40; 15; 68;0
2.0791061938700e-04; 40; 15; 68;0
2.0792998029000e-04; 40; 15; 68;0
2.0794610336200e-04; 40; 15; 68;0
2.0796546423700e-04; 40; 15; 68;0
2.0798481324200e-04; 40; 15; 68;0
2.0800417421500e-04; 40; 15; 68;0
2.0802352312400e-04; 40; 15; 68;0
2.0804288408900e-04; 40; 15; 68;0
2.0806223300500e-04; 40; 15; 68;0
2.0808159398400e-04; 40; 15; 68;0
2.0810094312900e-04; 40; 15; 68;0
2.0812030386000e-04; 40; 15; 67;0
2.0813965257100e-04; 40; 15; 67;0
2.0815901321000e-04; 40; 15; 67;0
2.0817836198200e-04; 40; 15; 67;0
2.0819772272600e-04; 40; 15; 67;0
2.0821707116500e-04; 40; 15; 67;0
2.0823643187400e-04; 40; 15; 67;0
2.0825578046800e-04; 40; 15; 67;0
2.0827514127000e-04; 40; 15; 67;0
2.0829449002300e-04; 40; 15; 67;0
2.0831385066400e-04; 40; 15; 67;0
2.0833319935100e-04; 40; 15; 67;0
2.0835255999500e-04; 40; 15; 67;0
2.0837190879300e-04; 40; 15; 67;0
2.0839126934200e-04; 40; 15; 67;0
2.0841061813500e-04; 40; 15; 67;0
2.0842997905900e-04; 40; 15; 68;0
2.0844610223300e-04; 40; 15; 68;0
2.0846546315100e-04; 40; 15; 68;0
2.0848481218200e-04; 40; 15; 68;0
2.0850417315900e-04; 40; 15; 68;0
2.0852352199600e-04; 40; 15; 68;0
2.0854288293900e-04; 40; 15; 68;0
2.0856223192200e-04; 40; 15; 68;0
2.0858159294800e-04; 40; 15; 68;0
2.0860094181100e-04; 40; 15; 68;0
2.0862030258100e-04; 40; 15; 68;0
2.0863965147100e-04; 40; 15; 68;0
2.0865901252900e-04; 40; 15; 68;0
2.0867836152100e-04; 40; 15; 68;0
2.0869772233700e-04; 40; 15; 68;0
2.0871707137000e-04; 40; 15; 68;0
2.0873643241800e-04; 40; 15; 68;0
2.0875578128600e-04; 40; 15; 68;0
2.0877514212500e-04; 40; 15; 68;0
2.0879449105500e-04; 40; 15; 68;0
2.0881385206000e-04; 40; 15; 68;0
2.0883320096500e-04; 40; 15; 68;0
2.0885256182300e-04; 40; 15; 68;0
2.0887191070200e-04; 40; 15; 68;0
2.0889127151100e-04; 40; 15; 68;0
2.0891062049900e-04; 40; 15; 68;0
2.0892998132600e-04; 40; 15; 68;0
2.0894610457400e-04; 40; 15; 68;0
2.0896546529200e-04; 40; 15; 68;0
2.0898481429900e-04; 40; 15; 68;0
2.0900417498700e-04; 40; 15; 67;0
2.0902352360300e-04; 40; 15; 67;0
2.0904288410100e-04; 40; 15; 67;0
2.0906223284100e-04; 40; 15; 67;0
2.0908159364300e-04; 40; 15; 67;0
2.0910094233400e-04; 40; 15; 67;0
2.0912030310500e-04; 40; 15; 67;0
2.0913965179800e-04; 40; 15; 67;0
2.0915901231800e-04; 40; 15; 67;0
2.0917836105500e-04; 40; 15; 67;0
2.0919772197300e-04; 40; 15; 68;0
2.0921707082900e-04; 40; 15; 68;0
2.0923643166700e-04; 40; 15; 68;0
2.0925578061400e-04; 40; 15; 68;0
2.0927514146700e-04; 40; 15; 68;0
2.0929449036700e-04; 40; 15; 68;0
2.0931385102800e-04; 40; 15; 67;0
2.0933319953700e-04; 40; 15; 67;0
2.0935256039700e-04; 40; 15; 68;0
2.0937190939800e-04; 40; 15; 68;0
2.0939127027600e-04; 40; 15; 68;0
2.0941061897400e-04; 40; 15; 68;0
2.0942998005800e-04; 40; 15; 68;0
2.0944610307100e-04; 40; 15; 68;0
2.0946546398600e-04; 40; 15; 68;0
2.0948481307600e-04; 40; 15; 68;0
2.0950417390700e-04; 40; 15; 68;0
2.0952352291300e-04; 40; 15; 68;0
2.0954288373600e-04; 40; 15; 68;0
2.0956223264400e-04; 40; 15; 68;0
2.0958159367400e-04; 40; 15; 68;0
2.0960094277100e-04; 40; 15; 68;0
2.0962030361000e-04; 40; 15; 67;0
2.0963965224100e-04; 40; 15; 67;0
2.0965901283400e-04; 40; 15; 67;0
2.0967836163400e-04; 40; 15; 67;0
2.0969772233600e-04; 40; 15; 67;0
2.0971707087500e-04; 40; 15; 67;0
2.0973643162500e-04; 40; 15; 67;0
2.0975578036700e-04; 40; 15; 67;0
2.0977514104900e-04; 40; 15; 67;0
2.0979448967400e-04; 40; 15; 67;0
2.0981385041600e-04; 40; 15; 67;0
2.0983319905300e-04; 40; 15; 67;0
2.0985255966700e-04; 40; 15; 67;0
2.0987190838800e-04; 40; 15; 67;0
2.0989126914000e-04; 40; 15; 67;0
2.0991061770300e-04; 40; 15; 67;0
2.0992997866000e-04; 40; 15; 68;0
2.0994610181700e-04; 40; 15; 68;0
2.0996546253600e-04; 40; 15; 68;0
2.0998481150600e-04; 40; 15; 68;0
2.1000417235600e-04; 40; 15; 68;0
2.1002352129100e-04; 40; 15; 68;0
2.1004288217200e-04; 40; 15; 68;0
2.1006223110800e-04; 40; 15; 68;0
2.1008159193400e-04; 40; 15; 68;0
2.1010094087300e-04; 40; 15; 68;0
2.1012030178300e-04; 40; 15; 68;0
2.1013965078400e-04; 40; 15; 68;0
2.1015901174200e-04; 40; 15; 68;0
2.1017836071500e-04; 40; 15; 68;0
2.1019772162400e-04; 40; 15; 68;0
2.1021707052400e-04; 40; 15; 68;0
2.1023643136400e-04; 40; 15; 68;0
2.1025578033600e-04; 40; 15; 68;0
2.1027514115500e-04; 40; 15; 68;0
2.1029449011400e-04; 40; 15; 68;0
2.1031385119500e-04; 40; 15; 68;0
2.1033320010100e-04; 40; 15; 68;0
2.1035256115500e-04; 40; 15; 68;0
2.1037190996000e-04; 40; 15; 68;0
2.1039127084700e-04; 40; 15; 68;0
2.1041061985300e-04; 40; 15; 68;0
2.1042998071200e-04; 40; 15; 68;0
2.1044610375300e-04; 40; 15; 68;0
2.1046546479700e-04; 40; 15; 68;0
2.1048481373300e-04; 40; 15; 68;0
2.1050417466300e-04; 40; 15; 68;0
2.1052352337400e-04; 40; 15; 68;0
2.1054288425500e-04; 40; 15; 68;0
2.1056223309000e-04; 40; 15; 68;0
2.1058159406600e-04; 40; 15; 68;0
2.1060094304200e-04; 40; 15; 68;0
2.1062030376100e-04; 40; 15; 68;0
2.1063965273100e-04; 40; 15; 68;0
2.1065901351100e-04; 40; 15; 67;0
2.1067836217500e-04; 40; 15; 67;0
2.1069772303100e-04; 40; 15; 67;0
2.1071707161700e-04; 40; 15; 67;0
2.1073643229500e-04; 40; 15; 67;0
2.1075578108700e-04; 40; 15; 67;0
2.1077514171900e-04; 40; 15; 67;0
2.1079449042600e-04; 40; 15; 67;0
2.1081385121000e-04; 40; 15; 67;0
2.1083319979700e-04; 40; 15; 67;0
2.1085256042400e-04; 40; 15; 67;0
2.1087190900500e-04; 40; 15; 67;0
2.1089126966600e-04; 40; 15; 67;0
2.1091061828200e-04; 40; 15; 67;0
2.1092997905700e-04; 40; 15; 67;0
2.1094610191400e-04; 40; 15; 67;0
2.1096546261300e-04; 40; 15; 67;0
2.1098481115200e-04; 40; 15; 67;0
2.1100417208800e-04; 40; 15; 68;0
2.1102352098200e-04; 40; 15; 68;0
2.1104288202200e-04; 40; 15; 68;0
2.1106223090400e-04; 40; 15; 68;0
2.1108159168100e-04; 40; 15; 68;0
2.1110094070800e-04; 40; 15; 68;0
2.1112030156500e-04; 40; 15; 68;0
2.1113965042600e-04; 40; 15; 68;0
2.1115901137300e-04; 40; 15; 68;0
2.1117836035900e-04; 40; 15; 68;0
2.1119772130000e-04; 40; 15; 68;0
2.1121707016200e-04; 40; 15; 68;0
2.1123643119600e-04; 40; 15; 68;0
2.1125577989700e-04; 40; 15; 68;0
2.1127514083900e-04; 40; 15; 68;0
2.1129448970600e-04; 40; 15; 68;0
2.1131385057700e-04; 40; 15; 68;0
2.1133319950700e-04; 40; 15; 68;0
2.1135256042000e-04; 40; 15; 68;0
2.1137190936500e-04; 40; 15; 68;0
2.1139127033000e-04; 40; 15; 68;0
2.1141061936200e-04; 40; 15; 68;0
2.1142998024900e-04; 40; 15; 68;0
2.1144610339900e-04; 40; 15; 68;0
2.1146546436900e-04; 40; 15; 68;0
2.1148481333600e-04; 40; 15; 68;0
2.1150417431700e-04; 40; 15; 68;0
2.1152352321400e-04; 40; 15; 68;0
2.1154288419600e-04; 40; 15; 68;0
2.1156223315600e-04; 40; 15; 68;0
2.1158159415500e-04; 40; 15; 68;0
2.1160094316700e-04; 40; 15; 68;0
2.1162030405700e-04; 40; 15; 68;0
2.1163965297900e-04; 40; 15; 68;0
2.1165901369800e-04; 40; 15; 67;0
2.1167836235500e-04; 40; 15; 67;0
2.1169772293200e-04; 40; 15; 67;0
2.1171707153100e-04; 40; 15; 67;0
2.1173643209000e-04; 40; 15; 67;0
2.1175578090100e-04; 40; 15; 67;0
2.1177514161600e-04; 40; 15; 67;0
2.1179449020700e-04; 40; 15; 67;0
2.1181385077700e-04; 40; 15; 67;0
2.1183319954200e-04; 40; 15; 67;0
2.1185256035300e-04; 40; 15; 67;0
2.1187190885600e-04; 40; 15; 67;0
2.1189126986900e-04; 40; 15; 68;0
2.1191061870400e-04; 40; 15; 68;0
2.1192997946000e-04; 40; 15; 68;0
2.1194610259700e-04; 40; 15; 68;0
2.1196546349700e-04; 40; 15; 68;0
2.1198481229300e-04; 40; 15; 68;0
2.1200417320600e-04; 40; 15; 68;0
2.1202352223000e-04; 40; 15; 68;0
2.1204288316400e-04; 40; 15; 68;0
2.1206223206000e-04; 40; 15; 68;0
2.1208159311600e-04; 40; 15; 68;0
2.1210094203200e-04; 40; 15; 68;0
2.1212030295300e-04; 40; 15; 68;0
2.1213965169300e-04; 40; 15; 68;0
2.1215901247200e-04; 40; 15; 68;0
2.1217836136500e-04; 40; 15; 68;0
2.1219772223300e-04; 40; 15; 68;0
2.1221707120700e-04; 40; 15; 68;0
2.1223643186900e-04; 40; 15; 68;0
2.1225578063500e-04; 40; 15; 68;0
2.1227514167800e-04; 40; 15; 68;0
2.1229449047000e-04; 40; 15; 68;0
2.1231385143900e-04; 40; 15; 68;0
2.1233320034500e-04; 40; 15; 68;0
2.1235256129700e-04; 40; 15; 68;0
2.1237191029600e-04; 40; 15; 68;0
2.1239127117400e-04; 40; 15; 68;0
2.1241062006800e-04; 40; 15; 68;0
2.1242998100400e-04; 40; 15; 68;0
2.1244610420000e-04; 40; 15; 68;0
2.1246546500800e-04; 40; 15; 68;0
2.1248481390100e-04; 40; 15; 68;0
2.1250417482000e-04; 40; 15; 68;0
2.1252352370900e-04; 40; 15; 68;0
2.1254288455200e-04; 40; 15; 68;0
2.1256223353700e-04; 40; 15; 68;0
2.1258159438300e-04; 40; 15; 68;0
2.1260094333200e-04; 40; 15; 68;0
2.1262030431400e-04; 40; 15; 68;0
2.1263965298500e-04; 40; 15; 68;0
2.1265901410400e-04; 40; 15; 68;0
2.1267836324200e-04; 40; 15; 68;0
2.1269772411800e-04; 40; 15; 68;0
2.1271707311100e-04; 40; 15; 68;0
2.1273643379700e-04; 40; 15; 67;0
2.1275578249100e-04; 40; 15; 67;0
2.1277514316700e-04; 40; 15; 67;0
2.1279449183300e-04; 40; 15; 67;0
2.1281385237800e-04; 40; 15; 67;0
2.1283320100400e-04; 40; 15; 67;0
2.1285256167500e-04; 40; 15; 67;0
2.1287191039400e-04; 40; 15; 67;0
2.1289127112500e-04; 40; 15; 67;0
2.1291061995400e-04; 40; 15; 67;0
2.1292998043800e-04; 40; 15; 67;0
2.1294610344800e-04; 40; 15; 67;0
2.1296546403300e-04; 40; 15; 67;0
2.1298481259800e-04; 40; 15; 67;0
2.1300417343300e-04; 40; 15; 67;0
2.1302352203000e-04; 40; 15; 67;0
2.1304288277600e-04; 40; 15; 67;0
2.1306223137100e-04; 40; 15; 67;0
2.1308159204900e-04; 40; 15; 67;0
2.1310094065300e-04; 40; 15; 67;0
2.1312030124700e-04; 40; 15; 67;0
2.1313965001900e-04; 40; 15; 67;0
2.1315901072000e-04; 40; 15; 67;0
2.1317835937000e-04; 40; 15; 67;0
2.1319772038000e-04; 40; 15; 68;0
2.1321706936500e-04; 40; 15; 68;0
2.1323643018800e-04; 40; 15; 68;0
2.1325577900800e-04; 40; 15; 68;0
2.1327513987900e-04; 40; 15; 68;0
2.1329448885400e-04; 40; 15; 68;0
2.1331384964300e-04; 40; 15; 67;0
2.1333319826000e-04; 40; 15; 67;0
2.1335255932500e-04; 40; 15; 68;0
2.1337190817500e-04; 40; 15; 68;0
2.1339126905300e-04; 40; 15; 68;0
2.1341061804600e-04; 40; 15; 68;0
2.1342997913700e-04; 40; 15; 68;0
2.1344610213700e-04; 40; 15; 68;0
2.1346546301000e-04; 40; 15; 68;0
2.1348481192700e-04; 40; 15; 68;0
2.1350417278400e-04; 40; 15; 68;0
2.1352352176400e-04; 40; 15; 68;0
2.1354288266100e-04; 40; 15; 68;0
2.1356223149800e-04; 40; 15; 68;0
2.1358159238000e-04; 40; 15; 68;0
2.1360094142500e-04; 40; 15; 68;0
2.1362030233100e-04; 40; 15; 68;0
2.1363965126900e-04; 40; 15; 68;0
2.1365901221800e-04; 40; 15; 68;0
2.1367836098800e-04; 40; 15; 68;0
2.1369772179200e-04; 40; 15; 68;0
2.1371707079200e-04; 40; 15; 68;0
2.1373643173500e-04; 40; 15; 68;0
2.1375578079300e-04; 40; 15; 68;0
2.1377514161900e-04; 40; 15; 68;0
2.1379449048000e-04; 40; 15; 68;0
2.1381385149200e-04; 40; 15; 68;0
2.1383320038500e-04; 40; 15; 68;0
2.1385256142700e-04; 40; 15; 68;0
2.1387191020200e-04; 40; 15; 68;0
2.1389127113000e-04; 40; 15; 68;0
2.1391062002500e-04; 40; 15; 68;0
2.1392998097700e-04; 40; 15; 68;0
2.1394610390600e-04; 40; 15; 68;0
2.1396546476400e-04; 40; 15; 68;0
2.1398481354300e-04; 40; 15; 68;0
2.1400417424200e-04; 40; 15; 67;0
2.1402352293900e-04; 40; 15; 67;0
2.1404288375200e-04; 40; 15; 67;0
2.1406223226700e-04; 40; 15; 67;0
2.1408159281200e-04; 40; 15; 67;0
2.1410094167600e-04; 40; 15; 67;0
2.1412030234200e-04; 40; 15; 67;0
2.1413965116700e-04; 40; 15; 67;0
2.1415901190100e-04; 40; 15; 67;0
2.1417836049200e-04; 40; 15; 67;0
2.1419772134200e-04; 40; 15; 68;0
2.1421707026900e-04; 40; 15; 68;0
2.1423643132600e-04; 40; 15; 68;0
2.1425577997700e-04; 40; 15; 68;0
2.1427514093500e-04; 40; 15; 68;0
2.1429448981000e-04; 40; 15; 68;0
2.1431385085700e-04; 40; 15; 68;0
2.1433319972800e-04; 40; 15; 68;0
2.1435256051400e-04; 40; 15; 68;0
2.1437190952700e-04; 40; 15; 68;0
2.1439127042800e-04; 40; 15; 68;0
2.1441061930600e-04; 40; 15; 68;0
2.1442998018300e-04; 40; 15; 68;0
2.1444610312100e-04; 40; 15; 68;0
2.1446546418400e-04; 40; 15; 68;0
2.1448481305900e-04; 40; 15; 68;0
2.1450417404000e-04; 40; 15; 68;0
2.1452352308600e-04; 40; 15; 68;0
2.1454288398400e-04; 40; 15; 68;0
2.1456223289900e-04; 40; 15; 68;0
2.1458159375700e-04; 40; 15; 68;0
2.1460094280300e-04; 40; 15; 68;0
2.1462030359000e-04; 40; 15; 68;0
2.1463965238100e-04; 40; 15; 68;0
2.1465901333300e-04; 40; 15; 68;0
2.1467836213000e-04; 40; 15; 68;0
2.1469772311800e-04; 40; 15; 68;0
2.1471707207900e-04; 40; 15; 68;0
2.1473643295700e-04; 40; 15; 68;0
2.1475578190000e-04; 40; 15; 68;0
2.1477514272500e-04; 40; 15; 68;0
2.1479449174600e-04; 40; 15; 68;0
2.1481385264400e-04; 40; 15; 68;0
2.1483320144400e-04; 40; 15; 68;0
2.1485256212700e-04; 40; 15; 67;0
2.1487191076900e-04; 40; 15; 67;0
2.1489127151800e-04; 40; 15; 67;0
2.1491062032400e-04; 40; 15; 67;0
2.1492998098400e-04; 40; 15; 67;0
2.1494610379600e-04; 40; 15; 67;0
2.1496546448900e-04; 40; 15; 67;0
2.1498481303400e-04; 40; 15; 67;0
2.1500417364100e-04; 40; 15; 67;0
2.1502352232400e-04; 40; 15; 67;0
2.1504288294900e-04; 40; 15; 67;0
2.1506223178800e-04; 40; 15; 67;0
2.1508159232500e-04; 40; 15; 67;0
2.1510094100400e-04; 40; 15; 67;0
2.1512030158000e-04; 40; 15; 67;0
2.1513965032400e-04; 40; 15; 67;0
2.1515901098900e-04; 40; 15; 67;0
2.1517835962300e-04; 40; 15; 67;0
2.1519772053300e-04; 40; 15; 68;0
2.1521706939700e-04; 40; 15; 68;0
2.1523643031900e-04; 40; 15; 68;0
2.1525577912600e-04; 40; 15; 68;0
2.1527514007500e-04; 40; 15; 68;0
2.1529448897400e-04; 40; 15; 68;0
2.1531384989200e-04; 40; 15; 68;0
2.1533319890700e-04; 40; 15; 68;0
2.1535255993800e-04; 40; 15; 68;0
2.1537190891800e-04; 40; 15; 68;0
2.1539126981400e-04; 40; 15; 68;0
2.1541061878700e-04; 40; 15; 68;0
2.1542997962400e-04; 40; 15; 68;0
2.1544610267300e-04; 40; 15; 68;0
2.1546546363500e-04; 40; 15; 68;0
2.1548481249700e-04; 40; 15; 68;0
2.1550417341300e-04; 40; 15; 68;0
2.1552352236600e-04; 40; 15; 68;0
2.1554288324000e-04; 40; 15; 68;0
2.1556223209900e-04; 40; 15; 68;0
2.1558159303400e-04; 40; 15; 68;0
2.1560094190000e-04; 40; 15; 68;0
2.1562030285300e-04; 40; 15; 68;0
2.1563965177200e-04; 40; 15; 68;0
2.1565901282500e-04; 40; 15; 68;0
2.1567836168500e-04; 40; 15; 68;0
2.1569772249700e-04; 40; 15; 68;0
2.1571707146200e-04; 40; 15; 68;0
2.1573643225900e-04; 40; 15; 68;0
2.1575578129700e-04; 40; 15; 68;0
2.1577514211300e-04; 40; 15; 68;0
2.1579449113500e-04; 40; 15; 68;0
2.1581385202300e-04; 40; 15; 68;0
2.1583320108100e-04; 40; 15; 68;0
2.1585256190500e-04; 40; 15; 68;0
2.1587191079900e-04; 40; 15; 68;0
2.1589127178800e-04; 40; 15; 68;0
2.1591062076800e-04; 40; 15; 68;0
2.1592998172000e-04; 40; 15; 68;0
2.1594610482500e-04; 40; 15; 68;0
2.1596546566300e-04; 40; 15; 68;0
2.1598481460600e-04; 40; 15; 68;0
2.1600417542900e-04; 40; 15; 68;0
2.1602352439000e-04; 40; 15; 68;0
2.1604288535100e-04; 40; 15; 68;0
2.1606223424200e-04; 40; 15; 68;0
2.1608159490200e-04; 40; 15; 67;0
2.1610094362500e-04; 40; 15; 67;0
2.1612030432100e-04; 40; 15; 67;0
2.1613965308100e-04; 40; 15; 67;0
2.1615901396800e-04; 40; 15; 67;0
2.1617836263000e-04; 40; 15; 67;0
2.1619772322900e-04; 40; 15; 67;0
2.1621707186000e-04; 40; 15; 67;0
2.1623643234700e-04; 40; 15; 67;0
2.1625578100700e-04; 40; 15; 67;0
2.1627514179000e-04; 40; 15; 67;0
2.1629449048100e-04; 40; 15; 67;0
2.1631385101400e-04; 40; 15; 67;0
2.1633319978400e-04; 40; 15; 67;0
2.1635256065400e-04; 40; 15; 67;0
2.1637190944100e-04; 40; 15; 67;0
2.1639127018600e-04; 40; 15; 67;0
2.1641061877600e-04; 40; 15; 67;0
2.1642997979200e-04; 40; 15; 68;0
2.1644610289100e-04; 40; 15; 68;0
2.1646546381600e-04; 40; 15; 68;0
2.1648481278300e-04; 40; 15; 68;0
2.1650417377900e-04; 40; 15; 68;0
2.1652352266200e-04; 40; 15; 68;0
2.1654288337500e-04; 40; 15; 68;0
2.1656223252100e-04; 40; 15; 68;0
2.1658159340200e-04; 40; 15; 68;0
2.1660094230600e-04; 40; 15; 68;0
2.1662030306300e-04; 40; 15; 68;0
2.1663965196600e-04; 40; 15; 68;0
2.1665901297100e-04; 40; 15; 68;0
2.1667836189900e-04; 40; 15; 68;0
2.1669772272800e-04; 40; 15; 68;0
2.1671707166000e-04; 40; 15; 68;0
2.1673643268500e-04; 40; 15; 68;0
2.1675578155200e-04; 40; 15; 68;0
2.1677514239800e-04; 40; 15; 68;0
2.1679449148700e-04; 40; 15; 68;0
2.1681385232300e-04; 40; 15; 68;0
2.1683320128800e-04; 40; 15; 68;0
2.1685256182100e-04; 40; 15; 67;0
2.1687191052400e-04; 40; 15; 67;0
2.1689127110700e-04; 40; 15; 67;0
2.1691061972600e-04; 40; 15; 67;0
2.1692998035200e-04; 40; 15; 67;0
2.1694610339200e-04; 40; 15; 67;0
2.1696546407700e-04; 40; 15; 67;0
2.1698481267500e-04; 40; 15; 67;0
2.1700417345500e-04; 40; 15; 67;0
2.1702352225500e-04; 40; 15; 67;0
2.1704288289400e-04; 40; 15; 67;0
2.1706223152000e-04; 40; 15; 67;0
2.1708159221800e-04; 40; 15; 67;0
2.1710094087200e-04; 40; 15; 67;0
2.1712030186200e-04; 40; 15; 68;0
2.1713965078400e-04; 40; 15; 68;0
2.1715901175100e-04; 40; 15; 68;0
2.1717836075700e-04; 40; 15; 68;0
2.1719772164200e-04; 40; 15; 68;0
2.1721707040700e-04; 40; 15; 68;0
2.1723643138300e-04; 40; 15; 68;0
2.1725578045600e-04; 40; 15; 68;0
2.1727514132500e-04; 40; 15; 68;0
2.1729449012300e-04; 40; 15; 68;0
2.1731385128900e-04; 40; 15; 68;0
2.1733320028100e-04; 40; 15; 68;0
2.1735256119800e-04; 40; 15; 68;0
2.1737191014000e-04; 40; 15; 68;0
2.1739127105800e-04; 40; 15; 68;0
2.1741061996500e-04; 40; 15; 68;0
2.1742998086600e-04; 40; 15; 68;0
2.1744610412400e-04; 40; 15; 68;0
2.1746546491500e-04; 40; 15; 68;0
2.1748481376700e-04; 40; 15; 68;0
2.1750417463600e-04; 40; 15; 68;0
2.1752352349200e-04; 40; 15; 68;0
2.1754288432800e-04; 40; 15; 68;0
2.1756223324600e-04; 40; 15; 68;0
2.1758159387000e-04; 40; 15; 68;0
2.1760094288000e-04; 40; 15; 68;0
2.1762030373400e-04; 40; 15; 68;0
2.1763965277100e-04; 40; 15; 68;0
2.1765901370400e-04; 40; 15; 68;0
2.1767836267200e-04; 40; 15; 68;0
2.1769772342100e-04; 40; 15; 68;0
2.1771707232200e-04; 40; 15; 68;0
2.1773643304400e-04; 40; 15; 68;0
2.1775578187700e-04; 40; 15; 68;0
2.1777514285600e-04; 40; 15; 68;0
2.1779449163400e-04; 40; 15; 68;0
2.1781385243300e-04; 40; 15; 68;0
2.1783320137100e-04; 40; 15; 68;0
2.1785256219900e-04; 40; 15; 68;0
2.1787191095200e-04; 40; 15; 68;0
2.1789127185000e-04; 40; 15; 68;0
2.1791062062200e-04; 40; 15; 68;0
2.1792998161800e-04; 40; 15; 68;0
2.1794610484300e-04; 40; 15; 68;0
2.1796546570700e-04; 40; 15; 68;0
2.1798481445600e-04; 40; 15; 68;0
2.1800417510900e-04; 40; 15; 67;0
2.1802352378300e-04; 40; 15; 67;0
2.1804288443600e-04; 40; 15; 67;0
2.1806223332900e-04; 40; 15; 67;0
2.1808159409200e-04; 40; 15; 67;0
2.1810094267400e-04; 40; 15; 67;0
2.1812030333100e-04; 40; 15; 67;0
2.1813965194100e-04; 40; 15; 67;0
2.1815901285400e-04; 40; 15; 67;0
2.1817836133600e-04; 40; 15; 67;0
2.1819772210600e-04; 40; 15; 67;0
2.1821707084700e-04; 40; 15; 67;0
2.1823643151900e-04; 40; 15; 67;0
2.1825578019300e-04; 40; 15; 67;0
2.1827514084100e-04; 40; 15; 67;0
2.1829448961400e-04; 40; 15; 67;0
2.1831385023700e-04; 40; 15; 67;0
2.1833319888300e-04; 40; 15; 67;0
2.1835255967100e-04; 40; 15; 67;0
2.1837190826100e-04; 40; 15; 67;0
2.1839126898700e-04; 40; 15; 67;0
2.1841061762000e-04; 40; 15; 67;0
2.1842997857000e-04; 40; 15; 68;0
2.1844610162400e-04; 40; 15; 68;0
2.1846546244500e-04; 40; 15; 68;0
2.1848481139000e-04; 40; 15; 68;0
2.1850417224900e-04; 40; 15; 68;0
2.1852352110500e-04; 40; 15; 68;0
2.1854288189900e-04; 40; 15; 68;0
2.1856223089800e-04; 40; 15; 68;0
2.1858159187800e-04; 40; 15; 68;0
2.1860094097800e-04; 40; 15; 68;0
2.1862030177000e-04; 40; 15; 68;0
2.1863965055800e-04; 40; 15; 68;0
2.1865901140100e-04; 40; 15; 68;0
2.1867836030800e-04; 40; 15; 68;0
2.1869772132300e-04; 40; 15; 68;0
2.1871707025600e-04; 40; 15; 68;0
2.1873643123000e-04; 40; 15; 68;0
2.1875578001500e-04; 40; 15; 68;0
2.1877514086600e-04; 40; 15; 68;0
2.1879448972300e-04; 40; 15; 68;0
2.1881385074600e-04; 40; 15; 68;0
2.1883319967800e-04; 40; 15; 68;0
2.1885256066700e-04; 40; 15; 68;0
2.1887190942900e-04; 40; 15; 68;0
2.1889127030100e-04; 40; 15; 68;0
2.1891061918000e-04; 40; 15; 68;0
2.1892998005700e-04; 40; 15; 68;0
2.1894610325600e-04; 40; 15; 68;0
2.1896546414300e-04; 40; 15; 68;0
2.1898481309900e-04; 40; 15; 68;0
2.1900417401900e-04; 40; 15; 68;0
2.1902352289300e-04; 40; 15; 68;0
2.1904288378700e-04; 40; 15; 68;0
2.1906223280400e-04; 40; 15; 68;0
2.1908159367600e-04; 40; 15; 68;0
2.1910094267300e-04; 40; 15; 68;0
2.1912030380600e-04; 40; 15; 68;0
2.1913965273500e-04; 40; 15; 68;0
2.1915901360800e-04; 40; 15; 68;0
2.1917836252900e-04; 40; 15; 68;0
2.1919772345400e-04; 40; 15; 68;0
2.1921707245900e-04; 40; 15; 68;0
2.1923643336900e-04; 40; 15; 68;0
2.1925578219200e-04; 40; 15; 68;0
2.1927514308100e-04; 40; 15; 68;0
2.1929449205700e-04; 40; 15; 68;0
2.1931385292400e-04; 40; 15; 68;0
2.1933320177600e-04; 40; 15; 68;0
2.1935256275300e-04; 40; 15; 68;0
2.1937191175600e-04; 40; 15; 68;0
2.1939127258400e-04; 40; 15; 68;0
2.1941062161300e-04; 40; 15; 68;0
2.1942998248300e-04; 40; 15; 68;0
2.1944610563900e-04; 40; 15; 68;0
2.1946546655100e-04; 40; 15; 68;0
2.1948481552300e-04; 40; 15; 68;0
2.1950417610700e-04; 40; 15; 67;0
2.1952352489900e-04; 40; 15; 67;0
2.1954288551000e-04; 40; 15; 67;0
2.1956223417600e-04; 40; 15; 67;0
2.1958159492600e-04; 40; 15; 67;0
2.1960094366300e-04; 40; 15; 67;0
2.1962030434300e-04; 40; 15; 67;0
2.1963965295900e-04; 40; 15; 67;0
2.1965901358200e-04; 40; 15; 67;0
2.1967836215900e-04; 40; 15; 67;0
2.1969772289300e-04; 40; 15; 67;0
2.1971707171800e-04; 40; 15; 67;0
2.1973643248300e-04; 40; 15; 67;0
2.1975578103300e-04; 40; 15; 67;0
2.1977514146200e-04; 40; 15; 67;0
2.1979449007200e-04; 40; 15; 67;0
2.1981385080500e-04; 40; 15; 67;0
2.1983319964400e-04; 40; 15; 67;0
2.1985256026300e-04; 40; 15; 67;0
2.1987190890300e-04; 40; 15; 67;0
2.1989126959400e-04; 40; 15; 67;0
2.1991061823700e-04; 40; 15; 67;0
2.1992997918700e-04; 40; 15; 68;0
2.1994610228400e-04; 40; 15; 68;0
2.1996546309200e-04; 40; 15; 68;0
2.1998481204600e-04; 40; 15; 68;0
2.2000417301400e-04; 40; 15; 68;0
2.2002352191400e-04; 40; 15; 68;0
2.2004288282900e-04; 40; 15; 68;0
2.2006223180200e-04; 40; 15; 68;0
2.2008159271600e-04; 40; 15; 68;0
2.2010094142500e-04; 40; 15; 68;0
2.2012030232600e-04; 40; 15; 68;0
2.2013965118500e-04; 40; 15; 68;0
2.2015901196900e-04; 40; 15; 68;0
2.2017836113300e-04; 40; 15; 68;0
2.2019772198400e-04; 40; 15; 68;0
2.2021707077400e-04; 40; 15; 68;0
2.2023643152200e-04; 40; 15; 68;0
2.2025578056200e-04; 40; 15; 68;0
2.2027514146800e-04; 40; 15; 68;0
2.2029449027000e-04; 40; 15; 68;0
2.2031385110700e-04; 40; 15; 68;0
2.2033320027000e-04; 40; 15; 68;0
2.2035256107400e-04; 40; 15; 68;0
2.2037191004500e-04; 40; 15; 68;0
2.2039127092400e-04; 40; 15; 68;0
2.2041061973800e-04; 40; 15; 68;0
2.2042998044300e-04; 40; 15; 68;0
2.2044610368000e-04; 40; 15; 68;0
2.2046546465000e-04; 40; 15; 68;0
2.2048481356700e-04; 40; 15; 68;0
2.2050417435700e-04; 40; 15; 68;0
2.2052352324700e-04; 40; 15; 68;0
2.2054288413400e-04; 40; 15; 68;0
2.2056223314600e-04; 40; 15; 68;0
2.2058159407000e-04; 40; 15; 68;0
2.2060094311600e-04; 40; 15; 68;0
2.2062030383200e-04; 40; 15; 68;0
2.2063965291500e-04; 40; 15; 68;0
2.2065901362500e-04; 40; 15; 67;0
2.2067836238100e-04; 40; 15; 67;0
2.2069772293200e-04; 40; 15; 67;0
2.2071707158700e-04; 40; 15; 67;0
2.2073643212500e-04; 40; 15; 67;0
2.2075578071100e-04; 40; 15; 67;0
2.2077514144900e-04; 40; 15; 67;0
2.2079449002200e-04; 40; 15; 67;0
2.2081385065300e-04; 40; 15; 67;0
2.2083319922500e-04; 40; 15; 67;0
2.2085255998800e-04; 40; 15; 67;0
2.2087190872000e-04; 40; 15; 67;0
2.2089126941400e-04; 40; 15; 67;0
2.2091061801800e-04; 40; 15; 67;0
2.2092997889300e-04; 40; 15; 67;0
2.2094610172900e-04; 40; 15; 67;0
2.2096546230800e-04; 40; 15; 67;0
2.2098481101800e-04; 40; 15; 67;0
2.2100417156300e-04; 40; 15; 67;0
2.2102352034600e-04; 40; 15; 67;0
2.2104288107800e-04; 40; 15; 67;0
2.2106222961200e-04; 40; 15; 67;0
2.2108159047800e-04; 40; 15; 67;0
2.2110093894400e-04; 40; 15; 67;0
2.2112029988500e-04; 40; 15; 68;0
2.2113964883200e-04; 40; 15; 68;0
2.2115900965500e-04; 40; 15; 68;0
2.2117835861900e-04; 40; 15; 68;0
2.2119771960200e-04; 40; 15; 68;0
2.2121706844200e-04; 40; 15; 68;0
2.2123642941100e-04; 40; 15; 68;0
2.2125577825000e-04; 40; 15; 68;0
2.2127513913200e-04; 40; 15; 68;0
2.2129448815600e-04; 40; 15; 68;0
2.2131384898800e-04; 40; 15; 68;0
2.2133319796400e-04; 40; 15; 68;0
2.2135255883900e-04; 40; 15; 68;0
2.2137190770100e-04; 40; 15; 68;0
2.2139126864000e-04; 40; 15; 68;0
2.2141061741100e-04; 40; 15; 68;0
2.2142997847300e-04; 40; 15; 68;0
2.2144610162700e-04; 40; 15; 68;0
2.2146546238400e-04; 40; 15; 68;0
2.2148481146200e-04; 40; 15; 68;0
2.2150417243800e-04; 40; 15; 68;0
2.2152352152700e-04; 40; 15; 68;0
2.2154288241200e-04; 40; 15; 68;0
2.2156223140700e-04; 40; 15; 68;0
2.2158159226800e-04; 40; 15; 68;0
2.2160094100400e-04; 40; 15; 68;0
2.2162030184000e-04; 40; 15; 68;0
2.2163965073800e-04; 40; 15; 68;0
2.2165901170000e-04; 40; 15; 68;0
2.2167836057000e-04; 40; 15; 68;0
2.2169772154000e-04; 40; 15; 68;0
2.2171707046000e-04; 40; 15; 68;0
2.2173643136900e-04; 40; 15; 68;0
2.2175578033000e-04; 40; 15; 68;0
2.2177514122200e-04; 40; 15; 68;0
2.2179449004600e-04; 40; 15; 68;0
2.2181385081600e-04; 40; 15; 68;0
2.2183319964000e-04; 40; 15; 68;0
2.2185256050800e-04; 40; 15; 68;0
2.2187190943600e-04; 40; 15; 68;0
2.2189127021900e-04; 40; 15; 68;0
2.2191061904200e-04; 40; 15; 68;0
2.2192998006200e-04; 40; 15; 68;0
2.2194610318300e-04; 40; 15; 68;0
2.2196546403000e-04; 40; 15; 68;0
2.2198481288900e-04; 40; 15; 68;0
2.2200417365700e-04; 40; 15; 68;0
2.2202352267600e-04; 40; 15; 68;0
2.2204288351900e-04; 40; 15; 68;0
2.2206223246400e-04; 40; 15; 68;0
2.2208159342600e-04; 40; 15; 68;0
2.2210094236500e-04; 40; 15; 68;0
2.2212030330500e-04; 40; 15; 68;0
2.2213965211600e-04; 40; 15; 68;0
2.2215901291800e-04; 40; 15; 68;0
2.2217836181200e-04; 40; 15; 68;0
2.2219772274500e-04; 40; 15; 68;0
2.2221707155000e-04; 40; 15; 68;0
2.2223643247300e-04; 40; 15; 68;0
2.2225578153300e-04; 40; 15; 68;0
2.2227514246200e-04; 40; 15; 68;0
2.2229449127300e-04; 40; 15; 68;0
2.2231385205600e-04; 40; 15; 68;0
2.2233320110800e-04; 40; 15; 68;0
2.2235256204900e-04; 40; 15; 68;0
2.2237191097800e-04; 40; 15; 68;0
2.2239127193500e-04; 40; 15; 68;0
2.2241062075300e-04; 40; 15; 68;0
2.2242998175700e-04; 40; 15; 68;0
2.2244610491600e-04; 40; 15; 68;0
2.2246546566600e-04; 40; 15; 68;0
2.2248481467600e-04; 40; 15; 68;0
2.2250417544600e-04; 40; 15; 67;0
2.2252352409200e-04; 40; 15; 67;0
2.2254288479400e-04; 40; 15; 67;0
2.2256223353500e-04; 40; 15; 67;0
2.2258159422000e-04; 40; 15; 67;0
2.2260094269200e-04; 40; 15; 67;0
2.2262030352400e-04; 40; 15; 67;0
2.2263965220000e-04; 40; 15; 67;0
2.2265901311500e-04; 40; 15; 68;0
2.2267836207200e-04; 40; 15; 68;0
2.2269772303500e-04; 40; 15; 68;0
2.2271707182700e-04; 40; 15; 68;0
2.2273643270500e-04; 40; 15; 68;0
2.2275578168100e-04; 40; 15; 68;0
2.2277514268100e-04; 40; 15; 68;0
2.2279449172100e-04; 40; 15; 68;0
2.2281385255100e-04; 40; 15; 68;0
2.2283320164200e-04; 40; 15; 68;0
2.2285256241000e-04; 40; 15; 68;0
2.2287191141200e-04; 40; 15; 68;0
2.2289127226300e-04; 40; 15; 68;0
2.2291062103700e-04; 40; 15; 68;0
2.2292998186500e-04; 40; 15; 68;0
2.2294610489900e-04; 40; 15; 68;0
2.2296546577800e-04; 40; 15; 68;0
2.2298481470000e-04; 40; 15; 68;0
2.2300417582800e-04; 40; 15; 68;0
2.2302352477800e-04; 40; 15; 68;0
2.2304288565800e-04; 40; 15; 68;0
2.2306223477800e-04; 40; 15; 68;0
2.2308159564200e-04; 40; 15; 68;0
2.2310094452500e-04; 40; 15; 68;0
2.2312030534400e-04; 40; 15; 68;0
2.2313965413700e-04; 40; 15; 68;0
2.2315901485900e-04; 40; 15; 67;0
2.2317836354300e-04; 40; 15; 67;0
2.2319772413800e-04; 40; 15; 67;0
2.2321707283500e-04; 40; 15; 67;0
2.2323643356700e-04; 40; 15; 67;0
2.2325578222800e-04; 40; 15; 67;0
2.2327514288800e-04; 40; 15; 67;0
2.2329449154400e-04; 40; 15; 67;0
2.2331385218000e-04; 40; 15; 67;0
2.2333320081900e-04; 40; 15; 67;0
2.2335256141600e-04; 40; 15; 67;0
2.2337191005000e-04; 40; 15; 67;0
2.2339127047600e-04; 40; 15; 67;0
2.2341061922700e-04; 40; 15; 67;0
2.2342997994200e-04; 40; 15; 67;0
2.2344610288500e-04; 40; 15; 67;0
2.2346546389600e-04; 40; 15; 68;0
2.2348481287500e-04; 40; 15; 68;0
2.2350417361200e-04; 40; 15; 68;0
2.2352352261400e-04; 40; 15; 68;0
2.2354288355000e-04; 40; 15; 68;0
2.2356223222800e-04; 40; 15; 68;0
2.2358159316900e-04; 40; 15; 68;0
2.2360094202300e-04; 40; 15; 68;0
2.2362030296900e-04; 40; 15; 68;0
2.2363965188900e-04; 40; 15; 68;0
2.2365901267900e-04; 40; 15; 68;0
2.2367836160500e-04; 40; 15; 68;0
2.2369772245200e-04; 40; 15; 68;0
2.2371707147000e-04; 40; 15; 68;0
2.2373643240800e-04; 40; 15; 68;0
2.2375578125800e-04; 40; 15; 68;0
2.2377514232800e-04; 40; 15; 68;0
2.2379449120700e-04; 40; 15; 68;0
2.2381385217300e-04; 40; 15; 68;0
2.2383320097500e-04; 40; 15; 68;0
2.2385256182100e-04; 40; 15; 68;0
2.2387191080800e-04; 40; 15; 68;0
2.2389127176200e-04; 40; 15; 68;0
2.2391062055400e-04; 40; 15; 68;0
2.2392998143800e-04; 40; 15; 68;0
2.2394610452000e-04; 40; 15; 68;0
2.2396546530900e-04; 40; 15; 68;0
2.2398481425300e-04; 40; 15; 68;0
2.2400417501300e-04; 40; 15; 68;0
2.2402352380700e-04; 40; 15; 68;0
2.2404288471600e-04; 40; 15; 68;0
2.2406223340900e-04; 40; 15; 68;0
2.2408159433200e-04; 40; 15; 68;0
2.2410094341300e-04; 40; 15; 68;0
2.2412030416400e-04; 40; 15; 68;0
2.2413965295600e-04; 40; 15; 68;0
2.2415901373900e-04; 40; 15; 68;0
2.2417836263400e-04; 40; 15; 68;0
2.2419772357700e-04; 40; 15; 68;0
2.2421707252100e-04; 40; 15; 68;0
2.2423643308900e-04; 40; 15; 67;0
2.2425578180900e-04; 40; 15; 67;0
2.2427514258600e-04; 40; 15; 67;0
2.2429449109300e-04; 40; 15; 67;0
2.2431385182500e-04; 40; 15; 67;0
2.2433320038600e-04; 40; 15; 67;0
2.2435256114100e-04; 40; 15; 67;0
2.2437190978000e-04; 40; 15; 67;0
2.2439127074000e-04; 40; 15; 68;0
2.2441061980500e-04; 40; 15; 68;0
2.2442998064900e-04; 40; 15; 68;0
2.2444610359500e-04; 40; 15; 68;0
2.2446546455800e-04; 40; 15; 68;0
2.2448481323500e-04; 40; 15; 68;0
2.2450417433900e-04; 40; 15; 68;0
2.2452352326200e-04; 40; 15; 68;0
2.2454288424400e-04; 40; 15; 68;0
2.2456223312500e-04; 40; 15; 68;0
2.2458159400200e-04; 40; 15; 68;0
2.2460094280500e-04; 40; 15; 68;0
2.2462030359500e-04; 40; 15; 68;0
2.2463965252900e-04; 40; 15; 68;0
2.2465901332400e-04; 40; 15; 67;0
2.2467836195300e-04; 40; 15; 67;0
2.2469772258200e-04; 40; 15; 67;0
2.2471707134800e-04; 40; 15; 67;0
2.2473643207300e-04; 40; 15; 67;0
2.2475578075300e-04; 40; 15; 67;0
2.2477514150800e-04; 40; 15; 67;0
2.2479449008400e-04; 40; 15; 67;0
2.2481385089300e-04; 40; 15; 67;0
2.2483319951700e-04; 40; 15; 67;0
2.2485256005500e-04; 40; 15; 67;0
2.2487190876700e-04; 40; 15; 67;0
2.2489126932500e-04; 40; 15; 67;0
2.2491061800800e-04; 40; 15; 67;0
2.2492997863800e-04; 40; 15; 67;0
2.2494610150800e-04; 40; 15; 67;0
2.2496546248600e-04; 40; 15; 68;0
2.2498481148800e-04; 40; 15; 68;0
2.2500417239200e-04; 40; 15; 68;0
2.2502352138000e-04; 40; 15; 68;0
2.2504288228700e-04; 40; 15; 68;0
2.2506223108700e-04; 40; 15; 68;0
2.2508159195400e-04; 40; 15; 68;0
2.2510094079900e-04; 40; 15; 68;0
2.2512030167800e-04; 40; 15; 68;0
2.2513965060600e-04; 40; 15; 68;0
2.2515901153500e-04; 40; 15; 68;0
2.2517836038400e-04; 40; 15; 68;0
2.2519772127600e-04; 40; 15; 68;0
2.2521707016400e-04; 40; 15; 68;0
2.2523643093900e-04; 40; 15; 68;0
2.2525577997800e-04; 40; 15; 68;0
2.2527514078100e-04; 40; 15; 68;0
2.2529448972300e-04; 40; 15; 68;0
2.2531385067300e-04; 40; 15; 68;0
2.2533319961100e-04; 40; 15; 68;0
2.2535256051300e-04; 40; 15; 68;0
2.2537190937000e-04; 40; 15; 68;0
2.2539127027100e-04; 40; 15; 68;0
2.2541061919300e-04; 40; 15; 68;0
2.2542998006900e-04; 40; 15; 68;0
2.2544610311900e-04; 40; 15; 68;0
2.2546546407800e-04; 40; 15; 68;0
2.2548481277500e-04; 40; 15; 68;0
2.2550417379800e-04; 40; 15; 68;0
2.2552352276200e-04; 40; 15; 68;0
2.2554288361800e-04; 40; 15; 68;0
2.2556223255100e-04; 40; 15; 68;0
2.2558159366000e-04; 40; 15; 68;0
2.2560094242200e-04; 40; 15; 68;0
2.2562030337200e-04; 40; 15; 68;0
2.2563965225400e-04; 40; 15; 68;0
2.2565901312000e-04; 40; 15; 68;0
2.2567836206400e-04; 40; 15; 68;0
2.2569772301600e-04; 40; 15; 68;0
2.2571707191100e-04; 40; 15; 68;0
2.2573643291700e-04; 40; 15; 68;0
2.2575578178500e-04; 40; 15; 68;0
2.2577514270300e-04; 40; 15; 68;0
2.2579449166200e-04; 40; 15; 68;0
2.2581385267700e-04; 40; 15; 68;0
2.2583320166400e-04; 40; 15; 68;0
2.2585256257500e-04; 40; 15; 68;0
2.2587191152500e-04; 40; 15; 68;0
2.2589127241700e-04; 40; 15; 68;0
2.2591062156300e-04; 40; 15; 68;0
2.2592998247700e-04; 40; 15; 68;0
2.2594610558200e-04; 40; 15; 68;0
2.2596546654900e-04; 40; 15; 68;0
2.2598481543400e-04; 40; 15; 68;0
2.2600417625500e-04; 40; 15; 67;0
2.2602352480000e-04; 40; 15; 67;0
2.2604288541400e-04; 40; 15; 67;0
2.2606223418600e-04; 40; 15; 67;0
2.2608159492000e-04; 40; 15; 67;0
2.2610094354300e-04; 40; 15; 67;0
2.2612030422700e-04; 40; 15; 67;0
2.2613965293700e-04; 40; 15; 67;0
2.2615901390300e-04; 40; 15; 68;0
2.2617836288600e-04; 40; 15; 68;0
2.2619772376700e-04; 40; 15; 68;0
2.2621707259200e-04; 40; 15; 68;0
2.2623643339700e-04; 40; 15; 68;0
2.2625578234900e-04; 40; 15; 68;0
2.2627514335300e-04; 40; 15; 68;0
2.2629449241800e-04; 40; 15; 68;0
2.2631385332100e-04; 40; 15; 68;0
2.2633320227700e-04; 40; 15; 68;0
2.2635256294900e-04; 40; 15; 67;0
2.2637191170000e-04; 40; 15; 67;0
2.2639127234300e-04; 40; 15; 67;0
2.2641062103500e-04; 40; 15; 67;0
2.2642998164300e-04; 40; 15; 67;0
2.2644610440300e-04; 40; 15; 67;0
2.2646546512600e-04; 40; 15; 67;0
2.2648481383100e-04; 40; 15; 67;0
2.2650417437700e-04; 40; 15; 67;0
2.2652352302200e-04; 40; 15; 67;0
2.2654288364000e-04; 40; 15; 67;0
2.2656223234200e-04; 40; 15; 67;0
2.2658159285500e-04; 40; 15; 67;0
2.2660094158700e-04; 40; 15; 67;0
2.2662030226900e-04; 40; 15; 67;0
2.2663965098600e-04; 40; 15; 67;0
2.2665901155600e-04; 40; 15; 67;0
2.2667836037600e-04; 40; 15; 67;0
2.2669772093000e-04; 40; 15; 67;0
2.2671706971400e-04; 40; 15; 67;0
2.2673643027600e-04; 40; 15; 67;0
2.2675577911600e-04; 40; 15; 67;0
2.2677513984500e-04; 40; 15; 67;0
2.2679448848500e-04; 40; 15; 67;0
2.2681384918700e-04; 40; 15; 67;0
2.2683319799900e-04; 40; 15; 67;0
2.2685255871300e-04; 40; 15; 68;0
2.2687190762500e-04; 40; 15; 68;0
2.2689126860300e-04; 40; 15; 68;0
2.2691061760300e-04; 40; 15; 68;0
2.2692997853200e-04; 40; 15; 68;0
2.2694610153600e-04; 40; 15; 68;0
2.2696546244100e-04; 40; 15; 68;0
2.2698481140400e-04; 40; 15; 68;0
2.2700417233700e-04; 40; 15; 68;0
2.2702352137900e-04; 40; 15; 68;0
2.2704288235500e-04; 40; 15; 68;0
2.2706223124500e-04; 40; 15; 68;0
2.2708159212000e-04; 40; 15; 68;0
2.2710094103600e-04; 40; 15; 68;0
2.2712030197600e-04; 40; 15; 68;0
2.2713965089700e-04; 40; 15; 68;0
2.2715901195800e-04; 40; 15; 68;0
2.2717836077800e-04; 40; 15; 68;0
2.2719772153200e-04; 40; 15; 68;0
2.2721707056700e-04; 40; 15; 68;0
2.2723643154800e-04; 40; 15; 68;0
2.2725578044400e-04; 40; 15; 68;0
2.2727514142500e-04; 40; 15; 68;0
2.2729449039800e-04; 40; 15; 68;0
2.2731385132000e-04; 40; 15; 68;0
2.2733320035100e-04; 40; 15; 68;0
2.2735256123700e-04; 40; 15; 68;0
2.2737191020400e-04; 40; 15; 68;0
2.2739127106400e-04; 40; 15; 68;0
2.2741062002400e-04; 40; 15; 68;0
2.2742998086200e-04; 40; 15; 68;0
2.2744610394400e-04; 40; 15; 68;0
2.2746546485100e-04; 40; 15; 68;0
2.2748481373700e-04; 40; 15; 68;0
2.2750417462700e-04; 40; 15; 68;0
2.2752352357300e-04; 40; 15; 68;0
2.2754288448100e-04; 40; 15; 68;0
2.2756223332900e-04; 40; 15; 68;0
2.2758159435000e-04; 40; 15; 68;0
2.2760094306300e-04; 40; 15; 68;0
2.2762030393700e-04; 40; 15; 68;0
2.2763965292600e-04; 40; 15; 68;0
2.2765901390400e-04; 40; 15; 68;0
2.2767836292600e-04; 40; 15; 68;0
2.2769772355700e-04; 40; 15; 68;0
2.2771707251800e-04; 40; 15; 68;0
2.2773643346900e-04; 40; 15; 68;0
2.2775578255600e-04; 40; 15; 68;0
2.2777514327000e-04; 40; 15; 67;0
2.2779449200900e-04; 40; 15; 67;0
2.2781385255500e-04; 40; 15; 67;0
2.2783320126000e-04; 40; 15; 67;0
2.2785256203700e-04; 40; 15; 67;0
2.2787191068400e-04; 40; 15; 67;0
2.2789127150900e-04; 40; 15; 67;0
2.2791062009800e-04; 40; 15; 67;0
2.2792998101200e-04; 40; 15; 68;0
2.2794610400900e-04; 40; 15; 68;0
2.2796546477800e-04; 40; 15; 68;0
2.2798481363300e-04; 40; 15; 68;0
2.2800417450600e-04; 40; 15; 68;0
2.2802352339700e-04; 40; 15; 68;0
2.2804288427200e-04; 40; 15; 68;0
2.2806223300900e-04; 40; 15; 68;0
2.2808159353900e-04; 40; 15; 67;0
2.2810094236600e-04; 40; 15; 67;0
2.2812030295900e-04; 40; 15; 67;0
2.2813965168900e-04; 40; 15; 67;0
2.2815901232500e-04; 40; 15; 67;0
2.2817836108300e-04; 40; 15; 67;0
2.2819772179800e-04; 40; 15; 67;0
2.2821707042100e-04; 40; 15; 67;0
2.2823643115300e-04; 40; 15; 67;0
2.2825577978100e-04; 40; 15; 67;0
2.2827514046600e-04; 40; 15; 67;0
2.2829448918700e-04; 40; 15; 67;0
2.2831385010300e-04; 40; 15; 68;0
2.2833319898700e-04; 40; 15; 68;0
2.2835255994000e-04; 40; 15; 68;0
2.2837190874000e-04; 40; 15; 68;0
2.2839126974500e-04; 40; 15; 68;0
2.2841061871200e-04; 40; 15; 68;0
2.2842997953900e-04; 40; 15; 68;0
2.2844610256300e-04; 40; 15; 68;0
2.2846546338300e-04; 40; 15; 68;0
2.2848481231200e-04; 40; 15; 68;0
2.2850417322900e-04; 40; 15; 68;0
2.2852352218100e-04; 40; 15; 68;0
2.2854288295700e-04; 40; 15; 68;0
2.2856223182600e-04; 40; 15; 68;0
2.2858159278200e-04; 40; 15; 68;0
2.2860094165300e-04; 40; 15; 68;0
2.2862030271300e-04; 40; 15; 68;0
2.2863965151100e-04; 40; 15; 68;0
2.2865901228100e-04; 40; 15; 68;0
2.2867836106400e-04; 40; 15; 68;0
2.2869772208800e-04; 40; 15; 68;0
2.2871707110200e-04; 40; 15; 68;0
2.2873643206700e-04; 40; 15; 68;0
2.2875578103700e-04; 40; 15; 68;0
2.2877514197100e-04; 40; 15; 68;0
2.2879449093200e-04; 40; 15; 68;0
2.2881385187600e-04; 40; 15; 68;0
2.2883320083200e-04; 40; 15; 68;0
2.2885256176400e-04; 40; 15; 68;0
2.2887191065700e-04; 40; 15; 68;0
2.2889127139700e-04; 40; 15; 68;0
2.2891062016800e-04; 40; 15; 68;0
2.2892998110700e-04; 40; 15; 68;0
2.2894610414400e-04; 40; 15; 68;0
2.2896546492100e-04; 40; 15; 68;0
2.2898481385900e-04; 40; 15; 68;0
2.2900417458300e-04; 40; 15; 67;0
2.2902352323500e-04; 40; 15; 67;0
2.2904288397200e-04; 40; 15; 67;0
2.2906223276000e-04; 40; 15; 67;0
2.2908159340500e-04; 40; 15; 67;0
2.2910094197400e-04; 40; 15; 67;0
2.2912030261000e-04; 40; 15; 67;0
2.2913965130600e-04; 40; 15; 67;0
2.2915901193000e-04; 40; 15; 67;0
2.2917836068000e-04; 40; 15; 67;0
2.2919772143600e-04; 40; 15; 67;0
2.2921707003900e-04; 40; 15; 67;0
2.2923643076300e-04; 40; 15; 67;0
2.2925577946200e-04; 40; 15; 67;0
2.2927514045300e-04; 40; 15; 68;0
2.2929448930100e-04; 40; 15; 68;0
2.2931385025600e-04; 40; 15; 68;0
2.2933319918300e-04; 40; 15; 68;0
2.2935256008600e-04; 40; 15; 68;0
2.2937190892500e-04; 40; 15; 68;0
2.2939126973900e-04; 40; 15; 68;0
2.2941061867100e-04; 40; 15; 68;0
2.2942997956200e-04; 40; 15; 68;0
2.2944610264100e-04; 40; 15; 68;0
2.2946546363600e-04; 40; 15; 68;0
2.2948481250700e-04; 40; 15; 68;0
2.2950417362800e-04; 40; 15; 68;0
2.2952352256200e-04; 40; 15; 68;0
2.2954288339200e-04; 40; 15; 68;0
2.2956223229300e-04; 40; 15; 68;0
2.2958159307800e-04; 40; 15; 68;0
2.2960094202000e-04; 40; 15; 68;0
2.2962030284700e-04; 40; 15; 68;0
2.2963965172100e-04; 40; 15; 68;0
2.2965901263200e-04; 40; 15; 68;0
2.2967836151800e-04; 40; 15; 68;0
2.2969772244600e-04; 40; 15; 68;0
2.2971707138100e-04; 40; 15; 68;0
2.2973643218800e-04; 40; 15; 68;0
2.2975578116000e-04; 40; 15; 68;0
2.2977514219400e-04; 40; 15; 68;0
2.2979449082900e-04; 40; 15; 68;0
2.2981385182500e-04; 40; 15; 68;0
2.2983320073500e-04; 40; 15; 68;0
2.2985256169600e-04; 40; 15; 68;0
2.2987191064100e-04; 40; 15; 68;0
2.2989127140500e-04; 40; 15; 68;0
2.2991062036900e-04; 40; 15; 68;0
2.2992998124500e-04; 40; 15; 68;0
2.2994610438400e-04; 40; 15; 68;0
2.2996546514400e-04; 40; 15; 68;0
2.2998481405700e-04; 40; 15; 68;0
2.3000417497700e-04; 40; 15; 68;0
2.3002352365300e-04; 40; 15; 68;0
2.3004288468700e-04; 40; 15; 68;0
2.3006223360500e-04; 40; 15; 68;0
2.3008159440500e-04; 40; 15; 68;0
2.3010094330800e-04; 40; 15; 68;0
2.3012030405500e-04; 40; 15; 68;0
2.3013965295700e-04; 40; 15; 68;0
2.3015901399700e-04; 40; 15; 68;0
2.3017836284000e-04; 40; 15; 68;0
2.3019772371700e-04; 40; 15; 68;0
2.3021707262900e-04; 40; 15; 68;0
2.3023643340300e-04; 40; 15; 67;0
2.3025578201500e-04; 40; 15; 67;0
2.3027514263400e-04; 40; 15; 67;0
2.3029449133400e-04; 40; 15; 67;0
2.3031385181400e-04; 40; 15; 67;0
2.3033320046000e-04; 40; 15; 67;0
2.3035256107700e-04; 40; 15; 67;0
2.3037190990600e-04; 40; 15; 67;0
2.3039127079500e-04; 40; 15; 68;0
2.3041061972300e-04; 40; 15; 68;0
2.3042998053400e-04; 40; 15; 68;0
2.3044610358700e-04; 40; 15; 68;0
2.3046546448000e-04; 40; 15; 68;0
2.3048481335100e-04; 40; 15; 68;0
2.3050417419200e-04; 40; 15; 68;0
2.3052352313300e-04; 40; 15; 68;0
2.3054288410000e-04; 40; 15; 68;0
2.3056223300900e-04; 40; 15; 68;0
2.3058159403800e-04; 40; 15; 68;0
2.3060094294300e-04; 40; 15; 68;0
2.3062030390400e-04; 40; 15; 68;0
2.3063965272300e-04; 40; 15; 68;0
2.3065901363100e-04; 40; 15; 68;0
2.3067836256700e-04; 40; 15; 68;0
2.3069772354300e-04; 40; 15; 68;0
2.3071707241000e-04; 40; 15; 68;0
2.3073643314900e-04; 40; 15; 67;0
2.3075578172700e-04; 40; 15; 67;0
2.3077514252800e-04; 40; 15; 67;0
2.3079449134400e-04; 40; 15; 67;0
2.3081385190000e-04; 40; 15; 67;0
2.3083320060100e-04; 40; 15; 67;0
2.3085256139800e-04; 40; 15; 67;0
2.3087190998300e-04; 40; 15; 67;0
2.3089127052700e-04; 40; 15; 67;0
2.3091061927200e-04; 40; 15; 67;0
2.3092997999900e-04; 40; 15; 67;0
2.3094610275500e-04; 40; 15; 67;0
2.3096546342900e-04; 40; 15; 67;0
2.3098481206800e-04; 40; 15; 67;0
2.3100417272300e-04; 40; 15; 67;0
2.3102352143500e-04; 40; 15; 67;0
2.3104288209100e-04; 40; 15; 67;0
2.3106223065500e-04; 40; 15; 67;0
2.3108159126900e-04; 40; 15; 67;0
2.3110094004800e-04; 40; 15; 67;0
2.3112030088900e-04; 40; 15; 68;0
2.3113964995800e-04; 40; 15; 68;0
2.3115901093100e-04; 40; 15; 68;0
2.3117835966300e-04; 40; 15; 68;0
2.3119772075500e-04; 40; 15; 68;0
2.3121706952200e-04; 40; 15; 68;0
2.3123643034600e-04; 40; 15; 68;0
2.3125577915700e-04; 40; 15; 68;0
2.3127514022100e-04; 40; 15; 68;0
2.3129448905800e-04; 40; 15; 68;0
2.3131384997800e-04; 40; 15; 68;0
2.3133319894600e-04; 40; 15; 68;0
2.3135255988700e-04; 40; 15; 68;0
2.3137190868200e-04; 40; 15; 68;0
2.3139126967500e-04; 40; 15; 68;0
2.3141061854100e-04; 40; 15; 68;0
2.3142997955100e-04; 40; 15; 68;0
2.3144610274800e-04; 40; 15; 68;0
2.3146546366700e-04; 40; 15; 68;0
2.3148481250200e-04; 40; 15; 68;0
2.3150417356200e-04; 40; 15; 68;0
2.3152352257300e-04; 40; 15; 68;0
2.3154288362000e-04; 40; 15; 68;0
2.3156223265500e-04; 40; 15; 68;0
2.3158159342400e-04; 40; 15; 68;0
2.3160094247000e-04; 40; 15; 68;0
2.3162030343500e-04; 40; 15; 68;0
2.3163965222000e-04; 40; 15; 68;0
2.3165901315400e-04; 40; 15; 68;0
2.3167836200700e-04; 40; 15; 68;0
2.3169772298600e-04; 40; 15; 68;0
2.3171707171500e-04; 40; 15; 68;0
2.3173643259700e-04; 40; 15; 68;0
2.3175578142500e-04; 40; 15; 68;0
2.3177514231000e-04; 40; 15; 68;0
2.3179449108000e-04; 40; 15; 68;0
2.3181385199200e-04; 40; 15; 68;0
2.3183320082400e-04; 40; 15; 68;0
2.3185256176000e-04; 40; 15; 68;0
2.3187191066600e-04; 40; 15; 68;0
2.3189127172700e-04; 40; 15; 68;0
2.3191062052700e-04; 40; 15; 68;0
2.3192998146100e-04; 40; 15; 68;0
2.3194610468600e-04; 40; 15; 68;0
2.3196546561000e-04; 40; 15; 68;0
2.3198481454600e-04; 40; 15; 68;0
2.3200417529400e-04; 40; 15; 67;0
2.3202352398200e-04; 40; 15; 67;0
2.3204288474900e-04; 40; 15; 67;0
2.3206223335200e-04; 40; 15; 67;0
2.3208159419600e-04; 40; 15; 67;0
2.3210094277200e-04; 40; 15; 67;0
2.3212030334500e-04; 40; 15; 67;0
2.3213965207000e-04; 40; 15; 67;0
2.3215901313200e-04; 40; 15; 68;0
2.3217836203300e-04; 40; 15; 68;0
2.3219772292900e-04; 40; 15; 68;0
2.3221707177600e-04; 40; 15; 68;0
2.3223643267500e-04; 40; 15; 68;0
2.3225578175100e-04; 40; 15; 68;0
2.3227514259900e-04; 40; 15; 68;0
2.3229449146900e-04; 40; 15; 68;0
2.3231385223700e-04; 40; 15; 68;0
2.3233320114600e-04; 40; 15; 68;0
2.3235256165700e-04; 40; 15; 67;0
2.3237191042900e-04; 40; 15; 67;0
2.3239127106700e-04; 40; 15; 67;0
2.3241061987100e-04; 40; 15; 67;0
2.3242998049600e-04; 40; 15; 67;0
2.3244610338100e-04; 40; 15; 67;0
2.3246546407900e-04; 40; 15; 67;0
2.3248481275900e-04; 40; 15; 67;0
2.3250417344100e-04; 40; 15; 67;0
2.3252352200300e-04; 40; 15; 67;0
2.3254288268500e-04; 40; 15; 67;0
2.3256223143900e-04; 40; 15; 67;0
2.3258159212100e-04; 40; 15; 67;0
2.3260094073600e-04; 40; 15; 67;0
2.3262030144400e-04; 40; 15; 67;0
2.3263965008700e-04; 40; 15; 67;0
2.3265901067200e-04; 40; 15; 67;0
2.3267835946000e-04; 40; 15; 67;0
2.3269772028500e-04; 40; 15; 68;0
2.3271706936700e-04; 40; 15; 68;0
2.3273643028500e-04; 40; 15; 68;0
2.3275577914000e-04; 40; 15; 68;0
2.3277513992500e-04; 40; 15; 68;0
2.3279448890000e-04; 40; 15; 68;0
2.3281384986200e-04; 40; 15; 68;0
2.3283319883800e-04; 40; 15; 68;0
2.3285255960100e-04; 40; 15; 68;0
2.3287190862200e-04; 40; 15; 68;0
2.3289126946300e-04; 40; 15; 68;0
2.3291061834200e-04; 40; 15; 68;0
2.3292997918700e-04; 40; 15; 68;0
2.3294610215600e-04; 40; 15; 68;0
2.3296546297700e-04; 40; 15; 68;0
2.3298481190500e-04; 40; 15; 68;0
2.3300417291700e-04; 40; 15; 68;0
2.3302352193300e-04; 40; 15; 68;0
2.3304288280900e-04; 40; 15; 68;0
2.3306223164000e-04; 40; 15; 68;0
2.3308159256100e-04; 40; 15; 68;0
2.3310094155300e-04; 40; 15; 68;0
2.3312030253400e-04; 40; 15; 68;0
2.3313965129600e-04; 40; 15; 68;0
2.3315901224900e-04; 40; 15; 68;0
2.3317836125700e-04; 40; 15; 68;0
2.3319772204200e-04; 40; 15; 68;0
2.3321707092600e-04; 40; 15; 68;0
2.3323643182900e-04; 40; 15; 68;0
2.3325578078800e-04; 40; 15; 68;0
2.3327514198900e-04; 40; 15; 68;0
2.3329449070300e-04; 40; 15; 68;0
2.3331385171600e-04; 40; 15; 68;0
2.3333320051900e-04; 40; 15; 68;0
2.3335256134200e-04; 40; 15; 68;0
2.3337191033100e-04; 40; 15; 68;0
2.3339127122100e-04; 40; 15; 68;0
2.3341061981600e-04; 40; 15; 68;0
2.3342998069400e-04; 40; 15; 68;0
2.3344610379200e-04; 40; 15; 68;0
2.3346546481400e-04; 40; 15; 68;0
2.3348481369500e-04; 40; 15; 68;0
2.3350417454800e-04; 40; 15; 68;0
2.3352352327200e-04; 40; 15; 68;0
2.3354288418600e-04; 40; 15; 68;0
2.3356223292700e-04; 40; 15; 68;0
2.3358159398700e-04; 40; 15; 68;0
2.3360094290100e-04; 40; 15; 68;0
2.3362030370300e-04; 40; 15; 68;0
2.3363965266000e-04; 40; 15; 68;0
2.3365901337000e-04; 40; 15; 68;0
2.3367836238700e-04; 40; 15; 68;0
2.3369772330900e-04; 40; 15; 68;0
2.3371707215400e-04; 40; 15; 68;0
2.3373643304600e-04; 40; 15; 68;0
2.3375578205300e-04; 40; 15; 68;0
2.3377514277000e-04; 40; 15; 67;0
2.3379449138400e-04; 40; 15; 67;0
2.3381385207100e-04; 40; 15; 67;0
2.3383320084900e-04; 40; 15; 67;0
2.3385256160900e-04; 40; 15; 67;0
2.3387191037200e-04; 40; 15; 67;0
2.3389127098500e-04; 40; 15; 67;0
2.3391061965900e-04; 40; 15; 67;0
2.3392998062500e-04; 40; 15; 68;0
2.3394610356700e-04; 40; 15; 68;0
2.3396546451300e-04; 40; 15; 68;0
2.3398481353500e-04; 40; 15; 68;0
2.3400417464500e-04; 40; 15; 68;0
2.3402352360300e-04; 40; 15; 68;0
2.3404288438800e-04; 40; 15; 68;0
2.3406223326800e-04; 40; 15; 68;0
2.3408159419900e-04; 40; 15; 68;0
2.3410094307400e-04; 40; 15; 68;0
2.3412030390200e-04; 40; 15; 68;0
2.3413965275600e-04; 40; 15; 68;0
2.3415901367100e-04; 40; 15; 68;0
2.3417836256600e-04; 40; 15; 68;0
2.3419772340100e-04; 40; 15; 68;0
2.3421707226200e-04; 40; 15; 68;0
2.3423643312800e-04; 40; 15; 68;0
2.3425578204400e-04; 40; 15; 68;0
2.3427514272000e-04; 40; 15; 67;0
2.3429449147200e-04; 40; 15; 67;0
2.3431385204300e-04; 40; 15; 67;0
2.3433320074400e-04; 40; 15; 67;0
2.3435256141900e-04; 40; 15; 67;0
2.3437190995700e-04; 40; 15; 67;0
2.3439127055200e-04; 40; 15; 67;0
2.3441061925000e-04; 40; 15; 67;0
2.3442997990500e-04; 40; 15; 67;0
2.3444610268300e-04; 40; 15; 67;0
2.3446546345600e-04; 40; 15; 67;0
2.3448481213300e-04; 40; 15; 67;0
2.3450417266200e-04; 40; 15; 67;0
2.3452352134400e-04; 40; 15; 67;0
2.3454288212300e-04; 40; 15; 67;0
2.3456223065500e-04; 40; 15; 67;0
2.3458159129900e-04; 40; 15; 67;0
2.3460093993600e-04; 40; 15; 67;0
2.3462030102400e-04; 40; 15; 68;0
2.3463964976900e-04; 40; 15; 68;0
2.3465901080000e-04; 40; 15; 68;0
2.3467835975300e-04; 40; 15; 68;0
2.3469772080100e-04; 40; 15; 68;0
2.3471706968200e-04; 40; 15; 68;0
2.3473643058500e-04; 40; 15; 68;0
2.3475577939500e-04; 40; 15; 68;0
2.3477514039600e-04; 40; 15; 68;0
2.3479448932600e-04; 40; 15; 68;0
2.3481385021200e-04; 40; 15; 68;0
2.3483319914300e-04; 40; 15; 68;0
2.3485256017600e-04; 40; 15; 68;0
2.3487190900100e-04; 40; 15; 68;0
2.3489127002600e-04; 40; 15; 68;0
2.3491061899900e-04; 40; 15; 68;0
2.3492997987900e-04; 40; 15; 68;0
2.3494610308200e-04; 40; 15; 68;0
2.3496546393300e-04; 40; 15; 68;0
2.3498481271100e-04; 40; 15; 68;0
2.3500417367400e-04; 40; 15; 68;0
2.3502352254400e-04; 40; 15; 68;0
2.3504288314700e-04; 40; 15; 67;0
2.3506223176900e-04; 40; 15; 67;0
2.3508159252600e-04; 40; 15; 67;0
2.3510094124600e-04; 40; 15; 67;0
2.3512030181700e-04; 40; 15; 67;0
2.3513965056600e-04; 40; 15; 67;0
2.3515901139200e-04; 40; 15; 68;0
2.3517836049700e-04; 40; 15; 68;0
2.3519772149000e-04; 40; 15; 68;0
2.3521707036800e-04; 40; 15; 68;0
2.3523643126700e-04; 40; 15; 68;0
2.3525578015300e-04; 40; 15; 68;0
2.3527514091600e-04; 40; 15; 68;0
2.3529448972000e-04; 40; 15; 68;0
2.3531385084300e-04; 40; 15; 68;0
2.3533319972500e-04; 40; 15; 68;0
2.3535256062900e-04; 40; 15; 68;0
2.3537190958900e-04; 40; 15; 68;0
2.3539127050300e-04; 40; 15; 68;0
2.3541061951500e-04; 40; 15; 68;0
2.3542998052800e-04; 40; 15; 68;0
2.3544610361100e-04; 40; 15; 68;0
2.3546546451100e-04; 40; 15; 68;0
2.3548481352200e-04; 40; 15; 68;0
2.3550417433800e-04; 40; 15; 68;0
2.3552352322500e-04; 40; 15; 68;0
2.3554288421100e-04; 40; 15; 68;0
2.3556223299000e-04; 40; 15; 68;0
2.3558159398800e-04; 40; 15; 68;0
2.3560094298700e-04; 40; 15; 68;0
2.3562030409400e-04; 40; 15; 68;0
2.3563965294200e-04; 40; 15; 68;0
2.3565901383300e-04; 40; 15; 68;0
2.3567836281300e-04; 40; 15; 68;0
2.3569772383900e-04; 40; 15; 68;0
2.3571707286200e-04; 40; 15; 68;0
2.3573643384400e-04; 40; 15; 68;0
2.3575578277200e-04; 40; 15; 68;0
2.3577514372800e-04; 40; 15; 68;0
2.3579449258600e-04; 40; 15; 68;0
2.3581385348100e-04; 40; 15; 68;0
2.3583320245500e-04; 40; 15; 68;0
2.3585256327900e-04; 40; 15; 68;0
2.3587191228400e-04; 40; 15; 68;0
2.3589127305900e-04; 40; 15; 68;0
2.3591062203000e-04; 40; 15; 68;0
2.3592998290300e-04; 40; 15; 68;0
2.3594610597500e-04; 40; 15; 68;0
2.3596546691600e-04; 40; 15; 68;0
2.3598481589000e-04; 40; 15; 68;0
2.3600417678500e-04; 40; 15; 68;0
2.3602352570000e-04; 40; 15; 68;0
2.3604288656700e-04; 40; 15; 68;0
2.3606223543300e-04; 40; 15; 68;0
2.3608159637500e-04; 40; 15; 68;0
2.3610094539800e-04; 40; 15; 68;0
2.3612030626400e-04; 40; 15; 68;0
2.3613965518300e-04; 40; 15; 68;0
2.3615901611600e-04; 40; 15; 68;0
2.3617836497100e-04; 40; 15; 68;0
2.3619772552800e-04; 40; 15; 67;0
2.3621707422200e-04; 40; 15; 67;0
2.3623643486200e-04; 40; 15; 67;0
2.3625578362400e-04; 40; 15; 67;0
2.3627514427500e-04; 40; 15; 67;0
2.3629449282900e-04; 40; 15; 67;0
2.3631385362300e-04; 40; 15; 67;0
2.3633320215000e-04; 40; 15; 67;0
2.3635256298700e-04; 40; 15; 67;0
2.3637191146500e-04; 40; 15; 67;0
2.3639127219700e-04; 40; 15; 67;0
2.3641062076400e-04; 40; 15; 67;0
2.3642998140100e-04; 40; 15; 67;0
2.3644610428400e-04; 40; 15; 67;0
2.3646546514900e-04; 40; 15; 67;0
2.3648481364300e-04; 40; 15; 67;0
2.3650417426800e-04; 40; 15; 67;0
2.3652352286500e-04; 40; 15; 67;0
2.3654288355600e-04; 40; 15; 67;0
2.3656223222900e-04; 40; 15; 67;0
2.3658159298600e-04; 40; 15; 67;0
2.3660094167000e-04; 40; 15; 67;0
2.3662030232700e-04; 40; 15; 67;0
2.3663965096300e-04; 40; 15; 67;0
2.3665901166000e-04; 40; 15; 67;0
2.3667836041000e-04; 40; 15; 67;0
2.3669772152300e-04; 40; 15; 68;0
2.3671707040000e-04; 40; 15; 68;0
2.3673643135100e-04; 40; 15; 68;0
2.3675578009200e-04; 40; 15; 68;0
2.3677514111800e-04; 40; 15; 68;0
2.3679449001900e-04; 40; 15; 68;0
2.3681385088100e-04; 40; 15; 68;0
2.3683319969900e-04; 40; 15; 68;0
2.3685256037300e-04; 40; 15; 67;0
2.3687190904100e-04; 40; 15; 67;0
2.3689126966800e-04; 40; 15; 67;0
2.3691061837400e-04; 40; 15; 67;0
2.3692997898700e-04; 40; 15; 67;0
2.3694610191600e-04; 40; 15; 67;0
2.3696546248800e-04; 40; 15; 67;0
2.3698481106900e-04; 40; 15; 67;0
2.3700417172500e-04; 40; 15; 67;0
2.3702352039700e-04; 40; 15; 67;0
2.3704288104900e-04; 40; 15; 67;0
2.3706222974100e-04; 40; 15; 67;0
2.3708159047700e-04; 40; 15; 67;0
2.3710093916900e-04; 40; 15; 67;0
2.3712030008000e-04; 40; 15; 68;0
2.3713964915100e-04; 40; 15; 68;0
2.3715901011200e-04; 40; 15; 68;0
2.3717835903500e-04; 40; 15; 68;0
2.3719771996400e-04; 40; 15; 68;0
2.3721706880800e-04; 40; 15; 68;0
2.3723642962100e-04; 40; 15; 68;0
2.3725577850100e-04; 40; 15; 68;0
2.3727513948900e-04; 40; 15; 68;0
2.3729448843600e-04; 40; 15; 68;0
2.3731384927900e-04; 40; 15; 68;0
2.3733319832500e-04; 40; 15; 68;0
2.3735255935800e-04; 40; 15; 68;0
2.3737190818400e-04; 40; 15; 68;0
2.3739126911900e-04; 40; 15; 68;0
2.3741061809100e-04; 40; 15; 68;0
2.3742997902500e-04; 40; 15; 68;0
2.3744610203800e-04; 40; 15; 68;0
2.3746546289300e-04; 40; 15; 68;0
2.3748481178800e-04; 40; 15; 68;0
2.3750417268700e-04; 40; 15; 68;0
2.3752352153100e-04; 40; 15; 68;0
2.3754288229500e-04; 40; 15; 68;0
2.3756223136400e-04; 40; 15; 68;0
2.3758159228600e-04; 40; 15; 68;0
2.3760094117400e-04; 40; 15; 68;0
2.3762030213800e-04; 40; 15; 68;0
2.3763965105300e-04; 40; 15; 68;0
2.3765901197900e-04; 40; 15; 68;0
2.3767836099600e-04; 40; 15; 68;0
2.3769772183200e-04; 40; 15; 68;0
2.3771707063800e-04; 40; 15; 68;0
2.3773643136100e-04; 40; 15; 67;0
2.3775578023500e-04; 40; 15; 67;0
2.3777514097900e-04; 40; 15; 67;0
2.3779448989000e-04; 40; 15; 67;0
2.3781385062600e-04; 40; 15; 67;0
2.3783319914800e-04; 40; 15; 67;0
2.3785255979400e-04; 40; 15; 67;0
2.3787190837000e-04; 40; 15; 67;0
2.3789126906600e-04; 40; 15; 67;0
2.3791061772100e-04; 40; 15; 67;0
2.3792997832800e-04; 40; 15; 67;0
2.3794610122600e-04; 40; 15; 67;0
2.3796546195500e-04; 40; 15; 67;0
2.3798481066200e-04; 40; 15; 67;0
2.3800417119700e-04; 40; 15; 67;0
2.3802351981600e-04; 40; 15; 67;0
2.3804288061700e-04; 40; 15; 67;0
2.3806222927100e-04; 40; 15; 67;0
2.3808159006800e-04; 40; 15; 67;0
2.3810093874200e-04; 40; 15; 67;0
2.3812029969000e-04; 40; 15; 68;0
2.3813964864900e-04; 40; 15; 68;0
2.3815900946400e-04; 40; 15; 68;0
2.3817835835000e-04; 40; 15; 68;0
2.3819771923800e-04; 40; 15; 68;0
2.3821706813300e-04; 40; 15; 68;0
2.3823642896400e-04; 40; 15; 68;0
2.3825577777100e-04; 40; 15; 68;0
2.3827513878200e-04; 40; 15; 68;0
2.3829448771000e-04; 40; 15; 68;0
2.3831384868200e-04; 40; 15; 68;0
2.3833319792800e-04; 40; 15; 68;0
2.3835255879600e-04; 40; 15; 68;0
2.3837190762600e-04; 40; 15; 68;0
2.3839126864600e-04; 40; 15; 68;0
2.3841061746000e-04; 40; 15; 68;0
2.3842997844100e-04; 40; 15; 68;0
2.3844610157600e-04; 40; 15; 68;0
2.3846546242400e-04; 40; 15; 68;0
2.3848481122000e-04; 40; 15; 68;0
2.3850417211600e-04; 40; 15; 68;0
2.3852352101700e-04; 40; 15; 68;0
2.3854288180900e-04; 40; 15; 68;0
2.3856223066300e-04; 40; 15; 68;0
2.3858159148100e-04; 40; 15; 68;0
2.3860094024800e-04; 40; 15; 68;0
2.3862030127900e-04; 40; 15; 68;0
2.3863965016200e-04; 40; 15; 68;0
2.3865901114100e-04; 40; 15; 68;0
2.3867836017600e-04; 40; 15; 68;0
2.3869772102100e-04; 40; 15; 68;0
2.3871706988700e-04; 40; 15; 68;0
2.3873643091100e-04; 40; 15; 68;0
2.3875577986300e-04; 40; 15; 68;0
2.3877514096200e-04; 40; 15; 68;0
2.3879449000700e-04; 40; 15; 68;0
2.3881385083400e-04; 40; 15; 68;0
2.3883319974900e-04; 40; 15; 68;0
2.3885256071500e-04; 40; 15; 68;0
2.3887190961900e-04; 40; 15; 68;0
2.3889127050300e-04; 40; 15; 68;0
2.3891061939000e-04; 40; 15; 68;0
2.3892998011500e-04; 40; 15; 68;0
2.3894610317700e-04; 40; 15; 68;0
2.3896546414200e-04; 40; 15; 68;0
2.3898481292500e-04; 40; 15; 68;0
2.3900417387300e-04; 40; 15; 68;0
2.3902352287700e-04; 40; 15; 68;0
2.3904288366300e-04; 40; 15; 68;0
2.3906223258500e-04; 40; 15; 68;0
2.3908159335400e-04; 40; 15; 68;0
2.3910094218200e-04; 40; 15; 68;0
2.3912030305900e-04; 40; 15; 68;0
2.3913965187800e-04; 40; 15; 68;0
2.3915901286100e-04; 40; 15; 68;0
2.3917836184300e-04; 40; 15; 68;0
2.3919772257000e-04; 40; 15; 68;0
2.3921707149500e-04; 40; 15; 68;0
2.3923643255300e-04; 40; 15; 68;0
2.3925578136200e-04; 40; 15; 68;0
2.3927514239500e-04; 40; 15; 68;0
2.3929449135400e-04; 40; 15; 68;0
2.3931385221100e-04; 40; 15; 68;0
2.3933320113200e-04; 40; 15; 68;0
2.3935256214200e-04; 40; 15; 68;0
2.3937191107800e-04; 40; 15; 68;0
2.3939127196000e-04; 40; 15; 68;0
2.3941062076000e-04; 40; 15; 68;0
2.3942998187900e-04; 40; 15; 68;0
2.3944610488800e-04; 40; 15; 68;0
2.3946546593700e-04; 40; 15; 68;0
2.3948481478100e-04; 40; 15; 68;0
2.3950417577500e-04; 40; 15; 68;0
2.3952352462600e-04; 40; 15; 68;0
2.3954288559000e-04; 40; 15; 68;0
2.3956223442000e-04; 40; 15; 68;0
2.3958159543700e-04; 40; 15; 68;0
2.3960094439700e-04; 40; 15; 68;0
2.3962030525700e-04; 40; 15; 68;0
2.3963965415400e-04; 40; 15; 68;0
2.3965901501700e-04; 40; 15; 68;0
2.3967836396000e-04; 40; 15; 68;0
2.3969772472900e-04; 40; 15; 67;0
2.3971707337800e-04; 40; 15; 67;0
2.3973643394600e-04; 40; 15; 67;0
2.3975578282400e-04; 40; 15; 67;0
2.3977514336600e-04; 40; 15; 67;0
2.3979449204700e-04; 40; 15; 67;0
2.3981385267400e-04; 40; 15; 67;0
2.3983320125400e-04; 40; 15; 67;0
2.3985256204900e-04; 40; 15; 67;0
2.3987191066900e-04; 40; 15; 67;0
2.3989127129600e-04; 40; 15; 67;0
2.3991061983900e-04; 40; 15; 67;0
2.3992998056300e-04; 40; 15; 67;0
2.3994610339500e-04; 40; 15; 67;0
2.3996546434700e-04; 40; 15; 68;0
2.3998481311300e-04; 40; 15; 68;0
2.4000417413200e-04; 40; 15; 68;0
2.4002352321400e-04; 40; 15; 68;0
2.4004288385100e-04; 40; 15; 68;0
2.4006223280400e-04; 40; 15; 68;0
2.4008159360000e-04; 40; 15; 68;0
2.4010094258100e-04; 40; 15; 68;0
2.4012030340200e-04; 40; 15; 68;0
2.4013965245600e-04; 40; 15; 68;0
2.4015901321300e-04; 40; 15; 68;0
2.4017836236000e-04; 40; 15; 68;0
2.4019772330200e-04; 40; 15; 68;0
2.4021707217300e-04; 40; 15; 68;0
2.4023643306700e-04; 40; 15; 68;0
2.4025578190800e-04; 40; 15; 68;0
2.4027514283700e-04; 40; 15; 68;0
2.4029449170300e-04; 40; 15; 68;0
2.4031385261600e-04; 40; 15; 68;0
2.4033320154100e-04; 40; 15; 68;0
2.4035256254000e-04; 40; 15; 68;0
2.4037191143200e-04; 40; 15; 68;0
2.4039127231600e-04; 40; 15; 68;0
2.4041062119700e-04; 40; 15; 68;0
2.4042998203400e-04; 40; 15; 68;0
2.4044610514000e-04; 40; 15; 68;0
2.4046546593900e-04; 40; 15; 68;0
2.4048481502600e-04; 40; 15; 68;0
2.4050417595800e-04; 40; 15; 68;0
2.4052352488400e-04; 40; 15; 68;0
2.4054288572800e-04; 40; 15; 68;0
2.4056223473600e-04; 40; 15; 68;0
2.4058159567000e-04; 40; 15; 68;0
2.4060094434200e-04; 40; 15; 68;0
2.4062030528100e-04; 40; 15; 68;0
2.4063965413200e-04; 40; 15; 68;0
2.4065901511700e-04; 40; 15; 68;0
2.4067836409400e-04; 40; 15; 68;0
2.4069772470900e-04; 40; 15; 67;0
2.4071707338700e-04; 40; 15; 67;0
2.4073643404100e-04; 40; 15; 67;0
2.4075578289600e-04; 40; 15; 67;0
2.4077514345700e-04; 40; 15; 67;0
2.4079449223800e-04; 40; 15; 67;0
2.4081385297600e-04; 40; 15; 67;0
2.4083320167800e-04; 40; 15; 67;0
2.4085256229900e-04; 40; 15; 67;0
2.4087191111100e-04; 40; 15; 67;0
2.4089127185000e-04; 40; 15; 67;0
2.4091062043000e-04; 40; 15; 67;0
2.4092998110900e-04; 40; 15; 67;0
2.4094610414700e-04; 40; 15; 67;0
2.4096546490800e-04; 40; 15; 67;0
2.4098481358200e-04; 40; 15; 67;0
2.4100417424100e-04; 40; 15; 67;0
2.4102352306000e-04; 40; 15; 67;0
2.4104288362000e-04; 40; 15; 67;0
2.4106223243200e-04; 40; 15; 67;0
2.4108159316200e-04; 40; 15; 67;0
2.4110094188500e-04; 40; 15; 67;0
2.4112030256700e-04; 40; 15; 67;0
2.4113965125700e-04; 40; 15; 67;0
2.4115901191900e-04; 40; 15; 67;0
2.4117836061000e-04; 40; 15; 67;0
2.4119772147800e-04; 40; 15; 68;0
2.4121707035000e-04; 40; 15; 68;0
2.4123643135700e-04; 40; 15; 68;0
2.4125578029500e-04; 40; 15; 68;0
2.4127514128200e-04; 40; 15; 68;0
2.4129449029700e-04; 40; 15; 68;0
2.4131385120900e-04; 40; 15; 68;0
2.4133319993300e-04; 40; 15; 68;0
2.4135256072100e-04; 40; 15; 68;0
2.4137190958900e-04; 40; 15; 68;0
2.4139127054900e-04; 40; 15; 68;0
2.4141061942200e-04; 40; 15; 68;0
2.4142998043900e-04; 40; 15; 68;0
2.4144610341100e-04; 40; 15; 68;0
2.4146546435400e-04; 40; 15; 68;0
2.4148481317200e-04; 40; 15; 68;0
2.4150417406100e-04; 40; 15; 68;0
2.4152352294900e-04; 40; 15; 68;0
2.4154288395400e-04; 40; 15; 68;0
2.4156223275400e-04; 40; 15; 68;0
2.4158159366400e-04; 40; 15; 68;0
2.4160094271500e-04; 40; 15; 68;0
2.4162030372800e-04; 40; 15; 68;0
2.4163965262800e-04; 40; 15; 68;0
2.4165901343200e-04; 40; 15; 68;0
2.4167836247800e-04; 40; 15; 68;0
2.4169772339000e-04; 40; 15; 68;0
2.4171707231900e-04; 40; 15; 68;0
2.4173643335200e-04; 40; 15; 68;0
2.4175578219000e-04; 40; 15; 68;0
2.4177514281000e-04; 40; 15; 67;0
2.4179449151800e-04; 40; 15; 67;0
2.4181385212100e-04; 40; 15; 67;0
2.4183320100500e-04; 40; 15; 67;0
2.4185256181600e-04; 40; 15; 68;0
2.4187191079100e-04; 40; 15; 68;0
2.4189127175500e-04; 40; 15; 68;0
2.4191062075200e-04; 40; 15; 68;0
2.4192998170600e-04; 40; 15; 68;0
2.4194610468400e-04; 40; 15; 68;0
2.4196546571900e-04; 40; 15; 68;0
2.4198481475500e-04; 40; 15; 68;0
2.4200417550900e-04; 40; 15; 67;0
2.4202352420300e-04; 40; 15; 67;0
2.4204288494000e-04; 40; 15; 67;0
2.4206223343700e-04; 40; 15; 67;0
2.4208159405600e-04; 40; 15; 67;0
2.4210094263300e-04; 40; 15; 67;0
2.4212030327800e-04; 40; 15; 67;0
2.4213965189300e-04; 40; 15; 67;0
2.4215901279100e-04; 40; 15; 68;0
2.4217836168900e-04; 40; 15; 68;0
2.4219772245200e-04; 40; 15; 68;0
2.4221707143100e-04; 40; 15; 68;0
2.4223643231300e-04; 40; 15; 68;0
2.4225578116700e-04; 40; 15; 68;0
2.4227514223600e-04; 40; 15; 68;0
2.4229449123200e-04; 40; 15; 68;0
2.4231385202100e-04; 40; 15; 68;0
2.4233320107200e-04; 40; 15; 68;0
2.4235256187900e-04; 40; 15; 68;0
2.4237191087700e-04; 40; 15; 68;0
2.4239127148900e-04; 40; 15; 67;0
2.4241062018800e-04; 40; 15; 67;0
2.4242998098700e-04; 40; 15; 67;0
2.4244610381400e-04; 40; 15; 67;0
2.4246546433900e-04; 40; 15; 67;0
2.4248481315300e-04; 40; 15; 67;0
2.4250417381100e-04; 40; 15; 67;0
2.4252352245000e-04; 40; 15; 67;0
2.4254288306900e-04; 40; 15; 67;0
2.4256223180200e-04; 40; 15; 67;0
2.4258159271200e-04; 40; 15; 68;0
2.4260094159300e-04; 40; 15; 68;0
2.4262030256600e-04; 40; 15; 68;0
2.4263965142100e-04; 40; 15; 68;0
2.4265901227400e-04; 40; 15; 68;0
2.4267836126700e-04; 40; 15; 68;0
2.4269772215000e-04; 40; 15; 68;0
2.4271707107900e-04; 40; 15; 68;0
2.4273643200900e-04; 40; 15; 68;0
2.4275578103500e-04; 40; 15; 68;0
2.4277514181100e-04; 40; 15; 68;0
2.4279449071500e-04; 40; 15; 68;0
2.4281385170600e-04; 40; 15; 68;0
2.4283320083500e-04; 40; 15; 68;0
2.4285256173800e-04; 40; 15; 68;0
2.4287191077700e-04; 40; 15; 68;0
2.4289127173700e-04; 40; 15; 68;0
2.4291062056200e-04; 40; 15; 68;0
2.4292998160600e-04; 40; 15; 68;0
2.4294610472400e-04; 40; 15; 68;0
2.4296546567600e-04; 40; 15; 68;0
2.4298481446900e-04; 40; 15; 68;0
2.4300417536500e-04; 40; 15; 68;0
2.4302352429600e-04; 40; 15; 68;0
2.4304288518900e-04; 40; 15; 68;0
2.4306223404700e-04; 40; 15; 68;0
2.4308159487500e-04; 40; 15; 68;0
2.4310094380600e-04; 40; 15; 68;0
2.4312030482800e-04; 40; 15; 68;0
2.4313965367900e-04; 40; 15; 68;0
2.4315901462700e-04; 40; 15; 68;0
2.4317836346300e-04; 40; 15; 68;0
2.4319772447700e-04; 40; 15; 68;0
2.4321707340100e-04; 40; 15; 68;0
2.4323643422300e-04; 40; 15; 68;0
2.4325578325900e-04; 40; 15; 68;0
2.4327514398900e-04; 40; 15; 67;0
2.4329449266300e-04; 40; 15; 67;0
2.4331385325500e-04; 40; 15; 67;0
2.4333320189500e-04; 40; 15; 67;0
2.4335256249400e-04; 40; 15; 67;0
2.4337191118300e-04; 40; 15; 67;0
2.4339127189300e-04; 40; 15; 67;0
2.4341062055300e-04; 40; 15; 67;0
2.4342998120200e-04; 40; 15; 67;0
2.4344610400200e-04; 40; 15; 67;0
2.4346546479500e-04; 40; 15; 67;0
2.4348481358900e-04; 40; 15; 67;0
2.4350417417600e-04; 40; 15; 67;0
2.4352352269900e-04; 40; 15; 67;0
2.4354288344200e-04; 40; 15; 67;0
2.4356223201200e-04; 40; 15; 67;0
2.4358159290200e-04; 40; 15; 67;0
2.4360094158100e-04; 40; 15; 67;0
2.4362030220600e-04; 40; 15; 67;0
2.4363965101500e-04; 40; 15; 67;0
2.4365901150900e-04; 40; 15; 67;0
2.4367836014700e-04; 40; 15; 67;0
2.4369772081100e-04; 40; 15; 67;0
2.4371706940500e-04; 40; 15; 67;0
2.4373643023200e-04; 40; 15; 67;0
2.4375577893400e-04; 40; 15; 67;0
2.4377513975600e-04; 40; 15; 67;0
2.4379448828900e-04; 40; 15; 67;0
2.4381384911800e-04; 40; 15; 67;0
2.4383319773800e-04; 40; 15; 67;0
2.4385255844500e-04; 40; 15; 67;0
2.4387190715100e-04; 40; 15; 67;0
2.4389126799700e-04; 40; 15; 68;0
2.4391061696600e-04; 40; 15; 68;0
2.4392997790500e-04; 40; 15; 68;0
2.4394610098900e-04; 40; 15; 68;0
2.4396546194200e-04; 40; 15; 68;0
2.4398481097800e-04; 40; 15; 68;0
2.4400417188100e-04; 40; 15; 68;0
2.4402352075000e-04; 40; 15; 68;0
2.4404288156400e-04; 40; 15; 68;0
2.4406223051600e-04; 40; 15; 68;0
2.4408159142800e-04; 40; 15; 68;0
2.4410094040700e-04; 40; 15; 68;0
2.4412030133200e-04; 40; 15; 68;0
2.4413965023100e-04; 40; 15; 68;0
2.4415901107400e-04; 40; 15; 68;0
2.4417836014800e-04; 40; 15; 68;0
2.4419772090400e-04; 40; 15; 68;0
2.4421707008100e-04; 40; 15; 68;0
2.4423643089300e-04; 40; 15; 68;0
2.4425577977100e-04; 40; 15; 68;0
2.4427514073400e-04; 40; 15; 68;0
2.4429448978200e-04; 40; 15; 68;0
2.4431385075300e-04; 40; 15; 68;0
2.4433319959600e-04; 40; 15; 68;0
2.4435256054800e-04; 40; 15; 68;0
2.4437190932600e-04; 40; 15; 68;0
2.4439127020300e-04; 40; 15; 68;0
2.4441061909600e-04; 40; 15; 68;0
2.4442997999400e-04; 40; 15; 68;0
2.4444610317200e-04; 40; 15; 68;0
2.4446546401100e-04; 40; 15; 68;0
2.4448481293700e-04; 40; 15; 68;0
2.4450417381300e-04; 40; 15; 68;0
2.4452352274000e-04; 40; 15; 68;0
2.4454288370500e-04; 40; 15; 68;0
2.4456223263700e-04; 40; 15; 68;0
2.4458159356000e-04; 40; 15; 68;0
2.4460094262400e-04; 40; 15; 68;0
2.4462030356600e-04; 40; 15; 68;0
2.4463965254300e-04; 40; 15; 68;0
2.4465901355200e-04; 40; 15; 68;0
2.4467836246900e-04; 40; 15; 68;0
2.4469772337900e-04; 40; 15; 68;0
2.4471707219200e-04; 40; 15; 68;0
2.4473643309400e-04; 40; 15; 68;0
2.4475578198600e-04; 40; 15; 68;0
2.4477514296800e-04; 40; 15; 68;0
2.4479449196500e-04; 40; 15; 68;0
2.4481385294500e-04; 40; 15; 68;0
2.4483320193100e-04; 40; 15; 68;0
2.4485256287200e-04; 40; 15; 68;0
2.4487191158600e-04; 40; 15; 68;0
2.4489127234300e-04; 40; 15; 67;0
2.4491062101000e-04; 40; 15; 67;0
2.4492998165200e-04; 40; 15; 67;0
2.4494610450300e-04; 40; 15; 67;0
2.4496546515900e-04; 40; 15; 67;0
2.4498481377200e-04; 40; 15; 67;0
2.4500417448400e-04; 40; 15; 67;0
2.4502352306700e-04; 40; 15; 67;0
2.4504288369900e-04; 40; 15; 67;0
2.4506223220900e-04; 40; 15; 67;0
2.4508159284200e-04; 40; 15; 67;0
2.4510094164400e-04; 40; 15; 67;0
2.4512030222500e-04; 40; 15; 67;0
2.4513965094700e-04; 40; 15; 67;0
2.4515901134900e-04; 40; 15; 67;0
2.4517836003400e-04; 40; 15; 67;0
2.4519772080100e-04; 40; 15; 67;0
2.4521706931900e-04; 40; 15; 67;0
2.4523643010000e-04; 40; 15; 67;0
2.4525577874400e-04; 40; 15; 67;0
2.4527513983000e-04; 40; 15; 68;0
2.4529448873900e-04; 40; 15; 68;0
2.4531384977300e-04; 40; 15; 68;0
2.4533319863300e-04; 40; 15; 68;0
2.4535255947400e-04; 40; 15; 68;0
2.4537190849500e-04; 40; 15; 68;0
2.4539126950400e-04; 40; 15; 68;0
2.4541061836900e-04; 40; 15; 68;0
2.4542997923800e-04; 40; 15; 68;0
2.4544610228200e-04; 40; 15; 68;0
2.4546546324400e-04; 40; 15; 68;0
2.4548481217100e-04; 40; 15; 68;0
2.4550417314100e-04; 40; 15; 68;0
2.4552352195800e-04; 40; 15; 68;0
2.4554288289900e-04; 40; 15; 68;0
2.4556223181500e-04; 40; 15; 68;0
2.4558159283500e-04; 40; 15; 68;0
2.4560094181300e-04; 40; 15; 68;0
2.4562030279800e-04; 40; 15; 68;0
2.4563965157300e-04; 40; 15; 68;0
2.4565901248500e-04; 40; 15; 68;0
2.4567836141700e-04; 40; 15; 68;0
2.4569772223300e-04; 40; 15; 68;0
2.4571707111600e-04; 40; 15; 68;0
2.4573643202300e-04; 40; 15; 68;0
2.4575578109100e-04; 40; 15; 68;0
2.4577514177100e-04; 40; 15; 68;0
2.4579449055500e-04; 40; 15; 68;0
2.4581385162000e-04; 40; 15; 68;0
2.4583320067400e-04; 40; 15; 68;0
2.4585256148900e-04; 40; 15; 68;0
2.4587191049500e-04; 40; 15; 68;0
2.4589127159200e-04; 40; 15; 68;0
2.4591062050400e-04; 40; 15; 68;0
2.4592998142600e-04; 40; 15; 68;0
2.4594610458700e-04; 40; 15; 68;0
2.4596546546700e-04; 40; 15; 68;0
2.4598481433400e-04; 40; 15; 68;0
2.4600417537700e-04; 40; 15; 68;0
2.4602352429200e-04; 40; 15; 68;0
2.4604288528200e-04; 40; 15; 68;0
2.4606223416400e-04; 40; 15; 68;0
2.4608159518800e-04; 40; 15; 68;0
2.4610094418700e-04; 40; 15; 68;0
2.4612030517400e-04; 40; 15; 68;0
2.4613965409200e-04; 40; 15; 68;0
2.4615901503300e-04; 40; 15; 68;0
2.4617836395700e-04; 40; 15; 68;0
2.4619772478300e-04; 40; 15; 68;0
2.4621707381100e-04; 40; 15; 68;0
2.4623643471200e-04; 40; 15; 68;0
2.4625578355800e-04; 40; 15; 68;0
2.4627514423200e-04; 40; 15; 67;0
2.4629449289900e-04; 40; 15; 67;0
2.4631385378100e-04; 40; 15; 67;0
2.4633320227300e-04; 40; 15; 67;0
2.4635256291800e-04; 40; 15; 67;0
2.4637191152500e-04; 40; 15; 67;0
2.4639127228000e-04; 40; 15; 67;0
2.4641062077200e-04; 40; 15; 67;0
2.4642998152500e-04; 40; 15; 67;0
2.4644610437600e-04; 40; 15; 67;0
2.4646546496700e-04; 40; 15; 67;0
2.4648481359300e-04; 40; 15; 67;0
2.4650417412500e-04; 40; 15; 67;0
2.4652352280600e-04; 40; 15; 67;0
2.4654288356300e-04; 40; 15; 67;0
2.4656223218200e-04; 40; 15; 67;0
2.4658159278000e-04; 40; 15; 67;0
2.4660094133100e-04; 40; 15; 67;0
2.4662030196700e-04; 40; 15; 67;0
2.4663965060100e-04; 40; 15; 67;0
2.4665901125000e-04; 40; 15; 67;0
2.4667835999500e-04; 40; 15; 67;0
2.4669772083200e-04; 40; 15; 68;0
2.4671706967900e-04; 40; 15; 68;0
2.4673643071000e-04; 40; 15; 68;0
2.4675577957700e-04; 40; 15; 68;0
2.4677514040400e-04; 40; 15; 68;0
2.4679448923200e-04; 40; 15; 68;0
2.4681385034300e-04; 40; 15; 68;0
2.4683319913400e-04; 40; 15; 68;0
2.4685256009400e-04; 40; 15; 68;0
2.4687190910700e-04; 40; 15; 68;0
2.4689127005500e-04; 40; 15; 68;0
2.4691061915400e-04; 40; 15; 68;0
2.4692998002100e-04; 40; 15; 68;0
2.4694610314900e-04; 40; 15; 68;0
2.4696546430600e-04; 40; 15; 68;0
2.4698481306000e-04; 40; 15; 68;0
2.4700417390000e-04; 40; 15; 68;0
2.4702352289400e-04; 40; 15; 68;0
2.4704288389900e-04; 40; 15; 68;0
2.4706223283300e-04; 40; 15; 68;0
2.4708159375200e-04; 40; 15; 68;0
2.4710094269600e-04; 40; 15; 68;0
2.4712030367400e-04; 40; 15; 68;0
2.4713965258200e-04; 40; 15; 68;0
2.4715901331400e-04; 40; 15; 68;0
2.4717836236000e-04; 40; 15; 68;0
2.4719772319700e-04; 40; 15; 68;0
2.4721707216000e-04; 40; 15; 68;0
2.4723643304000e-04; 40; 15; 68;0
2.4725578199200e-04; 40; 15; 68;0
2.4727514283700e-04; 40; 15; 68;0
2.4729449189100e-04; 40; 15; 68;0
2.4731385271900e-04; 40; 15; 68;0
2.4733320167600e-04; 40; 15; 68;0
2.4735256252500e-04; 40; 15; 68;0
2.4737191134700e-04; 40; 15; 68;0
2.4739127233700e-04; 40; 15; 68;0
2.4741062136800e-04; 40; 15; 68;0
2.4742998241100e-04; 40; 15; 68;0
2.4744610546200e-04; 40; 15; 68;0
2.4746546639500e-04; 40; 15; 68;0
2.4748481531200e-04; 40; 15; 68;0
2.4750417614100e-04; 40; 15; 68;0
2.4752352489000e-04; 40; 15; 68;0
2.4754288574300e-04; 40; 15; 67;0
2.4756223436300e-04; 40; 15; 67;0
2.4758159521800e-04; 40; 15; 67;0
2.4760094389000e-04; 40; 15; 67;0
2.4762030465000e-04; 40; 15; 67;0
2.4763965331200e-04; 40; 15; 67;0
2.4765901399600e-04; 40; 15; 67;0
2.4767836265500e-04; 40; 15; 67;0
2.4769772337000e-04; 40; 15; 67;0
2.4771707217200e-04; 40; 15; 67;0
2.4773643277200e-04; 40; 15; 67;0
2.4775578146400e-04; 40; 15; 67;0
2.4777514239000e-04; 40; 15; 67;0
2.4779449085700e-04; 40; 15; 67;0
2.4781385165500e-04; 40; 15; 67;0
2.4783320033000e-04; 40; 15; 67;0
2.4785256103700e-04; 40; 15; 67;0
2.4787190956000e-04; 40; 15; 67;0
2.4789127032300e-04; 40; 15; 67;0
2.4791061904900e-04; 40; 15; 67;0
2.4792997974800e-04; 40; 15; 67;0
2.4794610263800e-04; 40; 15; 67;0
2.4796546349700e-04; 40; 15; 68;0
2.4798481235600e-04; 40; 15; 68;0
2.4800417332500e-04; 40; 15; 68;0
2.4802352240000e-04; 40; 15; 68;0
2.4804288331300e-04; 40; 15; 68;0
2.4806223228900e-04; 40; 15; 68;0
2.4808159326200e-04; 40; 15; 68;0
2.4810094224800e-04; 40; 15; 68;0
2.4812030318900e-04; 40; 15; 68;0
2.4813965205600e-04; 40; 15; 68;0
2.4815901291100e-04; 40; 15; 68;0
2.4817836190500e-04; 40; 15; 68;0
2.4819772278700e-04; 40; 15; 68;0
2.4821707168100e-04; 40; 15; 68;0
2.4823643256900e-04; 40; 15; 68;0
2.4825578160100e-04; 40; 15; 68;0
2.4827514247700e-04; 40; 15; 68;0
2.4829449146500e-04; 40; 15; 68;0
2.4831385235200e-04; 40; 15; 68;0
2.4833320120300e-04; 40; 15; 68;0
2.4835256205100e-04; 40; 15; 68;0
2.4837191101400e-04; 40; 15; 68;0
2.4839127194500e-04; 40; 15; 68;0
2.4841062089100e-04; 40; 15; 68;0
2.4842998188600e-04; 40; 15; 68;0
2.4844610508400e-04; 40; 15; 68;0
2.4846546594900e-04; 40; 15; 68;0
2.4848481484400e-04; 40; 15; 68;0
2.4850417580400e-04; 40; 15; 68;0
2.4852352478300e-04; 40; 15; 68;0
2.4854288540600e-04; 40; 15; 67;0
2.4856223412800e-04; 40; 15; 67;0
2.4858159472700e-04; 40; 15; 67;0
2.4860094344700e-04; 40; 15; 67;0
2.4862030412800e-04; 40; 15; 67;0
2.4863965270600e-04; 40; 15; 67;0
2.4865901355400e-04; 40; 15; 68;0
2.4867836256000e-04; 40; 15; 68;0
2.4869772334900e-04; 40; 15; 68;0
2.4871707208200e-04; 40; 15; 68;0
2.4873643285600e-04; 40; 15; 67;0
2.4875578149100e-04; 40; 15; 67;0
2.4877514201100e-04; 40; 15; 67;0
2.4879449091800e-04; 40; 15; 67;0
2.4881385162000e-04; 40; 15; 67;0
2.4883320036100e-04; 40; 15; 67;0
2.4885256097500e-04; 40; 15; 67;0
2.4887190966700e-04; 40; 15; 67;0
2.4889127029400e-04; 40; 15; 67;0
2.4891061898000e-04; 40; 15; 67;0
2.4892997976900e-04; 40; 15; 67;0
2.4894610264400e-04; 40; 15; 67;0
2.4896546317000e-04; 40; 15; 67;0
2.4898481179400e-04; 40; 15; 67;0
2.4900417243500e-04; 40; 15; 67;0
2.4902352111000e-04; 40; 15; 67;0
2.4904288169700e-04; 40; 15; 67;0
2.4906223042600e-04; 40; 15; 67;0
2.4908159145200e-04; 40; 15; 68;0
2.4910094042800e-04; 40; 15; 68;0
2.4912030124900e-04; 40; 15; 68;0
2.4913965017900e-04; 40; 15; 68;0
2.4915901106900e-04; 40; 15; 68;0
2.4917836007400e-04; 40; 15; 68;0
2.4919772096500e-04; 40; 15; 68;0
2.4921706978800e-04; 40; 15; 68;0
2.4923643065700e-04; 40; 15; 68;0
2.4925577949300e-04; 40; 15; 68;0
2.4927514047500e-04; 40; 15; 68;0
2.4929448951200e-04; 40; 15; 68;0
2.4931385044700e-04; 40; 15; 68;0
2.4933319935400e-04; 40; 15; 68;0
2.4935256027600e-04; 40; 15; 68;0
2.4937190915100e-04; 40; 15; 68;0
2.4939127005200e-04; 40; 15; 68;0
2.4941061881700e-04; 40; 15; 68;0
2.4942997986300e-04; 40; 15; 68;0
2.4944610285500e-04; 40; 15; 68;0
2.4946546366100e-04; 40; 15; 68;0
2.4948481245700e-04; 40; 15; 68;0
2.4950417356200e-04; 40; 15; 68;0
2.4952352250200e-04; 40; 15; 68;0
2.4954288336100e-04; 40; 15; 68;0
2.4956223224600e-04; 40; 15; 68;0
2.4958159316400e-04; 40; 15; 68;0
2.4960094189900e-04; 40; 15; 68;0
2.4962030302400e-04; 40; 15; 68;0
2.4963965185400e-04; 40; 15; 68;0
2.4965901277000e-04; 40; 15; 68;0
2.4967836175800e-04; 40; 15; 68;0
2.4969772250500e-04; 40; 15; 68;0
2.4971707138500e-04; 40; 15; 68;0
2.4973643244000e-04; 40; 15; 68;0
2.4975578137800e-04; 40; 15; 68;0
2.4977514236100e-04; 40; 15; 68;0
2.4979449129400e-04; 40; 15; 68;0
2.4981385203800e-04; 40; 15; 68;0
2.4983320100400e-04; 40; 15; 68;0
2.4985256178300e-04; 40; 15; 68;0
2.4987191070200e-04; 40; 15; 68;0
2.4989127172000e-04; 40; 15; 68;0
2.4991062051100e-04; 40; 15; 68;0
2.4992998145200e-04; 40; 15; 68;0
2.4994610462600e-04; 40; 15; 68;0
2.4996546541400e-04; 40; 15; 68;0
2.4998481429100e-04; 40; 15; 68;0
2.5000417532700e-04; 40; 15; 68;0
2.5002352411600e-04; 40; 15; 68;0
2.5004288482500e-04; 40; 15; 67;0
2.5006223352100e-04; 40; 15; 67;0
2.5008159416300e-04; 40; 15; 67;0
2.5010094286100e-04; 40; 15; 67;0
2.5012030333000e-04; 40; 15; 67;0
2.5013965200000e-04; 40; 15; 67;0
2.5015901305600e-04; 40; 15; 68;0
2.5017836191400e-04; 40; 15; 68;0
2.5019772274100e-04; 40; 15; 68;0
2.5021707149200e-04; 40; 15; 68;0
2.5023643251400e-04; 40; 15; 68;0
2.5025578134300e-04; 40; 15; 68;0
2.5027514219600e-04; 40; 15; 68;0
2.5029449107300e-04; 40; 15; 68;0
2.5031385198500e-04; 40; 15; 68;0
2.5033320096400e-04; 40; 15; 68;0
2.5035256179300e-04; 40; 15; 68;0
2.5037191074400e-04; 40; 15; 68;0
2.5039127160100e-04; 40; 15; 68;0
2.5041062052700e-04; 40; 15; 68;0
2.5042998150800e-04; 40; 15; 68;0
2.5044610442800e-04; 40; 15; 68;0
2.5046546556700e-04; 40; 15; 68;0
2.5048481444000e-04; 40; 15; 68;0
2.5050417539800e-04; 40; 15; 68;0
2.5052352421000e-04; 40; 15; 68;0
2.5054288501100e-04; 40; 15; 67;0
2.5056223364800e-04; 40; 15; 67;0
2.5058159433200e-04; 40; 15; 67;0
2.5060094304600e-04; 40; 15; 67;0
2.5062030367300e-04; 40; 15; 67;0
2.5063965225200e-04; 40; 15; 67;0
2.5065901325500e-04; 40; 15; 68;0
2.5067836213900e-04; 40; 15; 68;0
2.5069772308500e-04; 40; 15; 68;0
2.5071707194100e-04; 40; 15; 68;0
2.5073643289300e-04; 40; 15; 68;0
2.5075578184400e-04; 40; 15; 68;0
2.5077514256000e-04; 40; 15; 68;0
2.5079449142600e-04; 40; 15; 68;0
2.5081385230700e-04; 40; 15; 68;0
2.5083320128600e-04; 40; 15; 68;0
2.5085256215900e-04; 40; 15; 68;0
2.5087191111300e-04; 40; 15; 68;0
2.5089127216300e-04; 40; 15; 68;0
2.5091062104300e-04; 40; 15; 68;0
2.5092998198000e-04; 40; 15; 68;0
2.5094610508800e-04; 40; 15; 68;0
2.5096546594500e-04; 40; 15; 68;0
2.5098481485600e-04; 40; 15; 68;0
2.5100417581200e-04; 40; 15; 68;0
2.5102352466600e-04; 40; 15; 68;0
2.5104288560200e-04; 40; 15; 68;0
2.5106223466500e-04; 40; 15; 68;0
2.5108159563500e-04; 40; 15; 68;0
2.5110094465100e-04; 40; 15; 68;0
2.5112030549000e-04; 40; 15; 68;0
2.5113965424100e-04; 40; 15; 68;0
2.5115901527500e-04; 40; 15; 68;0
2.5117836423400e-04; 40; 15; 68;0
2.5119772505700e-04; 40; 15; 68;0
2.5121707398000e-04; 40; 15; 68;0
2.5123643497000e-04; 40; 15; 68;0
2.5125578395200e-04; 40; 15; 68;0
2.5127514473200e-04; 40; 15; 67;0
2.5129449321800e-04; 40; 15; 67;0
2.5131385379300e-04; 40; 15; 67;0
2.5133320244700e-04; 40; 15; 67;0
2.5135256340900e-04; 40; 15; 68;0
2.5137191244200e-04; 40; 15; 68;0
2.5139127327300e-04; 40; 15; 68;0
2.5141062229800e-04; 40; 15; 68;0
2.5142998307700e-04; 40; 15; 68;0
2.5144610619600e-04; 40; 15; 68;0
2.5146546708800e-04; 40; 15; 68;0
2.5148481609100e-04; 40; 15; 68;0
2.5150417704100e-04; 40; 15; 68;0
2.5152352591000e-04; 40; 15; 68;0
2.5154288639200e-04; 40; 15; 67;0
2.5156223508300e-04; 40; 15; 67;0
2.5158159584900e-04; 40; 15; 67;0
2.5160094449800e-04; 40; 15; 67;0
2.5162030518500e-04; 40; 15; 67;0
2.5163965361300e-04; 40; 15; 67;0
2.5165901433300e-04; 40; 15; 67;0
2.5167836286000e-04; 40; 15; 67;0
2.5169772341700e-04; 40; 15; 67;0
2.5171707206900e-04; 40; 15; 67;0
2.5173643283500e-04; 40; 15; 67;0
2.5175578161800e-04; 40; 15; 67;0
2.5177514221500e-04; 40; 15; 67;0
2.5179449084800e-04; 40; 15; 67;0
2.5181385156200e-04; 40; 15; 67;0
2.5183320020900e-04; 40; 15; 67;0
2.5185256090600e-04; 40; 15; 67;0
2.5187190957500e-04; 40; 15; 67;0
2.5189127023700e-04; 40; 15; 67;0
2.5191061874300e-04; 40; 15; 67;0
2.5192997944000e-04; 40; 15; 67;0
2.5194610235000e-04; 40; 15; 67;0
2.5196546308900e-04; 40; 15; 67;0
2.5198481176200e-04; 40; 15; 67;0
2.5200417233300e-04; 40; 15; 67;0
2.5202352084600e-04; 40; 15; 67;0
2.5204288152600e-04; 40; 15; 67;0
2.5206223026000e-04; 40; 15; 67;0
2.5208159094000e-04; 40; 15; 67;0
2.5210093962700e-04; 40; 15; 67;0
2.5212030069000e-04; 40; 15; 68;0
2.5213964972300e-04; 40; 15; 68;0
2.5215901048600e-04; 40; 15; 68;0
2.5217835934000e-04; 40; 15; 68;0
2.5219772044900e-04; 40; 15; 68;0
2.5221706926100e-04; 40; 15; 68;0
2.5223643013000e-04; 40; 15; 68;0
2.5225577886800e-04; 40; 15; 68;0
2.5227513969000e-04; 40; 15; 68;0
2.5229448859500e-04; 40; 15; 68;0
2.5231384958900e-04; 40; 15; 68;0
2.5233319840000e-04; 40; 15; 68;0
2.5235255945800e-04; 40; 15; 68;0
2.5237190840400e-04; 40; 15; 68;0
2.5239126933100e-04; 40; 15; 68;0
2.5241061822500e-04; 40; 15; 68;0
2.5242997911300e-04; 40; 15; 68;0
2.5244610232600e-04; 40; 15; 68;0
2.5246546294700e-04; 40; 15; 68;0
2.5248481200000e-04; 40; 15; 68;0
2.5250417282500e-04; 40; 15; 68;0
2.5252352183900e-04; 40; 15; 68;0
2.5254288268600e-04; 40; 15; 68;0
2.5256223148200e-04; 40; 15; 68;0
2.5258159244600e-04; 40; 15; 68;0
2.5260094135900e-04; 40; 15; 68;0
2.5262030240300e-04; 40; 15; 68;0
2.5263965112200e-04; 40; 15; 68;0
2.5265901185500e-04; 40; 15; 68;0
2.5267836088800e-04; 40; 15; 68;0
2.5269772179800e-04; 40; 15; 68;0
2.5271707063500e-04; 40; 15; 68;0
2.5273643161900e-04; 40; 15; 68;0
2.5275578049600e-04; 40; 15; 68;0
2.5277514124500e-04; 40; 15; 68;0
2.5279449016800e-04; 40; 15; 68;0
2.5281385100700e-04; 40; 15; 68;0
2.5283319990200e-04; 40; 15; 68;0
2.5285256062900e-04; 40; 15; 68;0
2.5287190956700e-04; 40; 15; 68;0
2.5289127033400e-04; 40; 15; 68;0
2.5291061918200e-04; 40; 15; 68;0
2.5292997993200e-04; 40; 15; 68;0
2.5294610295800e-04; 40; 15; 68;0
2.5296546387700e-04; 40; 15; 68;0
2.5298481280900e-04; 40; 15; 68;0
2.5300417360000e-04; 40; 15; 68;0
2.5302352249300e-04; 40; 15; 68;0
2.5304288315900e-04; 40; 15; 67;0
2.5306223178300e-04; 40; 15; 67;0
2.5308159247700e-04; 40; 15; 67;0
2.5310094097000e-04; 40; 15; 67;0
2.5312030169000e-04; 40; 15; 67;0
2.5313965054800e-04; 40; 15; 67;0
2.5315901135500e-04; 40; 15; 68;0
2.5317836034600e-04; 40; 15; 68;0
2.5319772134400e-04; 40; 15; 68;0
2.5321707032700e-04; 40; 15; 68;0
2.5323643128200e-04; 40; 15; 68;0
2.5325578022300e-04; 40; 15; 68;0
2.5327514126100e-04; 40; 15; 68;0
2.5329449017600e-04; 40; 15; 68;0
2.5331385105200e-04; 40; 15; 68;0
2.5333319994600e-04; 40; 15; 68;0
2.5335256093500e-04; 40; 15; 68;0
2.5337190986000e-04; 40; 15; 68;0
2.5339127074600e-04; 40; 15; 68;0
2.5341061960400e-04; 40; 15; 68;0
2.5342998043700e-04; 40; 15; 68;0
2.5344610352000e-04; 40; 15; 68;0
2.5346546442300e-04; 40; 15; 68;0
2.5348481340800e-04; 40; 15; 68;0
2.5350417447200e-04; 40; 15; 68;0
2.5352352336200e-04; 40; 15; 68;0
2.5354288408600e-04; 40; 15; 68;0
2.5356223296200e-04; 40; 15; 68;0
2.5358159386200e-04; 40; 15; 68;0
2.5360094269900e-04; 40; 15; 68;0
2.5362030371700e-04; 40; 15; 68;0
2.5363965262800e-04; 40; 15; 68;0
2.5365901362600e-04; 40; 15; 68;0
2.5367836257400e-04; 40; 15; 68;0
2.5369772340000e-04; 40; 15; 68;0
2.5371707221000e-04; 40; 15; 68;0
2.5373643312800e-04; 40; 15; 68;0
2.5375578200500e-04; 40; 15; 68;0
2.5377514290400e-04; 40; 15; 68;0
2.5379449174500e-04; 40; 15; 68;0
2.5381385261900e-04; 40; 15; 68;0
2.5383320160600e-04; 40; 15; 68;0
2.5385256241900e-04; 40; 15; 68;0
2.5387191146800e-04; 40; 15; 68;0
2.5389127223700e-04; 40; 15; 68;0
2.5391062119600e-04; 40; 15; 68;0
2.5392998223100e-04; 40; 15; 68;0
2.5394610513800e-04; 40; 15; 68;0
2.5396546618100e-04; 40; 15; 68;0
2.5398481495200e-04; 40; 15; 68;0
2.5400417581100e-04; 40; 15; 68;0
2.5402352484700e-04; 40; 15; 68;0
2.5404288544300e-04; 40; 15; 67;0
2.5406223422600e-04; 40; 15; 67;0
2.5408159481100e-04; 40; 15; 67;0
2.5410094353500e-04; 40; 15; 67;0
2.5412030436900e-04; 40; 15; 67;0
2.5413965298700e-04; 40; 15; 67;0
2.5415901364100e-04; 40; 15; 67;0
2.5417836218800e-04; 40; 15; 67;0
2.5419772286800e-04; 40; 15; 67;0
2.5421707142600e-04; 40; 15; 67;0
2.5423643194400e-04; 40; 15; 67;0
2.5425578067800e-04; 40; 15; 67;0
2.5427514118600e-04; 40; 15; 67;0
2.5429448990100e-04; 40; 15; 67;0
2.5431385037500e-04; 40; 15; 67;0
2.5433319907500e-04; 40; 15; 67;0
2.5435255995900e-04; 40; 15; 68;0
2.5437190892600e-04; 40; 15; 68;0
2.5439126968400e-04; 40; 15; 68;0
2.5441061876200e-04; 40; 15; 68;0
2.5442997960700e-04; 40; 15; 68;0
2.5444610269100e-04; 40; 15; 68;0
2.5446546352800e-04; 40; 15; 68;0
2.5448481241400e-04; 40; 15; 68;0
2.5450417314300e-04; 40; 15; 68;0
2.5452352205900e-04; 40; 15; 68;0
2.5454288303100e-04; 40; 15; 68;0
2.5456223201200e-04; 40; 15; 68;0
2.5458159291700e-04; 40; 15; 68;0
2.5460094175900e-04; 40; 15; 68;0
2.5462030284500e-04; 40; 15; 68;0
2.5463965166000e-04; 40; 15; 68;0
2.5465901257800e-04; 40; 15; 68;0
2.5467836148500e-04; 40; 15; 68;0
2.5469772242900e-04; 40; 15; 68;0
2.5471707134000e-04; 40; 15; 68;0
2.5473643217500e-04; 40; 15; 68;0
2.5475578121100e-04; 40; 15; 68;0
2.5477514219900e-04; 40; 15; 68;0
2.5479449113400e-04; 40; 15; 68;0
2.5481385205800e-04; 40; 15; 68;0
2.5483320103600e-04; 40; 15; 68;0
2.5485256193800e-04; 40; 15; 68;0
2.5487191098300e-04; 40; 15; 68;0
2.5489127185000e-04; 40; 15; 68;0
2.5491062074100e-04; 40; 15; 68;0
2.5492998148400e-04; 40; 15; 68;0
2.5494610453900e-04; 40; 15; 68;0
2.5496546538100e-04; 40; 15; 68;0
2.5498481431400e-04; 40; 15; 68;0
2.5500417522100e-04; 40; 15; 68;0
2.5502352418600e-04; 40; 15; 68;0
2.5504288510300e-04; 40; 15; 68;0
2.5506223391400e-04; 40; 15; 68;0
2.5508159480500e-04; 40; 15; 68;0
2.5510094381400e-04; 40; 15; 68;0
2.5512030464600e-04; 40; 15; 68;0
2.5513965351000e-04; 40; 15; 68;0
2.5515901440700e-04; 40; 15; 68;0
2.5517836339200e-04; 40; 15; 68;0
2.5519772425700e-04; 40; 15; 68;0
2.5521707326300e-04; 40; 15; 68;0
2.5523643429600e-04; 40; 15; 68;0
2.5525578325300e-04; 40; 15; 68;0
2.5527514397500e-04; 40; 15; 67;0
2.5529449259500e-04; 40; 15; 67;0
2.5531385322000e-04; 40; 15; 67;0
2.5533320199900e-04; 40; 15; 67;0
2.5535256269000e-04; 40; 15; 67;0
2.5537191146300e-04; 40; 15; 67;0
2.5539127230800e-04; 40; 15; 68;0
2.5541062117600e-04; 40; 15; 68;0
2.5542998211800e-04; 40; 15; 68;0
2.5544610537600e-04; 40; 15; 68;0
2.5546546626700e-04; 40; 15; 68;0
2.5548481517200e-04; 40; 15; 68;0
2.5550417593400e-04; 40; 15; 67;0
2.5552352455900e-04; 40; 15; 67;0
2.5554288524800e-04; 40; 15; 67;0
2.5556223397100e-04; 40; 15; 67;0
2.5558159468800e-04; 40; 15; 67;0
2.5560094345000e-04; 40; 15; 67;0
2.5562030400500e-04; 40; 15; 67;0
2.5563965283400e-04; 40; 15; 67;0
2.5565901359500e-04; 40; 15; 67;0
2.5567836233700e-04; 40; 15; 67;0
2.5569772305600e-04; 40; 15; 67;0
2.5571707168800e-04; 40; 15; 67;0
2.5573643238800e-04; 40; 15; 67;0
2.5575578115900e-04; 40; 15; 67;0
2.5577514173900e-04; 40; 15; 67;0
2.5579449033700e-04; 40; 15; 67;0
2.5581385086500e-04; 40; 15; 67;0
2.5583319965500e-04; 40; 15; 67;0
2.5585256029400e-04; 40; 15; 67;0
2.5587190892400e-04; 40; 15; 67;0
2.5589126969500e-04; 40; 15; 67;0
2.5591061831100e-04; 40; 15; 67;0
2.5592997930400e-04; 40; 15; 68;0
2.5594610230800e-04; 40; 15; 68;0
2.5596546314500e-04; 40; 15; 68;0
2.5598481204500e-04; 40; 15; 68;0
2.5600417291100e-04; 40; 15; 68;0
2.5602352178900e-04; 40; 15; 68;0
2.5604288267200e-04; 40; 15; 68;0
2.5606223170700e-04; 40; 15; 68;0
2.5608159259900e-04; 40; 15; 68;0
2.5610094149300e-04; 40; 15; 68;0
2.5612030245400e-04; 40; 15; 68;0
2.5613965150800e-04; 40; 15; 68;0
2.5615901239600e-04; 40; 15; 68;0
2.5617836125800e-04; 40; 15; 68;0
2.5619772220400e-04; 40; 15; 68;0
2.5621707099400e-04; 40; 15; 68;0
2.5623643196800e-04; 40; 15; 68;0
2.5625578072800e-04; 40; 15; 68;0
2.5627514183600e-04; 40; 15; 68;0
2.5629449052700e-04; 40; 15; 68;0
2.5631385147700e-04; 40; 15; 68;0
2.5633320018700e-04; 40; 15; 68;0
2.5635256121200e-04; 40; 15; 68;0
2.5637191001900e-04; 40; 15; 68;0
2.5639127091500e-04; 40; 15; 68;0
2.5641061987100e-04; 40; 15; 68;0
2.5642998089400e-04; 40; 15; 68;0
2.5644610406900e-04; 40; 15; 68;0
2.5646546488600e-04; 40; 15; 68;0
2.5648481391700e-04; 40; 15; 68;0
2.5650417478700e-04; 40; 15; 68;0
2.5652352368600e-04; 40; 15; 68;0
2.5654288451700e-04; 40; 15; 68;0
2.5656223343200e-04; 40; 15; 68;0
2.5658159438600e-04; 40; 15; 68;0
2.5660094327400e-04; 40; 15; 68;0
2.5662030410000e-04; 40; 15; 68;0
2.5663965294300e-04; 40; 15; 68;0
2.5665901384100e-04; 40; 15; 68;0
2.5667836283200e-04; 40; 15; 68;0
2.5669772369400e-04; 40; 15; 68;0
2.5671707268000e-04; 40; 15; 68;0
2.5673643344500e-04; 40; 15; 68;0
2.5675578224900e-04; 40; 15; 68;0
2.5677514307500e-04; 40; 15; 68;0
2.5679449200200e-04; 40; 15; 68;0
2.5681385306900e-04; 40; 15; 68;0
2.5683320184000e-04; 40; 15; 68;0
2.5685256283200e-04; 40; 15; 68;0
2.5687191185100e-04; 40; 15; 68;0
2.5689127285000e-04; 40; 15; 68;0
2.5691062182200e-04; 40; 15; 68;0
2.5692998291800e-04; 40; 15; 68;0
2.5694610596300e-04; 40; 15; 68;0
2.5696546672600e-04; 40; 15; 68;0
2.5698481555100e-04; 40; 15; 68;0
2.5700417650900e-04; 40; 15; 68;0
2.5702352541200e-04; 40; 15; 68;0
2.5704288629600e-04; 40; 15; 67;0
2.5706223478900e-04; 40; 15; 67;0
2.5708159546800e-04; 40; 15; 67;0
2.5710094422800e-04; 40; 15; 67;0
2.5712030481600e-04; 40; 15; 67;0
2.5713965352400e-04; 40; 15; 67;0
2.5715901411800e-04; 40; 15; 67;0
2.5717836276800e-04; 40; 15; 67;0
2.5719772341900e-04; 40; 15; 67;0
2.5721707226200e-04; 40; 15; 67;0
2.5723643289400e-04; 40; 15; 67;0
2.5725578158700e-04; 40; 15; 67;0
2.5727514221000e-04; 40; 15; 67;0
2.5729449080000e-04; 40; 15; 67;0
2.5731385141000e-04; 40; 15; 67;0
2.5733320011600e-04; 40; 15; 67;0
2.5735256074700e-04; 40; 15; 67;0
2.5737190949100e-04; 40; 15; 67;0
2.5739127010700e-04; 40; 15; 67;0
2.5741061880100e-04; 40; 15; 67;0
2.5742997935500e-04; 40; 15; 67;0
2.5744610244200e-04; 40; 15; 67;0
2.5746546315800e-04; 40; 15; 67;0
2.5748481186700e-04; 40; 15; 67;0
2.5750417279800e-04; 40; 15; 68;0
2.5752352163200e-04; 40; 15; 68;0
2.5754288246500e-04; 40; 15; 68;0
2.5756223137100e-04; 40; 15; 68;0
2.5758159231800e-04; 40; 15; 68;0
2.5760094124800e-04; 40; 15; 68;0
2.5762030208900e-04; 40; 15; 68;0
2.5763965101800e-04; 40; 15; 68;0
2.5765901180400e-04; 40; 15; 68;0
2.5767836066500e-04; 40; 15; 68;0
2.5769772160800e-04; 40; 15; 68;0
2.5771707047800e-04; 40; 15; 68;0
2.5773643156100e-04; 40; 15; 68;0
2.5775578049400e-04; 40; 15; 68;0
2.5777514151300e-04; 40; 15; 68;0
2.5779449041500e-04; 40; 15; 68;0
2.5781385124800e-04; 40; 15; 68;0
2.5783320022300e-04; 40; 15; 68;0
2.5785256099400e-04; 40; 15; 68;0
2.5787190982300e-04; 40; 15; 68;0
2.5789127074800e-04; 40; 15; 68;0
2.5791061985400e-04; 40; 15; 68;0
2.5792998091100e-04; 40; 15; 68;0
2.5794610402200e-04; 40; 15; 68;0
2.5796546483700e-04; 40; 15; 68;0
2.5798481371300e-04; 40; 15; 68;0
2.5800417454200e-04; 40; 15; 68;0
2.5802352352800e-04; 40; 15; 68;0
2.5804288441300e-04; 40; 15; 68;0
2.5806223339500e-04; 40; 15; 68;0
2.5808159431700e-04; 40; 15; 68;0
2.5810094322900e-04; 40; 15; 68;0
2.5812030391800e-04; 40; 15; 68;0
2.5813965285200e-04; 40; 15; 68;0
2.5815901367500e-04; 40; 15; 68;0
2.5817836258700e-04; 40; 15; 68;0
2.5819772342700e-04; 40; 15; 68;0
2.5821707224800e-04; 40; 15; 68;0
2.5823643319000e-04; 40; 15; 68;0
2.5825578208000e-04; 40; 15; 68;0
2.5827514276500e-04; 40; 15; 67;0
2.5829449145200e-04; 40; 15; 67;0
2.5831385208100e-04; 40; 15; 67;0
2.5833320084700e-04; 40; 15; 67;0
2.5835256175000e-04; 40; 15; 68;0
2.5837191071300e-04; 40; 15; 68;0
2.5839127164200e-04; 40; 15; 68;0
2.5841062050300e-04; 40; 15; 68;0
2.5842998140200e-04; 40; 15; 68;0
2.5844610460000e-04; 40; 15; 68;0
2.5846546550200e-04; 40; 15; 68;0
2.5848481434800e-04; 40; 15; 68;0
2.5850417515500e-04; 40; 15; 68;0
2.5852352428900e-04; 40; 15; 68;0
2.5854288512100e-04; 40; 15; 68;0
2.5856223412200e-04; 40; 15; 68;0
2.5858159503100e-04; 40; 15; 68;0
2.5860094383000e-04; 40; 15; 68;0
2.5862030461500e-04; 40; 15; 68;0
2.5863965345600e-04; 40; 15; 68;0
2.5865901451400e-04; 40; 15; 68;0
2.5867836342400e-04; 40; 15; 68;0
2.5869772418200e-04; 40; 15; 68;0
2.5871707307000e-04; 40; 15; 68;0
2.5873643402700e-04; 40; 15; 68;0
2.5875578294900e-04; 40; 15; 68;0
2.5877514379400e-04; 40; 15; 67;0
2.5879449252900e-04; 40; 15; 67;0
2.5881385313500e-04; 40; 15; 67;0
2.5883320185400e-04; 40; 15; 67;0
2.5885256252200e-04; 40; 15; 67;0
2.5887191125900e-04; 40; 15; 67;0
2.5889127217500e-04; 40; 15; 68;0
2.5891062108400e-04; 40; 15; 68;0
2.5892998201600e-04; 40; 15; 68;0
2.5894610527700e-04; 40; 15; 68;0
2.5896546615400e-04; 40; 15; 68;0
2.5898481516900e-04; 40; 15; 68;0
2.5900417588300e-04; 40; 15; 67;0
2.5902352447500e-04; 40; 15; 67;0
2.5904288515600e-04; 40; 15; 67;0
2.5906223379000e-04; 40; 15; 67;0
2.5908159450600e-04; 40; 15; 67;0
2.5910094299500e-04; 40; 15; 67;0
2.5912030362600e-04; 40; 15; 67;0
2.5913965223200e-04; 40; 15; 67;0
2.5915901303100e-04; 40; 15; 67;0
2.5917836181300e-04; 40; 15; 67;0
2.5919772253700e-04; 40; 15; 67;0
2.5921707120300e-04; 40; 15; 67;0
2.5923643175400e-04; 40; 15; 67;0
2.5925578057100e-04; 40; 15; 67;0
2.5927514110500e-04; 40; 15; 67;0
2.5929448968300e-04; 40; 15; 67;0
2.5931385044000e-04; 40; 15; 67;0
2.5933319912600e-04; 40; 15; 67;0
2.5935255980400e-04; 40; 15; 67;0
2.5937190860300e-04; 40; 15; 67;0
2.5939126953700e-04; 40; 15; 68;0
2.5941061832100e-04; 40; 15; 68;0
2.5942997916200e-04; 40; 15; 68;0
2.5944610226600e-04; 40; 15; 68;0
2.5946546316500e-04; 40; 15; 68;0
2.5948481201000e-04; 40; 15; 68;0
2.5950417280800e-04; 40; 15; 68;0
2.5952352175100e-04; 40; 15; 68;0
2.5954288255600e-04; 40; 15; 68;0
2.5956223146700e-04; 40; 15; 68;0
2.5958159223800e-04; 40; 15; 68;0
2.5960094113600e-04; 40; 15; 68;0
2.5962030225000e-04; 40; 15; 68;0
2.5963965107000e-04; 40; 15; 68;0
2.5965901209300e-04; 40; 15; 68;0
2.5967836109900e-04; 40; 15; 68;0
2.5969772194600e-04; 40; 15; 68;0
2.5971707080800e-04; 40; 15; 68;0
2.5973643180200e-04; 40; 15; 68;0
2.5975578073500e-04; 40; 15; 68;0
2.5977514150900e-04; 40; 15; 68;0
2.5979449043100e-04; 40; 15; 68;0
2.5981385123000e-04; 40; 15; 68;0
2.5983320031900e-04; 40; 15; 68;0
2.5985256117100e-04; 40; 15; 68;0
2.5987191023600e-04; 40; 15; 68;0
2.5989127102900e-04; 40; 15; 68;0
2.5991061976000e-04; 40; 15; 68;0
2.5992998075100e-04; 40; 15; 68;0
2.5994610386000e-04; 40; 15; 68;0
2.5996546482300e-04; 40; 15; 68;0
2.5998481381700e-04; 40; 15; 68;0
2.6000417472100e-04; 40; 15; 68;0
2.6002352358400e-04; 40; 15; 68;0
2.6004288418200e-04; 40; 15; 67;0
2.6006223278700e-04; 40; 15; 67;0
2.6008159359100e-04; 40; 15; 67;0
2.6010094219200e-04; 40; 15; 67;0
2.6012030316100e-04; 40; 15; 68;0
2.6013965207600e-04; 40; 15; 68;0
2.6015901293000e-04; 40; 15; 68;0
2.6017836200700e-04; 40; 15; 68;0
2.6019772288300e-04; 40; 15; 68;0
2.6021707179000e-04; 40; 15; 68;0
2.6023643258800e-04; 40; 15; 68;0
2.6025578160200e-04; 40; 15; 68;0
2.6027514240700e-04; 40; 15; 68;0
2.6029449116200e-04; 40; 15; 68;0
2.6031385200600e-04; 40; 15; 68;0
2.6033320079300e-04; 40; 15; 68;0
2.6035256182300e-04; 40; 15; 68;0
2.6037191074600e-04; 40; 15; 68;0
2.6039127160500e-04; 40; 15; 68;0
2.6041062047000e-04; 40; 15; 68;0
2.6042998144400e-04; 40; 15; 68;0
2.6044610459700e-04; 40; 15; 68;0
2.6046546539100e-04; 40; 15; 68;0
2.6048481436500e-04; 40; 15; 68;0
2.6050417534000e-04; 40; 15; 68;0
2.6052352444600e-04; 40; 15; 68;0
2.6054288514700e-04; 40; 15; 68;0
2.6056223404800e-04; 40; 15; 68;0
2.6058159496200e-04; 40; 15; 68;0
2.6060094384600e-04; 40; 15; 68;0
2.6062030465900e-04; 40; 15; 68;0
2.6063965361000e-04; 40; 15; 68;0
2.6065901468600e-04; 40; 15; 68;0
2.6067836351800e-04; 40; 15; 68;0
2.6069772416600e-04; 40; 15; 67;0
2.6071707272100e-04; 40; 15; 67;0
2.6073643320200e-04; 40; 15; 67;0
2.6075578180600e-04; 40; 15; 67;0
2.6077514253000e-04; 40; 15; 67;0
2.6079449132000e-04; 40; 15; 67;0
2.6081385208600e-04; 40; 15; 67;0
2.6083320054700e-04; 40; 15; 67;0
2.6085256126500e-04; 40; 15; 67;0
2.6087191004300e-04; 40; 15; 67;0
2.6089127059600e-04; 40; 15; 67;0
2.6091061934500e-04; 40; 15; 67;0
2.6092998020500e-04; 40; 15; 68;0
2.6094610339700e-04; 40; 15; 68;0
2.6096546435000e-04; 40; 15; 68;0
2.6098481322800e-04; 40; 15; 68;0
2.6100417379200e-04; 40; 15; 67;0
2.6102352255000e-04; 40; 15; 67;0
2.6104288320100e-04; 40; 15; 67;0
2.6106223175800e-04; 40; 15; 67;0
2.6108159221300e-04; 40; 15; 67;0
2.6110094090700e-04; 40; 15; 67;0
2.6112030154900e-04; 40; 15; 67;0
2.6113965032200e-04; 40; 15; 67;0
2.6115901104700e-04; 40; 15; 67;0
2.6117835969600e-04; 40; 15; 67;0
2.6119772020300e-04; 40; 15; 67;0
2.6121706885800e-04; 40; 15; 67;0
2.6123642938800e-04; 40; 15; 67;0
2.6125577812800e-04; 40; 15; 67;0
2.6127513862600e-04; 40; 15; 67;0
2.6129448732000e-04; 40; 15; 67;0
2.6131384784400e-04; 40; 15; 67;0
2.6133319659400e-04; 40; 15; 67;0
2.6135255754300e-04; 40; 15; 68;0
2.6137190661700e-04; 40; 15; 68;0
2.6139126747800e-04; 40; 15; 68;0
2.6141061633900e-04; 40; 15; 68;0
2.6142997743600e-04; 40; 15; 68;0
2.6144610038900e-04; 40; 15; 68;0
2.6146546143800e-04; 40; 15; 68;0
2.6148481018700e-04; 40; 15; 68;0
2.6150417110100e-04; 40; 15; 68;0
2.6152351997400e-04; 40; 15; 68;0
2.6154288095300e-04; 40; 15; 68;0
2.6156222984100e-04; 40; 15; 68;0
2.6158159070500e-04; 40; 15; 68;0
2.6160093960500e-04; 40; 15; 68;0
2.6162030045900e-04; 40; 15; 68;0
2.6163964935100e-04; 40; 15; 68;0
2.6165901038500e-04; 40; 15; 68;0
2.6167835935100e-04; 40; 15; 68;0
2.6169772021500e-04; 40; 15; 68;0
2.6171706904300e-04; 40; 15; 68;0
2.6173642999900e-04; 40; 15; 68;0
2.6175577904600e-04; 40; 15; 68;0
2.6177514000900e-04; 40; 15; 68;0
2.6179448896700e-04; 40; 15; 68;0
2.6181384985500e-04; 40; 15; 68;0
2.6183319874400e-04; 40; 15; 68;0
2.6185255970300e-04; 40; 15; 68;0
2.6187190861200e-04; 40; 15; 68;0
2.6189126956800e-04; 40; 15; 68;0
2.6191061847700e-04; 40; 15; 68;0
2.6192997962600e-04; 40; 15; 68;0
2.6194610268100e-04; 40; 15; 68;0
2.6196546355500e-04; 40; 15; 68;0
2.6198481233300e-04; 40; 15; 68;0
2.6200417336100e-04; 40; 15; 68;0
2.6202352229900e-04; 40; 15; 68;0
2.6204288324500e-04; 40; 15; 68;0
2.6206223206800e-04; 40; 15; 68;0
2.6208159294600e-04; 40; 15; 68;0
2.6210094189200e-04; 40; 15; 68;0
2.6212030259500e-04; 40; 15; 68;0
2.6213965153100e-04; 40; 15; 68;0
2.6215901250700e-04; 40; 15; 68;0
2.6217836126900e-04; 40; 15; 68;0
2.6219772220600e-04; 40; 15; 68;0
2.6221707094100e-04; 40; 15; 68;0
2.6223643198800e-04; 40; 15; 68;0
2.6225578095400e-04; 40; 15; 68;0
2.6227514178300e-04; 40; 15; 68;0
2.6229449068500e-04; 40; 15; 68;0
2.6231385154500e-04; 40; 15; 68;0
2.6233320042400e-04; 40; 15; 68;0
2.6235256127100e-04; 40; 15; 68;0
2.6237191014200e-04; 40; 15; 68;0
2.6239127113500e-04; 40; 15; 68;0
2.6241062010100e-04; 40; 15; 68;0
2.6242998113100e-04; 40; 15; 68;0
2.6244610402600e-04; 40; 15; 68;0
2.6246546500800e-04; 40; 15; 68;0
2.6248481394900e-04; 40; 15; 68;0
2.6250417497800e-04; 40; 15; 68;0
2.6252352390400e-04; 40; 15; 68;0
2.6254288482100e-04; 40; 15; 68;0
2.6256223363700e-04; 40; 15; 68;0
2.6258159463900e-04; 40; 15; 68;0
2.6260094354600e-04; 40; 15; 68;0
2.6262030439700e-04; 40; 15; 68;0
2.6263965322400e-04; 40; 15; 68;0
2.6265901429700e-04; 40; 15; 68;0
2.6267836316200e-04; 40; 15; 68;0
2.6269772407000e-04; 40; 15; 68;0
2.6271707295600e-04; 40; 15; 68;0
2.6273643397800e-04; 40; 15; 68;0
2.6275578291800e-04; 40; 15; 68;0
2.6277514372800e-04; 40; 15; 68;0
2.6279449280400e-04; 40; 15; 68;0
2.6281385379400e-04; 40; 15; 68;0
2.6283320255200e-04; 40; 15; 68;0
2.6285256353600e-04; 40; 15; 68;0
2.6287191244300e-04; 40; 15; 68;0
2.6289127334500e-04; 40; 15; 68;0
2.6291062208700e-04; 40; 15; 68;0
2.6292998297300e-04; 40; 15; 68;0
2.6294610613100e-04; 40; 15; 68;0
2.6296546727600e-04; 40; 15; 68;0
2.6298481606600e-04; 40; 15; 68;0
2.6300417686100e-04; 40; 15; 68;0
2.6302352567800e-04; 40; 15; 68;0
2.6304288645400e-04; 40; 15; 67;0
2.6306223507000e-04; 40; 15; 67;0
2.6308159570500e-04; 40; 15; 67;0
2.6310094449500e-04; 40; 15; 67;0
2.6312030507900e-04; 40; 15; 67;0
2.6313965363500e-04; 40; 15; 67;0
2.6315901411300e-04; 40; 15; 67;0
2.6317836302600e-04; 40; 15; 67;0
2.6319772376300e-04; 40; 15; 67;0
2.6321707239100e-04; 40; 15; 67;0
2.6323643302800e-04; 40; 15; 67;0
2.6325578170900e-04; 40; 15; 67;0
2.6327514241300e-04; 40; 15; 67;0
2.6329449094100e-04; 40; 15; 67;0
2.6331385171100e-04; 40; 15; 67;0
2.6333320026200e-04; 40; 15; 67;0
2.6335256089200e-04; 40; 15; 67;0
2.6337190946900e-04; 40; 15; 67;0
2.6339127008100e-04; 40; 15; 67;0
2.6341061885000e-04; 40; 15; 67;0
2.6342997956400e-04; 40; 15; 67;0
2.6344610235200e-04; 40; 15; 67;0
2.6346546351500e-04; 40; 15; 68;0
2.6348481245000e-04; 40; 15; 68;0
2.6350417322200e-04; 40; 15; 68;0
2.6352352206100e-04; 40; 15; 68;0
2.6354288282000e-04; 40; 15; 68;0
2.6356223166100e-04; 40; 15; 68;0
2.6358159256500e-04; 40; 15; 68;0
2.6360094162300e-04; 40; 15; 68;0
2.6362030270400e-04; 40; 15; 68;0
2.6363965143000e-04; 40; 15; 68;0
2.6365901230000e-04; 40; 15; 68;0
2.6367836141300e-04; 40; 15; 68;0
2.6369772215500e-04; 40; 15; 68;0
2.6371707103200e-04; 40; 15; 68;0
2.6373643201900e-04; 40; 15; 68;0
2.6375578084100e-04; 40; 15; 68;0
2.6377514187900e-04; 40; 15; 68;0
2.6379449080100e-04; 40; 15; 68;0
2.6381385177100e-04; 40; 15; 68;0
2.6383320061000e-04; 40; 15; 68;0
2.6385256153400e-04; 40; 15; 68;0
2.6387191047400e-04; 40; 15; 68;0
2.6389127140800e-04; 40; 15; 68;0
2.6391062023900e-04; 40; 15; 68;0
2.6392998121400e-04; 40; 15; 68;0
2.6394610429400e-04; 40; 15; 68;0
2.6396546521700e-04; 40; 15; 68;0
2.6398481402900e-04; 40; 15; 68;0
2.6400417496500e-04; 40; 15; 68;0
2.6402352388100e-04; 40; 15; 68;0
2.6404288474500e-04; 40; 15; 68;0
2.6406223377300e-04; 40; 15; 68;0
2.6408159466200e-04; 40; 15; 68;0
2.6410094362300e-04; 40; 15; 68;0
2.6412030461200e-04; 40; 15; 68;0
2.6413965346400e-04; 40; 15; 68;0
2.6415901443900e-04; 40; 15; 68;0
2.6417836330500e-04; 40; 15; 68;0
2.6419772423900e-04; 40; 15; 68;0
2.6421707316800e-04; 40; 15; 68;0
2.6423643413000e-04; 40; 15; 68;0
2.6425578298100e-04; 40; 15; 68;0
2.6427514380600e-04; 40; 15; 68;0
2.6429449282100e-04; 40; 15; 68;0
2.6431385361200e-04; 40; 15; 68;0
2.6433320261200e-04; 40; 15; 68;0
2.6435256342100e-04; 40; 15; 68;0
2.6437191227600e-04; 40; 15; 68;0
2.6439127329900e-04; 40; 15; 68;0
2.6441062236200e-04; 40; 15; 68;0
2.6442998306400e-04; 40; 15; 67;0
2.6444610579500e-04; 40; 15; 67;0
2.6446546640200e-04; 40; 15; 67;0
2.6448481482400e-04; 40; 15; 67;0
2.6450417550000e-04; 40; 15; 67;0
2.6452352433400e-04; 40; 15; 67;0
2.6454288490600e-04; 40; 15; 67;0
2.6456223351000e-04; 40; 15; 67;0
2.6458159420400e-04; 40; 15; 67;0
2.6460094277200e-04; 40; 15; 67;0
2.6462030341600e-04; 40; 15; 67;0
2.6463965208900e-04; 40; 15; 67;0
2.6465901287700e-04; 40; 15; 67;0
2.6467836157900e-04; 40; 15; 67;0
2.6469772215600e-04; 40; 15; 67;0
2.6471707097700e-04; 40; 15; 67;0
2.6473643169600e-04; 40; 15; 67;0
2.6475578024900e-04; 40; 15; 67;0
2.6477514097900e-04; 40; 15; 67;0
2.6479448967400e-04; 40; 15; 67;0
2.6481385035100e-04; 40; 15; 67;0
2.6483319904200e-04; 40; 15; 67;0
2.6485255996000e-04; 40; 15; 68;0
2.6487190881300e-04; 40; 15; 68;0
2.6489126957500e-04; 40; 15; 68;0
2.6491061863300e-04; 40; 15; 68;0
2.6492997941300e-04; 40; 15; 68;0
2.6494610250700e-04; 40; 15; 68;0
2.6496546338600e-04; 40; 15; 68;0
2.6498481225400e-04; 40; 15; 68;0
2.6500417310800e-04; 40; 15; 68;0
2.6502352205400e-04; 40; 15; 68;0
2.6504288314800e-04; 40; 15; 68;0
2.6506223210900e-04; 40; 15; 68;0
2.6508159316200e-04; 40; 15; 68;0
2.6510094213700e-04; 40; 15; 68;0
2.6512030319800e-04; 40; 15; 68;0
2.6513965200600e-04; 40; 15; 68;0
2.6515901302400e-04; 40; 15; 68;0
2.6517836182900e-04; 40; 15; 68;0
2.6519772274100e-04; 40; 15; 68;0
2.6521707165800e-04; 40; 15; 68;0
2.6523643249900e-04; 40; 15; 68;0
2.6525578147200e-04; 40; 15; 68;0
2.6527514240800e-04; 40; 15; 68;0
2.6529449138800e-04; 40; 15; 68;0
2.6531385232300e-04; 40; 15; 68;0
2.6533320112800e-04; 40; 15; 68;0
2.6535256214000e-04; 40; 15; 68;0
2.6537191105400e-04; 40; 15; 68;0
2.6539127199300e-04; 40; 15; 68;0
2.6541062103200e-04; 40; 15; 68;0
2.6542998204700e-04; 40; 15; 68;0
2.6544610520700e-04; 40; 15; 68;0
2.6546546608400e-04; 40; 15; 68;0
2.6548481496900e-04; 40; 15; 68;0
2.6550417586400e-04; 40; 15; 68;0
2.6552352469700e-04; 40; 15; 68;0
2.6554288568800e-04; 40; 15; 68;0
2.6556223467700e-04; 40; 15; 68;0
2.6558159572300e-04; 40; 15; 68;0
2.6560094452600e-04; 40; 15; 68;0
2.6562030550300e-04; 40; 15; 68;0
2.6563965429800e-04; 40; 15; 68;0
2.6565901516600e-04; 40; 15; 68;0
2.6567836426300e-04; 40; 15; 68;0
2.6569772511100e-04; 40; 15; 68;0
2.6571707399700e-04; 40; 15; 68;0
2.6573643460000e-04; 40; 15; 67;0
2.6575578335200e-04; 40; 15; 67;0
2.6577514418300e-04; 40; 15; 67;0
2.6579449283900e-04; 40; 15; 67;0
2.6581385329700e-04; 40; 15; 67;0
2.6583320205300e-04; 40; 15; 67;0
2.6585256259700e-04; 40; 15; 67;0
2.6587191136300e-04; 40; 15; 67;0
2.6589127204400e-04; 40; 15; 67;0
2.6591062072500e-04; 40; 15; 67;0
2.6592998146200e-04; 40; 15; 67;0
2.6594610430300e-04; 40; 15; 67;0
2.6596546493500e-04; 40; 15; 67;0
2.6598481349300e-04; 40; 15; 67;0
2.6600417414700e-04; 40; 15; 67;0
2.6602352288400e-04; 40; 15; 67;0
2.6604288356200e-04; 40; 15; 67;0
2.6606223212200e-04; 40; 15; 67;0
2.6608159276900e-04; 40; 15; 67;0
2.6610094151400e-04; 40; 15; 67;0
2.6612030219500e-04; 40; 15; 67;0
2.6613965098200e-04; 40; 15; 67;0
2.6615901177900e-04; 40; 15; 68;0
2.6617836070600e-04; 40; 15; 68;0
2.6619772154000e-04; 40; 15; 68;0
2.6621707041800e-04; 40; 15; 68;0
2.6623643145700e-04; 40; 15; 68;0
2.6625578026200e-04; 40; 15; 68;0
2.6627514134700e-04; 40; 15; 68;0
2.6629449036100e-04; 40; 15; 68;0
2.6631385135800e-04; 40; 15; 68;0
2.6633320016300e-04; 40; 15; 68;0
2.6635256120900e-04; 40; 15; 68;0
2.6637191031000e-04; 40; 15; 68;0
2.6639127121500e-04; 40; 15; 68;0
2.6641062017200e-04; 40; 15; 68;0
2.6642998100300e-04; 40; 15; 68;0
2.6644610419200e-04; 40; 15; 68;0
2.6646546494500e-04; 40; 15; 68;0
2.6648481391900e-04; 40; 15; 68;0
2.6650417489400e-04; 40; 15; 68;0
2.6652352374100e-04; 40; 15; 68;0
2.6654288461500e-04; 40; 15; 68;0
2.6656223365600e-04; 40; 15; 68;0
2.6658159443800e-04; 40; 15; 68;0
2.6660094330200e-04; 40; 15; 68;0
2.6662030414700e-04; 40; 15; 68;0
2.6663965320000e-04; 40; 15; 68;0
2.6665901423000e-04; 40; 15; 68;0
2.6667836302900e-04; 40; 15; 68;0
2.6669772403400e-04; 40; 15; 68;0
2.6671707299200e-04; 40; 15; 68;0
2.6673643400800e-04; 40; 15; 68;0
2.6675578296100e-04; 40; 15; 68;0
2.6677514391500e-04; 40; 15; 68;0
2.6679449265900e-04; 40; 15; 68;0
2.6681385343700e-04; 40; 15; 67;0
2.6683320214900e-04; 40; 15; 67;0
2.6685256311900e-04; 40; 15; 68;0
2.6687191203100e-04; 40; 15; 68;0
2.6689127302800e-04; 40; 15; 68;0
2.6691062194500e-04; 40; 15; 68;0
2.6692998285200e-04; 40; 15; 68;0
2.6694610596800e-04; 40; 15; 68;0
2.6696546705700e-04; 40; 15; 68;0
2.6698481592300e-04; 40; 15; 68;0
2.6700417699700e-04; 40; 15; 68;0
2.6702352586200e-04; 40; 15; 68;0
2.6704288649700e-04; 40; 15; 67;0
2.6706223509400e-04; 40; 15; 67;0
2.6708159580100e-04; 40; 15; 67;0
2.6710094444500e-04; 40; 15; 67;0
2.6712030519000e-04; 40; 15; 67;0
2.6713965396700e-04; 40; 15; 67;0
2.6715901463500e-04; 40; 15; 67;0
2.6717836332800e-04; 40; 15; 67;0
2.6719772394500e-04; 40; 15; 67;0
2.6721707264300e-04; 40; 15; 67;0
2.6723643323200e-04; 40; 15; 67;0
2.6725578194500e-04; 40; 15; 67;0
2.6727514260000e-04; 40; 15; 67;0
2.6729449129100e-04; 40; 15; 67;0
2.6731385194500e-04; 40; 15; 67;0
2.6733320048200e-04; 40; 15; 67;0
2.6735256120700e-04; 40; 15; 67;0
2.6737190986000e-04; 40; 15; 67;0
2.6739127038200e-04; 40; 15; 67;0
2.6741061907300e-04; 40; 15; 67;0
2.6742997965800e-04; 40; 15; 67;0
2.6744610246200e-04; 40; 15; 67;0
2.6746546307800e-04; 40; 15; 67;0
2.6748481180200e-04; 40; 15; 67;0
2.6750417243700e-04; 40; 15; 67;0
2.6752352093900e-04; 40; 15; 67;0
2.6754288164900e-04; 40; 15; 67;0
2.6756223060600e-04; 40; 15; 67;0
2.6758159118300e-04; 40; 15; 67;0
2.6760093987200e-04; 40; 15; 67;0
2.6762030078400e-04; 40; 15; 68;0
2.6763964954900e-04; 40; 15; 68;0
2.6765901044300e-04; 40; 15; 68;0
2.6767835930600e-04; 40; 15; 68;0
2.6769772011100e-04; 40; 15; 68;0
2.6771706909700e-04; 40; 15; 68;0
2.6773643007000e-04; 40; 15; 68;0
2.6775577906400e-04; 40; 15; 68;0
2.6777514003600e-04; 40; 15; 68;0
2.6779448897600e-04; 40; 15; 68;0
2.6781384979900e-04; 40; 15; 68;0
2.6783319880700e-04; 40; 15; 68;0
2.6785255972200e-04; 40; 15; 68;0
2.6787190857600e-04; 40; 15; 68;0
2.6789126951300e-04; 40; 15; 68;0
2.6791061823500e-04; 40; 15; 68;0
2.6792997922500e-04; 40; 15; 68;0
2.6794610241300e-04; 40; 15; 68;0
2.6796546339300e-04; 40; 15; 68;0
2.6798481226600e-04; 40; 15; 68;0
2.6800417321200e-04; 40; 15; 68;0
2.6802352208300e-04; 40; 15; 68;0
2.6804288296700e-04; 40; 15; 68;0
2.6806223196500e-04; 40; 15; 68;0
2.6808159270800e-04; 40; 15; 68;0
2.6810094158000e-04; 40; 15; 68;0
2.6812030242000e-04; 40; 15; 68;0
2.6813965141300e-04; 40; 15; 68;0
2.6815901224000e-04; 40; 15; 68;0
2.6817836120700e-04; 40; 15; 68;0
2.6819772203300e-04; 40; 15; 68;0
2.6821707079200e-04; 40; 15; 68;0
2.6823643167700e-04; 40; 15; 68;0
2.6825578051500e-04; 40; 15; 68;0
2.6827514131900e-04; 40; 15; 68;0
2.6829449046800e-04; 40; 15; 68;0
2.6831385127500e-04; 40; 15; 68;0
2.6833320030600e-04; 40; 15; 68;0
2.6835256121500e-04; 40; 15; 68;0
2.6837191010900e-04; 40; 15; 68;0
2.6839127089700e-04; 40; 15; 68;0
2.6841061980000e-04; 40; 15; 68;0
2.6842998064500e-04; 40; 15; 68;0
2.6844610373400e-04; 40; 15; 68;0
2.6846546461400e-04; 40; 15; 68;0
2.6848481346000e-04; 40; 15; 68;0
2.6850417430300e-04; 40; 15; 68;0
2.6852352329300e-04; 40; 15; 68;0
2.6854288407200e-04; 40; 15; 68;0
2.6856223295700e-04; 40; 15; 68;0
2.6858159381500e-04; 40; 15; 68;0
2.6860094282900e-04; 40; 15; 68;0
2.6862030371600e-04; 40; 15; 68;0
2.6863965273700e-04; 40; 15; 68;0
2.6865901360200e-04; 40; 15; 68;0
2.6867836243000e-04; 40; 15; 68;0
2.6869772325900e-04; 40; 15; 68;0
2.6871707214000e-04; 40; 15; 68;0
2.6873643300800e-04; 40; 15; 68;0
2.6875578212800e-04; 40; 15; 68;0
2.6877514278700e-04; 40; 15; 67;0
2.6879449146500e-04; 40; 15; 67;0
2.6881385203300e-04; 40; 15; 67;0
2.6883320063400e-04; 40; 15; 67;0
2.6885256125800e-04; 40; 15; 67;0
2.6887191000500e-04; 40; 15; 67;0
2.6889127093600e-04; 40; 15; 68;0
2.6891061979900e-04; 40; 15; 68;0
2.6892998059200e-04; 40; 15; 68;0
2.6894610369100e-04; 40; 15; 68;0
2.6896546449500e-04; 40; 15; 68;0
2.6898481350900e-04; 40; 15; 68;0
2.6900417460100e-04; 40; 15; 68;0
2.6902352363500e-04; 40; 15; 68;0
2.6904288438700e-04; 40; 15; 68;0
2.6906223330000e-04; 40; 15; 68;0
2.6908159434800e-04; 40; 15; 68;0
2.6910094314500e-04; 40; 15; 68;0
2.6912030406200e-04; 40; 15; 68;0
2.6913965274900e-04; 40; 15; 68;0
2.6915901366900e-04; 40; 15; 68;0
2.6917836274000e-04; 40; 15; 68;0
2.6919772359400e-04; 40; 15; 68;0
2.6921707268600e-04; 40; 15; 68;0
2.6923643368200e-04; 40; 15; 68;0
2.6925578261100e-04; 40; 15; 68;0
2.6927514321600e-04; 40; 15; 67;0
2.6929449208300e-04; 40; 15; 67;0
2.6931385286600e-04; 40; 15; 67;0
2.6933320158000e-04; 40; 15; 67;0
2.6935256214100e-04; 40; 15; 67;0
2.6937191088800e-04; 40; 15; 67;0
2.6939127177200e-04; 40; 15; 68;0
2.6941062069300e-04; 40; 15; 68;0
2.6942998169200e-04; 40; 15; 68;0
2.6944610465300e-04; 40; 15; 68;0
2.6946546572000e-04; 40; 15; 68;0
2.6948481459700e-04; 40; 15; 68;0
2.6950417546900e-04; 40; 15; 68;0
2.6952352451500e-04; 40; 15; 68;0
2.6954288512100e-04; 40; 15; 67;0
2.6956223385400e-04; 40; 15; 67;0
2.6958159453400e-04; 40; 15; 67;0
2.6960094310200e-04; 40; 15; 67;0
2.6962030383700e-04; 40; 15; 67;0
2.6963965251900e-04; 40; 15; 67;0
2.6965901314200e-04; 40; 15; 67;0
2.6967836167800e-04; 40; 15; 67;0
2.6969772233800e-04; 40; 15; 67;0
2.6971707118300e-04; 40; 15; 67;0
2.6973643179400e-04; 40; 15; 67;0
2.6975578057600e-04; 40; 15; 67;0
2.6977514123000e-04; 40; 15; 67;0
2.6979448978900e-04; 40; 15; 67;0
2.6981385056900e-04; 40; 15; 67;0
2.6983319934900e-04; 40; 15; 67;0
2.6985255993600e-04; 40; 15; 67;0
2.6987190861400e-04; 40; 15; 67;0
2.6989126933400e-04; 40; 15; 67;0
2.6991061801600e-04; 40; 15; 67;0
2.6992997888200e-04; 40; 15; 68;0
2.6994610209600e-04; 40; 15; 68;0
2.6996546297100e-04; 40; 15; 68;0
2.6998481184600e-04; 40; 15; 68;0
2.7000417278400e-04; 40; 15; 68;0
2.7002352169800e-04; 40; 15; 68;0
2.7004288251500e-04; 40; 15; 68;0
2.7006223148500e-04; 40; 15; 68;0
2.7008159241600e-04; 40; 15; 68;0
2.7010094121000e-04; 40; 15; 68;0
2.7012030213400e-04; 40; 15; 68;0
2.7013965099200e-04; 40; 15; 68;0
2.7015901193400e-04; 40; 15; 68;0
2.7017836078000e-04; 40; 15; 68;0
2.7019772165300e-04; 40; 15; 68;0
2.7021707067500e-04; 40; 15; 68;0
2.7023643143200e-04; 40; 15; 68;0
2.7025578036200e-04; 40; 15; 68;0
2.7027514126700e-04; 40; 15; 68;0
2.7029449005100e-04; 40; 15; 68;0
2.7031385097400e-04; 40; 15; 68;0
2.7033319985800e-04; 40; 15; 68;0
2.7035256075100e-04; 40; 15; 68;0
2.7037190946700e-04; 40; 15; 68;0
2.7039127044200e-04; 40; 15; 68;0
2.7041061941800e-04; 40; 15; 68;0
2.7042998033000e-04; 40; 15; 68;0
2.7044610336200e-04; 40; 15; 68;0
2.7046546436800e-04; 40; 15; 68;0
2.7048481316200e-04; 40; 15; 68;0
2.7050417422500e-04; 40; 15; 68;0
2.7052352319100e-04; 40; 15; 68;0
2.7054288406900e-04; 40; 15; 68;0
2.7056223287700e-04; 40; 15; 68;0
2.7058159376900e-04; 40; 15; 68;0
2.7060094280700e-04; 40; 15; 68;0
2.7062030367100e-04; 40; 15; 68;0
2.7063965242300e-04; 40; 15; 68;0
2.7065901338100e-04; 40; 15; 68;0
2.7067836234400e-04; 40; 15; 68;0
2.7069772342800e-04; 40; 15; 68;0
2.7071707232500e-04; 40; 15; 68;0
2.7073643318900e-04; 40; 15; 68;0
2.7075578205200e-04; 40; 15; 68;0
2.7077514308300e-04; 40; 15; 68;0
2.7079449194000e-04; 40; 15; 68;0
2.7081385272900e-04; 40; 15; 68;0
2.7083320177000e-04; 40; 15; 68;0
2.7085256265500e-04; 40; 15; 68;0
2.7087191162300e-04; 40; 15; 68;0
2.7089127249300e-04; 40; 15; 68;0
2.7091062122000e-04; 40; 15; 68;0
2.7092998222300e-04; 40; 15; 68;0
2.7094610522500e-04; 40; 15; 68;0
2.7096546616600e-04; 40; 15; 68;0
2.7098481495700e-04; 40; 15; 68;0
2.7100417580000e-04; 40; 15; 68;0
2.7102352469700e-04; 40; 15; 68;0
2.7104288530700e-04; 40; 15; 67;0
2.7106223404800e-04; 40; 15; 67;0
2.7108159477600e-04; 40; 15; 67;0
2.7110094370300e-04; 40; 15; 67;0
2.7112030428700e-04; 40; 15; 67;0
2.7113965298800e-04; 40; 15; 67;0
2.7115901354100e-04; 40; 15; 67;0
2.7117836223400e-04; 40; 15; 67;0
2.7119772281500e-04; 40; 15; 67;0
2.7121707156100e-04; 40; 15; 67;0
2.7123643234600e-04; 40; 15; 67;0
2.7125578091100e-04; 40; 15; 67;0
2.7127514138400e-04; 40; 15; 67;0
2.7129449002100e-04; 40; 15; 67;0
2.7131385057400e-04; 40; 15; 67;0
2.7133319935200e-04; 40; 15; 67;0
2.7135255993800e-04; 40; 15; 67;0
2.7137190869300e-04; 40; 15; 67;0
2.7139126943900e-04; 40; 15; 67;0
2.7141061797000e-04; 40; 15; 67;0
2.7142997861500e-04; 40; 15; 67;0
2.7144610148600e-04; 40; 15; 67;0
2.7146546247900e-04; 40; 15; 68;0
2.7148481128500e-04; 40; 15; 68;0
2.7150417223000e-04; 40; 15; 68;0
2.7152352110700e-04; 40; 15; 68;0
2.7154288198900e-04; 40; 15; 68;0
2.7156223092500e-04; 40; 15; 68;0
2.7158159189500e-04; 40; 15; 68;0
2.7160094070200e-04; 40; 15; 68;0
2.7162030160100e-04; 40; 15; 68;0
2.7163965045200e-04; 40; 15; 68;0
2.7165901131900e-04; 40; 15; 68;0
2.7167836033700e-04; 40; 15; 68;0
2.7169772132700e-04; 40; 15; 68;0
2.7171707031400e-04; 40; 15; 68;0
2.7173643126800e-04; 40; 15; 68;0
2.7175578019600e-04; 40; 15; 68;0
2.7177514117500e-04; 40; 15; 68;0
2.7179449002400e-04; 40; 15; 68;0
2.7181385082700e-04; 40; 15; 68;0
2.7183319975900e-04; 40; 15; 68;0
2.7185256086600e-04; 40; 15; 68;0
2.7187190964000e-04; 40; 15; 68;0
2.7189127073200e-04; 40; 15; 68;0
2.7191061972100e-04; 40; 15; 68;0
2.7192998048400e-04; 40; 15; 68;0
2.7194610356400e-04; 40; 15; 68;0
2.7196546455400e-04; 40; 15; 68;0
2.7198481351200e-04; 40; 15; 68;0
2.7200417445700e-04; 40; 15; 68;0
2.7202352344000e-04; 40; 15; 68;0
2.7204288438300e-04; 40; 15; 68;0
2.7206223334800e-04; 40; 15; 68;0
2.7208159427400e-04; 40; 15; 68;0
2.7210094309900e-04; 40; 15; 68;0
2.7212030422200e-04; 40; 15; 68;0
2.7213965299400e-04; 40; 15; 68;0
2.7215901384400e-04; 40; 15; 68;0
2.7217836281600e-04; 40; 15; 68;0
2.7219772376700e-04; 40; 15; 68;0
2.7221707267000e-04; 40; 15; 68;0
2.7223643334000e-04; 40; 15; 67;0
2.7225578208000e-04; 40; 15; 67;0
2.7227514274100e-04; 40; 15; 67;0
2.7229449140100e-04; 40; 15; 67;0
2.7231385205000e-04; 40; 15; 67;0
2.7233320064900e-04; 40; 15; 67;0
2.7235256139400e-04; 40; 15; 67;0
2.7237191000000e-04; 40; 15; 67;0
2.7239127066100e-04; 40; 15; 67;0
2.7241061937700e-04; 40; 15; 67;0
2.7242998010100e-04; 40; 15; 67;0
2.7244610292800e-04; 40; 15; 67;0
2.7246546363200e-04; 40; 15; 67;0
2.7248481235200e-04; 40; 15; 67;0
2.7250417294900e-04; 40; 15; 67;0
2.7252352170900e-04; 40; 15; 67;0
2.7254288243900e-04; 40; 15; 67;0
2.7256223114800e-04; 40; 15; 67;0
2.7258159213800e-04; 40; 15; 68;0
2.7260094104600e-04; 40; 15; 68;0
2.7262030196100e-04; 40; 15; 68;0
2.7263965103400e-04; 40; 15; 68;0
2.7265901200500e-04; 40; 15; 68;0
2.7267836098300e-04; 40; 15; 68;0
2.7269772192300e-04; 40; 15; 68;0
2.7271707079800e-04; 40; 15; 68;0
2.7273643170700e-04; 40; 15; 68;0
2.7275578055700e-04; 40; 15; 68;0
2.7277514153800e-04; 40; 15; 68;0
2.7279449049100e-04; 40; 15; 68;0
2.7281385132600e-04; 40; 15; 68;0
2.7283320019400e-04; 40; 15; 68;0
2.7285256137100e-04; 40; 15; 68;0
2.7287191024600e-04; 40; 15; 68;0
2.7289127130100e-04; 40; 15; 68;0
2.7291062012000e-04; 40; 15; 68;0
2.7292998105600e-04; 40; 15; 68;0
2.7294610410100e-04; 40; 15; 68;0
2.7296546494800e-04; 40; 15; 68;0
2.7298481385900e-04; 40; 15; 68;0
2.7300417479600e-04; 40; 15; 68;0
2.7302352379500e-04; 40; 15; 68;0
2.7304288470900e-04; 40; 15; 68;0
2.7306223359800e-04; 40; 15; 68;0
2.7308159437800e-04; 40; 15; 68;0
2.7310094300100e-04; 40; 15; 68;0
2.7312030402800e-04; 40; 15; 68;0
2.7313965294000e-04; 40; 15; 68;0
2.7315901382200e-04; 40; 15; 68;0
2.7317836257200e-04; 40; 15; 68;0
2.7319772365600e-04; 40; 15; 68;0
2.7321707239800e-04; 40; 15; 68;0
2.7323643340500e-04; 40; 15; 68;0
2.7325578233700e-04; 40; 15; 68;0
2.7327514318300e-04; 40; 15; 68;0
2.7329449207600e-04; 40; 15; 68;0
2.7331385273500e-04; 40; 15; 67;0
2.7333320153200e-04; 40; 15; 67;0
2.7335256213900e-04; 40; 15; 67;0
2.7337191088400e-04; 40; 15; 67;0
2.7339127162500e-04; 40; 15; 67;0
2.7341062030300e-04; 40; 15; 67;0
2.7342998101000e-04; 40; 15; 67;0
2.7344610369900e-04; 40; 15; 67;0
2.7346546421700e-04; 40; 15; 67;0
2.7348481293500e-04; 40; 15; 67;0
2.7350417381200e-04; 40; 15; 68;0
2.7352352287100e-04; 40; 15; 68;0
2.7354288389100e-04; 40; 15; 68;0
2.7356223270500e-04; 40; 15; 68;0
2.7358159381500e-04; 40; 15; 68;0
2.7360094268300e-04; 40; 15; 68;0
2.7362030360100e-04; 40; 15; 68;0
2.7363965234800e-04; 40; 15; 68;0
2.7365901320400e-04; 40; 15; 68;0
2.7367836227900e-04; 40; 15; 68;0
2.7369772308700e-04; 40; 15; 68;0
2.7371707201300e-04; 40; 15; 68;0
2.7373643279800e-04; 40; 15; 68;0
2.7375578183700e-04; 40; 15; 68;0
2.7377514261900e-04; 40; 15; 68;0
2.7379449142900e-04; 40; 15; 68;0
2.7381385236100e-04; 40; 15; 68;0
2.7383320129800e-04; 40; 15; 68;0
2.7385256215400e-04; 40; 15; 68;0
2.7387191093700e-04; 40; 15; 68;0
2.7389127192800e-04; 40; 15; 68;0
2.7391062096800e-04; 40; 15; 68;0
2.7392998196400e-04; 40; 15; 68;0
2.7394610506500e-04; 40; 15; 68;0
2.7396546612900e-04; 40; 15; 68;0
2.7398481497500e-04; 40; 15; 68;0
2.7400417582800e-04; 40; 15; 68;0
2.7402352481100e-04; 40; 15; 68;0
2.7404288553900e-04; 40; 15; 67;0
2.7406223430900e-04; 40; 15; 67;0
2.7408159501000e-04; 40; 15; 67;0
2.7410094380800e-04; 40; 15; 67;0
2.7412030440600e-04; 40; 15; 67;0
2.7413965312000e-04; 40; 15; 67;0
2.7415901383600e-04; 40; 15; 67;0
2.7417836242700e-04; 40; 15; 67;0
2.7419772298500e-04; 40; 15; 67;0
2.7421707170500e-04; 40; 15; 67;0
2.7423643236600e-04; 40; 15; 67;0
2.7425578104500e-04; 40; 15; 67;0
2.7427514168900e-04; 40; 15; 67;0
2.7429449025900e-04; 40; 15; 67;0
2.7431385101700e-04; 40; 15; 67;0
2.7433319972800e-04; 40; 15; 67;0
2.7435256078800e-04; 40; 15; 68;0
2.7437190978700e-04; 40; 15; 68;0
2.7439127069000e-04; 40; 15; 68;0
2.7441061976300e-04; 40; 15; 68;0
2.7442998069800e-04; 40; 15; 68;0
2.7444610381100e-04; 40; 15; 68;0
2.7446546487700e-04; 40; 15; 68;0
2.7448481374000e-04; 40; 15; 68;0
2.7450417459100e-04; 40; 15; 68;0
2.7452352362000e-04; 40; 15; 68;0
2.7454288450700e-04; 40; 15; 68;0
2.7456223342100e-04; 40; 15; 68;0
2.7458159432800e-04; 40; 15; 68;0
2.7460094321800e-04; 40; 15; 68;0
2.7462030409400e-04; 40; 15; 68;0
2.7463965312500e-04; 40; 15; 68;0
2.7465901393700e-04; 40; 15; 68;0
2.7467836293500e-04; 40; 15; 68;0
2.7469772382100e-04; 40; 15; 68;0
2.7471707268000e-04; 40; 15; 68;0
2.7473643366800e-04; 40; 15; 68;0
2.7475578258800e-04; 40; 15; 68;0
2.7477514364100e-04; 40; 15; 68;0
2.7479449253700e-04; 40; 15; 68;0
2.7481385347000e-04; 40; 15; 68;0
2.7483320241200e-04; 40; 15; 68;0
2.7485256322600e-04; 40; 15; 68;0
2.7487191222400e-04; 40; 15; 68;0
2.7489127339600e-04; 40; 15; 68;0
2.7491062221700e-04; 40; 15; 68;0
2.7492998300500e-04; 40; 15; 68;0
2.7494610605300e-04; 40; 15; 68;0
2.7496546698700e-04; 40; 15; 68;0
2.7498481589100e-04; 40; 15; 68;0
2.7500417684300e-04; 40; 15; 68;0
2.7502352582200e-04; 40; 15; 68;0
2.7504288678100e-04; 40; 15; 68;0
2.7506223578800e-04; 40; 15; 68;0
2.7508159655200e-04; 40; 15; 68;0
2.7510094546200e-04; 40; 15; 68;0
2.7512030641000e-04; 40; 15; 68;0
2.7513965544900e-04; 40; 15; 68;0
2.7515901627700e-04; 40; 15; 68;0
2.7517836536500e-04; 40; 15; 68;0
2.7519772640200e-04; 40; 15; 68;0
2.7521707537700e-04; 40; 15; 68;0
2.7523643593000e-04; 40; 15; 67;0
2.7525578474600e-04; 40; 15; 67;0
2.7527514542700e-04; 40; 15; 67;0
2.7529449419600e-04; 40; 15; 67;0
2.7531385466800e-04; 40; 15; 67;0
2.7533320340600e-04; 40; 15; 67;0
2.7535256406300e-04; 40; 15; 67;0
2.7537191285300e-04; 40; 15; 67;0
2.7539127349700e-04; 40; 15; 67;0
2.7541062214300e-04; 40; 15; 67;0
2.7542998274300e-04; 40; 15; 67;0
2.7544610558200e-04; 40; 15; 67;0
2.7546546623000e-04; 40; 15; 67;0
2.7548481491000e-04; 40; 15; 67;0
2.7550417565700e-04; 40; 15; 67;0
2.7552352438400e-04; 40; 15; 67;0
2.7554288499300e-04; 40; 15; 67;0
2.7556223377200e-04; 40; 15; 67;0
2.7558159451200e-04; 40; 15; 67;0
2.7560094322900e-04; 40; 15; 67;0
2.7562030398200e-04; 40; 15; 67;0
2.7563965257900e-04; 40; 15; 67;0
2.7565901313200e-04; 40; 15; 67;0
2.7567836181700e-04; 40; 15; 67;0
2.7569772251600e-04; 40; 15; 67;0
2.7571707122400e-04; 40; 15; 67;0
2.7573643184800e-04; 40; 15; 67;0
2.7575578079400e-04; 40; 15; 67;0
2.7577514143500e-04; 40; 15; 67;0
2.7579449007600e-04; 40; 15; 67;0
2.7581385067600e-04; 40; 15; 67;0
2.7583319939400e-04; 40; 15; 67;0
2.7585256017200e-04; 40; 15; 68;0
2.7587190915100e-04; 40; 15; 68;0
2.7589127002700e-04; 40; 15; 68;0
2.7591061886500e-04; 40; 15; 68;0
2.7592997982800e-04; 40; 15; 68;0
2.7594610284000e-04; 40; 15; 68;0
2.7596546383100e-04; 40; 15; 68;0
2.7598481268900e-04; 40; 15; 68;0
2.7600417372900e-04; 40; 15; 68;0
2.7602352253900e-04; 40; 15; 68;0
2.7604288333100e-04; 40; 15; 68;0
2.7606223232600e-04; 40; 15; 68;0
2.7608159323700e-04; 40; 15; 68;0
2.7610094199600e-04; 40; 15; 68;0
2.7612030292300e-04; 40; 15; 68;0
2.7613965202700e-04; 40; 15; 68;0
2.7615901277900e-04; 40; 15; 68;0
2.7617836180200e-04; 40; 15; 68;0
2.7619772260600e-04; 40; 15; 68;0
2.7621707152600e-04; 40; 15; 68;0
2.7623643261100e-04; 40; 15; 68;0
2.7625578165800e-04; 40; 15; 68;0
2.7627514248200e-04; 40; 15; 68;0
2.7629449141500e-04; 40; 15; 68;0
2.7631385205300e-04; 40; 15; 68;0
2.7633320105700e-04; 40; 15; 68;0
2.7635256187900e-04; 40; 15; 68;0
2.7637191089100e-04; 40; 15; 68;0
2.7639127183800e-04; 40; 15; 68;0
2.7641062071900e-04; 40; 15; 68;0
2.7642998168000e-04; 40; 15; 68;0
2.7644610479800e-04; 40; 15; 68;0
2.7646546571100e-04; 40; 15; 68;0
2.7648481473000e-04; 40; 15; 68;0
2.7650417556800e-04; 40; 15; 68;0
2.7652352440200e-04; 40; 15; 68;0
2.7654288511100e-04; 40; 15; 67;0
2.7656223376800e-04; 40; 15; 67;0
2.7658159435300e-04; 40; 15; 67;0
2.7660094316400e-04; 40; 15; 67;0
2.7662030388100e-04; 40; 15; 67;0
2.7663965246400e-04; 40; 15; 67;0
2.7665901316100e-04; 40; 15; 67;0
2.7667836182400e-04; 40; 15; 67;0
2.7669772247500e-04; 40; 15; 67;0
2.7671707117700e-04; 40; 15; 67;0
2.7673643182700e-04; 40; 15; 67;0
2.7675578042500e-04; 40; 15; 67;0
2.7677514106000e-04; 40; 15; 67;0
2.7679448971400e-04; 40; 15; 67;0
2.7681385028700e-04; 40; 15; 67;0
2.7683319903200e-04; 40; 15; 67;0
2.7685255981100e-04; 40; 15; 67;0
2.7687190851700e-04; 40; 15; 67;0
2.7689126925800e-04; 40; 15; 67;0
2.7691061792000e-04; 40; 15; 67;0
2.7692997866100e-04; 40; 15; 68;0
2.7694610180900e-04; 40; 15; 68;0
2.7696546281400e-04; 40; 15; 68;0
2.7698481155700e-04; 40; 15; 68;0
2.7700417247900e-04; 40; 15; 68;0
2.7702352127300e-04; 40; 15; 68;0
2.7704288222300e-04; 40; 15; 68;0
2.7706223107300e-04; 40; 15; 68;0
2.7708159205400e-04; 40; 15; 68;0
2.7710094096700e-04; 40; 15; 68;0
2.7712030185800e-04; 40; 15; 68;0
2.7713965088700e-04; 40; 15; 68;0
2.7715901192200e-04; 40; 15; 68;0
2.7717836076100e-04; 40; 15; 68;0
2.7719772163300e-04; 40; 15; 68;0
2.7721707071700e-04; 40; 15; 68;0
2.7723643145500e-04; 40; 15; 68;0
2.7725578044100e-04; 40; 15; 68;0
2.7727514141600e-04; 40; 15; 68;0
2.7729449017300e-04; 40; 15; 68;0
2.7731385120200e-04; 40; 15; 68;0
2.7733320019300e-04; 40; 15; 68;0
2.7735256129700e-04; 40; 15; 68;0
2.7737191010200e-04; 40; 15; 68;0
2.7739127098900e-04; 40; 15; 68;0
2.7741062000800e-04; 40; 15; 68;0
2.7742998086700e-04; 40; 15; 68;0
2.7744610387700e-04; 40; 15; 68;0
2.7746546486500e-04; 40; 15; 68;0
2.7748481368400e-04; 40; 15; 68;0
2.7750417465600e-04; 40; 15; 68;0
2.7752352360800e-04; 40; 15; 68;0
2.7754288445200e-04; 40; 15; 68;0
2.7756223319000e-04; 40; 15; 68;0
2.7758159411400e-04; 40; 15; 68;0
2.7760094300500e-04; 40; 15; 68;0
2.7762030402900e-04; 40; 15; 68;0
2.7763965289900e-04; 40; 15; 68;0
2.7765901389000e-04; 40; 15; 68;0
2.7767836287400e-04; 40; 15; 68;0
2.7769772381700e-04; 40; 15; 68;0
2.7771707273800e-04; 40; 15; 68;0
2.7773643364100e-04; 40; 15; 68;0
2.7775578244200e-04; 40; 15; 68;0
2.7777514336000e-04; 40; 15; 68;0
2.7779449227800e-04; 40; 15; 68;0
2.7781385324300e-04; 40; 15; 68;0
2.7783320209800e-04; 40; 15; 68;0
2.7785256297500e-04; 40; 15; 68;0
2.7787191192500e-04; 40; 15; 68;0
2.7789127277400e-04; 40; 15; 68;0
2.7791062168300e-04; 40; 15; 68;0
2.7792998256700e-04; 40; 15; 68;0
2.7794610569400e-04; 40; 15; 68;0
2.7796546636900e-04; 40; 15; 67;0
2.7798481495100e-04; 40; 15; 67;0
2.7800417567500e-04; 40; 15; 67;0
2.7802352429500e-04; 40; 15; 67;0
2.7804288497700e-04; 40; 15; 67;0
2.7806223373200e-04; 40; 15; 67;0
2.7808159459300e-04; 40; 15; 67;0
2.7810094311700e-04; 40; 15; 67;0
2.7812030377900e-04; 40; 15; 67;0
2.7813965241800e-04; 40; 15; 67;0
2.7815901330100e-04; 40; 15; 67;0
2.7817836187200e-04; 40; 15; 67;0
2.7819772252700e-04; 40; 15; 67;0
2.7821707107500e-04; 40; 15; 67;0
2.7823643184200e-04; 40; 15; 67;0
2.7825578040800e-04; 40; 15; 67;0
2.7827514113800e-04; 40; 15; 67;0
2.7829448981000e-04; 40; 15; 67;0
2.7831385046000e-04; 40; 15; 67;0
2.7833319912000e-04; 40; 15; 67;0
2.7835255981200e-04; 40; 15; 67;0
2.7837190839200e-04; 40; 15; 67;0
2.7839126895900e-04; 40; 15; 67;0
2.7841061751400e-04; 40; 15; 67;0
2.7842997867500e-04; 40; 15; 68;0
2.7844610165200e-04; 40; 15; 68;0
2.7846546256200e-04; 40; 15; 68;0
2.7848481142300e-04; 40; 15; 68;0
2.7850417223100e-04; 40; 15; 68;0
2.7852352127500e-04; 40; 15; 68;0
2.7854288217100e-04; 40; 15; 68;0
2.7856223096600e-04; 40; 15; 68;0
2.7858159178800e-04; 40; 15; 68;0
2.7860094073300e-04; 40; 15; 68;0
2.7862030154300e-04; 40; 15; 68;0
2.7863965059900e-04; 40; 15; 68;0
2.7865901144200e-04; 40; 15; 68;0
2.7867836037100e-04; 40; 15; 68;0
2.7869772111800e-04; 40; 15; 68;0
2.7871707017600e-04; 40; 15; 68;0
2.7873643106400e-04; 40; 15; 68;0
2.7875577998800e-04; 40; 15; 68;0
2.7877514087400e-04; 40; 15; 68;0
2.7879448975100e-04; 40; 15; 68;0
2.7881385055600e-04; 40; 15; 68;0
2.7883319961700e-04; 40; 15; 68;0
2.7885256057100e-04; 40; 15; 68;0
2.7887190936600e-04; 40; 15; 68;0
2.7889127036000e-04; 40; 15; 68;0
2.7891061919600e-04; 40; 15; 68;0
2.7892998003400e-04; 40; 15; 68;0
2.7894610307400e-04; 40; 15; 68;0
2.7896546409700e-04; 40; 15; 68;0
2.7898481291900e-04; 40; 15; 68;0
2.7900417370700e-04; 40; 15; 68;0
2.7902352255400e-04; 40; 15; 68;0
2.7904288348400e-04; 40; 15; 68;0
2.7906223230900e-04; 40; 15; 68;0
2.7908159322100e-04; 40; 15; 68;0
2.7910094217400e-04; 40; 15; 68;0
2.7912030292800e-04; 40; 15; 68;0
2.7913965178700e-04; 40; 15; 68;0
2.7915901274100e-04; 40; 15; 68;0
2.7917836170500e-04; 40; 15; 68;0
2.7919772259500e-04; 40; 15; 68;0
2.7921707151700e-04; 40; 15; 68;0
2.7923643246000e-04; 40; 15; 68;0
2.7925578135300e-04; 40; 15; 68;0
2.7927514238000e-04; 40; 15; 68;0
2.7929449127500e-04; 40; 15; 68;0
2.7931385208000e-04; 40; 15; 68;0
2.7933320096700e-04; 40; 15; 68;0
2.7935256190100e-04; 40; 15; 68;0
2.7937191077700e-04; 40; 15; 68;0
2.7939127170200e-04; 40; 15; 68;0
2.7941062064200e-04; 40; 15; 68;0
2.7942998154000e-04; 40; 15; 68;0
2.7944610468000e-04; 40; 15; 68;0
2.7946546558200e-04; 40; 15; 68;0
2.7948481458400e-04; 40; 15; 68;0
2.7950417551300e-04; 40; 15; 68;0
2.7952352434300e-04; 40; 15; 68;0
2.7954288514800e-04; 40; 15; 68;0
2.7956223404000e-04; 40; 15; 68;0
2.7958159500700e-04; 40; 15; 68;0
2.7960094389800e-04; 40; 15; 68;0
2.7962030475500e-04; 40; 15; 68;0
2.7963965369900e-04; 40; 15; 68;0
2.7965901461300e-04; 40; 15; 68;0
2.7967836356900e-04; 40; 15; 68;0
2.7969772417400e-04; 40; 15; 67;0
2.7971707281500e-04; 40; 15; 67;0
2.7973643362500e-04; 40; 15; 67;0
2.7975578233900e-04; 40; 15; 67;0
2.7977514291900e-04; 40; 15; 67;0
2.7979449177400e-04; 40; 15; 67;0
2.7981385235300e-04; 40; 15; 67;0
2.7983320099600e-04; 40; 15; 67;0
2.7985256174800e-04; 40; 15; 67;0
2.7987191050600e-04; 40; 15; 67;0
2.7989127116900e-04; 40; 15; 67;0
2.7991061986800e-04; 40; 15; 67;0
2.7992998066500e-04; 40; 15; 68;0
2.7994610378900e-04; 40; 15; 68;0
2.7996546477400e-04; 40; 15; 68;0
2.7998481369400e-04; 40; 15; 68;0
2.8000417455100e-04; 40; 15; 68;0
2.8002352341300e-04; 40; 15; 68;0
2.8004288442300e-04; 40; 15; 68;0
2.8006223338600e-04; 40; 15; 68;0
2.8008159426200e-04; 40; 15; 68;0
2.8010094309600e-04; 40; 15; 68;0
2.8012030400600e-04; 40; 15; 68;0
2.8013965287400e-04; 40; 15; 68;0
2.8015901390800e-04; 40; 15; 68;0
2.8017836270800e-04; 40; 15; 68;0
2.8019772361100e-04; 40; 15; 68;0
2.8021707259000e-04; 40; 15; 68;0
2.8023643348000e-04; 40; 15; 68;0
2.8025578225900e-04; 40; 15; 68;0
2.8027514310200e-04; 40; 15; 68;0
2.8029449204700e-04; 40; 15; 68;0
2.8031385281700e-04; 40; 15; 68;0
2.8033320174800e-04; 40; 15; 68;0
2.8035256277000e-04; 40; 15; 68;0
2.8037191147000e-04; 40; 15; 68;0
2.8039127243000e-04; 40; 15; 68;0
2.8041062134900e-04; 40; 15; 68;0
2.8042998225500e-04; 40; 15; 68;0
2.8044610533000e-04; 40; 15; 68;0
2.8046546623900e-04; 40; 15; 68;0
2.8048481515400e-04; 40; 15; 68;0
2.8050417604800e-04; 40; 15; 68;0
2.8052352507800e-04; 40; 15; 68;0
2.8054288583700e-04; 40; 15; 68;0
2.8056223470600e-04; 40; 15; 68;0
2.8058159557300e-04; 40; 15; 67;0
2.8060094435900e-04; 40; 15; 67;0
2.8062030493100e-04; 40; 15; 67;0
2.8063965345400e-04; 40; 15; 67;0
2.8065901424700e-04; 40; 15; 67;0
2.8067836285700e-04; 40; 15; 67;0
2.8069772351800e-04; 40; 15; 67;0
2.8071707208700e-04; 40; 15; 67;0
2.8073643283000e-04; 40; 15; 67;0
2.8075578147500e-04; 40; 15; 67;0
2.8077514226300e-04; 40; 15; 67;0
2.8079449089000e-04; 40; 15; 67;0
2.8081385147200e-04; 40; 15; 67;0
2.8083320015500e-04; 40; 15; 67;0
2.8085256077900e-04; 40; 15; 67;0
2.8087190930100e-04; 40; 15; 67;0
2.8089127009700e-04; 40; 15; 67;0
2.8091061862400e-04; 40; 15; 67;0
2.8092997931900e-04; 40; 15; 67;0
2.8094610226900e-04; 40; 15; 67;0
2.8096546287900e-04; 40; 15; 67;0
2.8098481140800e-04; 40; 15; 67;0
2.8100417214600e-04; 40; 15; 67;0
2.8102352086800e-04; 40; 15; 67;0
2.8104288181500e-04; 40; 15; 68;0
2.8106223080200e-04; 40; 15; 68;0
2.8108159181800e-04; 40; 15; 68;0
2.8110094072600e-04; 40; 15; 68;0
2.8112030159500e-04; 40; 15; 68;0
2.8113965063500e-04; 40; 15; 68;0
2.8115901140400e-04; 40; 15; 68;0
2.8117836032400e-04; 40; 15; 68;0
2.8119772121900e-04; 40; 15; 68;0
2.8121707009100e-04; 40; 15; 68;0
2.8123643096700e-04; 40; 15; 68;0
2.8125577998800e-04; 40; 15; 68;0
2.8127514090800e-04; 40; 15; 68;0
2.8129448990600e-04; 40; 15; 68;0
2.8131385090300e-04; 40; 15; 68;0
2.8133319979100e-04; 40; 15; 68;0
2.8135256059500e-04; 40; 15; 68;0
2.8137190950900e-04; 40; 15; 68;0
2.8139127045900e-04; 40; 15; 68;0
2.8141061923200e-04; 40; 15; 68;0
2.8142998018400e-04; 40; 15; 68;0
2.8144610334800e-04; 40; 15; 68;0
2.8146546427900e-04; 40; 15; 68;0
2.8148481338500e-04; 40; 15; 68;0
2.8150417429200e-04; 40; 15; 68;0
2.8152352301900e-04; 40; 15; 68;0
2.8154288392500e-04; 40; 15; 68;0
2.8156223291200e-04; 40; 15; 68;0
2.8158159396700e-04; 40; 15; 68;0
2.8160094282500e-04; 40; 15; 68;0
2.8162030369800e-04; 40; 15; 68;0
2.8163965259600e-04; 40; 15; 68;0
2.8165901346500e-04; 40; 15; 68;0
2.8167836243900e-04; 40; 15; 68;0
2.8169772338100e-04; 40; 15; 68;0
2.8171707212500e-04; 40; 15; 68;0
2.8173643317500e-04; 40; 15; 68;0
2.8175578197600e-04; 40; 15; 68;0
2.8177514283400e-04; 40; 15; 68;0
2.8179449164000e-04; 40; 15; 68;0
2.8181385271100e-04; 40; 15; 68;0
2.8183320161700e-04; 40; 15; 68;0
2.8185256261100e-04; 40; 15; 68;0
2.8187191156300e-04; 40; 15; 68;0
2.8189127237700e-04; 40; 15; 68;0
2.8191062132500e-04; 40; 15; 68;0
2.8192998228600e-04; 40; 15; 68;0
2.8194610533800e-04; 40; 15; 68;0
2.8196546636000e-04; 40; 15; 68;0
2.8198481521600e-04; 40; 15; 68;0
2.8200417609900e-04; 40; 15; 68;0
2.8202352498600e-04; 40; 15; 68;0
2.8204288587500e-04; 40; 15; 68;0
2.8206223478800e-04; 40; 15; 68;0
2.8208159546000e-04; 40; 15; 67;0
2.8210094409300e-04; 40; 15; 67;0
2.8212030470300e-04; 40; 15; 67;0
2.8213965332300e-04; 40; 15; 67;0
2.8215901401900e-04; 40; 15; 67;0
2.8217836258700e-04; 40; 15; 67;0
2.8219772325300e-04; 40; 15; 67;0
2.8221707192400e-04; 40; 15; 67;0
2.8223643262000e-04; 40; 15; 67;0
2.8225578136500e-04; 40; 15; 67;0
2.8227514185000e-04; 40; 15; 67;0
2.8229449048200e-04; 40; 15; 67;0
2.8231385101100e-04; 40; 15; 67;0
2.8233319976600e-04; 40; 15; 67;0
2.8235256050600e-04; 40; 15; 67;0
2.8237190915100e-04; 40; 15; 67;0
2.8239126989100e-04; 40; 15; 67;0
2.8241061836200e-04; 40; 15; 67;0
2.8242997905700e-04; 40; 15; 67;0
2.8244610198800e-04; 40; 15; 67;0
2.8246546271200e-04; 40; 15; 67;0
2.8248481143600e-04; 40; 15; 67;0
2.8250417206400e-04; 40; 15; 67;0
2.8252352055900e-04; 40; 15; 67;0
2.8254288156400e-04; 40; 15; 68;0
2.8256223050900e-04; 40; 15; 68;0
2.8258159136700e-04; 40; 15; 68;0
2.8260094000900e-04; 40; 15; 68;0
2.8262030099300e-04; 40; 15; 68;0
2.8263964991500e-04; 40; 15; 68;0
2.8265901073600e-04; 40; 15; 68;0
2.8267835971400e-04; 40; 15; 68;0
2.8269772065200e-04; 40; 15; 68;0
2.8271706952200e-04; 40; 15; 68;0
2.8273643040000e-04; 40; 15; 68;0
2.8275577936400e-04; 40; 15; 68;0
2.8277514030800e-04; 40; 15; 68;0
2.8279448920200e-04; 40; 15; 68;0
2.8281385005700e-04; 40; 15; 68;0
2.8283319895500e-04; 40; 15; 68;0
2.8285255988200e-04; 40; 15; 68;0
2.8287190891000e-04; 40; 15; 68;0
2.8289126982900e-04; 40; 15; 68;0
2.8291061867600e-04; 40; 15; 68;0
2.8292997959400e-04; 40; 15; 68;0
2.8294610276200e-04; 40; 15; 68;0
2.8296546353300e-04; 40; 15; 68;0
2.8298481244900e-04; 40; 15; 68;0
2.8300417332600e-04; 40; 15; 68;0
2.8302352211900e-04; 40; 15; 68;0
2.8304288297700e-04; 40; 15; 68;0
2.8306223179800e-04; 40; 15; 68;0
2.8308159270500e-04; 40; 15; 68;0
2.8310094164800e-04; 40; 15; 68;0
2.8312030261000e-04; 40; 15; 68;0
2.8313965144900e-04; 40; 15; 68;0
2.8315901232800e-04; 40; 15; 68;0
2.8317836118800e-04; 40; 15; 68;0
2.8319772212400e-04; 40; 15; 68;0
2.8321707104800e-04; 40; 15; 68;0
2.8323643193300e-04; 40; 15; 68;0
2.8325578083100e-04; 40; 15; 68;0
2.8327514178900e-04; 40; 15; 68;0
2.8329449072100e-04; 40; 15; 68;0
2.8331385179700e-04; 40; 15; 68;0
2.8333320060900e-04; 40; 15; 68;0
2.8335256170900e-04; 40; 15; 68;0
2.8337191055000e-04; 40; 15; 68;0
2.8339127144000e-04; 40; 15; 68;0
2.8341062044900e-04; 40; 15; 68;0
2.8342998133500e-04; 40; 15; 68;0
2.8344610446600e-04; 40; 15; 68;0
2.8346546537100e-04; 40; 15; 68;0
2.8348481440600e-04; 40; 15; 68;0
2.8350417538100e-04; 40; 15; 68;0
2.8352352420300e-04; 40; 15; 68;0
2.8354288529800e-04; 40; 15; 68;0
2.8356223410800e-04; 40; 15; 68;0
2.8358159498900e-04; 40; 15; 67;0
2.8360094384600e-04; 40; 15; 67;0
2.8362030447900e-04; 40; 15; 67;0
2.8363965318600e-04; 40; 15; 67;0
2.8365901371800e-04; 40; 15; 67;0
2.8367836246500e-04; 40; 15; 67;0
2.8369772319600e-04; 40; 15; 67;0
2.8371707182200e-04; 40; 15; 67;0
2.8373643243300e-04; 40; 15; 67;0
2.8375578107600e-04; 40; 15; 67;0
2.8377514179800e-04; 40; 15; 67;0
2.8379449057600e-04; 40; 15; 67;0
2.8381385109700e-04; 40; 15; 67;0
2.8383319978100e-04; 40; 15; 67;0
2.8385256046300e-04; 40; 15; 67;0
2.8387190902200e-04; 40; 15; 67;0
2.8389126962000e-04; 40; 15; 67;0
2.8391061841700e-04; 40; 15; 67;0
2.8392997916300e-04; 40; 15; 67;0
2.8394610202400e-04; 40; 15; 67;0
2.8396546251100e-04; 40; 15; 67;0
2.8398481120800e-04; 40; 15; 67;0
2.8400417189200e-04; 40; 15; 67;0
2.8402352074800e-04; 40; 15; 67;0
2.8404288150500e-04; 40; 15; 67;0
2.8406223013400e-04; 40; 15; 67;0
2.8408159064200e-04; 40; 15; 67;0
2.8410093934200e-04; 40; 15; 67;0
2.8412029993500e-04; 40; 15; 67;0
2.8413964864900e-04; 40; 15; 67;0
2.8415900946100e-04; 40; 15; 68;0
2.8417835836400e-04; 40; 15; 68;0
2.8419771956600e-04; 40; 15; 68;0
2.8421706841400e-04; 40; 15; 68;0
2.8423642925700e-04; 40; 15; 68;0
2.8425577818700e-04; 40; 15; 68;0
2.8427513899600e-04; 40; 15; 68;0
2.8429448790100e-04; 40; 15; 68;0
2.8431384870200e-04; 40; 15; 68;0
2.8433319767000e-04; 40; 15; 68;0
2.8435255846800e-04; 40; 15; 68;0
2.8437190729300e-04; 40; 15; 68;0
2.8439126826400e-04; 40; 15; 68;0
2.8441061719900e-04; 40; 15; 68;0
2.8442997820700e-04; 40; 15; 68;0
2.8444610113200e-04; 40; 15; 68;0
2.8446546195500e-04; 40; 15; 68;0
2.8448481082300e-04; 40; 15; 68;0
2.8450417185100e-04; 40; 15; 68;0
2.8452352073200e-04; 40; 15; 68;0
2.8454288169600e-04; 40; 15; 68;0
2.8456223063200e-04; 40; 15; 68;0
2.8458159144200e-04; 40; 15; 68;0
2.8460094027800e-04; 40; 15; 68;0
2.8462030127400e-04; 40; 15; 68;0
2.8463965011600e-04; 40; 15; 68;0
2.8465901102900e-04; 40; 15; 68;0
2.8467835989400e-04; 40; 15; 68;0
2.8469772085600e-04; 40; 15; 68;0
2.8471706964100e-04; 40; 15; 68;0
2.8473643056700e-04; 40; 15; 68;0
2.8475577963400e-04; 40; 15; 68;0
2.8477514046500e-04; 40; 15; 68;0
2.8479448915600e-04; 40; 15; 68;0
2.8481385017400e-04; 40; 15; 68;0
2.8483319918600e-04; 40; 15; 68;0
2.8485256015300e-04; 40; 15; 68;0
2.8487190901100e-04; 40; 15; 68;0
2.8489127001800e-04; 40; 15; 68;0
2.8491061888900e-04; 40; 15; 68;0
2.8492997975500e-04; 40; 15; 68;0
2.8494610287000e-04; 40; 15; 68;0
2.8496546385100e-04; 40; 15; 68;0
2.8498481254500e-04; 40; 15; 68;0
2.8500417352000e-04; 40; 15; 68;0
2.8502352245300e-04; 40; 15; 68;0
2.8504288358400e-04; 40; 15; 68;0
2.8506223242300e-04; 40; 15; 68;0
2.8508159339700e-04; 40; 15; 68;0
2.8510094239800e-04; 40; 15; 68;0
2.8512030332100e-04; 40; 15; 68;0
2.8513965221400e-04; 40; 15; 68;0
2.8515901305400e-04; 40; 15; 68;0
2.8517836210500e-04; 40; 15; 68;0
2.8519772310700e-04; 40; 15; 68;0
2.8521707203900e-04; 40; 15; 68;0
2.8523643278800e-04; 40; 15; 68;0
2.8525578178300e-04; 40; 15; 68;0
2.8527514270400e-04; 40; 15; 68;0
2.8529449165200e-04; 40; 15; 68;0
2.8531385247100e-04; 40; 15; 68;0
2.8533320128900e-04; 40; 15; 68;0
2.8535256223200e-04; 40; 15; 68;0
2.8537191113500e-04; 40; 15; 68;0
2.8539127208300e-04; 40; 15; 68;0
2.8541062094800e-04; 40; 15; 68;0
2.8542998192300e-04; 40; 15; 68;0
2.8544610515800e-04; 40; 15; 68;0
2.8546546610200e-04; 40; 15; 68;0
2.8548481505500e-04; 40; 15; 68;0
2.8550417589000e-04; 40; 15; 68;0
2.8552352475800e-04; 40; 15; 68;0
2.8554288570200e-04; 40; 15; 68;0
2.8556223464300e-04; 40; 15; 68;0
2.8558159552500e-04; 40; 15; 68;0
2.8560094446500e-04; 40; 15; 68;0
2.8562030548900e-04; 40; 15; 68;0
2.8563965449600e-04; 40; 15; 68;0
2.8565901541300e-04; 40; 15; 68;0
2.8567836425000e-04; 40; 15; 68;0
2.8569772518400e-04; 40; 15; 68;0
2.8571707416900e-04; 40; 15; 68;0
2.8573643480600e-04; 40; 15; 67;0
2.8575578337100e-04; 40; 15; 67;0
2.8577514400600e-04; 40; 15; 67;0
2.8579449276100e-04; 40; 15; 67;0
2.8581385333200e-04; 40; 15; 67;0
2.8583320207600e-04; 40; 15; 67;0
2.8585256276500e-04; 40; 15; 67;0
2.8587191141000e-04; 40; 15; 67;0
2.8589127225000e-04; 40; 15; 67;0
2.8591062092700e-04; 40; 15; 67;0
2.8592998163700e-04; 40; 15; 67;0
2.8594610456600e-04; 40; 15; 67;0
2.8596546533600e-04; 40; 15; 67;0
2.8598481409100e-04; 40; 15; 67;0
2.8600417487200e-04; 40; 15; 67;0
2.8602352372600e-04; 40; 15; 67;0
2.8604288426300e-04; 40; 15; 67;0
2.8606223314200e-04; 40; 15; 67;0
2.8608159374800e-04; 40; 15; 67;0
2.8610094242100e-04; 40; 15; 67;0
2.8612030317000e-04; 40; 15; 67;0
2.8613965182500e-04; 40; 15; 67;0
2.8615901251900e-04; 40; 15; 67;0
2.8617836135000e-04; 40; 15; 67;0
2.8619772186200e-04; 40; 15; 67;0
2.8621707064700e-04; 40; 15; 67;0
2.8623643119500e-04; 40; 15; 67;0
2.8625577988900e-04; 40; 15; 67;0
2.8627514056500e-04; 40; 15; 67;0
2.8629448927600e-04; 40; 15; 67;0
2.8631384993600e-04; 40; 15; 67;0
2.8633319876200e-04; 40; 15; 67;0
2.8635255944100e-04; 40; 15; 67;0
2.8637190804000e-04; 40; 15; 67;0
2.8639126857400e-04; 40; 15; 67;0
2.8641061717900e-04; 40; 15; 67;0
2.8642997826000e-04; 40; 15; 68;0
2.8644610132100e-04; 40; 15; 68;0
2.8646546216200e-04; 40; 15; 68;0
2.8648481111300e-04; 40; 15; 68;0
2.8650417227400e-04; 40; 15; 68;0
2.8652352118600e-04; 40; 15; 68;0
2.8654288214000e-04; 40; 15; 68;0
2.8656223108300e-04; 40; 15; 68;0
2.8658159197800e-04; 40; 15; 68;0
2.8660094106400e-04; 40; 15; 68;0
2.8662030190200e-04; 40; 15; 68;0
2.8663965098800e-04; 40; 15; 68;0
2.8665901195100e-04; 40; 15; 68;0
2.8667836083100e-04; 40; 15; 68;0
2.8669772164700e-04; 40; 15; 68;0
2.8671707067500e-04; 40; 15; 68;0
2.8673643156300e-04; 40; 15; 68;0
2.8675578042400e-04; 40; 15; 68;0
2.8677514125900e-04; 40; 15; 68;0
2.8679449037200e-04; 40; 15; 68;0
2.8681385114800e-04; 40; 15; 68;0
2.8683320008200e-04; 40; 15; 68;0
2.8685256107300e-04; 40; 15; 68;0
2.8687191002600e-04; 40; 15; 68;0
2.8689127097200e-04; 40; 15; 68;0
2.8691061990800e-04; 40; 15; 68;0
2.8692998090200e-04; 40; 15; 68;0
2.8694610410800e-04; 40; 15; 68;0
2.8696546505800e-04; 40; 15; 68;0
2.8698481383900e-04; 40; 15; 68;0
2.8700417468100e-04; 40; 15; 68;0
2.8702352354900e-04; 40; 15; 68;0
2.8704288436200e-04; 40; 15; 68;0
2.8706223341300e-04; 40; 15; 68;0
2.8708159426500e-04; 40; 15; 68;0
2.8710094311900e-04; 40; 15; 68;0
2.8712030411100e-04; 40; 15; 68;0
2.8713965312800e-04; 40; 15; 68;0
2.8715901399300e-04; 40; 15; 68;0
2.8717836287900e-04; 40; 15; 68;0
2.8719772385500e-04; 40; 15; 68;0
2.8721707269600e-04; 40; 15; 68;0
2.8723643339600e-04; 40; 15; 67;0
2.8725578220900e-04; 40; 15; 67;0
2.8727514271400e-04; 40; 15; 67;0
2.8729449144000e-04; 40; 15; 67;0
2.8731385210200e-04; 40; 15; 67;0
2.8733320073700e-04; 40; 15; 67;0
2.8735256148700e-04; 40; 15; 67;0
2.8737191011200e-04; 40; 15; 67;0
2.8739127112300e-04; 40; 15; 68;0
2.8741062006500e-04; 40; 15; 68;0
2.8742998088800e-04; 40; 15; 68;0
2.8744610409700e-04; 40; 15; 68;0
2.8746546496700e-04; 40; 15; 68;0
2.8748481399900e-04; 40; 15; 68;0
2.8750417495100e-04; 40; 15; 68;0
2.8752352387200e-04; 40; 15; 68;0
2.8754288463300e-04; 40; 15; 68;0
2.8756223367400e-04; 40; 15; 68;0
2.8758159446300e-04; 40; 15; 68;0
2.8760094329200e-04; 40; 15; 68;0
2.8762030423700e-04; 40; 15; 68;0
2.8763965329200e-04; 40; 15; 68;0
2.8765901423000e-04; 40; 15; 68;0
2.8767836311200e-04; 40; 15; 68;0
2.8769772401700e-04; 40; 15; 68;0
2.8771707299700e-04; 40; 15; 68;0
2.8773643402200e-04; 40; 15; 68;0
2.8775578301400e-04; 40; 15; 68;0
2.8777514387200e-04; 40; 15; 68;0
2.8779449287600e-04; 40; 15; 68;0
2.8781385362900e-04; 40; 15; 68;0
2.8783320272700e-04; 40; 15; 68;0
2.8785256354100e-04; 40; 15; 68;0
2.8787191240700e-04; 40; 15; 68;0
2.8789127326700e-04; 40; 15; 68;0
2.8791062223300e-04; 40; 15; 68;0
2.8792998326800e-04; 40; 15; 68;0
2.8794610634200e-04; 40; 15; 68;0
2.8796546691700e-04; 40; 15; 67;0
2.8798481560900e-04; 40; 15; 67;0
2.8800417656300e-04; 40; 15; 67;0
2.8802352501800e-04; 40; 15; 67;0
2.8804288568500e-04; 40; 15; 67;0
2.8806223439000e-04; 40; 15; 67;0
2.8808159502400e-04; 40; 15; 67;0
2.8810094351500e-04; 40; 15; 67;0
2.8812030421700e-04; 40; 15; 67;0
2.8813965284300e-04; 40; 15; 67;0
2.8815901357900e-04; 40; 15; 67;0
2.8817836224700e-04; 40; 15; 67;0
2.8819772273300e-04; 40; 15; 67;0
2.8821707122800e-04; 40; 15; 67;0
2.8823643191300e-04; 40; 15; 67;0
2.8825578067300e-04; 40; 15; 67;0
2.8827514124300e-04; 40; 15; 67;0
2.8829448985600e-04; 40; 15; 67;0
2.8831385050100e-04; 40; 15; 67;0
2.8833319922100e-04; 40; 15; 67;0
2.8835255999900e-04; 40; 15; 67;0
2.8837190860500e-04; 40; 15; 67;0
2.8839126926600e-04; 40; 15; 67;0
2.8841061802400e-04; 40; 15; 67;0
2.8842997869000e-04; 40; 15; 67;0
2.8844610167600e-04; 40; 15; 67;0
2.8846546269500e-04; 40; 15; 68;0
2.8848481149800e-04; 40; 15; 68;0
2.8850417234300e-04; 40; 15; 68;0
2.8852352121000e-04; 40; 15; 68;0
2.8854288216700e-04; 40; 15; 68;0
2.8856223111100e-04; 40; 15; 68;0
2.8858159199800e-04; 40; 15; 68;0
2.8860094095800e-04; 40; 15; 68;0
2.8862030200700e-04; 40; 15; 68;0
2.8863965088100e-04; 40; 15; 68;0
2.8865901173100e-04; 40; 15; 68;0
2.8867836068200e-04; 40; 15; 68;0
2.8869772155900e-04; 40; 15; 68;0
2.8871707055800e-04; 40; 15; 68;0
2.8873643157800e-04; 40; 15; 68;0
2.8875578035500e-04; 40; 15; 68;0
2.8877514139500e-04; 40; 15; 68;0
2.8879449026200e-04; 40; 15; 68;0
2.8881385113700e-04; 40; 15; 68;0
2.8883319997000e-04; 40; 15; 68;0
2.8885256090500e-04; 40; 15; 68;0
2.8887190976700e-04; 40; 15; 68;0
2.8889127065400e-04; 40; 15; 68;0
2.8891061963700e-04; 40; 15; 68;0
2.8892998047700e-04; 40; 15; 68;0
2.8894610356500e-04; 40; 15; 68;0
2.8896546443300e-04; 40; 15; 68;0
2.8898481332100e-04; 40; 15; 68;0
2.8900417429200e-04; 40; 15; 68;0
2.8902352333900e-04; 40; 15; 68;0
2.8904288419100e-04; 40; 15; 68;0
2.8906223299200e-04; 40; 15; 68;0
2.8908159398800e-04; 40; 15; 68;0
2.8910094285100e-04; 40; 15; 68;0
2.8912030385500e-04; 40; 15; 68;0
2.8913965267300e-04; 40; 15; 68;0
2.8915901373200e-04; 40; 15; 68;0
2.8917836276500e-04; 40; 15; 68;0
2.8919772376700e-04; 40; 15; 68;0
2.8921707263200e-04; 40; 15; 68;0
2.8923643361000e-04; 40; 15; 68;0
2.8925578255500e-04; 40; 15; 68;0
2.8927514324700e-04; 40; 15; 68;0
2.8929449215100e-04; 40; 15; 68;0
2.8931385313300e-04; 40; 15; 68;0
2.8933320199300e-04; 40; 15; 68;0
2.8935256285100e-04; 40; 15; 68;0
2.8937191174600e-04; 40; 15; 68;0
2.8939127273300e-04; 40; 15; 68;0
2.8941062169400e-04; 40; 15; 68;0
2.8942998243000e-04; 40; 15; 68;0
2.8944610567800e-04; 40; 15; 68;0
2.8946546654800e-04; 40; 15; 68;0
2.8948481535000e-04; 40; 15; 68;0
2.8950417641200e-04; 40; 15; 68;0
2.8952352530300e-04; 40; 15; 68;0
2.8954288626800e-04; 40; 15; 68;0
2.8956223512000e-04; 40; 15; 68;0
2.8958159597600e-04; 40; 15; 68;0
2.8960094484600e-04; 40; 15; 68;0
2.8962030563800e-04; 40; 15; 68;0
2.8963965462400e-04; 40; 15; 68;0
2.8965901526700e-04; 40; 15; 67;0
2.8967836389100e-04; 40; 15; 67;0
2.8969772454300e-04; 40; 15; 67;0
2.8971707318400e-04; 40; 15; 67;0
2.8973643387100e-04; 40; 15; 67;0
2.8975578258700e-04; 40; 15; 67;0
2.8977514331100e-04; 40; 15; 67;0
2.8979449194600e-04; 40; 15; 67;0
2.8981385263400e-04; 40; 15; 67;0
2.8983320138100e-04; 40; 15; 67;0
2.8985256199400e-04; 40; 15; 67;0
2.8987191068500e-04; 40; 15; 67;0
2.8989127147500e-04; 40; 15; 67;0
2.8991062007100e-04; 40; 15; 67;0
2.8992998080100e-04; 40; 15; 67;0
2.8994610383300e-04; 40; 15; 67;0
2.8996546444400e-04; 40; 15; 67;0
2.8998481305000e-04; 40; 15; 67;0
2.9000417373100e-04; 40; 15; 67;0
2.9002352239200e-04; 40; 15; 67;0
2.9004288305900e-04; 40; 15; 67;0
2.9006223177500e-04; 40; 15; 67;0
2.9008159281600e-04; 40; 15; 68;0
2.9010094167700e-04; 40; 15; 68;0
2.9012030263100e-04; 40; 15; 68;0
2.9013965145100e-04; 40; 15; 68;0
2.9015901220900e-04; 40; 15; 68;0
2.9017836146000e-04; 40; 15; 68;0
2.9019772221200e-04; 40; 15; 68;0
2.9021707117000e-04; 40; 15; 68;0
2.9023643215700e-04; 40; 15; 68;0
2.9025578121100e-04; 40; 15; 68;0
2.9027514194800e-04; 40; 15; 68;0
2.9029449086600e-04; 40; 15; 68;0
2.9031385180400e-04; 40; 15; 68;0
2.9033320086200e-04; 40; 15; 68;0
2.9035256171500e-04; 40; 15; 68;0
2.9037191060800e-04; 40; 15; 68;0
2.9039127164100e-04; 40; 15; 68;0
2.9041062039900e-04; 40; 15; 68;0
2.9042998131500e-04; 40; 15; 68;0
2.9044610439000e-04; 40; 15; 68;0
2.9046546542000e-04; 40; 15; 68;0
2.9048481429300e-04; 40; 15; 68;0
2.9050417530700e-04; 40; 15; 68;0
2.9052352431300e-04; 40; 15; 68;0
2.9054288516300e-04; 40; 15; 68;0
2.9056223408900e-04; 40; 15; 68;0
2.9058159479600e-04; 40; 15; 67;0
2.9060094344200e-04; 40; 15; 67;0
2.9062030429600e-04; 40; 15; 68;0
2.9063965315300e-04; 40; 15; 68;0
2.9065901397200e-04; 40; 15; 68;0
2.9067836303000e-04; 40; 15; 68;0
2.9069772395700e-04; 40; 15; 68;0
2.9071707300300e-04; 40; 15; 68;0
2.9073643380600e-04; 40; 15; 68;0
2.9075578276700e-04; 40; 15; 68;0
2.9077514362500e-04; 40; 15; 68;0
2.9079449259100e-04; 40; 15; 68;0
2.9081385356400e-04; 40; 15; 68;0
2.9083320259900e-04; 40; 15; 68;0
2.9085256343700e-04; 40; 15; 68;0
2.9087191222500e-04; 40; 15; 68;0
2.9089127310700e-04; 40; 15; 68;0
2.9091062209900e-04; 40; 15; 68;0
2.9092998284200e-04; 40; 15; 68;0
2.9094610607900e-04; 40; 15; 68;0
2.9096546659400e-04; 40; 15; 67;0
2.9098481534500e-04; 40; 15; 67;0
2.9100417611700e-04; 40; 15; 67;0
2.9102352471100e-04; 40; 15; 67;0
2.9104288532500e-04; 40; 15; 67;0
2.9106223417000e-04; 40; 15; 67;0
2.9108159477200e-04; 40; 15; 67;0
2.9110094337000e-04; 40; 15; 67;0
2.9112030389400e-04; 40; 15; 67;0
2.9113965261300e-04; 40; 15; 67;0
2.9115901343400e-04; 40; 15; 67;0
2.9117836212700e-04; 40; 15; 67;0
2.9119772293200e-04; 40; 15; 67;0
2.9121707169200e-04; 40; 15; 67;0
2.9123643221100e-04; 40; 15; 67;0
2.9125578085100e-04; 40; 15; 67;0
2.9127514158500e-04; 40; 15; 67;0
2.9129449026900e-04; 40; 15; 67;0
2.9131385085800e-04; 40; 15; 67;0
2.9133319949700e-04; 40; 15; 67;0
2.9135256005000e-04; 40; 15; 67;0
2.9137190860700e-04; 40; 15; 67;0
2.9139126924800e-04; 40; 15; 67;0
2.9141061785300e-04; 40; 15; 67;0
2.9142997865800e-04; 40; 15; 67;0
2.9144610148100e-04; 40; 15; 67;0
2.9146546215000e-04; 40; 15; 67;0
2.9148481091200e-04; 40; 15; 67;0
2.9150417148900e-04; 40; 15; 67;0
2.9152352010900e-04; 40; 15; 67;0
2.9154288107100e-04; 40; 15; 68;0
2.9156222996200e-04; 40; 15; 68;0
2.9158159096400e-04; 40; 15; 68;0
2.9160093993700e-04; 40; 15; 68;0
2.9162030077100e-04; 40; 15; 68;0
2.9163964958300e-04; 40; 15; 68;0
2.9165901052400e-04; 40; 15; 68;0
2.9167835944300e-04; 40; 15; 68;0
2.9169772047500e-04; 40; 15; 68;0
2.9171706922900e-04; 40; 15; 68;0
2.9173643026700e-04; 40; 15; 68;0
2.9175577924200e-04; 40; 15; 68;0
2.9177514029400e-04; 40; 15; 68;0
2.9179448930300e-04; 40; 15; 68;0
2.9181385018400e-04; 40; 15; 68;0
2.9183319920600e-04; 40; 15; 68;0
2.9185256024200e-04; 40; 15; 68;0
2.9187190908300e-04; 40; 15; 68;0
2.9189127015900e-04; 40; 15; 68;0
2.9191061919000e-04; 40; 15; 68;0
2.9192997999800e-04; 40; 15; 68;0
2.9194610316000e-04; 40; 15; 68;0
2.9196546405100e-04; 40; 15; 68;0
2.9198481281000e-04; 40; 15; 68;0
2.9200417370400e-04; 40; 15; 68;0
2.9202352254900e-04; 40; 15; 68;0
2.9204288349400e-04; 40; 15; 68;0
2.9206223238500e-04; 40; 15; 68;0
2.9208159330400e-04; 40; 15; 68;0
2.9210094219700e-04; 40; 15; 68;0
2.9212030315000e-04; 40; 15; 68;0
2.9213965212000e-04; 40; 15; 68;0
2.9215901298900e-04; 40; 15; 68;0
2.9217836184500e-04; 40; 15; 68;0
2.9219772283700e-04; 40; 15; 68;0
2.9221707174100e-04; 40; 15; 68;0
2.9223643231700e-04; 40; 15; 67;0
2.9225578108700e-04; 40; 15; 67;0
2.9227514169400e-04; 40; 15; 67;0
2.9229449029900e-04; 40; 15; 67;0
2.9231385099000e-04; 40; 15; 67;0
2.9233319990800e-04; 40; 15; 67;0
2.9235256037400e-04; 40; 15; 67;0
2.9237190892300e-04; 40; 15; 67;0
2.9239126984900e-04; 40; 15; 68;0
2.9241061868100e-04; 40; 15; 68;0
2.9242997962300e-04; 40; 15; 68;0
2.9244610261200e-04; 40; 15; 68;0
2.9246546360600e-04; 40; 15; 68;0
2.9248481249900e-04; 40; 15; 68;0
2.9250417338300e-04; 40; 15; 68;0
2.9252352226400e-04; 40; 15; 68;0
2.9254288286300e-04; 40; 15; 67;0
2.9256223164600e-04; 40; 15; 67;0
2.9258159219300e-04; 40; 15; 67;0
2.9260094089100e-04; 40; 15; 67;0
2.9262030181900e-04; 40; 15; 68;0
2.9263965080700e-04; 40; 15; 68;0
2.9265901175500e-04; 40; 15; 68;0
2.9267836051400e-04; 40; 15; 68;0
2.9269772126500e-04; 40; 15; 68;0
2.9271707013400e-04; 40; 15; 68;0
2.9273643095500e-04; 40; 15; 68;0
2.9275577997200e-04; 40; 15; 68;0
2.9277514077500e-04; 40; 15; 68;0
2.9279448987300e-04; 40; 15; 68;0
2.9281385072600e-04; 40; 15; 68;0
2.9283319959600e-04; 40; 15; 68;0
2.9285256047800e-04; 40; 15; 68;0
2.9287190942100e-04; 40; 15; 68;0
2.9289127020100e-04; 40; 15; 68;0
2.9291061913000e-04; 40; 15; 68;0
2.9292998001100e-04; 40; 15; 68;0
2.9294610321300e-04; 40; 15; 68;0
2.9296546403200e-04; 40; 15; 68;0
2.9298481302000e-04; 40; 15; 68;0
2.9300417395100e-04; 40; 15; 68;0
2.9302352284600e-04; 40; 15; 68;0
2.9304288368400e-04; 40; 15; 68;0
2.9306223257900e-04; 40; 15; 68;0
2.9308159361200e-04; 40; 15; 68;0
2.9310094259100e-04; 40; 15; 68;0
2.9312030351100e-04; 40; 15; 68;0
2.9313965234400e-04; 40; 15; 68;0
2.9315901337100e-04; 40; 15; 68;0
2.9317836214800e-04; 40; 15; 68;0
2.9319772298800e-04; 40; 15; 68;0
2.9321707191800e-04; 40; 15; 68;0
2.9323643302200e-04; 40; 15; 68;0
2.9325578176300e-04; 40; 15; 68;0
2.9327514265100e-04; 40; 15; 68;0
2.9329449133300e-04; 40; 15; 68;0
2.9331385222800e-04; 40; 15; 68;0
2.9333320127200e-04; 40; 15; 68;0
2.9335256226200e-04; 40; 15; 68;0
2.9337191107300e-04; 40; 15; 68;0
2.9339127190400e-04; 40; 15; 68;0
2.9341062086900e-04; 40; 15; 68;0
2.9342998183500e-04; 40; 15; 68;0
2.9344610494200e-04; 40; 15; 68;0
2.9346546569500e-04; 40; 15; 68;0
2.9348481472400e-04; 40; 15; 68;0
2.9350417576500e-04; 40; 15; 68;0
2.9352352485600e-04; 40; 15; 68;0
2.9354288578700e-04; 40; 15; 68;0
2.9356223452700e-04; 40; 15; 68;0
2.9358159552200e-04; 40; 15; 68;0
2.9360094440800e-04; 40; 15; 68;0
2.9362030526200e-04; 40; 15; 68;0
2.9363965410400e-04; 40; 15; 68;0
2.9365901505400e-04; 40; 15; 68;0
2.9367836413200e-04; 40; 15; 68;0
2.9369772508300e-04; 40; 15; 68;0
2.9371707397300e-04; 40; 15; 68;0
2.9373643493500e-04; 40; 15; 68;0
2.9375578378700e-04; 40; 15; 68;0
2.9377514471800e-04; 40; 15; 68;0
2.9379449363800e-04; 40; 15; 68;0
2.9381385444300e-04; 40; 15; 67;0
2.9383320294500e-04; 40; 15; 67;0
2.9385256363100e-04; 40; 15; 67;0
2.9387191216500e-04; 40; 15; 67;0
2.9389127275600e-04; 40; 15; 67;0
2.9391062138900e-04; 40; 15; 67;0
2.9392998201700e-04; 40; 15; 67;0
2.9394610483700e-04; 40; 15; 67;0
2.9396546553700e-04; 40; 15; 67;0
2.9398481423800e-04; 40; 15; 67;0
2.9400417494300e-04; 40; 15; 67;0
2.9402352358900e-04; 40; 15; 67;0
2.9404288436600e-04; 40; 15; 67;0
2.9406223311700e-04; 40; 15; 67;0
2.9408159360200e-04; 40; 15; 67;0
2.9410094227100e-04; 40; 15; 67;0
2.9412030287800e-04; 40; 15; 67;0
2.9413965160400e-04; 40; 15; 67;0
2.9415901237500e-04; 40; 15; 68;0
2.9417836122700e-04; 40; 15; 68;0
2.9419772211400e-04; 40; 15; 68;0
2.9421707100000e-04; 40; 15; 68;0
2.9423643202800e-04; 40; 15; 68;0
2.9425578109600e-04; 40; 15; 68;0
2.9427514185700e-04; 40; 15; 67;0
2.9429449048100e-04; 40; 15; 67;0
2.9431385114600e-04; 40; 15; 67;0
2.9433319975100e-04; 40; 15; 67;0
2.9435256036400e-04; 40; 15; 67;0
2.9437190902400e-04; 40; 15; 67;0
2.9439126985700e-04; 40; 15; 68;0
2.9441061863100e-04; 40; 15; 68;0
2.9442997961100e-04; 40; 15; 68;0
2.9444610266000e-04; 40; 15; 68;0
2.9446546363800e-04; 40; 15; 68;0
2.9448481256100e-04; 40; 15; 68;0
2.9450417354300e-04; 40; 15; 68;0
2.9452352231500e-04; 40; 15; 68;0
2.9454288343000e-04; 40; 15; 68;0
2.9456223234100e-04; 40; 15; 68;0
2.9458159324700e-04; 40; 15; 68;0
2.9460094222100e-04; 40; 15; 68;0
2.9462030302300e-04; 40; 15; 68;0
2.9463965195100e-04; 40; 15; 68;0
2.9465901292300e-04; 40; 15; 68;0
2.9467836193800e-04; 40; 15; 68;0
2.9469772271200e-04; 40; 15; 68;0
2.9471707164200e-04; 40; 15; 68;0
2.9473643241900e-04; 40; 15; 68;0
2.9475578151100e-04; 40; 15; 68;0
2.9477514245700e-04; 40; 15; 68;0
2.9479449138200e-04; 40; 15; 68;0
2.9481385202300e-04; 40; 15; 67;0
2.9483320085100e-04; 40; 15; 67;0
2.9485256178200e-04; 40; 15; 68;0
2.9487191084700e-04; 40; 15; 68;0
2.9489127177500e-04; 40; 15; 68;0
2.9491062058000e-04; 40; 15; 68;0
2.9492998149500e-04; 40; 15; 68;0
2.9494610449200e-04; 40; 15; 68;0
2.9496546550200e-04; 40; 15; 68;0
2.9498481456800e-04; 40; 15; 68;0
2.9500417548100e-04; 40; 15; 68;0
2.9502352430600e-04; 40; 15; 68;0
2.9504288521500e-04; 40; 15; 68;0
2.9506223401800e-04; 40; 15; 68;0
2.9508159494000e-04; 40; 15; 68;0
2.9510094381700e-04; 40; 15; 68;0
2.9512030480200e-04; 40; 15; 68;0
2.9513965371100e-04; 40; 15; 68;0
2.9515901464500e-04; 40; 15; 68;0
2.9517836371800e-04; 40; 15; 68;0
2.9519772459200e-04; 40; 15; 68;0
2.9521707345600e-04; 40; 15; 68;0
2.9523643424200e-04; 40; 15; 67;0
2.9525578269900e-04; 40; 15; 67;0
2.9527514344500e-04; 40; 15; 67;0
2.9529449222400e-04; 40; 15; 67;0
2.9531385282500e-04; 40; 15; 67;0
2.9533320130500e-04; 40; 15; 67;0
2.9535256207400e-04; 40; 15; 67;0
2.9537191070600e-04; 40; 15; 67;0
2.9539127126400e-04; 40; 15; 67;0
2.9541061999000e-04; 40; 15; 67;0
2.9542998074400e-04; 40; 15; 67;0
2.9544610360500e-04; 40; 15; 67;0
2.9546546426000e-04; 40; 15; 67;0
2.9548481302600e-04; 40; 15; 67;0
2.9550417357900e-04; 40; 15; 67;0
2.9552352210300e-04; 40; 15; 67;0
2.9554288282100e-04; 40; 15; 67;0
2.9556223142400e-04; 40; 15; 67;0
2.9558159203600e-04; 40; 15; 67;0
2.9560094081800e-04; 40; 15; 67;0
2.9562030133300e-04; 40; 15; 67;0
2.9563965021000e-04; 40; 15; 67;0
2.9565901100300e-04; 40; 15; 68;0
2.9567836000300e-04; 40; 15; 68;0
2.9569772089500e-04; 40; 15; 68;0
2.9571706979400e-04; 40; 15; 68;0
2.9573643074700e-04; 40; 15; 68;0
2.9575577964500e-04; 40; 15; 68;0
2.9577514061300e-04; 40; 15; 68;0
2.9579448959900e-04; 40; 15; 68;0
2.9581385034300e-04; 40; 15; 68;0
2.9583319934300e-04; 40; 15; 68;0
2.9585256016200e-04; 40; 15; 68;0
2.9587190906300e-04; 40; 15; 68;0
2.9589127003900e-04; 40; 15; 68;0
2.9591061893400e-04; 40; 15; 68;0
2.9592997988200e-04; 40; 15; 68;0
2.9594610294900e-04; 40; 15; 68;0
2.9596546384900e-04; 40; 15; 68;0
2.9598481273800e-04; 40; 15; 68;0
2.9600417362200e-04; 40; 15; 68;0
2.9602352252600e-04; 40; 15; 68;0
2.9604288340300e-04; 40; 15; 68;0
2.9606223239500e-04; 40; 15; 68;0
2.9608159331900e-04; 40; 15; 68;0
2.9610094204900e-04; 40; 15; 68;0
2.9612030283400e-04; 40; 15; 68;0
2.9613965183900e-04; 40; 15; 68;0
2.9615901279200e-04; 40; 15; 68;0
2.9617836179300e-04; 40; 15; 68;0
2.9619772250900e-04; 40; 15; 68;0
2.9621707132000e-04; 40; 15; 68;0
2.9623643215400e-04; 40; 15; 68;0
2.9625578104000e-04; 40; 15; 68;0
2.9627514189200e-04; 40; 15; 68;0
2.9629449078000e-04; 40; 15; 68;0
2.9631385175300e-04; 40; 15; 68;0
2.9633320067300e-04; 40; 15; 68;0
2.9635256149400e-04; 40; 15; 68;0
2.9637191038200e-04; 40; 15; 68;0
2.9639127143600e-04; 40; 15; 68;0
2.9641062022200e-04; 40; 15; 68;0
2.9642998124400e-04; 40; 15; 68;0
2.9644610436700e-04; 40; 15; 68;0
2.9646546508100e-04; 40; 15; 68;0
2.9648481395200e-04; 40; 15; 68;0
2.9650417501200e-04; 40; 15; 68;0
2.9652352395500e-04; 40; 15; 68;0
2.9654288479500e-04; 40; 15; 68;0
2.9656223365300e-04; 40; 15; 68;0
2.9658159421800e-04; 40; 15; 67;0
2.9660094300500e-04; 40; 15; 67;0
2.9662030369100e-04; 40; 15; 67;0
2.9663965236300e-04; 40; 15; 67;0
2.9665901310000e-04; 40; 15; 67;0
2.9667836173400e-04; 40; 15; 67;0
2.9669772278800e-04; 40; 15; 68;0
2.9671707161200e-04; 40; 15; 68;0
2.9673643268900e-04; 40; 15; 68;0
2.9675578172500e-04; 40; 15; 68;0
2.9677514268800e-04; 40; 15; 68;0
2.9679449154800e-04; 40; 15; 68;0
2.9681385262700e-04; 40; 15; 68;0
2.9683320151700e-04; 40; 15; 68;0
2.9685256222000e-04; 40; 15; 67;0
2.9687191089100e-04; 40; 15; 67;0
2.9689127141800e-04; 40; 15; 67;0
2.9691062005300e-04; 40; 15; 67;0
2.9692998076900e-04; 40; 15; 67;0
2.9694610362200e-04; 40; 15; 67;0
2.9696546457000e-04; 40; 15; 68;0
2.9698481350200e-04; 40; 15; 68;0
2.9700417451100e-04; 40; 15; 68;0
2.9702352336200e-04; 40; 15; 68;0
2.9704288435800e-04; 40; 15; 68;0
2.9706223324400e-04; 40; 15; 68;0
2.9708159422000e-04; 40; 15; 68;0
2.9710094311000e-04; 40; 15; 68;0
2.9712030397900e-04; 40; 15; 68;0
2.9713965306300e-04; 40; 15; 68;0
2.9715901416300e-04; 40; 15; 68;0
2.9717836303000e-04; 40; 15; 68;0
2.9719772391300e-04; 40; 15; 68;0
2.9721707291400e-04; 40; 15; 68;0
2.9723643382400e-04; 40; 15; 68;0
2.9725578274100e-04; 40; 15; 68;0
2.9727514373100e-04; 40; 15; 68;0
2.9729449263500e-04; 40; 15; 68;0
2.9731385338300e-04; 40; 15; 68;0
2.9733320245700e-04; 40; 15; 68;0
2.9735256332600e-04; 40; 15; 68;0
2.9737191211700e-04; 40; 15; 68;0
2.9739127277100e-04; 40; 15; 67;0
2.9741062139200e-04; 40; 15; 67;0
2.9742998219000e-04; 40; 15; 67;0
2.9744610495400e-04; 40; 15; 67;0
2.9746546553800e-04; 40; 15; 67;0
2.9748481429700e-04; 40; 15; 67;0
2.9750417487200e-04; 40; 15; 67;0
2.9752352342500e-04; 40; 15; 67;0
2.9754288412100e-04; 40; 15; 67;0
2.9756223279600e-04; 40; 15; 67;0
2.9758159350900e-04; 40; 15; 67;0
2.9760094223300e-04; 40; 15; 67;0
2.9762030297900e-04; 40; 15; 67;0
2.9763965160200e-04; 40; 15; 67;0
2.9765901249200e-04; 40; 15; 68;0
2.9767836155900e-04; 40; 15; 68;0
2.9769772254900e-04; 40; 15; 68;0
2.9771707130800e-04; 40; 15; 68;0
2.9773643214500e-04; 40; 15; 68;0
2.9775578111600e-04; 40; 15; 68;0
2.9777514204600e-04; 40; 15; 68;0
2.9779449100700e-04; 40; 15; 68;0
2.9781385181800e-04; 40; 15; 68;0
2.9783320076100e-04; 40; 15; 68;0
2.9785256172000e-04; 40; 15; 68;0
2.9787191068000e-04; 40; 15; 68;0
2.9789127151700e-04; 40; 15; 68;0
2.9791062030000e-04; 40; 15; 68;0
2.9792998112200e-04; 40; 15; 68;0
2.9794610427500e-04; 40; 15; 68;0
2.9796546534900e-04; 40; 15; 68;0
2.9798481432400e-04; 40; 15; 68;0
2.9800417516300e-04; 40; 15; 68;0
2.9802352409300e-04; 40; 15; 68;0
2.9804288502200e-04; 40; 15; 68;0
2.9806223398600e-04; 40; 15; 68;0
2.9808159507700e-04; 40; 15; 68;0
2.9810094397500e-04; 40; 15; 68;0
2.9812030484200e-04; 40; 15; 68;0
2.9813965365400e-04; 40; 15; 68;0
2.9815901463200e-04; 40; 15; 68;0
2.9817836356400e-04; 40; 15; 68;0
2.9819772446300e-04; 40; 15; 68;0
2.9821707341300e-04; 40; 15; 68;0
2.9823643432400e-04; 40; 15; 68;0
2.9825578327700e-04; 40; 15; 68;0
2.9827514401200e-04; 40; 15; 68;0
2.9829449308400e-04; 40; 15; 68;0
2.9831385365800e-04; 40; 15; 67;0
2.9833320237200e-04; 40; 15; 67;0
2.9835256300900e-04; 40; 15; 67;0
2.9837191150400e-04; 40; 15; 67;0
2.9839127206700e-04; 40; 15; 67;0
2.9841062070100e-04; 40; 15; 67;0
2.9842998121000e-04; 40; 15; 67;0
2.9844610403400e-04; 40; 15; 67;0
2.9846546460500e-04; 40; 15; 67;0
2.9848481329100e-04; 40; 15; 67;0
2.9850417400600e-04; 40; 15; 67;0
2.9852352272600e-04; 40; 15; 67;0
2.9854288328700e-04; 40; 15; 67;0
2.9856223210800e-04; 40; 15; 67;0
2.9858159272600e-04; 40; 15; 67;0
2.9860094150600e-04; 40; 15; 67;0
2.9862030221600e-04; 40; 15; 67;0
2.9863965081600e-04; 40; 15; 67;0
2.9865901182800e-04; 40; 15; 68;0
2.9867836086900e-04; 40; 15; 68;0
2.9869772192200e-04; 40; 15; 68;0
2.9871707076400e-04; 40; 15; 68;0
2.9873643151300e-04; 40; 15; 68;0
2.9875578049600e-04; 40; 15; 68;0
2.9877514136000e-04; 40; 15; 68;0
2.9879449010900e-04; 40; 15; 68;0
2.9881385091200e-04; 40; 15; 68;0
2.9883319984900e-04; 40; 15; 68;0
2.9885256085900e-04; 40; 15; 68;0
2.9887190993800e-04; 40; 15; 68;0
2.9889127083800e-04; 40; 15; 68;0
2.9891061991100e-04; 40; 15; 68;0
2.9892998082700e-04; 40; 15; 68;0
2.9894610387800e-04; 40; 15; 68;0
2.9896546484100e-04; 40; 15; 68;0
2.9898481373700e-04; 40; 15; 68;0
2.9900417469600e-04; 40; 15; 68;0
2.9902352355900e-04; 40; 15; 68;0
2.9904288454200e-04; 40; 15; 68;0
2.9906223342100e-04; 40; 15; 68;0
2.9908159439500e-04; 40; 15; 68;0
2.9910094338400e-04; 40; 15; 68;0
2.9912030431600e-04; 40; 15; 68;0
2.9913965315000e-04; 40; 15; 68;0
2.9915901402600e-04; 40; 15; 68;0
2.9917836275900e-04; 40; 15; 68;0
2.9919772367200e-04; 40; 15; 68;0
2.9921707262600e-04; 40; 15; 68;0
2.9923643356200e-04; 40; 15; 68;0
2.9925578225200e-04; 40; 15; 68;0
2.9927514314800e-04; 40; 15; 68;0
2.9929449220800e-04; 40; 15; 68;0
2.9931385306600e-04; 40; 15; 68;0
2.9933320212900e-04; 40; 15; 68;0
2.9935256285600e-04; 40; 15; 68;0
2.9937191190200e-04; 40; 15; 68;0
2.9939127272400e-04; 40; 15; 68;0
2.9941062156100e-04; 40; 15; 68;0
2.9942998231800e-04; 40; 15; 67;0
2.9944610503200e-04; 40; 15; 67;0
2.9946546570600e-04; 40; 15; 67;0
2.9948481428700e-04; 40; 15; 67;0
2.9950417500300e-04; 40; 15; 67;0
2.9952352362400e-04; 40; 15; 67;0
2.9954288427100e-04; 40; 15; 67;0
2.9956223310800e-04; 40; 15; 67;0
2.9958159368800e-04; 40; 15; 67;0
2.9960094255800e-04; 40; 15; 67;0
2.9962030315800e-04; 40; 15; 67;0
2.9963965172500e-04; 40; 15; 67;0
2.9965901225900e-04; 40; 15; 67;0
2.9967836081200e-04; 40; 15; 67;0
2.9969772148600e-04; 40; 15; 67;0
2.9971707026200e-04; 40; 15; 67;0
2.9973643092000e-04; 40; 15; 67;0
2.9975577973300e-04; 40; 15; 67;0
2.9977514027100e-04; 40; 15; 67;0
2.9979448903800e-04; 40; 15; 67;0
2.9981384957300e-04; 40; 15; 67;0
2.9983319824000e-04; 40; 15; 67;0
2.9985255878300e-04; 40; 15; 67;0
2.9987190749600e-04; 40; 15; 67;0
2.9989126851600e-04; 40; 15; 68;0
2.9991061736900e-04; 40; 15; 68;0
2.9992997822300e-04; 40; 15; 68;0
2.9994610137600e-04; 40; 15; 68;0
2.9996546224300e-04; 40; 15; 68;0
2.9998481111300e-04; 40; 15; 68;0
3.0000417193700e-04; 40; 15; 68;0
3.0002352078600e-04; 40; 15; 68;0
3.0004288177300e-04; 40; 15; 68;0
3.0006223070300e-04; 40; 15; 68;0
3.0008159165200e-04; 40; 15; 68;0
3.0010094051200e-04; 40; 15; 68;0
3.0012030143400e-04; 40; 15; 68;0
3.0013965025300e-04; 40; 15; 68;0
3.0015901133700e-04; 40; 15; 68;0
3.0017836028500e-04; 40; 15; 68;0
3.0019772121500e-04; 40; 15; 68;0
3.0021707017300e-04; 40; 15; 68;0
3.0023643097100e-04; 40; 15; 68;0
3.0025577990700e-04; 40; 15; 68;0
3.0027514075200e-04; 40; 15; 68;0
3.0029448970600e-04; 40; 15; 68;0
3.0031385057200e-04; 40; 15; 68;0
3.0033319965600e-04; 40; 15; 68;0
3.0035256049200e-04; 40; 15; 68;0
3.0037190935500e-04; 40; 15; 68;0
3.0039127016200e-04; 40; 15; 68;0
3.0041061903200e-04; 40; 15; 68;0
3.0042997991700e-04; 40; 15; 68;0
3.0044610293400e-04; 40; 15; 68;0
3.0046546382300e-04; 40; 15; 68;0
3.0048481264800e-04; 40; 15; 68;0
3.0050417358600e-04; 40; 15; 68;0
3.0052352252900e-04; 40; 15; 68;0
3.0054288358000e-04; 40; 15; 68;0
3.0056223236400e-04; 40; 15; 68;0
3.0058159327500e-04; 40; 15; 68;0
3.0060094234000e-04; 40; 15; 68;0
3.0062030311900e-04; 40; 15; 68;0
3.0063965211100e-04; 40; 15; 68;0
3.0065901293800e-04; 40; 15; 68;0
3.0067836184400e-04; 40; 15; 68;0
3.0069772278300e-04; 40; 15; 68;0
3.0071707159100e-04; 40; 15; 68;0
3.0073643250200e-04; 40; 15; 68;0
3.0075578139700e-04; 40; 15; 68;0
3.0077514228800e-04; 40; 15; 68;0
3.0079449123600e-04; 40; 15; 68;0
3.0081385206900e-04; 40; 15; 68;0
3.0083320093000e-04; 40; 15; 68;0
3.0085256187700e-04; 40; 15; 68;0
3.0087191076100e-04; 40; 15; 68;0
3.0089127172200e-04; 40; 15; 68;0
3.0091062058000e-04; 40; 15; 68;0
3.0092998146800e-04; 40; 15; 68;0
3.0094610454400e-04; 40; 15; 68;0
3.0096546540700e-04; 40; 15; 68;0
3.0098481439200e-04; 40; 15; 68;0
3.0100417523500e-04; 40; 15; 68;0
3.0102352396300e-04; 40; 15; 68;0
3.0104288494100e-04; 40; 15; 68;0
3.0106223386000e-04; 40; 15; 68;0
3.0108159474600e-04; 40; 15; 68;0
3.0110094374300e-04; 40; 15; 68;0
3.0112030463600e-04; 40; 15; 68;0
3.0113965353100e-04; 40; 15; 68;0
3.0115901444800e-04; 40; 15; 68;0
3.0117836341900e-04; 40; 15; 68;0
3.0119772440700e-04; 40; 15; 68;0
3.0121707332400e-04; 40; 15; 68;0
3.0123643413900e-04; 40; 15; 68;0
3.0125578304200e-04; 40; 15; 68;0
3.0127514361500e-04; 40; 15; 67;0
3.0129449240400e-04; 40; 15; 67;0
3.0131385314800e-04; 40; 15; 67;0
3.0133320182400e-04; 40; 15; 67;0
3.0135256251500e-04; 40; 15; 67;0
3.0137191130700e-04; 40; 15; 67;0
3.0139127199700e-04; 40; 15; 67;0
3.0141062067900e-04; 40; 15; 67;0
3.0142998137200e-04; 40; 15; 67;0
3.0144610417400e-04; 40; 15; 67;0
3.0146546478300e-04; 40; 15; 67;0
3.0148481349800e-04; 40; 15; 67;0
3.0150417412100e-04; 40; 15; 67;0
3.0152352294600e-04; 40; 15; 67;0
3.0154288352200e-04; 40; 15; 67;0
3.0156223225200e-04; 40; 15; 67;0
3.0158159261000e-04; 40; 15; 67;0
3.0160094130800e-04; 40; 15; 67;0
3.0162030200900e-04; 40; 15; 67;0
3.0163965074900e-04; 40; 15; 67;0
3.0165901163700e-04; 40; 15; 68;0
3.0167836051700e-04; 40; 15; 68;0
3.0169772132400e-04; 40; 15; 68;0
3.0171707029600e-04; 40; 15; 68;0
3.0173643116500e-04; 40; 15; 68;0
3.0175578005100e-04; 40; 15; 68;0
3.0177514111800e-04; 40; 15; 68;0
3.0179449000500e-04; 40; 15; 68;0
3.0181385086000e-04; 40; 15; 68;0
3.0183319981400e-04; 40; 15; 68;0
3.0185256063500e-04; 40; 15; 68;0
3.0187190960200e-04; 40; 15; 68;0
3.0189127041200e-04; 40; 15; 68;0
3.0191061930100e-04; 40; 15; 68;0
3.0192998021100e-04; 40; 15; 68;0
3.0194610312700e-04; 40; 15; 68;0
3.0196546409300e-04; 40; 15; 68;0
3.0198481298500e-04; 40; 15; 68;0
3.0200417397300e-04; 40; 15; 68;0
3.0202352300300e-04; 40; 15; 68;0
3.0204288397700e-04; 40; 15; 68;0
3.0206223286200e-04; 40; 15; 68;0
3.0208159370900e-04; 40; 15; 68;0
3.0210094266700e-04; 40; 15; 68;0
3.0212030346200e-04; 40; 15; 68;0
3.0213965240800e-04; 40; 15; 68;0
3.0215901337900e-04; 40; 15; 68;0
3.0217836230000e-04; 40; 15; 68;0
3.0219772327900e-04; 40; 15; 68;0
3.0221707222300e-04; 40; 15; 68;0
3.0223643307400e-04; 40; 15; 68;0
3.0225578203800e-04; 40; 15; 68;0
3.0227514286500e-04; 40; 15; 68;0
3.0229449192400e-04; 40; 15; 68;0
3.0231385259100e-04; 40; 15; 68;0
3.0233320145100e-04; 40; 15; 68;0
3.0235256241800e-04; 40; 15; 68;0
3.0237191136500e-04; 40; 15; 68;0
3.0239127219600e-04; 40; 15; 68;0
3.0241062101200e-04; 40; 15; 68;0
3.0242998189400e-04; 40; 15; 68;0
3.0244610496700e-04; 40; 15; 68;0
3.0246546587000e-04; 40; 15; 68;0
3.0248481481400e-04; 40; 15; 68;0
3.0250417572300e-04; 40; 15; 68;0
3.0252352456600e-04; 40; 15; 68;0
3.0254288547200e-04; 40; 15; 68;0
3.0256223433600e-04; 40; 15; 68;0
3.0258159522600e-04; 40; 15; 68;0
3.0260094422600e-04; 40; 15; 68;0
3.0262030519300e-04; 40; 15; 68;0
3.0263965408100e-04; 40; 15; 68;0
3.0265901503800e-04; 40; 15; 68;0
3.0267836394700e-04; 40; 15; 68;0
3.0269772499000e-04; 40; 15; 68;0
3.0271707413600e-04; 40; 15; 68;0
3.0273643494400e-04; 40; 15; 68;0
3.0275578392700e-04; 40; 15; 68;0
3.0277514487900e-04; 40; 15; 68;0
3.0279449378900e-04; 40; 15; 68;0
3.0281385470400e-04; 40; 15; 68;0
3.0283320371700e-04; 40; 15; 68;0
3.0285256445700e-04; 40; 15; 68;0
3.0287191344800e-04; 40; 15; 68;0
3.0289127445400e-04; 40; 15; 68;0
3.0291062348300e-04; 40; 15; 68;0
3.0292998411800e-04; 40; 15; 67;0
3.0294610718000e-04; 40; 15; 67;0
3.0296546779200e-04; 40; 15; 67;0
3.0298481652300e-04; 40; 15; 67;0
3.0300417708600e-04; 40; 15; 67;0
3.0302352589200e-04; 40; 15; 67;0
3.0304288639000e-04; 40; 15; 67;0
3.0306223509900e-04; 40; 15; 67;0
3.0308159568400e-04; 40; 15; 67;0
3.0310094428000e-04; 40; 15; 67;0
3.0312030482500e-04; 40; 15; 67;0
3.0313965358200e-04; 40; 15; 67;0
3.0315901431600e-04; 40; 15; 67;0
3.0317836293700e-04; 40; 15; 67;0
3.0319772365000e-04; 40; 15; 67;0
3.0321707239600e-04; 40; 15; 67;0
3.0323643287200e-04; 40; 15; 67;0
3.0325578177900e-04; 40; 15; 67;0
3.0327514223800e-04; 40; 15; 67;0
3.0329449103000e-04; 40; 15; 67;0
3.0331385166900e-04; 40; 15; 67;0
3.0333320045300e-04; 40; 15; 67;0
3.0335256118600e-04; 40; 15; 67;0
3.0337190977600e-04; 40; 15; 67;0
3.0339127039200e-04; 40; 15; 67;0
3.0341061921400e-04; 40; 15; 67;0
3.0342997999900e-04; 40; 15; 68;0
3.0344610301600e-04; 40; 15; 68;0
3.0346546388300e-04; 40; 15; 68;0
3.0348481285100e-04; 40; 15; 68;0
3.0350417383900e-04; 40; 15; 68;0
3.0352352274600e-04; 40; 15; 68;0
3.0354288366400e-04; 40; 15; 68;0
3.0356223259700e-04; 40; 15; 68;0
3.0358159353800e-04; 40; 15; 68;0
3.0360094258700e-04; 40; 15; 68;0
3.0362030338100e-04; 40; 15; 68;0
3.0363965233200e-04; 40; 15; 68;0
3.0365901337000e-04; 40; 15; 68;0
3.0367836219800e-04; 40; 15; 68;0
3.0369772313600e-04; 40; 15; 68;0
3.0371707211000e-04; 40; 15; 68;0
3.0373643295000e-04; 40; 15; 68;0
3.0375578186100e-04; 40; 15; 68;0
3.0377514278400e-04; 40; 15; 68;0
3.0379449172000e-04; 40; 15; 68;0
3.0381385235200e-04; 40; 15; 67;0
3.0383320109600e-04; 40; 15; 67;0
3.0385256194400e-04; 40; 15; 68;0
3.0387191083100e-04; 40; 15; 68;0
3.0389127177500e-04; 40; 15; 68;0
3.0391062074900e-04; 40; 15; 68;0
3.0392998162300e-04; 40; 15; 68;0
3.0394610472600e-04; 40; 15; 68;0
3.0396546562300e-04; 40; 15; 68;0
3.0398481451400e-04; 40; 15; 68;0
3.0400417539500e-04; 40; 15; 68;0
3.0402352432700e-04; 40; 15; 68;0
3.0404288514000e-04; 40; 15; 68;0
3.0406223414100e-04; 40; 15; 68;0
3.0408159499200e-04; 40; 15; 68;0
3.0410094389200e-04; 40; 15; 68;0
3.0412030461300e-04; 40; 15; 67;0
3.0413965334900e-04; 40; 15; 67;0
3.0415901391200e-04; 40; 15; 67;0
3.0417836246200e-04; 40; 15; 67;0
3.0419772304800e-04; 40; 15; 67;0
3.0421707169500e-04; 40; 15; 67;0
3.0423643230000e-04; 40; 15; 67;0
3.0425578097900e-04; 40; 15; 67;0
3.0427514171600e-04; 40; 15; 67;0
3.0429449031400e-04; 40; 15; 67;0
3.0431385113500e-04; 40; 15; 67;0
3.0433319977400e-04; 40; 15; 67;0
3.0435256041100e-04; 40; 15; 67;0
3.0437190914100e-04; 40; 15; 67;0
3.0439126982900e-04; 40; 15; 67;0
3.0441061855600e-04; 40; 15; 67;0
3.0442997906700e-04; 40; 15; 67;0
3.0444610190900e-04; 40; 15; 67;0
3.0446546252900e-04; 40; 15; 67;0
3.0448481118900e-04; 40; 15; 67;0
3.0450417209600e-04; 40; 15; 68;0
3.0452352107000e-04; 40; 15; 68;0
3.0454288198400e-04; 40; 15; 68;0
3.0456223094100e-04; 40; 15; 68;0
3.0458159175300e-04; 40; 15; 68;0
3.0460094080100e-04; 40; 15; 68;0
3.0462030171400e-04; 40; 15; 68;0
3.0463965044800e-04; 40; 15; 68;0
3.0465901136500e-04; 40; 15; 68;0
3.0467836020000e-04; 40; 15; 68;0
3.0469772107300e-04; 40; 15; 68;0
3.0471707007600e-04; 40; 15; 68;0
3.0473643109100e-04; 40; 15; 68;0
3.0475578007900e-04; 40; 15; 68;0
3.0477514085600e-04; 40; 15; 68;0
3.0479448966500e-04; 40; 15; 68;0
3.0481385047600e-04; 40; 15; 68;0
3.0483319937700e-04; 40; 15; 68;0
3.0485256018000e-04; 40; 15; 68;0
3.0487190898300e-04; 40; 15; 68;0
3.0489126989500e-04; 40; 15; 68;0
3.0491061887000e-04; 40; 15; 68;0
3.0492997975200e-04; 40; 15; 68;0
3.0494610290600e-04; 40; 15; 68;0
3.0496546384600e-04; 40; 15; 68;0
3.0498481279800e-04; 40; 15; 68;0
3.0500417360900e-04; 40; 15; 68;0
3.0502352253300e-04; 40; 15; 68;0
3.0504288357200e-04; 40; 15; 68;0
3.0506223245800e-04; 40; 15; 68;0
3.0508159318600e-04; 40; 15; 68;0
3.0510094197700e-04; 40; 15; 68;0
3.0512030281200e-04; 40; 15; 68;0
3.0513965184100e-04; 40; 15; 68;0
3.0515901278400e-04; 40; 15; 68;0
3.0517836157500e-04; 40; 15; 68;0
3.0519772256500e-04; 40; 15; 68;0
3.0521707153200e-04; 40; 15; 68;0
3.0523643228700e-04; 40; 15; 68;0
3.0525578125400e-04; 40; 15; 68;0
3.0527514214800e-04; 40; 15; 68;0
3.0529449109700e-04; 40; 15; 68;0
3.0531385185000e-04; 40; 15; 68;0
3.0533320084300e-04; 40; 15; 68;0
3.0535256168200e-04; 40; 15; 68;0
3.0537191050300e-04; 40; 15; 68;0
3.0539127140700e-04; 40; 15; 68;0
3.0541062039900e-04; 40; 15; 68;0
3.0542998125300e-04; 40; 15; 68;0
3.0544610425800e-04; 40; 15; 68;0
3.0546546518000e-04; 40; 15; 68;0
3.0548481394200e-04; 40; 15; 68;0
3.0550417495000e-04; 40; 15; 68;0
3.0552352386900e-04; 40; 15; 68;0
3.0554288485400e-04; 40; 15; 68;0
3.0556223371500e-04; 40; 15; 68;0
3.0558159472500e-04; 40; 15; 68;0
3.0560094361200e-04; 40; 15; 68;0
3.0562030434400e-04; 40; 15; 68;0
3.0563965323700e-04; 40; 15; 68;0
3.0565901417800e-04; 40; 15; 68;0
3.0567836313900e-04; 40; 15; 68;0
3.0569772397700e-04; 40; 15; 68;0
3.0571707287900e-04; 40; 15; 68;0
3.0573643389700e-04; 40; 15; 68;0
3.0575578281900e-04; 40; 15; 68;0
3.0577514355000e-04; 40; 15; 68;0
3.0579449249300e-04; 40; 15; 68;0
3.0581385332100e-04; 40; 15; 68;0
3.0583320224900e-04; 40; 15; 68;0
3.0585256314500e-04; 40; 15; 68;0
3.0587191217900e-04; 40; 15; 68;0
3.0589127299300e-04; 40; 15; 68;0
3.0591062181500e-04; 40; 15; 68;0
3.0592998286100e-04; 40; 15; 68;0
3.0594610591100e-04; 40; 15; 68;0
3.0596546687700e-04; 40; 15; 68;0
3.0598481580400e-04; 40; 15; 68;0
3.0600417667800e-04; 40; 15; 68;0
3.0602352562800e-04; 40; 15; 68;0
3.0604288651300e-04; 40; 15; 68;0
3.0606223546300e-04; 40; 15; 68;0
3.0608159630400e-04; 40; 15; 68;0
3.0610094521700e-04; 40; 15; 68;0
3.0612030585400e-04; 40; 15; 67;0
3.0613965454000e-04; 40; 15; 67;0
3.0615901532700e-04; 40; 15; 67;0
3.0617836391000e-04; 40; 15; 67;0
3.0619772456700e-04; 40; 15; 67;0
3.0621707327000e-04; 40; 15; 67;0
3.0623643399300e-04; 40; 15; 67;0
3.0625578278500e-04; 40; 15; 67;0
3.0627514337800e-04; 40; 15; 67;0
3.0629449202100e-04; 40; 15; 67;0
3.0631385261200e-04; 40; 15; 67;0
3.0633320147100e-04; 40; 15; 67;0
3.0635256205200e-04; 40; 15; 67;0
3.0637191076200e-04; 40; 15; 67;0
3.0639127140200e-04; 40; 15; 67;0
3.0641061999100e-04; 40; 15; 67;0
3.0642998062600e-04; 40; 15; 67;0
3.0644610373500e-04; 40; 15; 67;0
3.0646546434200e-04; 40; 15; 67;0
3.0648481299200e-04; 40; 15; 67;0
3.0650417376100e-04; 40; 15; 68;0
3.0652352279000e-04; 40; 15; 68;0
3.0654288367500e-04; 40; 15; 68;0
3.0656223258500e-04; 40; 15; 68;0
3.0658159351300e-04; 40; 15; 68;0
3.0660094233500e-04; 40; 15; 68;0
3.0662030323100e-04; 40; 15; 68;0
3.0663965235900e-04; 40; 15; 68;0
3.0665901318200e-04; 40; 15; 68;0
3.0667836224000e-04; 40; 15; 68;0
3.0669772304600e-04; 40; 15; 68;0
3.0671707207300e-04; 40; 15; 68;0
3.0673643290100e-04; 40; 15; 68;0
3.0675578164900e-04; 40; 15; 68;0
3.0677514253600e-04; 40; 15; 68;0
3.0679449152800e-04; 40; 15; 68;0
3.0681385231200e-04; 40; 15; 68;0
3.0683320125900e-04; 40; 15; 68;0
3.0685256206900e-04; 40; 15; 68;0
3.0687191095700e-04; 40; 15; 68;0
3.0689127200900e-04; 40; 15; 68;0
3.0691062088500e-04; 40; 15; 68;0
3.0692998183000e-04; 40; 15; 68;0
3.0694610486800e-04; 40; 15; 68;0
3.0696546576300e-04; 40; 15; 68;0
3.0698481468700e-04; 40; 15; 68;0
3.0700417550300e-04; 40; 15; 68;0
3.0702352453200e-04; 40; 15; 68;0
3.0704288533900e-04; 40; 15; 68;0
3.0706223422200e-04; 40; 15; 68;0
3.0708159489700e-04; 40; 15; 67;0
3.0710094355000e-04; 40; 15; 67;0
3.0712030418600e-04; 40; 15; 67;0
3.0713965301300e-04; 40; 15; 67;0
3.0715901359500e-04; 40; 15; 67;0
3.0717836216000e-04; 40; 15; 67;0
3.0719772284700e-04; 40; 15; 67;0
3.0721707161300e-04; 40; 15; 67;0
3.0723643223900e-04; 40; 15; 67;0
3.0725578076200e-04; 40; 15; 67;0
3.0727514137000e-04; 40; 15; 67;0
3.0729448992300e-04; 40; 15; 67;0
3.0731385064100e-04; 40; 15; 67;0
3.0733319939500e-04; 40; 15; 67;0
3.0735256013900e-04; 40; 15; 67;0
3.0737190881900e-04; 40; 15; 67;0
3.0739126944700e-04; 40; 15; 67;0
3.0741061809100e-04; 40; 15; 67;0
3.0742997876500e-04; 40; 15; 67;0
3.0744610148400e-04; 40; 15; 67;0
3.0746546210500e-04; 40; 15; 67;0
3.0748481089800e-04; 40; 15; 67;0
3.0750417161100e-04; 40; 15; 68;0
3.0752352045000e-04; 40; 15; 68;0
3.0754288120000e-04; 40; 15; 68;0
3.0756223016300e-04; 40; 15; 68;0
3.0758159093600e-04; 40; 15; 68;0
3.0760093994900e-04; 40; 15; 68;0
3.0762030075500e-04; 40; 15; 68;0
3.0763964971000e-04; 40; 15; 68;0
3.0765901055600e-04; 40; 15; 68;0
3.0767835955700e-04; 40; 15; 68;0
3.0769772028000e-04; 40; 15; 68;0
3.0771706937200e-04; 40; 15; 68;0
3.0773643036500e-04; 40; 15; 68;0
3.0775577922500e-04; 40; 15; 68;0
3.0777514006200e-04; 40; 15; 68;0
3.0779448894700e-04; 40; 15; 68;0
3.0781384983900e-04; 40; 15; 68;0
3.0783319880500e-04; 40; 15; 68;0
3.0785255988500e-04; 40; 15; 68;0
3.0787190876500e-04; 40; 15; 68;0
3.0789126959100e-04; 40; 15; 68;0
3.0791061853000e-04; 40; 15; 68;0
3.0792997950500e-04; 40; 15; 68;0
3.0794610252300e-04; 40; 15; 68;0
3.0796546343100e-04; 40; 15; 68;0
3.0798481237900e-04; 40; 15; 68;0
3.0800417313600e-04; 40; 15; 68;0
3.0802352207600e-04; 40; 15; 68;0
3.0804288285400e-04; 40; 15; 68;0
3.0806223169300e-04; 40; 15; 68;0
3.0808159259300e-04; 40; 15; 68;0
3.0810094151500e-04; 40; 15; 68;0
3.0812030249800e-04; 40; 15; 68;0
3.0813965134300e-04; 40; 15; 68;0
3.0815901229100e-04; 40; 15; 68;0
3.0817836125600e-04; 40; 15; 68;0
3.0819772213400e-04; 40; 15; 68;0
3.0821707109800e-04; 40; 15; 68;0
3.0823643199600e-04; 40; 15; 68;0
3.0825578096100e-04; 40; 15; 68;0
3.0827514201200e-04; 40; 15; 68;0
3.0829449113900e-04; 40; 15; 68;0
3.0831385207300e-04; 40; 15; 68;0
3.0833320100200e-04; 40; 15; 68;0
3.0835256204700e-04; 40; 15; 68;0
3.0837191110300e-04; 40; 15; 68;0
3.0839127203500e-04; 40; 15; 68;0
3.0841062099300e-04; 40; 15; 68;0
3.0842998185100e-04; 40; 15; 68;0
3.0844610488300e-04; 40; 15; 68;0
3.0846546589800e-04; 40; 15; 68;0
3.0848481485600e-04; 40; 15; 68;0
3.0850417568000e-04; 40; 15; 68;0
3.0852352464500e-04; 40; 15; 68;0
3.0854288554900e-04; 40; 15; 68;0
3.0856223457500e-04; 40; 15; 68;0
3.0858159551300e-04; 40; 15; 68;0
3.0860094450800e-04; 40; 15; 68;0
3.0862030543000e-04; 40; 15; 68;0
3.0863965453600e-04; 40; 15; 68;0
3.0865901557400e-04; 40; 15; 68;0
3.0867836442800e-04; 40; 15; 68;0
3.0869772525200e-04; 40; 15; 68;0
3.0871707420800e-04; 40; 15; 68;0
3.0873643487800e-04; 40; 15; 67;0
3.0875578359600e-04; 40; 15; 67;0
3.0877514426800e-04; 40; 15; 67;0
3.0879449293800e-04; 40; 15; 67;0
3.0881385352200e-04; 40; 15; 67;0
3.0883320210100e-04; 40; 15; 67;0
3.0885256267200e-04; 40; 15; 67;0
3.0887191155400e-04; 40; 15; 67;0
3.0889127221100e-04; 40; 15; 67;0
3.0891062088400e-04; 40; 15; 67;0
3.0892998180400e-04; 40; 15; 67;0
3.0894610467100e-04; 40; 15; 67;0
3.0896546513300e-04; 40; 15; 67;0
3.0898481381400e-04; 40; 15; 67;0
3.0900417445900e-04; 40; 15; 67;0
3.0902352325500e-04; 40; 15; 67;0
3.0904288384000e-04; 40; 15; 67;0
3.0906223263000e-04; 40; 15; 67;0
3.0908159326900e-04; 40; 15; 67;0
3.0910094192300e-04; 40; 15; 67;0
3.0912030263800e-04; 40; 15; 67;0
3.0913965119200e-04; 40; 15; 67;0
3.0915901213100e-04; 40; 15; 67;0
3.0917836082300e-04; 40; 15; 67;0
3.0919772174900e-04; 40; 15; 68;0
3.0921707062100e-04; 40; 15; 68;0
3.0923643153600e-04; 40; 15; 68;0
3.0925578046300e-04; 40; 15; 68;0
3.0927514145300e-04; 40; 15; 68;0
3.0929449028600e-04; 40; 15; 68;0
3.0931385126600e-04; 40; 15; 68;0
3.0933320020900e-04; 40; 15; 68;0
3.0935256107500e-04; 40; 15; 68;0
3.0937191008400e-04; 40; 15; 68;0
3.0939127092800e-04; 40; 15; 68;0
3.0941061979200e-04; 40; 15; 68;0
3.0942998087300e-04; 40; 15; 68;0
3.0944610396800e-04; 40; 15; 68;0
3.0946546475700e-04; 40; 15; 68;0
3.0948481384500e-04; 40; 15; 68;0
3.0950417477400e-04; 40; 15; 68;0
3.0952352375200e-04; 40; 15; 68;0
3.0954288467200e-04; 40; 15; 68;0
3.0956223332700e-04; 40; 15; 68;0
3.0958159429900e-04; 40; 15; 68;0
3.0960094319300e-04; 40; 15; 68;0
3.0962030418500e-04; 40; 15; 68;0
3.0963965310600e-04; 40; 15; 68;0
3.0965901393200e-04; 40; 15; 68;0
3.0967836299700e-04; 40; 15; 68;0
3.0969772402400e-04; 40; 15; 68;0
3.0971707299100e-04; 40; 15; 68;0
3.0973643358900e-04; 40; 15; 67;0
3.0975578216100e-04; 40; 15; 67;0
3.0977514279700e-04; 40; 15; 67;0
3.0979449151300e-04; 40; 15; 67;0
3.0981385221700e-04; 40; 15; 67;0
3.0983320093600e-04; 40; 15; 67;0
3.0985256167400e-04; 40; 15; 67;0
3.0987191040700e-04; 40; 15; 67;0
3.0989127127600e-04; 40; 15; 68;0
3.0991062008300e-04; 40; 15; 68;0
3.0992998082100e-04; 40; 15; 68;0
3.0994610390100e-04; 40; 15; 68;0
3.0996546487900e-04; 40; 15; 68;0
3.0998481373600e-04; 40; 15; 68;0
3.1000417452500e-04; 40; 15; 68;0
3.1002352335400e-04; 40; 15; 68;0
3.1004288443300e-04; 40; 15; 68;0
3.1006223317200e-04; 40; 15; 68;0
3.1008159413100e-04; 40; 15; 68;0
3.1010094306100e-04; 40; 15; 68;0
3.1012030415800e-04; 40; 15; 68;0
3.1013965304800e-04; 40; 15; 68;0
3.1015901382800e-04; 40; 15; 68;0
3.1017836264100e-04; 40; 15; 68;0
3.1019772359300e-04; 40; 15; 68;0
3.1021707262000e-04; 40; 15; 68;0
3.1023643356400e-04; 40; 15; 68;0
3.1025578253300e-04; 40; 15; 68;0
3.1027514343300e-04; 40; 15; 68;0
3.1029449235600e-04; 40; 15; 68;0
3.1031385320000e-04; 40; 15; 68;0
3.1033320216400e-04; 40; 15; 68;0
3.1035256300000e-04; 40; 15; 68;0
3.1037191176200e-04; 40; 15; 68;0
3.1039127282900e-04; 40; 15; 68;0
3.1041062167100e-04; 40; 15; 68;0
3.1042998265800e-04; 40; 15; 68;0
3.1044610562600e-04; 40; 15; 68;0
3.1046546657700e-04; 40; 15; 68;0
3.1048481553100e-04; 40; 15; 68;0
3.1050417644900e-04; 40; 15; 68;0
3.1052352537400e-04; 40; 15; 68;0
3.1054288638700e-04; 40; 15; 68;0
3.1056223526300e-04; 40; 15; 68;0
3.1058159622700e-04; 40; 15; 68;0
3.1060094522400e-04; 40; 15; 68;0
3.1062030633300e-04; 40; 15; 68;0
3.1063965537900e-04; 40; 15; 68;0
3.1065901596000e-04; 40; 15; 67;0
3.1067836469500e-04; 40; 15; 67;0
3.1069772530200e-04; 40; 15; 67;0
3.1071707403900e-04; 40; 15; 67;0
3.1073643460300e-04; 40; 15; 67;0
3.1075578317300e-04; 40; 15; 67;0
3.1077514394400e-04; 40; 15; 67;0
3.1079449263900e-04; 40; 15; 67;0
3.1081385324600e-04; 40; 15; 67;0
3.1083320181300e-04; 40; 15; 67;0
3.1085256238700e-04; 40; 15; 67;0
3.1087191110600e-04; 40; 15; 67;0
3.1089127159900e-04; 40; 15; 67;0
3.1091062027400e-04; 40; 15; 67;0
3.1092998102200e-04; 40; 15; 67;0
3.1094610389000e-04; 40; 15; 67;0
3.1096546471100e-04; 40; 15; 67;0
3.1098481333100e-04; 40; 15; 67;0
3.1100417410000e-04; 40; 15; 68;0
3.1102352295500e-04; 40; 15; 68;0
3.1104288405800e-04; 40; 15; 68;0
3.1106223287600e-04; 40; 15; 68;0
3.1108159376300e-04; 40; 15; 68;0
3.1110094266200e-04; 40; 15; 68;0
3.1112030350600e-04; 40; 15; 68;0
3.1113965255200e-04; 40; 15; 68;0
3.1115901343900e-04; 40; 15; 68;0
3.1117836233300e-04; 40; 15; 68;0
3.1119772332900e-04; 40; 15; 68;0
3.1121707219900e-04; 40; 15; 68;0
3.1123643317500e-04; 40; 15; 68;0
3.1125578204600e-04; 40; 15; 68;0
3.1127514295800e-04; 40; 15; 68;0
3.1129449192800e-04; 40; 15; 68;0
3.1131385278400e-04; 40; 15; 68;0
3.1133320183800e-04; 40; 15; 68;0
3.1135256244700e-04; 40; 15; 67;0
3.1137191126800e-04; 40; 15; 67;0
3.1139127205600e-04; 40; 15; 67;0
3.1141062081000e-04; 40; 15; 67;0
3.1142998148600e-04; 40; 15; 67;0
3.1144610433000e-04; 40; 15; 67;0
3.1146546499800e-04; 40; 15; 67;0
3.1148481365200e-04; 40; 15; 67;0
3.1150417434600e-04; 40; 15; 67;0
3.1152352294200e-04; 40; 15; 67;0
3.1154288378600e-04; 40; 15; 67;0
3.1156223239200e-04; 40; 15; 67;0
3.1158159303000e-04; 40; 15; 67;0
3.1160094179700e-04; 40; 15; 67;0
3.1162030258800e-04; 40; 15; 67;0
3.1163965125200e-04; 40; 15; 67;0
3.1165901195000e-04; 40; 15; 67;0
3.1167836064800e-04; 40; 15; 67;0
3.1169772150000e-04; 40; 15; 68;0
3.1171707038000e-04; 40; 15; 68;0
3.1173643139600e-04; 40; 15; 68;0
3.1175578035000e-04; 40; 15; 68;0
3.1177514128000e-04; 40; 15; 68;0
3.1179449012200e-04; 40; 15; 68;0
3.1181385108800e-04; 40; 15; 68;0
3.1183319999500e-04; 40; 15; 68;0
3.1185256093200e-04; 40; 15; 68;0
3.1187190999200e-04; 40; 15; 68;0
3.1189127082100e-04; 40; 15; 68;0
3.1191061977800e-04; 40; 15; 68;0
3.1192998077700e-04; 40; 15; 68;0
3.1194610381600e-04; 40; 15; 68;0
3.1196546477600e-04; 40; 15; 68;0
3.1198481366700e-04; 40; 15; 68;0
3.1200417456500e-04; 40; 15; 68;0
3.1202352343800e-04; 40; 15; 68;0
3.1204288435200e-04; 40; 15; 68;0
3.1206223326300e-04; 40; 15; 68;0
3.1208159426500e-04; 40; 15; 68;0
3.1210094329500e-04; 40; 15; 68;0
3.1212030417700e-04; 40; 15; 68;0
3.1213965322700e-04; 40; 15; 68;0
3.1215901417000e-04; 40; 15; 68;0
3.1217836302600e-04; 40; 15; 68;0
3.1219772373200e-04; 40; 15; 68;0
3.1221707288100e-04; 40; 15; 68;0
3.1223643348700e-04; 40; 15; 67;0
3.1225578229200e-04; 40; 15; 67;0
3.1227514300300e-04; 40; 15; 67;0
3.1229449157000e-04; 40; 15; 67;0
3.1231385217200e-04; 40; 15; 67;0
3.1233320091300e-04; 40; 15; 67;0
3.1235256143900e-04; 40; 15; 67;0
3.1237191000900e-04; 40; 15; 67;0
3.1239127051600e-04; 40; 15; 67;0
3.1241061935000e-04; 40; 15; 67;0
3.1242998002100e-04; 40; 15; 67;0
3.1244610289300e-04; 40; 15; 67;0
3.1246546380700e-04; 40; 15; 68;0
3.1248481264800e-04; 40; 15; 68;0
3.1250417350900e-04; 40; 15; 68;0
3.1252352250300e-04; 40; 15; 68;0
3.1254288342500e-04; 40; 15; 68;0
3.1256223226500e-04; 40; 15; 68;0
3.1258159318000e-04; 40; 15; 68;0
3.1260094215700e-04; 40; 15; 68;0
3.1262030307100e-04; 40; 15; 68;0
3.1263965209500e-04; 40; 15; 68;0
3.1265901286600e-04; 40; 15; 68;0
3.1267836187700e-04; 40; 15; 68;0
3.1269772271400e-04; 40; 15; 68;0
3.1271707161000e-04; 40; 15; 68;0
3.1273643265900e-04; 40; 15; 68;0
3.1275578156600e-04; 40; 15; 68;0
3.1277514255600e-04; 40; 15; 68;0
3.1279449132700e-04; 40; 15; 68;0
3.1281385229000e-04; 40; 15; 68;0
3.1283320118500e-04; 40; 15; 68;0
3.1285256213500e-04; 40; 15; 68;0
3.1287191111100e-04; 40; 15; 68;0
3.1289127192200e-04; 40; 15; 68;0
3.1291062085200e-04; 40; 15; 68;0
3.1292998169900e-04; 40; 15; 68;0
3.1294610479800e-04; 40; 15; 68;0
3.1296546563400e-04; 40; 15; 68;0
3.1298481471100e-04; 40; 15; 68;0
3.1300417551900e-04; 40; 15; 68;0
3.1302352453000e-04; 40; 15; 68;0
3.1304288516500e-04; 40; 15; 67;0
3.1306223377600e-04; 40; 15; 67;0
3.1308159440300e-04; 40; 15; 67;0
3.1310094295900e-04; 40; 15; 67;0
3.1312030368600e-04; 40; 15; 67;0
3.1313965218500e-04; 40; 15; 67;0
3.1315901299200e-04; 40; 15; 67;0
3.1317836182800e-04; 40; 15; 67;0
3.1319772252700e-04; 40; 15; 67;0
3.1321707111100e-04; 40; 15; 67;0
3.1323643184100e-04; 40; 15; 67;0
3.1325578053300e-04; 40; 15; 67;0
3.1327514147500e-04; 40; 15; 68;0
3.1329449038000e-04; 40; 15; 68;0
3.1331385129100e-04; 40; 15; 68;0
3.1333320018700e-04; 40; 15; 68;0
3.1335256102400e-04; 40; 15; 68;0
3.1337190994700e-04; 40; 15; 68;0
3.1339127099500e-04; 40; 15; 68;0
3.1341061984000e-04; 40; 15; 68;0
3.1342998054700e-04; 40; 15; 68;0
3.1344610377700e-04; 40; 15; 68;0
3.1346546463600e-04; 40; 15; 68;0
3.1348481360400e-04; 40; 15; 68;0
3.1350417457900e-04; 40; 15; 68;0
3.1352352332800e-04; 40; 15; 68;0
3.1354288438300e-04; 40; 15; 68;0
3.1356223339900e-04; 40; 15; 68;0
3.1358159428800e-04; 40; 15; 68;0
3.1360094323000e-04; 40; 15; 68;0
3.1362030402300e-04; 40; 15; 68;0
3.1363965283300e-04; 40; 15; 68;0
3.1365901365500e-04; 40; 15; 68;0
3.1367836260800e-04; 40; 15; 68;0
3.1369772352900e-04; 40; 15; 68;0
3.1371707235400e-04; 40; 15; 68;0
3.1373643318100e-04; 40; 15; 68;0
3.1375578224100e-04; 40; 15; 68;0
3.1377514314900e-04; 40; 15; 68;0
3.1379449201100e-04; 40; 15; 68;0
3.1381385279500e-04; 40; 15; 68;0
3.1383320167100e-04; 40; 15; 68;0
3.1385256272900e-04; 40; 15; 68;0
3.1387191152400e-04; 40; 15; 68;0
3.1389127263300e-04; 40; 15; 68;0
3.1391062168200e-04; 40; 15; 68;0
3.1392998262500e-04; 40; 15; 68;0
3.1394610581900e-04; 40; 15; 68;0
3.1396546675900e-04; 40; 15; 68;0
3.1398481562600e-04; 40; 15; 68;0
3.1400417657500e-04; 40; 15; 68;0
3.1402352555500e-04; 40; 15; 68;0
3.1404288644400e-04; 40; 15; 68;0
3.1406223540800e-04; 40; 15; 68;0
3.1408159625400e-04; 40; 15; 67;0
3.1410094487700e-04; 40; 15; 67;0
3.1412030547200e-04; 40; 15; 67;0
3.1413965408600e-04; 40; 15; 67;0
3.1415901481200e-04; 40; 15; 67;0
3.1417836345700e-04; 40; 15; 67;0
3.1419772428500e-04; 40; 15; 67;0
3.1421707277400e-04; 40; 15; 67;0
3.1423643340200e-04; 40; 15; 67;0
3.1425578214700e-04; 40; 15; 67;0
3.1427514281300e-04; 40; 15; 67;0
3.1429449143600e-04; 40; 15; 67;0
3.1431385227200e-04; 40; 15; 67;0
3.1433320078600e-04; 40; 15; 67;0
3.1435256137000e-04; 40; 15; 67;0
3.1437191008500e-04; 40; 15; 67;0
3.1439127070100e-04; 40; 15; 67;0
3.1441061931500e-04; 40; 15; 67;0
3.1442998002300e-04; 40; 15; 67;0
3.1444610296100e-04; 40; 15; 67;0
3.1446546355800e-04; 40; 15; 67;0
3.1448481225500e-04; 40; 15; 67;0
3.1450417322200e-04; 40; 15; 68;0
3.1452352201200e-04; 40; 15; 68;0
3.1454288290400e-04; 40; 15; 68;0
3.1456223179600e-04; 40; 15; 68;0
3.1458159268800e-04; 40; 15; 68;0
3.1460094151900e-04; 40; 15; 68;0
3.1462030247600e-04; 40; 15; 68;0
3.1463965140800e-04; 40; 15; 68;0
3.1465901213700e-04; 40; 15; 68;0
3.1467836109000e-04; 40; 15; 68;0
3.1469772195300e-04; 40; 15; 68;0
3.1471707109600e-04; 40; 15; 68;0
3.1473643198700e-04; 40; 15; 68;0
3.1475578092400e-04; 40; 15; 68;0
3.1477514196300e-04; 40; 15; 68;0
3.1479449094500e-04; 40; 15; 68;0
3.1481385163600e-04; 40; 15; 68;0
3.1483320070400e-04; 40; 15; 68;0
3.1485256170700e-04; 40; 15; 68;0
3.1487191056700e-04; 40; 15; 68;0
3.1489127136000e-04; 40; 15; 68;0
3.1491062037700e-04; 40; 15; 68;0
3.1492998115500e-04; 40; 15; 68;0
3.1494610413600e-04; 40; 15; 68;0
3.1496546495700e-04; 40; 15; 68;0
3.1498481377300e-04; 40; 15; 68;0
3.1500417468900e-04; 40; 15; 68;0
3.1502352344700e-04; 40; 15; 68;0
3.1504288432200e-04; 40; 15; 68;0
3.1506223317000e-04; 40; 15; 68;0
3.1508159412000e-04; 40; 15; 68;0
3.1510094319100e-04; 40; 15; 68;0
3.1512030400800e-04; 40; 15; 68;0
3.1513965293900e-04; 40; 15; 68;0
3.1515901380600e-04; 40; 15; 68;0
3.1517836268100e-04; 40; 15; 68;0
3.1519772347800e-04; 40; 15; 68;0
3.1521707251300e-04; 40; 15; 68;0
3.1523643349400e-04; 40; 15; 68;0
3.1525578226500e-04; 40; 15; 68;0
3.1527514308000e-04; 40; 15; 68;0
3.1529449191300e-04; 40; 15; 68;0
3.1531385283700e-04; 40; 15; 68;0
3.1533320182100e-04; 40; 15; 68;0
3.1535256284000e-04; 40; 15; 68;0
3.1537191166000e-04; 40; 15; 68;0
3.1539127272100e-04; 40; 15; 68;0
3.1541062157600e-04; 40; 15; 68;0
3.1542998251100e-04; 40; 15; 68;0
3.1544610564300e-04; 40; 15; 68;0
3.1546546635500e-04; 40; 15; 67;0
3.1548481506700e-04; 40; 15; 67;0
3.1550417570900e-04; 40; 15; 67;0
3.1552352419700e-04; 40; 15; 67;0
3.1554288492200e-04; 40; 15; 67;0
3.1556223373100e-04; 40; 15; 67;0
3.1558159423300e-04; 40; 15; 67;0
3.1560094287600e-04; 40; 15; 67;0
3.1562030347600e-04; 40; 15; 67;0
3.1563965206000e-04; 40; 15; 67;0
3.1565901279200e-04; 40; 15; 67;0
3.1567836142600e-04; 40; 15; 67;0
3.1569772221400e-04; 40; 15; 67;0
3.1571707074300e-04; 40; 15; 67;0
3.1573643137500e-04; 40; 15; 67;0
3.1575578015300e-04; 40; 15; 67;0
3.1577514095900e-04; 40; 15; 67;0
3.1579448966800e-04; 40; 15; 67;0
3.1581385037700e-04; 40; 15; 67;0
3.1583319894400e-04; 40; 15; 67;0
3.1585255939300e-04; 40; 15; 67;0
3.1587190814000e-04; 40; 15; 67;0
3.1589126909800e-04; 40; 15; 68;0
3.1591061805500e-04; 40; 15; 68;0
3.1592997900300e-04; 40; 15; 68;0
3.1594610200600e-04; 40; 15; 68;0
3.1596546290200e-04; 40; 15; 68;0
3.1598481168400e-04; 40; 15; 68;0
3.1600417268100e-04; 40; 15; 68;0
3.1602352156700e-04; 40; 15; 68;0
3.1604288241400e-04; 40; 15; 68;0
3.1606223121300e-04; 40; 15; 68;0
3.1608159218600e-04; 40; 15; 68;0
3.1610094098500e-04; 40; 15; 68;0
3.1612030199300e-04; 40; 15; 68;0
3.1613965094600e-04; 40; 15; 68;0
3.1615901210400e-04; 40; 15; 68;0
3.1617836101000e-04; 40; 15; 68;0
3.1619772195800e-04; 40; 15; 68;0
3.1621707100300e-04; 40; 15; 68;0
3.1623643186500e-04; 40; 15; 68;0
3.1625578084500e-04; 40; 15; 68;0
3.1627514160800e-04; 40; 15; 68;0
3.1629449055500e-04; 40; 15; 68;0
3.1631385140000e-04; 40; 15; 68;0
3.1633320038600e-04; 40; 15; 68;0
3.1635256125700e-04; 40; 15; 68;0
3.1637191007200e-04; 40; 15; 68;0
3.1639127105300e-04; 40; 15; 68;0
3.1641061997700e-04; 40; 15; 68;0
3.1642998083300e-04; 40; 15; 68;0
3.1644610386700e-04; 40; 15; 68;0
3.1646546480400e-04; 40; 15; 68;0
3.1648481372400e-04; 40; 15; 68;0
3.1650417462000e-04; 40; 15; 68;0
3.1652352365500e-04; 40; 15; 68;0
3.1654288460100e-04; 40; 15; 68;0
3.1656223355000e-04; 40; 15; 68;0
3.1658159448600e-04; 40; 15; 68;0
3.1660094339700e-04; 40; 15; 68;0
3.1662030431300e-04; 40; 15; 68;0
3.1663965315800e-04; 40; 15; 68;0
3.1665901415900e-04; 40; 15; 68;0
3.1667836305100e-04; 40; 15; 68;0
3.1669772377200e-04; 40; 15; 68;0
3.1671707278600e-04; 40; 15; 68;0
3.1673643377300e-04; 40; 15; 68;0
3.1675578281800e-04; 40; 15; 68;0
3.1677514384100e-04; 40; 15; 68;0
3.1679449278600e-04; 40; 15; 68;0
3.1681385366700e-04; 40; 15; 68;0
3.1683320247200e-04; 40; 15; 68;0
3.1685256338000e-04; 40; 15; 68;0
3.1687191234700e-04; 40; 15; 68;0
3.1689127322800e-04; 40; 15; 68;0
3.1691062196800e-04; 40; 15; 68;0
3.1692998290600e-04; 40; 15; 68;0
3.1694610600100e-04; 40; 15; 68;0
3.1696546694200e-04; 40; 15; 68;0
3.1698481589600e-04; 40; 15; 68;0
3.1700417679900e-04; 40; 15; 68;0
3.1702352571500e-04; 40; 15; 68;0
3.1704288653100e-04; 40; 15; 68;0
3.1706223554000e-04; 40; 15; 68;0
3.1708159634600e-04; 40; 15; 67;0
3.1710094505100e-04; 40; 15; 67;0
3.1712030551200e-04; 40; 15; 67;0
3.1713965429900e-04; 40; 15; 67;0
3.1715901498900e-04; 40; 15; 67;0
3.1717836375500e-04; 40; 15; 67;0
3.1719772448400e-04; 40; 15; 67;0
3.1721707318300e-04; 40; 15; 67;0
3.1723643378500e-04; 40; 15; 67;0
3.1725578237400e-04; 40; 15; 67;0
3.1727514305700e-04; 40; 15; 67;0
3.1729449179700e-04; 40; 15; 67;0
3.1731385251300e-04; 40; 15; 67;0
3.1733320110100e-04; 40; 15; 67;0
3.1735256175000e-04; 40; 15; 67;0
3.1737191035900e-04; 40; 15; 67;0
3.1739127096500e-04; 40; 15; 67;0
3.1741061961100e-04; 40; 15; 67;0
3.1742998029800e-04; 40; 15; 67;0
3.1744610315900e-04; 40; 15; 67;0
3.1746546386800e-04; 40; 15; 67;0
3.1748481239500e-04; 40; 15; 67;0
3.1750417338000e-04; 40; 15; 68;0
3.1752352236100e-04; 40; 15; 68;0
3.1754288321600e-04; 40; 15; 68;0
3.1756223217500e-04; 40; 15; 68;0
3.1758159300500e-04; 40; 15; 68;0
3.1760094194600e-04; 40; 15; 68;0
3.1762030295700e-04; 40; 15; 68;0
3.1763965196600e-04; 40; 15; 68;0
3.1765901270100e-04; 40; 15; 68;0
3.1767836161600e-04; 40; 15; 68;0
3.1769772261800e-04; 40; 15; 68;0
3.1771707164900e-04; 40; 15; 68;0
3.1773643251800e-04; 40; 15; 68;0
3.1775578145500e-04; 40; 15; 68;0
3.1777514233500e-04; 40; 15; 68;0
3.1779449140500e-04; 40; 15; 68;0
3.1781385233600e-04; 40; 15; 68;0
3.1783320115900e-04; 40; 15; 68;0
3.1785256214500e-04; 40; 15; 68;0
3.1787191120500e-04; 40; 15; 68;0
3.1789127224300e-04; 40; 15; 68;0
3.1791062098100e-04; 40; 15; 68;0
3.1792998186000e-04; 40; 15; 68;0
3.1794610502900e-04; 40; 15; 68;0
3.1796546588200e-04; 40; 15; 68;0
3.1798481471200e-04; 40; 15; 68;0
3.1800417545100e-04; 40; 15; 67;0
3.1802352421100e-04; 40; 15; 67;0
3.1804288495800e-04; 40; 15; 67;0
3.1806223366000e-04; 40; 15; 67;0
3.1808159437400e-04; 40; 15; 67;0
3.1810094316300e-04; 40; 15; 67;0
3.1812030377200e-04; 40; 15; 67;0
3.1813965236500e-04; 40; 15; 67;0
3.1815901298000e-04; 40; 15; 67;0
3.1817836157600e-04; 40; 15; 67;0
3.1819772219900e-04; 40; 15; 67;0
3.1821707077600e-04; 40; 15; 67;0
3.1823643145900e-04; 40; 15; 67;0
3.1825578010600e-04; 40; 15; 67;0
3.1827514075800e-04; 40; 15; 67;0
3.1829448927500e-04; 40; 15; 67;0
3.1831384990600e-04; 40; 15; 67;0
3.1833319859800e-04; 40; 15; 67;0
3.1835255925900e-04; 40; 15; 67;0
3.1837190794500e-04; 40; 15; 67;0
3.1839126894300e-04; 40; 15; 68;0
3.1841061777800e-04; 40; 15; 68;0
3.1842997867600e-04; 40; 15; 68;0
3.1844610170900e-04; 40; 15; 68;0
3.1846546266900e-04; 40; 15; 68;0
3.1848481163600e-04; 40; 15; 68;0
3.1850417257400e-04; 40; 15; 68;0
3.1852352139300e-04; 40; 15; 68;0
3.1854288232900e-04; 40; 15; 68;0
3.1856223130400e-04; 40; 15; 68;0
3.1858159211500e-04; 40; 15; 68;0
3.1860094106500e-04; 40; 15; 68;0
3.1862030180100e-04; 40; 15; 68;0
3.1863965065200e-04; 40; 15; 68;0
3.1865901147800e-04; 40; 15; 68;0
3.1867836044100e-04; 40; 15; 68;0
3.1869772123300e-04; 40; 15; 68;0
3.1871707026800e-04; 40; 15; 68;0
3.1873643109400e-04; 40; 15; 68;0
3.1875578009200e-04; 40; 15; 68;0
3.1877514092900e-04; 40; 15; 68;0
3.1879448992000e-04; 40; 15; 68;0
3.1881385080600e-04; 40; 15; 68;0
3.1883319973600e-04; 40; 15; 68;0
3.1885256071000e-04; 40; 15; 68;0
3.1887190956900e-04; 40; 15; 68;0
3.1889127051600e-04; 40; 15; 68;0
3.1891061941400e-04; 40; 15; 68;0
3.1892998033800e-04; 40; 15; 68;0
3.1894610370400e-04; 40; 15; 68;0
3.1896546449800e-04; 40; 15; 68;0
3.1898481328100e-04; 40; 15; 68;0
3.1900417432200e-04; 40; 15; 68;0
3.1902352321500e-04; 40; 15; 68;0
3.1904288412900e-04; 40; 15; 68;0
3.1906223309700e-04; 40; 15; 68;0
3.1908159400600e-04; 40; 15; 68;0
3.1910094292600e-04; 40; 15; 68;0
3.1912030381200e-04; 40; 15; 68;0
3.1913965280100e-04; 40; 15; 68;0
3.1915901364700e-04; 40; 15; 68;0
3.1917836274300e-04; 40; 15; 68;0
3.1919772338500e-04; 40; 15; 68;0
3.1921707243400e-04; 40; 15; 68;0
3.1923643325500e-04; 40; 15; 68;0
3.1925578206700e-04; 40; 15; 68;0
3.1927514290000e-04; 40; 15; 68;0
3.1929449160300e-04; 40; 15; 68;0
3.1931385240200e-04; 40; 15; 68;0
3.1933320147600e-04; 40; 15; 68;0
3.1935256245600e-04; 40; 15; 68;0
3.1937191148300e-04; 40; 15; 68;0
3.1939127234200e-04; 40; 15; 68;0
3.1941062138100e-04; 40; 15; 68;0
3.1942998218400e-04; 40; 15; 68;0
3.1944610537500e-04; 40; 15; 68;0
3.1946546633400e-04; 40; 15; 68;0
3.1948481528100e-04; 40; 15; 68;0
3.1950417624700e-04; 40; 15; 68;0
3.1952352501900e-04; 40; 15; 68;0
3.1954288584000e-04; 40; 15; 68;0
3.1956223477000e-04; 40; 15; 68;0
3.1958159542400e-04; 40; 15; 67;0
3.1960094418400e-04; 40; 15; 67;0
3.1962030470700e-04; 40; 15; 67;0
3.1963965326700e-04; 40; 15; 67;0
3.1965901392700e-04; 40; 15; 67;0
3.1967836252200e-04; 40; 15; 67;0
3.1969772300100e-04; 40; 15; 67;0
3.1971707176600e-04; 40; 15; 67;0
3.1973643246800e-04; 40; 15; 67;0
3.1975578106700e-04; 40; 15; 67;0
3.1977514178400e-04; 40; 15; 67;0
3.1979449034000e-04; 40; 15; 67;0
3.1981385096500e-04; 40; 15; 67;0
3.1983319968200e-04; 40; 15; 67;0
3.1985256058100e-04; 40; 15; 68;0
3.1987190953400e-04; 40; 15; 68;0
3.1989127041800e-04; 40; 15; 68;0
3.1991061933100e-04; 40; 15; 68;0
3.1992998029500e-04; 40; 15; 68;0
3.1994610340700e-04; 40; 15; 68;0
3.1996546435600e-04; 40; 15; 68;0
3.1998481326900e-04; 40; 15; 68;0
3.2000417404300e-04; 40; 15; 68;0
3.2002352292100e-04; 40; 15; 68;0
3.2004288393900e-04; 40; 15; 68;0
3.2006223283100e-04; 40; 15; 68;0
3.2008159368600e-04; 40; 15; 68;0
3.2010094265600e-04; 40; 15; 68;0
3.2012030343200e-04; 40; 15; 68;0
3.2013965230600e-04; 40; 15; 68;0
3.2015901318700e-04; 40; 15; 68;0
3.2017836210500e-04; 40; 15; 68;0
3.2019772282700e-04; 40; 15; 68;0
3.2021707159100e-04; 40; 15; 68;0
3.2023643254500e-04; 40; 15; 68;0
3.2025578148600e-04; 40; 15; 68;0
3.2027514244400e-04; 40; 15; 68;0
3.2029449138500e-04; 40; 15; 68;0
3.2031385230900e-04; 40; 15; 68;0
3.2033320145200e-04; 40; 15; 68;0
3.2035256224600e-04; 40; 15; 68;0
3.2037191104500e-04; 40; 15; 68;0
3.2039127202700e-04; 40; 15; 68;0
3.2041062088400e-04; 40; 15; 68;0
3.2042998183200e-04; 40; 15; 68;0
3.2044610490100e-04; 40; 15; 68;0
3.2046546574700e-04; 40; 15; 68;0
3.2048481465000e-04; 40; 15; 68;0
3.2050417546800e-04; 40; 15; 68;0
3.2052352433200e-04; 40; 15; 68;0
3.2054288520000e-04; 40; 15; 68;0
3.2056223418100e-04; 40; 15; 68;0
3.2058159503000e-04; 40; 15; 68;0
3.2060094403500e-04; 40; 15; 68;0
3.2062030479700e-04; 40; 15; 68;0
3.2063965379900e-04; 40; 15; 68;0
3.2065901488600e-04; 40; 15; 68;0
3.2067836377100e-04; 40; 15; 68;0
3.2069772452800e-04; 40; 15; 68;0
3.2071707351500e-04; 40; 15; 68;0
3.2073643425500e-04; 40; 15; 67;0
3.2075578295800e-04; 40; 15; 67;0
3.2077514364500e-04; 40; 15; 67;0
3.2079449209200e-04; 40; 15; 67;0
3.2081385281800e-04; 40; 15; 67;0
3.2083320133600e-04; 40; 15; 67;0
3.2085256218600e-04; 40; 15; 67;0
3.2087191072800e-04; 40; 15; 67;0
3.2089127136200e-04; 40; 15; 67;0
3.2091062005400e-04; 40; 15; 67;0
3.2092998074100e-04; 40; 15; 67;0
3.2094610373700e-04; 40; 15; 67;0
3.2096546434400e-04; 40; 15; 67;0
3.2098481304300e-04; 40; 15; 67;0
3.2100417357800e-04; 40; 15; 67;0
3.2102352227900e-04; 40; 15; 67;0
3.2104288297400e-04; 40; 15; 67;0
3.2106223165300e-04; 40; 15; 67;0
3.2108159229500e-04; 40; 15; 67;0
3.2110094091400e-04; 40; 15; 67;0
3.2112030176300e-04; 40; 15; 68;0
3.2113965083400e-04; 40; 15; 68;0
3.2115901170900e-04; 40; 15; 68;0
3.2117836075300e-04; 40; 15; 68;0
3.2119772179000e-04; 40; 15; 68;0
3.2121707080600e-04; 40; 15; 68;0
3.2123643180400e-04; 40; 15; 68;0
3.2125578068100e-04; 40; 15; 68;0
3.2127514143500e-04; 40; 15; 68;0
3.2129449052600e-04; 40; 15; 68;0
3.2131385145200e-04; 40; 15; 68;0
3.2133320048500e-04; 40; 15; 68;0
3.2135256142200e-04; 40; 15; 68;0
3.2137191038800e-04; 40; 15; 68;0
3.2139127140500e-04; 40; 15; 68;0
3.2141062027200e-04; 40; 15; 68;0
3.2142998123300e-04; 40; 15; 68;0
3.2144610434300e-04; 40; 15; 68;0
3.2146546523100e-04; 40; 15; 68;0
3.2148481422100e-04; 40; 15; 68;0
3.2150417517900e-04; 40; 15; 68;0
3.2152352393100e-04; 40; 15; 68;0
3.2154288496800e-04; 40; 15; 68;0
3.2156223386000e-04; 40; 15; 68;0
3.2158159496500e-04; 40; 15; 68;0
3.2160094377200e-04; 40; 15; 68;0
3.2162030464000e-04; 40; 15; 68;0
3.2163965352800e-04; 40; 15; 68;0
3.2165901453400e-04; 40; 15; 68;0
3.2167836326100e-04; 40; 15; 68;0
3.2169772434600e-04; 40; 15; 68;0
3.2171707325200e-04; 40; 15; 68;0
3.2173643412000e-04; 40; 15; 68;0
3.2175578311700e-04; 40; 15; 68;0
3.2177514390000e-04; 40; 15; 68;0
3.2179449290300e-04; 40; 15; 68;0
3.2181385377700e-04; 40; 15; 68;0
3.2183320275700e-04; 40; 15; 68;0
3.2185256367500e-04; 40; 15; 68;0
3.2187191259000e-04; 40; 15; 68;0
3.2189127345100e-04; 40; 15; 68;0
3.2191062234300e-04; 40; 15; 68;0
3.2192998335100e-04; 40; 15; 68;0
3.2194610635300e-04; 40; 15; 68;0
3.2196546718800e-04; 40; 15; 68;0
3.2198481606500e-04; 40; 15; 68;0
3.2200417696600e-04; 40; 15; 68;0
3.2202352598800e-04; 40; 15; 68;0
3.2204288676900e-04; 40; 15; 68;0
3.2206223567600e-04; 40; 15; 68;0
3.2208159641100e-04; 40; 15; 67;0
3.2210094510800e-04; 40; 15; 67;0
3.2212030570300e-04; 40; 15; 67;0
3.2213965444900e-04; 40; 15; 67;0
3.2215901499700e-04; 40; 15; 67;0
3.2217836362900e-04; 40; 15; 67;0
3.2219772432500e-04; 40; 15; 67;0
3.2221707283400e-04; 40; 15; 67;0
3.2223643376900e-04; 40; 15; 67;0
3.2225578228100e-04; 40; 15; 67;0
3.2227514294800e-04; 40; 15; 67;0
3.2229449177000e-04; 40; 15; 67;0
3.2231385241400e-04; 40; 15; 67;0
3.2233320093100e-04; 40; 15; 67;0
3.2235256167900e-04; 40; 15; 67;0
3.2237191033800e-04; 40; 15; 67;0
3.2239127096800e-04; 40; 15; 67;0
3.2241061971400e-04; 40; 15; 67;0
3.2242998055200e-04; 40; 15; 68;0
3.2244610355600e-04; 40; 15; 68;0
3.2246546446200e-04; 40; 15; 68;0
3.2248481344000e-04; 40; 15; 68;0
3.2250417447100e-04; 40; 15; 68;0
3.2252352328900e-04; 40; 15; 68;0
3.2254288429400e-04; 40; 15; 68;0
3.2256223320500e-04; 40; 15; 68;0
3.2258159408800e-04; 40; 15; 68;0
3.2260094308500e-04; 40; 15; 68;0
3.2262030406200e-04; 40; 15; 68;0
3.2263965294000e-04; 40; 15; 68;0
3.2265901382100e-04; 40; 15; 68;0
3.2267836260500e-04; 40; 15; 68;0
3.2269772349700e-04; 40; 15; 68;0
3.2271707243800e-04; 40; 15; 68;0
3.2273643333600e-04; 40; 15; 68;0
3.2275578223000e-04; 40; 15; 68;0
3.2277514309500e-04; 40; 15; 68;0
3.2279449209200e-04; 40; 15; 68;0
3.2281385288300e-04; 40; 15; 68;0
3.2283320186800e-04; 40; 15; 68;0
3.2285256276000e-04; 40; 15; 68;0
3.2287191167800e-04; 40; 15; 68;0
3.2289127251000e-04; 40; 15; 68;0
3.2291062147700e-04; 40; 15; 68;0
3.2292998245000e-04; 40; 15; 68;0
3.2294610539000e-04; 40; 15; 68;0
3.2296546632800e-04; 40; 15; 68;0
3.2298481503700e-04; 40; 15; 68;0
3.2300417605900e-04; 40; 15; 68;0
3.2302352492000e-04; 40; 15; 68;0
3.2304288581000e-04; 40; 15; 68;0
3.2306223455400e-04; 40; 15; 68;0
3.2308159552500e-04; 40; 15; 68;0
3.2310094446300e-04; 40; 15; 68;0
3.2312030527800e-04; 40; 15; 68;0
3.2313965407800e-04; 40; 15; 68;0
3.2315901504300e-04; 40; 15; 68;0
3.2317836390300e-04; 40; 15; 68;0
3.2319772476600e-04; 40; 15; 68;0
3.2321707358700e-04; 40; 15; 68;0
3.2323643444600e-04; 40; 15; 68;0
3.2325578342600e-04; 40; 15; 68;0
3.2327514437400e-04; 40; 15; 68;0
3.2329449336800e-04; 40; 15; 68;0
3.2331385425200e-04; 40; 15; 68;0
3.2333320296900e-04; 40; 15; 68;0
3.2335256393600e-04; 40; 15; 68;0
3.2337191285300e-04; 40; 15; 68;0
3.2339127383800e-04; 40; 15; 68;0
3.2341062267100e-04; 40; 15; 68;0
3.2342998374600e-04; 40; 15; 68;0
3.2344610673700e-04; 40; 15; 68;0
3.2346546766800e-04; 40; 15; 68;0
3.2348481646300e-04; 40; 15; 68;0
3.2350417740700e-04; 40; 15; 68;0
3.2352352638900e-04; 40; 15; 68;0
3.2354288738300e-04; 40; 15; 68;0
3.2356223627400e-04; 40; 15; 68;0
3.2358159699300e-04; 40; 15; 67;0
3.2360094560200e-04; 40; 15; 67;0
3.2362030630100e-04; 40; 15; 67;0
3.2363965488200e-04; 40; 15; 67;0
3.2365901553600e-04; 40; 15; 67;0
3.2367836421100e-04; 40; 15; 67;0
3.2369772488800e-04; 40; 15; 67;0
3.2371707344800e-04; 40; 15; 67;0
3.2373643423700e-04; 40; 15; 67;0
3.2375578300500e-04; 40; 15; 67;0
3.2377514380700e-04; 40; 15; 67;0
3.2379449251200e-04; 40; 15; 67;0
3.2381385320200e-04; 40; 15; 67;0
3.2383320186100e-04; 40; 15; 67;0
3.2385256242100e-04; 40; 15; 67;0
3.2387191112000e-04; 40; 15; 67;0
3.2389127180400e-04; 40; 15; 67;0
3.2391062035400e-04; 40; 15; 67;0
3.2392998094400e-04; 40; 15; 67;0
3.2394610377600e-04; 40; 15; 67;0
3.2396546440500e-04; 40; 15; 67;0
3.2398481310100e-04; 40; 15; 67;0
3.2400417398500e-04; 40; 15; 68;0
3.2402352299400e-04; 40; 15; 68;0
3.2404288399800e-04; 40; 15; 68;0
3.2406223292400e-04; 40; 15; 68;0
3.2408159379700e-04; 40; 15; 68;0
3.2410094268600e-04; 40; 15; 68;0
3.2412030359200e-04; 40; 15; 68;0
3.2413965259000e-04; 40; 15; 68;0
3.2415901350700e-04; 40; 15; 68;0
3.2417836224300e-04; 40; 15; 68;0
3.2419772312300e-04; 40; 15; 68;0
3.2421707191600e-04; 40; 15; 68;0
3.2423643293700e-04; 40; 15; 68;0
3.2425578174200e-04; 40; 15; 68;0
3.2427514257800e-04; 40; 15; 68;0
3.2429449153100e-04; 40; 15; 68;0
3.2431385253300e-04; 40; 15; 68;0
3.2433320150900e-04; 40; 15; 68;0
3.2435256244600e-04; 40; 15; 68;0
3.2437191136800e-04; 40; 15; 68;0
3.2439127242800e-04; 40; 15; 68;0
3.2441062129600e-04; 40; 15; 68;0
3.2442998225900e-04; 40; 15; 68;0
3.2444610526900e-04; 40; 15; 68;0
3.2446546623900e-04; 40; 15; 68;0
3.2448481526900e-04; 40; 15; 68;0
3.2450417628700e-04; 40; 15; 68;0
3.2452352516600e-04; 40; 15; 68;0
3.2454288610900e-04; 40; 15; 68;0
3.2456223502100e-04; 40; 15; 68;0
3.2458159587800e-04; 40; 15; 68;0
3.2460094484700e-04; 40; 15; 68;0
3.2462030572000e-04; 40; 15; 68;0
3.2463965461400e-04; 40; 15; 68;0
3.2465901552700e-04; 40; 15; 68;0
3.2467836450400e-04; 40; 15; 68;0
3.2469772538900e-04; 40; 15; 68;0
3.2471707424800e-04; 40; 15; 68;0
3.2473643479800e-04; 40; 15; 67;0
3.2475578343800e-04; 40; 15; 67;0
3.2477514420000e-04; 40; 15; 67;0
3.2479449288000e-04; 40; 15; 67;0
3.2481385353100e-04; 40; 15; 67;0
3.2483320219200e-04; 40; 15; 67;0
3.2485256276800e-04; 40; 15; 67;0
3.2487191137000e-04; 40; 15; 67;0
3.2489127201800e-04; 40; 15; 67;0
3.2491062072700e-04; 40; 15; 67;0
3.2492998130500e-04; 40; 15; 67;0
3.2494610416700e-04; 40; 15; 67;0
3.2496546490100e-04; 40; 15; 67;0
3.2498481352000e-04; 40; 15; 67;0
3.2500417428000e-04; 40; 15; 67;0
3.2502352287100e-04; 40; 15; 67;0
3.2504288354100e-04; 40; 15; 67;0
3.2506223226700e-04; 40; 15; 67;0
3.2508159296900e-04; 40; 15; 67;0
3.2510094163800e-04; 40; 15; 67;0
3.2512030267600e-04; 40; 15; 68;0
3.2513965152900e-04; 40; 15; 68;0
3.2515901246100e-04; 40; 15; 68;0
3.2517836134700e-04; 40; 15; 68;0
3.2519772199400e-04; 40; 15; 68;0
3.2521707091700e-04; 40; 15; 68;0
3.2523643188200e-04; 40; 15; 68;0
3.2525578075800e-04; 40; 15; 68;0
3.2527514161100e-04; 40; 15; 68;0
3.2529449062200e-04; 40; 15; 68;0
3.2531385142900e-04; 40; 15; 68;0
3.2533320049800e-04; 40; 15; 68;0
3.2535256139100e-04; 40; 15; 68;0
3.2537191015300e-04; 40; 15; 68;0
3.2539127106800e-04; 40; 15; 68;0
3.2541061997700e-04; 40; 15; 68;0
3.2542998089800e-04; 40; 15; 68;0
3.2544610399000e-04; 40; 15; 68;0
3.2546546492500e-04; 40; 15; 68;0
3.2548481395400e-04; 40; 15; 68;0
3.2550417488200e-04; 40; 15; 68;0
3.2552352361700e-04; 40; 15; 68;0
3.2554288464200e-04; 40; 15; 68;0
3.2556223357900e-04; 40; 15; 68;0
3.2558159453800e-04; 40; 15; 68;0
3.2560094340000e-04; 40; 15; 68;0
3.2562030440700e-04; 40; 15; 68;0
3.2563965345100e-04; 40; 15; 68;0
3.2565901454400e-04; 40; 15; 68;0
3.2567836345100e-04; 40; 15; 68;0
3.2569772432400e-04; 40; 15; 68;0
3.2571707317600e-04; 40; 15; 68;0
3.2573643385000e-04; 40; 15; 67;0
3.2575578246500e-04; 40; 15; 67;0
3.2577514311500e-04; 40; 15; 67;0
3.2579449173100e-04; 40; 15; 67;0
3.2581385236900e-04; 40; 15; 67;0
3.2583320099600e-04; 40; 15; 67;0
3.2585256163700e-04; 40; 15; 67;0
3.2587191033900e-04; 40; 15; 67;0
3.2589127095500e-04; 40; 15; 67;0
3.2591061952000e-04; 40; 15; 67;0
3.2592998020400e-04; 40; 15; 67;0
3.2594610301300e-04; 40; 15; 67;0
3.2596546354600e-04; 40; 15; 67;0
3.2598481216100e-04; 40; 15; 67;0
3.2600417294500e-04; 40; 15; 67;0
3.2602352143900e-04; 40; 15; 67;0
3.2604288228700e-04; 40; 15; 67;0
3.2606223104300e-04; 40; 15; 67;0
3.2608159158100e-04; 40; 15; 67;0
3.2610094006100e-04; 40; 15; 67;0
3.2612030096800e-04; 40; 15; 68;0
3.2613965002900e-04; 40; 15; 68;0
3.2615901103700e-04; 40; 15; 68;0
3.2617836008100e-04; 40; 15; 68;0
3.2619772098900e-04; 40; 15; 68;0
3.2621707001900e-04; 40; 15; 68;0
3.2623643093700e-04; 40; 15; 68;0
3.2625577971100e-04; 40; 15; 68;0
3.2627514055500e-04; 40; 15; 68;0
3.2629448951600e-04; 40; 15; 68;0
3.2631385025800e-04; 40; 15; 68;0
3.2633319913100e-04; 40; 15; 68;0
3.2635256000400e-04; 40; 15; 68;0
3.2637190886600e-04; 40; 15; 68;0
3.2639126985300e-04; 40; 15; 68;0
3.2641061855300e-04; 40; 15; 68;0
3.2642997944900e-04; 40; 15; 68;0
3.2644610243000e-04; 40; 15; 68;0
3.2646546334800e-04; 40; 15; 68;0
3.2648481228000e-04; 40; 15; 68;0
3.2650417319700e-04; 40; 15; 68;0
3.2652352219700e-04; 40; 15; 68;0
3.2654288304000e-04; 40; 15; 68;0
3.2656223194000e-04; 40; 15; 68;0
3.2658159298400e-04; 40; 15; 68;0
3.2660094181200e-04; 40; 15; 68;0
3.2662030275100e-04; 40; 15; 68;0
3.2663965170600e-04; 40; 15; 68;0
3.2665901263000e-04; 40; 15; 68;0
3.2667836164100e-04; 40; 15; 68;0
3.2669772262500e-04; 40; 15; 68;0
3.2671707145600e-04; 40; 15; 68;0
3.2673643231700e-04; 40; 15; 68;0
3.2675578109400e-04; 40; 15; 68;0
3.2677514200400e-04; 40; 15; 68;0
3.2679449089600e-04; 40; 15; 68;0
3.2681385170700e-04; 40; 15; 68;0
3.2683320072500e-04; 40; 15; 68;0
3.2685256151000e-04; 40; 15; 68;0
3.2687191043700e-04; 40; 15; 68;0
3.2689127139700e-04; 40; 15; 68;0
3.2691062042000e-04; 40; 15; 68;0
3.2692998125100e-04; 40; 15; 68;0
3.2694610439500e-04; 40; 15; 68;0
3.2696546551100e-04; 40; 15; 68;0
3.2698481440500e-04; 40; 15; 68;0
3.2700417527400e-04; 40; 15; 68;0
3.2702352415600e-04; 40; 15; 68;0
3.2704288491800e-04; 40; 15; 68;0
3.2706223379400e-04; 40; 15; 68;0
3.2708159465100e-04; 40; 15; 68;0
3.2710094359800e-04; 40; 15; 68;0
3.2712030463600e-04; 40; 15; 68;0
3.2713965353800e-04; 40; 15; 68;0
3.2715901442000e-04; 40; 15; 68;0
3.2717836331700e-04; 40; 15; 68;0
3.2719772421200e-04; 40; 15; 68;0
3.2721707299200e-04; 40; 15; 68;0
3.2723643381300e-04; 40; 15; 67;0
3.2725578245400e-04; 40; 15; 67;0
3.2727514327500e-04; 40; 15; 67;0
3.2729449189300e-04; 40; 15; 67;0
3.2731385254800e-04; 40; 15; 67;0
3.2733320112800e-04; 40; 15; 67;0
3.2735256181900e-04; 40; 15; 67;0
3.2737191043200e-04; 40; 15; 67;0
3.2739127140900e-04; 40; 15; 68;0
3.2741062030000e-04; 40; 15; 68;0
3.2742998126500e-04; 40; 15; 68;0
3.2744610432400e-04; 40; 15; 68;0
3.2746546520400e-04; 40; 15; 68;0
3.2748481392100e-04; 40; 15; 68;0
3.2750417503300e-04; 40; 15; 68;0
3.2752352379300e-04; 40; 15; 68;0
3.2754288459300e-04; 40; 15; 68;0
3.2756223342800e-04; 40; 15; 68;0
3.2758159425700e-04; 40; 15; 68;0
3.2760094329700e-04; 40; 15; 68;0
3.2762030415000e-04; 40; 15; 68;0
3.2763965300700e-04; 40; 15; 68;0
3.2765901395700e-04; 40; 15; 68;0
3.2767836281000e-04; 40; 15; 68;0
3.2769772376400e-04; 40; 15; 68;0
3.2771707250100e-04; 40; 15; 68;0
3.2773643336800e-04; 40; 15; 68;0
3.2775578234000e-04; 40; 15; 68;0
3.2777514318700e-04; 40; 15; 68;0
3.2779449207100e-04; 40; 15; 68;0
3.2781385290200e-04; 40; 15; 68;0
3.2783320179200e-04; 40; 15; 68;0
3.2785256276800e-04; 40; 15; 68;0
3.2787191158900e-04; 40; 15; 68;0
3.2789127255000e-04; 40; 15; 68;0
3.2791062140800e-04; 40; 15; 68;0
3.2792998253500e-04; 40; 15; 68;0
3.2794610562900e-04; 40; 15; 68;0
3.2796546650300e-04; 40; 15; 68;0
3.2798481551200e-04; 40; 15; 68;0
3.2800417639100e-04; 40; 15; 68;0
3.2802352521200e-04; 40; 15; 68;0
3.2804288626400e-04; 40; 15; 68;0
3.2806223504200e-04; 40; 15; 68;0
3.2808159593300e-04; 40; 15; 68;0
3.2810094490000e-04; 40; 15; 68;0
3.2812030586500e-04; 40; 15; 68;0
3.2813965487700e-04; 40; 15; 68;0
3.2815901566000e-04; 40; 15; 68;0
3.2817836452800e-04; 40; 15; 68;0
3.2819772557300e-04; 40; 15; 68;0
3.2821707438800e-04; 40; 15; 68;0
3.2823643503200e-04; 40; 15; 67;0
3.2825578355700e-04; 40; 15; 67;0
3.2827514421800e-04; 40; 15; 67;0
3.2829449293600e-04; 40; 15; 67;0
3.2831385372200e-04; 40; 15; 67;0
3.2833320256600e-04; 40; 15; 67;0
3.2835256304000e-04; 40; 15; 67;0
3.2837191177500e-04; 40; 15; 67;0
3.2839127234600e-04; 40; 15; 67;0
3.2841062103800e-04; 40; 15; 67;0
3.2842998161100e-04; 40; 15; 67;0
3.2844610450000e-04; 40; 15; 67;0
3.2846546518200e-04; 40; 15; 67;0
3.2848481384200e-04; 40; 15; 67;0
3.2850417451700e-04; 40; 15; 67;0
3.2852352320600e-04; 40; 15; 67;0
3.2854288383300e-04; 40; 15; 67;0
3.2856223243600e-04; 40; 15; 67;0
3.2858159305000e-04; 40; 15; 67;0
3.2860094156100e-04; 40; 15; 67;0
3.2862030230600e-04; 40; 15; 67;0
3.2863965104400e-04; 40; 15; 67;0
3.2865901172800e-04; 40; 15; 67;0
3.2867836024800e-04; 40; 15; 67;0
3.2869772120500e-04; 40; 15; 68;0
3.2871707024000e-04; 40; 15; 68;0
3.2873643113000e-04; 40; 15; 68;0
3.2875578013800e-04; 40; 15; 68;0
3.2877514104100e-04; 40; 15; 68;0
3.2879448989300e-04; 40; 15; 68;0
3.2881385081500e-04; 40; 15; 68;0
3.2883319963700e-04; 40; 15; 68;0
3.2885256084500e-04; 40; 15; 68;0
3.2887190984900e-04; 40; 15; 68;0
3.2889127073700e-04; 40; 15; 68;0
3.2891061954000e-04; 40; 15; 68;0
3.2892998050300e-04; 40; 15; 68;0
3.2894610370100e-04; 40; 15; 68;0
3.2896546455600e-04; 40; 15; 68;0
3.2898481350500e-04; 40; 15; 68;0
3.2900417435700e-04; 40; 15; 68;0
3.2902352320500e-04; 40; 15; 68;0
3.2904288424200e-04; 40; 15; 68;0
3.2906223319700e-04; 40; 15; 68;0
3.2908159404600e-04; 40; 15; 68;0
3.2910094299200e-04; 40; 15; 68;0
3.2912030391500e-04; 40; 15; 68;0
3.2913965292500e-04; 40; 15; 68;0
3.2915901392700e-04; 40; 15; 68;0
3.2917836280600e-04; 40; 15; 68;0
3.2919772367700e-04; 40; 15; 68;0
3.2921707258100e-04; 40; 15; 68;0
3.2923643341700e-04; 40; 15; 68;0
3.2925578223300e-04; 40; 15; 68;0
3.2927514327500e-04; 40; 15; 68;0
3.2929449231600e-04; 40; 15; 68;0
3.2931385306900e-04; 40; 15; 68;0
3.2933320200000e-04; 40; 15; 68;0
3.2935256288400e-04; 40; 15; 68;0
3.2937191197000e-04; 40; 15; 68;0
3.2939127287900e-04; 40; 15; 68;0
3.2941062176500e-04; 40; 15; 68;0
3.2942998275500e-04; 40; 15; 68;0
3.2944610594400e-04; 40; 15; 68;0
3.2946546677700e-04; 40; 15; 68;0
3.2948481560000e-04; 40; 15; 68;0
3.2950417651000e-04; 40; 15; 68;0
3.2952352545200e-04; 40; 15; 68;0
3.2954288627700e-04; 40; 15; 68;0
3.2956223532300e-04; 40; 15; 68;0
3.2958159607700e-04; 40; 15; 68;0
3.2960094496100e-04; 40; 15; 68;0
3.2962030573700e-04; 40; 15; 68;0
3.2963965461700e-04; 40; 15; 68;0
3.2965901567400e-04; 40; 15; 68;0
3.2967836447400e-04; 40; 15; 68;0
3.2969772539100e-04; 40; 15; 68;0
3.2971707432800e-04; 40; 15; 68;0
3.2973643497700e-04; 40; 15; 67;0
3.2975578370500e-04; 40; 15; 67;0
3.2977514445600e-04; 40; 15; 67;0
3.2979449318300e-04; 40; 15; 67;0
3.2981385381500e-04; 40; 15; 67;0
3.2983320257100e-04; 40; 15; 67;0
3.2985256301000e-04; 40; 15; 67;0
3.2987191160500e-04; 40; 15; 67;0
3.2989127216100e-04; 40; 15; 67;0
3.2991062090200e-04; 40; 15; 67;0
3.2992998155800e-04; 40; 15; 67;0
3.2994610440500e-04; 40; 15; 67;0
3.2996546500100e-04; 40; 15; 67;0
3.2998481364800e-04; 40; 15; 67;0
3.3000417437100e-04; 40; 15; 67;0
3.3002352292600e-04; 40; 15; 67;0
3.3004288355800e-04; 40; 15; 67;0
3.3006223228800e-04; 40; 15; 67;0
3.3008159288200e-04; 40; 15; 67;0
3.3010094144500e-04; 40; 15; 67;0
3.3012030214200e-04; 40; 15; 67;0
3.3013965085500e-04; 40; 15; 67;0
3.3015901160700e-04; 40; 15; 67;0
3.3017836029500e-04; 40; 15; 67;0
3.3019772094700e-04; 40; 15; 67;0
3.3021706969800e-04; 40; 15; 67;0
3.3023643023800e-04; 40; 15; 67;0
3.3025577889100e-04; 40; 15; 67;0
3.3027513956700e-04; 40; 15; 67;0
3.3029448808700e-04; 40; 15; 67;0
3.3031384873600e-04; 40; 15; 67;0
3.3033319753700e-04; 40; 15; 67;0
3.3035255836800e-04; 40; 15; 68;0
3.3037190735500e-04; 40; 15; 68;0
3.3039126819000e-04; 40; 15; 68;0
3.3041061700800e-04; 40; 15; 68;0
3.3042997793700e-04; 40; 15; 68;0
3.3044610110400e-04; 40; 15; 68;0
3.3046546206000e-04; 40; 15; 68;0
3.3048481105900e-04; 40; 15; 68;0
3.3050417177100e-04; 40; 15; 68;0
3.3052352071100e-04; 40; 15; 68;0
3.3054288159700e-04; 40; 15; 68;0
3.3056223071400e-04; 40; 15; 68;0
3.3058159147200e-04; 40; 15; 68;0
3.3060094044100e-04; 40; 15; 68;0
3.3062030143900e-04; 40; 15; 68;0
3.3063965033500e-04; 40; 15; 68;0
3.3065901134700e-04; 40; 15; 68;0
3.3067836014300e-04; 40; 15; 68;0
3.3069772101200e-04; 40; 15; 68;0
3.3071706992600e-04; 40; 15; 68;0
3.3073643078300e-04; 40; 15; 68;0
3.3075577969900e-04; 40; 15; 68;0
3.3077514047500e-04; 40; 15; 68;0
3.3079448946800e-04; 40; 15; 68;0
3.3081385030700e-04; 40; 15; 68;0
3.3083319923200e-04; 40; 15; 68;0
3.3085256018600e-04; 40; 15; 68;0
3.3087190901200e-04; 40; 15; 68;0
3.3089126992000e-04; 40; 15; 68;0
3.3091061883900e-04; 40; 15; 68;0
3.3092997982700e-04; 40; 15; 68;0
3.3094610300300e-04; 40; 15; 68;0
3.3096546390800e-04; 40; 15; 68;0
3.3098481281300e-04; 40; 15; 68;0
3.3100417348600e-04; 40; 15; 68;0
3.3102352254100e-04; 40; 15; 68;0
3.3104288347500e-04; 40; 15; 68;0
3.3106223241700e-04; 40; 15; 68;0
3.3108159330600e-04; 40; 15; 68;0
3.3110094235300e-04; 40; 15; 68;0
3.3112030325400e-04; 40; 15; 68;0
3.3113965201500e-04; 40; 15; 68;0
3.3115901298000e-04; 40; 15; 68;0
3.3117836192500e-04; 40; 15; 68;0
3.3119772270800e-04; 40; 15; 68;0
3.3121707159000e-04; 40; 15; 68;0
3.3123643260400e-04; 40; 15; 68;0
3.3125578160300e-04; 40; 15; 68;0
3.3127514242200e-04; 40; 15; 68;0
3.3129449137000e-04; 40; 15; 68;0
3.3131385235900e-04; 40; 15; 68;0
3.3133320137800e-04; 40; 15; 68;0
3.3135256235700e-04; 40; 15; 68;0
3.3137191120300e-04; 40; 15; 68;0
3.3139127212800e-04; 40; 15; 68;0
3.3141062109300e-04; 40; 15; 68;0
3.3142998189900e-04; 40; 15; 68;0
3.3144610521500e-04; 40; 15; 68;0
3.3146546604800e-04; 40; 15; 68;0
3.3148481516100e-04; 40; 15; 68;0
3.3150417593500e-04; 40; 15; 68;0
3.3152352471300e-04; 40; 15; 68;0
3.3154288588200e-04; 40; 15; 68;0
3.3156223479300e-04; 40; 15; 68;0
3.3158159564900e-04; 40; 15; 68;0
3.3160094457100e-04; 40; 15; 68;0
3.3162030548000e-04; 40; 15; 68;0
3.3163965437700e-04; 40; 15; 68;0
3.3165901539900e-04; 40; 15; 68;0
3.3167836434600e-04; 40; 15; 68;0
3.3169772517300e-04; 40; 15; 68;0
3.3171707399100e-04; 40; 15; 68;0
3.3173643479100e-04; 40; 15; 68;0
3.3175578372200e-04; 40; 15; 68;0
3.3177514463300e-04; 40; 15; 68;0
3.3179449357200e-04; 40; 15; 68;0
3.3181385443700e-04; 40; 15; 68;0
3.3183320335700e-04; 40; 15; 68;0
3.3185256429900e-04; 40; 15; 68;0
3.3187191334000e-04; 40; 15; 68;0
3.3189127439100e-04; 40; 15; 68;0
3.3191062322700e-04; 40; 15; 68;0
3.3192998426600e-04; 40; 15; 68;0
3.3194610721900e-04; 40; 15; 68;0
3.3196546784400e-04; 40; 15; 67;0
3.3198481646500e-04; 40; 15; 67;0
3.3200417712000e-04; 40; 15; 67;0
3.3202352571100e-04; 40; 15; 67;0
3.3204288652900e-04; 40; 15; 67;0
3.3206223525900e-04; 40; 15; 67;0
3.3208159598200e-04; 40; 15; 67;0
3.3210094440500e-04; 40; 15; 67;0
3.3212030522600e-04; 40; 15; 67;0
3.3213965390600e-04; 40; 15; 67;0
3.3215901448900e-04; 40; 15; 67;0
3.3217836315100e-04; 40; 15; 67;0
3.3219772374600e-04; 40; 15; 67;0
3.3221707243400e-04; 40; 15; 67;0
3.3223643309900e-04; 40; 15; 67;0
3.3225578180400e-04; 40; 15; 67;0
3.3227514235800e-04; 40; 15; 67;0
3.3229449109100e-04; 40; 15; 67;0
3.3231385169100e-04; 40; 15; 67;0
3.3233320042600e-04; 40; 15; 67;0
3.3235256098200e-04; 40; 15; 67;0
3.3237190961700e-04; 40; 15; 67;0
3.3239127029400e-04; 40; 15; 67;0
3.3241061906600e-04; 40; 15; 67;0
3.3242997968200e-04; 40; 15; 67;0
3.3244610243800e-04; 40; 15; 67;0
3.3246546354200e-04; 40; 15; 68;0
3.3248481256100e-04; 40; 15; 68;0
3.3250417337000e-04; 40; 15; 68;0
3.3252352241700e-04; 40; 15; 68;0
3.3254288321400e-04; 40; 15; 68;0
3.3256223209100e-04; 40; 15; 68;0
3.3258159298500e-04; 40; 15; 68;0
3.3260094187000e-04; 40; 15; 68;0
3.3262030285500e-04; 40; 15; 68;0
3.3263965162700e-04; 40; 15; 68;0
3.3265901235000e-04; 40; 15; 68;0
3.3267836139200e-04; 40; 15; 68;0
3.3269772213600e-04; 40; 15; 68;0
3.3271707108100e-04; 40; 15; 68;0
3.3273643196500e-04; 40; 15; 68;0
3.3275578082700e-04; 40; 15; 68;0
3.3277514190800e-04; 40; 15; 68;0
3.3279449079600e-04; 40; 15; 68;0
3.3281385178900e-04; 40; 15; 68;0
3.3283320063700e-04; 40; 15; 68;0
3.3285256140700e-04; 40; 15; 68;0
3.3287191035800e-04; 40; 15; 68;0
3.3289127131100e-04; 40; 15; 68;0
3.3291062026200e-04; 40; 15; 68;0
3.3292998133900e-04; 40; 15; 68;0
3.3294610440900e-04; 40; 15; 68;0
3.3296546522500e-04; 40; 15; 68;0
3.3298481416100e-04; 40; 15; 68;0
3.3300417506400e-04; 40; 15; 68;0
3.3302352383800e-04; 40; 15; 68;0
3.3304288470000e-04; 40; 15; 68;0
3.3306223381100e-04; 40; 15; 68;0
3.3308159465100e-04; 40; 15; 68;0
3.3310094354200e-04; 40; 15; 68;0
3.3312030442400e-04; 40; 15; 68;0
3.3313965336600e-04; 40; 15; 68;0
3.3315901431300e-04; 40; 15; 68;0
3.3317836308100e-04; 40; 15; 68;0
3.3319772386100e-04; 40; 15; 68;0
3.3321707288600e-04; 40; 15; 68;0
3.3323643359300e-04; 40; 15; 67;0
3.3325578223600e-04; 40; 15; 67;0
3.3327514296400e-04; 40; 15; 67;0
3.3329449167400e-04; 40; 15; 67;0
3.3331385234700e-04; 40; 15; 67;0
3.3333320102100e-04; 40; 15; 67;0
3.3335256173800e-04; 40; 15; 67;0
3.3337191037100e-04; 40; 15; 67;0
3.3339127106300e-04; 40; 15; 67;0
3.3341061983800e-04; 40; 15; 67;0
3.3342998047900e-04; 40; 15; 67;0
3.3344610336100e-04; 40; 15; 67;0
3.3346546401200e-04; 40; 15; 67;0
3.3348481270100e-04; 40; 15; 67;0
3.3350417349200e-04; 40; 15; 67;0
3.3352352235800e-04; 40; 15; 67;0
3.3354288286600e-04; 40; 15; 67;0
3.3356223149700e-04; 40; 15; 67;0
3.3358159214000e-04; 40; 15; 67;0
3.3360094078800e-04; 40; 15; 67;0
3.3362030174600e-04; 40; 15; 68;0
3.3363965064500e-04; 40; 15; 68;0
3.3365901155000e-04; 40; 15; 68;0
3.3367836052600e-04; 40; 15; 68;0
3.3369772138500e-04; 40; 15; 68;0
3.3371707033000e-04; 40; 15; 68;0
3.3373643117600e-04; 40; 15; 68;0
3.3375578004000e-04; 40; 15; 68;0
3.3377514090500e-04; 40; 15; 68;0
3.3379448984400e-04; 40; 15; 68;0
3.3381385060500e-04; 40; 15; 68;0
3.3383319975500e-04; 40; 15; 68;0
3.3385256053100e-04; 40; 15; 68;0
3.3387190939000e-04; 40; 15; 68;0
3.3389127047500e-04; 40; 15; 68;0
3.3391061936100e-04; 40; 15; 68;0
3.3392998034800e-04; 40; 15; 68;0
3.3394610335700e-04; 40; 15; 68;0
3.3396546431700e-04; 40; 15; 68;0
3.3398481307100e-04; 40; 15; 68;0
3.3400417400800e-04; 40; 15; 68;0
3.3402352282000e-04; 40; 15; 68;0
3.3404288370400e-04; 40; 15; 68;0
3.3406223267800e-04; 40; 15; 68;0
3.3408159355000e-04; 40; 15; 68;0
3.3410094240600e-04; 40; 15; 68;0
3.3412030343300e-04; 40; 15; 68;0
3.3413965232900e-04; 40; 15; 68;0
3.3415901331900e-04; 40; 15; 68;0
3.3417836222300e-04; 40; 15; 68;0
3.3419772306600e-04; 40; 15; 68;0
3.3421707202200e-04; 40; 15; 68;0
3.3423643295400e-04; 40; 15; 68;0
3.3425578182500e-04; 40; 15; 68;0
3.3427514265300e-04; 40; 15; 68;0
3.3429449155100e-04; 40; 15; 68;0
3.3431385247400e-04; 40; 15; 68;0
3.3433320139100e-04; 40; 15; 68;0
3.3435256231100e-04; 40; 15; 68;0
3.3437191114200e-04; 40; 15; 68;0
3.3439127211800e-04; 40; 15; 68;0
3.3441062108400e-04; 40; 15; 68;0
3.3442998194800e-04; 40; 15; 68;0
3.3444610502000e-04; 40; 15; 68;0
3.3446546583500e-04; 40; 15; 68;0
3.3448481469000e-04; 40; 15; 68;0
3.3450417569300e-04; 40; 15; 68;0
3.3452352462500e-04; 40; 15; 68;0
3.3454288561900e-04; 40; 15; 68;0
3.3456223461300e-04; 40; 15; 68;0
3.3458159539200e-04; 40; 15; 68;0
3.3460094443200e-04; 40; 15; 68;0
3.3462030525900e-04; 40; 15; 68;0
3.3463965425800e-04; 40; 15; 68;0
3.3465901515200e-04; 40; 15; 68;0
3.3467836407800e-04; 40; 15; 68;0
3.3469772510400e-04; 40; 15; 68;0
3.3471707406500e-04; 40; 15; 68;0
3.3473643448500e-04; 40; 15; 67;0
3.3475578315200e-04; 40; 15; 67;0
3.3477514388100e-04; 40; 15; 67;0
3.3479449251900e-04; 40; 15; 67;0
3.3481385345800e-04; 40; 15; 68;0
3.3483320230500e-04; 40; 15; 68;0
3.3485256318900e-04; 40; 15; 68;0
3.3487191218700e-04; 40; 15; 68;0
3.3489127322500e-04; 40; 15; 68;0
3.3491062200600e-04; 40; 15; 68;0
3.3492998301100e-04; 40; 15; 68;0
3.3494610596200e-04; 40; 15; 68;0
3.3496546680600e-04; 40; 15; 68;0
3.3498481571200e-04; 40; 15; 68;0
3.3500417625300e-04; 40; 15; 67;0
3.3502352489500e-04; 40; 15; 67;0
3.3504288564200e-04; 40; 15; 67;0
3.3506223428000e-04; 40; 15; 67;0
3.3508159494600e-04; 40; 15; 67;0
3.3510094356100e-04; 40; 15; 67;0
3.3512030430100e-04; 40; 15; 67;0
3.3513965301000e-04; 40; 15; 67;0
3.3515901354600e-04; 40; 15; 67;0
3.3517836221400e-04; 40; 15; 67;0
3.3519772295600e-04; 40; 15; 67;0
3.3521707144200e-04; 40; 15; 67;0
3.3523643222200e-04; 40; 15; 67;0
3.3525578093400e-04; 40; 15; 67;0
3.3527514168600e-04; 40; 15; 67;0
3.3529449025800e-04; 40; 15; 67;0
3.3531385092500e-04; 40; 15; 67;0
3.3533319964700e-04; 40; 15; 67;0
3.3535256045300e-04; 40; 15; 68;0
3.3537190936900e-04; 40; 15; 68;0
3.3539127009900e-04; 40; 15; 68;0
3.3541061902400e-04; 40; 15; 68;0
3.3542997980400e-04; 40; 15; 68;0
3.3544610295200e-04; 40; 15; 68;0
3.3546546383400e-04; 40; 15; 68;0
3.3548481282700e-04; 40; 15; 68;0
3.3550417375100e-04; 40; 15; 68;0
3.3552352266700e-04; 40; 15; 68;0
3.3554288361500e-04; 40; 15; 68;0
3.3556223262500e-04; 40; 15; 68;0
3.3558159362300e-04; 40; 15; 68;0
3.3560094232800e-04; 40; 15; 68;0
3.3562030331400e-04; 40; 15; 68;0
3.3563965203700e-04; 40; 15; 68;0
3.3565901297800e-04; 40; 15; 68;0
3.3567836189200e-04; 40; 15; 68;0
3.3569772288300e-04; 40; 15; 68;0
3.3571707186000e-04; 40; 15; 68;0
3.3573643281900e-04; 40; 15; 68;0
3.3575578178200e-04; 40; 15; 68;0
3.3577514268800e-04; 40; 15; 68;0
3.3579449160500e-04; 40; 15; 68;0
3.3581385249200e-04; 40; 15; 68;0
3.3583320141500e-04; 40; 15; 68;0
3.3585256221200e-04; 40; 15; 68;0
3.3587191128100e-04; 40; 15; 68;0
3.3589127221800e-04; 40; 15; 68;0
3.3591062117300e-04; 40; 15; 68;0
3.3592998214000e-04; 40; 15; 68;0
3.3594610517700e-04; 40; 15; 68;0
3.3596546610600e-04; 40; 15; 68;0
3.3598481493500e-04; 40; 15; 68;0
3.3600417590900e-04; 40; 15; 68;0
3.3602352478400e-04; 40; 15; 68;0
3.3604288572000e-04; 40; 15; 68;0
3.3606223451300e-04; 40; 15; 68;0
3.3608159548300e-04; 40; 15; 68;0
3.3610094444600e-04; 40; 15; 68;0
3.3612030534400e-04; 40; 15; 68;0
3.3613965438700e-04; 40; 15; 68;0
3.3615901509600e-04; 40; 15; 67;0
3.3617836369800e-04; 40; 15; 67;0
3.3619772422800e-04; 40; 15; 67;0
3.3621707303600e-04; 40; 15; 67;0
3.3623643349900e-04; 40; 15; 67;0
3.3625578227500e-04; 40; 15; 67;0
3.3627514290000e-04; 40; 15; 67;0
3.3629449164000e-04; 40; 15; 67;0
3.3631385220900e-04; 40; 15; 67;0
3.3633320087800e-04; 40; 15; 67;0
3.3635256159800e-04; 40; 15; 67;0
3.3637191033800e-04; 40; 15; 67;0
3.3639127111500e-04; 40; 15; 68;0
3.3641061995500e-04; 40; 15; 68;0
3.3642998095100e-04; 40; 15; 68;0
3.3644610411000e-04; 40; 15; 68;0
3.3646546492100e-04; 40; 15; 68;0
3.3648481401400e-04; 40; 15; 68;0
3.3650417496200e-04; 40; 15; 68;0
3.3652352378500e-04; 40; 15; 68;0
3.3654288475600e-04; 40; 15; 68;0
3.3656223369400e-04; 40; 15; 68;0
3.3658159446700e-04; 40; 15; 68;0
3.3660094348700e-04; 40; 15; 68;0
3.3662030442000e-04; 40; 15; 68;0
3.3663965337600e-04; 40; 15; 68;0
3.3665901417700e-04; 40; 15; 68;0
3.3667836319900e-04; 40; 15; 68;0
3.3669772410100e-04; 40; 15; 68;0
3.3671707308400e-04; 40; 15; 68;0
3.3673643394100e-04; 40; 15; 68;0
3.3675578277600e-04; 40; 15; 68;0
3.3677514368900e-04; 40; 15; 68;0
3.3679449271300e-04; 40; 15; 68;0
3.3681385350100e-04; 40; 15; 68;0
3.3683320226300e-04; 40; 15; 68;0
3.3685256321000e-04; 40; 15; 68;0
3.3687191221600e-04; 40; 15; 68;0
3.3689127310300e-04; 40; 15; 68;0
3.3691062207600e-04; 40; 15; 68;0
3.3692998309500e-04; 40; 15; 68;0
3.3694610625100e-04; 40; 15; 68;0
3.3696546706700e-04; 40; 15; 68;0
3.3698481596800e-04; 40; 15; 68;0
3.3700417686800e-04; 40; 15; 68;0
3.3702352581100e-04; 40; 15; 68;0
3.3704288655100e-04; 40; 15; 67;0
3.3706223524700e-04; 40; 15; 67;0
3.3708159586700e-04; 40; 15; 67;0
3.3710094450600e-04; 40; 15; 67;0
3.3712030528700e-04; 40; 15; 67;0
3.3713965380700e-04; 40; 15; 67;0
3.3715901448000e-04; 40; 15; 67;0
3.3717836288100e-04; 40; 15; 67;0
3.3719772355800e-04; 40; 15; 67;0
3.3721707216400e-04; 40; 15; 67;0
3.3723643289800e-04; 40; 15; 67;0
3.3725578164900e-04; 40; 15; 67;0
3.3727514236500e-04; 40; 15; 67;0
3.3729449092500e-04; 40; 15; 67;0
3.3731385170500e-04; 40; 15; 67;0
3.3733320045600e-04; 40; 15; 67;0
3.3735256106400e-04; 40; 15; 67;0
3.3737190980600e-04; 40; 15; 67;0
3.3739127049400e-04; 40; 15; 67;0
3.3741061924300e-04; 40; 15; 67;0
3.3742998022400e-04; 40; 15; 68;0
3.3744610340600e-04; 40; 15; 68;0
3.3746546446000e-04; 40; 15; 68;0
3.3748481337500e-04; 40; 15; 68;0
3.3750417443300e-04; 40; 15; 68;0
3.3752352323500e-04; 40; 15; 68;0
3.3754288403200e-04; 40; 15; 68;0
3.3756223302700e-04; 40; 15; 68;0
3.3758159398000e-04; 40; 15; 68;0
3.3760094300100e-04; 40; 15; 68;0
3.3762030389800e-04; 40; 15; 68;0
3.3763965269600e-04; 40; 15; 68;0
3.3765901360700e-04; 40; 15; 68;0
3.3767836250700e-04; 40; 15; 68;0
3.3769772351000e-04; 40; 15; 68;0
3.3771707229700e-04; 40; 15; 68;0
3.3773643322700e-04; 40; 15; 68;0
3.3775578208600e-04; 40; 15; 68;0
3.3777514317500e-04; 40; 15; 68;0
3.3779449215500e-04; 40; 15; 68;0
3.3781385307100e-04; 40; 15; 68;0
3.3783320205600e-04; 40; 15; 68;0
3.3785256300000e-04; 40; 15; 68;0
3.3787191192400e-04; 40; 15; 68;0
3.3789127280400e-04; 40; 15; 68;0
3.3791062177500e-04; 40; 15; 68;0
3.3792998275500e-04; 40; 15; 68;0
3.3794610592500e-04; 40; 15; 68;0
3.3796546670400e-04; 40; 15; 68;0
3.3798481569900e-04; 40; 15; 68;0
3.3800417650000e-04; 40; 15; 68;0
3.3802352546300e-04; 40; 15; 68;0
3.3804288647500e-04; 40; 15; 68;0
3.3806223542200e-04; 40; 15; 68;0
3.3808159625300e-04; 40; 15; 68;0
3.3810094524000e-04; 40; 15; 68;0
3.3812030603400e-04; 40; 15; 68;0
3.3813965479700e-04; 40; 15; 68;0
3.3815901552300e-04; 40; 15; 67;0
3.3817836399500e-04; 40; 15; 67;0
3.3819772468600e-04; 40; 15; 67;0
3.3821707325900e-04; 40; 15; 67;0
3.3823643406400e-04; 40; 15; 67;0
3.3825578284800e-04; 40; 15; 67;0
3.3827514342000e-04; 40; 15; 67;0
3.3829449212200e-04; 40; 15; 67;0
3.3831385281100e-04; 40; 15; 67;0
3.3833320148500e-04; 40; 15; 67;0
3.3835256207600e-04; 40; 15; 67;0
3.3837191076500e-04; 40; 15; 67;0
3.3839127145400e-04; 40; 15; 67;0
3.3841062011000e-04; 40; 15; 67;0
3.3842998101000e-04; 40; 15; 67;0
3.3844610394200e-04; 40; 15; 67;0
3.3846546439900e-04; 40; 15; 67;0
3.3848481300800e-04; 40; 15; 67;0
3.3850417373500e-04; 40; 15; 67;0
3.3852352245900e-04; 40; 15; 67;0
3.3854288308800e-04; 40; 15; 67;0
3.3856223165500e-04; 40; 15; 67;0
3.3858159247300e-04; 40; 15; 67;0
3.3860094119200e-04; 40; 15; 67;0
3.3862030183200e-04; 40; 15; 67;0
3.3863965037100e-04; 40; 15; 67;0
3.3865901118200e-04; 40; 15; 68;0
3.3867836009400e-04; 40; 15; 68;0
3.3869772081700e-04; 40; 15; 68;0
3.3871706984100e-04; 40; 15; 68;0
3.3873643069400e-04; 40; 15; 68;0
3.3875577969300e-04; 40; 15; 68;0
3.3877514069400e-04; 40; 15; 68;0
3.3879448959000e-04; 40; 15; 68;0
3.3881385050300e-04; 40; 15; 68;0
3.3883319956000e-04; 40; 15; 68;0
3.3885256051900e-04; 40; 15; 68;0
3.3887190936200e-04; 40; 15; 68;0
3.3889127025200e-04; 40; 15; 68;0
3.3891061919900e-04; 40; 15; 68;0
3.3892998005400e-04; 40; 15; 68;0
3.3894610309200e-04; 40; 15; 68;0
3.3896546399800e-04; 40; 15; 68;0
3.3898481291500e-04; 40; 15; 68;0
3.3900417390300e-04; 40; 15; 68;0
3.3902352282400e-04; 40; 15; 68;0
3.3904288378100e-04; 40; 15; 68;0
3.3906223266000e-04; 40; 15; 68;0
3.3908159363300e-04; 40; 15; 68;0
3.3910094252500e-04; 40; 15; 68;0
3.3912030340700e-04; 40; 15; 68;0
3.3913965239900e-04; 40; 15; 68;0
3.3915901340400e-04; 40; 15; 68;0
3.3917836232500e-04; 40; 15; 68;0
3.3919772330300e-04; 40; 15; 68;0
3.3921707224300e-04; 40; 15; 68;0
3.3923643319600e-04; 40; 15; 68;0
3.3925578196900e-04; 40; 15; 68;0
3.3927514288300e-04; 40; 15; 68;0
3.3929449161800e-04; 40; 15; 68;0
3.3931385254500e-04; 40; 15; 68;0
3.3933320152200e-04; 40; 15; 68;0
3.3935256230500e-04; 40; 15; 68;0
3.3937191117300e-04; 40; 15; 68;0
3.3939127206400e-04; 40; 15; 68;0
3.3941062119900e-04; 40; 15; 68;0
3.3942998208900e-04; 40; 15; 68;0
3.3944610530900e-04; 40; 15; 68;0
3.3946546628500e-04; 40; 15; 68;0
3.3948481519300e-04; 40; 15; 68;0
3.3950417619400e-04; 40; 15; 68;0
3.3952352500200e-04; 40; 15; 68;0
3.3954288585400e-04; 40; 15; 68;0
3.3956223476000e-04; 40; 15; 68;0
3.3958159567200e-04; 40; 15; 68;0
3.3960094463700e-04; 40; 15; 68;0
3.3962030538900e-04; 40; 15; 68;0
3.3963965429700e-04; 40; 15; 68;0
3.3965901498000e-04; 40; 15; 67;0
3.3967836363900e-04; 40; 15; 67;0
3.3969772435800e-04; 40; 15; 67;0
3.3971707293000e-04; 40; 15; 67;0
3.3973643368000e-04; 40; 15; 67;0
3.3975578236400e-04; 40; 15; 67;0
3.3977514295300e-04; 40; 15; 67;0
3.3979449161700e-04; 40; 15; 67;0
3.3981385252900e-04; 40; 15; 67;0
3.3983320110900e-04; 40; 15; 67;0
3.3985256182700e-04; 40; 15; 67;0
3.3987191059800e-04; 40; 15; 67;0
3.3989127137600e-04; 40; 15; 67;0
3.3991062001800e-04; 40; 15; 67;0
3.3992998070700e-04; 40; 15; 67;0
3.3994610363200e-04; 40; 15; 67;0
3.3996546433000e-04; 40; 15; 67;0
3.3998481297000e-04; 40; 15; 67;0
3.4000417349900e-04; 40; 15; 67;0
3.4002352220900e-04; 40; 15; 67;0
3.4004288287500e-04; 40; 15; 67;0
3.4006223163500e-04; 40; 15; 67;0
3.4008159214500e-04; 40; 15; 67;0
3.4010094075400e-04; 40; 15; 67;0
3.4012030156400e-04; 40; 15; 68;0
3.4013965054300e-04; 40; 15; 68;0
3.4015901151200e-04; 40; 15; 68;0
3.4017836051600e-04; 40; 15; 68;0
3.4019772133800e-04; 40; 15; 68;0
3.4021707018800e-04; 40; 15; 68;0
3.4023643111600e-04; 40; 15; 68;0
3.4025578014100e-04; 40; 15; 68;0
3.4027514099700e-04; 40; 15; 68;0
3.4029448999300e-04; 40; 15; 68;0
3.4031385076000e-04; 40; 15; 68;0
3.4033319963100e-04; 40; 15; 68;0
3.4035256074300e-04; 40; 15; 68;0
3.4037190949000e-04; 40; 15; 68;0
3.4039127050300e-04; 40; 15; 68;0
3.4041061943000e-04; 40; 15; 68;0
3.4042998021900e-04; 40; 15; 68;0
3.4044610336500e-04; 40; 15; 68;0
3.4046546425300e-04; 40; 15; 68;0
3.4048481316600e-04; 40; 15; 68;0
3.4050417398100e-04; 40; 15; 68;0
3.4052352312700e-04; 40; 15; 68;0
3.4054288401800e-04; 40; 15; 68;0
3.4056223292100e-04; 40; 15; 68;0
3.4058159380900e-04; 40; 15; 68;0
3.4060094273900e-04; 40; 15; 68;0
3.4062030374200e-04; 40; 15; 68;0
3.4063965258600e-04; 40; 15; 68;0
3.4065901336900e-04; 40; 15; 68;0
3.4067836230100e-04; 40; 15; 68;0
3.4069772342700e-04; 40; 15; 68;0
3.4071707244600e-04; 40; 15; 68;0
3.4073643345800e-04; 40; 15; 68;0
3.4075578231400e-04; 40; 15; 68;0
3.4077514305200e-04; 40; 15; 68;0
3.4079449182600e-04; 40; 15; 68;0
3.4081385266700e-04; 40; 15; 68;0
3.4083320167200e-04; 40; 15; 68;0
3.4085256270700e-04; 40; 15; 68;0
3.4087191149900e-04; 40; 15; 68;0
3.4089127246800e-04; 40; 15; 68;0
3.4091062127000e-04; 40; 15; 68;0
3.4092998213700e-04; 40; 15; 68;0
3.4094610526500e-04; 40; 15; 68;0
3.4096546618600e-04; 40; 15; 68;0
3.4098481524400e-04; 40; 15; 68;0
3.4100417620700e-04; 40; 15; 68;0
3.4102352508800e-04; 40; 15; 68;0
3.4104288583900e-04; 40; 15; 68;0
3.4106223493700e-04; 40; 15; 68;0
3.4108159583600e-04; 40; 15; 68;0
3.4110094470200e-04; 40; 15; 68;0
3.4112030566100e-04; 40; 15; 68;0
3.4113965470200e-04; 40; 15; 68;0
3.4115901557500e-04; 40; 15; 68;0
3.4117836456300e-04; 40; 15; 68;0
3.4119772534100e-04; 40; 15; 67;0
3.4121707383000e-04; 40; 15; 67;0
3.4123643464700e-04; 40; 15; 67;0
3.4125578334600e-04; 40; 15; 67;0
3.4127514396700e-04; 40; 15; 67;0
3.4129449263700e-04; 40; 15; 67;0
3.4131385331800e-04; 40; 15; 67;0
3.4133320202600e-04; 40; 15; 67;0
3.4135256274500e-04; 40; 15; 67;0
3.4137191139600e-04; 40; 15; 67;0
3.4139127203900e-04; 40; 15; 67;0
3.4141062074500e-04; 40; 15; 67;0
3.4142998140800e-04; 40; 15; 67;0
3.4144610430900e-04; 40; 15; 67;0
3.4146546492600e-04; 40; 15; 67;0
3.4148481362300e-04; 40; 15; 67;0
3.4150417423500e-04; 40; 15; 67;0
3.4152352301400e-04; 40; 15; 67;0
3.4154288358900e-04; 40; 15; 67;0
3.4156223240000e-04; 40; 15; 67;0
3.4158159296300e-04; 40; 15; 67;0
3.4160094154300e-04; 40; 15; 67;0
3.4162030242400e-04; 40; 15; 68;0
3.4163965130200e-04; 40; 15; 68;0
3.4165901211800e-04; 40; 15; 68;0
3.4167836105000e-04; 40; 15; 68;0
3.4169772187300e-04; 40; 15; 68;0
3.4171707087900e-04; 40; 15; 68;0
3.4173643175800e-04; 40; 15; 68;0
3.4175578079300e-04; 40; 15; 68;0
3.4177514168200e-04; 40; 15; 68;0
3.4179449066400e-04; 40; 15; 68;0
3.4181385155000e-04; 40; 15; 68;0
3.4183320046900e-04; 40; 15; 68;0
3.4185256135300e-04; 40; 15; 68;0
3.4187191024700e-04; 40; 15; 68;0
3.4189127122500e-04; 40; 15; 68;0
3.4191062005200e-04; 40; 15; 68;0
3.4192998099900e-04; 40; 15; 68;0
3.4194610420800e-04; 40; 15; 68;0
3.4196546521400e-04; 40; 15; 68;0
3.4198481408000e-04; 40; 15; 68;0
3.4200417508000e-04; 40; 15; 68;0
3.4202352389500e-04; 40; 15; 68;0
3.4204288479400e-04; 40; 15; 68;0
3.4206223365800e-04; 40; 15; 68;0
3.4208159446400e-04; 40; 15; 68;0
3.4210094339600e-04; 40; 15; 68;0
3.4212030437800e-04; 40; 15; 68;0
3.4213965333000e-04; 40; 15; 68;0
3.4215901432000e-04; 40; 15; 68;0
3.4217836315300e-04; 40; 15; 68;0
3.4219772420200e-04; 40; 15; 68;0
3.4221707306100e-04; 40; 15; 68;0
3.4223643385800e-04; 40; 15; 68;0
3.4225578269900e-04; 40; 15; 68;0
3.4227514341400e-04; 40; 15; 67;0
3.4229449202300e-04; 40; 15; 67;0
3.4231385267600e-04; 40; 15; 67;0
3.4233320136400e-04; 40; 15; 67;0
3.4235256203200e-04; 40; 15; 67;0
3.4237191076200e-04; 40; 15; 67;0
3.4239127151100e-04; 40; 15; 67;0
3.4241062007300e-04; 40; 15; 67;0
3.4242998072600e-04; 40; 15; 67;0
3.4244610361400e-04; 40; 15; 67;0
3.4246546457800e-04; 40; 15; 68;0
3.4248481346100e-04; 40; 15; 68;0
3.4250417458500e-04; 40; 15; 68;0
3.4252352351900e-04; 40; 15; 68;0
3.4254288453200e-04; 40; 15; 68;0
3.4256223331000e-04; 40; 15; 68;0
3.4258159432400e-04; 40; 15; 68;0
3.4260094316700e-04; 40; 15; 68;0
3.4262030392300e-04; 40; 15; 68;0
3.4263965281600e-04; 40; 15; 68;0
3.4265901401600e-04; 40; 15; 68;0
3.4267836291000e-04; 40; 15; 68;0
3.4269772389200e-04; 40; 15; 68;0
3.4271707291800e-04; 40; 15; 68;0
3.4273643377200e-04; 40; 15; 68;0
3.4275578260100e-04; 40; 15; 68;0
3.4277514370900e-04; 40; 15; 68;0
3.4279449229100e-04; 40; 15; 68;0
3.4281385338900e-04; 40; 15; 68;0
3.4283320234000e-04; 40; 15; 68;0
3.4285256313000e-04; 40; 15; 68;0
3.4287191210100e-04; 40; 15; 68;0
3.4289127297600e-04; 40; 15; 68;0
3.4291062200100e-04; 40; 15; 68;0
3.4292998298200e-04; 40; 15; 68;0
3.4294610614000e-04; 40; 15; 68;0
3.4296546706600e-04; 40; 15; 68;0
3.4298481594000e-04; 40; 15; 68;0
3.4300417671800e-04; 40; 15; 68;0
3.4302352563800e-04; 40; 15; 68;0
3.4304288653200e-04; 40; 15; 68;0
3.4306223553700e-04; 40; 15; 68;0
3.4308159625600e-04; 40; 15; 68;0
3.4310094515000e-04; 40; 15; 68;0
3.4312030611400e-04; 40; 15; 68;0
3.4313965486000e-04; 40; 15; 68;0
3.4315901572900e-04; 40; 15; 67;0
3.4317836436500e-04; 40; 15; 67;0
3.4319772511700e-04; 40; 15; 67;0
3.4321707376300e-04; 40; 15; 67;0
3.4323643451800e-04; 40; 15; 67;0
3.4325578318000e-04; 40; 15; 67;0
3.4327514379200e-04; 40; 15; 67;0
3.4329449254700e-04; 40; 15; 67;0
3.4331385320900e-04; 40; 15; 67;0
3.4333320204500e-04; 40; 15; 67;0
3.4335256266400e-04; 40; 15; 67;0
3.4337191137800e-04; 40; 15; 67;0
3.4339127211500e-04; 40; 15; 67;0
3.4341062083600e-04; 40; 15; 67;0
3.4342998156400e-04; 40; 15; 67;0
3.4344610435800e-04; 40; 15; 67;0
3.4346546491900e-04; 40; 15; 67;0
3.4348481363500e-04; 40; 15; 67;0
3.4350417408800e-04; 40; 15; 67;0
3.4352352275400e-04; 40; 15; 67;0
3.4354288341700e-04; 40; 15; 67;0
3.4356223218700e-04; 40; 15; 67;0
3.4358159279800e-04; 40; 15; 67;0
3.4360094147600e-04; 40; 15; 67;0
3.4362030220400e-04; 40; 15; 67;0
3.4363965079400e-04; 40; 15; 67;0
3.4365901147200e-04; 40; 15; 67;0
3.4367836004000e-04; 40; 15; 67;0
3.4369772101400e-04; 40; 15; 68;0
3.4371706990200e-04; 40; 15; 68;0
3.4373643070600e-04; 40; 15; 67;0
3.4375577923100e-04; 40; 15; 67;0
3.4377513982800e-04; 40; 15; 67;0
3.4379448852800e-04; 40; 15; 67;0
3.4381384915400e-04; 40; 15; 67;0
3.4383319786400e-04; 40; 15; 67;0
3.4385255871600e-04; 40; 15; 68;0
3.4387190758700e-04; 40; 15; 68;0
3.4389126843100e-04; 40; 15; 68;0
3.4391061736900e-04; 40; 15; 68;0
3.4392997846700e-04; 40; 15; 68;0
3.4394610163700e-04; 40; 15; 68;0
3.4396546260400e-04; 40; 15; 68;0
3.4398481131200e-04; 40; 15; 68;0
3.4400417236600e-04; 40; 15; 68;0
3.4402352111800e-04; 40; 15; 68;0
3.4404288193600e-04; 40; 15; 68;0
3.4406223099600e-04; 40; 15; 68;0
3.4408159190600e-04; 40; 15; 68;0
3.4410094094700e-04; 40; 15; 68;0
3.4412030171900e-04; 40; 15; 68;0
3.4413965069000e-04; 40; 15; 68;0
3.4415901154100e-04; 40; 15; 68;0
3.4417836050300e-04; 40; 15; 68;0
3.4419772149900e-04; 40; 15; 68;0
3.4421707030400e-04; 40; 15; 68;0
3.4423643113100e-04; 40; 15; 68;0
3.4425578018700e-04; 40; 15; 68;0
3.4427514095300e-04; 40; 15; 68;0
3.4429448985900e-04; 40; 15; 68;0
3.4431385086400e-04; 40; 15; 68;0
3.4433319966600e-04; 40; 15; 68;0
3.4435256055100e-04; 40; 15; 68;0
3.4437190958300e-04; 40; 15; 68;0
3.4439127062100e-04; 40; 15; 68;0
3.4441061957800e-04; 40; 15; 68;0
3.4442998041500e-04; 40; 15; 68;0
3.4444610344500e-04; 40; 15; 68;0
3.4446546434700e-04; 40; 15; 68;0
3.4448481323100e-04; 40; 15; 68;0
3.4450417418200e-04; 40; 15; 68;0
3.4452352295800e-04; 40; 15; 68;0
3.4454288401000e-04; 40; 15; 68;0
3.4456223290300e-04; 40; 15; 68;0
3.4458159387300e-04; 40; 15; 68;0
3.4460094284700e-04; 40; 15; 68;0
3.4462030387400e-04; 40; 15; 68;0
3.4463965285600e-04; 40; 15; 68;0
3.4465901380300e-04; 40; 15; 68;0
3.4467836276900e-04; 40; 15; 68;0
3.4469772372900e-04; 40; 15; 68;0
3.4471707263500e-04; 40; 15; 68;0
3.4473643350000e-04; 40; 15; 68;0
3.4475578260900e-04; 40; 15; 68;0
3.4477514348300e-04; 40; 15; 68;0
3.4479449231000e-04; 40; 15; 68;0
3.4481385312900e-04; 40; 15; 68;0
3.4483320201600e-04; 40; 15; 68;0
3.4485256305600e-04; 40; 15; 68;0
3.4487191202000e-04; 40; 15; 68;0
3.4489127300100e-04; 40; 15; 68;0
3.4491062194800e-04; 40; 15; 68;0
3.4492998283800e-04; 40; 15; 68;0
3.4494610592500e-04; 40; 15; 68;0
3.4496546684200e-04; 40; 15; 68;0
3.4498481584800e-04; 40; 15; 68;0
3.4500417681600e-04; 40; 15; 68;0
3.4502352568200e-04; 40; 15; 68;0
3.4504288642600e-04; 40; 15; 67;0
3.4506223505600e-04; 40; 15; 67;0
3.4508159583000e-04; 40; 15; 67;0
3.4510094442000e-04; 40; 15; 67;0
3.4512030536100e-04; 40; 15; 68;0
3.4513965433900e-04; 40; 15; 68;0
3.4515901514000e-04; 40; 15; 68;0
3.4517836410000e-04; 40; 15; 68;0
3.4519772500700e-04; 40; 15; 68;0
3.4521707401800e-04; 40; 15; 68;0
3.4523643489400e-04; 40; 15; 68;0
3.4525578380000e-04; 40; 15; 68;0
3.4527514460900e-04; 40; 15; 68;0
3.4529449354000e-04; 40; 15; 68;0
3.4531385446500e-04; 40; 15; 68;0
3.4533320339600e-04; 40; 15; 68;0
3.4535256419600e-04; 40; 15; 68;0
3.4537191325800e-04; 40; 15; 68;0
3.4539127413200e-04; 40; 15; 68;0
3.4541062295700e-04; 40; 15; 68;0
3.4542998396700e-04; 40; 15; 68;0
3.4544610714600e-04; 40; 15; 68;0
3.4546546802000e-04; 40; 15; 68;0
3.4548481697500e-04; 40; 15; 68;0
3.4550417797100e-04; 40; 15; 68;0
3.4552352698900e-04; 40; 15; 68;0
3.4554288766500e-04; 40; 15; 67;0
3.4556223640400e-04; 40; 15; 67;0
3.4558159702900e-04; 40; 15; 67;0
3.4560094572000e-04; 40; 15; 67;0
3.4562030642900e-04; 40; 15; 67;0
3.4563965500000e-04; 40; 15; 67;0
3.4565901565400e-04; 40; 15; 67;0
3.4567836437400e-04; 40; 15; 67;0
3.4569772494400e-04; 40; 15; 67;0
3.4571707358900e-04; 40; 15; 67;0
3.4573643430400e-04; 40; 15; 67;0
3.4575578303900e-04; 40; 15; 67;0
3.4577514388500e-04; 40; 15; 67;0
3.4579449241600e-04; 40; 15; 67;0
3.4581385313200e-04; 40; 15; 67;0
3.4583320179000e-04; 40; 15; 67;0
3.4585256235200e-04; 40; 15; 67;0
3.4587191123800e-04; 40; 15; 67;0
3.4589127193300e-04; 40; 15; 67;0
3.4591062067800e-04; 40; 15; 67;0
3.4592998139600e-04; 40; 15; 68;0
3.4594610449400e-04; 40; 15; 68;0
3.4596546543100e-04; 40; 15; 68;0
3.4598481429700e-04; 40; 15; 68;0
3.4600417513800e-04; 40; 15; 68;0
3.4602352409400e-04; 40; 15; 68;0
3.4604288508100e-04; 40; 15; 68;0
3.4606223386400e-04; 40; 15; 68;0
3.4608159481700e-04; 40; 15; 68;0
3.4610094371900e-04; 40; 15; 68;0
3.4612030473800e-04; 40; 15; 68;0
3.4613965360600e-04; 40; 15; 68;0
3.4615901458000e-04; 40; 15; 68;0
3.4617836351400e-04; 40; 15; 68;0
3.4619772460800e-04; 40; 15; 68;0
3.4621707350900e-04; 40; 15; 68;0
3.4623643445200e-04; 40; 15; 68;0
3.4625578344400e-04; 40; 15; 68;0
3.4627514449000e-04; 40; 15; 68;0
3.4629449326900e-04; 40; 15; 68;0
3.4631385432000e-04; 40; 15; 68;0
3.4633320321700e-04; 40; 15; 68;0
3.4635256421100e-04; 40; 15; 68;0
3.4637191294700e-04; 40; 15; 68;0
3.4639127379300e-04; 40; 15; 68;0
3.4641062271100e-04; 40; 15; 68;0
3.4642998357300e-04; 40; 15; 68;0
3.4644610670000e-04; 40; 15; 68;0
3.4646546763400e-04; 40; 15; 68;0
3.4648481662500e-04; 40; 15; 68;0
3.4650417747400e-04; 40; 15; 68;0
3.4652352630400e-04; 40; 15; 68;0
3.4654288698900e-04; 40; 15; 67;0
3.4656223566900e-04; 40; 15; 67;0
3.4658159639200e-04; 40; 15; 67;0
3.4660094509700e-04; 40; 15; 67;0
3.4662030573300e-04; 40; 15; 67;0
3.4663965443100e-04; 40; 15; 67;0
3.4665901492400e-04; 40; 15; 67;0
3.4667836352900e-04; 40; 15; 67;0
3.4669772421900e-04; 40; 15; 67;0
3.4671707284700e-04; 40; 15; 67;0
3.4673643351200e-04; 40; 15; 67;0
3.4675578203400e-04; 40; 15; 67;0
3.4677514279500e-04; 40; 15; 67;0
3.4679449143100e-04; 40; 15; 67;0
3.4681385208300e-04; 40; 15; 67;0
3.4683320084400e-04; 40; 15; 67;0
3.4685256157200e-04; 40; 15; 67;0
3.4687191017600e-04; 40; 15; 67;0
3.4689127084500e-04; 40; 15; 67;0
3.4691061963300e-04; 40; 15; 67;0
3.4692998050200e-04; 40; 15; 68;0
3.4694610359700e-04; 40; 15; 68;0
3.4696546435600e-04; 40; 15; 68;0
3.4698481336900e-04; 40; 15; 68;0
3.4700417436500e-04; 40; 15; 68;0
3.4702352317800e-04; 40; 15; 68;0
3.4704288403100e-04; 40; 15; 68;0
3.4706223293400e-04; 40; 15; 68;0
3.4708159374100e-04; 40; 15; 68;0
3.4710094263600e-04; 40; 15; 68;0
3.4712030370200e-04; 40; 15; 68;0
3.4713965258500e-04; 40; 15; 68;0
3.4715901353400e-04; 40; 15; 68;0
3.4717836238400e-04; 40; 15; 68;0
3.4719772336500e-04; 40; 15; 68;0
3.4721707228200e-04; 40; 15; 68;0
3.4723643305500e-04; 40; 15; 67;0
3.4725578159800e-04; 40; 15; 67;0
3.4727514223300e-04; 40; 15; 67;0
3.4729449088100e-04; 40; 15; 67;0
3.4731385154100e-04; 40; 15; 67;0
3.4733320024200e-04; 40; 15; 67;0
3.4735256117700e-04; 40; 15; 68;0
3.4737191011700e-04; 40; 15; 68;0
3.4739127106500e-04; 40; 15; 68;0
3.4741062010500e-04; 40; 15; 68;0
3.4742998077600e-04; 40; 15; 68;0
3.4744610402100e-04; 40; 15; 68;0
3.4746546491000e-04; 40; 15; 68;0
3.4748481396100e-04; 40; 15; 68;0
3.4750417484100e-04; 40; 15; 68;0
3.4752352387800e-04; 40; 15; 68;0
3.4754288480300e-04; 40; 15; 68;0
3.4756223381100e-04; 40; 15; 68;0
3.4758159463900e-04; 40; 15; 68;0
3.4760094341900e-04; 40; 15; 68;0
3.4762030433700e-04; 40; 15; 68;0
3.4763965305700e-04; 40; 15; 68;0
3.4765901395600e-04; 40; 15; 68;0
3.4767836287900e-04; 40; 15; 68;0
3.4769772384400e-04; 40; 15; 68;0
3.4771707283000e-04; 40; 15; 68;0
3.4773643366400e-04; 40; 15; 68;0
3.4775578263000e-04; 40; 15; 68;0
3.4777514357000e-04; 40; 15; 68;0
3.4779449249000e-04; 40; 15; 68;0
3.4781385339600e-04; 40; 15; 68;0
3.4783320233600e-04; 40; 15; 68;0
3.4785256326100e-04; 40; 15; 68;0
3.4787191213900e-04; 40; 15; 68;0
3.4789127294100e-04; 40; 15; 68;0
3.4791062190400e-04; 40; 15; 68;0
3.4792998274100e-04; 40; 15; 68;0
3.4794610583100e-04; 40; 15; 68;0
3.4796546680600e-04; 40; 15; 68;0
3.4798481567600e-04; 40; 15; 68;0
3.4800417658100e-04; 40; 15; 68;0
3.4802352538500e-04; 40; 15; 68;0
3.4804288652200e-04; 40; 15; 68;0
3.4806223534400e-04; 40; 15; 68;0
3.4808159618700e-04; 40; 15; 68;0
3.4810094507900e-04; 40; 15; 68;0
3.4812030599500e-04; 40; 15; 68;0
3.4813965506800e-04; 40; 15; 68;0
3.4815901583100e-04; 40; 15; 68;0
3.4817836481600e-04; 40; 15; 68;0
3.4819772582600e-04; 40; 15; 68;0
3.4821707467200e-04; 40; 15; 68;0
3.4823643542200e-04; 40; 15; 67;0
3.4825578411800e-04; 40; 15; 67;0
3.4827514486100e-04; 40; 15; 67;0
3.4829449365600e-04; 40; 15; 67;0
3.4831385434900e-04; 40; 15; 67;0
3.4833320302600e-04; 40; 15; 67;0
3.4835256386000e-04; 40; 15; 67;0
3.4837191249100e-04; 40; 15; 67;0
3.4839127312600e-04; 40; 15; 67;0
3.4841062179600e-04; 40; 15; 67;0
3.4842998242600e-04; 40; 15; 67;0
3.4844610531200e-04; 40; 15; 67;0
3.4846546606700e-04; 40; 15; 67;0
3.4848481469000e-04; 40; 15; 67;0
3.4850417541900e-04; 40; 15; 67;0
3.4852352405200e-04; 40; 15; 67;0
3.4854288458200e-04; 40; 15; 67;0
3.4856223329800e-04; 40; 15; 67;0
3.4858159412700e-04; 40; 15; 67;0
3.4860094281100e-04; 40; 15; 67;0
3.4862030343100e-04; 40; 15; 67;0
3.4863965211800e-04; 40; 15; 67;0
3.4865901295500e-04; 40; 15; 68;0
3.4867836179900e-04; 40; 15; 68;0
3.4869772263900e-04; 40; 15; 68;0
3.4871707153300e-04; 40; 15; 68;0
3.4873643244100e-04; 40; 15; 68;0
3.4875578128400e-04; 40; 15; 68;0
3.4877514220100e-04; 40; 15; 68;0
3.4879449114300e-04; 40; 15; 68;0
3.4881385217600e-04; 40; 15; 68;0
3.4883320116900e-04; 40; 15; 68;0
3.4885256219200e-04; 40; 15; 68;0
3.4887191091700e-04; 40; 15; 68;0
3.4889127183500e-04; 40; 15; 68;0
3.4891062074900e-04; 40; 15; 68;0
3.4892998168900e-04; 40; 15; 68;0
3.4894610480900e-04; 40; 15; 68;0
3.4896546575800e-04; 40; 15; 68;0
3.4898481474600e-04; 40; 15; 68;0
3.4900417562400e-04; 40; 15; 68;0
3.4902352453000e-04; 40; 15; 68;0
3.4904288546300e-04; 40; 15; 68;0
3.4906223431100e-04; 40; 15; 68;0
3.4908159524900e-04; 40; 15; 68;0
3.4910094413800e-04; 40; 15; 68;0
3.4912030510600e-04; 40; 15; 68;0
3.4913965419200e-04; 40; 15; 68;0
3.4915901513700e-04; 40; 15; 68;0
3.4917836401100e-04; 40; 15; 68;0
3.4919772499900e-04; 40; 15; 68;0
3.4921707400100e-04; 40; 15; 68;0
3.4923643470500e-04; 40; 15; 68;0
3.4925578367500e-04; 40; 15; 68;0
3.4927514430900e-04; 40; 15; 67;0
3.4929449304800e-04; 40; 15; 67;0
3.4931385373100e-04; 40; 15; 67;0
3.4933320237100e-04; 40; 15; 67;0
3.4935256314100e-04; 40; 15; 67;0
3.4937191183900e-04; 40; 15; 67;0
3.4939127246600e-04; 40; 15; 67;0
3.4941062114300e-04; 40; 15; 67;0
3.4942998183700e-04; 40; 15; 67;0
3.4944610459300e-04; 40; 15; 67;0
3.4946546518800e-04; 40; 15; 67;0
3.4948481376600e-04; 40; 15; 67;0
3.4950417454400e-04; 40; 15; 67;0
3.4952352328100e-04; 40; 15; 67;0
3.4954288402400e-04; 40; 15; 67;0
3.4956223264500e-04; 40; 15; 67;0
3.4958159333100e-04; 40; 15; 67;0
3.4960094205700e-04; 40; 15; 67;0
3.4962030302700e-04; 40; 15; 68;0
3.4963965186800e-04; 40; 15; 68;0
3.4965901273300e-04; 40; 15; 68;0
3.4967836156100e-04; 40; 15; 68;0
3.4969772252000e-04; 40; 15; 68;0
3.4971707130900e-04; 40; 15; 68;0
3.4973643242600e-04; 40; 15; 68;0
3.4975578116200e-04; 40; 15; 68;0
3.4977514199500e-04; 40; 15; 68;0
3.4979449093400e-04; 40; 15; 68;0
3.4981385195300e-04; 40; 15; 68;0
3.4983320083200e-04; 40; 15; 68;0
3.4985256176800e-04; 40; 15; 68;0
3.4987191071700e-04; 40; 15; 68;0
3.4989127156300e-04; 40; 15; 68;0
3.4991062047000e-04; 40; 15; 68;0
3.4992998127100e-04; 40; 15; 68;0
3.4994610452000e-04; 40; 15; 68;0
3.4996546525800e-04; 40; 15; 68;0
3.4998481414300e-04; 40; 15; 68;0
3.5000417512200e-04; 40; 15; 68;0
3.5002352411300e-04; 40; 15; 68;0
3.5004288499100e-04; 40; 15; 68;0
3.5006223386500e-04; 40; 15; 68;0
3.5008159468600e-04; 40; 15; 68;0
3.5010094359600e-04; 40; 15; 68;0
3.5012030431500e-04; 40; 15; 68;0
3.5013965311500e-04; 40; 15; 68;0
3.5015901411000e-04; 40; 15; 68;0
3.5017836296700e-04; 40; 15; 68;0
3.5019772392000e-04; 40; 15; 68;0
3.5021707288600e-04; 40; 15; 68;0
3.5023643358700e-04; 40; 15; 68;0
3.5025578250100e-04; 40; 15; 68;0
3.5027514311500e-04; 40; 15; 67;0
3.5029449181700e-04; 40; 15; 67;0
3.5031385235600e-04; 40; 15; 67;0
3.5033320105100e-04; 40; 15; 67;0
3.5035256184800e-04; 40; 15; 68;0
3.5037191095000e-04; 40; 15; 68;0
3.5039127179300e-04; 40; 15; 68;0
3.5041062070100e-04; 40; 15; 68;0
3.5042998167200e-04; 40; 15; 68;0
3.5044610477400e-04; 40; 15; 68;0
3.5046546560700e-04; 40; 15; 68;0
3.5048481472000e-04; 40; 15; 68;0
3.5050417569900e-04; 40; 15; 68;0
3.5052352454900e-04; 40; 15; 68;0
3.5054288534700e-04; 40; 15; 68;0
3.5056223419000e-04; 40; 15; 68;0
3.5058159513500e-04; 40; 15; 68;0
3.5060094409800e-04; 40; 15; 68;0
3.5062030498300e-04; 40; 15; 68;0
3.5063965394000e-04; 40; 15; 68;0
3.5065901487900e-04; 40; 15; 68;0
3.5067836375700e-04; 40; 15; 68;0
3.5069772460500e-04; 40; 15; 68;0
3.5071707350600e-04; 40; 15; 68;0
3.5073643442400e-04; 40; 15; 68;0
3.5075578355500e-04; 40; 15; 68;0
3.5077514464100e-04; 40; 15; 68;0
3.5079449356000e-04; 40; 15; 68;0
3.5081385451800e-04; 40; 15; 68;0
3.5083320348600e-04; 40; 15; 68;0
3.5085256447300e-04; 40; 15; 68;0
3.5087191337200e-04; 40; 15; 68;0
3.5089127444800e-04; 40; 15; 68;0
3.5091062311900e-04; 40; 15; 68;0
3.5092998407400e-04; 40; 15; 68;0
3.5094610723900e-04; 40; 15; 68;0
3.5096546804100e-04; 40; 15; 68;0
3.5098481686700e-04; 40; 15; 68;0
3.5100417778000e-04; 40; 15; 68;0
3.5102352657000e-04; 40; 15; 68;0
3.5104288726000e-04; 40; 15; 67;0
3.5106223600800e-04; 40; 15; 67;0
3.5108159693500e-04; 40; 15; 68;0
3.5110094589500e-04; 40; 15; 68;0
3.5112030670500e-04; 40; 15; 68;0
3.5113965562300e-04; 40; 15; 68;0
3.5115901659100e-04; 40; 15; 68;0
3.5117836548400e-04; 40; 15; 68;0
3.5119772649300e-04; 40; 15; 68;0
3.5121707537500e-04; 40; 15; 68;0
3.5123643599800e-04; 40; 15; 67;0
3.5125578487500e-04; 40; 15; 67;0
3.5127514545200e-04; 40; 15; 67;0
3.5129449432500e-04; 40; 15; 67;0
3.5131385481800e-04; 40; 15; 67;0
3.5133320345600e-04; 40; 15; 67;0
3.5135256426400e-04; 40; 15; 67;0
3.5137191290200e-04; 40; 15; 67;0
3.5139127366800e-04; 40; 15; 67;0
3.5141062253400e-04; 40; 15; 67;0
3.5142998324500e-04; 40; 15; 67;0
3.5144610629900e-04; 40; 15; 67;0
3.5146546729300e-04; 40; 15; 68;0
3.5148481629900e-04; 40; 15; 68;0
3.5150417707300e-04; 40; 15; 68;0
3.5152352598200e-04; 40; 15; 68;0
3.5154288690200e-04; 40; 15; 68;0
3.5156223584300e-04; 40; 15; 68;0
3.5158159680200e-04; 40; 15; 68;0
3.5160094564100e-04; 40; 15; 68;0
3.5162030647500e-04; 40; 15; 68;0
3.5163965541700e-04; 40; 15; 68;0
3.5165901640400e-04; 40; 15; 68;0
3.5167836534700e-04; 40; 15; 68;0
3.5169772650100e-04; 40; 15; 68;0
3.5171707535500e-04; 40; 15; 68;0
3.5173643619800e-04; 40; 15; 68;0
3.5175578510500e-04; 40; 15; 68;0
3.5177514588600e-04; 40; 15; 67;0
3.5179449446200e-04; 40; 15; 67;0
3.5181385511600e-04; 40; 15; 67;0
3.5183320391300e-04; 40; 15; 67;0
3.5185256467400e-04; 40; 15; 67;0
3.5187191326100e-04; 40; 15; 67;0
3.5189127375800e-04; 40; 15; 67;0
3.5191062238100e-04; 40; 15; 67;0
3.5192998302000e-04; 40; 15; 67;0
3.5194610614900e-04; 40; 15; 67;0
3.5196546672300e-04; 40; 15; 67;0
3.5198481529700e-04; 40; 15; 67;0
3.5200417612200e-04; 40; 15; 67;0
3.5202352464900e-04; 40; 15; 67;0
3.5204288537100e-04; 40; 15; 67;0
3.5206223403500e-04; 40; 15; 67;0
3.5208159468600e-04; 40; 15; 67;0
3.5210094341000e-04; 40; 15; 67;0
3.5212030395800e-04; 40; 15; 67;0
3.5213965265800e-04; 40; 15; 67;0
3.5215901333400e-04; 40; 15; 67;0
3.5217836203100e-04; 40; 15; 67;0
3.5219772269800e-04; 40; 15; 67;0
3.5221707139600e-04; 40; 15; 67;0
3.5223643194000e-04; 40; 15; 67;0
3.5225578069200e-04; 40; 15; 67;0
3.5227514137900e-04; 40; 15; 67;0
3.5229449001500e-04; 40; 15; 67;0
3.5231385087400e-04; 40; 15; 68;0
3.5233319978600e-04; 40; 15; 68;0
3.5235256070000e-04; 40; 15; 68;0
3.5237190966100e-04; 40; 15; 68;0
3.5239127070800e-04; 40; 15; 68;0
3.5241061969700e-04; 40; 15; 68;0
3.5242998057700e-04; 40; 15; 68;0
3.5244610367100e-04; 40; 15; 68;0
3.5246546456200e-04; 40; 15; 68;0
3.5248481335500e-04; 40; 15; 68;0
3.5250417426900e-04; 40; 15; 68;0
3.5252352302500e-04; 40; 15; 68;0
3.5254288404400e-04; 40; 15; 68;0
3.5256223304000e-04; 40; 15; 68;0
3.5258159392200e-04; 40; 15; 68;0
3.5260094275700e-04; 40; 15; 68;0
3.5262030357300e-04; 40; 15; 68;0
3.5263965251100e-04; 40; 15; 68;0
3.5265901324000e-04; 40; 15; 68;0
3.5267836207800e-04; 40; 15; 68;0
3.5269772312900e-04; 40; 15; 68;0
3.5271707200900e-04; 40; 15; 68;0
3.5273643302700e-04; 40; 15; 68;0
3.5275578191800e-04; 40; 15; 68;0
3.5277514274600e-04; 40; 15; 68;0
3.5279449162100e-04; 40; 15; 68;0
3.5281385246400e-04; 40; 15; 68;0
3.5283320138600e-04; 40; 15; 68;0
3.5285256236300e-04; 40; 15; 68;0
3.5287191121400e-04; 40; 15; 68;0
3.5289127211600e-04; 40; 15; 68;0
3.5291062110500e-04; 40; 15; 68;0
3.5292998187400e-04; 40; 15; 68;0
3.5294610484100e-04; 40; 15; 68;0
3.5296546593800e-04; 40; 15; 68;0
3.5298481482300e-04; 40; 15; 68;0
3.5300417571000e-04; 40; 15; 68;0
3.5302352461400e-04; 40; 15; 68;0
3.5304288556000e-04; 40; 15; 68;0
3.5306223434400e-04; 40; 15; 68;0
3.5308159536300e-04; 40; 15; 68;0
3.5310094424100e-04; 40; 15; 68;0
3.5312030525700e-04; 40; 15; 68;0
3.5313965421100e-04; 40; 15; 68;0
3.5315901515700e-04; 40; 15; 68;0
3.5317836408100e-04; 40; 15; 68;0
3.5319772496800e-04; 40; 15; 68;0
3.5321707403700e-04; 40; 15; 68;0
3.5323643488500e-04; 40; 15; 68;0
3.5325578379400e-04; 40; 15; 68;0
3.5327514448000e-04; 40; 15; 67;0
3.5329449318400e-04; 40; 15; 67;0
3.5331385384800e-04; 40; 15; 67;0
3.5333320248400e-04; 40; 15; 67;0
3.5335256313800e-04; 40; 15; 67;0
3.5337191171400e-04; 40; 15; 67;0
3.5339127258300e-04; 40; 15; 67;0
3.5341062120200e-04; 40; 15; 67;0
3.5342998212800e-04; 40; 15; 68;0
3.5344610517700e-04; 40; 15; 68;0
3.5346546615500e-04; 40; 15; 68;0
3.5348481487900e-04; 40; 15; 68;0
3.5350417559600e-04; 40; 15; 67;0
3.5352352435800e-04; 40; 15; 67;0
3.5354288496200e-04; 40; 15; 67;0
3.5356223353500e-04; 40; 15; 67;0
3.5358159424600e-04; 40; 15; 67;0
3.5360094287700e-04; 40; 15; 67;0
3.5362030362300e-04; 40; 15; 67;0
3.5363965232500e-04; 40; 15; 67;0
3.5365901301600e-04; 40; 15; 67;0
3.5367836160200e-04; 40; 15; 67;0
3.5369772228100e-04; 40; 15; 67;0
3.5371707095700e-04; 40; 15; 67;0
3.5373643157100e-04; 40; 15; 67;0
3.5375578015100e-04; 40; 15; 67;0
3.5377514083300e-04; 40; 15; 67;0
3.5379448947700e-04; 40; 15; 67;0
3.5381385013600e-04; 40; 15; 67;0
3.5383319883200e-04; 40; 15; 67;0
3.5385255950600e-04; 40; 15; 67;0
3.5387190811700e-04; 40; 15; 67;0
3.5389126894400e-04; 40; 15; 68;0
3.5391061785400e-04; 40; 15; 68;0
3.5392997869400e-04; 40; 15; 68;0
3.5394610183700e-04; 40; 15; 68;0
3.5396546268800e-04; 40; 15; 68;0
3.5398481153000e-04; 40; 15; 68;0
3.5400417240300e-04; 40; 15; 68;0
3.5402352150100e-04; 40; 15; 68;0
3.5404288242000e-04; 40; 15; 68;0
3.5406223128700e-04; 40; 15; 68;0
3.5408159233100e-04; 40; 15; 68;0
3.5410094128500e-04; 40; 15; 68;0
3.5412030223800e-04; 40; 15; 68;0
3.5413965111600e-04; 40; 15; 68;0
3.5415901204900e-04; 40; 15; 68;0
3.5417836096400e-04; 40; 15; 68;0
3.5419772191100e-04; 40; 15; 68;0
3.5421707086800e-04; 40; 15; 68;0
3.5423643169200e-04; 40; 15; 68;0
3.5425578073500e-04; 40; 15; 68;0
3.5427514163700e-04; 40; 15; 68;0
3.5429449043900e-04; 40; 15; 68;0
3.5431385148500e-04; 40; 15; 68;0
3.5433320034300e-04; 40; 15; 68;0
3.5435256125600e-04; 40; 15; 68;0
3.5437191008800e-04; 40; 15; 68;0
3.5439127116100e-04; 40; 15; 68;0
3.5441062020200e-04; 40; 15; 68;0
3.5442998106800e-04; 40; 15; 68;0
3.5444610409800e-04; 40; 15; 68;0
3.5446546511200e-04; 40; 15; 68;0
3.5448481397900e-04; 40; 15; 68;0
3.5450417499100e-04; 40; 15; 68;0
3.5452352391200e-04; 40; 15; 68;0
3.5454288478800e-04; 40; 15; 68;0
3.5456223368200e-04; 40; 15; 68;0
3.5458159447000e-04; 40; 15; 68;0
3.5460094338600e-04; 40; 15; 68;0
3.5462030434200e-04; 40; 15; 68;0
3.5463965333900e-04; 40; 15; 68;0
3.5465901453700e-04; 40; 15; 68;0
3.5467836334200e-04; 40; 15; 68;0
3.5469772420900e-04; 40; 15; 68;0
3.5471707317500e-04; 40; 15; 68;0
3.5473643405400e-04; 40; 15; 68;0
3.5475578294100e-04; 40; 15; 68;0
3.5477514378300e-04; 40; 15; 68;0
3.5479449264900e-04; 40; 15; 68;0
3.5481385339200e-04; 40; 15; 68;0
3.5483320229800e-04; 40; 15; 68;0
3.5485256326400e-04; 40; 15; 68;0
3.5487191225800e-04; 40; 15; 68;0
3.5489127324800e-04; 40; 15; 68;0
3.5491062217900e-04; 40; 15; 68;0
3.5492998307100e-04; 40; 15; 68;0
3.5494610617300e-04; 40; 15; 68;0
3.5496546700000e-04; 40; 15; 68;0
3.5498481597300e-04; 40; 15; 68;0
3.5500417682600e-04; 40; 15; 68;0
3.5502352557700e-04; 40; 15; 68;0
3.5504288627200e-04; 40; 15; 67;0
3.5506223501600e-04; 40; 15; 67;0
3.5508159557900e-04; 40; 15; 67;0
3.5510094422700e-04; 40; 15; 67;0
3.5512030494100e-04; 40; 15; 67;0
3.5513965366600e-04; 40; 15; 67;0
3.5515901448100e-04; 40; 15; 67;0
3.5517836316100e-04; 40; 15; 67;0
3.5519772376600e-04; 40; 15; 67;0
3.5521707263100e-04; 40; 15; 67;0
3.5523643332300e-04; 40; 15; 67;0
3.5525578185400e-04; 40; 15; 67;0
3.5527514246300e-04; 40; 15; 67;0
3.5529449118500e-04; 40; 15; 67;0
3.5531385181400e-04; 40; 15; 67;0
3.5533320064400e-04; 40; 15; 67;0
3.5535256136500e-04; 40; 15; 67;0
3.5537191000700e-04; 40; 15; 67;0
3.5539127068200e-04; 40; 15; 67;0
3.5541061924800e-04; 40; 15; 67;0
3.5542998026800e-04; 40; 15; 68;0
3.5544610339900e-04; 40; 15; 68;0
3.5546546443900e-04; 40; 15; 68;0
3.5548481320600e-04; 40; 15; 68;0
3.5550417413100e-04; 40; 15; 68;0
3.5552352320400e-04; 40; 15; 68;0
3.5554288415300e-04; 40; 15; 68;0
3.5556223299000e-04; 40; 15; 68;0
3.5558159381600e-04; 40; 15; 68;0
3.5560094290200e-04; 40; 15; 68;0
3.5562030378700e-04; 40; 15; 68;0
3.5563965273100e-04; 40; 15; 68;0
3.5565901362800e-04; 40; 15; 68;0
3.5567836256100e-04; 40; 15; 68;0
3.5569772345100e-04; 40; 15; 68;0
3.5571707247000e-04; 40; 15; 68;0
3.5573643336500e-04; 40; 15; 68;0
3.5575578233500e-04; 40; 15; 68;0
3.5577514321900e-04; 40; 15; 68;0
3.5579449209400e-04; 40; 15; 68;0
3.5581385312600e-04; 40; 15; 68;0
3.5583320207900e-04; 40; 15; 68;0
3.5585256319600e-04; 40; 15; 68;0
3.5587191211200e-04; 40; 15; 68;0
3.5589127302400e-04; 40; 15; 68;0
3.5591062201700e-04; 40; 15; 68;0
3.5592998289200e-04; 40; 15; 68;0
3.5594610606000e-04; 40; 15; 68;0
3.5596546695300e-04; 40; 15; 68;0
3.5598481582700e-04; 40; 15; 68;0
3.5600417680400e-04; 40; 15; 68;0
3.5602352577600e-04; 40; 15; 68;0
3.5604288680000e-04; 40; 15; 68;0
3.5606223571900e-04; 40; 15; 68;0
3.5608159666900e-04; 40; 15; 68;0
3.5610094565300e-04; 40; 15; 68;0
3.5612030664800e-04; 40; 15; 68;0
3.5613965557400e-04; 40; 15; 68;0
3.5615901664500e-04; 40; 15; 68;0
3.5617836551200e-04; 40; 15; 68;0
3.5619772652300e-04; 40; 15; 68;0
3.5621707536200e-04; 40; 15; 68;0
3.5623643592000e-04; 40; 15; 67;0
3.5625578464000e-04; 40; 15; 67;0
3.5627514539400e-04; 40; 15; 67;0
3.5629449408800e-04; 40; 15; 67;0
3.5631385466300e-04; 40; 15; 67;0
3.5633320323700e-04; 40; 15; 67;0
3.5635256400700e-04; 40; 15; 67;0
3.5637191272600e-04; 40; 15; 67;0
3.5639127346700e-04; 40; 15; 67;0
3.5641062218900e-04; 40; 15; 67;0
3.5642998292200e-04; 40; 15; 68;0
3.5644610606400e-04; 40; 15; 68;0
3.5646546682800e-04; 40; 15; 68;0
3.5648481579400e-04; 40; 15; 68;0
3.5650417643300e-04; 40; 15; 67;0
3.5652352500900e-04; 40; 15; 67;0
3.5654288578700e-04; 40; 15; 67;0
3.5656223451100e-04; 40; 15; 67;0
3.5658159512600e-04; 40; 15; 67;0
3.5660094394700e-04; 40; 15; 67;0
3.5662030471700e-04; 40; 15; 68;0
3.5663965379900e-04; 40; 15; 68;0
3.5665901473700e-04; 40; 15; 68;0
3.5667836355100e-04; 40; 15; 68;0
3.5669772464000e-04; 40; 15; 68;0
3.5671707356200e-04; 40; 15; 68;0
3.5673643413100e-04; 40; 15; 67;0
3.5675578282300e-04; 40; 15; 67;0
3.5677514349900e-04; 40; 15; 67;0
3.5679449204900e-04; 40; 15; 67;0
3.5681385256500e-04; 40; 15; 67;0
3.5683320112500e-04; 40; 15; 67;0
3.5685256174600e-04; 40; 15; 67;0
3.5687191041100e-04; 40; 15; 67;0
3.5689127109900e-04; 40; 15; 67;0
3.5691061973700e-04; 40; 15; 67;0
3.5692998054000e-04; 40; 15; 68;0
3.5694610371000e-04; 40; 15; 68;0
3.5696546462000e-04; 40; 15; 68;0
3.5698481354600e-04; 40; 15; 68;0
3.5700417448700e-04; 40; 15; 68;0
3.5702352347100e-04; 40; 15; 68;0
3.5704288434800e-04; 40; 15; 68;0
3.5706223323600e-04; 40; 15; 68;0
3.5708159412600e-04; 40; 15; 68;0
3.5710094301100e-04; 40; 15; 68;0
3.5712030394400e-04; 40; 15; 68;0
3.5713965292900e-04; 40; 15; 68;0
3.5715901393100e-04; 40; 15; 68;0
3.5717836268800e-04; 40; 15; 68;0
3.5719772361700e-04; 40; 15; 68;0
3.5721707245300e-04; 40; 15; 68;0
3.5723643329100e-04; 40; 15; 68;0
3.5725578213900e-04; 40; 15; 68;0
3.5727514318800e-04; 40; 15; 68;0
3.5729449202200e-04; 40; 15; 68;0
3.5731385294200e-04; 40; 15; 68;0
3.5733320176200e-04; 40; 15; 68;0
3.5735256269500e-04; 40; 15; 68;0
3.5737191169000e-04; 40; 15; 68;0
3.5739127251500e-04; 40; 15; 68;0
3.5741062150500e-04; 40; 15; 68;0
3.5742998248200e-04; 40; 15; 68;0
3.5744610555900e-04; 40; 15; 68;0
3.5746546651500e-04; 40; 15; 68;0
3.5748481547000e-04; 40; 15; 68;0
3.5750417631300e-04; 40; 15; 68;0
3.5752352540500e-04; 40; 15; 68;0
3.5754288608400e-04; 40; 15; 68;0
3.5756223505500e-04; 40; 15; 68;0
3.5758159589600e-04; 40; 15; 68;0
3.5760094489000e-04; 40; 15; 68;0
3.5762030543200e-04; 40; 15; 67;0
3.5763965417300e-04; 40; 15; 67;0
3.5765901484200e-04; 40; 15; 67;0
3.5767836370900e-04; 40; 15; 67;0
3.5769772437800e-04; 40; 15; 67;0
3.5771707301800e-04; 40; 15; 67;0
3.5773643372900e-04; 40; 15; 67;0
3.5775578231800e-04; 40; 15; 67;0
3.5777514293300e-04; 40; 15; 67;0
3.5779449170300e-04; 40; 15; 67;0
3.5781385240400e-04; 40; 15; 67;0
3.5783320096800e-04; 40; 15; 67;0
3.5785256160800e-04; 40; 15; 67;0
3.5787191032900e-04; 40; 15; 67;0
3.5789127101100e-04; 40; 15; 67;0
3.5791061949300e-04; 40; 15; 67;0
3.5792998029900e-04; 40; 15; 67;0
3.5794610324400e-04; 40; 15; 67;0
3.5796546407900e-04; 40; 15; 68;0
3.5798481307900e-04; 40; 15; 68;0
3.5800417396100e-04; 40; 15; 68;0
3.5802352302400e-04; 40; 15; 68;0
3.5804288392300e-04; 40; 15; 68;0
3.5806223293400e-04; 40; 15; 68;0
3.5808159400000e-04; 40; 15; 68;0
3.5810094278400e-04; 40; 15; 68;0
3.5812030392100e-04; 40; 15; 68;0
3.5813965287200e-04; 40; 15; 68;0
3.5815901386800e-04; 40; 15; 68;0
3.5817836281700e-04; 40; 15; 68;0
3.5819772358100e-04; 40; 15; 68;0
3.5821707231800e-04; 40; 15; 68;0
3.5823643343400e-04; 40; 15; 68;0
3.5825578229300e-04; 40; 15; 68;0
3.5827514327500e-04; 40; 15; 68;0
3.5829449235800e-04; 40; 15; 68;0
3.5831385319500e-04; 40; 15; 68;0
3.5833320204700e-04; 40; 15; 68;0
3.5835256302800e-04; 40; 15; 68;0
3.5837191183500e-04; 40; 15; 68;0
3.5839127267600e-04; 40; 15; 68;0
3.5841062158900e-04; 40; 15; 68;0
3.5842998239800e-04; 40; 15; 68;0
3.5844610566600e-04; 40; 15; 68;0
3.5846546658200e-04; 40; 15; 68;0
3.5848481550300e-04; 40; 15; 68;0
3.5850417643400e-04; 40; 15; 68;0
3.5852352525300e-04; 40; 15; 68;0
3.5854288612000e-04; 40; 15; 68;0
3.5856223505500e-04; 40; 15; 68;0
3.5858159581900e-04; 40; 15; 67;0
3.5860094453600e-04; 40; 15; 67;0
3.5862030518500e-04; 40; 15; 67;0
3.5863965373300e-04; 40; 15; 67;0
3.5865901447300e-04; 40; 15; 67;0
3.5867836312900e-04; 40; 15; 67;0
3.5869772375700e-04; 40; 15; 67;0
3.5871707245500e-04; 40; 15; 67;0
3.5873643320300e-04; 40; 15; 67;0
3.5875578176000e-04; 40; 15; 67;0
3.5877514229500e-04; 40; 15; 67;0
3.5879449094900e-04; 40; 15; 67;0
3.5881385170200e-04; 40; 15; 67;0
3.5883320042400e-04; 40; 15; 67;0
3.5885256114800e-04; 40; 15; 67;0
3.5887190974100e-04; 40; 15; 67;0
3.5889127057700e-04; 40; 15; 68;0
3.5891061949700e-04; 40; 15; 68;0
3.5892998025400e-04; 40; 15; 68;0
3.5894610336900e-04; 40; 15; 68;0
3.5896546414800e-04; 40; 15; 68;0
3.5898481297900e-04; 40; 15; 68;0
3.5900417391300e-04; 40; 15; 68;0
3.5902352314200e-04; 40; 15; 68;0
3.5904288410300e-04; 40; 15; 68;0
3.5906223311500e-04; 40; 15; 68;0
3.5908159401800e-04; 40; 15; 68;0
3.5910094290000e-04; 40; 15; 68;0
3.5912030379700e-04; 40; 15; 68;0
3.5913965271400e-04; 40; 15; 68;0
3.5915901363300e-04; 40; 15; 68;0
3.5917836240300e-04; 40; 15; 68;0
3.5919772322400e-04; 40; 15; 68;0
3.5921707211800e-04; 40; 15; 68;0
3.5923643308500e-04; 40; 15; 68;0
3.5925578195700e-04; 40; 15; 68;0
3.5927514280500e-04; 40; 15; 68;0
3.5929449167600e-04; 40; 15; 68;0
3.5931385260800e-04; 40; 15; 68;0
3.5933320146700e-04; 40; 15; 68;0
3.5935256234900e-04; 40; 15; 68;0
3.5937191117800e-04; 40; 15; 68;0
3.5939127203700e-04; 40; 15; 68;0
3.5941062107000e-04; 40; 15; 68;0
3.5942998203700e-04; 40; 15; 68;0
3.5944610521700e-04; 40; 15; 68;0
3.5946546611100e-04; 40; 15; 68;0
3.5948481520600e-04; 40; 15; 68;0
3.5950417618300e-04; 40; 15; 68;0
3.5952352495800e-04; 40; 15; 68;0
3.5954288573500e-04; 40; 15; 68;0
3.5956223456100e-04; 40; 15; 68;0
3.5958159552200e-04; 40; 15; 68;0
3.5960094450600e-04; 40; 15; 68;0
3.5962030535200e-04; 40; 15; 68;0
3.5963965431600e-04; 40; 15; 68;0
3.5965901517600e-04; 40; 15; 68;0
3.5967836415400e-04; 40; 15; 68;0
3.5969772504400e-04; 40; 15; 68;0
3.5971707386100e-04; 40; 15; 68;0
3.5973643482200e-04; 40; 15; 68;0
3.5975578377300e-04; 40; 15; 68;0
3.5977514490300e-04; 40; 15; 68;0
3.5979449371700e-04; 40; 15; 68;0
3.5981385457700e-04; 40; 15; 68;0
3.5983320352100e-04; 40; 15; 68;0
3.5985256452400e-04; 40; 15; 68;0
3.5987191356000e-04; 40; 15; 68;0
3.5989127438800e-04; 40; 15; 68;0
3.5991062320700e-04; 40; 15; 68;0
3.5992998423800e-04; 40; 15; 68;0
3.5994610738100e-04; 40; 15; 68;0
3.5996546823500e-04; 40; 15; 68;0
3.5998481716700e-04; 40; 15; 68;0
3.6000417804000e-04; 40; 15; 68;0
3.6002352694000e-04; 40; 15; 68;0
3.6004288779200e-04; 40; 15; 68;0
3.6006223668300e-04; 40; 15; 68;0
3.6008159740500e-04; 40; 15; 67;0
3.6010094620900e-04; 40; 15; 67;0
3.6012030684400e-04; 40; 15; 67;0
3.6013965563800e-04; 40; 15; 67;0
3.6015901636200e-04; 40; 15; 67;0
3.6017836513100e-04; 40; 15; 67;0
3.6019772568800e-04; 40; 15; 67;0
3.6021707453700e-04; 40; 15; 67;0
3.6023643532000e-04; 40; 15; 67;0
3.6025578387700e-04; 40; 15; 67;0
3.6027514452900e-04; 40; 15; 67;0
3.6029449298900e-04; 40; 15; 67;0
3.6031385366200e-04; 40; 15; 67;0
3.6033320229800e-04; 40; 15; 67;0
3.6035256312400e-04; 40; 15; 67;0
3.6037191167700e-04; 40; 15; 67;0
3.6039127224100e-04; 40; 15; 67;0
3.6041062084900e-04; 40; 15; 67;0
3.6042998137900e-04; 40; 15; 67;0
3.6044610443100e-04; 40; 15; 67;0
3.6046546533900e-04; 40; 15; 68;0
3.6048481426400e-04; 40; 15; 68;0
3.6050417523400e-04; 40; 15; 68;0
3.6052352431100e-04; 40; 15; 68;0
3.6054288501800e-04; 40; 15; 68;0
3.6056223384800e-04; 40; 15; 68;0
3.6058159489300e-04; 40; 15; 68;0
3.6060094358900e-04; 40; 15; 68;0
3.6062030457700e-04; 40; 15; 68;0
3.6063965338800e-04; 40; 15; 68;0
3.6065901429400e-04; 40; 15; 68;0
3.6067836316500e-04; 40; 15; 68;0
3.6069772411000e-04; 40; 15; 68;0
3.6071707301600e-04; 40; 15; 68;0
3.6073643390600e-04; 40; 15; 68;0
3.6075578281100e-04; 40; 15; 68;0
3.6077514372100e-04; 40; 15; 68;0
3.6079449258800e-04; 40; 15; 68;0
3.6081385337000e-04; 40; 15; 68;0
3.6083320229200e-04; 40; 15; 68;0
3.6085256315200e-04; 40; 15; 68;0
3.6087191191000e-04; 40; 15; 68;0
3.6089127283800e-04; 40; 15; 68;0
3.6091062166800e-04; 40; 15; 68;0
3.6092998260700e-04; 40; 15; 68;0
3.6094610562600e-04; 40; 15; 68;0
3.6096546668600e-04; 40; 15; 68;0
3.6098481574400e-04; 40; 15; 68;0
3.6100417674000e-04; 40; 15; 68;0
3.6102352556500e-04; 40; 15; 68;0
3.6104288644000e-04; 40; 15; 68;0
3.6106223532700e-04; 40; 15; 68;0
3.6108159636400e-04; 40; 15; 68;0
3.6110094515500e-04; 40; 15; 68;0
3.6112030619100e-04; 40; 15; 68;0
3.6113965515200e-04; 40; 15; 68;0
3.6115901605100e-04; 40; 15; 68;0
3.6117836499800e-04; 40; 15; 68;0
3.6119772589400e-04; 40; 15; 68;0
3.6121707483200e-04; 40; 15; 68;0
3.6123643549600e-04; 40; 15; 67;0
3.6125578424500e-04; 40; 15; 67;0
3.6127514496700e-04; 40; 15; 67;0
3.6129449372000e-04; 40; 15; 67;0
3.6131385436900e-04; 40; 15; 67;0
3.6133320294100e-04; 40; 15; 67;0
3.6135256358800e-04; 40; 15; 67;0
3.6137191230400e-04; 40; 15; 67;0
3.6139127299500e-04; 40; 15; 67;0
3.6141062158200e-04; 40; 15; 67;0
3.6142998234000e-04; 40; 15; 67;0
3.6144610525700e-04; 40; 15; 67;0
3.6146546598300e-04; 40; 15; 67;0
3.6148481446100e-04; 40; 15; 67;0
3.6150417506900e-04; 40; 15; 67;0
3.6152352370800e-04; 40; 15; 67;0
3.6154288452300e-04; 40; 15; 67;0
3.6156223307600e-04; 40; 15; 67;0
3.6158159383300e-04; 40; 15; 67;0
3.6160094248600e-04; 40; 15; 67;0
3.6162030316900e-04; 40; 15; 67;0
3.6163965190500e-04; 40; 15; 67;0
3.6165901246600e-04; 40; 15; 67;0
3.6167836117400e-04; 40; 15; 67;0
3.6169772184900e-04; 40; 15; 67;0
3.6171707038500e-04; 40; 15; 67;0
3.6173643119900e-04; 40; 15; 67;0
3.6175577973700e-04; 40; 15; 67;0
3.6177514048000e-04; 40; 15; 67;0
3.6179448915300e-04; 40; 15; 67;0
3.6181385012200e-04; 40; 15; 68;0
3.6183319909000e-04; 40; 15; 68;0
3.6185255992900e-04; 40; 15; 68;0
3.6187190873000e-04; 40; 15; 68;0
3.6189126965200e-04; 40; 15; 68;0
3.6191061857600e-04; 40; 15; 68;0
3.6192997947400e-04; 40; 15; 68;0
3.6194610254200e-04; 40; 15; 68;0
3.6196546346300e-04; 40; 15; 68;0
3.6198481237000e-04; 40; 15; 68;0
3.6200417316400e-04; 40; 15; 68;0
3.6202352207700e-04; 40; 15; 68;0
3.6204288300900e-04; 40; 15; 68;0
3.6206223183200e-04; 40; 15; 68;0
3.6208159262800e-04; 40; 15; 68;0
3.6210094174400e-04; 40; 15; 68;0
3.6212030245700e-04; 40; 15; 68;0
3.6213965135200e-04; 40; 15; 68;0
3.6215901223700e-04; 40; 15; 68;0
3.6217836125700e-04; 40; 15; 68;0
3.6219772217000e-04; 40; 15; 68;0
3.6221707101400e-04; 40; 15; 68;0
3.6223643194700e-04; 40; 15; 68;0
3.6225578088700e-04; 40; 15; 68;0
3.6227514160900e-04; 40; 15; 68;0
3.6229449053900e-04; 40; 15; 68;0
3.6231385137300e-04; 40; 15; 68;0
3.6233320031500e-04; 40; 15; 68;0
3.6235256130400e-04; 40; 15; 68;0
3.6237191022600e-04; 40; 15; 68;0
3.6239127110000e-04; 40; 15; 68;0
3.6241062004500e-04; 40; 15; 68;0
3.6242998103400e-04; 40; 15; 68;0
3.6244610422000e-04; 40; 15; 68;0
3.6246546495100e-04; 40; 15; 68;0
3.6248481395900e-04; 40; 15; 68;0
3.6250417493700e-04; 40; 15; 68;0
3.6252352383800e-04; 40; 15; 68;0
3.6254288468800e-04; 40; 15; 68;0
3.6256223365200e-04; 40; 15; 68;0
3.6258159464600e-04; 40; 15; 68;0
3.6260094350400e-04; 40; 15; 68;0
3.6262030441400e-04; 40; 15; 68;0
3.6263965324800e-04; 40; 15; 68;0
3.6265901406500e-04; 40; 15; 68;0
3.6267836301200e-04; 40; 15; 68;0
3.6269772386500e-04; 40; 15; 68;0
3.6271707265100e-04; 40; 15; 68;0
3.6273643356400e-04; 40; 15; 68;0
3.6275578244000e-04; 40; 15; 68;0
3.6277514325000e-04; 40; 15; 67;0
3.6279449184200e-04; 40; 15; 67;0
3.6281385260500e-04; 40; 15; 67;0
3.6283320114600e-04; 40; 15; 67;0
3.6285256220900e-04; 40; 15; 68;0
3.6287191114500e-04; 40; 15; 68;0
3.6289127199600e-04; 40; 15; 68;0
3.6291062098100e-04; 40; 15; 68;0
3.6292998186000e-04; 40; 15; 68;0
3.6294610492400e-04; 40; 15; 68;0
3.6296546592700e-04; 40; 15; 68;0
3.6298481478200e-04; 40; 15; 68;0
3.6300417565800e-04; 40; 15; 68;0
3.6302352460500e-04; 40; 15; 68;0
3.6304288539300e-04; 40; 15; 68;0
3.6306223433000e-04; 40; 15; 68;0
3.6308159527400e-04; 40; 15; 68;0
3.6310094415100e-04; 40; 15; 68;0
3.6312030509300e-04; 40; 15; 68;0
3.6313965386600e-04; 40; 15; 68;0
3.6315901472400e-04; 40; 15; 68;0
3.6317836364000e-04; 40; 15; 68;0
3.6319772469400e-04; 40; 15; 68;0
3.6321707357200e-04; 40; 15; 68;0
3.6323643454300e-04; 40; 15; 68;0
3.6325578351600e-04; 40; 15; 68;0
3.6327514447300e-04; 40; 15; 68;0
3.6329449337900e-04; 40; 15; 68;0
3.6331385421900e-04; 40; 15; 68;0
3.6333320315900e-04; 40; 15; 68;0
3.6335256418200e-04; 40; 15; 68;0
3.6337191313800e-04; 40; 15; 68;0
3.6339127386300e-04; 40; 15; 68;0
3.6341062277500e-04; 40; 15; 68;0
3.6342998363100e-04; 40; 15; 68;0
3.6344610673400e-04; 40; 15; 68;0
3.6346546760400e-04; 40; 15; 68;0
3.6348481654200e-04; 40; 15; 68;0
3.6350417735600e-04; 40; 15; 68;0
3.6352352630500e-04; 40; 15; 68;0
3.6354288715000e-04; 40; 15; 68;0
3.6356223596400e-04; 40; 15; 68;0
3.6358159656700e-04; 40; 15; 67;0
3.6360094523300e-04; 40; 15; 67;0
3.6362030583200e-04; 40; 15; 67;0
3.6363965464900e-04; 40; 15; 67;0
3.6365901536200e-04; 40; 15; 67;0
3.6367836407000e-04; 40; 15; 67;0
3.6369772467200e-04; 40; 15; 67;0
3.6371707332100e-04; 40; 15; 67;0
3.6373643398200e-04; 40; 15; 67;0
3.6375578271800e-04; 40; 15; 67;0
3.6377514307300e-04; 40; 15; 67;0
3.6379449192800e-04; 40; 15; 67;0
3.6381385255200e-04; 40; 15; 67;0
3.6383320137200e-04; 40; 15; 67;0
3.6385256197300e-04; 40; 15; 67;0
3.6387191065400e-04; 40; 15; 67;0
3.6389127132600e-04; 40; 15; 67;0
3.6391061989500e-04; 40; 15; 67;0
3.6392998059900e-04; 40; 15; 67;0
3.6394610337500e-04; 40; 15; 67;0
3.6396546418800e-04; 40; 15; 67;0
3.6398481281500e-04; 40; 15; 67;0
3.6400417354900e-04; 40; 15; 67;0
3.6402352226100e-04; 40; 15; 67;0
3.6404288282400e-04; 40; 15; 67;0
3.6406223148200e-04; 40; 15; 67;0
3.6408159214800e-04; 40; 15; 67;0
3.6410094083900e-04; 40; 15; 67;0
3.6412030177900e-04; 40; 15; 68;0
3.6413965065100e-04; 40; 15; 68;0
3.6415901149400e-04; 40; 15; 68;0
3.6417836036700e-04; 40; 15; 68;0
3.6419772149400e-04; 40; 15; 68;0
3.6421707048200e-04; 40; 15; 68;0
3.6423643128800e-04; 40; 15; 68;0
3.6425578009300e-04; 40; 15; 68;0
3.6427514101300e-04; 40; 15; 68;0
3.6429448984500e-04; 40; 15; 68;0
3.6431385069600e-04; 40; 15; 68;0
3.6433319962000e-04; 40; 15; 68;0
3.6435256052700e-04; 40; 15; 68;0
3.6437190948200e-04; 40; 15; 68;0
3.6439127052100e-04; 40; 15; 68;0
3.6441061937700e-04; 40; 15; 68;0
3.6442998004900e-04; 40; 15; 68;0
3.6444610317300e-04; 40; 15; 68;0
3.6446546399600e-04; 40; 15; 68;0
3.6448481302300e-04; 40; 15; 68;0
3.6450417391500e-04; 40; 15; 68;0
3.6452352275300e-04; 40; 15; 68;0
3.6454288386700e-04; 40; 15; 68;0
3.6456223263900e-04; 40; 15; 68;0
3.6458159360200e-04; 40; 15; 68;0
3.6460094252100e-04; 40; 15; 68;0
3.6462030352000e-04; 40; 15; 68;0
3.6463965248600e-04; 40; 15; 68;0
3.6465901354000e-04; 40; 15; 68;0
3.6467836237900e-04; 40; 15; 68;0
3.6469772318900e-04; 40; 15; 68;0
3.6471707211200e-04; 40; 15; 68;0
3.6473643298500e-04; 40; 15; 68;0
3.6475578185100e-04; 40; 15; 68;0
3.6477514279300e-04; 40; 15; 68;0
3.6479449180200e-04; 40; 15; 68;0
3.6481385274500e-04; 40; 15; 68;0
3.6483320165100e-04; 40; 15; 68;0
3.6485256255900e-04; 40; 15; 68;0
3.6487191130500e-04; 40; 15; 68;0
3.6489127226200e-04; 40; 15; 68;0
3.6491062127800e-04; 40; 15; 68;0
3.6492998229900e-04; 40; 15; 68;0
3.6494610531000e-04; 40; 15; 68;0
3.6496546617200e-04; 40; 15; 68;0
3.6498481505600e-04; 40; 15; 68;0
3.6500417587500e-04; 40; 15; 68;0
3.6502352480200e-04; 40; 15; 68;0
3.6504288577900e-04; 40; 15; 68;0
3.6506223467800e-04; 40; 15; 68;0
3.6508159571500e-04; 40; 15; 68;0
3.6510094458400e-04; 40; 15; 68;0
3.6512030563600e-04; 40; 15; 68;0
3.6513965463300e-04; 40; 15; 68;0
3.6515901551800e-04; 40; 15; 68;0
3.6517836443100e-04; 40; 15; 68;0
3.6519772511600e-04; 40; 15; 67;0
3.6521707381200e-04; 40; 15; 67;0
3.6523643467800e-04; 40; 15; 67;0
3.6525578338700e-04; 40; 15; 67;0
3.6527514406100e-04; 40; 15; 67;0
3.6529449278500e-04; 40; 15; 67;0
3.6531385348000e-04; 40; 15; 67;0
3.6533320206600e-04; 40; 15; 67;0
3.6535256275400e-04; 40; 15; 67;0
3.6537191145000e-04; 40; 15; 67;0
3.6539127203900e-04; 40; 15; 67;0
3.6541062067200e-04; 40; 15; 67;0
3.6542998133200e-04; 40; 15; 67;0
3.6544610418400e-04; 40; 15; 67;0
3.6546546497500e-04; 40; 15; 67;0
3.6548481370900e-04; 40; 15; 67;0
3.6550417436700e-04; 40; 15; 67;0
3.6552352302300e-04; 40; 15; 67;0
3.6554288365400e-04; 40; 15; 67;0
3.6556223231800e-04; 40; 15; 67;0
3.6558159316700e-04; 40; 15; 68;0
3.6560094192700e-04; 40; 15; 68;0
3.6562030291100e-04; 40; 15; 68;0
3.6563965185000e-04; 40; 15; 68;0
3.6565901283300e-04; 40; 15; 68;0
3.6567836183700e-04; 40; 15; 68;0
3.6569772286700e-04; 40; 15; 68;0
3.6571707189300e-04; 40; 15; 68;0
3.6573643287800e-04; 40; 15; 68;0
3.6575578164500e-04; 40; 15; 68;0
3.6577514258500e-04; 40; 15; 68;0
3.6579449136700e-04; 40; 15; 68;0
3.6581385233700e-04; 40; 15; 68;0
3.6583320134700e-04; 40; 15; 68;0
3.6585256222600e-04; 40; 15; 68;0
3.6587191099500e-04; 40; 15; 68;0
3.6589127193800e-04; 40; 15; 68;0
3.6591062077700e-04; 40; 15; 68;0
3.6592998163600e-04; 40; 15; 68;0
3.6594610480500e-04; 40; 15; 68;0
3.6596546565400e-04; 40; 15; 68;0
3.6598481451900e-04; 40; 15; 68;0
3.6600417554900e-04; 40; 15; 68;0
3.6602352458600e-04; 40; 15; 68;0
3.6604288555900e-04; 40; 15; 68;0
3.6606223446500e-04; 40; 15; 68;0
3.6608159546000e-04; 40; 15; 68;0
3.6610094418900e-04; 40; 15; 68;0
3.6612030512600e-04; 40; 15; 68;0
3.6613965394300e-04; 40; 15; 68;0
3.6615901489100e-04; 40; 15; 68;0
3.6617836385400e-04; 40; 15; 68;0
3.6619772444500e-04; 40; 15; 67;0
3.6621707323000e-04; 40; 15; 67;0
3.6623643395800e-04; 40; 15; 67;0
3.6625578277500e-04; 40; 15; 67;0
3.6627514350400e-04; 40; 15; 67;0
3.6629449229600e-04; 40; 15; 67;0
3.6631385312300e-04; 40; 15; 67;0
3.6633320169800e-04; 40; 15; 67;0
3.6635256239500e-04; 40; 15; 67;0
3.6637191101700e-04; 40; 15; 67;0
3.6639127206600e-04; 40; 15; 68;0
3.6641062084800e-04; 40; 15; 68;0
3.6642998171800e-04; 40; 15; 68;0
3.6644610468000e-04; 40; 15; 68;0
3.6646546559100e-04; 40; 15; 68;0
3.6648481445600e-04; 40; 15; 68;0
3.6650417532100e-04; 40; 15; 68;0
3.6652352423600e-04; 40; 15; 68;0
3.6654288522800e-04; 40; 15; 68;0
3.6656223418400e-04; 40; 15; 68;0
3.6658159528300e-04; 40; 15; 68;0
3.6660094415500e-04; 40; 15; 68;0
3.6662030519000e-04; 40; 15; 68;0
3.6663965421900e-04; 40; 15; 68;0
3.6665901518500e-04; 40; 15; 68;0
3.6667836398600e-04; 40; 15; 68;0
3.6669772481100e-04; 40; 15; 68;0
3.6671707390000e-04; 40; 15; 68;0
3.6673643483700e-04; 40; 15; 68;0
3.6675578367400e-04; 40; 15; 68;0
3.6677514449500e-04; 40; 15; 67;0
3.6679449317800e-04; 40; 15; 67;0
3.6681385380600e-04; 40; 15; 67;0
3.6683320245800e-04; 40; 15; 67;0
3.6685256358600e-04; 40; 15; 68;0
3.6687191253000e-04; 40; 15; 68;0
3.6689127347400e-04; 40; 15; 68;0
3.6691062242800e-04; 40; 15; 68;0
3.6692998334700e-04; 40; 15; 68;0
3.6694610640000e-04; 40; 15; 68;0
3.6696546742000e-04; 40; 15; 68;0
3.6698481646500e-04; 40; 15; 68;0
3.6700417727800e-04; 40; 15; 68;0
3.6702352629700e-04; 40; 15; 68;0
3.6704288712300e-04; 40; 15; 68;0
3.6706223602000e-04; 40; 15; 68;0
3.6708159683000e-04; 40; 15; 68;0
3.6710094569500e-04; 40; 15; 68;0
3.6712030678900e-04; 40; 15; 68;0
3.6713965555300e-04; 40; 15; 68;0
3.6715901635900e-04; 40; 15; 68;0
3.6717836529300e-04; 40; 15; 68;0
3.6719772640800e-04; 40; 15; 68;0
3.6721707520900e-04; 40; 15; 68;0
3.6723643614600e-04; 40; 15; 68;0
3.6725578506400e-04; 40; 15; 68;0
3.6727514582600e-04; 40; 15; 67;0
3.6729449458100e-04; 40; 15; 67;0
3.6731385527300e-04; 40; 15; 67;0
3.6733320388500e-04; 40; 15; 67;0
3.6735256454800e-04; 40; 15; 67;0
3.6737191340600e-04; 40; 15; 67;0
3.6739127423900e-04; 40; 15; 68;0
3.6741062321600e-04; 40; 15; 68;0
3.6742998407300e-04; 40; 15; 68;0
3.6744610703300e-04; 40; 15; 68;0
3.6746546787700e-04; 40; 15; 68;0
3.6748481685200e-04; 40; 15; 68;0
3.6750417763200e-04; 40; 15; 68;0
3.6752352655200e-04; 40; 15; 68;0
3.6754288732600e-04; 40; 15; 67;0
3.6756223607000e-04; 40; 15; 67;0
3.6758159666300e-04; 40; 15; 67;0
3.6760094526500e-04; 40; 15; 67;0
3.6762030590600e-04; 40; 15; 67;0
3.6763965487500e-04; 40; 15; 67;0
3.6765901563500e-04; 40; 15; 67;0
3.6767836430400e-04; 40; 15; 67;0
3.6769772499200e-04; 40; 15; 67;0
3.6771707366300e-04; 40; 15; 67;0
3.6773643433000e-04; 40; 15; 67;0
3.6775578295700e-04; 40; 15; 67;0
3.6777514356000e-04; 40; 15; 67;0
3.6779449221100e-04; 40; 15; 67;0
3.6781385272000e-04; 40; 15; 67;0
3.6783320152800e-04; 40; 15; 67;0
3.6785256212200e-04; 40; 15; 67;0
3.6787191093500e-04; 40; 15; 67;0
3.6789127165200e-04; 40; 15; 67;0
3.6791062037600e-04; 40; 15; 67;0
3.6792998098100e-04; 40; 15; 67;0
3.6794610384000e-04; 40; 15; 67;0
3.6796546475200e-04; 40; 15; 68;0
3.6798481359000e-04; 40; 15; 68;0
3.6800417460700e-04; 40; 15; 68;0
3.6802352338700e-04; 40; 15; 68;0
3.6804288425100e-04; 40; 15; 67;0
3.6806223302100e-04; 40; 15; 67;0
3.6808159395500e-04; 40; 15; 68;0
3.6810094291400e-04; 40; 15; 68;0
3.6812030388800e-04; 40; 15; 68;0
3.6813965273800e-04; 40; 15; 68;0
3.6815901361500e-04; 40; 15; 68;0
3.6817836257200e-04; 40; 15; 68;0
3.6819772340200e-04; 40; 15; 68;0
3.6821707238100e-04; 40; 15; 68;0
3.6823643333900e-04; 40; 15; 68;0
3.6825578214900e-04; 40; 15; 68;0
3.6827514318200e-04; 40; 15; 68;0
3.6829449208000e-04; 40; 15; 68;0
3.6831385297700e-04; 40; 15; 68;0
3.6833320199200e-04; 40; 15; 68;0
3.6835256285400e-04; 40; 15; 68;0
3.6837191176400e-04; 40; 15; 68;0
3.6839127280100e-04; 40; 15; 68;0
3.6841062176900e-04; 40; 15; 68;0
3.6842998265900e-04; 40; 15; 68;0
3.6844610597600e-04; 40; 15; 68;0
3.6846546685900e-04; 40; 15; 68;0
3.6848481579200e-04; 40; 15; 68;0
3.6850417673000e-04; 40; 15; 68;0
3.6852352572700e-04; 40; 15; 68;0
3.6854288668900e-04; 40; 15; 68;0
3.6856223555300e-04; 40; 15; 68;0
3.6858159664700e-04; 40; 15; 68;0
3.6860094558100e-04; 40; 15; 68;0
3.6862030620000e-04; 40; 15; 67;0
3.6863965488800e-04; 40; 15; 67;0
3.6865901570500e-04; 40; 15; 67;0
3.6867836437900e-04; 40; 15; 67;0
3.6869772512100e-04; 40; 15; 67;0
3.6871707384500e-04; 40; 15; 67;0
3.6873643479500e-04; 40; 15; 68;0
3.6875578378700e-04; 40; 15; 68;0
3.6877514471100e-04; 40; 15; 68;0
3.6879449365200e-04; 40; 15; 68;0
3.6881385446800e-04; 40; 15; 68;0
3.6883320353700e-04; 40; 15; 68;0
3.6885256444200e-04; 40; 15; 68;0
3.6887191322200e-04; 40; 15; 68;0
3.6889127426100e-04; 40; 15; 68;0
3.6891062319400e-04; 40; 15; 68;0
3.6892998419800e-04; 40; 15; 68;0
3.6894610731500e-04; 40; 15; 68;0
3.6896546825100e-04; 40; 15; 68;0
3.6898481710600e-04; 40; 15; 68;0
3.6900417799700e-04; 40; 15; 68;0
3.6902352693700e-04; 40; 15; 68;0
3.6904288784000e-04; 40; 15; 68;0
3.6906223685400e-04; 40; 15; 68;0
3.6908159754000e-04; 40; 15; 67;0
3.6910094624400e-04; 40; 15; 67;0
3.6912030698400e-04; 40; 15; 67;0
3.6913965578800e-04; 40; 15; 67;0
3.6915901644600e-04; 40; 15; 67;0
3.6917836506500e-04; 40; 15; 67;0
3.6919772564700e-04; 40; 15; 67;0
3.6921707431600e-04; 40; 15; 67;0
3.6923643498300e-04; 40; 15; 67;0
3.6925578364300e-04; 40; 15; 67;0
3.6927514425100e-04; 40; 15; 67;0
3.6929449288500e-04; 40; 15; 67;0
3.6931385364400e-04; 40; 15; 67;0
3.6933320234900e-04; 40; 15; 67;0
3.6935256312800e-04; 40; 15; 67;0
3.6937191185700e-04; 40; 15; 67;0
3.6939127250500e-04; 40; 15; 67;0
3.6941062115700e-04; 40; 15; 67;0
3.6942998182700e-04; 40; 15; 67;0
3.6944610488300e-04; 40; 15; 67;0
3.6946546548600e-04; 40; 15; 67;0
3.6948481394900e-04; 40; 15; 67;0
3.6950417477200e-04; 40; 15; 67;0
3.6952352349000e-04; 40; 15; 67;0
3.6954288425900e-04; 40; 15; 67;0
3.6956223299400e-04; 40; 15; 67;0
3.6958159390100e-04; 40; 15; 68;0
3.6960094279500e-04; 40; 15; 68;0
3.6962030361900e-04; 40; 15; 68;0
3.6963965260800e-04; 40; 15; 68;0
3.6965901344800e-04; 40; 15; 68;0
3.6967836228900e-04; 40; 15; 68;0
3.6969772332600e-04; 40; 15; 68;0
3.6971707231300e-04; 40; 15; 68;0
3.6973643316700e-04; 40; 15; 68;0
3.6975578203600e-04; 40; 15; 68;0
3.6977514292100e-04; 40; 15; 68;0
3.6979449203600e-04; 40; 15; 68;0
3.6981385307200e-04; 40; 15; 68;0
3.6983320197200e-04; 40; 15; 68;0
3.6985256279300e-04; 40; 15; 68;0
3.6987191170400e-04; 40; 15; 68;0
3.6989127273500e-04; 40; 15; 68;0
3.6991062168000e-04; 40; 15; 68;0
3.6992998275000e-04; 40; 15; 68;0
3.6994610577400e-04; 40; 15; 68;0
3.6996546661100e-04; 40; 15; 68;0
3.6998481559400e-04; 40; 15; 68;0
3.7000417641100e-04; 40; 15; 68;0
3.7002352531600e-04; 40; 15; 68;0
3.7004288630900e-04; 40; 15; 68;0
3.7006223511500e-04; 40; 15; 68;0
3.7008159576200e-04; 40; 15; 67;0
3.7010094451400e-04; 40; 15; 67;0
3.7012030509800e-04; 40; 15; 67;0
3.7013965373700e-04; 40; 15; 67;0
3.7015901435100e-04; 40; 15; 67;0
3.7017836309000e-04; 40; 15; 67;0
3.7019772370700e-04; 40; 15; 67;0
3.7021707244300e-04; 40; 15; 67;0
3.7023643312000e-04; 40; 15; 67;0
3.7025578179900e-04; 40; 15; 67;0
3.7027514236900e-04; 40; 15; 67;0
3.7029449101600e-04; 40; 15; 67;0
3.7031385159100e-04; 40; 15; 67;0
3.7033320034300e-04; 40; 15; 67;0
3.7035256113400e-04; 40; 15; 67;0
3.7037190972000e-04; 40; 15; 67;0
3.7039127051500e-04; 40; 15; 67;0
3.7041061910200e-04; 40; 15; 67;0
3.7042997999500e-04; 40; 15; 68;0
3.7044610315700e-04; 40; 15; 68;0
3.7046546399100e-04; 40; 15; 68;0
3.7048481294200e-04; 40; 15; 68;0
3.7050417376200e-04; 40; 15; 68;0
3.7052352260300e-04; 40; 15; 68;0
3.7054288344800e-04; 40; 15; 68;0
3.7056223242100e-04; 40; 15; 68;0
3.7058159341400e-04; 40; 15; 68;0
3.7060094227800e-04; 40; 15; 68;0
3.7062030329700e-04; 40; 15; 68;0
3.7063965206400e-04; 40; 15; 68;0
3.7065901303400e-04; 40; 15; 68;0
3.7067836200700e-04; 40; 15; 68;0
3.7069772276100e-04; 40; 15; 68;0
3.7071707170600e-04; 40; 15; 68;0
3.7073643260400e-04; 40; 15; 68;0
3.7075578152100e-04; 40; 15; 68;0
3.7077514248900e-04; 40; 15; 68;0
3.7079449135700e-04; 40; 15; 68;0
3.7081385216000e-04; 40; 15; 68;0
3.7083320105000e-04; 40; 15; 68;0
3.7085256180600e-04; 40; 15; 68;0
3.7087191084300e-04; 40; 15; 68;0
3.7089127155400e-04; 40; 15; 68;0
3.7091062064800e-04; 40; 15; 68;0
3.7092998157700e-04; 40; 15; 68;0
3.7094610463700e-04; 40; 15; 68;0
3.7096546552800e-04; 40; 15; 68;0
3.7098481461600e-04; 40; 15; 68;0
3.7100417573100e-04; 40; 15; 68;0
3.7102352453400e-04; 40; 15; 68;0
3.7104288542200e-04; 40; 15; 68;0
3.7106223447400e-04; 40; 15; 68;0
3.7108159539000e-04; 40; 15; 68;0
3.7110094430600e-04; 40; 15; 68;0
3.7112030525400e-04; 40; 15; 68;0
3.7113965429200e-04; 40; 15; 68;0
3.7115901518500e-04; 40; 15; 68;0
3.7117836413900e-04; 40; 15; 68;0
3.7119772507100e-04; 40; 15; 68;0
3.7121707400700e-04; 40; 15; 68;0
3.7123643485700e-04; 40; 15; 68;0
3.7125578383700e-04; 40; 15; 68;0
3.7127514479800e-04; 40; 15; 68;0
3.7129449373100e-04; 40; 15; 68;0
3.7131385468400e-04; 40; 15; 68;0
3.7133320359300e-04; 40; 15; 68;0
3.7135256445200e-04; 40; 15; 68;0
3.7137191342300e-04; 40; 15; 68;0
3.7139127426700e-04; 40; 15; 68;0
3.7141062321600e-04; 40; 15; 68;0
3.7142998411800e-04; 40; 15; 68;0
3.7144610724700e-04; 40; 15; 68;0
3.7146546816600e-04; 40; 15; 68;0
3.7148481713100e-04; 40; 15; 68;0
3.7150417804600e-04; 40; 15; 68;0
3.7152352706300e-04; 40; 15; 68;0
3.7154288800100e-04; 40; 15; 68;0
3.7156223681600e-04; 40; 15; 68;0
3.7158159739600e-04; 40; 15; 67;0
3.7160094613400e-04; 40; 15; 67;0
3.7162030682000e-04; 40; 15; 67;0
3.7163965529400e-04; 40; 15; 67;0
3.7165901612500e-04; 40; 15; 67;0
3.7167836476400e-04; 40; 15; 67;0
3.7169772551600e-04; 40; 15; 67;0
3.7171707406800e-04; 40; 15; 67;0
3.7173643489000e-04; 40; 15; 67;0
3.7175578356900e-04; 40; 15; 67;0
3.7177514423100e-04; 40; 15; 67;0
3.7179449301900e-04; 40; 15; 67;0
3.7181385371700e-04; 40; 15; 67;0
3.7183320241400e-04; 40; 15; 67;0
3.7185256308700e-04; 40; 15; 67;0
3.7187191191600e-04; 40; 15; 67;0
3.7189127258000e-04; 40; 15; 67;0
3.7191062124000e-04; 40; 15; 67;0
3.7192998215500e-04; 40; 15; 68;0
3.7194610524900e-04; 40; 15; 68;0
3.7196546620700e-04; 40; 15; 68;0
3.7198481505100e-04; 40; 15; 68;0
3.7200417599600e-04; 40; 15; 68;0
3.7202352504100e-04; 40; 15; 68;0
3.7204288571300e-04; 40; 15; 67;0
3.7206223438500e-04; 40; 15; 67;0
3.7208159540500e-04; 40; 15; 68;0
3.7210094425900e-04; 40; 15; 68;0
3.7212030514600e-04; 40; 15; 68;0
3.7213965413100e-04; 40; 15; 68;0
3.7215901500000e-04; 40; 15; 68;0
3.7217836394900e-04; 40; 15; 68;0
3.7219772482800e-04; 40; 15; 68;0
3.7221707365200e-04; 40; 15; 68;0
3.7223643477000e-04; 40; 15; 68;0
3.7225578367900e-04; 40; 15; 68;0
3.7227514424900e-04; 40; 15; 67;0
3.7229449300000e-04; 40; 15; 67;0
3.7231385353700e-04; 40; 15; 67;0
3.7233320234300e-04; 40; 15; 67;0
3.7235256329600e-04; 40; 15; 68;0
3.7237191218300e-04; 40; 15; 68;0
3.7239127317100e-04; 40; 15; 68;0
3.7241062224200e-04; 40; 15; 68;0
3.7242998315000e-04; 40; 15; 68;0
3.7244610618800e-04; 40; 15; 68;0
3.7246546707900e-04; 40; 15; 68;0
3.7248481607700e-04; 40; 15; 68;0
3.7250417712700e-04; 40; 15; 68;0
3.7252352589100e-04; 40; 15; 68;0
3.7254288675100e-04; 40; 15; 68;0
3.7256223581500e-04; 40; 15; 68;0
3.7258159669500e-04; 40; 15; 68;0
3.7260094574000e-04; 40; 15; 68;0
3.7262030643900e-04; 40; 15; 67;0
3.7263965515200e-04; 40; 15; 67;0
3.7265901580500e-04; 40; 15; 67;0
3.7267836444200e-04; 40; 15; 67;0
3.7269772521000e-04; 40; 15; 67;0
3.7271707405000e-04; 40; 15; 67;0
3.7273643466100e-04; 40; 15; 67;0
3.7275578341900e-04; 40; 15; 67;0
3.7277514397500e-04; 40; 15; 67;0
3.7279449247600e-04; 40; 15; 67;0
3.7281385311400e-04; 40; 15; 67;0
3.7283320175000e-04; 40; 15; 67;0
3.7285256232400e-04; 40; 15; 67;0
3.7287191109400e-04; 40; 15; 67;0
3.7289127178200e-04; 40; 15; 67;0
3.7291062047000e-04; 40; 15; 67;0
3.7292998114400e-04; 40; 15; 67;0
3.7294610402100e-04; 40; 15; 67;0
3.7296546471400e-04; 40; 15; 67;0
3.7298481344300e-04; 40; 15; 67;0
3.7300417407300e-04; 40; 15; 67;0
3.7302352275700e-04; 40; 15; 67;0
3.7304288332100e-04; 40; 15; 67;0
3.7306223202800e-04; 40; 15; 67;0
3.7308159300600e-04; 40; 15; 68;0
3.7310094183900e-04; 40; 15; 68;0
3.7312030282800e-04; 40; 15; 68;0
3.7313965179200e-04; 40; 15; 68;0
3.7315901271400e-04; 40; 15; 68;0
3.7317836171900e-04; 40; 15; 68;0
3.7319772265900e-04; 40; 15; 68;0
3.7321707161300e-04; 40; 15; 68;0
3.7323643259100e-04; 40; 15; 68;0
3.7325578159000e-04; 40; 15; 68;0
3.7327514234100e-04; 40; 15; 67;0
3.7329449097500e-04; 40; 15; 67;0
3.7331385180500e-04; 40; 15; 67;0
3.7333320047800e-04; 40; 15; 67;0
3.7335256139700e-04; 40; 15; 68;0
3.7337191034300e-04; 40; 15; 68;0
3.7339127131800e-04; 40; 15; 68;0
3.7341062019500e-04; 40; 15; 68;0
3.7342998099000e-04; 40; 15; 68;0
3.7344610401800e-04; 40; 15; 68;0
3.7346546484100e-04; 40; 15; 68;0
3.7348481376600e-04; 40; 15; 68;0
3.7350417463900e-04; 40; 15; 68;0
3.7352352348900e-04; 40; 15; 68;0
3.7354288454900e-04; 40; 15; 68;0
3.7356223338000e-04; 40; 15; 68;0
3.7358159437300e-04; 40; 15; 68;0
3.7360094318000e-04; 40; 15; 68;0
3.7362030405400e-04; 40; 15; 68;0
3.7363965294800e-04; 40; 15; 68;0
3.7365901379500e-04; 40; 15; 68;0
3.7367836273900e-04; 40; 15; 68;0
3.7369772373700e-04; 40; 15; 68;0
3.7371707243600e-04; 40; 15; 68;0
3.7373643333900e-04; 40; 15; 68;0
3.7375578219800e-04; 40; 15; 68;0
3.7377514306700e-04; 40; 15; 68;0
3.7379449200200e-04; 40; 15; 68;0
3.7381385278100e-04; 40; 15; 68;0
3.7383320181100e-04; 40; 15; 68;0
3.7385256281500e-04; 40; 15; 68;0
3.7387191182900e-04; 40; 15; 68;0
3.7389127276800e-04; 40; 15; 68;0
3.7391062167800e-04; 40; 15; 68;0
3.7392998265400e-04; 40; 15; 68;0
3.7394610576900e-04; 40; 15; 68;0
3.7396546654000e-04; 40; 15; 68;0
3.7398481543300e-04; 40; 15; 68;0
3.7400417646700e-04; 40; 15; 68;0
3.7402352549300e-04; 40; 15; 68;0
3.7404288646700e-04; 40; 15; 68;0
3.7406223532000e-04; 40; 15; 68;0
3.7408159634900e-04; 40; 15; 68;0
3.7410094527500e-04; 40; 15; 68;0
3.7412030598500e-04; 40; 15; 67;0
3.7413965459800e-04; 40; 15; 67;0
3.7415901518600e-04; 40; 15; 67;0
3.7417836383300e-04; 40; 15; 67;0
3.7419772458000e-04; 40; 15; 67;0
3.7421707327900e-04; 40; 15; 67;0
3.7423643398800e-04; 40; 15; 67;0
3.7425578262200e-04; 40; 15; 67;0
3.7427514327900e-04; 40; 15; 67;0
3.7429449190300e-04; 40; 15; 67;0
3.7431385261600e-04; 40; 15; 67;0
3.7433320133500e-04; 40; 15; 67;0
3.7435256199700e-04; 40; 15; 67;0
3.7437191052200e-04; 40; 15; 67;0
3.7439127123100e-04; 40; 15; 67;0
3.7441061981400e-04; 40; 15; 67;0
3.7442998051500e-04; 40; 15; 67;0
3.7444610348000e-04; 40; 15; 67;0
3.7446546404800e-04; 40; 15; 67;0
3.7448481260800e-04; 40; 15; 67;0
3.7450417329600e-04; 40; 15; 67;0
3.7452352188200e-04; 40; 15; 67;0
3.7454288251500e-04; 40; 15; 67;0
3.7456223118800e-04; 40; 15; 67;0
3.7458159195100e-04; 40; 15; 68;0
3.7460094071500e-04; 40; 15; 68;0
3.7462030154900e-04; 40; 15; 68;0
3.7463965048200e-04; 40; 15; 68;0
3.7465901145500e-04; 40; 15; 68;0
3.7467836036000e-04; 40; 15; 68;0
3.7469772115400e-04; 40; 15; 68;0
3.7471707017300e-04; 40; 15; 68;0
3.7473643118700e-04; 40; 15; 68;0
3.7475578005400e-04; 40; 15; 68;0
3.7477514100000e-04; 40; 15; 68;0
3.7479448994600e-04; 40; 15; 68;0
3.7481385083900e-04; 40; 15; 68;0
3.7483319984000e-04; 40; 15; 68;0
3.7485256079000e-04; 40; 15; 68;0
3.7487190959300e-04; 40; 15; 68;0
3.7489127071400e-04; 40; 15; 68;0
3.7491061963000e-04; 40; 15; 68;0
3.7492998041100e-04; 40; 15; 68;0
3.7494610358100e-04; 40; 15; 68;0
3.7496546439300e-04; 40; 15; 68;0
3.7498481321100e-04; 40; 15; 68;0
3.7500417429100e-04; 40; 15; 68;0
3.7502352332800e-04; 40; 15; 68;0
3.7504288420800e-04; 40; 15; 68;0
3.7506223317800e-04; 40; 15; 68;0
3.7508159401200e-04; 40; 15; 68;0
3.7510094295700e-04; 40; 15; 68;0
3.7512030392500e-04; 40; 15; 68;0
3.7513965281500e-04; 40; 15; 68;0
3.7515901367500e-04; 40; 15; 68;0
3.7517836269300e-04; 40; 15; 68;0
3.7519772354100e-04; 40; 15; 68;0
3.7521707248400e-04; 40; 15; 68;0
3.7523643343000e-04; 40; 15; 68;0
3.7525578240300e-04; 40; 15; 68;0
3.7527514339800e-04; 40; 15; 68;0
3.7529449234500e-04; 40; 15; 68;0
3.7531385329200e-04; 40; 15; 68;0
3.7533320218500e-04; 40; 15; 68;0
3.7535256306100e-04; 40; 15; 68;0
3.7537191205500e-04; 40; 15; 68;0
3.7539127300400e-04; 40; 15; 68;0
3.7541062192700e-04; 40; 15; 68;0
3.7542998271600e-04; 40; 15; 68;0
3.7544610581000e-04; 40; 15; 68;0
3.7546546679400e-04; 40; 15; 68;0
3.7548481559300e-04; 40; 15; 68;0
3.7550417646400e-04; 40; 15; 68;0
3.7552352541400e-04; 40; 15; 68;0
3.7554288619900e-04; 40; 15; 68;0
3.7556223516700e-04; 40; 15; 68;0
3.7558159598200e-04; 40; 15; 67;0
3.7560094451600e-04; 40; 15; 67;0
3.7562030524500e-04; 40; 15; 67;0
3.7563965382200e-04; 40; 15; 67;0
3.7565901442000e-04; 40; 15; 67;0
3.7567836306700e-04; 40; 15; 67;0
3.7569772385800e-04; 40; 15; 67;0
3.7571707265600e-04; 40; 15; 67;0
3.7573643321700e-04; 40; 15; 67;0
3.7575578188700e-04; 40; 15; 67;0
3.7577514263300e-04; 40; 15; 67;0
3.7579449135500e-04; 40; 15; 67;0
3.7581385200800e-04; 40; 15; 67;0
3.7583320062900e-04; 40; 15; 67;0
3.7585256159000e-04; 40; 15; 68;0
3.7587191044100e-04; 40; 15; 68;0
3.7589127129500e-04; 40; 15; 68;0
3.7591062010300e-04; 40; 15; 68;0
3.7592998102200e-04; 40; 15; 68;0
3.7594610415900e-04; 40; 15; 68;0
3.7596546515600e-04; 40; 15; 68;0
3.7598481410600e-04; 40; 15; 68;0
3.7600417498300e-04; 40; 15; 68;0
3.7602352391900e-04; 40; 15; 68;0
3.7604288492500e-04; 40; 15; 68;0
3.7606223386300e-04; 40; 15; 68;0
3.7608159467900e-04; 40; 15; 68;0
3.7610094372000e-04; 40; 15; 68;0
3.7612030461300e-04; 40; 15; 68;0
3.7613965349200e-04; 40; 15; 68;0
3.7615901452500e-04; 40; 15; 68;0
3.7617836340200e-04; 40; 15; 68;0
3.7619772427100e-04; 40; 15; 68;0
3.7621707324800e-04; 40; 15; 68;0
3.7623643424500e-04; 40; 15; 68;0
3.7625578316100e-04; 40; 15; 68;0
3.7627514402300e-04; 40; 15; 68;0
3.7629449295400e-04; 40; 15; 68;0
3.7631385394900e-04; 40; 15; 68;0
3.7633320295900e-04; 40; 15; 68;0
3.7635256377900e-04; 40; 15; 68;0
3.7637191282300e-04; 40; 15; 68;0
3.7639127374000e-04; 40; 15; 68;0
3.7641062259500e-04; 40; 15; 68;0
3.7642998368600e-04; 40; 15; 68;0
3.7644610672700e-04; 40; 15; 68;0
3.7646546764000e-04; 40; 15; 68;0
3.7648481662600e-04; 40; 15; 68;0
3.7650417739500e-04; 40; 15; 68;0
3.7652352638800e-04; 40; 15; 68;0
3.7654288709500e-04; 40; 15; 68;0
3.7656223605600e-04; 40; 15; 68;0
3.7658159699900e-04; 40; 15; 68;0
3.7660094587200e-04; 40; 15; 68;0
3.7662030656600e-04; 40; 15; 67;0
3.7663965518900e-04; 40; 15; 67;0
3.7665901598000e-04; 40; 15; 67;0
3.7667836475700e-04; 40; 15; 67;0
3.7669772539800e-04; 40; 15; 67;0
3.7671707398100e-04; 40; 15; 67;0
3.7673643471400e-04; 40; 15; 67;0
3.7675578321300e-04; 40; 15; 67;0
3.7677514376700e-04; 40; 15; 67;0
3.7679449233300e-04; 40; 15; 67;0
3.7681385309400e-04; 40; 15; 67;0
3.7683320165600e-04; 40; 15; 67;0
3.7685256234700e-04; 40; 15; 67;0
3.7687191101600e-04; 40; 15; 67;0
3.7689127180800e-04; 40; 15; 67;0
3.7691062065800e-04; 40; 15; 67;0
3.7692998142400e-04; 40; 15; 67;0
3.7694610415500e-04; 40; 15; 67;0
3.7696546483200e-04; 40; 15; 67;0
3.7698481367600e-04; 40; 15; 67;0
3.7700417420900e-04; 40; 15; 67;0
3.7702352285800e-04; 40; 15; 67;0
3.7704288364500e-04; 40; 15; 67;0
3.7706223231900e-04; 40; 15; 67;0
3.7708159311900e-04; 40; 15; 68;0
3.7710094197200e-04; 40; 15; 68;0
3.7712030292000e-04; 40; 15; 68;0
3.7713965188600e-04; 40; 15; 68;0
3.7715901271200e-04; 40; 15; 68;0
3.7717836179600e-04; 40; 15; 68;0
3.7719772263500e-04; 40; 15; 68;0
3.7721707172400e-04; 40; 15; 68;0
3.7723643258600e-04; 40; 15; 68;0
3.7725578144400e-04; 40; 15; 68;0
3.7727514242400e-04; 40; 15; 68;0
3.7729449137700e-04; 40; 15; 68;0
3.7731385230400e-04; 40; 15; 68;0
3.7733320131800e-04; 40; 15; 68;0
3.7735256209300e-04; 40; 15; 68;0
3.7737191112400e-04; 40; 15; 68;0
3.7739127188200e-04; 40; 15; 68;0
3.7741062073500e-04; 40; 15; 68;0
3.7742998165300e-04; 40; 15; 68;0
3.7744610473800e-04; 40; 15; 68;0
3.7746546569400e-04; 40; 15; 68;0
3.7748481456700e-04; 40; 15; 68;0
3.7750417546300e-04; 40; 15; 68;0
3.7752352431600e-04; 40; 15; 68;0
3.7754288530100e-04; 40; 15; 68;0
3.7756223410500e-04; 40; 15; 68;0
3.7758159509200e-04; 40; 15; 68;0
3.7760094404800e-04; 40; 15; 68;0
3.7762030499200e-04; 40; 15; 68;0
3.7763965390400e-04; 40; 15; 68;0
3.7765901491300e-04; 40; 15; 68;0
3.7767836376300e-04; 40; 15; 68;0
3.7769772468700e-04; 40; 15; 68;0
3.7771707346400e-04; 40; 15; 68;0
3.7773643430300e-04; 40; 15; 68;0
3.7775578338900e-04; 40; 15; 68;0
3.7777514421700e-04; 40; 15; 68;0
3.7779449310500e-04; 40; 15; 68;0
3.7781385420200e-04; 40; 15; 68;0
3.7783320319500e-04; 40; 15; 68;0
3.7785256404900e-04; 40; 15; 68;0
3.7787191289000e-04; 40; 15; 68;0
3.7789127395500e-04; 40; 15; 68;0
3.7791062291800e-04; 40; 15; 68;0
3.7792998407000e-04; 40; 15; 68;0
3.7794610707300e-04; 40; 15; 68;0
3.7796546810600e-04; 40; 15; 68;0
3.7798481699200e-04; 40; 15; 68;0
3.7800417791600e-04; 40; 15; 68;0
3.7802352692400e-04; 40; 15; 68;0
3.7804288757700e-04; 40; 15; 68;0
3.7806223630700e-04; 40; 15; 68;0
3.7808159733000e-04; 40; 15; 68;0
3.7810094615200e-04; 40; 15; 68;0
3.7812030708900e-04; 40; 15; 68;0
3.7813965626000e-04; 40; 15; 68;0
3.7815901724800e-04; 40; 15; 68;0
3.7817836612300e-04; 40; 15; 68;0
3.7819772678700e-04; 40; 15; 67;0
3.7821707549300e-04; 40; 15; 67;0
3.7823643631800e-04; 40; 15; 67;0
3.7825578485800e-04; 40; 15; 67;0
3.7827514556200e-04; 40; 15; 67;0
3.7829449426300e-04; 40; 15; 67;0
3.7831385497200e-04; 40; 15; 67;0
3.7833320363900e-04; 40; 15; 67;0
3.7835256427400e-04; 40; 15; 67;0
3.7837191316300e-04; 40; 15; 67;0
3.7839127379200e-04; 40; 15; 67;0
3.7841062249800e-04; 40; 15; 67;0
3.7842998312800e-04; 40; 15; 67;0
3.7844610596300e-04; 40; 15; 67;0
3.7846546680500e-04; 40; 15; 68;0
3.7848481577500e-04; 40; 15; 68;0
3.7850417668300e-04; 40; 15; 68;0
3.7852352562400e-04; 40; 15; 68;0
3.7854288636600e-04; 40; 15; 67;0
3.7856223511600e-04; 40; 15; 67;0
3.7858159562700e-04; 40; 15; 67;0
3.7860094424000e-04; 40; 15; 67;0
3.7862030497300e-04; 40; 15; 67;0
3.7863965363700e-04; 40; 15; 67;0
3.7865901425600e-04; 40; 15; 67;0
3.7867836293000e-04; 40; 15; 67;0
3.7869772352300e-04; 40; 15; 67;0
3.7871707206300e-04; 40; 15; 67;0
3.7873643273000e-04; 40; 15; 67;0
3.7875578152400e-04; 40; 15; 67;0
3.7877514222300e-04; 40; 15; 67;0
3.7879449086100e-04; 40; 15; 67;0
3.7881385146300e-04; 40; 15; 67;0
3.7883320015200e-04; 40; 15; 67;0
3.7885256118900e-04; 40; 15; 68;0
3.7887190995700e-04; 40; 15; 68;0
3.7889127079800e-04; 40; 15; 68;0
3.7891061973000e-04; 40; 15; 68;0
3.7892998077000e-04; 40; 15; 68;0
3.7894610398700e-04; 40; 15; 68;0
3.7896546487700e-04; 40; 15; 68;0
3.7898481366100e-04; 40; 15; 68;0
3.7900417453100e-04; 40; 15; 68;0
3.7902352360200e-04; 40; 15; 68;0
3.7904288445300e-04; 40; 15; 68;0
3.7906223326800e-04; 40; 15; 68;0
3.7908159414300e-04; 40; 15; 68;0
3.7910094298400e-04; 40; 15; 68;0
3.7912030407600e-04; 40; 15; 68;0
3.7913965295300e-04; 40; 15; 68;0
3.7915901372700e-04; 40; 15; 68;0
3.7917836267200e-04; 40; 15; 68;0
3.7919772379600e-04; 40; 15; 68;0
3.7921707271500e-04; 40; 15; 68;0
3.7923643347000e-04; 40; 15; 68;0
3.7925578250300e-04; 40; 15; 68;0
3.7927514324600e-04; 40; 15; 68;0
3.7929449208000e-04; 40; 15; 68;0
3.7931385284400e-04; 40; 15; 68;0
3.7933320179800e-04; 40; 15; 68;0
3.7935256260200e-04; 40; 15; 68;0
3.7937191139900e-04; 40; 15; 68;0
3.7939127248500e-04; 40; 15; 68;0
3.7941062140500e-04; 40; 15; 68;0
3.7942998224900e-04; 40; 15; 68;0
3.7944610553800e-04; 40; 15; 68;0
3.7946546634000e-04; 40; 15; 68;0
3.7948481518700e-04; 40; 15; 68;0
3.7950417619200e-04; 40; 15; 68;0
3.7952352512600e-04; 40; 15; 68;0
3.7954288604900e-04; 40; 15; 68;0
3.7956223513000e-04; 40; 15; 68;0
3.7958159605700e-04; 40; 15; 68;0
3.7960094500800e-04; 40; 15; 68;0
3.7962030588000e-04; 40; 15; 68;0
3.7963965483900e-04; 40; 15; 68;0
3.7965901587500e-04; 40; 15; 68;0
3.7967836477000e-04; 40; 15; 68;0
3.7969772565500e-04; 40; 15; 68;0
3.7971707470600e-04; 40; 15; 68;0
3.7973643564600e-04; 40; 15; 68;0
3.7975578459900e-04; 40; 15; 68;0
3.7977514514900e-04; 40; 15; 67;0
3.7979449380300e-04; 40; 15; 67;0
3.7981385448500e-04; 40; 15; 67;0
3.7983320315400e-04; 40; 15; 67;0
3.7985256407500e-04; 40; 15; 68;0
3.7987191299300e-04; 40; 15; 68;0
3.7989127389700e-04; 40; 15; 68;0
3.7991062280000e-04; 40; 15; 68;0
3.7992998352000e-04; 40; 15; 67;0
3.7994610647200e-04; 40; 15; 67;0
3.7996546719000e-04; 40; 15; 67;0
3.7998481575000e-04; 40; 15; 67;0
3.8000417645800e-04; 40; 15; 67;0
3.8002352525900e-04; 40; 15; 67;0
3.8004288583900e-04; 40; 15; 67;0
3.8006223429200e-04; 40; 15; 67;0
3.8008159505100e-04; 40; 15; 67;0
3.8010094384700e-04; 40; 15; 67;0
3.8012030440200e-04; 40; 15; 67;0
3.8013965318800e-04; 40; 15; 67;0
3.8015901404400e-04; 40; 15; 68;0
3.8017836284000e-04; 40; 15; 68;0
3.8019772389100e-04; 40; 15; 68;0
3.8021707278200e-04; 40; 15; 68;0
3.8023643336400e-04; 40; 15; 67;0
3.8025578196000e-04; 40; 15; 67;0
3.8027514271800e-04; 40; 15; 67;0
3.8029449146000e-04; 40; 15; 67;0
3.8031385206300e-04; 40; 15; 67;0
3.8033320084300e-04; 40; 15; 67;0
3.8035256185600e-04; 40; 15; 68;0
3.8037191072500e-04; 40; 15; 68;0
3.8039127164400e-04; 40; 15; 68;0
3.8041062072800e-04; 40; 15; 68;0
3.8042998167900e-04; 40; 15; 68;0
3.8044610475000e-04; 40; 15; 68;0
3.8046546575000e-04; 40; 15; 68;0
3.8048481454400e-04; 40; 15; 68;0
3.8050417539900e-04; 40; 15; 68;0
3.8052352438800e-04; 40; 15; 68;0
3.8054288537900e-04; 40; 15; 68;0
3.8056223413000e-04; 40; 15; 68;0
3.8058159518800e-04; 40; 15; 68;0
3.8060094407000e-04; 40; 15; 68;0
3.8062030498100e-04; 40; 15; 68;0
3.8063965406100e-04; 40; 15; 68;0
3.8065901505600e-04; 40; 15; 68;0
3.8067836385200e-04; 40; 15; 68;0
3.8069772484400e-04; 40; 15; 68;0
3.8071707373300e-04; 40; 15; 68;0
3.8073643470700e-04; 40; 15; 68;0
3.8075578357400e-04; 40; 15; 68;0
3.8077514437900e-04; 40; 15; 67;0
3.8079449284700e-04; 40; 15; 67;0
3.8081385346900e-04; 40; 15; 67;0
3.8083320213100e-04; 40; 15; 67;0
3.8085256309600e-04; 40; 15; 68;0
3.8087191186900e-04; 40; 15; 68;0
3.8089127284600e-04; 40; 15; 68;0
3.8091062170300e-04; 40; 15; 68;0
3.8092998261900e-04; 40; 15; 68;0
3.8094610581800e-04; 40; 15; 68;0
3.8096546677100e-04; 40; 15; 68;0
3.8098481567800e-04; 40; 15; 68;0
3.8100417654200e-04; 40; 15; 68;0
3.8102352545700e-04; 40; 15; 68;0
3.8104288638100e-04; 40; 15; 68;0
3.8106223531200e-04; 40; 15; 68;0
3.8108159596900e-04; 40; 15; 67;0
3.8110094472700e-04; 40; 15; 67;0
3.8112030548300e-04; 40; 15; 67;0
3.8113965414300e-04; 40; 15; 67;0
3.8115901488100e-04; 40; 15; 67;0
3.8117836353800e-04; 40; 15; 67;0
3.8119772420300e-04; 40; 15; 67;0
3.8121707292100e-04; 40; 15; 67;0
3.8123643361000e-04; 40; 15; 67;0
3.8125578230900e-04; 40; 15; 67;0
3.8127514287700e-04; 40; 15; 67;0
3.8129449151100e-04; 40; 15; 67;0
3.8131385216100e-04; 40; 15; 67;0
3.8133320078800e-04; 40; 15; 67;0
3.8135256150900e-04; 40; 15; 67;0
3.8137191008400e-04; 40; 15; 67;0
3.8139127068900e-04; 40; 15; 67;0
3.8141061940700e-04; 40; 15; 67;0
3.8142998013800e-04; 40; 15; 67;0
3.8144610294300e-04; 40; 15; 67;0
3.8146546363800e-04; 40; 15; 67;0
3.8148481223600e-04; 40; 15; 67;0
3.8150417319800e-04; 40; 15; 68;0
3.8152352212700e-04; 40; 15; 68;0
3.8154288276100e-04; 40; 15; 67;0
3.8156223152800e-04; 40; 15; 67;0
3.8158159237800e-04; 40; 15; 68;0
3.8160094129800e-04; 40; 15; 68;0
3.8162030221300e-04; 40; 15; 68;0
3.8163965110100e-04; 40; 15; 68;0
3.8165901190600e-04; 40; 15; 68;0
3.8167836093500e-04; 40; 15; 68;0
3.8169772196700e-04; 40; 15; 68;0
3.8171707094400e-04; 40; 15; 68;0
3.8173643186500e-04; 40; 15; 68;0
3.8175578081400e-04; 40; 15; 68;0
3.8177514182500e-04; 40; 15; 68;0
3.8179449067400e-04; 40; 15; 68;0
3.8181385148100e-04; 40; 15; 68;0
3.8183320032900e-04; 40; 15; 68;0
3.8185256117900e-04; 40; 15; 68;0
3.8187191011700e-04; 40; 15; 68;0
3.8189127103100e-04; 40; 15; 68;0
3.8191061998200e-04; 40; 15; 68;0
3.8192998102500e-04; 40; 15; 68;0
3.8194610430100e-04; 40; 15; 68;0
3.8196546515900e-04; 40; 15; 68;0
3.8198481398900e-04; 40; 15; 68;0
3.8200417494900e-04; 40; 15; 68;0
3.8202352385600e-04; 40; 15; 68;0
3.8204288478300e-04; 40; 15; 68;0
3.8206223354200e-04; 40; 15; 68;0
3.8208159451000e-04; 40; 15; 68;0
3.8210094344200e-04; 40; 15; 68;0
3.8212030433600e-04; 40; 15; 68;0
3.8213965318400e-04; 40; 15; 68;0
3.8215901396300e-04; 40; 15; 68;0
3.8217836286100e-04; 40; 15; 68;0
3.8219772369000e-04; 40; 15; 68;0
3.8221707258300e-04; 40; 15; 68;0
3.8223643353000e-04; 40; 15; 68;0
3.8225578243200e-04; 40; 15; 68;0
3.8227514323300e-04; 40; 15; 68;0
3.8229449205700e-04; 40; 15; 68;0
3.8231385310200e-04; 40; 15; 68;0
3.8233320182200e-04; 40; 15; 68;0
3.8235256276200e-04; 40; 15; 68;0
3.8237191161700e-04; 40; 15; 68;0
3.8239127251100e-04; 40; 15; 68;0
3.8241062149400e-04; 40; 15; 68;0
3.8242998242700e-04; 40; 15; 68;0
3.8244610553100e-04; 40; 15; 68;0
3.8246546651700e-04; 40; 15; 68;0
3.8248481550900e-04; 40; 15; 68;0
3.8250417646000e-04; 40; 15; 68;0
3.8252352549000e-04; 40; 15; 68;0
3.8254288643700e-04; 40; 15; 68;0
3.8256223538600e-04; 40; 15; 68;0
3.8258159630700e-04; 40; 15; 68;0
3.8260094509100e-04; 40; 15; 68;0
3.8262030609700e-04; 40; 15; 68;0
3.8263965501200e-04; 40; 15; 68;0
3.8265901589500e-04; 40; 15; 68;0
3.8267836468000e-04; 40; 15; 68;0
3.8269772563300e-04; 40; 15; 68;0
3.8271707440400e-04; 40; 15; 68;0
3.8273643525500e-04; 40; 15; 68;0
3.8275578409800e-04; 40; 15; 68;0
3.8277514493200e-04; 40; 15; 68;0
3.8279449403900e-04; 40; 15; 68;0
3.8281385498600e-04; 40; 15; 68;0
3.8283320392000e-04; 40; 15; 68;0
3.8285256468800e-04; 40; 15; 68;0
3.8287191365900e-04; 40; 15; 68;0
3.8289127461600e-04; 40; 15; 68;0
3.8291062358400e-04; 40; 15; 68;0
3.8292998452600e-04; 40; 15; 68;0
3.8294610763100e-04; 40; 15; 68;0
3.8296546857100e-04; 40; 15; 68;0
3.8298481755000e-04; 40; 15; 68;0
3.8300417847300e-04; 40; 15; 68;0
3.8302352735900e-04; 40; 15; 68;0
3.8304288814400e-04; 40; 15; 68;0
3.8306223722200e-04; 40; 15; 68;0
3.8308159813600e-04; 40; 15; 68;0
3.8310094704000e-04; 40; 15; 68;0
3.8312030775900e-04; 40; 15; 67;0
3.8313965625700e-04; 40; 15; 67;0
3.8315901699000e-04; 40; 15; 67;0
3.8317836555900e-04; 40; 15; 67;0
3.8319772628900e-04; 40; 15; 67;0
3.8321707509400e-04; 40; 15; 67;0
3.8323643559200e-04; 40; 15; 67;0
3.8325578413100e-04; 40; 15; 67;0
3.8327514480900e-04; 40; 15; 67;0
3.8329449346700e-04; 40; 15; 67;0
3.8331385424900e-04; 40; 15; 67;0
3.8333320280800e-04; 40; 15; 67;0
3.8335256352900e-04; 40; 15; 67;0
3.8337191210700e-04; 40; 15; 67;0
3.8339127284900e-04; 40; 15; 67;0
3.8341062161200e-04; 40; 15; 67;0
3.8342998240900e-04; 40; 15; 67;0
3.8344610535200e-04; 40; 15; 67;0
3.8346546624400e-04; 40; 15; 68;0
3.8348481510400e-04; 40; 15; 68;0
3.8350417613800e-04; 40; 15; 68;0
3.8352352507300e-04; 40; 15; 68;0
3.8354288613800e-04; 40; 15; 68;0
3.8356223494300e-04; 40; 15; 68;0
3.8358159540500e-04; 40; 15; 67;0
3.8360094414800e-04; 40; 15; 67;0
3.8362030463400e-04; 40; 15; 67;0
3.8363965324600e-04; 40; 15; 67;0
3.8365901395200e-04; 40; 15; 67;0
3.8367836255000e-04; 40; 15; 67;0
3.8369772316500e-04; 40; 15; 67;0
3.8371707177400e-04; 40; 15; 67;0
3.8373643267700e-04; 40; 15; 68;0
3.8375578151300e-04; 40; 15; 68;0
3.8377514261400e-04; 40; 15; 68;0
3.8379449150900e-04; 40; 15; 68;0
3.8381385247800e-04; 40; 15; 68;0
3.8383320138200e-04; 40; 15; 68;0
3.8385256224100e-04; 40; 15; 68;0
3.8387191100700e-04; 40; 15; 68;0
3.8389127194900e-04; 40; 15; 68;0
3.8391062094200e-04; 40; 15; 68;0
3.8392998179200e-04; 40; 15; 68;0
3.8394610491400e-04; 40; 15; 68;0
3.8396546572300e-04; 40; 15; 68;0
3.8398481472100e-04; 40; 15; 68;0
3.8400417573700e-04; 40; 15; 68;0
3.8402352475900e-04; 40; 15; 68;0
3.8404288565300e-04; 40; 15; 68;0
3.8406223474700e-04; 40; 15; 68;0
3.8408159571600e-04; 40; 15; 68;0
3.8410094461400e-04; 40; 15; 68;0
3.8412030561400e-04; 40; 15; 68;0
3.8413965473900e-04; 40; 15; 68;0
3.8415901564800e-04; 40; 15; 68;0
3.8417836459400e-04; 40; 15; 68;0
3.8419772548300e-04; 40; 15; 68;0
3.8421707421800e-04; 40; 15; 68;0
3.8423643531500e-04; 40; 15; 68;0
3.8425578413000e-04; 40; 15; 68;0
3.8427514512600e-04; 40; 15; 68;0
3.8429449401900e-04; 40; 15; 68;0
3.8431385494400e-04; 40; 15; 68;0
3.8433320392500e-04; 40; 15; 68;0
3.8435256480700e-04; 40; 15; 68;0
3.8437191371100e-04; 40; 15; 68;0
3.8439127458200e-04; 40; 15; 68;0
3.8441062349100e-04; 40; 15; 68;0
3.8442998444300e-04; 40; 15; 68;0
3.8444610750900e-04; 40; 15; 68;0
3.8446546843600e-04; 40; 15; 68;0
3.8448481731600e-04; 40; 15; 68;0
3.8450417825900e-04; 40; 15; 68;0
3.8452352716500e-04; 40; 15; 68;0
3.8454288804700e-04; 40; 15; 68;0
3.8456223706400e-04; 40; 15; 68;0
3.8458159776400e-04; 40; 15; 68;0
3.8460094666600e-04; 40; 15; 68;0
3.8462030750000e-04; 40; 15; 67;0
3.8463965609700e-04; 40; 15; 67;0
3.8465901670500e-04; 40; 15; 67;0
3.8467836550900e-04; 40; 15; 67;0
3.8469772618200e-04; 40; 15; 67;0
3.8471707480000e-04; 40; 15; 67;0
3.8473643542600e-04; 40; 15; 67;0
3.8475578419100e-04; 40; 15; 67;0
3.8477514492100e-04; 40; 15; 67;0
3.8479449350800e-04; 40; 15; 67;0
3.8481385412900e-04; 40; 15; 67;0
3.8483320281600e-04; 40; 15; 67;0
3.8485256350000e-04; 40; 15; 67;0
3.8487191220700e-04; 40; 15; 67;0
3.8489127290700e-04; 40; 15; 67;0
3.8491062168400e-04; 40; 15; 67;0
3.8492998223900e-04; 40; 15; 67;0
3.8494610508600e-04; 40; 15; 67;0
3.8496546577900e-04; 40; 15; 67;0
3.8498481447600e-04; 40; 15; 67;0
3.8500417514500e-04; 40; 15; 67;0
3.8502352391900e-04; 40; 15; 67;0
3.8504288464600e-04; 40; 15; 67;0
3.8506223324700e-04; 40; 15; 67;0
3.8508159421400e-04; 40; 15; 68;0
3.8510094329900e-04; 40; 15; 68;0
3.8512030428400e-04; 40; 15; 68;0
3.8513965317900e-04; 40; 15; 68;0
3.8515901411400e-04; 40; 15; 68;0
3.8517836296100e-04; 40; 15; 68;0
3.8519772387000e-04; 40; 15; 68;0
3.8521707275200e-04; 40; 15; 68;0
3.8523643364100e-04; 40; 15; 68;0
3.8525578262600e-04; 40; 15; 68;0
3.8527514361400e-04; 40; 15; 68;0
3.8529449261100e-04; 40; 15; 68;0
3.8531385352200e-04; 40; 15; 68;0
3.8533320255100e-04; 40; 15; 68;0
3.8535256356900e-04; 40; 15; 68;0
3.8537191233700e-04; 40; 15; 68;0
3.8539127323300e-04; 40; 15; 68;0
3.8541062215600e-04; 40; 15; 68;0
3.8542998308900e-04; 40; 15; 68;0
3.8544610616700e-04; 40; 15; 68;0
3.8546546712800e-04; 40; 15; 68;0
3.8548481611400e-04; 40; 15; 68;0
3.8550417690900e-04; 40; 15; 68;0
3.8552352595200e-04; 40; 15; 68;0
3.8554288683800e-04; 40; 15; 68;0
3.8556223561500e-04; 40; 15; 68;0
3.8558159651700e-04; 40; 15; 68;0
3.8560094532400e-04; 40; 15; 68;0
3.8562030622800e-04; 40; 15; 68;0
3.8563965528500e-04; 40; 15; 68;0
3.8565901625200e-04; 40; 15; 68;0
3.8567836515900e-04; 40; 15; 68;0
3.8569772612400e-04; 40; 15; 68;0
3.8571707483600e-04; 40; 15; 68;0
3.8573643578400e-04; 40; 15; 68;0
3.8575578467500e-04; 40; 15; 68;0
3.8577514566000e-04; 40; 15; 68;0
3.8579449439100e-04; 40; 15; 68;0
3.8581385538000e-04; 40; 15; 68;0
3.8583320405300e-04; 40; 15; 68;0
3.8585256505200e-04; 40; 15; 68;0
3.8587191382400e-04; 40; 15; 68;0
3.8589127462500e-04; 40; 15; 68;0
3.8591062351300e-04; 40; 15; 68;0
3.8592998450100e-04; 40; 15; 68;0
3.8594610751300e-04; 40; 15; 68;0
3.8596546828100e-04; 40; 15; 68;0
3.8598481715200e-04; 40; 15; 68;0
3.8600417805100e-04; 40; 15; 68;0
3.8602352695900e-04; 40; 15; 68;0
3.8604288790100e-04; 40; 15; 68;0
3.8606223688800e-04; 40; 15; 68;0
3.8608159776200e-04; 40; 15; 68;0
3.8610094665400e-04; 40; 15; 68;0
3.8612030751900e-04; 40; 15; 67;0
3.8613965599100e-04; 40; 15; 67;0
3.8615901678700e-04; 40; 15; 67;0
3.8617836536600e-04; 40; 15; 67;0
3.8619772600300e-04; 40; 15; 67;0
3.8621707469800e-04; 40; 15; 67;0
3.8623643534600e-04; 40; 15; 67;0
3.8625578412800e-04; 40; 15; 67;0
3.8627514476800e-04; 40; 15; 67;0
3.8629449342300e-04; 40; 15; 67;0
3.8631385403200e-04; 40; 15; 67;0
3.8633320269200e-04; 40; 15; 67;0
3.8635256337900e-04; 40; 15; 67;0
3.8637191201700e-04; 40; 15; 67;0
3.8639127278400e-04; 40; 15; 67;0
3.8641062145500e-04; 40; 15; 67;0
3.8642998214100e-04; 40; 15; 67;0
3.8644610503800e-04; 40; 15; 67;0
3.8646546600700e-04; 40; 15; 68;0
3.8648481479700e-04; 40; 15; 68;0
3.8650417559300e-04; 40; 15; 68;0
3.8652352448600e-04; 40; 15; 68;0
3.8654288532000e-04; 40; 15; 68;0
3.8656223416200e-04; 40; 15; 68;0
3.8658159488400e-04; 40; 15; 67;0
3.8660094348700e-04; 40; 15; 67;0
3.8662030409800e-04; 40; 15; 67;0
3.8663965273800e-04; 40; 15; 67;0
3.8665901330800e-04; 40; 15; 67;0
3.8667836200200e-04; 40; 15; 67;0
3.8669772267800e-04; 40; 15; 67;0
3.8671707137800e-04; 40; 15; 67;0
3.8673643210200e-04; 40; 15; 68;0
3.8675578118300e-04; 40; 15; 68;0
3.8677514189200e-04; 40; 15; 68;0
3.8679449064800e-04; 40; 15; 68;0
3.8681385153100e-04; 40; 15; 68;0
3.8683320058700e-04; 40; 15; 68;0
3.8685256136700e-04; 40; 15; 68;0
3.8687191019700e-04; 40; 15; 68;0
3.8689127111600e-04; 40; 15; 68;0
3.8691062009800e-04; 40; 15; 68;0
3.8692998096400e-04; 40; 15; 68;0
3.8694610411600e-04; 40; 15; 68;0
3.8696546493300e-04; 40; 15; 68;0
3.8698481394000e-04; 40; 15; 68;0
3.8700417471600e-04; 40; 15; 68;0
3.8702352367200e-04; 40; 15; 68;0
3.8704288449900e-04; 40; 15; 68;0
3.8706223349600e-04; 40; 15; 68;0
3.8708159446900e-04; 40; 15; 68;0
3.8710094324700e-04; 40; 15; 68;0
3.8712030410900e-04; 40; 15; 68;0
3.8713965306200e-04; 40; 15; 68;0
3.8715901404500e-04; 40; 15; 68;0
3.8717836292800e-04; 40; 15; 68;0
3.8719772390400e-04; 40; 15; 68;0
3.8721707288100e-04; 40; 15; 68;0
3.8723643380800e-04; 40; 15; 68;0
3.8725578263100e-04; 40; 15; 68;0
3.8727514363200e-04; 40; 15; 68;0
3.8729449257400e-04; 40; 15; 68;0
3.8731385360300e-04; 40; 15; 68;0
3.8733320242900e-04; 40; 15; 68;0
3.8735256336700e-04; 40; 15; 68;0
3.8737191215100e-04; 40; 15; 68;0
3.8739127318100e-04; 40; 15; 68;0
3.8741062208400e-04; 40; 15; 68;0
3.8742998304100e-04; 40; 15; 68;0
3.8744610611800e-04; 40; 15; 68;0
3.8746546705300e-04; 40; 15; 68;0
3.8748481591600e-04; 40; 15; 68;0
3.8750417675000e-04; 40; 15; 68;0
3.8752352562700e-04; 40; 15; 68;0
3.8754288648100e-04; 40; 15; 68;0
3.8756223539500e-04; 40; 15; 68;0
3.8758159630700e-04; 40; 15; 68;0
3.8760094521400e-04; 40; 15; 68;0
3.8762030610400e-04; 40; 15; 68;0
3.8763965502300e-04; 40; 15; 68;0
3.8765901582200e-04; 40; 15; 68;0
3.8767836483900e-04; 40; 15; 68;0
3.8769772564700e-04; 40; 15; 68;0
3.8771707464700e-04; 40; 15; 68;0
3.8773643550200e-04; 40; 15; 68;0
3.8775578451600e-04; 40; 15; 68;0
3.8777514539800e-04; 40; 15; 68;0
3.8779449424100e-04; 40; 15; 68;0
3.8781385523600e-04; 40; 15; 68;0
3.8783320412500e-04; 40; 15; 68;0
3.8785256490700e-04; 40; 15; 68;0
3.8787191393000e-04; 40; 15; 68;0
3.8789127495300e-04; 40; 15; 68;0
3.8791062371900e-04; 40; 15; 68;0
3.8792998474500e-04; 40; 15; 68;0
3.8794610788700e-04; 40; 15; 68;0
3.8796546869000e-04; 40; 15; 68;0
3.8798481751900e-04; 40; 15; 68;0
3.8800417835800e-04; 40; 15; 68;0
3.8802352737700e-04; 40; 15; 68;0
3.8804288840100e-04; 40; 15; 68;0
3.8806223743200e-04; 40; 15; 68;0
3.8808159828300e-04; 40; 15; 68;0
3.8810094718600e-04; 40; 15; 68;0
3.8812030790800e-04; 40; 15; 67;0
3.8813965648800e-04; 40; 15; 67;0
3.8815901711100e-04; 40; 15; 67;0
3.8817836570900e-04; 40; 15; 67;0
3.8819772626700e-04; 40; 15; 67;0
3.8821707496100e-04; 40; 15; 67;0
3.8823643578600e-04; 40; 15; 67;0
3.8825578439900e-04; 40; 15; 67;0
3.8827514497200e-04; 40; 15; 67;0
3.8829449364000e-04; 40; 15; 67;0
3.8831385433200e-04; 40; 15; 67;0
3.8833320296600e-04; 40; 15; 67;0
3.8835256369500e-04; 40; 15; 67;0
3.8837191244000e-04; 40; 15; 67;0
3.8839127306300e-04; 40; 15; 67;0
3.8841062177800e-04; 40; 15; 67;0
3.8842998231400e-04; 40; 15; 67;0
3.8844610522300e-04; 40; 15; 67;0
3.8846546585500e-04; 40; 15; 67;0
3.8848481455100e-04; 40; 15; 67;0
3.8850417529200e-04; 40; 15; 67;0
3.8852352378600e-04; 40; 15; 67;0
3.8854288445900e-04; 40; 15; 67;0
3.8856223319500e-04; 40; 15; 67;0
3.8858159380800e-04; 40; 15; 67;0
3.8860094229600e-04; 40; 15; 67;0
3.8862030295900e-04; 40; 15; 67;0
3.8863965177600e-04; 40; 15; 67;0
3.8865901250300e-04; 40; 15; 67;0
3.8867836122200e-04; 40; 15; 67;0
3.8869772193200e-04; 40; 15; 67;0
3.8871707064500e-04; 40; 15; 67;0
3.8873643140800e-04; 40; 15; 68;0
3.8875578057300e-04; 40; 15; 68;0
3.8877514137500e-04; 40; 15; 68;0
3.8879449018400e-04; 40; 15; 68;0
3.8881385097700e-04; 40; 15; 68;0
3.8883320002200e-04; 40; 15; 68;0
3.8885256101400e-04; 40; 15; 68;0
3.8887190984500e-04; 40; 15; 68;0
3.8889127100300e-04; 40; 15; 68;0
3.8891061974200e-04; 40; 15; 68;0
3.8892998062500e-04; 40; 15; 68;0
3.8894610375900e-04; 40; 15; 68;0
3.8896546476000e-04; 40; 15; 68;0
3.8898481357000e-04; 40; 15; 68;0
3.8900417453700e-04; 40; 15; 68;0
3.8902352335900e-04; 40; 15; 68;0
3.8904288439600e-04; 40; 15; 68;0
3.8906223332000e-04; 40; 15; 68;0
3.8908159406800e-04; 40; 15; 68;0
3.8910094306300e-04; 40; 15; 68;0
3.8912030393100e-04; 40; 15; 68;0
3.8913965282400e-04; 40; 15; 68;0
3.8915901363200e-04; 40; 15; 68;0
3.8917836267900e-04; 40; 15; 68;0
3.8919772362500e-04; 40; 15; 68;0
3.8921707249600e-04; 40; 15; 68;0
3.8923643336800e-04; 40; 15; 68;0
3.8925578235000e-04; 40; 15; 68;0
3.8927514342000e-04; 40; 15; 68;0
3.8929449230100e-04; 40; 15; 68;0
3.8931385335200e-04; 40; 15; 68;0
3.8933320232000e-04; 40; 15; 68;0
3.8935256323000e-04; 40; 15; 68;0
3.8937191194500e-04; 40; 15; 68;0
3.8939127297500e-04; 40; 15; 68;0
3.8941062194800e-04; 40; 15; 68;0
3.8942998289600e-04; 40; 15; 68;0
3.8944610598900e-04; 40; 15; 68;0
3.8946546698900e-04; 40; 15; 68;0
3.8948481582900e-04; 40; 15; 68;0
3.8950417673200e-04; 40; 15; 68;0
3.8952352572300e-04; 40; 15; 68;0
3.8954288657200e-04; 40; 15; 68;0
3.8956223545800e-04; 40; 15; 68;0
3.8958159628200e-04; 40; 15; 68;0
3.8960094513400e-04; 40; 15; 68;0
3.8962030600500e-04; 40; 15; 68;0
3.8963965501900e-04; 40; 15; 68;0
3.8965901580700e-04; 40; 15; 68;0
3.8967836457600e-04; 40; 15; 68;0
3.8969772556200e-04; 40; 15; 68;0
3.8971707436400e-04; 40; 15; 68;0
3.8973643523900e-04; 40; 15; 68;0
3.8975578424300e-04; 40; 15; 68;0
3.8977514512900e-04; 40; 15; 68;0
3.8979449407200e-04; 40; 15; 68;0
3.8981385513300e-04; 40; 15; 68;0
3.8983320419300e-04; 40; 15; 68;0
3.8985256501800e-04; 40; 15; 68;0
3.8987191409900e-04; 40; 15; 68;0
3.8989127494300e-04; 40; 15; 68;0
3.8991062372900e-04; 40; 15; 68;0
3.8992998474600e-04; 40; 15; 68;0
3.8994610780000e-04; 40; 15; 68;0
3.8996546870900e-04; 40; 15; 68;0
3.8998481763900e-04; 40; 15; 68;0
3.9000417849600e-04; 40; 15; 68;0
3.9002352735400e-04; 40; 15; 68;0
3.9004288831000e-04; 40; 15; 68;0
3.9006223732600e-04; 40; 15; 68;0
3.9008159807700e-04; 40; 15; 68;0
3.9010094699600e-04; 40; 15; 68;0
3.9012030765100e-04; 40; 15; 67;0
3.9013965622200e-04; 40; 15; 67;0
3.9015901688200e-04; 40; 15; 67;0
3.9017836526000e-04; 40; 15; 67;0
3.9019772580800e-04; 40; 15; 67;0
3.9021707450700e-04; 40; 15; 67;0
3.9023643517700e-04; 40; 15; 67;0
3.9025578374700e-04; 40; 15; 67;0
3.9027514442100e-04; 40; 15; 67;0
3.9029449294400e-04; 40; 15; 67;0
3.9031385369300e-04; 40; 15; 67;0
3.9033320228300e-04; 40; 15; 67;0
3.9035256294100e-04; 40; 15; 67;0
3.9037191163300e-04; 40; 15; 67;0
3.9039127239400e-04; 40; 15; 67;0
3.9041062108600e-04; 40; 15; 67;0
3.9042998163900e-04; 40; 15; 67;0
3.9044610469500e-04; 40; 15; 67;0
3.9046546552100e-04; 40; 15; 68;0
3.9048481451000e-04; 40; 15; 68;0
3.9050417538200e-04; 40; 15; 68;0
3.9052352431700e-04; 40; 15; 68;0
3.9054288526100e-04; 40; 15; 68;0
3.9056223420300e-04; 40; 15; 68;0
3.9058159516800e-04; 40; 15; 68;0
3.9060094414900e-04; 40; 15; 68;0
3.9062030511300e-04; 40; 15; 68;0
3.9063965393100e-04; 40; 15; 68;0
3.9065901492600e-04; 40; 15; 68;0
3.9067836372400e-04; 40; 15; 68;0
3.9069772467500e-04; 40; 15; 68;0
3.9071707363000e-04; 40; 15; 68;0
3.9073643441100e-04; 40; 15; 68;0
3.9075578323700e-04; 40; 15; 68;0
3.9077514415700e-04; 40; 15; 68;0
3.9079449291200e-04; 40; 15; 68;0
3.9081385382100e-04; 40; 15; 68;0
3.9083320263500e-04; 40; 15; 68;0
3.9085256355800e-04; 40; 15; 68;0
3.9087191237700e-04; 40; 15; 68;0
3.9089127328900e-04; 40; 15; 68;0
3.9091062203600e-04; 40; 15; 68;0
3.9092998295800e-04; 40; 15; 68;0
3.9094610588500e-04; 40; 15; 68;0
3.9096546699900e-04; 40; 15; 68;0
3.9098481588300e-04; 40; 15; 68;0
3.9100417681800e-04; 40; 15; 68;0
3.9102352577600e-04; 40; 15; 68;0
3.9104288657500e-04; 40; 15; 68;0
3.9106223557100e-04; 40; 15; 68;0
3.9108159638800e-04; 40; 15; 68;0
3.9110094543600e-04; 40; 15; 68;0
3.9112030629900e-04; 40; 15; 68;0
3.9113965537700e-04; 40; 15; 68;0
3.9115901628200e-04; 40; 15; 68;0
3.9117836524300e-04; 40; 15; 68;0
3.9119772604100e-04; 40; 15; 68;0
3.9121707502700e-04; 40; 15; 68;0
3.9123643600200e-04; 40; 15; 68;0
3.9125578486600e-04; 40; 15; 68;0
3.9127514571000e-04; 40; 15; 68;0
3.9129449465700e-04; 40; 15; 68;0
3.9131385562300e-04; 40; 15; 68;0
3.9133320444100e-04; 40; 15; 68;0
3.9135256525400e-04; 40; 15; 68;0
3.9137191426800e-04; 40; 15; 68;0
3.9139127523600e-04; 40; 15; 68;0
3.9141062423200e-04; 40; 15; 68;0
3.9142998525300e-04; 40; 15; 68;0
3.9144610823500e-04; 40; 15; 68;0
3.9146546908000e-04; 40; 15; 68;0
3.9148481800200e-04; 40; 15; 68;0
3.9150417899200e-04; 40; 15; 68;0
3.9152352782600e-04; 40; 15; 68;0
3.9154288863700e-04; 40; 15; 68;0
3.9156223747300e-04; 40; 15; 68;0
3.9158159834900e-04; 40; 15; 68;0
3.9160094717800e-04; 40; 15; 68;0
3.9162030779400e-04; 40; 15; 67;0
3.9163965649600e-04; 40; 15; 67;0
3.9165901722500e-04; 40; 15; 67;0
3.9167836593900e-04; 40; 15; 67;0
3.9169772651900e-04; 40; 15; 67;0
3.9171707519100e-04; 40; 15; 67;0
3.9173643586900e-04; 40; 15; 67;0
3.9175578466200e-04; 40; 15; 67;0
3.9177514524800e-04; 40; 15; 67;0
3.9179449392300e-04; 40; 15; 67;0
3.9181385451800e-04; 40; 15; 67;0
3.9183320314700e-04; 40; 15; 67;0
3.9185256380800e-04; 40; 15; 67;0
3.9187191239900e-04; 40; 15; 67;0
3.9189127310900e-04; 40; 15; 67;0
3.9191062181300e-04; 40; 15; 67;0
3.9192998258600e-04; 40; 15; 67;0
3.9194610552600e-04; 40; 15; 67;0
3.9196546638200e-04; 40; 15; 68;0
3.9198481527200e-04; 40; 15; 68;0
3.9200417621200e-04; 40; 15; 68;0
3.9202352501500e-04; 40; 15; 68;0
3.9204288599300e-04; 40; 15; 68;0
3.9206223498800e-04; 40; 15; 68;0
3.9208159582100e-04; 40; 15; 68;0
3.9210094492200e-04; 40; 15; 68;0
3.9212030580000e-04; 40; 15; 68;0
3.9213965465700e-04; 40; 15; 68;0
3.9215901565200e-04; 40; 15; 68;0
3.9217836451200e-04; 40; 15; 68;0
3.9219772549200e-04; 40; 15; 68;0
3.9221707432600e-04; 40; 15; 68;0
3.9223643535000e-04; 40; 15; 68;0
3.9225578420100e-04; 40; 15; 68;0
3.9227514495200e-04; 40; 15; 68;0
3.9229449390000e-04; 40; 15; 68;0
3.9231385482500e-04; 40; 15; 68;0
3.9233320363600e-04; 40; 15; 68;0
3.9235256445000e-04; 40; 15; 68;0
3.9237191337200e-04; 40; 15; 68;0
3.9239127433400e-04; 40; 15; 68;0
3.9241062320600e-04; 40; 15; 68;0
3.9242998403000e-04; 40; 15; 68;0
3.9244610706200e-04; 40; 15; 68;0
3.9246546786100e-04; 40; 15; 68;0
3.9248481669900e-04; 40; 15; 68;0
3.9250417769300e-04; 40; 15; 68;0
3.9252352645400e-04; 40; 15; 68;0
3.9254288747700e-04; 40; 15; 68;0
3.9256223650100e-04; 40; 15; 68;0
3.9258159737600e-04; 40; 15; 68;0
3.9260094623900e-04; 40; 15; 68;0
3.9262030693700e-04; 40; 15; 67;0
3.9263965560400e-04; 40; 15; 67;0
3.9265901633800e-04; 40; 15; 67;0
3.9267836498200e-04; 40; 15; 67;0
3.9269772572900e-04; 40; 15; 67;0
3.9271707437900e-04; 40; 15; 67;0
3.9273643489600e-04; 40; 15; 67;0
3.9275578367500e-04; 40; 15; 67;0
3.9277514425800e-04; 40; 15; 67;0
3.9279449302200e-04; 40; 15; 67;0
3.9281385367700e-04; 40; 15; 67;0
3.9283320236800e-04; 40; 15; 67;0
3.9285256302100e-04; 40; 15; 67;0
3.9287191168400e-04; 40; 15; 67;0
3.9289127237600e-04; 40; 15; 67;0
3.9291062107300e-04; 40; 15; 67;0
3.9292998170100e-04; 40; 15; 67;0
3.9294610461200e-04; 40; 15; 67;0
3.9296546541500e-04; 40; 15; 68;0
3.9298481442400e-04; 40; 15; 68;0
3.9300417530900e-04; 40; 15; 68;0
3.9302352415100e-04; 40; 15; 68;0
3.9304288497500e-04; 40; 15; 68;0
3.9306223397000e-04; 40; 15; 68;0
3.9308159493400e-04; 40; 15; 68;0
3.9310094397400e-04; 40; 15; 68;0
3.9312030510600e-04; 40; 15; 68;0
3.9313965430200e-04; 40; 15; 68;0
3.9315901499100e-04; 40; 15; 68;0
3.9317836398600e-04; 40; 15; 68;0
3.9319772476600e-04; 40; 15; 68;0
3.9321707368000e-04; 40; 15; 68;0
3.9323643459800e-04; 40; 15; 68;0
3.9325578352200e-04; 40; 15; 68;0
3.9327514448300e-04; 40; 15; 68;0
3.9329449320900e-04; 40; 15; 68;0
3.9331385419600e-04; 40; 15; 68;0
3.9333320310500e-04; 40; 15; 68;0
3.9335256396300e-04; 40; 15; 68;0
3.9337191285500e-04; 40; 15; 68;0
3.9339127392100e-04; 40; 15; 68;0
3.9341062277200e-04; 40; 15; 68;0
3.9342998358000e-04; 40; 15; 68;0
3.9344610668500e-04; 40; 15; 68;0
3.9346546758900e-04; 40; 15; 68;0
3.9348481650600e-04; 40; 15; 68;0
3.9350417747600e-04; 40; 15; 68;0
3.9352352636900e-04; 40; 15; 68;0
3.9354288738000e-04; 40; 15; 68;0
3.9356223645400e-04; 40; 15; 68;0
3.9358159741300e-04; 40; 15; 68;0
3.9360094634800e-04; 40; 15; 68;0
3.9362030731800e-04; 40; 15; 68;0
3.9363965614000e-04; 40; 15; 68;0
3.9365901700100e-04; 40; 15; 68;0
3.9367836612100e-04; 40; 15; 68;0
3.9369772697600e-04; 40; 15; 68;0
3.9371707578800e-04; 40; 15; 68;0
3.9373643671700e-04; 40; 15; 68;0
3.9375578554200e-04; 40; 15; 68;0
3.9377514647000e-04; 40; 15; 68;0
3.9379449542100e-04; 40; 15; 68;0
3.9381385634200e-04; 40; 15; 68;0
3.9383320529100e-04; 40; 15; 68;0
3.9385256616100e-04; 40; 15; 68;0
3.9387191499600e-04; 40; 15; 68;0
3.9389127579300e-04; 40; 15; 68;0
3.9391062472600e-04; 40; 15; 68;0
3.9392998568600e-04; 40; 15; 68;0
3.9394610887900e-04; 40; 15; 68;0
3.9396546982100e-04; 40; 15; 68;0
3.9398481869100e-04; 40; 15; 68;0
3.9400417963600e-04; 40; 15; 68;0
3.9402352862200e-04; 40; 15; 68;0
3.9404288947500e-04; 40; 15; 68;0
3.9406223825200e-04; 40; 15; 68;0
3.9408159929200e-04; 40; 15; 68;0
3.9410094830200e-04; 40; 15; 68;0
3.9412030894800e-04; 40; 15; 67;0
3.9413965758100e-04; 40; 15; 67;0
3.9415901825500e-04; 40; 15; 67;0
3.9417836688000e-04; 40; 15; 67;0
3.9419772767600e-04; 40; 15; 67;0
3.9421707637800e-04; 40; 15; 67;0
3.9423643712300e-04; 40; 15; 67;0
3.9425578564000e-04; 40; 15; 67;0
3.9427514629300e-04; 40; 15; 67;0
3.9429449504100e-04; 40; 15; 67;0
3.9431385573400e-04; 40; 15; 67;0
3.9433320443000e-04; 40; 15; 67;0
3.9435256502200e-04; 40; 15; 67;0
3.9437191368400e-04; 40; 15; 67;0
3.9439127434600e-04; 40; 15; 67;0
3.9441062295400e-04; 40; 15; 67;0
3.9442998366600e-04; 40; 15; 67;0
3.9444610666700e-04; 40; 15; 67;0
3.9446546758700e-04; 40; 15; 68;0
3.9448481639000e-04; 40; 15; 68;0
3.9450417724900e-04; 40; 15; 68;0
3.9452352617800e-04; 40; 15; 68;0
3.9454288714000e-04; 40; 15; 68;0
3.9456223598700e-04; 40; 15; 68;0
3.9458159652300e-04; 40; 15; 67;0
3.9460094524000e-04; 40; 15; 67;0
3.9462030590800e-04; 40; 15; 67;0
3.9463965444400e-04; 40; 15; 67;0
3.9465901488100e-04; 40; 15; 67;0
3.9467836355800e-04; 40; 15; 67;0
3.9469772423500e-04; 40; 15; 67;0
3.9471707300800e-04; 40; 15; 67;0
3.9473643361900e-04; 40; 15; 67;0
3.9475578246000e-04; 40; 15; 67;0
3.9477514325900e-04; 40; 15; 67;0
3.9479449177900e-04; 40; 15; 67;0
3.9481385238400e-04; 40; 15; 67;0
3.9483320089100e-04; 40; 15; 67;0
3.9485256170500e-04; 40; 15; 67;0
3.9487191034700e-04; 40; 15; 67;0
3.9489127117000e-04; 40; 15; 68;0
3.9491062018600e-04; 40; 15; 68;0
3.9492998104800e-04; 40; 15; 68;0
3.9494610406500e-04; 40; 15; 68;0
3.9496546501500e-04; 40; 15; 68;0
3.9498481398600e-04; 40; 15; 68;0
3.9500417490000e-04; 40; 15; 68;0
3.9502352373600e-04; 40; 15; 68;0
3.9504288462800e-04; 40; 15; 68;0
3.9506223358700e-04; 40; 15; 68;0
3.9508159458600e-04; 40; 15; 68;0
3.9510094348100e-04; 40; 15; 68;0
3.9512030444100e-04; 40; 15; 68;0
3.9513965340800e-04; 40; 15; 68;0
3.9515901453700e-04; 40; 15; 68;0
3.9517836353500e-04; 40; 15; 68;0
3.9519772452900e-04; 40; 15; 68;0
3.9521707342100e-04; 40; 15; 68;0
3.9523643426900e-04; 40; 15; 68;0
3.9525578325500e-04; 40; 15; 68;0
3.9527514421800e-04; 40; 15; 68;0
3.9529449314500e-04; 40; 15; 68;0
3.9531385399700e-04; 40; 15; 68;0
3.9533320302700e-04; 40; 15; 68;0
3.9535256423300e-04; 40; 15; 68;0
3.9537191311100e-04; 40; 15; 68;0
3.9539127386600e-04; 40; 15; 68;0
3.9541062270800e-04; 40; 15; 68;0
3.9542998358900e-04; 40; 15; 68;0
3.9544610687700e-04; 40; 15; 68;0
3.9546546796000e-04; 40; 15; 68;0
3.9548481680400e-04; 40; 15; 68;0
3.9550417767700e-04; 40; 15; 68;0
3.9552352665500e-04; 40; 15; 68;0
3.9554288747300e-04; 40; 15; 68;0
3.9556223659200e-04; 40; 15; 68;0
3.9558159760900e-04; 40; 15; 68;0
3.9560094644000e-04; 40; 15; 68;0
3.9562030711700e-04; 40; 15; 67;0
3.9563965582500e-04; 40; 15; 67;0
3.9565901638700e-04; 40; 15; 67;0
3.9567836511700e-04; 40; 15; 67;0
3.9569772571100e-04; 40; 15; 67;0
3.9571707448200e-04; 40; 15; 67;0
3.9573643492700e-04; 40; 15; 67;0
3.9575578365700e-04; 40; 15; 67;0
3.9577514425300e-04; 40; 15; 67;0
3.9579449305600e-04; 40; 15; 67;0
3.9581385362600e-04; 40; 15; 67;0
3.9583320251300e-04; 40; 15; 67;0
3.9585256320500e-04; 40; 15; 68;0
3.9587191216700e-04; 40; 15; 68;0
3.9589127305000e-04; 40; 15; 68;0
3.9591062206500e-04; 40; 15; 68;0
3.9592998295400e-04; 40; 15; 68;0
3.9594610598800e-04; 40; 15; 68;0
3.9596546686800e-04; 40; 15; 68;0
3.9598481575600e-04; 40; 15; 68;0
3.9600417685500e-04; 40; 15; 68;0
3.9602352572600e-04; 40; 15; 68;0
3.9604288650100e-04; 40; 15; 68;0
3.9606223547500e-04; 40; 15; 68;0
3.9608159625700e-04; 40; 15; 68;0
3.9610094509900e-04; 40; 15; 68;0
3.9612030609900e-04; 40; 15; 68;0
3.9613965484600e-04; 40; 15; 68;0
3.9615901580100e-04; 40; 15; 68;0
3.9617836464000e-04; 40; 15; 68;0
3.9619772533900e-04; 40; 15; 67;0
3.9621707387300e-04; 40; 15; 67;0
3.9623643457600e-04; 40; 15; 67;0
3.9625578323100e-04; 40; 15; 67;0
3.9627514403900e-04; 40; 15; 67;0
3.9629449266900e-04; 40; 15; 67;0
3.9631385332000e-04; 40; 15; 67;0
3.9633320196000e-04; 40; 15; 67;0
3.9635256262600e-04; 40; 15; 67;0
3.9637191141400e-04; 40; 15; 67;0
3.9639127229500e-04; 40; 15; 68;0
3.9641062114800e-04; 40; 15; 68;0
3.9642998196100e-04; 40; 15; 68;0
3.9644610503400e-04; 40; 15; 68;0
3.9646546602400e-04; 40; 15; 68;0
3.9648481510600e-04; 40; 15; 68;0
3.9650417588200e-04; 40; 15; 68;0
3.9652352460200e-04; 40; 15; 68;0
3.9654288556000e-04; 40; 15; 68;0
3.9656223449700e-04; 40; 15; 68;0
3.9658159541400e-04; 40; 15; 68;0
3.9660094414100e-04; 40; 15; 68;0
3.9662030515800e-04; 40; 15; 68;0
3.9663965394700e-04; 40; 15; 68;0
3.9665901495100e-04; 40; 15; 68;0
3.9667836379200e-04; 40; 15; 68;0
3.9669772473400e-04; 40; 15; 68;0
3.9671707352400e-04; 40; 15; 68;0
3.9673643445600e-04; 40; 15; 68;0
3.9675578329200e-04; 40; 15; 68;0
3.9677514435300e-04; 40; 15; 68;0
3.9679449319600e-04; 40; 15; 68;0
3.9681385426200e-04; 40; 15; 68;0
3.9683320328600e-04; 40; 15; 68;0
3.9685256429500e-04; 40; 15; 68;0
3.9687191319000e-04; 40; 15; 68;0
3.9689127417600e-04; 40; 15; 68;0
3.9691062314900e-04; 40; 15; 68;0
3.9692998395200e-04; 40; 15; 68;0
3.9694610699600e-04; 40; 15; 68;0
3.9696546783000e-04; 40; 15; 68;0
3.9698481680300e-04; 40; 15; 68;0
3.9700417752500e-04; 40; 15; 68;0
3.9702352649800e-04; 40; 15; 68;0
3.9704288719500e-04; 40; 15; 68;0
3.9706223614700e-04; 40; 15; 68;0
3.9708159707000e-04; 40; 15; 68;0
3.9710094604900e-04; 40; 15; 68;0
3.9712030670000e-04; 40; 15; 67;0
3.9713965552500e-04; 40; 15; 67;0
3.9715901631800e-04; 40; 15; 67;0
3.9717836507600e-04; 40; 15; 67;0
3.9719772560800e-04; 40; 15; 67;0
3.9721707425000e-04; 40; 15; 67;0
3.9723643501000e-04; 40; 15; 67;0
3.9725578363200e-04; 40; 15; 67;0
3.9727514415800e-04; 40; 15; 67;0
3.9729449277100e-04; 40; 15; 67;0
3.9731385346200e-04; 40; 15; 67;0
3.9733320214100e-04; 40; 15; 67;0
3.9735256284400e-04; 40; 15; 67;0
3.9737191154300e-04; 40; 15; 67;0
3.9739127249300e-04; 40; 15; 68;0
3.9741062140500e-04; 40; 15; 68;0
3.9742998229500e-04; 40; 15; 68;0
3.9744610543600e-04; 40; 15; 68;0
3.9746546632000e-04; 40; 15; 68;0
3.9748481517200e-04; 40; 15; 68;0
3.9750417629000e-04; 40; 15; 68;0
3.9752352520300e-04; 40; 15; 68;0
3.9754288601000e-04; 40; 15; 68;0
3.9756223504700e-04; 40; 15; 68;0
3.9758159582600e-04; 40; 15; 68;0
3.9760094489800e-04; 40; 15; 68;0
3.9762030574000e-04; 40; 15; 68;0
3.9763965458000e-04; 40; 15; 68;0
3.9765901550400e-04; 40; 15; 68;0
3.9767836440000e-04; 40; 15; 68;0
3.9769772521400e-04; 40; 15; 68;0
3.9771707420100e-04; 40; 15; 68;0
3.9773643516500e-04; 40; 15; 68;0
3.9775578410000e-04; 40; 15; 68;0
3.9777514514700e-04; 40; 15; 68;0
3.9779449402300e-04; 40; 15; 68;0
3.9781385487200e-04; 40; 15; 68;0
3.9783320376000e-04; 40; 15; 68;0
3.9785256481100e-04; 40; 15; 68;0
3.9787191358000e-04; 40; 15; 68;0
3.9789127451200e-04; 40; 15; 68;0
3.9791062346500e-04; 40; 15; 68;0
3.9792998422200e-04; 40; 15; 68;0
3.9794610731000e-04; 40; 15; 68;0
3.9796546826700e-04; 40; 15; 68;0
3.9798481716700e-04; 40; 15; 68;0
3.9800417804100e-04; 40; 15; 68;0
3.9802352698700e-04; 40; 15; 68;0
3.9804288787700e-04; 40; 15; 68;0
3.9806223674200e-04; 40; 15; 68;0
3.9808159765800e-04; 40; 15; 68;0
3.9810094662700e-04; 40; 15; 68;0
3.9812030714000e-04; 40; 15; 67;0
3.9813965583000e-04; 40; 15; 67;0
3.9815901659900e-04; 40; 15; 67;0
3.9817836534800e-04; 40; 15; 67;0
3.9819772599100e-04; 40; 15; 67;0
3.9821707472100e-04; 40; 15; 67;0
3.9823643548900e-04; 40; 15; 67;0
3.9825578395300e-04; 40; 15; 67;0
3.9827514469000e-04; 40; 15; 67;0
3.9829449322100e-04; 40; 15; 67;0
3.9831385386200e-04; 40; 15; 67;0
3.9833320248600e-04; 40; 15; 67;0
3.9835256314700e-04; 40; 15; 67;0
3.9837191182500e-04; 40; 15; 67;0
3.9839127243400e-04; 40; 15; 67;0
3.9841062105100e-04; 40; 15; 67;0
3.9842998198300e-04; 40; 15; 68;0
3.9844610497700e-04; 40; 15; 68;0
3.9846546577400e-04; 40; 15; 68;0
3.9848481466000e-04; 40; 15; 68;0
3.9850417551600e-04; 40; 15; 68;0
3.9852352450500e-04; 40; 15; 68;0
3.9854288539700e-04; 40; 15; 68;0
3.9856223430200e-04; 40; 15; 68;0
3.9858159523000e-04; 40; 15; 68;0
3.9860094429800e-04; 40; 15; 68;0
3.9862030523600e-04; 40; 15; 68;0
3.9863965414500e-04; 40; 15; 68;0
3.9865901512600e-04; 40; 15; 68;0
3.9867836401400e-04; 40; 15; 68;0
3.9869772511400e-04; 40; 15; 68;0
3.9871707396700e-04; 40; 15; 68;0
3.9873643468200e-04; 40; 15; 68;0
3.9875578364700e-04; 40; 15; 68;0
3.9877514452200e-04; 40; 15; 68;0
3.9879449365000e-04; 40; 15; 68;0
3.9881385452800e-04; 40; 15; 68;0
3.9883320359600e-04; 40; 15; 68;0
3.9885256438700e-04; 40; 15; 68;0
3.9887191322000e-04; 40; 15; 68;0
3.9889127411200e-04; 40; 15; 68;0
3.9891062300700e-04; 40; 15; 68;0
3.9892998398800e-04; 40; 15; 68;0
3.9894610707800e-04; 40; 15; 68;0
3.9896546793000e-04; 40; 15; 68;0
3.9898481687000e-04; 40; 15; 68;0
3.9900417782400e-04; 40; 15; 68;0
3.9902352662900e-04; 40; 15; 68;0
3.9904288745500e-04; 40; 15; 68;0
3.9906223626600e-04; 40; 15; 68;0
3.9908159709000e-04; 40; 15; 68;0
3.9910094599700e-04; 40; 15; 68;0
3.9912030672300e-04; 40; 15; 67;0
3.9913965550400e-04; 40; 15; 67;0
3.9915901627300e-04; 40; 15; 67;0
3.9917836495400e-04; 40; 15; 67;0
3.9919772579900e-04; 40; 15; 67;0
3.9921707446800e-04; 40; 15; 67;0
3.9923643508600e-04; 40; 15; 67;0
3.9925578373800e-04; 40; 15; 67;0
3.9927514434900e-04; 40; 15; 67;0
3.9929449285800e-04; 40; 15; 67;0
3.9931385368100e-04; 40; 15; 67;0
3.9933320225700e-04; 40; 15; 67;0
3.9935256276800e-04; 40; 15; 67;0
3.9937191134200e-04; 40; 15; 67;0
3.9939127201300e-04; 40; 15; 67;0
3.9941062052700e-04; 40; 15; 67;0
3.9942998169800e-04; 40; 15; 68;0
3.9944610467000e-04; 40; 15; 68;0
3.9946546577300e-04; 40; 15; 68;0
3.9948481446700e-04; 40; 15; 68;0
3.9950417536600e-04; 40; 15; 68;0
3.9952352421600e-04; 40; 15; 68;0
3.9954288526400e-04; 40; 15; 68;0
3.9956223417700e-04; 40; 15; 68;0
3.9958159492600e-04; 40; 15; 68;0
3.9960094376500e-04; 40; 15; 68;0
3.9962030475500e-04; 40; 15; 68;0
3.9963965361000e-04; 40; 15; 68;0
3.9965901465800e-04; 40; 15; 68;0
3.9967836361300e-04; 40; 15; 68;0
3.9969772438200e-04; 40; 15; 68;0
3.9971707322900e-04; 40; 15; 68;0
3.9973643419700e-04; 40; 15; 68;0
3.9975578304000e-04; 40; 15; 68;0
3.9977514387100e-04; 40; 15; 68;0
3.9979449279900e-04; 40; 15; 68;0
3.9981385372300e-04; 40; 15; 68;0
3.9983320254200e-04; 40; 15; 68;0
3.9985256352200e-04; 40; 15; 68;0
3.9987191244400e-04; 40; 15; 68;0
3.9989127318600e-04; 40; 15; 68;0
3.9991062233000e-04; 40; 15; 68;0
3.9992998311300e-04; 40; 15; 68;0
3.9994610626100e-04; 40; 15; 68;0
3.9996546702500e-04; 40; 15; 68;0
3.9998481591100e-04; 40; 15; 68;0
4.0000417691200e-04; 40; 15; 68;0
4.0002352572800e-04; 40; 15; 68;0
4.0004288685600e-04; 40; 15; 68;0
4.0006223561600e-04; 40; 15; 68;0
4.0008159666700e-04; 40; 15; 68;0
4.0010094563700e-04; 40; 15; 68;0
4.0012030628800e-04; 40; 15; 67;0
4.0013965495200e-04; 40; 15; 67;0
4.0015901550100e-04; 40; 15; 67;0
4.0017836430100e-04; 40; 15; 67;0
4.0019772512300e-04; 40; 15; 67;0
4.0021707377100e-04; 40; 15; 67;0
4.0023643452100e-04; 40; 15; 67;0
4.0025578326200e-04; 40; 15; 67;0
4.0027514390100e-04; 40; 15; 67;0
4.0029449236200e-04; 40; 15; 67;0
4.0031385314500e-04; 40; 15; 67;0
4.0033320168200e-04; 40; 15; 67;0
4.0035256231100e-04; 40; 15; 67;0
4.0037191104100e-04; 40; 15; 67;0
4.0039127196100e-04; 40; 15; 68;0
4.0041062088800e-04; 40; 15; 68;0
4.0042998181700e-04; 40; 15; 68;0
4.0044610482100e-04; 40; 15; 68;0
4.0046546563300e-04; 40; 15; 68;0
4.0048481449900e-04; 40; 15; 68;0
4.0050417546800e-04; 40; 15; 68;0
4.0052352452600e-04; 40; 15; 68;0
4.0054288536300e-04; 40; 15; 68;0
4.0056223421300e-04; 40; 15; 68;0
4.0058159514900e-04; 40; 15; 68;0
4.0060094401900e-04; 40; 15; 68;0
4.0062030501100e-04; 40; 15; 68;0
4.0063965376500e-04; 40; 15; 68;0
4.0065901467800e-04; 40; 15; 68;0
4.0067836369700e-04; 40; 15; 68;0
4.0069772451700e-04; 40; 15; 68;0
4.0071707338900e-04; 40; 15; 68;0
4.0073643425800e-04; 40; 15; 68;0
4.0075578327500e-04; 40; 15; 68;0
4.0077514421900e-04; 40; 15; 68;0
4.0079449316800e-04; 40; 15; 68;0
4.0081385406100e-04; 40; 15; 68;0
4.0083320298600e-04; 40; 15; 68;0
4.0085256390400e-04; 40; 15; 68;0
4.0087191297800e-04; 40; 15; 68;0
4.0089127376700e-04; 40; 15; 68;0
4.0091062278300e-04; 40; 15; 68;0
4.0092998352500e-04; 40; 15; 68;0
4.0094610656100e-04; 40; 15; 68;0
4.0096546753600e-04; 40; 15; 68;0
4.0098481638500e-04; 40; 15; 68;0
4.0100417734000e-04; 40; 15; 68;0
4.0102352617100e-04; 40; 15; 68;0
4.0104288710600e-04; 40; 15; 68;0
4.0106223604900e-04; 40; 15; 68;0
4.0108159688200e-04; 40; 15; 68;0
4.0110094577000e-04; 40; 15; 68;0
4.0112030653200e-04; 40; 15; 67;0
4.0113965517400e-04; 40; 15; 67;0
4.0115901579800e-04; 40; 15; 67;0
4.0117836431700e-04; 40; 15; 67;0
4.0119772497600e-04; 40; 15; 67;0
4.0121707350500e-04; 40; 15; 67;0
4.0123643425500e-04; 40; 15; 67;0
4.0125578290800e-04; 40; 15; 67;0
4.0127514356400e-04; 40; 15; 67;0
4.0129449215800e-04; 40; 15; 67;0
4.0131385273000e-04; 40; 15; 67;0
4.0133320149900e-04; 40; 15; 67;0
4.0135256215800e-04; 40; 15; 67;0
4.0137191097500e-04; 40; 15; 67;0
4.0139127205800e-04; 40; 15; 68;0
4.0141062077000e-04; 40; 15; 68;0
4.0142998175500e-04; 40; 15; 68;0
4.0144610491000e-04; 40; 15; 68;0
4.0146546571400e-04; 40; 15; 68;0
4.0148481472500e-04; 40; 15; 68;0
4.0150417556900e-04; 40; 15; 68;0
4.0152352440600e-04; 40; 15; 68;0
4.0154288539000e-04; 40; 15; 68;0
4.0156223415100e-04; 40; 15; 68;0
4.0158159493700e-04; 40; 15; 68;0
4.0160094382000e-04; 40; 15; 68;0
4.0162030468100e-04; 40; 15; 68;0
4.0163965346600e-04; 40; 15; 68;0
4.0165901448600e-04; 40; 15; 68;0
4.0167836344800e-04; 40; 15; 68;0
4.0169772423000e-04; 40; 15; 68;0
4.0171707323200e-04; 40; 15; 68;0
4.0173643385800e-04; 40; 15; 67;0
4.0175578265800e-04; 40; 15; 67;0
4.0177514334000e-04; 40; 15; 67;0
4.0179449193200e-04; 40; 15; 67;0
4.0181385262500e-04; 40; 15; 67;0
4.0183320129400e-04; 40; 15; 67;0
4.0185256213400e-04; 40; 15; 68;0
4.0187191107900e-04; 40; 15; 68;0
4.0189127196000e-04; 40; 15; 68;0
4.0191062075700e-04; 40; 15; 68;0
4.0192998184400e-04; 40; 15; 68;0
4.0194610473800e-04; 40; 15; 68;0
4.0196546569300e-04; 40; 15; 68;0
4.0198481460000e-04; 40; 15; 68;0
4.0200417565400e-04; 40; 15; 68;0
4.0202352451500e-04; 40; 15; 68;0
4.0204288546000e-04; 40; 15; 68;0
4.0206223427900e-04; 40; 15; 68;0
4.0208159517900e-04; 40; 15; 68;0
4.0210094408100e-04; 40; 15; 68;0
4.0212030468100e-04; 40; 15; 67;0
4.0213965321600e-04; 40; 15; 67;0
4.0215901380100e-04; 40; 15; 67;0
4.0217836251300e-04; 40; 15; 67;0
4.0219772335800e-04; 40; 15; 67;0
4.0221707210400e-04; 40; 15; 67;0
4.0223643286700e-04; 40; 15; 67;0
4.0225578142900e-04; 40; 15; 67;0
4.0227514206200e-04; 40; 15; 67;0
4.0229449079800e-04; 40; 15; 67;0
4.0231385151200e-04; 40; 15; 67;0
4.0233320006000e-04; 40; 15; 67;0
4.0235256066500e-04; 40; 15; 67;0
4.0237190914800e-04; 40; 15; 67;0
4.0239127007100e-04; 40; 15; 68;0
4.0241061902500e-04; 40; 15; 68;0
4.0242997996800e-04; 40; 15; 68;0
4.0244610322000e-04; 40; 15; 68;0
4.0246546404000e-04; 40; 15; 68;0
4.0248481288700e-04; 40; 15; 68;0
4.0250417399600e-04; 40; 15; 68;0
4.0252352307000e-04; 40; 15; 68;0
4.0254288379600e-04; 40; 15; 68;0
4.0256223273900e-04; 40; 15; 68;0
4.0258159362500e-04; 40; 15; 68;0
4.0260094265000e-04; 40; 15; 68;0
4.0262030371700e-04; 40; 15; 68;0
4.0263965270400e-04; 40; 15; 68;0
4.0265901354500e-04; 40; 15; 68;0
4.0267836249000e-04; 40; 15; 68;0
4.0269772341100e-04; 40; 15; 68;0
4.0271707238700e-04; 40; 15; 68;0
4.0273643317700e-04; 40; 15; 68;0
4.0275578210700e-04; 40; 15; 68;0
4.0277514303500e-04; 40; 15; 68;0
4.0279449189300e-04; 40; 15; 68;0
4.0281385282800e-04; 40; 15; 68;0
4.0283320171400e-04; 40; 15; 68;0
4.0285256262300e-04; 40; 15; 68;0
4.0287191144100e-04; 40; 15; 68;0
4.0289127231300e-04; 40; 15; 68;0
4.0291062127300e-04; 40; 15; 68;0
4.0292998226900e-04; 40; 15; 68;0
4.0294610539300e-04; 40; 15; 68;0
4.0296546633100e-04; 40; 15; 68;0
4.0298481524500e-04; 40; 15; 68;0
4.0300417610100e-04; 40; 15; 68;0
4.0302352507200e-04; 40; 15; 68;0
4.0304288619400e-04; 40; 15; 68;0
4.0306223512300e-04; 40; 15; 68;0
4.0308159605600e-04; 40; 15; 68;0
4.0310094496400e-04; 40; 15; 68;0
4.0312030598100e-04; 40; 15; 68;0
4.0313965491000e-04; 40; 15; 68;0
4.0315901581900e-04; 40; 15; 68;0
4.0317836480900e-04; 40; 15; 68;0
4.0319772577900e-04; 40; 15; 68;0
4.0321707459500e-04; 40; 15; 68;0
4.0323643536500e-04; 40; 15; 68;0
4.0325578434600e-04; 40; 15; 68;0
4.0327514531600e-04; 40; 15; 68;0
4.0329449425300e-04; 40; 15; 68;0
4.0331385517700e-04; 40; 15; 68;0
4.0333320410500e-04; 40; 15; 68;0
4.0335256501700e-04; 40; 15; 68;0
4.0337191388400e-04; 40; 15; 68;0
4.0339127477700e-04; 40; 15; 68;0
4.0341062369700e-04; 40; 15; 68;0
4.0342998470100e-04; 40; 15; 68;0
4.0344610785400e-04; 40; 15; 68;0
4.0346546870500e-04; 40; 15; 68;0
4.0348481766800e-04; 40; 15; 68;0
4.0350417863000e-04; 40; 15; 68;0
4.0352352746400e-04; 40; 15; 68;0
4.0354288856500e-04; 40; 15; 68;0
4.0356223742900e-04; 40; 15; 68;0
4.0358159828400e-04; 40; 15; 68;0
4.0360094722300e-04; 40; 15; 68;0
4.0362030772800e-04; 40; 15; 67;0
4.0363965653000e-04; 40; 15; 67;0
4.0365901712800e-04; 40; 15; 67;0
4.0367836591100e-04; 40; 15; 67;0
4.0369772659300e-04; 40; 15; 67;0
4.0371707521600e-04; 40; 15; 67;0
4.0373643582800e-04; 40; 15; 67;0
4.0375578453300e-04; 40; 15; 67;0
4.0377514525600e-04; 40; 15; 67;0
4.0379449401400e-04; 40; 15; 67;0
4.0381385453400e-04; 40; 15; 67;0
4.0383320299400e-04; 40; 15; 67;0
4.0385256363900e-04; 40; 15; 67;0
4.0387191225000e-04; 40; 15; 67;0
4.0389127296700e-04; 40; 15; 67;0
4.0391062148100e-04; 40; 15; 67;0
4.0392998238900e-04; 40; 15; 68;0
4.0394610539900e-04; 40; 15; 68;0
4.0396546627000e-04; 40; 15; 68;0
4.0398481518500e-04; 40; 15; 68;0
4.0400417607700e-04; 40; 15; 68;0
4.0402352506100e-04; 40; 15; 68;0
4.0404288583400e-04; 40; 15; 68;0
4.0406223482200e-04; 40; 15; 68;0
4.0408159556100e-04; 40; 15; 68;0
4.0410094447800e-04; 40; 15; 68;0
4.0412030526200e-04; 40; 15; 67;0
4.0413965385600e-04; 40; 15; 67;0
4.0415901453800e-04; 40; 15; 67;0
4.0417836326200e-04; 40; 15; 67;0
4.0419772388400e-04; 40; 15; 67;0
4.0421707257400e-04; 40; 15; 67;0
4.0423643319300e-04; 40; 15; 67;0
4.0425578165000e-04; 40; 15; 67;0
4.0427514241300e-04; 40; 15; 67;0
4.0429449109900e-04; 40; 15; 67;0
4.0431385168900e-04; 40; 15; 67;0
4.0433320030000e-04; 40; 15; 67;0
4.0435256103900e-04; 40; 15; 67;0
4.0437190965300e-04; 40; 15; 67;0
4.0439127033400e-04; 40; 15; 67;0
4.0441061896700e-04; 40; 15; 67;0
4.0442997979600e-04; 40; 15; 68;0
4.0444610294700e-04; 40; 15; 68;0
4.0446546393700e-04; 40; 15; 68;0
4.0448481290000e-04; 40; 15; 68;0
4.0450417377200e-04; 40; 15; 68;0
4.0452352268400e-04; 40; 15; 68;0
4.0454288343400e-04; 40; 15; 68;0
4.0456223229000e-04; 40; 15; 68;0
4.0458159317500e-04; 40; 15; 68;0
4.0460094198800e-04; 40; 15; 68;0
4.0462030295500e-04; 40; 15; 68;0
4.0463965185500e-04; 40; 15; 68;0
4.0465901269900e-04; 40; 15; 68;0
4.0467836166900e-04; 40; 15; 68;0
4.0469772260700e-04; 40; 15; 68;0
4.0471707140900e-04; 40; 15; 68;0
4.0473643240600e-04; 40; 15; 68;0
4.0475578140600e-04; 40; 15; 68;0
4.0477514227900e-04; 40; 15; 68;0
4.0479449090400e-04; 40; 15; 68;0
4.0481385195900e-04; 40; 15; 68;0
4.0483320096300e-04; 40; 15; 68;0
4.0485256180900e-04; 40; 15; 68;0
4.0487191082000e-04; 40; 15; 68;0
4.0489127165700e-04; 40; 15; 68;0
4.0491062049600e-04; 40; 15; 68;0
4.0492998150900e-04; 40; 15; 68;0
4.0494610472200e-04; 40; 15; 68;0
4.0496546565300e-04; 40; 15; 68;0
4.0498481442500e-04; 40; 15; 68;0
4.0500417532900e-04; 40; 15; 68;0
4.0502352426400e-04; 40; 15; 68;0
4.0504288509800e-04; 40; 15; 68;0
4.0506223405300e-04; 40; 15; 68;0
4.0508159480200e-04; 40; 15; 68;0
4.0510094362400e-04; 40; 15; 68;0
4.0512030448400e-04; 40; 15; 68;0
4.0513965337600e-04; 40; 15; 68;0
4.0515901440100e-04; 40; 15; 68;0
4.0517836326600e-04; 40; 15; 68;0
4.0519772415500e-04; 40; 15; 68;0
4.0521707312300e-04; 40; 15; 68;0
4.0523643406800e-04; 40; 15; 68;0
4.0525578294200e-04; 40; 15; 68;0
4.0527514365300e-04; 40; 15; 68;0
4.0529449253500e-04; 40; 15; 68;0
4.0531385344200e-04; 40; 15; 68;0
4.0533320227900e-04; 40; 15; 68;0
4.0535256321000e-04; 40; 15; 68;0
4.0537191213600e-04; 40; 15; 68;0
4.0539127318100e-04; 40; 15; 68;0
4.0541062204400e-04; 40; 15; 68;0
4.0542998300700e-04; 40; 15; 68;0
4.0544610609100e-04; 40; 15; 68;0
4.0546546702200e-04; 40; 15; 68;0
4.0548481591600e-04; 40; 15; 68;0
4.0550417694100e-04; 40; 15; 68;0
4.0552352580200e-04; 40; 15; 68;0
4.0554288672800e-04; 40; 15; 68;0
4.0556223551000e-04; 40; 15; 68;0
4.0558159649300e-04; 40; 15; 68;0
4.0560094541300e-04; 40; 15; 68;0
4.0562030622900e-04; 40; 15; 68;0
4.0563965528900e-04; 40; 15; 68;0
4.0565901624400e-04; 40; 15; 68;0
4.0567836527000e-04; 40; 15; 68;0
4.0569772598400e-04; 40; 15; 68;0
4.0571707491400e-04; 40; 15; 68;0
4.0573643562700e-04; 40; 15; 67;0
4.0575578437800e-04; 40; 15; 67;0
4.0577514510100e-04; 40; 15; 67;0
4.0579449379700e-04; 40; 15; 67;0
4.0581385463900e-04; 40; 15; 67;0
4.0583320322600e-04; 40; 15; 67;0
4.0585256412500e-04; 40; 15; 68;0
4.0587191292300e-04; 40; 15; 68;0
4.0589127382000e-04; 40; 15; 68;0
4.0591062277600e-04; 40; 15; 68;0
4.0592998365900e-04; 40; 15; 68;0
4.0594610671600e-04; 40; 15; 68;0
4.0596546756800e-04; 40; 15; 68;0
4.0598481628800e-04; 40; 15; 68;0
4.0600417732700e-04; 40; 15; 68;0
4.0602352627100e-04; 40; 15; 68;0
4.0604288724000e-04; 40; 15; 68;0
4.0606223616500e-04; 40; 15; 68;0
4.0608159717300e-04; 40; 15; 68;0
4.0610094607000e-04; 40; 15; 68;0
4.0612030671700e-04; 40; 15; 67;0
4.0613965540900e-04; 40; 15; 67;0
4.0615901600800e-04; 40; 15; 67;0
4.0617836468700e-04; 40; 15; 67;0
4.0619772526700e-04; 40; 15; 67;0
4.0621707410100e-04; 40; 15; 67;0
4.0623643454000e-04; 40; 15; 67;0
4.0625578331400e-04; 40; 15; 67;0
4.0627514400000e-04; 40; 15; 67;0
4.0629449269600e-04; 40; 15; 67;0
4.0631385319800e-04; 40; 15; 67;0
4.0633320187400e-04; 40; 15; 67;0
4.0635256275900e-04; 40; 15; 68;0
4.0637191163200e-04; 40; 15; 68;0
4.0639127257400e-04; 40; 15; 68;0
4.0641062143000e-04; 40; 15; 68;0
4.0642998227800e-04; 40; 15; 68;0
4.0644610531400e-04; 40; 15; 68;0
4.0646546612200e-04; 40; 15; 68;0
4.0648481492400e-04; 40; 15; 68;0
4.0650417594100e-04; 40; 15; 68;0
4.0652352477600e-04; 40; 15; 68;0
4.0654288580200e-04; 40; 15; 68;0
4.0656223456200e-04; 40; 15; 68;0
4.0658159553200e-04; 40; 15; 68;0
4.0660094459300e-04; 40; 15; 68;0
4.0662030559900e-04; 40; 15; 68;0
4.0663965437600e-04; 40; 15; 68;0
4.0665901539800e-04; 40; 15; 68;0
4.0667836438000e-04; 40; 15; 68;0
4.0669772527100e-04; 40; 15; 68;0
4.0671707418100e-04; 40; 15; 68;0
4.0673643504700e-04; 40; 15; 68;0
4.0675578395500e-04; 40; 15; 68;0
4.0677514479000e-04; 40; 15; 68;0
4.0679449374300e-04; 40; 15; 68;0
4.0681385463400e-04; 40; 15; 68;0
4.0683320354100e-04; 40; 15; 68;0
4.0685256444000e-04; 40; 15; 68;0
4.0687191351600e-04; 40; 15; 68;0
4.0689127432300e-04; 40; 15; 68;0
4.0691062326700e-04; 40; 15; 68;0
4.0692998401200e-04; 40; 15; 68;0
4.0694610717900e-04; 40; 15; 68;0
4.0696546808600e-04; 40; 15; 68;0
4.0698481710700e-04; 40; 15; 68;0
4.0700417801000e-04; 40; 15; 68;0
4.0702352683700e-04; 40; 15; 68;0
4.0704288768500e-04; 40; 15; 68;0
4.0706223662300e-04; 40; 15; 68;0
4.0708159755100e-04; 40; 15; 68;0
4.0710094639200e-04; 40; 15; 68;0
4.0712030735300e-04; 40; 15; 68;0
4.0713965622000e-04; 40; 15; 68;0
4.0715901717000e-04; 40; 15; 68;0
4.0717836614400e-04; 40; 15; 68;0
4.0719772707600e-04; 40; 15; 68;0
4.0721707597300e-04; 40; 15; 68;0
4.0723643672800e-04; 40; 15; 67;0
4.0725578543400e-04; 40; 15; 67;0
4.0727514620900e-04; 40; 15; 67;0
4.0729449484600e-04; 40; 15; 67;0
4.0731385542600e-04; 40; 15; 67;0
4.0733320410200e-04; 40; 15; 67;0
4.0735256467000e-04; 40; 15; 67;0
4.0737191333400e-04; 40; 15; 67;0
4.0739127434200e-04; 40; 15; 68;0
4.0741062317700e-04; 40; 15; 68;0
4.0742998413500e-04; 40; 15; 68;0
4.0744610735600e-04; 40; 15; 68;0
4.0746546812000e-04; 40; 15; 68;0
4.0748481700400e-04; 40; 15; 68;0
4.0750417800900e-04; 40; 15; 68;0
4.0752352690700e-04; 40; 15; 68;0
4.0754288767400e-04; 40; 15; 68;0
4.0756223664900e-04; 40; 15; 68;0
4.0758159745700e-04; 40; 15; 68;0
4.0760094649900e-04; 40; 15; 68;0
4.0762030713500e-04; 40; 15; 67;0
4.0763965568300e-04; 40; 15; 67;0
4.0765901622100e-04; 40; 15; 67;0
4.0767836497200e-04; 40; 15; 67;0
4.0769772559500e-04; 40; 15; 67;0
4.0771707411600e-04; 40; 15; 67;0
4.0773643482700e-04; 40; 15; 67;0
4.0775578359800e-04; 40; 15; 67;0
4.0777514411600e-04; 40; 15; 67;0
4.0779449270300e-04; 40; 15; 67;0
4.0781385336400e-04; 40; 15; 67;0
4.0783320201600e-04; 40; 15; 67;0
4.0785256255600e-04; 40; 15; 67;0
4.0787191123100e-04; 40; 15; 67;0
4.0789127192000e-04; 40; 15; 67;0
4.0791062070400e-04; 40; 15; 67;0
4.0792998169600e-04; 40; 15; 68;0
4.0794610490400e-04; 40; 15; 68;0
4.0796546593300e-04; 40; 15; 68;0
4.0798481477700e-04; 40; 15; 68;0
4.0800417568800e-04; 40; 15; 68;0
4.0802352459000e-04; 40; 15; 68;0
4.0804288550800e-04; 40; 15; 68;0
4.0806223452300e-04; 40; 15; 68;0
4.0808159552500e-04; 40; 15; 68;0
4.0810094443200e-04; 40; 15; 68;0
4.0812030539400e-04; 40; 15; 68;0
4.0813965433500e-04; 40; 15; 68;0
4.0815901512400e-04; 40; 15; 68;0
4.0817836406600e-04; 40; 15; 68;0
4.0819772499100e-04; 40; 15; 68;0
4.0821707389400e-04; 40; 15; 68;0
4.0823643475300e-04; 40; 15; 68;0
4.0825578365000e-04; 40; 15; 68;0
4.0827514443500e-04; 40; 15; 68;0
4.0829449329800e-04; 40; 15; 68;0
4.0831385430300e-04; 40; 15; 68;0
4.0833320309700e-04; 40; 15; 68;0
4.0835256405700e-04; 40; 15; 68;0
4.0837191294900e-04; 40; 15; 68;0
4.0839127389700e-04; 40; 15; 68;0
4.0841062297500e-04; 40; 15; 68;0
4.0842998380300e-04; 40; 15; 68;0
4.0844610694700e-04; 40; 15; 68;0
4.0846546779700e-04; 40; 15; 68;0
4.0848481664900e-04; 40; 15; 68;0
4.0850417756600e-04; 40; 15; 68;0
4.0852352647000e-04; 40; 15; 68;0
4.0854288733300e-04; 40; 15; 68;0
4.0856223628600e-04; 40; 15; 68;0
4.0858159725300e-04; 40; 15; 68;0
4.0860094617300e-04; 40; 15; 68;0
4.0862030715100e-04; 40; 15; 68;0
4.0863965620100e-04; 40; 15; 68;0
4.0865901702800e-04; 40; 15; 68;0
4.0867836614700e-04; 40; 15; 68;0
4.0869772701200e-04; 40; 15; 68;0
4.0871707595500e-04; 40; 15; 68;0
4.0873643692500e-04; 40; 15; 68;0
4.0875578573800e-04; 40; 15; 68;0
4.0877514639300e-04; 40; 15; 67;0
4.0879449503100e-04; 40; 15; 67;0
4.0881385582900e-04; 40; 15; 67;0
4.0883320444200e-04; 40; 15; 67;0
4.0885256516300e-04; 40; 15; 67;0
4.0887191397700e-04; 40; 15; 67;0
4.0889127466800e-04; 40; 15; 67;0
4.0891062333700e-04; 40; 15; 67;0
4.0892998404000e-04; 40; 15; 67;0
4.0894610684200e-04; 40; 15; 67;0
4.0896546760700e-04; 40; 15; 68;0
4.0898481664900e-04; 40; 15; 68;0
4.0900417767200e-04; 40; 15; 68;0
4.0902352665100e-04; 40; 15; 68;0
4.0904288732500e-04; 40; 15; 68;0
4.0906223625200e-04; 40; 15; 68;0
4.0908159734000e-04; 40; 15; 68;0
4.0910094622000e-04; 40; 15; 68;0
4.0912030685000e-04; 40; 15; 67;0
4.0913965533300e-04; 40; 15; 67;0
4.0915901607700e-04; 40; 15; 67;0
4.0917836460600e-04; 40; 15; 67;0
4.0919772506800e-04; 40; 15; 67;0
4.0921707383500e-04; 40; 15; 67;0
4.0923643465200e-04; 40; 15; 67;0
4.0925578328500e-04; 40; 15; 67;0
4.0927514406400e-04; 40; 15; 67;0
4.0929449261700e-04; 40; 15; 67;0
4.0931385332200e-04; 40; 15; 67;0
4.0933320191500e-04; 40; 15; 67;0
4.0935256268700e-04; 40; 15; 67;0
4.0937191132500e-04; 40; 15; 67;0
4.0939127223200e-04; 40; 15; 67;0
4.0941062083300e-04; 40; 15; 67;0
4.0942998174500e-04; 40; 15; 68;0
4.0944610478100e-04; 40; 15; 68;0
4.0946546560800e-04; 40; 15; 68;0
4.0948481465000e-04; 40; 15; 68;0
4.0950417550900e-04; 40; 15; 68;0
4.0952352427900e-04; 40; 15; 68;0
4.0954288539400e-04; 40; 15; 68;0
4.0956223431800e-04; 40; 15; 68;0
4.0958159520800e-04; 40; 15; 68;0
4.0960094398000e-04; 40; 15; 68;0
4.0962030496400e-04; 40; 15; 68;0
4.0963965382700e-04; 40; 15; 68;0
4.0965901486400e-04; 40; 15; 68;0
4.0967836364600e-04; 40; 15; 68;0
4.0969772468400e-04; 40; 15; 68;0
4.0971707357800e-04; 40; 15; 68;0
4.0973643465300e-04; 40; 15; 68;0
4.0975578346600e-04; 40; 15; 68;0
4.0977514438000e-04; 40; 15; 68;0
4.0979449338500e-04; 40; 15; 68;0
4.0981385407200e-04; 40; 15; 68;0
4.0983320305200e-04; 40; 15; 68;0
4.0985256385200e-04; 40; 15; 68;0
4.0987191272100e-04; 40; 15; 68;0
4.0989127365100e-04; 40; 15; 68;0
4.0991062256400e-04; 40; 15; 68;0
4.0992998359000e-04; 40; 15; 68;0
4.0994610665500e-04; 40; 15; 68;0
4.0996546765000e-04; 40; 15; 68;0
4.0998481668800e-04; 40; 15; 68;0
4.1000417764300e-04; 40; 15; 68;0
4.1002352656100e-04; 40; 15; 68;0
4.1004288749200e-04; 40; 15; 68;0
4.1006223637000e-04; 40; 15; 68;0
4.1008159706600e-04; 40; 15; 68;0
4.1010094605200e-04; 40; 15; 68;0
4.1012030696400e-04; 40; 15; 68;0
4.1013965604600e-04; 40; 15; 68;0
4.1015901689900e-04; 40; 15; 67;0
4.1017836558000e-04; 40; 15; 67;0
4.1019772623800e-04; 40; 15; 67;0
4.1021707491900e-04; 40; 15; 67;0
4.1023643561100e-04; 40; 15; 67;0
4.1025578435100e-04; 40; 15; 67;0
4.1027514492900e-04; 40; 15; 67;0
4.1029449367700e-04; 40; 15; 67;0
4.1031385433900e-04; 40; 15; 67;0
4.1033320306300e-04; 40; 15; 67;0
4.1035256386400e-04; 40; 15; 68;0
4.1037191282600e-04; 40; 15; 68;0
4.1039127375900e-04; 40; 15; 68;0
4.1041062265900e-04; 40; 15; 68;0
4.1042998359300e-04; 40; 15; 68;0
4.1044610672500e-04; 40; 15; 68;0
4.1046546781100e-04; 40; 15; 68;0
4.1048481672200e-04; 40; 15; 68;0
4.1050417759800e-04; 40; 15; 68;0
4.1052352646900e-04; 40; 15; 68;0
4.1054288759700e-04; 40; 15; 68;0
4.1056223648500e-04; 40; 15; 68;0
4.1058159736000e-04; 40; 15; 68;0
4.1060094627800e-04; 40; 15; 68;0
4.1062030694500e-04; 40; 15; 67;0
4.1063965565500e-04; 40; 15; 67;0
4.1065901646700e-04; 40; 15; 67;0
4.1067836523000e-04; 40; 15; 67;0
4.1069772570900e-04; 40; 15; 67;0
4.1071707428600e-04; 40; 15; 67;0
4.1073643491000e-04; 40; 15; 67;0
4.1075578350400e-04; 40; 15; 67;0
4.1077514412700e-04; 40; 15; 67;0
4.1079449283800e-04; 40; 15; 67;0
4.1081385344800e-04; 40; 15; 67;0
4.1083320203700e-04; 40; 15; 67;0
4.1085256273400e-04; 40; 15; 67;0
4.1087191127600e-04; 40; 15; 67;0
4.1089127189800e-04; 40; 15; 67;0
4.1091062058200e-04; 40; 15; 67;0
4.1092998152700e-04; 40; 15; 68;0
4.1094610459900e-04; 40; 15; 68;0
4.1096546559000e-04; 40; 15; 68;0
4.1098481443000e-04; 40; 15; 68;0
4.1100417526200e-04; 40; 15; 68;0
4.1102352422000e-04; 40; 15; 68;0
4.1104288519400e-04; 40; 15; 68;0
4.1106223405500e-04; 40; 15; 68;0
4.1108159499500e-04; 40; 15; 68;0
4.1110094383700e-04; 40; 15; 68;0
4.1112030478900e-04; 40; 15; 68;0
4.1113965378100e-04; 40; 15; 68;0
4.1115901465300e-04; 40; 15; 68;0
4.1117836358100e-04; 40; 15; 68;0
4.1119772471300e-04; 40; 15; 68;0
4.1121707360000e-04; 40; 15; 68;0
4.1123643454900e-04; 40; 15; 68;0
4.1125578344600e-04; 40; 15; 68;0
4.1127514449500e-04; 40; 15; 68;0
4.1129449343800e-04; 40; 15; 68;0
4.1131385408800e-04; 40; 15; 68;0
4.1133320317400e-04; 40; 15; 68;0
4.1135256419200e-04; 40; 15; 68;0
4.1137191309100e-04; 40; 15; 68;0
4.1139127407300e-04; 40; 15; 68;0
4.1141062301800e-04; 40; 15; 68;0
4.1142998403200e-04; 40; 15; 68;0
4.1144610708500e-04; 40; 15; 68;0
4.1146546795300e-04; 40; 15; 68;0
4.1148481683100e-04; 40; 15; 68;0
4.1150417766900e-04; 40; 15; 68;0
4.1152352653200e-04; 40; 15; 68;0
4.1154288751700e-04; 40; 15; 68;0
4.1156223642800e-04; 40; 15; 68;0
4.1158159729000e-04; 40; 15; 68;0
4.1160094629800e-04; 40; 15; 68;0
4.1162030730900e-04; 40; 15; 68;0
4.1163965615800e-04; 40; 15; 68;0
4.1165901665600e-04; 40; 15; 67;0
4.1167836532700e-04; 40; 15; 67;0
4.1169772595600e-04; 40; 15; 67;0
4.1171707464800e-04; 40; 15; 67;0
4.1173643514800e-04; 40; 15; 67;0
4.1175578389800e-04; 40; 15; 67;0
4.1177514460800e-04; 40; 15; 67;0
4.1179449343300e-04; 40; 15; 67;0
4.1181385422300e-04; 40; 15; 67;0
4.1183320281400e-04; 40; 15; 67;0
4.1185256358800e-04; 40; 15; 67;0
4.1187191235600e-04; 40; 15; 67;0
4.1189127299800e-04; 40; 15; 67;0
4.1191062167300e-04; 40; 15; 67;0
4.1192998260100e-04; 40; 15; 68;0
4.1194610559100e-04; 40; 15; 68;0
4.1196546658500e-04; 40; 15; 68;0
4.1198481538600e-04; 40; 15; 68;0
4.1200417644800e-04; 40; 15; 68;0
4.1202352552200e-04; 40; 15; 68;0
4.1204288636100e-04; 40; 15; 68;0
4.1206223522800e-04; 40; 15; 68;0
4.1208159610700e-04; 40; 15; 68;0
4.1210094497700e-04; 40; 15; 68;0
4.1212030582500e-04; 40; 15; 68;0
4.1213965482400e-04; 40; 15; 68;0
4.1215901575100e-04; 40; 15; 68;0
4.1217836462900e-04; 40; 15; 68;0
4.1219772559500e-04; 40; 15; 68;0
4.1221707456200e-04; 40; 15; 68;0
4.1223643550800e-04; 40; 15; 68;0
4.1225578451100e-04; 40; 15; 68;0
4.1227514526400e-04; 40; 15; 68;0
4.1229449405800e-04; 40; 15; 68;0
4.1231385506700e-04; 40; 15; 68;0
4.1233320397300e-04; 40; 15; 68;0
4.1235256487800e-04; 40; 15; 68;0
4.1237191379100e-04; 40; 15; 68;0
4.1239127466600e-04; 40; 15; 68;0
4.1241062354500e-04; 40; 15; 68;0
4.1242998451400e-04; 40; 15; 68;0
4.1244610757800e-04; 40; 15; 68;0
4.1246546862600e-04; 40; 15; 68;0
4.1248481736000e-04; 40; 15; 68;0
4.1250417842400e-04; 40; 15; 68;0
4.1252352732000e-04; 40; 15; 68;0
4.1254288809000e-04; 40; 15; 68;0
4.1256223709300e-04; 40; 15; 68;0
4.1258159793800e-04; 40; 15; 68;0
4.1260094687900e-04; 40; 15; 68;0
4.1262030783900e-04; 40; 15; 68;0
4.1263965689100e-04; 40; 15; 68;0
4.1265901748000e-04; 40; 15; 67;0
4.1267836619000e-04; 40; 15; 67;0
4.1269772681900e-04; 40; 15; 67;0
4.1271707547400e-04; 40; 15; 67;0
4.1273643607800e-04; 40; 15; 67;0
4.1275578492200e-04; 40; 15; 67;0
4.1277514554200e-04; 40; 15; 67;0
4.1279449430200e-04; 40; 15; 67;0
4.1281385493400e-04; 40; 15; 67;0
4.1283320357200e-04; 40; 15; 67;0
4.1285256411500e-04; 40; 15; 67;0
4.1287191282500e-04; 40; 15; 67;0
4.1289127345300e-04; 40; 15; 67;0
4.1291062200300e-04; 40; 15; 67;0
4.1292998298800e-04; 40; 15; 68;0
4.1294610613600e-04; 40; 15; 68;0
4.1296546707300e-04; 40; 15; 68;0
4.1298481590000e-04; 40; 15; 68;0
4.1300417672300e-04; 40; 15; 68;0
4.1302352571800e-04; 40; 15; 68;0
4.1304288680200e-04; 40; 15; 68;0
4.1306223560000e-04; 40; 15; 68;0
4.1308159661100e-04; 40; 15; 68;0
4.1310094550200e-04; 40; 15; 68;0
4.1312030603800e-04; 40; 15; 67;0
4.1313965493400e-04; 40; 15; 67;0
4.1315901563600e-04; 40; 15; 67;0
4.1317836445000e-04; 40; 15; 67;0
4.1319772501000e-04; 40; 15; 67;0
4.1321707357000e-04; 40; 15; 67;0
4.1323643418700e-04; 40; 15; 67;0
4.1325578299500e-04; 40; 15; 67;0
4.1327514356900e-04; 40; 15; 67;0
4.1329449227600e-04; 40; 15; 67;0
4.1331385288900e-04; 40; 15; 67;0
4.1333320153100e-04; 40; 15; 67;0
4.1335256215200e-04; 40; 15; 67;0
4.1337191081200e-04; 40; 15; 67;0
4.1339127171300e-04; 40; 15; 68;0
4.1341062079800e-04; 40; 15; 68;0
4.1342998163800e-04; 40; 15; 68;0
4.1344610471000e-04; 40; 15; 68;0
4.1346546569700e-04; 40; 15; 68;0
4.1348481455500e-04; 40; 15; 68;0
4.1350417550100e-04; 40; 15; 68;0
4.1352352464400e-04; 40; 15; 68;0
4.1354288546400e-04; 40; 15; 68;0
4.1356223433100e-04; 40; 15; 68;0
4.1358159524500e-04; 40; 15; 68;0
4.1360094412900e-04; 40; 15; 68;0
4.1362030507100e-04; 40; 15; 68;0
4.1363965400900e-04; 40; 15; 68;0
4.1365901490300e-04; 40; 15; 68;0
4.1367836371000e-04; 40; 15; 68;0
4.1369772459900e-04; 40; 15; 68;0
4.1371707354800e-04; 40; 15; 68;0
4.1373643447800e-04; 40; 15; 68;0
4.1375578327600e-04; 40; 15; 68;0
4.1377514413100e-04; 40; 15; 68;0
4.1379449301400e-04; 40; 15; 68;0
4.1381385385300e-04; 40; 15; 68;0
4.1383320263000e-04; 40; 15; 68;0
4.1385256344400e-04; 40; 15; 68;0
4.1387191236100e-04; 40; 15; 68;0
4.1389127322000e-04; 40; 15; 68;0
4.1391062214700e-04; 40; 15; 68;0
4.1392998294700e-04; 40; 15; 68;0
4.1394610614000e-04; 40; 15; 68;0
4.1396546696400e-04; 40; 15; 68;0
4.1398481581700e-04; 40; 15; 68;0
4.1400417671800e-04; 40; 15; 68;0
4.1402352564500e-04; 40; 15; 68;0
4.1404288651700e-04; 40; 15; 68;0
4.1406223539500e-04; 40; 15; 68;0
4.1408159632400e-04; 40; 15; 68;0
4.1410094527700e-04; 40; 15; 68;0
4.1412030619000e-04; 40; 15; 68;0
4.1413965518200e-04; 40; 15; 68;0
4.1415901598600e-04; 40; 15; 68;0
4.1417836489500e-04; 40; 15; 68;0
4.1419772556000e-04; 40; 15; 67;0
4.1421707418600e-04; 40; 15; 67;0
4.1423643490100e-04; 40; 15; 67;0
4.1425578353000e-04; 40; 15; 67;0
4.1427514422900e-04; 40; 15; 67;0
4.1429449269200e-04; 40; 15; 67;0
4.1431385331300e-04; 40; 15; 67;0
4.1433320185700e-04; 40; 15; 67;0
4.1435256270500e-04; 40; 15; 68;0
4.1437191167900e-04; 40; 15; 68;0
4.1439127251000e-04; 40; 15; 68;0
4.1441062131600e-04; 40; 15; 68;0
4.1442998225100e-04; 40; 15; 68;0
4.1444610522000e-04; 40; 15; 68;0
4.1446546611700e-04; 40; 15; 68;0
4.1448481518900e-04; 40; 15; 68;0
4.1450417607600e-04; 40; 15; 68;0
4.1452352514200e-04; 40; 15; 68;0
4.1454288606700e-04; 40; 15; 68;0
4.1456223502800e-04; 40; 15; 68;0
4.1458159597800e-04; 40; 15; 68;0
4.1460094491500e-04; 40; 15; 68;0
4.1462030567600e-04; 40; 15; 68;0
4.1463965459500e-04; 40; 15; 68;0
4.1465901548800e-04; 40; 15; 68;0
4.1467836438100e-04; 40; 15; 68;0
4.1469772542900e-04; 40; 15; 68;0
4.1471707430900e-04; 40; 15; 68;0
4.1473643527300e-04; 40; 15; 68;0
4.1475578421200e-04; 40; 15; 68;0
4.1477514525800e-04; 40; 15; 68;0
4.1479449420800e-04; 40; 15; 68;0
4.1481385497500e-04; 40; 15; 68;0
4.1483320371100e-04; 40; 15; 68;0
4.1485256445200e-04; 40; 15; 68;0
4.1487191326200e-04; 40; 15; 68;0
4.1489127409000e-04; 40; 15; 68;0
4.1491062293200e-04; 40; 15; 68;0
4.1492998378500e-04; 40; 15; 68;0
4.1494610693100e-04; 40; 15; 68;0
4.1496546791200e-04; 40; 15; 68;0
4.1498481672100e-04; 40; 15; 68;0
4.1500417768100e-04; 40; 15; 68;0
4.1502352667400e-04; 40; 15; 68;0
4.1504288756100e-04; 40; 15; 68;0
4.1506223655000e-04; 40; 15; 68;0
4.1508159746000e-04; 40; 15; 68;0
4.1510094635800e-04; 40; 15; 68;0
4.1512030730800e-04; 40; 15; 68;0
4.1513965613700e-04; 40; 15; 68;0
4.1515901703800e-04; 40; 15; 68;0
4.1517836606500e-04; 40; 15; 68;0
4.1519772696000e-04; 40; 15; 68;0
4.1521707586200e-04; 40; 15; 68;0
4.1523643665200e-04; 40; 15; 67;0
4.1525578517900e-04; 40; 15; 67;0
4.1527514604700e-04; 40; 15; 67;0
4.1529449469900e-04; 40; 15; 67;0
4.1531385540800e-04; 40; 15; 67;0
4.1533320385600e-04; 40; 15; 67;0
4.1535256441600e-04; 40; 15; 67;0
4.1537191315500e-04; 40; 15; 67;0
4.1539127401000e-04; 40; 15; 67;0
4.1541062253700e-04; 40; 15; 67;0
4.1542998333400e-04; 40; 15; 67;0
4.1544610629600e-04; 40; 15; 67;0
4.1546546686200e-04; 40; 15; 67;0
4.1548481539100e-04; 40; 15; 67;0
4.1550417599500e-04; 40; 15; 67;0
4.1552352465600e-04; 40; 15; 67;0
4.1554288560400e-04; 40; 15; 68;0
4.1556223443000e-04; 40; 15; 68;0
4.1558159510500e-04; 40; 15; 67;0
4.1560094379400e-04; 40; 15; 67;0
4.1562030420000e-04; 40; 15; 67;0
4.1563965296000e-04; 40; 15; 67;0
4.1565901359600e-04; 40; 15; 67;0
4.1567836232500e-04; 40; 15; 67;0
4.1569772308500e-04; 40; 15; 67;0
4.1571707170200e-04; 40; 15; 67;0
4.1573643235600e-04; 40; 15; 67;0
4.1575578111200e-04; 40; 15; 67;0
4.1577514187800e-04; 40; 15; 67;0
4.1579449058900e-04; 40; 15; 67;0
4.1581385101500e-04; 40; 15; 67;0
4.1583319972300e-04; 40; 15; 67;0
4.1585256044300e-04; 40; 15; 67;0
4.1587190908100e-04; 40; 15; 67;0
4.1589126991500e-04; 40; 15; 68;0
4.1591061887100e-04; 40; 15; 68;0
4.1592997978500e-04; 40; 15; 68;0
4.1594610294000e-04; 40; 15; 68;0
4.1596546394600e-04; 40; 15; 68;0
4.1598481292900e-04; 40; 15; 68;0
4.1600417381100e-04; 40; 15; 68;0
4.1602352274200e-04; 40; 15; 68;0
4.1604288366500e-04; 40; 15; 68;0
4.1606223274700e-04; 40; 15; 68;0
4.1608159361100e-04; 40; 15; 68;0
4.1610094263100e-04; 40; 15; 68;0
4.1612030360200e-04; 40; 15; 68;0
4.1613965242100e-04; 40; 15; 68;0
4.1615901321700e-04; 40; 15; 68;0
4.1617836213800e-04; 40; 15; 68;0
4.1619772290100e-04; 40; 15; 68;0
4.1621707195300e-04; 40; 15; 68;0
4.1623643279600e-04; 40; 15; 68;0
4.1625578176600e-04; 40; 15; 68;0
4.1627514258300e-04; 40; 15; 68;0
4.1629449151700e-04; 40; 15; 68;0
4.1631385258300e-04; 40; 15; 68;0
4.1633320142000e-04; 40; 15; 68;0
4.1635256223000e-04; 40; 15; 68;0
4.1637191116000e-04; 40; 15; 68;0
4.1639127204800e-04; 40; 15; 68;0
4.1641062095600e-04; 40; 15; 68;0
4.1642998200800e-04; 40; 15; 68;0
4.1644610511500e-04; 40; 15; 68;0
4.1646546607900e-04; 40; 15; 68;0
4.1648481492800e-04; 40; 15; 68;0
4.1650417582500e-04; 40; 15; 68;0
4.1652352479500e-04; 40; 15; 68;0
4.1654288562500e-04; 40; 15; 68;0
4.1656223440900e-04; 40; 15; 68;0
4.1658159544200e-04; 40; 15; 68;0
4.1660094447500e-04; 40; 15; 68;0
4.1662030538400e-04; 40; 15; 68;0
4.1663965427200e-04; 40; 15; 68;0
4.1665901504400e-04; 40; 15; 67;0
4.1667836363300e-04; 40; 15; 67;0
4.1669772425200e-04; 40; 15; 67;0
4.1671707302100e-04; 40; 15; 67;0
4.1673643360200e-04; 40; 15; 67;0
4.1675578214400e-04; 40; 15; 67;0
4.1677514276600e-04; 40; 15; 67;0
4.1679449141100e-04; 40; 15; 67;0
4.1681385208200e-04; 40; 15; 67;0
4.1683320069200e-04; 40; 15; 67;0
4.1685256151800e-04; 40; 15; 67;0
4.1687191004600e-04; 40; 15; 67;0
4.1689127067700e-04; 40; 15; 67;0
4.1691061941200e-04; 40; 15; 67;0
4.1692998040100e-04; 40; 15; 68;0
4.1694610344000e-04; 40; 15; 68;0
4.1696546444200e-04; 40; 15; 68;0
4.1698481343400e-04; 40; 15; 68;0
4.1700417447600e-04; 40; 15; 68;0
4.1702352334800e-04; 40; 15; 68;0
4.1704288418600e-04; 40; 15; 68;0
4.1706223322700e-04; 40; 15; 68;0
4.1708159408100e-04; 40; 15; 68;0
4.1710094302700e-04; 40; 15; 68;0
4.1712030393500e-04; 40; 15; 68;0
4.1713965285300e-04; 40; 15; 68;0
4.1715901360400e-04; 40; 15; 68;0
4.1717836253100e-04; 40; 15; 68;0
4.1719772356600e-04; 40; 15; 68;0
4.1721707250800e-04; 40; 15; 68;0
4.1723643349000e-04; 40; 15; 68;0
4.1725578229200e-04; 40; 15; 68;0
4.1727514332300e-04; 40; 15; 68;0
4.1729449213400e-04; 40; 15; 68;0
4.1731385306400e-04; 40; 15; 68;0
4.1733320201000e-04; 40; 15; 68;0
4.1735256312100e-04; 40; 15; 68;0
4.1737191191800e-04; 40; 15; 68;0
4.1739127298700e-04; 40; 15; 68;0
4.1741062180000e-04; 40; 15; 68;0
4.1742998282300e-04; 40; 15; 68;0
4.1744610599500e-04; 40; 15; 68;0
4.1746546685600e-04; 40; 15; 68;0
4.1748481581700e-04; 40; 15; 68;0
4.1750417673200e-04; 40; 15; 68;0
4.1752352566000e-04; 40; 15; 68;0
4.1754288657000e-04; 40; 15; 68;0
4.1756223568500e-04; 40; 15; 68;0
4.1758159659700e-04; 40; 15; 68;0
4.1760094536800e-04; 40; 15; 68;0
4.1762030637200e-04; 40; 15; 68;0
4.1763965530100e-04; 40; 15; 68;0
4.1765901605800e-04; 40; 15; 68;0
4.1767836488900e-04; 40; 15; 68;0
4.1769772588600e-04; 40; 15; 68;0
4.1771707469200e-04; 40; 15; 68;0
4.1773643554300e-04; 40; 15; 67;0
4.1775578401500e-04; 40; 15; 67;0
4.1777514467900e-04; 40; 15; 67;0
4.1779449337400e-04; 40; 15; 67;0
4.1781385408900e-04; 40; 15; 67;0
4.1783320264100e-04; 40; 15; 67;0
4.1785256344200e-04; 40; 15; 68;0
4.1787191226700e-04; 40; 15; 68;0
4.1789127319900e-04; 40; 15; 68;0
4.1791062218100e-04; 40; 15; 68;0
4.1792998312900e-04; 40; 15; 68;0
4.1794610616500e-04; 40; 15; 68;0
4.1796546726700e-04; 40; 15; 68;0
4.1798481613000e-04; 40; 15; 68;0
4.1800417704500e-04; 40; 15; 68;0
4.1802352588500e-04; 40; 15; 68;0
4.1804288671800e-04; 40; 15; 68;0
4.1806223568800e-04; 40; 15; 68;0
4.1808159666700e-04; 40; 15; 68;0
4.1810094542700e-04; 40; 15; 68;0
4.1812030652500e-04; 40; 15; 68;0
4.1813965539300e-04; 40; 15; 68;0
4.1815901628600e-04; 40; 15; 68;0
4.1817836512700e-04; 40; 15; 68;0
4.1819772595700e-04; 40; 15; 68;0
4.1821707479100e-04; 40; 15; 68;0
4.1823643580500e-04; 40; 15; 68;0
4.1825578471200e-04; 40; 15; 68;0
4.1827514557300e-04; 40; 15; 68;0
4.1829449447100e-04; 40; 15; 68;0
4.1831385549400e-04; 40; 15; 68;0
4.1833320432300e-04; 40; 15; 68;0
4.1835256528800e-04; 40; 15; 68;0
4.1837191406900e-04; 40; 15; 68;0
4.1839127498800e-04; 40; 15; 68;0
4.1841062400300e-04; 40; 15; 68;0
4.1842998480700e-04; 40; 15; 68;0
4.1844610790800e-04; 40; 15; 68;0
4.1846546874700e-04; 40; 15; 68;0
4.1848481773400e-04; 40; 15; 68;0
4.1850417851900e-04; 40; 15; 68;0
4.1852352759000e-04; 40; 15; 68;0
4.1854288839700e-04; 40; 15; 68;0
4.1856223728900e-04; 40; 15; 68;0
4.1858159830600e-04; 40; 15; 68;0
4.1860094715700e-04; 40; 15; 68;0
4.1862030806200e-04; 40; 15; 68;0
4.1863965692100e-04; 40; 15; 68;0
4.1865901769400e-04; 40; 15; 67;0
4.1867836619300e-04; 40; 15; 67;0
4.1869772675000e-04; 40; 15; 67;0
4.1871707539900e-04; 40; 15; 67;0
4.1873643609300e-04; 40; 15; 67;0
4.1875578483300e-04; 40; 15; 67;0
4.1877514555900e-04; 40; 15; 67;0
4.1879449387100e-04; 40; 15; 67;0
4.1881385453400e-04; 40; 15; 67;0
4.1883320316700e-04; 40; 15; 67;0
4.1885256386600e-04; 40; 15; 67;0
4.1887191246100e-04; 40; 15; 67;0
4.1889127317100e-04; 40; 15; 67;0
4.1891062190300e-04; 40; 15; 67;0
4.1892998275400e-04; 40; 15; 68;0
4.1894610571800e-04; 40; 15; 68;0
4.1896546665700e-04; 40; 15; 68;0
4.1898481558600e-04; 40; 15; 68;0
4.1900417665800e-04; 40; 15; 68;0
4.1902352567100e-04; 40; 15; 68;0
4.1904288650500e-04; 40; 15; 68;0
4.1906223527400e-04; 40; 15; 68;0
4.1908159623700e-04; 40; 15; 68;0
4.1910094502000e-04; 40; 15; 68;0
4.1912030575600e-04; 40; 15; 68;0
4.1913965471700e-04; 40; 15; 68;0
4.1915901552000e-04; 40; 15; 68;0
4.1917836456600e-04; 40; 15; 68;0
4.1919772533500e-04; 40; 15; 68;0
4.1921707422600e-04; 40; 15; 68;0
4.1923643498900e-04; 40; 15; 67;0
4.1925578360300e-04; 40; 15; 67;0
4.1927514424000e-04; 40; 15; 67;0
4.1929449291600e-04; 40; 15; 67;0
4.1931385354900e-04; 40; 15; 67;0
4.1933320203300e-04; 40; 15; 67;0
4.1935256280400e-04; 40; 15; 67;0
4.1937191125700e-04; 40; 15; 67;0
4.1939127214200e-04; 40; 15; 68;0
4.1941062103700e-04; 40; 15; 68;0
4.1942998220500e-04; 40; 15; 68;0
4.1944610538900e-04; 40; 15; 68;0
4.1946546632300e-04; 40; 15; 68;0
4.1948481513000e-04; 40; 15; 68;0
4.1950417616700e-04; 40; 15; 68;0
4.1952352511100e-04; 40; 15; 68;0
4.1954288604500e-04; 40; 15; 68;0
4.1956223494900e-04; 40; 15; 68;0
4.1958159573700e-04; 40; 15; 68;0
4.1960094468500e-04; 40; 15; 68;0
4.1962030541400e-04; 40; 15; 68;0
4.1963965430800e-04; 40; 15; 68;0
4.1965901506600e-04; 40; 15; 68;0
4.1967836409600e-04; 40; 15; 68;0
4.1969772503400e-04; 40; 15; 68;0
4.1971707384700e-04; 40; 15; 68;0
4.1973643472700e-04; 40; 15; 67;0
4.1975578338200e-04; 40; 15; 67;0
4.1977514414400e-04; 40; 15; 67;0
4.1979449267800e-04; 40; 15; 67;0
4.1981385331800e-04; 40; 15; 67;0
4.1983320194500e-04; 40; 15; 67;0
4.1985256291400e-04; 40; 15; 68;0
4.1987191180800e-04; 40; 15; 68;0
4.1989127263800e-04; 40; 15; 68;0
4.1991062145400e-04; 40; 15; 68;0
4.1992998235500e-04; 40; 15; 68;0
4.1994610543300e-04; 40; 15; 68;0
4.1996546634300e-04; 40; 15; 68;0
4.1998481535900e-04; 40; 15; 68;0
4.2000417627500e-04; 40; 15; 68;0
4.2002352521100e-04; 40; 15; 68;0
4.2004288599800e-04; 40; 15; 68;0
4.2006223496800e-04; 40; 15; 68;0
4.2008159592800e-04; 40; 15; 68;0
4.2010094470400e-04; 40; 15; 68;0
4.2012030575100e-04; 40; 15; 68;0
4.2013965448200e-04; 40; 15; 68;0
4.2015901538100e-04; 40; 15; 68;0
4.2017836427600e-04; 40; 15; 68;0
4.2019772539400e-04; 40; 15; 68;0
4.2021707429500e-04; 40; 15; 68;0
4.2023643527900e-04; 40; 15; 68;0
4.2025578429700e-04; 40; 15; 68;0
4.2027514522100e-04; 40; 15; 68;0
4.2029449413500e-04; 40; 15; 68;0
4.2031385498300e-04; 40; 15; 68;0
4.2033320377500e-04; 40; 15; 68;0
4.2035256469300e-04; 40; 15; 68;0
4.2037191369500e-04; 40; 15; 68;0
4.2039127465600e-04; 40; 15; 68;0
4.2041062344200e-04; 40; 15; 68;0
4.2042998431000e-04; 40; 15; 68;0
4.2044610739100e-04; 40; 15; 68;0
4.2046546835200e-04; 40; 15; 68;0
4.2048481724000e-04; 40; 15; 68;0
4.2050417818500e-04; 40; 15; 68;0
4.2052352710400e-04; 40; 15; 68;0
4.2054288800400e-04; 40; 15; 68;0
4.2056223687900e-04; 40; 15; 68;0
4.2058159783500e-04; 40; 15; 68;0
4.2060094677900e-04; 40; 15; 68;0
4.2062030767700e-04; 40; 15; 68;0
4.2063965656700e-04; 40; 15; 68;0
4.2065901740800e-04; 40; 15; 67;0
4.2067836588800e-04; 40; 15; 67;0
4.2069772647100e-04; 40; 15; 67;0
4.2071707498400e-04; 40; 15; 67;0
4.2073643575100e-04; 40; 15; 67;0
4.2075578444200e-04; 40; 15; 67;0
4.2077514513400e-04; 40; 15; 67;0
4.2079449381400e-04; 40; 15; 67;0
4.2081385441400e-04; 40; 15; 67;0
4.2083320296100e-04; 40; 15; 67;0
4.2085256352400e-04; 40; 15; 67;0
4.2087191230800e-04; 40; 15; 67;0
4.2089127301100e-04; 40; 15; 67;0
4.2091062155500e-04; 40; 15; 67;0
4.2092998255800e-04; 40; 15; 68;0
4.2094610553300e-04; 40; 15; 68;0
4.2096546636300e-04; 40; 15; 68;0
4.2098481532800e-04; 40; 15; 68;0
4.2100417615400e-04; 40; 15; 68;0
4.2102352501000e-04; 40; 15; 68;0
4.2104288574900e-04; 40; 15; 68;0
4.2106223466400e-04; 40; 15; 68;0
4.2108159557800e-04; 40; 15; 68;0
4.2110094450800e-04; 40; 15; 68;0
4.2112030548900e-04; 40; 15; 68;0
4.2113965446000e-04; 40; 15; 68;0
4.2115901515500e-04; 40; 15; 67;0
4.2117836388500e-04; 40; 15; 67;0
4.2119772455700e-04; 40; 15; 67;0
4.2121707332300e-04; 40; 15; 67;0
4.2123643420200e-04; 40; 15; 67;0
4.2125578284400e-04; 40; 15; 67;0
4.2127514344800e-04; 40; 15; 67;0
4.2129449194700e-04; 40; 15; 67;0
4.2131385262800e-04; 40; 15; 67;0
4.2133320141700e-04; 40; 15; 67;0
4.2135256203900e-04; 40; 15; 67;0
4.2137191071900e-04; 40; 15; 67;0
4.2139127130300e-04; 40; 15; 67;0
4.2141061981100e-04; 40; 15; 67;0
4.2142998074400e-04; 40; 15; 68;0
4.2144610388800e-04; 40; 15; 68;0
4.2146546493000e-04; 40; 15; 68;0
4.2148481376700e-04; 40; 15; 68;0
4.2150417475000e-04; 40; 15; 68;0
4.2152352352800e-04; 40; 15; 68;0
4.2154288437500e-04; 40; 15; 68;0
4.2156223335300e-04; 40; 15; 68;0
4.2158159419600e-04; 40; 15; 68;0
4.2160094322700e-04; 40; 15; 68;0
4.2162030419500e-04; 40; 15; 68;0
4.2163965306000e-04; 40; 15; 68;0
4.2165901409200e-04; 40; 15; 68;0
4.2167836298900e-04; 40; 15; 68;0
4.2169772387000e-04; 40; 15; 68;0
4.2171707275900e-04; 40; 15; 68;0
4.2173643372200e-04; 40; 15; 68;0
4.2175578273300e-04; 40; 15; 68;0
4.2177514362500e-04; 40; 15; 68;0
4.2179449245100e-04; 40; 15; 68;0
4.2181385342900e-04; 40; 15; 68;0
4.2183320249500e-04; 40; 15; 68;0
4.2185256339300e-04; 40; 15; 68;0
4.2187191233100e-04; 40; 15; 68;0
4.2189127320000e-04; 40; 15; 68;0
4.2191062213900e-04; 40; 15; 68;0
4.2192998311900e-04; 40; 15; 68;0
4.2194610629000e-04; 40; 15; 68;0
4.2196546725200e-04; 40; 15; 68;0
4.2198481608100e-04; 40; 15; 68;0
4.2200417725100e-04; 40; 15; 68;0
4.2202352616600e-04; 40; 15; 68;0
4.2204288694300e-04; 40; 15; 68;0
4.2206223576700e-04; 40; 15; 68;0
4.2208159664100e-04; 40; 15; 68;0
4.2210094557700e-04; 40; 15; 68;0
4.2212030656600e-04; 40; 15; 68;0
4.2213965553500e-04; 40; 15; 68;0
4.2215901643800e-04; 40; 15; 68;0
4.2217836547900e-04; 40; 15; 68;0
4.2219772644900e-04; 40; 15; 68;0
4.2221707537400e-04; 40; 15; 68;0
4.2223643620700e-04; 40; 15; 67;0
4.2225578479800e-04; 40; 15; 67;0
4.2227514545700e-04; 40; 15; 67;0
4.2229449409700e-04; 40; 15; 67;0
4.2231385482200e-04; 40; 15; 67;0
4.2233320322600e-04; 40; 15; 67;0
4.2235256423100e-04; 40; 15; 68;0
4.2237191315700e-04; 40; 15; 68;0
4.2239127407800e-04; 40; 15; 68;0
4.2241062299400e-04; 40; 15; 68;0
4.2242998380200e-04; 40; 15; 68;0
4.2244610692700e-04; 40; 15; 68;0
4.2246546802800e-04; 40; 15; 68;0
4.2248481677300e-04; 40; 15; 68;0
4.2250417776200e-04; 40; 15; 68;0
4.2252352668700e-04; 40; 15; 68;0
4.2254288784400e-04; 40; 15; 68;0
4.2256223675000e-04; 40; 15; 68;0
4.2258159756800e-04; 40; 15; 68;0
4.2260094629900e-04; 40; 15; 68;0
4.2262030715900e-04; 40; 15; 68;0
4.2263965624000e-04; 40; 15; 68;0
4.2265901714000e-04; 40; 15; 68;0
4.2267836609900e-04; 40; 15; 68;0
4.2269772690100e-04; 40; 15; 68;0
4.2271707595600e-04; 40; 15; 68;0
4.2273643651100e-04; 40; 15; 67;0
4.2275578540400e-04; 40; 15; 67;0
4.2277514613000e-04; 40; 15; 67;0
4.2279449490800e-04; 40; 15; 67;0
4.2281385543300e-04; 40; 15; 67;0
4.2283320415000e-04; 40; 15; 67;0
4.2285256497100e-04; 40; 15; 68;0
4.2287191396600e-04; 40; 15; 68;0
4.2289127488800e-04; 40; 15; 68;0
4.2291062374000e-04; 40; 15; 68;0
4.2292998464500e-04; 40; 15; 68;0
4.2294610787900e-04; 40; 15; 68;0
4.2296546883300e-04; 40; 15; 68;0
4.2298481778200e-04; 40; 15; 68;0
4.2300417880800e-04; 40; 15; 68;0
4.2302352767700e-04; 40; 15; 68;0
4.2304288858500e-04; 40; 15; 68;0
4.2306223754500e-04; 40; 15; 68;0
4.2308159846200e-04; 40; 15; 68;0
4.2310094730000e-04; 40; 15; 68;0
4.2312030830700e-04; 40; 15; 68;0
4.2313965723200e-04; 40; 15; 68;0
4.2315901794900e-04; 40; 15; 67;0
4.2317836675700e-04; 40; 15; 67;0
4.2319772751400e-04; 40; 15; 67;0
4.2321707610100e-04; 40; 15; 67;0
4.2323643681200e-04; 40; 15; 67;0
4.2325578546700e-04; 40; 15; 67;0
4.2327514617400e-04; 40; 15; 67;0
4.2329449471900e-04; 40; 15; 67;0
4.2331385528900e-04; 40; 15; 67;0
4.2333320406300e-04; 40; 15; 67;0
4.2335256461300e-04; 40; 15; 67;0
4.2337191327000e-04; 40; 15; 67;0
4.2339127397700e-04; 40; 15; 67;0
4.2341062270900e-04; 40; 15; 67;0
4.2342998365600e-04; 40; 15; 68;0
4.2344610657300e-04; 40; 15; 68;0
4.2346546753100e-04; 40; 15; 68;0
4.2348481645100e-04; 40; 15; 68;0
4.2350417744600e-04; 40; 15; 68;0
4.2352352641100e-04; 40; 15; 68;0
4.2354288725500e-04; 40; 15; 68;0
4.2356223620200e-04; 40; 15; 68;0
4.2358159708300e-04; 40; 15; 68;0
4.2360094595000e-04; 40; 15; 68;0
4.2362030698700e-04; 40; 15; 68;0
4.2363965587100e-04; 40; 15; 68;0
4.2365901686900e-04; 40; 15; 68;0
4.2367836565600e-04; 40; 15; 68;0
4.2369772636300e-04; 40; 15; 68;0
4.2371707539000e-04; 40; 15; 68;0
4.2373643608900e-04; 40; 15; 67;0
4.2375578467500e-04; 40; 15; 67;0
4.2377514539100e-04; 40; 15; 67;0
4.2379449410100e-04; 40; 15; 67;0
4.2381385475800e-04; 40; 15; 67;0
4.2383320347700e-04; 40; 15; 67;0
4.2385256426900e-04; 40; 15; 68;0
4.2387191318500e-04; 40; 15; 68;0
4.2389127410800e-04; 40; 15; 68;0
4.2391062306200e-04; 40; 15; 68;0
4.2392998394100e-04; 40; 15; 68;0
4.2394610701600e-04; 40; 15; 68;0
4.2396546795000e-04; 40; 15; 68;0
4.2398481675500e-04; 40; 15; 68;0
4.2400417769100e-04; 40; 15; 68;0
4.2402352658100e-04; 40; 15; 68;0
4.2404288753600e-04; 40; 15; 68;0
4.2406223631000e-04; 40; 15; 68;0
4.2408159738500e-04; 40; 15; 68;0
4.2410094612400e-04; 40; 15; 68;0
4.2412030697700e-04; 40; 15; 68;0
4.2413965586500e-04; 40; 15; 68;0
4.2415901671700e-04; 40; 15; 68;0
4.2417836570400e-04; 40; 15; 68;0
4.2419772670900e-04; 40; 15; 68;0
4.2421707565100e-04; 40; 15; 68;0
4.2423643641400e-04; 40; 15; 68;0
4.2425578528800e-04; 40; 15; 68;0
4.2427514625000e-04; 40; 15; 68;0
4.2429449536300e-04; 40; 15; 68;0
4.2431385611300e-04; 40; 15; 68;0
4.2433320514700e-04; 40; 15; 68;0
4.2435256601300e-04; 40; 15; 68;0
4.2437191502900e-04; 40; 15; 68;0
4.2439127586800e-04; 40; 15; 68;0
4.2441062481800e-04; 40; 15; 68;0
4.2442998560300e-04; 40; 15; 68;0
4.2444610873200e-04; 40; 15; 68;0
4.2446546964500e-04; 40; 15; 68;0
4.2448481847100e-04; 40; 15; 68;0
4.2450417948400e-04; 40; 15; 68;0
4.2452352846700e-04; 40; 15; 68;0
4.2454288931800e-04; 40; 15; 68;0
4.2456223819600e-04; 40; 15; 68;0
4.2458159914800e-04; 40; 15; 68;0
4.2460094808700e-04; 40; 15; 68;0
4.2462030904600e-04; 40; 15; 68;0
4.2463965791100e-04; 40; 15; 68;0
4.2465901857900e-04; 40; 15; 67;0
4.2467836730300e-04; 40; 15; 67;0
4.2469772803300e-04; 40; 15; 67;0
4.2471707656400e-04; 40; 15; 67;0
4.2473643744800e-04; 40; 15; 67;0
4.2475578605000e-04; 40; 15; 67;0
4.2477514663700e-04; 40; 15; 67;0
4.2479449518300e-04; 40; 15; 67;0
4.2481385566600e-04; 40; 15; 67;0
4.2483320434100e-04; 40; 15; 67;0
4.2485256481200e-04; 40; 15; 67;0
4.2487191348400e-04; 40; 15; 67;0
4.2489127417700e-04; 40; 15; 67;0
4.2491062277800e-04; 40; 15; 67;0
4.2492998352900e-04; 40; 15; 67;0
4.2494610627500e-04; 40; 15; 67;0
4.2496546703600e-04; 40; 15; 67;0
4.2498481575800e-04; 40; 15; 67;0
4.2500417676400e-04; 40; 15; 68;0
4.2502352563600e-04; 40; 15; 68;0
4.2504288654100e-04; 40; 15; 68;0
4.2506223543800e-04; 40; 15; 68;0
4.2508159624700e-04; 40; 15; 68;0
4.2510094505400e-04; 40; 15; 68;0
4.2512030598200e-04; 40; 15; 68;0
4.2513965496400e-04; 40; 15; 68;0
4.2515901589300e-04; 40; 15; 68;0
4.2517836491700e-04; 40; 15; 68;0
4.2519772574400e-04; 40; 15; 68;0
4.2521707462200e-04; 40; 15; 68;0
4.2523643538700e-04; 40; 15; 67;0
4.2525578392400e-04; 40; 15; 67;0
4.2527514461000e-04; 40; 15; 67;0
4.2529449326900e-04; 40; 15; 67;0
4.2531385395700e-04; 40; 15; 67;0
4.2533320248700e-04; 40; 15; 67;0
4.2535256301800e-04; 40; 15; 67;0
4.2537191177500e-04; 40; 15; 67;0
4.2539127273300e-04; 40; 15; 68;0
4.2541062161000e-04; 40; 15; 68;0
4.2542998255000e-04; 40; 15; 68;0
4.2544610570000e-04; 40; 15; 68;0
4.2546546670400e-04; 40; 15; 68;0
4.2548481561000e-04; 40; 15; 68;0
4.2550417656000e-04; 40; 15; 68;0
4.2552352555300e-04; 40; 15; 68;0
4.2554288644100e-04; 40; 15; 68;0
4.2556223543300e-04; 40; 15; 68;0
4.2558159641300e-04; 40; 15; 68;0
4.2560094527100e-04; 40; 15; 68;0
4.2562030609900e-04; 40; 15; 68;0
4.2563965505400e-04; 40; 15; 68;0
4.2565901593300e-04; 40; 15; 68;0
4.2567836499800e-04; 40; 15; 68;0
4.2569772575700e-04; 40; 15; 68;0
4.2571707476600e-04; 40; 15; 68;0
4.2573643569000e-04; 40; 15; 68;0
4.2575578461700e-04; 40; 15; 68;0
4.2577514558100e-04; 40; 15; 68;0
4.2579449454200e-04; 40; 15; 68;0
4.2581385542600e-04; 40; 15; 68;0
4.2583320430700e-04; 40; 15; 68;0
4.2585256527400e-04; 40; 15; 68;0
4.2587191408900e-04; 40; 15; 68;0
4.2589127495800e-04; 40; 15; 68;0
4.2591062387600e-04; 40; 15; 68;0
4.2592998470800e-04; 40; 15; 68;0
4.2594610778100e-04; 40; 15; 68;0
4.2596546865000e-04; 40; 15; 68;0
4.2598481746600e-04; 40; 15; 68;0
4.2600417841300e-04; 40; 15; 68;0
4.2602352733900e-04; 40; 15; 68;0
4.2604288831800e-04; 40; 15; 68;0
4.2606223721300e-04; 40; 15; 68;0
4.2608159805000e-04; 40; 15; 68;0
4.2610094685800e-04; 40; 15; 68;0
4.2612030775300e-04; 40; 15; 68;0
4.2613965664200e-04; 40; 15; 68;0
4.2615901743400e-04; 40; 15; 67;0
4.2617836602500e-04; 40; 15; 67;0
4.2619772661300e-04; 40; 15; 67;0
4.2621707522900e-04; 40; 15; 67;0
4.2623643596700e-04; 40; 15; 67;0
4.2625578452000e-04; 40; 15; 67;0
4.2627514525800e-04; 40; 15; 67;0
4.2629449376300e-04; 40; 15; 67;0
4.2631385430600e-04; 40; 15; 67;0
4.2633320307800e-04; 40; 15; 67;0
4.2635256378000e-04; 40; 15; 67;0
4.2637191245400e-04; 40; 15; 67;0
4.2639127343600e-04; 40; 15; 68;0
4.2641062225700e-04; 40; 15; 68;0
4.2642998321500e-04; 40; 15; 68;0
4.2644610637600e-04; 40; 15; 68;0
4.2646546712600e-04; 40; 15; 68;0
4.2648481606700e-04; 40; 15; 68;0
4.2650417683400e-04; 40; 15; 68;0
4.2652352589900e-04; 40; 15; 68;0
4.2654288679900e-04; 40; 15; 68;0
4.2656223567900e-04; 40; 15; 68;0
4.2658159668900e-04; 40; 15; 68;0
4.2660094569500e-04; 40; 15; 68;0
4.2662030667900e-04; 40; 15; 68;0
4.2663965547800e-04; 40; 15; 68;0
4.2665901657100e-04; 40; 15; 68;0
4.2667836544200e-04; 40; 15; 68;0
4.2669772641100e-04; 40; 15; 68;0
4.2671707540900e-04; 40; 15; 68;0
4.2673643609800e-04; 40; 15; 67;0
4.2675578473600e-04; 40; 15; 67;0
4.2677514541900e-04; 40; 15; 67;0
4.2679449422500e-04; 40; 15; 67;0
4.2681385517300e-04; 40; 15; 68;0
4.2683320407900e-04; 40; 15; 68;0
4.2685256492600e-04; 40; 15; 68;0
4.2687191375700e-04; 40; 15; 68;0
4.2689127460500e-04; 40; 15; 68;0
4.2691062361500e-04; 40; 15; 68;0
4.2692998454200e-04; 40; 15; 68;0
4.2694610779100e-04; 40; 15; 68;0
4.2696546864100e-04; 40; 15; 68;0
4.2698481751800e-04; 40; 15; 68;0
4.2700417835200e-04; 40; 15; 68;0
4.2702352735300e-04; 40; 15; 68;0
4.2704288817900e-04; 40; 15; 68;0
4.2706223688700e-04; 40; 15; 68;0
4.2708159776300e-04; 40; 15; 68;0
4.2710094664500e-04; 40; 15; 68;0
4.2712030757300e-04; 40; 15; 68;0
4.2713965659800e-04; 40; 15; 68;0
4.2715901718000e-04; 40; 15; 67;0
4.2717836595600e-04; 40; 15; 67;0
4.2719772652900e-04; 40; 15; 67;0
4.2721707541400e-04; 40; 15; 67;0
4.2723643593200e-04; 40; 15; 67;0
4.2725578469500e-04; 40; 15; 67;0
4.2727514531600e-04; 40; 15; 67;0
4.2729449397200e-04; 40; 15; 67;0
4.2731385468800e-04; 40; 15; 67;0
4.2733320343000e-04; 40; 15; 67;0
4.2735256402100e-04; 40; 15; 67;0
4.2737191269600e-04; 40; 15; 67;0
4.2739127354400e-04; 40; 15; 68;0
4.2741062239700e-04; 40; 15; 68;0
4.2742998330100e-04; 40; 15; 68;0
4.2744610633100e-04; 40; 15; 68;0
4.2746546718700e-04; 40; 15; 68;0
4.2748481609500e-04; 40; 15; 68;0
4.2750417687100e-04; 40; 15; 68;0
4.2752352563200e-04; 40; 15; 68;0
4.2754288655300e-04; 40; 15; 68;0
4.2756223543100e-04; 40; 15; 68;0
4.2758159647200e-04; 40; 15; 68;0
4.2760094538400e-04; 40; 15; 68;0
4.2762030618100e-04; 40; 15; 68;0
4.2763965523600e-04; 40; 15; 68;0
4.2765901608400e-04; 40; 15; 68;0
4.2767836499700e-04; 40; 15; 68;0
4.2769772595300e-04; 40; 15; 68;0
4.2771707482900e-04; 40; 15; 68;0
4.2773643552700e-04; 40; 15; 67;0
4.2775578406600e-04; 40; 15; 67;0
4.2777514473700e-04; 40; 15; 67;0
4.2779449326900e-04; 40; 15; 67;0
4.2781385382600e-04; 40; 15; 67;0
4.2783320253400e-04; 40; 15; 67;0
4.2785256308700e-04; 40; 15; 67;0
4.2787191178400e-04; 40; 15; 67;0
4.2789127246300e-04; 40; 15; 67;0
4.2791062100500e-04; 40; 15; 67;0
4.2792998176100e-04; 40; 15; 67;0
4.2794610451300e-04; 40; 15; 67;0
4.2796546551100e-04; 40; 15; 68;0
4.2798481438000e-04; 40; 15; 68;0
4.2800417540700e-04; 40; 15; 68;0
4.2802352427900e-04; 40; 15; 68;0
4.2804288511800e-04; 40; 15; 68;0
4.2806223399500e-04; 40; 15; 68;0
4.2808159490600e-04; 40; 15; 68;0
4.2810094361300e-04; 40; 15; 68;0
4.2812030438000e-04; 40; 15; 68;0
4.2813965341700e-04; 40; 15; 68;0
4.2815901418700e-04; 40; 15; 68;0
4.2817836326100e-04; 40; 15; 68;0
4.2819772420300e-04; 40; 15; 68;0
4.2821707311200e-04; 40; 15; 68;0
4.2823643409800e-04; 40; 15; 68;0
4.2825578296100e-04; 40; 15; 68;0
4.2827514393300e-04; 40; 15; 68;0
4.2829449282900e-04; 40; 15; 68;0
4.2831385359600e-04; 40; 15; 68;0
4.2833320244400e-04; 40; 15; 68;0
4.2835256343600e-04; 40; 15; 68;0
4.2837191235000e-04; 40; 15; 68;0
4.2839127319900e-04; 40; 15; 68;0
4.2841062213500e-04; 40; 15; 68;0
4.2842998302900e-04; 40; 15; 68;0
4.2844610626500e-04; 40; 15; 68;0
4.2846546713000e-04; 40; 15; 68;0
4.2848481603100e-04; 40; 15; 68;0
4.2850417691200e-04; 40; 15; 68;0
4.2852352604500e-04; 40; 15; 68;0
4.2854288685000e-04; 40; 15; 68;0
4.2856223590000e-04; 40; 15; 68;0
4.2858159698000e-04; 40; 15; 68;0
4.2860094581200e-04; 40; 15; 68;0
4.2862030664400e-04; 40; 15; 68;0
4.2863965546400e-04; 40; 15; 68;0
4.2865901617200e-04; 40; 15; 67;0
4.2867836477400e-04; 40; 15; 67;0
4.2869772556200e-04; 40; 15; 67;0
4.2871707421100e-04; 40; 15; 67;0
4.2873643486100e-04; 40; 15; 67;0
4.2875578329100e-04; 40; 15; 67;0
4.2877514397900e-04; 40; 15; 67;0
4.2879449264200e-04; 40; 15; 67;0
4.2881385323200e-04; 40; 15; 67;0
4.2883320191700e-04; 40; 15; 67;0
4.2885256243400e-04; 40; 15; 67;0
4.2887191104700e-04; 40; 15; 67;0
4.2889127195300e-04; 40; 15; 68;0
4.2891062079700e-04; 40; 15; 68;0
4.2892998171200e-04; 40; 15; 68;0
4.2894610483600e-04; 40; 15; 68;0
4.2896546576500e-04; 40; 15; 68;0
4.2898481471100e-04; 40; 15; 68;0
4.2900417556800e-04; 40; 15; 68;0
4.2902352418500e-04; 40; 15; 68;0
4.2904288502600e-04; 40; 15; 68;0
4.2906223408000e-04; 40; 15; 68;0
4.2908159493100e-04; 40; 15; 68;0
4.2910094397400e-04; 40; 15; 68;0
4.2912030501900e-04; 40; 15; 68;0
4.2913965385700e-04; 40; 15; 68;0
4.2915901486000e-04; 40; 15; 68;0
4.2917836373500e-04; 40; 15; 68;0
4.2919772460000e-04; 40; 15; 68;0
4.2921707366200e-04; 40; 15; 68;0
4.2923643453800e-04; 40; 15; 68;0
4.2925578356600e-04; 40; 15; 68;0
4.2927514443300e-04; 40; 15; 68;0
4.2929449334500e-04; 40; 15; 68;0
4.2931385425600e-04; 40; 15; 68;0
4.2933320333200e-04; 40; 15; 68;0
4.2935256421700e-04; 40; 15; 68;0
4.2937191304600e-04; 40; 15; 68;0
4.2939127390100e-04; 40; 15; 68;0
4.2941062285300e-04; 40; 15; 68;0
4.2942998394100e-04; 40; 15; 68;0
4.2944610700500e-04; 40; 15; 68;0
4.2946546791900e-04; 40; 15; 68;0
4.2948481688000e-04; 40; 15; 68;0
4.2950417784800e-04; 40; 15; 68;0
4.2952352665800e-04; 40; 15; 68;0
4.2954288773100e-04; 40; 15; 68;0
4.2956223647700e-04; 40; 15; 68;0
4.2958159752500e-04; 40; 15; 68;0
4.2960094643600e-04; 40; 15; 68;0
4.2962030733200e-04; 40; 15; 68;0
4.2963965629500e-04; 40; 15; 68;0
4.2965901703700e-04; 40; 15; 67;0
4.2967836561600e-04; 40; 15; 67;0
4.2969772631500e-04; 40; 15; 67;0
4.2971707492000e-04; 40; 15; 67;0
4.2973643564000e-04; 40; 15; 67;0
4.2975578444600e-04; 40; 15; 67;0
4.2977514501900e-04; 40; 15; 67;0
4.2979449365900e-04; 40; 15; 67;0
4.2981385446000e-04; 40; 15; 67;0
4.2983320310000e-04; 40; 15; 67;0
4.2985256377200e-04; 40; 15; 67;0
4.2987191251400e-04; 40; 15; 67;0
4.2989127338900e-04; 40; 15; 68;0
4.2991062224500e-04; 40; 15; 68;0
4.2992998328700e-04; 40; 15; 68;0
4.2994610635400e-04; 40; 15; 68;0
4.2996546718300e-04; 40; 15; 68;0
4.2998481611400e-04; 40; 15; 68;0
4.3000417694300e-04; 40; 15; 68;0
4.3002352586800e-04; 40; 15; 68;0
4.3004288675300e-04; 40; 15; 68;0
4.3006223555800e-04; 40; 15; 68;0
4.3008159645500e-04; 40; 15; 68;0
4.3010094540400e-04; 40; 15; 68;0
4.3012030637100e-04; 40; 15; 68;0
4.3013965530400e-04; 40; 15; 68;0
4.3015901623300e-04; 40; 15; 68;0
4.3017836508300e-04; 40; 15; 68;0
4.3019772602600e-04; 40; 15; 68;0
4.3021707501300e-04; 40; 15; 68;0
4.3023643571100e-04; 40; 15; 67;0
4.3025578445600e-04; 40; 15; 67;0
4.3027514506500e-04; 40; 15; 67;0
4.3029449382000e-04; 40; 15; 67;0
4.3031385472800e-04; 40; 15; 68;0
4.3033320374200e-04; 40; 15; 68;0
4.3035256459400e-04; 40; 15; 68;0
4.3037191360500e-04; 40; 15; 68;0
4.3039127447500e-04; 40; 15; 68;0
4.3041062333800e-04; 40; 15; 68;0
4.3042998440300e-04; 40; 15; 68;0
4.3044610758700e-04; 40; 15; 68;0
4.3046546837000e-04; 40; 15; 68;0
4.3048481742400e-04; 40; 15; 68;0
4.3050417839600e-04; 40; 15; 68;0
4.3052352720100e-04; 40; 15; 68;0
4.3054288815100e-04; 40; 15; 68;0
4.3056223709500e-04; 40; 15; 68;0
4.3058159800000e-04; 40; 15; 68;0
4.3060094694100e-04; 40; 15; 68;0
4.3062030782000e-04; 40; 15; 68;0
4.3063965671600e-04; 40; 15; 68;0
4.3065901722400e-04; 40; 15; 67;0
4.3067836606000e-04; 40; 15; 67;0
4.3069772669400e-04; 40; 15; 67;0
4.3071707542300e-04; 40; 15; 67;0
4.3073643613700e-04; 40; 15; 67;0
4.3075578481300e-04; 40; 15; 67;0
4.3077514546600e-04; 40; 15; 67;0
4.3079449401000e-04; 40; 15; 67;0
4.3081385454000e-04; 40; 15; 67;0
4.3083320312600e-04; 40; 15; 67;0
4.3085256392900e-04; 40; 15; 67;0
4.3087191249600e-04; 40; 15; 67;0
4.3089127350800e-04; 40; 15; 68;0
4.3091062247800e-04; 40; 15; 68;0
4.3092998338800e-04; 40; 15; 68;0
4.3094610660300e-04; 40; 15; 68;0
4.3096546746800e-04; 40; 15; 68;0
4.3098481638100e-04; 40; 15; 68;0
4.3100417717100e-04; 40; 15; 68;0
4.3102352605000e-04; 40; 15; 68;0
4.3104288702700e-04; 40; 15; 68;0
4.3106223595000e-04; 40; 15; 68;0
4.3108159690400e-04; 40; 15; 68;0
4.3110094585500e-04; 40; 15; 68;0
4.3112030675300e-04; 40; 15; 68;0
4.3113965571100e-04; 40; 15; 68;0
4.3115901629500e-04; 40; 15; 67;0
4.3117836517600e-04; 40; 15; 67;0
4.3119772586200e-04; 40; 15; 67;0
4.3121707455000e-04; 40; 15; 67;0
4.3123643512800e-04; 40; 15; 67;0
4.3125578361900e-04; 40; 15; 67;0
4.3127514422900e-04; 40; 15; 67;0
4.3129449294800e-04; 40; 15; 67;0
4.3131385355600e-04; 40; 15; 67;0
4.3133320222300e-04; 40; 15; 67;0
4.3135256274000e-04; 40; 15; 67;0
4.3137191143000e-04; 40; 15; 67;0
4.3139127211400e-04; 40; 15; 68;0
4.3141062115900e-04; 40; 15; 68;0
4.3142998194600e-04; 40; 15; 68;0
4.3144610498500e-04; 40; 15; 68;0
4.3146546579900e-04; 40; 15; 68;0
4.3148481475600e-04; 40; 15; 68;0
4.3150417568700e-04; 40; 15; 68;0
4.3152352454100e-04; 40; 15; 68;0
4.3154288549900e-04; 40; 15; 68;0
4.3156223433100e-04; 40; 15; 68;0
4.3158159533700e-04; 40; 15; 68;0
4.3160094425000e-04; 40; 15; 68;0
4.3162030529900e-04; 40; 15; 68;0
4.3163965407600e-04; 40; 15; 68;0
4.3165901510700e-04; 40; 15; 68;0
4.3167836393500e-04; 40; 15; 68;0
4.3169772475100e-04; 40; 15; 68;0
4.3171707367800e-04; 40; 15; 68;0
4.3173643461900e-04; 40; 15; 68;0
4.3175578354000e-04; 40; 15; 68;0
4.3177514450100e-04; 40; 15; 68;0
4.3179449355900e-04; 40; 15; 68;0
4.3181385441600e-04; 40; 15; 68;0
4.3183320340800e-04; 40; 15; 68;0
4.3185256451200e-04; 40; 15; 68;0
4.3187191343300e-04; 40; 15; 68;0
4.3189127451500e-04; 40; 15; 68;0
4.3191062310600e-04; 40; 15; 68;0
4.3192998410600e-04; 40; 15; 68;0
4.3194610706100e-04; 40; 15; 68;0
4.3196546794000e-04; 40; 15; 68;0
4.3198481677100e-04; 40; 15; 68;0
4.3200417762800e-04; 40; 15; 68;0
4.3202352644500e-04; 40; 15; 68;0
4.3204288727200e-04; 40; 15; 68;0
4.3206223621200e-04; 40; 15; 68;0
4.3208159714300e-04; 40; 15; 68;0
4.3210094613100e-04; 40; 15; 68;0
4.3212030697500e-04; 40; 15; 68;0
4.3213965606100e-04; 40; 15; 68;0
4.3215901703500e-04; 40; 15; 68;0
4.3217836592700e-04; 40; 15; 68;0
4.3219772682500e-04; 40; 15; 68;0
4.3221707579600e-04; 40; 15; 68;0
4.3223643658000e-04; 40; 15; 68;0
4.3225578556800e-04; 40; 15; 68;0
4.3227514656300e-04; 40; 15; 68;0
4.3229449530800e-04; 40; 15; 68;0
4.3231385631700e-04; 40; 15; 68;0
4.3233320532100e-04; 40; 15; 68;0
4.3235256617100e-04; 40; 15; 68;0
4.3237191517300e-04; 40; 15; 68;0
4.3239127614200e-04; 40; 15; 68;0
4.3241062501200e-04; 40; 15; 68;0
4.3242998593700e-04; 40; 15; 68;0
4.3244610903500e-04; 40; 15; 68;0
4.3246547005200e-04; 40; 15; 68;0
4.3248481898400e-04; 40; 15; 68;0
4.3250417988900e-04; 40; 15; 68;0
4.3252352890400e-04; 40; 15; 68;0
4.3254288986900e-04; 40; 15; 68;0
4.3256223869000e-04; 40; 15; 68;0
4.3258159924800e-04; 40; 15; 67;0
4.3260094813200e-04; 40; 15; 67;0
4.3262030877900e-04; 40; 15; 67;0
4.3263965727500e-04; 40; 15; 67;0
4.3265901792500e-04; 40; 15; 67;0
4.3267836653800e-04; 40; 15; 67;0
4.3269772721600e-04; 40; 15; 67;0
4.3271707592900e-04; 40; 15; 67;0
4.3273643673900e-04; 40; 15; 67;0
4.3275578557700e-04; 40; 15; 67;0
4.3277514628400e-04; 40; 15; 67;0
4.3279449499700e-04; 40; 15; 67;0
4.3281385560100e-04; 40; 15; 67;0
4.3283320422100e-04; 40; 15; 67;0
4.3285256488100e-04; 40; 15; 67;0
4.3287191348600e-04; 40; 15; 67;0
4.3289127406400e-04; 40; 15; 67;0
4.3291062266900e-04; 40; 15; 67;0
4.3292998335000e-04; 40; 15; 67;0
4.3294610630300e-04; 40; 15; 67;0
4.3296546689400e-04; 40; 15; 67;0
4.3298481560200e-04; 40; 15; 67;0
4.3300417659700e-04; 40; 15; 68;0
4.3302352541900e-04; 40; 15; 68;0
4.3304288636900e-04; 40; 15; 68;0
4.3306223521900e-04; 40; 15; 68;0
4.3308159611400e-04; 40; 15; 68;0
4.3310094491700e-04; 40; 15; 68;0
4.3312030592500e-04; 40; 15; 68;0
4.3313965503600e-04; 40; 15; 68;0
4.3315901592700e-04; 40; 15; 68;0
4.3317836498800e-04; 40; 15; 68;0
4.3319772591500e-04; 40; 15; 68;0
4.3321707468600e-04; 40; 15; 68;0
4.3323643557500e-04; 40; 15; 68;0
4.3325578446600e-04; 40; 15; 68;0
4.3327514536000e-04; 40; 15; 68;0
4.3329449425400e-04; 40; 15; 68;0
4.3331385509000e-04; 40; 15; 68;0
4.3333320412200e-04; 40; 15; 68;0
4.3335256509000e-04; 40; 15; 68;0
4.3337191375300e-04; 40; 15; 68;0
4.3339127476300e-04; 40; 15; 68;0
4.3341062353200e-04; 40; 15; 68;0
4.3342998443200e-04; 40; 15; 68;0
4.3344610754200e-04; 40; 15; 68;0
4.3346546847200e-04; 40; 15; 68;0
4.3348481735500e-04; 40; 15; 68;0
4.3350417824300e-04; 40; 15; 68;0
4.3352352714300e-04; 40; 15; 68;0
4.3354288798600e-04; 40; 15; 68;0
4.3356223695700e-04; 40; 15; 68;0
4.3358159783000e-04; 40; 15; 68;0
4.3360094671500e-04; 40; 15; 68;0
4.3362030751600e-04; 40; 15; 68;0
4.3363965632500e-04; 40; 15; 68;0
4.3365901703900e-04; 40; 15; 67;0
4.3367836568000e-04; 40; 15; 67;0
4.3369772639500e-04; 40; 15; 67;0
4.3371707519100e-04; 40; 15; 67;0
4.3373643589300e-04; 40; 15; 67;0
4.3375578458200e-04; 40; 15; 67;0
4.3377514523100e-04; 40; 15; 67;0
4.3379449390000e-04; 40; 15; 67;0
4.3381385458400e-04; 40; 15; 67;0
4.3383320331300e-04; 40; 15; 67;0
4.3385256394700e-04; 40; 15; 67;0
4.3387191259600e-04; 40; 15; 67;0
4.3389127341300e-04; 40; 15; 68;0
4.3391062227600e-04; 40; 15; 68;0
4.3392998336200e-04; 40; 15; 68;0
4.3394610638000e-04; 40; 15; 68;0
4.3396546739200e-04; 40; 15; 68;0
4.3398481634400e-04; 40; 15; 68;0
4.3400417734000e-04; 40; 15; 68;0
4.3402352639000e-04; 40; 15; 68;0
4.3404288753200e-04; 40; 15; 68;0
4.3406223645600e-04; 40; 15; 68;0
4.3408159729300e-04; 40; 15; 68;0
4.3410094624000e-04; 40; 15; 68;0
4.3412030707700e-04; 40; 15; 68;0
4.3413965610500e-04; 40; 15; 68;0
4.3415901676500e-04; 40; 15; 67;0
4.3417836537000e-04; 40; 15; 67;0
4.3419772613300e-04; 40; 15; 67;0
4.3421707490000e-04; 40; 15; 67;0
4.3423643539000e-04; 40; 15; 67;0
4.3425578429400e-04; 40; 15; 67;0
4.3427514499200e-04; 40; 15; 67;0
4.3429449397000e-04; 40; 15; 67;0
4.3431385457700e-04; 40; 15; 67;0
4.3433320312900e-04; 40; 15; 67;0
4.3435256395000e-04; 40; 15; 67;0
4.3437191261200e-04; 40; 15; 67;0
4.3439127350200e-04; 40; 15; 68;0
4.3441062249200e-04; 40; 15; 68;0
4.3442998335800e-04; 40; 15; 68;0
4.3444610658700e-04; 40; 15; 68;0
4.3446546746100e-04; 40; 15; 68;0
4.3448481642200e-04; 40; 15; 68;0
4.3450417732200e-04; 40; 15; 68;0
4.3452352599000e-04; 40; 15; 68;0
4.3454288689400e-04; 40; 15; 68;0
4.3456223573500e-04; 40; 15; 68;0
4.3458159664200e-04; 40; 15; 68;0
4.3460094539000e-04; 40; 15; 68;0
4.3462030631200e-04; 40; 15; 68;0
4.3463965526900e-04; 40; 15; 68;0
4.3465901590500e-04; 40; 15; 67;0
4.3467836462000e-04; 40; 15; 67;0
4.3469772531300e-04; 40; 15; 67;0
4.3471707411500e-04; 40; 15; 67;0
4.3473643459900e-04; 40; 15; 67;0
4.3475578322400e-04; 40; 15; 67;0
4.3477514388500e-04; 40; 15; 67;0
4.3479449247700e-04; 40; 15; 67;0
4.3481385310300e-04; 40; 15; 67;0
4.3483320167200e-04; 40; 15; 67;0
4.3485256229800e-04; 40; 15; 67;0
4.3487191108300e-04; 40; 15; 67;0
4.3489127197000e-04; 40; 15; 68;0
4.3491062091500e-04; 40; 15; 68;0
4.3492998189400e-04; 40; 15; 68;0
4.3494610505700e-04; 40; 15; 68;0
4.3496546605900e-04; 40; 15; 68;0
4.3498481503500e-04; 40; 15; 68;0
4.3500417584600e-04; 40; 15; 68;0
4.3502352468200e-04; 40; 15; 68;0
4.3504288553900e-04; 40; 15; 68;0
4.3506223448200e-04; 40; 15; 68;0
4.3508159523600e-04; 40; 15; 68;0
4.3510094427800e-04; 40; 15; 68;0
4.3512030514900e-04; 40; 15; 68;0
4.3513965394300e-04; 40; 15; 68;0
4.3515901493100e-04; 40; 15; 68;0
4.3517836370400e-04; 40; 15; 68;0
4.3519772463800e-04; 40; 15; 68;0
4.3521707353900e-04; 40; 15; 68;0
4.3523643427700e-04; 40; 15; 68;0
4.3525578335500e-04; 40; 15; 68;0
4.3527514420400e-04; 40; 15; 68;0
4.3529449319000e-04; 40; 15; 68;0
4.3531385405100e-04; 40; 15; 68;0
4.3533320291900e-04; 40; 15; 68;0
4.3535256402900e-04; 40; 15; 68;0
4.3537191303000e-04; 40; 15; 68;0
4.3539127381300e-04; 40; 15; 68;0
4.3541062241100e-04; 40; 15; 68;0
4.3542998329700e-04; 40; 15; 68;0
4.3544610622200e-04; 40; 15; 68;0
4.3546546721700e-04; 40; 15; 68;0
4.3548481599700e-04; 40; 15; 68;0
4.3550417692700e-04; 40; 15; 68;0
4.3552352586700e-04; 40; 15; 68;0
4.3554288686400e-04; 40; 15; 68;0
4.3556223569200e-04; 40; 15; 68;0
4.3558159665700e-04; 40; 15; 68;0
4.3560094541700e-04; 40; 15; 68;0
4.3562030641000e-04; 40; 15; 68;0
4.3563965536300e-04; 40; 15; 68;0
4.3565901619500e-04; 40; 15; 68;0
4.3567836499400e-04; 40; 15; 68;0
4.3569772593800e-04; 40; 15; 68;0
4.3571707485500e-04; 40; 15; 68;0
4.3573643572400e-04; 40; 15; 68;0
4.3575578464400e-04; 40; 15; 68;0
4.3577514534300e-04; 40; 15; 67;0
4.3579449410500e-04; 40; 15; 67;0
4.3581385487700e-04; 40; 15; 68;0
4.3583320380500e-04; 40; 15; 68;0
4.3585256482400e-04; 40; 15; 68;0
4.3587191352800e-04; 40; 15; 68;0
4.3589127433700e-04; 40; 15; 68;0
4.3591062332000e-04; 40; 15; 68;0
4.3592998420200e-04; 40; 15; 68;0
4.3594610736100e-04; 40; 15; 68;0
4.3596546817200e-04; 40; 15; 68;0
4.3598481716700e-04; 40; 15; 68;0
4.3600417830900e-04; 40; 15; 68;0
4.3602352716600e-04; 40; 15; 68;0
4.3604288787300e-04; 40; 15; 68;0
4.3606223686000e-04; 40; 15; 68;0
4.3608159793800e-04; 40; 15; 68;0
4.3610094686000e-04; 40; 15; 68;0
4.3612030777400e-04; 40; 15; 68;0
4.3613965681800e-04; 40; 15; 68;0
4.3615901723800e-04; 40; 15; 67;0
4.3617836596300e-04; 40; 15; 67;0
4.3619772668500e-04; 40; 15; 67;0
4.3621707531500e-04; 40; 15; 67;0
4.3623643607900e-04; 40; 15; 67;0
4.3625578462200e-04; 40; 15; 67;0
4.3627514523500e-04; 40; 15; 67;0
4.3629449383600e-04; 40; 15; 67;0
4.3631385466900e-04; 40; 15; 67;0
4.3633320324200e-04; 40; 15; 67;0
4.3635256394900e-04; 40; 15; 67;0
4.3637191264300e-04; 40; 15; 67;0
4.3639127341100e-04; 40; 15; 68;0
4.3641062235800e-04; 40; 15; 68;0
4.3642998317600e-04; 40; 15; 68;0
4.3644610629200e-04; 40; 15; 68;0
4.3646546733300e-04; 40; 15; 68;0
4.3648481629300e-04; 40; 15; 68;0
4.3650417733700e-04; 40; 15; 68;0
4.3652352627700e-04; 40; 15; 68;0
4.3654288722400e-04; 40; 15; 68;0
4.3656223598400e-04; 40; 15; 68;0
4.3658159696400e-04; 40; 15; 68;0
4.3660094580800e-04; 40; 15; 68;0
4.3662030671100e-04; 40; 15; 68;0
4.3663965564100e-04; 40; 15; 68;0
4.3665901667400e-04; 40; 15; 68;0
4.3667836551800e-04; 40; 15; 68;0
4.3669772650100e-04; 40; 15; 68;0
4.3671707528800e-04; 40; 15; 68;0
4.3673643598300e-04; 40; 15; 67;0
4.3675578458600e-04; 40; 15; 67;0
4.3677514520000e-04; 40; 15; 67;0
4.3679449384600e-04; 40; 15; 67;0
4.3681385460600e-04; 40; 15; 67;0
4.3683320321500e-04; 40; 15; 67;0
4.3685256408700e-04; 40; 15; 68;0
4.3687191303100e-04; 40; 15; 68;0
4.3689127398600e-04; 40; 15; 68;0
4.3691062291100e-04; 40; 15; 68;0
4.3692998381500e-04; 40; 15; 68;0
4.3694610691000e-04; 40; 15; 68;0
4.3696546786700e-04; 40; 15; 68;0
4.3698481682000e-04; 40; 15; 68;0
4.3700417782100e-04; 40; 15; 68;0
4.3702352650100e-04; 40; 15; 68;0
4.3704288747700e-04; 40; 15; 68;0
4.3706223646900e-04; 40; 15; 68;0
4.3708159743500e-04; 40; 15; 68;0
4.3710094631800e-04; 40; 15; 68;0
4.3712030733300e-04; 40; 15; 68;0
4.3713965638200e-04; 40; 15; 68;0
4.3715901710900e-04; 40; 15; 67;0
4.3717836574700e-04; 40; 15; 67;0
4.3719772645200e-04; 40; 15; 67;0
4.3721707513300e-04; 40; 15; 67;0
4.3723643573500e-04; 40; 15; 67;0
4.3725578452300e-04; 40; 15; 67;0
4.3727514528500e-04; 40; 15; 67;0
4.3729449386400e-04; 40; 15; 67;0
4.3731385461000e-04; 40; 15; 67;0
4.3733320340100e-04; 40; 15; 67;0
4.3735256405100e-04; 40; 15; 67;0
4.3737191266800e-04; 40; 15; 67;0
4.3739127340600e-04; 40; 15; 67;0
4.3741062195800e-04; 40; 15; 67;0
4.3742998277900e-04; 40; 15; 67;0
4.3744610557800e-04; 40; 15; 67;0
4.3746546656800e-04; 40; 15; 68;0
4.3748481530700e-04; 40; 15; 68;0
4.3750417632500e-04; 40; 15; 68;0
4.3752352513100e-04; 40; 15; 68;0
4.3754288637600e-04; 40; 15; 68;0
4.3756223519900e-04; 40; 15; 68;0
4.3758159623600e-04; 40; 15; 68;0
4.3760094514100e-04; 40; 15; 68;0
4.3762030606400e-04; 40; 15; 68;0
4.3763965497300e-04; 40; 15; 68;0
4.3765901578500e-04; 40; 15; 68;0
4.3767836480700e-04; 40; 15; 68;0
4.3769772578300e-04; 40; 15; 68;0
4.3771707455400e-04; 40; 15; 68;0
4.3773643559100e-04; 40; 15; 68;0
4.3775578455000e-04; 40; 15; 68;0
4.3777514521500e-04; 40; 15; 68;0
4.3779449413800e-04; 40; 15; 68;0
4.3781385495700e-04; 40; 15; 68;0
4.3783320368600e-04; 40; 15; 68;0
4.3785256465800e-04; 40; 15; 68;0
4.3787191355800e-04; 40; 15; 68;0
4.3789127467700e-04; 40; 15; 68;0
4.3791062364800e-04; 40; 15; 68;0
4.3792998459500e-04; 40; 15; 68;0
4.3794610772800e-04; 40; 15; 68;0
4.3796546858100e-04; 40; 15; 68;0
4.3798481749500e-04; 40; 15; 68;0
4.3800417843500e-04; 40; 15; 68;0
4.3802352731400e-04; 40; 15; 68;0
4.3804288822100e-04; 40; 15; 68;0
4.3806223706800e-04; 40; 15; 68;0
4.3808159803800e-04; 40; 15; 68;0
4.3810094694500e-04; 40; 15; 68;0
4.3812030778000e-04; 40; 15; 68;0
4.3813965677700e-04; 40; 15; 68;0
4.3815901746700e-04; 40; 15; 67;0
4.3817836595000e-04; 40; 15; 67;0
4.3819772678200e-04; 40; 15; 67;0
4.3821707530200e-04; 40; 15; 67;0
4.3823643596800e-04; 40; 15; 67;0
4.3825578472500e-04; 40; 15; 67;0
4.3827514548600e-04; 40; 15; 67;0
4.3829449416800e-04; 40; 15; 67;0
4.3831385483600e-04; 40; 15; 67;0
4.3833320366200e-04; 40; 15; 67;0
4.3835256415300e-04; 40; 15; 67;0
4.3837191281300e-04; 40; 15; 67;0
4.3839127344900e-04; 40; 15; 67;0
4.3841062219700e-04; 40; 15; 67;0
4.3842998292400e-04; 40; 15; 67;0
4.3844610598000e-04; 40; 15; 67;0
4.3846546682800e-04; 40; 15; 68;0
4.3848481579100e-04; 40; 15; 68;0
4.3850417670900e-04; 40; 15; 68;0
4.3852352546200e-04; 40; 15; 68;0
4.3854288645500e-04; 40; 15; 68;0
4.3856223545300e-04; 40; 15; 68;0
4.3858159649400e-04; 40; 15; 68;0
4.3860094531600e-04; 40; 15; 68;0
4.3862030615600e-04; 40; 15; 68;0
4.3863965508500e-04; 40; 15; 68;0
4.3865901599700e-04; 40; 15; 68;0
4.3867836489100e-04; 40; 15; 68;0
4.3869772565600e-04; 40; 15; 68;0
4.3871707455600e-04; 40; 15; 68;0
4.3873643559100e-04; 40; 15; 68;0
4.3875578447100e-04; 40; 15; 68;0
4.3877514543400e-04; 40; 15; 68;0
4.3879449434100e-04; 40; 15; 68;0
4.3881385517000e-04; 40; 15; 68;0
4.3883320422500e-04; 40; 15; 68;0
4.3885256518500e-04; 40; 15; 68;0
4.3887191401100e-04; 40; 15; 68;0
4.3889127502600e-04; 40; 15; 68;0
4.3891062385900e-04; 40; 15; 68;0
4.3892998467700e-04; 40; 15; 68;0
4.3894610775600e-04; 40; 15; 68;0
4.3896546870500e-04; 40; 15; 68;0
4.3898481761300e-04; 40; 15; 68;0
4.3900417855400e-04; 40; 15; 68;0
4.3902352750300e-04; 40; 15; 68;0
4.3904288830100e-04; 40; 15; 68;0
4.3906223723800e-04; 40; 15; 68;0
4.3908159833900e-04; 40; 15; 68;0
4.3910094724900e-04; 40; 15; 68;0
4.3912030799700e-04; 40; 15; 68;0
4.3913965694800e-04; 40; 15; 68;0
4.3915901780300e-04; 40; 15; 68;0
4.3917836651200e-04; 40; 15; 68;0
4.3919772734400e-04; 40; 15; 67;0
4.3921707594700e-04; 40; 15; 67;0
4.3923643648500e-04; 40; 15; 67;0
4.3925578522500e-04; 40; 15; 67;0
4.3927514596100e-04; 40; 15; 67;0
4.3929449471300e-04; 40; 15; 67;0
4.3931385530000e-04; 40; 15; 67;0
4.3933320398800e-04; 40; 15; 67;0
4.3935256458800e-04; 40; 15; 67;0
4.3937191325300e-04; 40; 15; 67;0
4.3939127428100e-04; 40; 15; 68;0
4.3941062323700e-04; 40; 15; 68;0
4.3942998413500e-04; 40; 15; 68;0
4.3944610716500e-04; 40; 15; 68;0
4.3946546806600e-04; 40; 15; 68;0
4.3948481705200e-04; 40; 15; 68;0
4.3950417792600e-04; 40; 15; 68;0
4.3952352690200e-04; 40; 15; 68;0
4.3954288769300e-04; 40; 15; 68;0
4.3956223671800e-04; 40; 15; 68;0
4.3958159774700e-04; 40; 15; 68;0
4.3960094657500e-04; 40; 15; 68;0
4.3962030749200e-04; 40; 15; 68;0
4.3963965639800e-04; 40; 15; 68;0
4.3965901716000e-04; 40; 15; 67;0
4.3967836569100e-04; 40; 15; 67;0
4.3969772653700e-04; 40; 15; 67;0
4.3971707517700e-04; 40; 15; 67;0
4.3973643586600e-04; 40; 15; 67;0
4.3975578450500e-04; 40; 15; 67;0
4.3977514522900e-04; 40; 15; 67;0
4.3979449403300e-04; 40; 15; 67;0
4.3981385475500e-04; 40; 15; 67;0
4.3983320345500e-04; 40; 15; 67;0
4.3985256423900e-04; 40; 15; 67;0
4.3987191293800e-04; 40; 15; 67;0
4.3989127377000e-04; 40; 15; 68;0
4.3991062270300e-04; 40; 15; 68;0
4.3992998353000e-04; 40; 15; 68;0
4.3994610691000e-04; 40; 15; 68;0
4.3996546789700e-04; 40; 15; 68;0
4.3998481680700e-04; 40; 15; 68;0
4.4000417770600e-04; 40; 15; 68;0
4.4002352649300e-04; 40; 15; 68;0
4.4004288753400e-04; 40; 15; 68;0
4.4006223641800e-04; 40; 15; 68;0
4.4008159734200e-04; 40; 15; 68;0
4.4010094620400e-04; 40; 15; 68;0
4.4012030707000e-04; 40; 15; 68;0
4.4013965599200e-04; 40; 15; 68;0
4.4015901682900e-04; 40; 15; 67;0
4.4017836564000e-04; 40; 15; 67;0
4.4019772607400e-04; 40; 15; 67;0
4.4021707485400e-04; 40; 15; 67;0
4.4023643560500e-04; 40; 15; 67;0
4.4025578425800e-04; 40; 15; 67;0
4.4027514498500e-04; 40; 15; 67;0
4.4029449367200e-04; 40; 15; 67;0
4.4031385433100e-04; 40; 15; 67;0
4.4033320292300e-04; 40; 15; 67;0
4.4035256359200e-04; 40; 15; 67;0
4.4037191232900e-04; 40; 15; 67;0
4.4039127303000e-04; 40; 15; 68;0
4.4041062209400e-04; 40; 15; 68;0
4.4042998290300e-04; 40; 15; 68;0
4.4044610602900e-04; 40; 15; 68;0
4.4046546687400e-04; 40; 15; 68;0
4.4048481584700e-04; 40; 15; 68;0
4.4050417654400e-04; 40; 15; 68;0
4.4052352553500e-04; 40; 15; 68;0
4.4054288631400e-04; 40; 15; 68;0
4.4056223538400e-04; 40; 15; 68;0
4.4058159617600e-04; 40; 15; 68;0
4.4060094509700e-04; 40; 15; 68;0
4.4062030611700e-04; 40; 15; 68;0
4.4063965498500e-04; 40; 15; 68;0
4.4065901589200e-04; 40; 15; 68;0
4.4067836479700e-04; 40; 15; 68;0
4.4069772572900e-04; 40; 15; 68;0
4.4071707470000e-04; 40; 15; 68;0
4.4073643556500e-04; 40; 15; 68;0
4.4075578468700e-04; 40; 15; 68;0
4.4077514522900e-04; 40; 15; 67;0
4.4079449394500e-04; 40; 15; 67;0
4.4081385487000e-04; 40; 15; 68;0
4.4083320385000e-04; 40; 15; 68;0
4.4085256470700e-04; 40; 15; 68;0
4.4087191355100e-04; 40; 15; 68;0
4.4089127446800e-04; 40; 15; 68;0
4.4091062347400e-04; 40; 15; 68;0
4.4092998428000e-04; 40; 15; 68;0
4.4094610745300e-04; 40; 15; 68;0
4.4096546838900e-04; 40; 15; 68;0
4.4098481745700e-04; 40; 15; 68;0
4.4100417819000e-04; 40; 15; 68;0
4.4102352714700e-04; 40; 15; 68;0
4.4104288815800e-04; 40; 15; 68;0
4.4106223700600e-04; 40; 15; 68;0
4.4108159783200e-04; 40; 15; 68;0
4.4110094670400e-04; 40; 15; 68;0
4.4112030768700e-04; 40; 15; 68;0
4.4113965656800e-04; 40; 15; 68;0
4.4115901717800e-04; 40; 15; 67;0
4.4117836580600e-04; 40; 15; 67;0
4.4119772649700e-04; 40; 15; 67;0
4.4121707500000e-04; 40; 15; 67;0
4.4123643567800e-04; 40; 15; 67;0
4.4125578431000e-04; 40; 15; 67;0
4.4127514488600e-04; 40; 15; 67;0
4.4129449377100e-04; 40; 15; 67;0
4.4131385429000e-04; 40; 15; 67;0
4.4133320311600e-04; 40; 15; 67;0
4.4135256371900e-04; 40; 15; 67;0
4.4137191240600e-04; 40; 15; 67;0
4.4139127327800e-04; 40; 15; 68;0
4.4141062215000e-04; 40; 15; 68;0
4.4142998292600e-04; 40; 15; 68;0
4.4144610620600e-04; 40; 15; 68;0
4.4146546701900e-04; 40; 15; 68;0
4.4148481602500e-04; 40; 15; 68;0
4.4150417691900e-04; 40; 15; 68;0
4.4152352584900e-04; 40; 15; 68;0
4.4154288662300e-04; 40; 15; 68;0
4.4156223563700e-04; 40; 15; 68;0
4.4158159648000e-04; 40; 15; 68;0
4.4160094531800e-04; 40; 15; 68;0
4.4162030622300e-04; 40; 15; 68;0
4.4163965519100e-04; 40; 15; 68;0
4.4165901600300e-04; 40; 15; 68;0
4.4167836493900e-04; 40; 15; 68;0
4.4169772580300e-04; 40; 15; 68;0
4.4171707470100e-04; 40; 15; 68;0
4.4173643561100e-04; 40; 15; 68;0
4.4175578458200e-04; 40; 15; 68;0
4.4177514525300e-04; 40; 15; 67;0
4.4179449393500e-04; 40; 15; 67;0
4.4181385472900e-04; 40; 15; 68;0
4.4183320370600e-04; 40; 15; 68;0
4.4185256460500e-04; 40; 15; 68;0
4.4187191358600e-04; 40; 15; 68;0
4.4189127459700e-04; 40; 15; 68;0
4.4191062352300e-04; 40; 15; 68;0
4.4192998427100e-04; 40; 15; 68;0
4.4194610735400e-04; 40; 15; 68;0
4.4196546823200e-04; 40; 15; 68;0
4.4198481720200e-04; 40; 15; 68;0
4.4200417822600e-04; 40; 15; 68;0
4.4202352713200e-04; 40; 15; 68;0
4.4204288801000e-04; 40; 15; 68;0
4.4206223700700e-04; 40; 15; 68;0
4.4208159747300e-04; 40; 15; 67;0
4.4210094610200e-04; 40; 15; 67;0
4.4212030684100e-04; 40; 15; 67;0
4.4213965557800e-04; 40; 15; 67;0
4.4215901622800e-04; 40; 15; 67;0
4.4217836483100e-04; 40; 15; 67;0
4.4219772549700e-04; 40; 15; 67;0
4.4221707406700e-04; 40; 15; 67;0
4.4223643492700e-04; 40; 15; 67;0
4.4225578357300e-04; 40; 15; 67;0
4.4227514432600e-04; 40; 15; 67;0
4.4229449287100e-04; 40; 15; 67;0
4.4231385356200e-04; 40; 15; 67;0
4.4233320231300e-04; 40; 15; 67;0
4.4235256297300e-04; 40; 15; 67;0
4.4237191162200e-04; 40; 15; 67;0
4.4239127221900e-04; 40; 15; 67;0
4.4241062083600e-04; 40; 15; 67;0
4.4242998148900e-04; 40; 15; 67;0
4.4244610443400e-04; 40; 15; 67;0
4.4246546540900e-04; 40; 15; 68;0
4.4248481434400e-04; 40; 15; 68;0
4.4250417520800e-04; 40; 15; 68;0
4.4252352433800e-04; 40; 15; 68;0
4.4254288522600e-04; 40; 15; 68;0
4.4256223420800e-04; 40; 15; 68;0
4.4258159504000e-04; 40; 15; 68;0
4.4260094388000e-04; 40; 15; 68;0
4.4262030488300e-04; 40; 15; 68;0
4.4263965371700e-04; 40; 15; 68;0
4.4265901451700e-04; 40; 15; 68;0
4.4267836346800e-04; 40; 15; 68;0
4.4269772424400e-04; 40; 15; 68;0
4.4271707323800e-04; 40; 15; 68;0
4.4273643416700e-04; 40; 15; 68;0
4.4275578286400e-04; 40; 15; 68;0
4.4277514368500e-04; 40; 15; 68;0
4.4279449253400e-04; 40; 15; 68;0
4.4281385332000e-04; 40; 15; 68;0
4.4283320234800e-04; 40; 15; 68;0
4.4285256324600e-04; 40; 15; 68;0
4.4287191218500e-04; 40; 15; 68;0
4.4289127307300e-04; 40; 15; 68;0
4.4291062207700e-04; 40; 15; 68;0
4.4292998296500e-04; 40; 15; 68;0
4.4294610610800e-04; 40; 15; 68;0
4.4296546703300e-04; 40; 15; 68;0
4.4298481588100e-04; 40; 15; 68;0
4.4300417674000e-04; 40; 15; 68;0
4.4302352579800e-04; 40; 15; 68;0
4.4304288672000e-04; 40; 15; 68;0
4.4306223556000e-04; 40; 15; 68;0
4.4308159643300e-04; 40; 15; 68;0
4.4310094543400e-04; 40; 15; 68;0
4.4312030631900e-04; 40; 15; 68;0
4.4313965534900e-04; 40; 15; 68;0
4.4315901618700e-04; 40; 15; 68;0
4.4317836505300e-04; 40; 15; 68;0
4.4319772592200e-04; 40; 15; 68;0
4.4321707474300e-04; 40; 15; 68;0
4.4323643572000e-04; 40; 15; 68;0
4.4325578469100e-04; 40; 15; 68;0
4.4327514550500e-04; 40; 15; 68;0
4.4329449451800e-04; 40; 15; 68;0
4.4331385550800e-04; 40; 15; 68;0
4.4333320449600e-04; 40; 15; 68;0
4.4335256538800e-04; 40; 15; 68;0
4.4337191442000e-04; 40; 15; 68;0
4.4339127507400e-04; 40; 15; 68;0
4.4341062405600e-04; 40; 15; 68;0
4.4342998499500e-04; 40; 15; 68;0
4.4344610801300e-04; 40; 15; 68;0
4.4346546904800e-04; 40; 15; 68;0
4.4348481778000e-04; 40; 15; 68;0
4.4350417853500e-04; 40; 15; 68;0
4.4352352746300e-04; 40; 15; 68;0
4.4354288846200e-04; 40; 15; 68;0
4.4356223736000e-04; 40; 15; 68;0
4.4358159839300e-04; 40; 15; 68;0
4.4360094736000e-04; 40; 15; 68;0
4.4362030824700e-04; 40; 15; 68;0
4.4363965704300e-04; 40; 15; 68;0
4.4365901805900e-04; 40; 15; 68;0
4.4367836688800e-04; 40; 15; 68;0
4.4369772739400e-04; 40; 15; 67;0
4.4371707606400e-04; 40; 15; 67;0
4.4373643669400e-04; 40; 15; 67;0
4.4375578552400e-04; 40; 15; 67;0
4.4377514616700e-04; 40; 15; 67;0
4.4379449480300e-04; 40; 15; 67;0
4.4381385555300e-04; 40; 15; 67;0
4.4383320426400e-04; 40; 15; 67;0
4.4385256481300e-04; 40; 15; 67;0
4.4387191343100e-04; 40; 15; 67;0
4.4389127429800e-04; 40; 15; 67;0
4.4391062299200e-04; 40; 15; 67;0
4.4392998379300e-04; 40; 15; 67;0
4.4394610672700e-04; 40; 15; 67;0
4.4396546776600e-04; 40; 15; 68;0
4.4398481673300e-04; 40; 15; 68;0
4.4400417761000e-04; 40; 15; 68;0
4.4402352641000e-04; 40; 15; 68;0
4.4404288725800e-04; 40; 15; 68;0
4.4406223625700e-04; 40; 15; 68;0
4.4408159712800e-04; 40; 15; 68;0
4.4410094610400e-04; 40; 15; 68;0
4.4412030700000e-04; 40; 15; 68;0
4.4413965595300e-04; 40; 15; 68;0
4.4415901700800e-04; 40; 15; 68;0
4.4417836599100e-04; 40; 15; 68;0
4.4419772669200e-04; 40; 15; 68;0
4.4421707585800e-04; 40; 15; 68;0
4.4423643657900e-04; 40; 15; 67;0
4.4425578513300e-04; 40; 15; 67;0
4.4427514587300e-04; 40; 15; 67;0
4.4429449448900e-04; 40; 15; 67;0
4.4431385532300e-04; 40; 15; 67;0
4.4433320386400e-04; 40; 15; 67;0
4.4435256481100e-04; 40; 15; 68;0
4.4437191377200e-04; 40; 15; 68;0
4.4439127461100e-04; 40; 15; 68;0
4.4441062349000e-04; 40; 15; 68;0
4.4442998446700e-04; 40; 15; 68;0
4.4444610754000e-04; 40; 15; 68;0
4.4446546855900e-04; 40; 15; 68;0
4.4448481746500e-04; 40; 15; 68;0
4.4450417842600e-04; 40; 15; 68;0
4.4452352721300e-04; 40; 15; 68;0
4.4454288820800e-04; 40; 15; 68;0
4.4456223726400e-04; 40; 15; 68;0
4.4458159811100e-04; 40; 15; 68;0
4.4460094704800e-04; 40; 15; 68;0
4.4462030794800e-04; 40; 15; 68;0
4.4463965690200e-04; 40; 15; 68;0
4.4465901771600e-04; 40; 15; 68;0
4.4467836663600e-04; 40; 15; 68;0
4.4469772724100e-04; 40; 15; 67;0
4.4471707601000e-04; 40; 15; 67;0
4.4473643667400e-04; 40; 15; 67;0
4.4475578532900e-04; 40; 15; 67;0
4.4477514599400e-04; 40; 15; 67;0
4.4479449451600e-04; 40; 15; 67;0
4.4481385520700e-04; 40; 15; 67;0
4.4483320396700e-04; 40; 15; 67;0
4.4485256459600e-04; 40; 15; 67;0
4.4487191335200e-04; 40; 15; 67;0
4.4489127414700e-04; 40; 15; 68;0
4.4491062323000e-04; 40; 15; 68;0
4.4492998408700e-04; 40; 15; 68;0
4.4494610727500e-04; 40; 15; 68;0
4.4496546822700e-04; 40; 15; 68;0
4.4498481724000e-04; 40; 15; 68;0
4.4500417787900e-04; 40; 15; 68;0
4.4502352678600e-04; 40; 15; 68;0
4.4504288773800e-04; 40; 15; 68;0
4.4506223672500e-04; 40; 15; 68;0
4.4508159772000e-04; 40; 15; 68;0
4.4510094664800e-04; 40; 15; 68;0
4.4512030746100e-04; 40; 15; 68;0
4.4513965645500e-04; 40; 15; 68;0
4.4515901732900e-04; 40; 15; 68;0
4.4517836612900e-04; 40; 15; 68;0
4.4519772681900e-04; 40; 15; 67;0
4.4521707555600e-04; 40; 15; 67;0
4.4523643619700e-04; 40; 15; 67;0
4.4525578479300e-04; 40; 15; 67;0
4.4527514568100e-04; 40; 15; 67;0
4.4529449420500e-04; 40; 15; 67;0
4.4531385495700e-04; 40; 15; 67;0
4.4533320364400e-04; 40; 15; 67;0
4.4535256436800e-04; 40; 15; 67;0
4.4537191302400e-04; 40; 15; 67;0
4.4539127392700e-04; 40; 15; 68;0
4.4541062302500e-04; 40; 15; 68;0
4.4542998385000e-04; 40; 15; 68;0
4.4544610700900e-04; 40; 15; 68;0
4.4546546788900e-04; 40; 15; 68;0
4.4548481676100e-04; 40; 15; 68;0
4.4550417757200e-04; 40; 15; 68;0
4.4552352648100e-04; 40; 15; 68;0
4.4554288737800e-04; 40; 15; 68;0
4.4556223635300e-04; 40; 15; 68;0
4.4558159721800e-04; 40; 15; 68;0
4.4560094619100e-04; 40; 15; 68;0
4.4562030699000e-04; 40; 15; 68;0
4.4563965595700e-04; 40; 15; 68;0
4.4565901685000e-04; 40; 15; 68;0
4.4567836580400e-04; 40; 15; 68;0
4.4569772650400e-04; 40; 15; 67;0
4.4571707515900e-04; 40; 15; 67;0
4.4573643575000e-04; 40; 15; 67;0
4.4575578449800e-04; 40; 15; 67;0
4.4577514522300e-04; 40; 15; 67;0
4.4579449401300e-04; 40; 15; 67;0
4.4581385480100e-04; 40; 15; 67;0
4.4583320345200e-04; 40; 15; 67;0
4.4585256398600e-04; 40; 15; 67;0
4.4587191279100e-04; 40; 15; 67;0
4.4589127365200e-04; 40; 15; 68;0
4.4591062262900e-04; 40; 15; 68;0
4.4592998360800e-04; 40; 15; 68;0
4.4594610669800e-04; 40; 15; 68;0
4.4596546755000e-04; 40; 15; 68;0
4.4598481645300e-04; 40; 15; 68;0
4.4600417732400e-04; 40; 15; 68;0
4.4602352602200e-04; 40; 15; 68;0
4.4604288696300e-04; 40; 15; 68;0
4.4606223586300e-04; 40; 15; 68;0
4.4608159686000e-04; 40; 15; 68;0
4.4610094567200e-04; 40; 15; 68;0
4.4612030676200e-04; 40; 15; 68;0
4.4613965564700e-04; 40; 15; 68;0
4.4615901669800e-04; 40; 15; 68;0
4.4617836570000e-04; 40; 15; 68;0
4.4619772654000e-04; 40; 15; 67;0
4.4621707500100e-04; 40; 15; 67;0
4.4623643578000e-04; 40; 15; 67;0
4.4625578439000e-04; 40; 15; 67;0
4.4627514512500e-04; 40; 15; 67;0
4.4629449364300e-04; 40; 15; 67;0
4.4631385432000e-04; 40; 15; 67;0
4.4633320291100e-04; 40; 15; 67;0
4.4635256354400e-04; 40; 15; 67;0
4.4637191232200e-04; 40; 15; 67;0
4.4639127323400e-04; 40; 15; 68;0
4.4641062229800e-04; 40; 15; 68;0
4.4642998317400e-04; 40; 15; 68;0
4.4644610638500e-04; 40; 15; 68;0
4.4646546711000e-04; 40; 15; 68;0
4.4648481587100e-04; 40; 15; 68;0
4.4650417678900e-04; 40; 15; 68;0
4.4652352572300e-04; 40; 15; 68;0
4.4654288668900e-04; 40; 15; 68;0
4.4656223556400e-04; 40; 15; 68;0
4.4658159645000e-04; 40; 15; 68;0
4.4660094532400e-04; 40; 15; 68;0
4.4662030614300e-04; 40; 15; 68;0
4.4663965521800e-04; 40; 15; 68;0
4.4665901606200e-04; 40; 15; 68;0
4.4667836500800e-04; 40; 15; 68;0
4.4669772608300e-04; 40; 15; 68;0
4.4671707484800e-04; 40; 15; 68;0
4.4673643598700e-04; 40; 15; 68;0
4.4675578474100e-04; 40; 15; 68;0
4.4677514583900e-04; 40; 15; 68;0
4.4679449482400e-04; 40; 15; 68;0
4.4681385570900e-04; 40; 15; 68;0
4.4683320458600e-04; 40; 15; 68;0
4.4685256539200e-04; 40; 15; 68;0
4.4687191440800e-04; 40; 15; 68;0
4.4689127533900e-04; 40; 15; 68;0
4.4691062428200e-04; 40; 15; 68;0
4.4692998516800e-04; 40; 15; 68;0
4.4694610826000e-04; 40; 15; 68;0
4.4696546909800e-04; 40; 15; 68;0
4.4698481798700e-04; 40; 15; 68;0
4.4700417891700e-04; 40; 15; 68;0
4.4702352783500e-04; 40; 15; 68;0
4.4704288865600e-04; 40; 15; 68;0
4.4706223757200e-04; 40; 15; 68;0
4.4708159832000e-04; 40; 15; 68;0
4.4710094722100e-04; 40; 15; 68;0
4.4712030820700e-04; 40; 15; 68;0
4.4713965705100e-04; 40; 15; 68;0
4.4715901794600e-04; 40; 15; 68;0
4.4717836689900e-04; 40; 15; 68;0
4.4719772749800e-04; 40; 15; 67;0
4.4721707617300e-04; 40; 15; 67;0
4.4723643684900e-04; 40; 15; 67;0
4.4725578565100e-04; 40; 15; 67;0
4.4727514624400e-04; 40; 15; 67;0
4.4729449480200e-04; 40; 15; 67;0
4.4731385539200e-04; 40; 15; 67;0
4.4733320416100e-04; 40; 15; 67;0
4.4735256474600e-04; 40; 15; 67;0
4.4737191343100e-04; 40; 15; 67;0
4.4739127420800e-04; 40; 15; 67;0
4.4741062289500e-04; 40; 15; 67;0
4.4742998363200e-04; 40; 15; 67;0
4.4744610650900e-04; 40; 15; 67;0
4.4746546721400e-04; 40; 15; 67;0
4.4748481596800e-04; 40; 15; 67;0
4.4750417691800e-04; 40; 15; 68;0
4.4752352584900e-04; 40; 15; 68;0
4.4754288680500e-04; 40; 15; 68;0
4.4756223574400e-04; 40; 15; 68;0
4.4758159669900e-04; 40; 15; 68;0
4.4760094552000e-04; 40; 15; 68;0
4.4762030668900e-04; 40; 15; 68;0
4.4763965556300e-04; 40; 15; 68;0
4.4765901653000e-04; 40; 15; 68;0
4.4767836555400e-04; 40; 15; 68;0
4.4769772636900e-04; 40; 15; 68;0
4.4771707518500e-04; 40; 15; 68;0
4.4773643611200e-04; 40; 15; 68;0
4.4775578494500e-04; 40; 15; 68;0
4.4777514587100e-04; 40; 15; 68;0
4.4779449477100e-04; 40; 15; 68;0
4.4781385578400e-04; 40; 15; 68;0
4.4783320473800e-04; 40; 15; 68;0
4.4785256565500e-04; 40; 15; 68;0
4.4787191459300e-04; 40; 15; 68;0
4.4789127542700e-04; 40; 15; 68;0
4.4791062431100e-04; 40; 15; 68;0
4.4792998524900e-04; 40; 15; 68;0
4.4794610839500e-04; 40; 15; 68;0
4.4796546942400e-04; 40; 15; 68;0
4.4798481836500e-04; 40; 15; 68;0
4.4800417919600e-04; 40; 15; 68;0
4.4802352808800e-04; 40; 15; 68;0
4.4804288892500e-04; 40; 15; 68;0
4.4806223776800e-04; 40; 15; 68;0
4.4808159872700e-04; 40; 15; 68;0
4.4810094750600e-04; 40; 15; 68;0
4.4812030848100e-04; 40; 15; 68;0
4.4813965754600e-04; 40; 15; 68;0
4.4815901839500e-04; 40; 15; 68;0
4.4817836744100e-04; 40; 15; 68;0
4.4819772824200e-04; 40; 15; 67;0
4.4821707694800e-04; 40; 15; 67;0
4.4823643776300e-04; 40; 15; 67;0
4.4825578647800e-04; 40; 15; 67;0
4.4827514704800e-04; 40; 15; 67;0
4.4829449572300e-04; 40; 15; 67;0
4.4831385624600e-04; 40; 15; 67;0
4.4833320499500e-04; 40; 15; 67;0
4.4835256560200e-04; 40; 15; 67;0
4.4837191423000e-04; 40; 15; 67;0
4.4839127479800e-04; 40; 15; 67;0
4.4841062332500e-04; 40; 15; 67;0
4.4842998410000e-04; 40; 15; 67;0
4.4844610712200e-04; 40; 15; 67;0
4.4846546782800e-04; 40; 15; 67;0
4.4848481649500e-04; 40; 15; 67;0
4.4850417735500e-04; 40; 15; 67;0
4.4852352589900e-04; 40; 15; 67;0
4.4854288656800e-04; 40; 15; 67;0
4.4856223538800e-04; 40; 15; 67;0
4.4858159622200e-04; 40; 15; 68;0
4.4860094512000e-04; 40; 15; 68;0
4.4862030609300e-04; 40; 15; 68;0
4.4863965504000e-04; 40; 15; 68;0
4.4865901577000e-04; 40; 15; 67;0
4.4867836451500e-04; 40; 15; 67;0
4.4869772517400e-04; 40; 15; 67;0
4.4871707388200e-04; 40; 15; 67;0
4.4873643467200e-04; 40; 15; 67;0
4.4875578343000e-04; 40; 15; 67;0
4.4877514415700e-04; 40; 15; 67;0
4.4879449274200e-04; 40; 15; 67;0
4.4881385361600e-04; 40; 15; 67;0
4.4883320220500e-04; 40; 15; 67;0
4.4885256289000e-04; 40; 15; 67;0
4.4887191158200e-04; 40; 15; 67;0
4.4889127259700e-04; 40; 15; 68;0
4.4891062139200e-04; 40; 15; 68;0
4.4892998230300e-04; 40; 15; 68;0
4.4894610568600e-04; 40; 15; 68;0
4.4896546653100e-04; 40; 15; 68;0
4.4898481535500e-04; 40; 15; 68;0
4.4900417618700e-04; 40; 15; 68;0
4.4902352514600e-04; 40; 15; 68;0
4.4904288615000e-04; 40; 15; 68;0
4.4906223507700e-04; 40; 15; 68;0
4.4908159602100e-04; 40; 15; 68;0
4.4910094489400e-04; 40; 15; 68;0
4.4912030590300e-04; 40; 15; 68;0
4.4913965490700e-04; 40; 15; 68;0
4.4915901600900e-04; 40; 15; 68;0
4.4917836488300e-04; 40; 15; 68;0
4.4919772578000e-04; 40; 15; 68;0
4.4921707466300e-04; 40; 15; 68;0
4.4923643563300e-04; 40; 15; 68;0
4.4925578453400e-04; 40; 15; 68;0
4.4927514546300e-04; 40; 15; 68;0
4.4929449432700e-04; 40; 15; 68;0
4.4931385523000e-04; 40; 15; 68;0
4.4933320402300e-04; 40; 15; 68;0
4.4935256513600e-04; 40; 15; 68;0
4.4937191382800e-04; 40; 15; 68;0
4.4939127471800e-04; 40; 15; 68;0
4.4941062371600e-04; 40; 15; 68;0
4.4942998472900e-04; 40; 15; 68;0
4.4944610783500e-04; 40; 15; 68;0
4.4946546884800e-04; 40; 15; 68;0
4.4948481780200e-04; 40; 15; 68;0
4.4950417864400e-04; 40; 15; 68;0
4.4952352774200e-04; 40; 15; 68;0
4.4954288862100e-04; 40; 15; 68;0
4.4956223734900e-04; 40; 15; 68;0
4.4958159808500e-04; 40; 15; 68;0
4.4960094707500e-04; 40; 15; 68;0
4.4962030804000e-04; 40; 15; 68;0
4.4963965692300e-04; 40; 15; 68;0
4.4965901783900e-04; 40; 15; 68;0
4.4967836680900e-04; 40; 15; 68;0
4.4969772763400e-04; 40; 15; 67;0
4.4971707626600e-04; 40; 15; 67;0
4.4973643685200e-04; 40; 15; 67;0
4.4975578555000e-04; 40; 15; 67;0
4.4977514619700e-04; 40; 15; 67;0
4.4979449465900e-04; 40; 15; 67;0
4.4981385536300e-04; 40; 15; 67;0
4.4983320384600e-04; 40; 15; 67;0
4.4985256461400e-04; 40; 15; 67;0
4.4987191321100e-04; 40; 15; 67;0
4.4989127402100e-04; 40; 15; 67;0
4.4991062264800e-04; 40; 15; 67;0
4.4992998337500e-04; 40; 15; 67;0
4.4994610630300e-04; 40; 15; 67;0
4.4996546684100e-04; 40; 15; 67;0
4.4998481542600e-04; 40; 15; 67;0
4.5000417604500e-04; 40; 15; 67;0
4.5002352471900e-04; 40; 15; 67;0
4.5004288520700e-04; 40; 15; 67;0
4.5006223393500e-04; 40; 15; 67;0
4.5008159471600e-04; 40; 15; 68;0
4.5010094354300e-04; 40; 15; 68;0
4.5012030451400e-04; 40; 15; 68;0
4.5013965345100e-04; 40; 15; 68;0
4.5015901418200e-04; 40; 15; 68;0
4.5017836323300e-04; 40; 15; 68;0
4.5019772416600e-04; 40; 15; 68;0
4.5021707310500e-04; 40; 15; 68;0
4.5023643405800e-04; 40; 15; 68;0
4.5025578297300e-04; 40; 15; 68;0
4.5027514391500e-04; 40; 15; 68;0
4.5029449282700e-04; 40; 15; 68;0
4.5031385369300e-04; 40; 15; 68;0
4.5033320263000e-04; 40; 15; 68;0
4.5035256362000e-04; 40; 15; 68;0
4.5037191263500e-04; 40; 15; 68;0
4.5039127357000e-04; 40; 15; 68;0
4.5041062248100e-04; 40; 15; 68;0
4.5042998343900e-04; 40; 15; 68;0
4.5044610662000e-04; 40; 15; 68;0
4.5046546752600e-04; 40; 15; 68;0
4.5048481647800e-04; 40; 15; 68;0
4.5050417744000e-04; 40; 15; 68;0
4.5052352629200e-04; 40; 15; 68;0
4.5054288725700e-04; 40; 15; 68;0
4.5056223614100e-04; 40; 15; 68;0
4.5058159699700e-04; 40; 15; 68;0
4.5060094599200e-04; 40; 15; 68;0
4.5062030687900e-04; 40; 15; 68;0
4.5063965569200e-04; 40; 15; 68;0
4.5065901673500e-04; 40; 15; 68;0
4.5067836560300e-04; 40; 15; 68;0
4.5069772640900e-04; 40; 15; 68;0
4.5071707521100e-04; 40; 15; 68;0
4.5073643616200e-04; 40; 15; 68;0
4.5075578514400e-04; 40; 15; 68;0
4.5077514612800e-04; 40; 15; 68;0
4.5079449509800e-04; 40; 15; 68;0
4.5081385595500e-04; 40; 15; 68;0
4.5083320476800e-04; 40; 15; 68;0
4.5085256578300e-04; 40; 15; 68;0
4.5087191453600e-04; 40; 15; 68;0
4.5089127561300e-04; 40; 15; 68;0
4.5091062446800e-04; 40; 15; 68;0
4.5092998536200e-04; 40; 15; 68;0
4.5094610843800e-04; 40; 15; 68;0
4.5096546943300e-04; 40; 15; 68;0
4.5098481837300e-04; 40; 15; 68;0
4.5100417943300e-04; 40; 15; 68;0
4.5102352828700e-04; 40; 15; 68;0
4.5104288925700e-04; 40; 15; 68;0
4.5106223808100e-04; 40; 15; 68;0
4.5108159912300e-04; 40; 15; 68;0
4.5110094800100e-04; 40; 15; 68;0
4.5112030882500e-04; 40; 15; 68;0
4.5113965776700e-04; 40; 15; 68;0
4.5115901865500e-04; 40; 15; 68;0
4.5117836768200e-04; 40; 15; 68;0
4.5119772833300e-04; 40; 15; 67;0
4.5121707684500e-04; 40; 15; 67;0
4.5123643761600e-04; 40; 15; 67;0
4.5125578633700e-04; 40; 15; 67;0
4.5127514708100e-04; 40; 15; 67;0
4.5129449568300e-04; 40; 15; 67;0
4.5131385650300e-04; 40; 15; 67;0
4.5133320517400e-04; 40; 15; 67;0
4.5135256590400e-04; 40; 15; 67;0
4.5137191453400e-04; 40; 15; 67;0
4.5139127561700e-04; 40; 15; 68;0
4.5141062457100e-04; 40; 15; 68;0
4.5142998545700e-04; 40; 15; 68;0
4.5144610867000e-04; 40; 15; 68;0
4.5146546944500e-04; 40; 15; 68;0
4.5148481843000e-04; 40; 15; 68;0
4.5150417912100e-04; 40; 15; 67;0
4.5152352771000e-04; 40; 15; 67;0
4.5154288838100e-04; 40; 15; 67;0
4.5156223710100e-04; 40; 15; 67;0
4.5158159765500e-04; 40; 15; 67;0
4.5160094633000e-04; 40; 15; 67;0
4.5162030697200e-04; 40; 15; 67;0
4.5163965546000e-04; 40; 15; 67;0
4.5165901615700e-04; 40; 15; 67;0
4.5167836487300e-04; 40; 15; 67;0
4.5169772561800e-04; 40; 15; 67;0
4.5171707435600e-04; 40; 15; 67;0
4.5173643494900e-04; 40; 15; 67;0
4.5175578376800e-04; 40; 15; 67;0
4.5177514450200e-04; 40; 15; 67;0
4.5179449295600e-04; 40; 15; 67;0
4.5181385386000e-04; 40; 15; 67;0
4.5183320245500e-04; 40; 15; 67;0
4.5185256316000e-04; 40; 15; 67;0
4.5187191180400e-04; 40; 15; 67;0
4.5189127269300e-04; 40; 15; 68;0
4.5191062169800e-04; 40; 15; 68;0
4.5192998252000e-04; 40; 15; 68;0
4.5194610559000e-04; 40; 15; 68;0
4.5196546668800e-04; 40; 15; 68;0
4.5198481546600e-04; 40; 15; 68;0
4.5200417632600e-04; 40; 15; 68;0
4.5202352523400e-04; 40; 15; 68;0
4.5204288607300e-04; 40; 15; 68;0
4.5206223507500e-04; 40; 15; 68;0
4.5208159588200e-04; 40; 15; 68;0
4.5210094471700e-04; 40; 15; 68;0
4.5212030572900e-04; 40; 15; 68;0
4.5213965450200e-04; 40; 15; 68;0
4.5215901549600e-04; 40; 15; 68;0
4.5217836446700e-04; 40; 15; 68;0
4.5219772536200e-04; 40; 15; 68;0
4.5221707419100e-04; 40; 15; 68;0
4.5223643517800e-04; 40; 15; 68;0
4.5225578413300e-04; 40; 15; 68;0
4.5227514493500e-04; 40; 15; 68;0
4.5229449390300e-04; 40; 15; 68;0
4.5231385489700e-04; 40; 15; 68;0
4.5233320396700e-04; 40; 15; 68;0
4.5235256461400e-04; 40; 15; 68;0
4.5237191363500e-04; 40; 15; 68;0
4.5239127455700e-04; 40; 15; 68;0
4.5241062353400e-04; 40; 15; 68;0
4.5242998441100e-04; 40; 15; 68;0
4.5244610759700e-04; 40; 15; 68;0
4.5246546842600e-04; 40; 15; 68;0
4.5248481743400e-04; 40; 15; 68;0
4.5250417825100e-04; 40; 15; 68;0
4.5252352726000e-04; 40; 15; 68;0
4.5254288808500e-04; 40; 15; 68;0
4.5256223699000e-04; 40; 15; 68;0
4.5258159801300e-04; 40; 15; 68;0
4.5260094694300e-04; 40; 15; 68;0
4.5262030794200e-04; 40; 15; 68;0
4.5263965672700e-04; 40; 15; 68;0
4.5265901763400e-04; 40; 15; 68;0
4.5267836654300e-04; 40; 15; 68;0
4.5269772716200e-04; 40; 15; 67;0
4.5271707590600e-04; 40; 15; 67;0
4.5273643643800e-04; 40; 15; 67;0
4.5275578507500e-04; 40; 15; 67;0
4.5277514578800e-04; 40; 15; 67;0
4.5279449428400e-04; 40; 15; 67;0
4.5281385495400e-04; 40; 15; 67;0
4.5283320363000e-04; 40; 15; 67;0
4.5285256442200e-04; 40; 15; 67;0
4.5287191311400e-04; 40; 15; 67;0
4.5289127374500e-04; 40; 15; 68;0
4.5291062273800e-04; 40; 15; 68;0
4.5292998363400e-04; 40; 15; 68;0
4.5294610667500e-04; 40; 15; 68;0
4.5296546763200e-04; 40; 15; 68;0
4.5298481656000e-04; 40; 15; 68;0
4.5300417748300e-04; 40; 15; 68;0
4.5302352636200e-04; 40; 15; 68;0
4.5304288732700e-04; 40; 15; 68;0
4.5306223627300e-04; 40; 15; 68;0
4.5308159704200e-04; 40; 15; 68;0
4.5310094595900e-04; 40; 15; 68;0
4.5312030693800e-04; 40; 15; 68;0
4.5313965591200e-04; 40; 15; 68;0
4.5315901682900e-04; 40; 15; 68;0
4.5317836542400e-04; 40; 15; 68;0
4.5319772611600e-04; 40; 15; 67;0
4.5321707474000e-04; 40; 15; 67;0
4.5323643542000e-04; 40; 15; 67;0
4.5325578407700e-04; 40; 15; 67;0
4.5327514471800e-04; 40; 15; 67;0
4.5329449331500e-04; 40; 15; 67;0
4.5331385396300e-04; 40; 15; 67;0
4.5333320249500e-04; 40; 15; 67;0
4.5335256336600e-04; 40; 15; 67;0
4.5337191207400e-04; 40; 15; 67;0
4.5339127305100e-04; 40; 15; 68;0
4.5341062203300e-04; 40; 15; 68;0
4.5342998290800e-04; 40; 15; 68;0
4.5344610587800e-04; 40; 15; 68;0
4.5346546674800e-04; 40; 15; 68;0
4.5348481553800e-04; 40; 15; 68;0
4.5350417658600e-04; 40; 15; 68;0
4.5352352536900e-04; 40; 15; 68;0
4.5354288623900e-04; 40; 15; 68;0
4.5356223521800e-04; 40; 15; 68;0
4.5358159621300e-04; 40; 15; 68;0
4.5360094509200e-04; 40; 15; 68;0
4.5362030602000e-04; 40; 15; 68;0
4.5363965499200e-04; 40; 15; 68;0
4.5365901580600e-04; 40; 15; 68;0
4.5367836473700e-04; 40; 15; 68;0
4.5369772565800e-04; 40; 15; 68;0
4.5371707436500e-04; 40; 15; 68;0
4.5373643535500e-04; 40; 15; 68;0
4.5375578421500e-04; 40; 15; 68;0
4.5377514508100e-04; 40; 15; 68;0
4.5379449397400e-04; 40; 15; 68;0
4.5381385504500e-04; 40; 15; 68;0
4.5383320387100e-04; 40; 15; 68;0
4.5385256483000e-04; 40; 15; 68;0
4.5387191357500e-04; 40; 15; 68;0
4.5389127462700e-04; 40; 15; 68;0
4.5391062358400e-04; 40; 15; 68;0
4.5392998452100e-04; 40; 15; 68;0
4.5394610757300e-04; 40; 15; 68;0
4.5396546839000e-04; 40; 15; 68;0
4.5398481742900e-04; 40; 15; 68;0
4.5400417827000e-04; 40; 15; 68;0
4.5402352726900e-04; 40; 15; 68;0
4.5404288819400e-04; 40; 15; 68;0
4.5406223711200e-04; 40; 15; 68;0
4.5408159803900e-04; 40; 15; 68;0
4.5410094696600e-04; 40; 15; 68;0
4.5412030780800e-04; 40; 15; 68;0
4.5413965679400e-04; 40; 15; 68;0
4.5415901754400e-04; 40; 15; 68;0
4.5417836650300e-04; 40; 15; 68;0
4.5419772713600e-04; 40; 15; 67;0
4.5421707573700e-04; 40; 15; 67;0
4.5423643638500e-04; 40; 15; 67;0
4.5425578516400e-04; 40; 15; 67;0
4.5427514563500e-04; 40; 15; 67;0
4.5429449439100e-04; 40; 15; 67;0
4.5431385511300e-04; 40; 15; 67;0
4.5433320374400e-04; 40; 15; 67;0
4.5435256449400e-04; 40; 15; 67;0
4.5437191313200e-04; 40; 15; 67;0
4.5439127375700e-04; 40; 15; 67;0
4.5441062250900e-04; 40; 15; 67;0
4.5442998320100e-04; 40; 15; 67;0
4.5444610610700e-04; 40; 15; 67;0
4.5446546699000e-04; 40; 15; 68;0
4.5448481579300e-04; 40; 15; 68;0
4.5450417675600e-04; 40; 15; 68;0
4.5452352538900e-04; 40; 15; 68;0
4.5454288623500e-04; 40; 15; 68;0
4.5456223521200e-04; 40; 15; 68;0
4.5458159615800e-04; 40; 15; 68;0
4.5460094502200e-04; 40; 15; 68;0
4.5462030596200e-04; 40; 15; 68;0
4.5463965481300e-04; 40; 15; 68;0
4.5465901573400e-04; 40; 15; 68;0
4.5467836473400e-04; 40; 15; 68;0
4.5469772561500e-04; 40; 15; 68;0
4.5471707462200e-04; 40; 15; 68;0
4.5473643551100e-04; 40; 15; 68;0
4.5475578446300e-04; 40; 15; 68;0
4.5477514541300e-04; 40; 15; 68;0
4.5479449430900e-04; 40; 15; 68;0
4.5481385528700e-04; 40; 15; 68;0
4.5483320415300e-04; 40; 15; 68;0
4.5485256500600e-04; 40; 15; 68;0
4.5487191390700e-04; 40; 15; 68;0
4.5489127478600e-04; 40; 15; 68;0
4.5491062370500e-04; 40; 15; 68;0
4.5492998448900e-04; 40; 15; 68;0
4.5494610770500e-04; 40; 15; 68;0
4.5496546857000e-04; 40; 15; 68;0
4.5498481746800e-04; 40; 15; 68;0
4.5500417840800e-04; 40; 15; 68;0
4.5502352721800e-04; 40; 15; 68;0
4.5504288817100e-04; 40; 15; 68;0
4.5506223704300e-04; 40; 15; 68;0
4.5508159797400e-04; 40; 15; 68;0
4.5510094699000e-04; 40; 15; 68;0
4.5512030784700e-04; 40; 15; 68;0
4.5513965666200e-04; 40; 15; 68;0
4.5515901769600e-04; 40; 15; 68;0
4.5517836659300e-04; 40; 15; 68;0
4.5519772768300e-04; 40; 15; 68;0
4.5521707641700e-04; 40; 15; 68;0
4.5523643757800e-04; 40; 15; 68;0
4.5525578647700e-04; 40; 15; 68;0
4.5527514735300e-04; 40; 15; 68;0
4.5529449626900e-04; 40; 15; 68;0
4.5531385712300e-04; 40; 15; 68;0
4.5533320597400e-04; 40; 15; 68;0
4.5535256677300e-04; 40; 15; 68;0
4.5537191584200e-04; 40; 15; 68;0
4.5539127665000e-04; 40; 15; 68;0
4.5541062568700e-04; 40; 15; 68;0
4.5542998662800e-04; 40; 15; 68;0
4.5544610964800e-04; 40; 15; 68;0
4.5546547046800e-04; 40; 15; 68;0
4.5548481943900e-04; 40; 15; 68;0
4.5550418017800e-04; 40; 15; 68;0
4.5552352904300e-04; 40; 15; 68;0
4.5554288986500e-04; 40; 15; 68;0
4.5556223894000e-04; 40; 15; 68;0
4.5558159986800e-04; 40; 15; 68;0
4.5560094889300e-04; 40; 15; 68;0
4.5562030966900e-04; 40; 15; 68;0
4.5563965863700e-04; 40; 15; 68;0
4.5565901956500e-04; 40; 15; 68;0
4.5567836845300e-04; 40; 15; 68;0
4.5569772910200e-04; 40; 15; 67;0
4.5571707790000e-04; 40; 15; 67;0
4.5573643859000e-04; 40; 15; 67;0
4.5575578732800e-04; 40; 15; 67;0
4.5577514794000e-04; 40; 15; 67;0
4.5579449653100e-04; 40; 15; 67;0
4.5581385716600e-04; 40; 15; 67;0
4.5583320588400e-04; 40; 15; 67;0
4.5585256648200e-04; 40; 15; 67;0
4.5587191515800e-04; 40; 15; 67;0
4.5589127602400e-04; 40; 15; 68;0
4.5591062489200e-04; 40; 15; 68;0
4.5592998578700e-04; 40; 15; 68;0
4.5594610881700e-04; 40; 15; 68;0
4.5596546972500e-04; 40; 15; 68;0
4.5598481864600e-04; 40; 15; 68;0
4.5600417932000e-04; 40; 15; 67;0
4.5602352795600e-04; 40; 15; 67;0
4.5604288865800e-04; 40; 15; 67;0
4.5606223738300e-04; 40; 15; 67;0
4.5608159812900e-04; 40; 15; 67;0
4.5610094673300e-04; 40; 15; 67;0
4.5612030743000e-04; 40; 15; 67;0
4.5613965607300e-04; 40; 15; 67;0
4.5615901687100e-04; 40; 15; 67;0
4.5617836561300e-04; 40; 15; 67;0
4.5619772638700e-04; 40; 15; 67;0
4.5621707500000e-04; 40; 15; 67;0
4.5623643575900e-04; 40; 15; 67;0
4.5625578445700e-04; 40; 15; 67;0
4.5627514509100e-04; 40; 15; 67;0
4.5629449367700e-04; 40; 15; 67;0
4.5631385426300e-04; 40; 15; 67;0
4.5633320298500e-04; 40; 15; 67;0
4.5635256366600e-04; 40; 15; 67;0
4.5637191223400e-04; 40; 15; 67;0
4.5639127320700e-04; 40; 15; 68;0
4.5641062214800e-04; 40; 15; 68;0
4.5642998294800e-04; 40; 15; 68;0
4.5644610605200e-04; 40; 15; 68;0
4.5646546684900e-04; 40; 15; 68;0
4.5648481584800e-04; 40; 15; 68;0
4.5650417672000e-04; 40; 15; 68;0
4.5652352563000e-04; 40; 15; 68;0
4.5654288678400e-04; 40; 15; 68;0
4.5656223572100e-04; 40; 15; 68;0
4.5658159677800e-04; 40; 15; 68;0
4.5660094576100e-04; 40; 15; 68;0
4.5662030659700e-04; 40; 15; 68;0
4.5663965553900e-04; 40; 15; 68;0
4.5665901657700e-04; 40; 15; 68;0
4.5667836542900e-04; 40; 15; 68;0
4.5669772628000e-04; 40; 15; 68;0
4.5671707520100e-04; 40; 15; 68;0
4.5673643610900e-04; 40; 15; 68;0
4.5675578496800e-04; 40; 15; 68;0
4.5677514586400e-04; 40; 15; 68;0
4.5679449489400e-04; 40; 15; 68;0
4.5681385561100e-04; 40; 15; 68;0
4.5683320454000e-04; 40; 15; 68;0
4.5685256532100e-04; 40; 15; 68;0
4.5687191421700e-04; 40; 15; 68;0
4.5689127523600e-04; 40; 15; 68;0
4.5691062411100e-04; 40; 15; 68;0
4.5692998515500e-04; 40; 15; 68;0
4.5694610820900e-04; 40; 15; 68;0
4.5696546923400e-04; 40; 15; 68;0
4.5698481816100e-04; 40; 15; 68;0
4.5700417900700e-04; 40; 15; 68;0
4.5702352799000e-04; 40; 15; 68;0
4.5704288904500e-04; 40; 15; 68;0
4.5706223785100e-04; 40; 15; 68;0
4.5708159880400e-04; 40; 15; 68;0
4.5710094766300e-04; 40; 15; 68;0
4.5712030865000e-04; 40; 15; 68;0
4.5713965750700e-04; 40; 15; 68;0
4.5715901836800e-04; 40; 15; 68;0
4.5717836721200e-04; 40; 15; 68;0
4.5719772790200e-04; 40; 15; 67;0
4.5721707663800e-04; 40; 15; 67;0
4.5723643721100e-04; 40; 15; 67;0
4.5725578588800e-04; 40; 15; 67;0
4.5727514648500e-04; 40; 15; 67;0
4.5729449512300e-04; 40; 15; 67;0
4.5731385586900e-04; 40; 15; 67;0
4.5733320449000e-04; 40; 15; 67;0
4.5735256523000e-04; 40; 15; 67;0
4.5737191387300e-04; 40; 15; 67;0
4.5739127449600e-04; 40; 15; 67;0
4.5741062311500e-04; 40; 15; 67;0
4.5742998360700e-04; 40; 15; 67;0
4.5744610652900e-04; 40; 15; 67;0
4.5746546714600e-04; 40; 15; 67;0
4.5748481583100e-04; 40; 15; 67;0
4.5750417649900e-04; 40; 15; 67;0
4.5752352537900e-04; 40; 15; 67;0
4.5754288623200e-04; 40; 15; 68;0
4.5756223507200e-04; 40; 15; 68;0
4.5758159614500e-04; 40; 15; 68;0
4.5760094507500e-04; 40; 15; 68;0
4.5762030586600e-04; 40; 15; 68;0
4.5763965489100e-04; 40; 15; 68;0
4.5765901551000e-04; 40; 15; 67;0
4.5767836411100e-04; 40; 15; 67;0
4.5769772483200e-04; 40; 15; 67;0
4.5771707335100e-04; 40; 15; 67;0
4.5773643405200e-04; 40; 15; 67;0
4.5775578281200e-04; 40; 15; 67;0
4.5777514352400e-04; 40; 15; 67;0
4.5779449204800e-04; 40; 15; 67;0
4.5781385282900e-04; 40; 15; 67;0
4.5783320142900e-04; 40; 15; 67;0
4.5785256208900e-04; 40; 15; 67;0
4.5787191076400e-04; 40; 15; 67;0
4.5789127165000e-04; 40; 15; 68;0
4.5791062052900e-04; 40; 15; 68;0
4.5792998148600e-04; 40; 15; 68;0
4.5794610454900e-04; 40; 15; 68;0
4.5796546539400e-04; 40; 15; 68;0
4.5798481426900e-04; 40; 15; 68;0
4.5800417530200e-04; 40; 15; 68;0
4.5802352403400e-04; 40; 15; 68;0
4.5804288482900e-04; 40; 15; 68;0
4.5806223385700e-04; 40; 15; 68;0
4.5808159473700e-04; 40; 15; 68;0
4.5810094366800e-04; 40; 15; 68;0
4.5812030455900e-04; 40; 15; 68;0
4.5813965332000e-04; 40; 15; 68;0
4.5815901421500e-04; 40; 15; 68;0
4.5817836310500e-04; 40; 15; 68;0
4.5819772392000e-04; 40; 15; 68;0
4.5821707290200e-04; 40; 15; 68;0
4.5823643378400e-04; 40; 15; 68;0
4.5825578272300e-04; 40; 15; 68;0
4.5827514349200e-04; 40; 15; 68;0
4.5829449248400e-04; 40; 15; 68;0
4.5831385317000e-04; 40; 15; 68;0
4.5833320220900e-04; 40; 15; 68;0
4.5835256306500e-04; 40; 15; 68;0
4.5837191186300e-04; 40; 15; 68;0
4.5839127283900e-04; 40; 15; 68;0
4.5841062179800e-04; 40; 15; 68;0
4.5842998257800e-04; 40; 15; 68;0
4.5844610565900e-04; 40; 15; 68;0
4.5846546662600e-04; 40; 15; 68;0
4.5848481562500e-04; 40; 15; 68;0
4.5850417649300e-04; 40; 15; 68;0
4.5852352542800e-04; 40; 15; 68;0
4.5854288637100e-04; 40; 15; 68;0
4.5856223521400e-04; 40; 15; 68;0
4.5858159597600e-04; 40; 15; 68;0
4.5860094496200e-04; 40; 15; 68;0
4.5862030595900e-04; 40; 15; 68;0
4.5863965498500e-04; 40; 15; 68;0
4.5865901590100e-04; 40; 15; 68;0
4.5867836485200e-04; 40; 15; 68;0
4.5869772579300e-04; 40; 15; 68;0
4.5871707465200e-04; 40; 15; 68;0
4.5873643562100e-04; 40; 15; 68;0
4.5875578446900e-04; 40; 15; 68;0
4.5877514537600e-04; 40; 15; 68;0
4.5879449432100e-04; 40; 15; 68;0
4.5881385518800e-04; 40; 15; 68;0
4.5883320424200e-04; 40; 15; 68;0
4.5885256530300e-04; 40; 15; 68;0
4.5887191406600e-04; 40; 15; 68;0
4.5889127498100e-04; 40; 15; 68;0
4.5891062370200e-04; 40; 15; 68;0
4.5892998472800e-04; 40; 15; 68;0
4.5894610783900e-04; 40; 15; 68;0
4.5896546872200e-04; 40; 15; 68;0
4.5898481767000e-04; 40; 15; 68;0
4.5900417859600e-04; 40; 15; 68;0
4.5902352751700e-04; 40; 15; 68;0
4.5904288849200e-04; 40; 15; 68;0
4.5906223748700e-04; 40; 15; 68;0
4.5908159821100e-04; 40; 15; 68;0
4.5910094729300e-04; 40; 15; 68;0
4.5912030830200e-04; 40; 15; 68;0
4.5913965718500e-04; 40; 15; 68;0
4.5915901820600e-04; 40; 15; 68;0
4.5917836700600e-04; 40; 15; 68;0
4.5919772771300e-04; 40; 15; 67;0
4.5921707632000e-04; 40; 15; 67;0
4.5923643696100e-04; 40; 15; 67;0
4.5925578564300e-04; 40; 15; 67;0
4.5927514626700e-04; 40; 15; 67;0
4.5929449496900e-04; 40; 15; 67;0
4.5931385560100e-04; 40; 15; 67;0
4.5933320421900e-04; 40; 15; 67;0
4.5935256520200e-04; 40; 15; 68;0
4.5937191402300e-04; 40; 15; 68;0
4.5939127481600e-04; 40; 15; 68;0
4.5941062365200e-04; 40; 15; 68;0
4.5942998442700e-04; 40; 15; 68;0
4.5944610752200e-04; 40; 15; 68;0
4.5946546843200e-04; 40; 15; 68;0
4.5948481716700e-04; 40; 15; 68;0
4.5950417815600e-04; 40; 15; 68;0
4.5952352699800e-04; 40; 15; 68;0
4.5954288787500e-04; 40; 15; 68;0
4.5956223680500e-04; 40; 15; 68;0
4.5958159761900e-04; 40; 15; 68;0
4.5960094678600e-04; 40; 15; 68;0
4.5962030765100e-04; 40; 15; 68;0
4.5963965648700e-04; 40; 15; 68;0
4.5965901733100e-04; 40; 15; 68;0
4.5967836614200e-04; 40; 15; 68;0
4.5969772668200e-04; 40; 15; 67;0
4.5971707539500e-04; 40; 15; 67;0
4.5973643596300e-04; 40; 15; 67;0
4.5975578461300e-04; 40; 15; 67;0
4.5977514536200e-04; 40; 15; 67;0
4.5979449400400e-04; 40; 15; 67;0
4.5981385467500e-04; 40; 15; 67;0
4.5983320333300e-04; 40; 15; 67;0
4.5985256420100e-04; 40; 15; 68;0
4.5987191307800e-04; 40; 15; 68;0
4.5989127400000e-04; 40; 15; 68;0
4.5991062295200e-04; 40; 15; 68;0
4.5992998390100e-04; 40; 15; 68;0
4.5994610694100e-04; 40; 15; 68;0
4.5996546804200e-04; 40; 15; 68;0
4.5998481706600e-04; 40; 15; 68;0
4.6000417803000e-04; 40; 15; 68;0
4.6002352668400e-04; 40; 15; 68;0
4.6004288755200e-04; 40; 15; 68;0
4.6006223646400e-04; 40; 15; 68;0
4.6008159747200e-04; 40; 15; 68;0
4.6010094624900e-04; 40; 15; 68;0
4.6012030698800e-04; 40; 15; 68;0
4.6013965604000e-04; 40; 15; 68;0
4.6015901709500e-04; 40; 15; 68;0
4.6017836591400e-04; 40; 15; 68;0
4.6019772683100e-04; 40; 15; 68;0
4.6021707589700e-04; 40; 15; 68;0
4.6023643672800e-04; 40; 15; 68;0
4.6025578571200e-04; 40; 15; 68;0
4.6027514658900e-04; 40; 15; 68;0
4.6029449565500e-04; 40; 15; 68;0
4.6031385673900e-04; 40; 15; 68;0
4.6033320544500e-04; 40; 15; 68;0
4.6035256640500e-04; 40; 15; 68;0
4.6037191525900e-04; 40; 15; 68;0
4.6039127613900e-04; 40; 15; 68;0
4.6041062500900e-04; 40; 15; 68;0
4.6042998586800e-04; 40; 15; 68;0
4.6044610888000e-04; 40; 15; 68;0
4.6046546974900e-04; 40; 15; 68;0
4.6048481864200e-04; 40; 15; 68;0
4.6050417945600e-04; 40; 15; 68;0
4.6052352821000e-04; 40; 15; 68;0
4.6054288920000e-04; 40; 15; 68;0
4.6056223819600e-04; 40; 15; 68;0
4.6058159913900e-04; 40; 15; 68;0
4.6060094791500e-04; 40; 15; 68;0
4.6062030876500e-04; 40; 15; 68;0
4.6063965766900e-04; 40; 15; 68;0
4.6065901871700e-04; 40; 15; 68;0
4.6067836760800e-04; 40; 15; 68;0
4.6069772825900e-04; 40; 15; 67;0
4.6071707696200e-04; 40; 15; 67;0
4.6073643753600e-04; 40; 15; 67;0
4.6075578635900e-04; 40; 15; 67;0
4.6077514697600e-04; 40; 15; 67;0
4.6079449556400e-04; 40; 15; 67;0
4.6081385635600e-04; 40; 15; 67;0
4.6083320514100e-04; 40; 15; 67;0
4.6085256574300e-04; 40; 15; 67;0
4.6087191454000e-04; 40; 15; 67;0
4.6089127512500e-04; 40; 15; 67;0
4.6091062388200e-04; 40; 15; 67;0
4.6092998467600e-04; 40; 15; 67;0
4.6094610751400e-04; 40; 15; 67;0
4.6096546817700e-04; 40; 15; 67;0
4.6098481692400e-04; 40; 15; 67;0
4.6100417765100e-04; 40; 15; 67;0
4.6102352625100e-04; 40; 15; 67;0
4.6104288690500e-04; 40; 15; 67;0
4.6106223558400e-04; 40; 15; 67;0
4.6108159626400e-04; 40; 15; 67;0
4.6110094508100e-04; 40; 15; 67;0
4.6112030565700e-04; 40; 15; 67;0
4.6113965417100e-04; 40; 15; 67;0
4.6115901488100e-04; 40; 15; 67;0
4.6117836366600e-04; 40; 15; 67;0
4.6119772436700e-04; 40; 15; 68;0
4.6121707331500e-04; 40; 15; 68;0
4.6123643429400e-04; 40; 15; 68;0
4.6125578306800e-04; 40; 15; 68;0
4.6127514390400e-04; 40; 15; 68;0
4.6129449310500e-04; 40; 15; 68;0
4.6131385390200e-04; 40; 15; 68;0
4.6133320275300e-04; 40; 15; 68;0
4.6135256356500e-04; 40; 15; 68;0
4.6137191253600e-04; 40; 15; 68;0
4.6139127355100e-04; 40; 15; 68;0
4.6141062225900e-04; 40; 15; 68;0
4.6142998321700e-04; 40; 15; 68;0
4.6144610620200e-04; 40; 15; 68;0
4.6146546720800e-04; 40; 15; 68;0
4.6148481618400e-04; 40; 15; 68;0
4.6150417707000e-04; 40; 15; 68;0
4.6152352593300e-04; 40; 15; 68;0
4.6154288684700e-04; 40; 15; 68;0
4.6156223575300e-04; 40; 15; 68;0
4.6158159674600e-04; 40; 15; 68;0
4.6160094574700e-04; 40; 15; 68;0
4.6162030643500e-04; 40; 15; 68;0
4.6163965548000e-04; 40; 15; 68;0
4.6165901634000e-04; 40; 15; 68;0
4.6167836524700e-04; 40; 15; 68;0
4.6169772617000e-04; 40; 15; 68;0
4.6171707514700e-04; 40; 15; 68;0
4.6173643607900e-04; 40; 15; 68;0
4.6175578504600e-04; 40; 15; 68;0
4.6177514570200e-04; 40; 15; 67;0
4.6179449458900e-04; 40; 15; 67;0
4.6181385554800e-04; 40; 15; 68;0
4.6183320442600e-04; 40; 15; 68;0
4.6185256538000e-04; 40; 15; 68;0
4.6187191419200e-04; 40; 15; 68;0
4.6189127523100e-04; 40; 15; 68;0
4.6191062417200e-04; 40; 15; 68;0
4.6192998494800e-04; 40; 15; 68;0
4.6194610824800e-04; 40; 15; 68;0
4.6196546924300e-04; 40; 15; 68;0
4.6198481819000e-04; 40; 15; 68;0
4.6200417910700e-04; 40; 15; 68;0
4.6202352805700e-04; 40; 15; 68;0
4.6204288884800e-04; 40; 15; 68;0
4.6206223786800e-04; 40; 15; 68;0
4.6208159883800e-04; 40; 15; 68;0
4.6210094751800e-04; 40; 15; 68;0
4.6212030846900e-04; 40; 15; 68;0
4.6213965724300e-04; 40; 15; 68;0
4.6215901821000e-04; 40; 15; 68;0
4.6217836708300e-04; 40; 15; 68;0
4.6219772774100e-04; 40; 15; 67;0
4.6221707642800e-04; 40; 15; 67;0
4.6223643710700e-04; 40; 15; 67;0
4.6225578578500e-04; 40; 15; 67;0
4.6227514654100e-04; 40; 15; 67;0
4.6229449521800e-04; 40; 15; 67;0
4.6231385587900e-04; 40; 15; 67;0
4.6233320453100e-04; 40; 15; 67;0
4.6235256554500e-04; 40; 15; 68;0
4.6237191448900e-04; 40; 15; 68;0
4.6239127529500e-04; 40; 15; 68;0
4.6241062424800e-04; 40; 15; 68;0
4.6242998523400e-04; 40; 15; 68;0
4.6244610834800e-04; 40; 15; 68;0
4.6246546928700e-04; 40; 15; 68;0
4.6248481822800e-04; 40; 15; 68;0
4.6250417899600e-04; 40; 15; 68;0
4.6252352787600e-04; 40; 15; 68;0
4.6254288875700e-04; 40; 15; 68;0
4.6256223757500e-04; 40; 15; 68;0
4.6258159860100e-04; 40; 15; 68;0
4.6260094743200e-04; 40; 15; 68;0
4.6262030820100e-04; 40; 15; 68;0
4.6263965708700e-04; 40; 15; 68;0
4.6265901804400e-04; 40; 15; 68;0
4.6267836719800e-04; 40; 15; 68;0
4.6269772794100e-04; 40; 15; 67;0
4.6271707655600e-04; 40; 15; 67;0
4.6273643745000e-04; 40; 15; 67;0
4.6275578612700e-04; 40; 15; 67;0
4.6277514675900e-04; 40; 15; 67;0
4.6279449544800e-04; 40; 15; 67;0
4.6281385622700e-04; 40; 15; 67;0
4.6283320488400e-04; 40; 15; 67;0
4.6285256582000e-04; 40; 15; 68;0
4.6287191453200e-04; 40; 15; 68;0
4.6289127560300e-04; 40; 15; 68;0
4.6291062467500e-04; 40; 15; 68;0
4.6292998547600e-04; 40; 15; 68;0
4.6294610850100e-04; 40; 15; 68;0
4.6296546955300e-04; 40; 15; 68;0
4.6298481856400e-04; 40; 15; 68;0
4.6300417960300e-04; 40; 15; 68;0
4.6302352837600e-04; 40; 15; 68;0
4.6304288933900e-04; 40; 15; 68;0
4.6306223821000e-04; 40; 15; 68;0
4.6308159911000e-04; 40; 15; 68;0
4.6310094821300e-04; 40; 15; 68;0
4.6312030916900e-04; 40; 15; 68;0
4.6313965792600e-04; 40; 15; 68;0
4.6315901898200e-04; 40; 15; 68;0
4.6317836789500e-04; 40; 15; 68;0
4.6319772854500e-04; 40; 15; 67;0
4.6321707723400e-04; 40; 15; 67;0
4.6323643783200e-04; 40; 15; 67;0
4.6325578658300e-04; 40; 15; 67;0
4.6327514710100e-04; 40; 15; 67;0
4.6329449592400e-04; 40; 15; 67;0
4.6331385665200e-04; 40; 15; 67;0
4.6333320527000e-04; 40; 15; 67;0
4.6335256591500e-04; 40; 15; 67;0
4.6337191460500e-04; 40; 15; 67;0
4.6339127525600e-04; 40; 15; 67;0
4.6341062382600e-04; 40; 15; 67;0
4.6342998444600e-04; 40; 15; 67;0
4.6344610731300e-04; 40; 15; 67;0
4.6346546802400e-04; 40; 15; 67;0
4.6348481663500e-04; 40; 15; 67;0
4.6350417727800e-04; 40; 15; 67;0
4.6352352604700e-04; 40; 15; 67;0
4.6354288674400e-04; 40; 15; 67;0
4.6356223531600e-04; 40; 15; 67;0
4.6358159607300e-04; 40; 15; 67;0
4.6360094468100e-04; 40; 15; 67;0
4.6362030525200e-04; 40; 15; 67;0
4.6363965396900e-04; 40; 15; 67;0
4.6365901463400e-04; 40; 15; 67;0
4.6367836330400e-04; 40; 15; 67;0
4.6369772400800e-04; 40; 15; 67;0
4.6371707271700e-04; 40; 15; 67;0
4.6373643345200e-04; 40; 15; 67;0
4.6375578202000e-04; 40; 15; 67;0
4.6377514276600e-04; 40; 15; 67;0
4.6379449132700e-04; 40; 15; 67;0
4.6381385215400e-04; 40; 15; 67;0
4.6383320094400e-04; 40; 15; 67;0
4.6385256149600e-04; 40; 15; 67;0
4.6387191011900e-04; 40; 15; 67;0
4.6389127088700e-04; 40; 15; 68;0
4.6391061975700e-04; 40; 15; 68;0
4.6392998071100e-04; 40; 15; 68;0
4.6394610388900e-04; 40; 15; 68;0
4.6396546477700e-04; 40; 15; 68;0
4.6398481365500e-04; 40; 15; 68;0
4.6400417465500e-04; 40; 15; 68;0
4.6402352351100e-04; 40; 15; 68;0
4.6404288443700e-04; 40; 15; 68;0
4.6406223344600e-04; 40; 15; 68;0
4.6408159440000e-04; 40; 15; 68;0
4.6410094335100e-04; 40; 15; 68;0
4.6412030426300e-04; 40; 15; 68;0
4.6413965313200e-04; 40; 15; 68;0
4.6415901407100e-04; 40; 15; 68;0
4.6417836295700e-04; 40; 15; 68;0
4.6419772402000e-04; 40; 15; 68;0
4.6421707294000e-04; 40; 15; 68;0
4.6423643391100e-04; 40; 15; 68;0
4.6425578284100e-04; 40; 15; 68;0
4.6427514381800e-04; 40; 15; 68;0
4.6429449265000e-04; 40; 15; 68;0
4.6431385348300e-04; 40; 15; 68;0
4.6433320248000e-04; 40; 15; 68;0
4.6435256357300e-04; 40; 15; 68;0
4.6437191258100e-04; 40; 15; 68;0
4.6439127355200e-04; 40; 15; 68;0
4.6441062246700e-04; 40; 15; 68;0
4.6442998345400e-04; 40; 15; 68;0
4.6444610653200e-04; 40; 15; 68;0
4.6446546738400e-04; 40; 15; 68;0
4.6448481619100e-04; 40; 15; 68;0
4.6450417716800e-04; 40; 15; 68;0
4.6452352592700e-04; 40; 15; 68;0
4.6454288697000e-04; 40; 15; 68;0
4.6456223584000e-04; 40; 15; 68;0
4.6458159692100e-04; 40; 15; 68;0
4.6460094584800e-04; 40; 15; 68;0
4.6462030679800e-04; 40; 15; 68;0
4.6463965578900e-04; 40; 15; 68;0
4.6465901664200e-04; 40; 15; 68;0
4.6467836554900e-04; 40; 15; 68;0
4.6469772640400e-04; 40; 15; 68;0
4.6471707539800e-04; 40; 15; 68;0
4.6473643632000e-04; 40; 15; 68;0
4.6475578525400e-04; 40; 15; 68;0
4.6477514624100e-04; 40; 15; 68;0
4.6479449498800e-04; 40; 15; 68;0
4.6481385594500e-04; 40; 15; 68;0
4.6483320486800e-04; 40; 15; 68;0
4.6485256575200e-04; 40; 15; 68;0
4.6487191471200e-04; 40; 15; 68;0
4.6489127561500e-04; 40; 15; 68;0
4.6491062458900e-04; 40; 15; 68;0
4.6492998549000e-04; 40; 15; 68;0
4.6494610860200e-04; 40; 15; 68;0
4.6496546968200e-04; 40; 15; 68;0
4.6498481857300e-04; 40; 15; 68;0
4.6500417941100e-04; 40; 15; 68;0
4.6502352827000e-04; 40; 15; 68;0
4.6504288915400e-04; 40; 15; 68;0
4.6506223817400e-04; 40; 15; 68;0
4.6508159904700e-04; 40; 15; 68;0
4.6510094805100e-04; 40; 15; 68;0
4.6512030901000e-04; 40; 15; 68;0
4.6513965792400e-04; 40; 15; 68;0
4.6515901879100e-04; 40; 15; 68;0
4.6517836756100e-04; 40; 15; 68;0
4.6519772822600e-04; 40; 15; 67;0
4.6521707680400e-04; 40; 15; 67;0
4.6523643747100e-04; 40; 15; 67;0
4.6525578611000e-04; 40; 15; 67;0
4.6527514673800e-04; 40; 15; 67;0
4.6529449541400e-04; 40; 15; 67;0
4.6531385616800e-04; 40; 15; 67;0
4.6533320480600e-04; 40; 15; 67;0
4.6535256547600e-04; 40; 15; 67;0
4.6537191399600e-04; 40; 15; 67;0
4.6539127479600e-04; 40; 15; 67;0
4.6541062340400e-04; 40; 15; 67;0
4.6542998416300e-04; 40; 15; 67;0
4.6544610695600e-04; 40; 15; 67;0
4.6546546777700e-04; 40; 15; 67;0
4.6548481641800e-04; 40; 15; 67;0
4.6550417709300e-04; 40; 15; 67;0
4.6552352579900e-04; 40; 15; 67;0
4.6554288661600e-04; 40; 15; 68;0
4.6556223554000e-04; 40; 15; 68;0
4.6558159650100e-04; 40; 15; 68;0
4.6560094544700e-04; 40; 15; 68;0
4.6562030644100e-04; 40; 15; 68;0
4.6563965528100e-04; 40; 15; 68;0
4.6565901640200e-04; 40; 15; 68;0
4.6567836532200e-04; 40; 15; 68;0
4.6569772623000e-04; 40; 15; 68;0
4.6571707511600e-04; 40; 15; 68;0
4.6573643593900e-04; 40; 15; 68;0
4.6575578490000e-04; 40; 15; 68;0
4.6577514579600e-04; 40; 15; 68;0
4.6579449474700e-04; 40; 15; 68;0
4.6581385553000e-04; 40; 15; 68;0
4.6583320446800e-04; 40; 15; 68;0
4.6585256544800e-04; 40; 15; 68;0
4.6587191447500e-04; 40; 15; 68;0
4.6589127523000e-04; 40; 15; 68;0
4.6591062431600e-04; 40; 15; 68;0
4.6592998524600e-04; 40; 15; 68;0
4.6594610841300e-04; 40; 15; 68;0
4.6596546943100e-04; 40; 15; 68;0
4.6598481822400e-04; 40; 15; 68;0
4.6600417913700e-04; 40; 15; 68;0
4.6602352807000e-04; 40; 15; 68;0
4.6604288899900e-04; 40; 15; 68;0
4.6606223793100e-04; 40; 15; 68;0
4.6608159877200e-04; 40; 15; 68;0
4.6610094769600e-04; 40; 15; 68;0
4.6612030848400e-04; 40; 15; 68;0
4.6613965748900e-04; 40; 15; 68;0
4.6615901814500e-04; 40; 15; 67;0
4.6617836693000e-04; 40; 15; 67;0
4.6619772760100e-04; 40; 15; 67;0
4.6621707621600e-04; 40; 15; 67;0
4.6623643682800e-04; 40; 15; 67;0
4.6625578560300e-04; 40; 15; 67;0
4.6627514627700e-04; 40; 15; 67;0
4.6629449485000e-04; 40; 15; 67;0
4.6631385552100e-04; 40; 15; 67;0
4.6633320421500e-04; 40; 15; 67;0
4.6635256509500e-04; 40; 15; 68;0
4.6637191396100e-04; 40; 15; 68;0
4.6639127490500e-04; 40; 15; 68;0
4.6641062390200e-04; 40; 15; 68;0
4.6642998473100e-04; 40; 15; 68;0
4.6644610773700e-04; 40; 15; 68;0
4.6646546861800e-04; 40; 15; 68;0
4.6648481748200e-04; 40; 15; 68;0
4.6650417853400e-04; 40; 15; 68;0
4.6652352730500e-04; 40; 15; 68;0
4.6654288821800e-04; 40; 15; 68;0
4.6656223724000e-04; 40; 15; 68;0
4.6658159821200e-04; 40; 15; 68;0
4.6660094726000e-04; 40; 15; 68;0
4.6662030809200e-04; 40; 15; 68;0
4.6663965696800e-04; 40; 15; 68;0
4.6665901813600e-04; 40; 15; 68;0
4.6667836686500e-04; 40; 15; 68;0
4.6669772751800e-04; 40; 15; 67;0
4.6671707613200e-04; 40; 15; 67;0
4.6673643671800e-04; 40; 15; 67;0
4.6675578547600e-04; 40; 15; 67;0
4.6677514615200e-04; 40; 15; 67;0
4.6679449481900e-04; 40; 15; 67;0
4.6681385550300e-04; 40; 15; 67;0
4.6683320416700e-04; 40; 15; 67;0
4.6685256492700e-04; 40; 15; 68;0
4.6687191378700e-04; 40; 15; 68;0
4.6689127474100e-04; 40; 15; 68;0
4.6691062352200e-04; 40; 15; 68;0
4.6692998453800e-04; 40; 15; 68;0
4.6694610759100e-04; 40; 15; 68;0
4.6696546863100e-04; 40; 15; 68;0
4.6698481749800e-04; 40; 15; 68;0
4.6700417859400e-04; 40; 15; 68;0
4.6702352749400e-04; 40; 15; 68;0
4.6704288844300e-04; 40; 15; 68;0
4.6706223734100e-04; 40; 15; 68;0
4.6708159817800e-04; 40; 15; 68;0
4.6710094722000e-04; 40; 15; 68;0
4.6712030808400e-04; 40; 15; 68;0
4.6713965701400e-04; 40; 15; 68;0
4.6715901793400e-04; 40; 15; 68;0
4.6717836695000e-04; 40; 15; 68;0
4.6719772770600e-04; 40; 15; 67;0
4.6721707622700e-04; 40; 15; 67;0
4.6723643686900e-04; 40; 15; 67;0
4.6725578547500e-04; 40; 15; 67;0
4.6727514605300e-04; 40; 15; 67;0
4.6729449473300e-04; 40; 15; 67;0
4.6731385553300e-04; 40; 15; 67;0
4.6733320426100e-04; 40; 15; 67;0
4.6735256491200e-04; 40; 15; 67;0
4.6737191372900e-04; 40; 15; 67;0
4.6739127433800e-04; 40; 15; 67;0
4.6741062317700e-04; 40; 15; 67;0
4.6742998380600e-04; 40; 15; 67;0
4.6744610666400e-04; 40; 15; 67;0
4.6746546760400e-04; 40; 15; 68;0
4.6748481667700e-04; 40; 15; 68;0
4.6750417756300e-04; 40; 15; 68;0
4.6752352647500e-04; 40; 15; 68;0
4.6754288729000e-04; 40; 15; 68;0
4.6756223643000e-04; 40; 15; 68;0
4.6758159728200e-04; 40; 15; 68;0
4.6760094618400e-04; 40; 15; 68;0
4.6762030693300e-04; 40; 15; 68;0
4.6763965591300e-04; 40; 15; 68;0
4.6765901674600e-04; 40; 15; 68;0
4.6767836565500e-04; 40; 15; 68;0
4.6769772669100e-04; 40; 15; 68;0
4.6771707567500e-04; 40; 15; 68;0
4.6773643652800e-04; 40; 15; 68;0
4.6775578539500e-04; 40; 15; 68;0
4.6777514646800e-04; 40; 15; 68;0
4.6779449537700e-04; 40; 15; 68;0
4.6781385623200e-04; 40; 15; 68;0
4.6783320507600e-04; 40; 15; 68;0
4.6785256602900e-04; 40; 15; 68;0
4.6787191489100e-04; 40; 15; 68;0
4.6789127574600e-04; 40; 15; 68;0
4.6791062469300e-04; 40; 15; 68;0
4.6792998571500e-04; 40; 15; 68;0
4.6794610873200e-04; 40; 15; 68;0
4.6796546964200e-04; 40; 15; 68;0
4.6798481860700e-04; 40; 15; 68;0
4.6800417948400e-04; 40; 15; 68;0
4.6802352832000e-04; 40; 15; 68;0
4.6804288920800e-04; 40; 15; 68;0
4.6806223811200e-04; 40; 15; 68;0
4.6808159908700e-04; 40; 15; 68;0
4.6810094809800e-04; 40; 15; 68;0
4.6812030893000e-04; 40; 15; 68;0
4.6813965782600e-04; 40; 15; 68;0
4.6815901885800e-04; 40; 15; 68;0
4.6817836753900e-04; 40; 15; 68;0
4.6819772825900e-04; 40; 15; 67;0
4.6821707685700e-04; 40; 15; 67;0
4.6823643757600e-04; 40; 15; 67;0
4.6825578618600e-04; 40; 15; 67;0
4.6827514669700e-04; 40; 15; 67;0
4.6829449533500e-04; 40; 15; 67;0
4.6831385594500e-04; 40; 15; 67;0
4.6833320458100e-04; 40; 15; 67;0
4.6835256536600e-04; 40; 15; 67;0
4.6837191410200e-04; 40; 15; 67;0
4.6839127474700e-04; 40; 15; 67;0
4.6841062351400e-04; 40; 15; 67;0
4.6842998391200e-04; 40; 15; 67;0
4.6844610686300e-04; 40; 15; 67;0
4.6846546752100e-04; 40; 15; 67;0
4.6848481603900e-04; 40; 15; 67;0
4.6850417665100e-04; 40; 15; 67;0
4.6852352540500e-04; 40; 15; 67;0
4.6854288626000e-04; 40; 15; 68;0
4.6856223512600e-04; 40; 15; 68;0
4.6858159590000e-04; 40; 15; 68;0
4.6860094475800e-04; 40; 15; 68;0
4.6862030575700e-04; 40; 15; 68;0
4.6863965466900e-04; 40; 15; 68;0
4.6865901551700e-04; 40; 15; 68;0
4.6867836457800e-04; 40; 15; 68;0
4.6869772549700e-04; 40; 15; 68;0
4.6871707444100e-04; 40; 15; 68;0
4.6873643540600e-04; 40; 15; 68;0
4.6875578419100e-04; 40; 15; 68;0
4.6877514501400e-04; 40; 15; 68;0
4.6879449399300e-04; 40; 15; 68;0
4.6881385485200e-04; 40; 15; 68;0
4.6883320373400e-04; 40; 15; 68;0
4.6885256466900e-04; 40; 15; 68;0
4.6887191352500e-04; 40; 15; 68;0
4.6889127446400e-04; 40; 15; 68;0
4.6891062348900e-04; 40; 15; 68;0
4.6892998436500e-04; 40; 15; 68;0
4.6894610749200e-04; 40; 15; 68;0
4.6896546851200e-04; 40; 15; 68;0
4.6898481740100e-04; 40; 15; 68;0
4.6900417841100e-04; 40; 15; 68;0
4.6902352730900e-04; 40; 15; 68;0
4.6904288821100e-04; 40; 15; 68;0
4.6906223718400e-04; 40; 15; 68;0
4.6908159812500e-04; 40; 15; 68;0
4.6910094700400e-04; 40; 15; 68;0
4.6912030794400e-04; 40; 15; 68;0
4.6913965690200e-04; 40; 15; 68;0
4.6915901782900e-04; 40; 15; 68;0
4.6917836670900e-04; 40; 15; 68;0
4.6919772738200e-04; 40; 15; 67;0
4.6921707606500e-04; 40; 15; 67;0
4.6923643688700e-04; 40; 15; 67;0
4.6925578561800e-04; 40; 15; 67;0
4.6927514629300e-04; 40; 15; 67;0
4.6929449504700e-04; 40; 15; 67;0
4.6931385573900e-04; 40; 15; 67;0
4.6933320433600e-04; 40; 15; 67;0
4.6935256515100e-04; 40; 15; 68;0
4.6937191410700e-04; 40; 15; 68;0
4.6939127502300e-04; 40; 15; 68;0
4.6941062385700e-04; 40; 15; 68;0
4.6942998475000e-04; 40; 15; 68;0
4.6944610790900e-04; 40; 15; 68;0
4.6946546873900e-04; 40; 15; 68;0
4.6948481766200e-04; 40; 15; 68;0
4.6950417867200e-04; 40; 15; 68;0
4.6952352753000e-04; 40; 15; 68;0
4.6954288853700e-04; 40; 15; 68;0
4.6956223745800e-04; 40; 15; 68;0
4.6958159836200e-04; 40; 15; 68;0
4.6960094713000e-04; 40; 15; 68;0
4.6962030802100e-04; 40; 15; 68;0
4.6963965691200e-04; 40; 15; 68;0
4.6965901785600e-04; 40; 15; 68;0
4.6967836693000e-04; 40; 15; 68;0
4.6969772774800e-04; 40; 15; 67;0
4.6971707637800e-04; 40; 15; 67;0
4.6973643718500e-04; 40; 15; 67;0
4.6975578587600e-04; 40; 15; 67;0
4.6977514653000e-04; 40; 15; 67;0
4.6979449511700e-04; 40; 15; 67;0
4.6981385591500e-04; 40; 15; 67;0
4.6983320453700e-04; 40; 15; 67;0
4.6985256532500e-04; 40; 15; 68;0
4.6987191424300e-04; 40; 15; 68;0
4.6989127510700e-04; 40; 15; 68;0
4.6991062415100e-04; 40; 15; 68;0
4.6992998515800e-04; 40; 15; 68;0
4.6994610844900e-04; 40; 15; 68;0
4.6996546928800e-04; 40; 15; 68;0
4.6998481818200e-04; 40; 15; 68;0
4.7000417903200e-04; 40; 15; 68;0
4.7002352803700e-04; 40; 15; 68;0
4.7004288884300e-04; 40; 15; 68;0
4.7006223781000e-04; 40; 15; 68;0
4.7008159878400e-04; 40; 15; 68;0
4.7010094780900e-04; 40; 15; 68;0
4.7012030885000e-04; 40; 15; 68;0
4.7013965786600e-04; 40; 15; 68;0
4.7015901885900e-04; 40; 15; 68;0
4.7017836782600e-04; 40; 15; 68;0
4.7019772860700e-04; 40; 15; 67;0
4.7021707723500e-04; 40; 15; 67;0
4.7023643792300e-04; 40; 15; 67;0
4.7025578663700e-04; 40; 15; 67;0
4.7027514737200e-04; 40; 15; 67;0
4.7029449596500e-04; 40; 15; 67;0
4.7031385644800e-04; 40; 15; 67;0
4.7033320501800e-04; 40; 15; 67;0
4.7035256601400e-04; 40; 15; 68;0
4.7037191502400e-04; 40; 15; 68;0
4.7039127607100e-04; 40; 15; 68;0
4.7041062508000e-04; 40; 15; 68;0
4.7042998608800e-04; 40; 15; 68;0
4.7044610913400e-04; 40; 15; 68;0
4.7046547022800e-04; 40; 15; 68;0
4.7048481910400e-04; 40; 15; 68;0
4.7050417994600e-04; 40; 15; 68;0
4.7052352881200e-04; 40; 15; 68;0
4.7054288968800e-04; 40; 15; 68;0
4.7056223854200e-04; 40; 15; 68;0
4.7058159958600e-04; 40; 15; 68;0
4.7060094833300e-04; 40; 15; 68;0
4.7062030894700e-04; 40; 15; 67;0
4.7063965775700e-04; 40; 15; 67;0
4.7065901829900e-04; 40; 15; 67;0
4.7067836712400e-04; 40; 15; 67;0
4.7069772787200e-04; 40; 15; 67;0
4.7071707662400e-04; 40; 15; 67;0
4.7073643718800e-04; 40; 15; 67;0
4.7075578584100e-04; 40; 15; 67;0
4.7077514645200e-04; 40; 15; 67;0
4.7079449528200e-04; 40; 15; 67;0
4.7081385600200e-04; 40; 15; 67;0
4.7083320462000e-04; 40; 15; 67;0
4.7085256520300e-04; 40; 15; 67;0
4.7087191373900e-04; 40; 15; 67;0
4.7089127444100e-04; 40; 15; 67;0
4.7091062329400e-04; 40; 15; 67;0
4.7092998396200e-04; 40; 15; 67;0
4.7094610686400e-04; 40; 15; 67;0
4.7096546773500e-04; 40; 15; 68;0
4.7098481662400e-04; 40; 15; 68;0
4.7100417773800e-04; 40; 15; 68;0
4.7102352662000e-04; 40; 15; 68;0
4.7104288766800e-04; 40; 15; 68;0
4.7106223653900e-04; 40; 15; 68;0
4.7108159751900e-04; 40; 15; 68;0
4.7110094648300e-04; 40; 15; 68;0
4.7112030733000e-04; 40; 15; 68;0
4.7113965631900e-04; 40; 15; 68;0
4.7115901738000e-04; 40; 15; 68;0
4.7117836621800e-04; 40; 15; 68;0
4.7119772679500e-04; 40; 15; 67;0
4.7121707552200e-04; 40; 15; 67;0
4.7123643612600e-04; 40; 15; 67;0
4.7125578481600e-04; 40; 15; 67;0
4.7127514550700e-04; 40; 15; 67;0
4.7129449425400e-04; 40; 15; 67;0
4.7131385488600e-04; 40; 15; 67;0
4.7133320368200e-04; 40; 15; 67;0
4.7135256463000e-04; 40; 15; 68;0
4.7137191348600e-04; 40; 15; 68;0
4.7139127416100e-04; 40; 15; 68;0
4.7141062318300e-04; 40; 15; 68;0
4.7142998402800e-04; 40; 15; 68;0
4.7144610725600e-04; 40; 15; 68;0
4.7146546812900e-04; 40; 15; 68;0
4.7148481705500e-04; 40; 15; 68;0
4.7150417796700e-04; 40; 15; 68;0
4.7152352680200e-04; 40; 15; 68;0
4.7154288777700e-04; 40; 15; 68;0
4.7156223677200e-04; 40; 15; 68;0
4.7158159762200e-04; 40; 15; 68;0
4.7160094647700e-04; 40; 15; 68;0
4.7162030728400e-04; 40; 15; 68;0
4.7163965621600e-04; 40; 15; 68;0
4.7165901706400e-04; 40; 15; 68;0
4.7167836619300e-04; 40; 15; 68;0
4.7169772656400e-04; 40; 15; 67;0
4.7171707529900e-04; 40; 15; 67;0
4.7173643609200e-04; 40; 15; 67;0
4.7175578462500e-04; 40; 15; 67;0
4.7177514528500e-04; 40; 15; 67;0
4.7179449402800e-04; 40; 15; 67;0
4.7181385461700e-04; 40; 15; 67;0
4.7183320339800e-04; 40; 15; 67;0
4.7185256432000e-04; 40; 15; 68;0
4.7187191316000e-04; 40; 15; 68;0
4.7189127409600e-04; 40; 15; 68;0
4.7191062296000e-04; 40; 15; 68;0
4.7192998396300e-04; 40; 15; 68;0
4.7194610692100e-04; 40; 15; 68;0
4.7196546794400e-04; 40; 15; 68;0
4.7198481666800e-04; 40; 15; 68;0
4.7200417751800e-04; 40; 15; 68;0
4.7202352657600e-04; 40; 15; 68;0
4.7204288747600e-04; 40; 15; 68;0
4.7206223624700e-04; 40; 15; 68;0
4.7208159710800e-04; 40; 15; 68;0
4.7210094598000e-04; 40; 15; 68;0
4.7212030709100e-04; 40; 15; 68;0
4.7213965599600e-04; 40; 15; 68;0
4.7215901701000e-04; 40; 15; 68;0
4.7217836580300e-04; 40; 15; 68;0
4.7219772638600e-04; 40; 15; 67;0
4.7221707504100e-04; 40; 15; 67;0
4.7223643580300e-04; 40; 15; 67;0
4.7225578432000e-04; 40; 15; 67;0
4.7227514495800e-04; 40; 15; 67;0
4.7229449358900e-04; 40; 15; 67;0
4.7231385428000e-04; 40; 15; 67;0
4.7233320288000e-04; 40; 15; 67;0
4.7235256380800e-04; 40; 15; 68;0
4.7237191271100e-04; 40; 15; 68;0
4.7239127354700e-04; 40; 15; 68;0
4.7241062255900e-04; 40; 15; 68;0
4.7242998351600e-04; 40; 15; 68;0
4.7244610650900e-04; 40; 15; 68;0
4.7246546736900e-04; 40; 15; 68;0
4.7248481619600e-04; 40; 15; 68;0
4.7250417719700e-04; 40; 15; 68;0
4.7252352599500e-04; 40; 15; 68;0
4.7254288691800e-04; 40; 15; 68;0
4.7256223571500e-04; 40; 15; 68;0
4.7258159670700e-04; 40; 15; 68;0
4.7260094551200e-04; 40; 15; 68;0
4.7262030630000e-04; 40; 15; 68;0
4.7263965526800e-04; 40; 15; 68;0
4.7265901616900e-04; 40; 15; 68;0
4.7267836498500e-04; 40; 15; 68;0
4.7269772600800e-04; 40; 15; 68;0
4.7271707487000e-04; 40; 15; 68;0
4.7273643572600e-04; 40; 15; 68;0
4.7275578459900e-04; 40; 15; 68;0
4.7277514558900e-04; 40; 15; 68;0
4.7279449440600e-04; 40; 15; 68;0
4.7281385550700e-04; 40; 15; 68;0
4.7283320429800e-04; 40; 15; 68;0
4.7285256530700e-04; 40; 15; 68;0
4.7287191413100e-04; 40; 15; 68;0
4.7289127502300e-04; 40; 15; 68;0
4.7291062402200e-04; 40; 15; 68;0
4.7292998474800e-04; 40; 15; 68;0
4.7294610798200e-04; 40; 15; 68;0
4.7296546889700e-04; 40; 15; 68;0
4.7298481778300e-04; 40; 15; 68;0
4.7300417880200e-04; 40; 15; 68;0
4.7302352770200e-04; 40; 15; 68;0
4.7304288856800e-04; 40; 15; 68;0
4.7306223751600e-04; 40; 15; 68;0
4.7308159847200e-04; 40; 15; 68;0
4.7310094739700e-04; 40; 15; 68;0
4.7312030820000e-04; 40; 15; 68;0
4.7313965704300e-04; 40; 15; 68;0
4.7315901794800e-04; 40; 15; 68;0
4.7317836679500e-04; 40; 15; 68;0
4.7319772765600e-04; 40; 15; 68;0
4.7321707652200e-04; 40; 15; 68;0
4.7323643730200e-04; 40; 15; 68;0
4.7325578643600e-04; 40; 15; 68;0
4.7327514722300e-04; 40; 15; 68;0
4.7329449619500e-04; 40; 15; 68;0
4.7331385704900e-04; 40; 15; 68;0
4.7333320587000e-04; 40; 15; 68;0
4.7335256694800e-04; 40; 15; 68;0
4.7337191583900e-04; 40; 15; 68;0
4.7339127674700e-04; 40; 15; 68;0
4.7341062559300e-04; 40; 15; 68;0
4.7342998649700e-04; 40; 15; 68;0
4.7344610957500e-04; 40; 15; 68;0
4.7346547047100e-04; 40; 15; 68;0
4.7348481931900e-04; 40; 15; 68;0
4.7350418021400e-04; 40; 15; 68;0
4.7352352914700e-04; 40; 15; 68;0
4.7354288977100e-04; 40; 15; 67;0
4.7356223844300e-04; 40; 15; 67;0
4.7358159923600e-04; 40; 15; 67;0
4.7360094775200e-04; 40; 15; 67;0
4.7362030835100e-04; 40; 15; 67;0
4.7363965717800e-04; 40; 15; 67;0
4.7365901783900e-04; 40; 15; 67;0
4.7367836660800e-04; 40; 15; 67;0
4.7369772714300e-04; 40; 15; 67;0
4.7371707595000e-04; 40; 15; 67;0
4.7373643661100e-04; 40; 15; 67;0
4.7375578519800e-04; 40; 15; 67;0
4.7377514591500e-04; 40; 15; 67;0
4.7379449444100e-04; 40; 15; 67;0
4.7381385505000e-04; 40; 15; 67;0
4.7383320376100e-04; 40; 15; 67;0
4.7385256458500e-04; 40; 15; 67;0
4.7387191326500e-04; 40; 15; 67;0
4.7389127406300e-04; 40; 15; 68;0
4.7391062299800e-04; 40; 15; 68;0
4.7392998390100e-04; 40; 15; 68;0
4.7394610701700e-04; 40; 15; 68;0
4.7396546792700e-04; 40; 15; 68;0
4.7398481684700e-04; 40; 15; 68;0
4.7400417793700e-04; 40; 15; 68;0
4.7402352670200e-04; 40; 15; 68;0
4.7404288771000e-04; 40; 15; 68;0
4.7406223663600e-04; 40; 15; 68;0
4.7408159760800e-04; 40; 15; 68;0
4.7410094660900e-04; 40; 15; 68;0
4.7412030756100e-04; 40; 15; 68;0
4.7413965656600e-04; 40; 15; 68;0
4.7415901742600e-04; 40; 15; 68;0
4.7417836635100e-04; 40; 15; 68;0
4.7419772727500e-04; 40; 15; 68;0
4.7421707627600e-04; 40; 15; 68;0
4.7423643711500e-04; 40; 15; 68;0
4.7425578591900e-04; 40; 15; 68;0
4.7427514681000e-04; 40; 15; 68;0
4.7429449575700e-04; 40; 15; 68;0
4.7431385673900e-04; 40; 15; 68;0
4.7433320573700e-04; 40; 15; 68;0
4.7435256658600e-04; 40; 15; 68;0
4.7437191547600e-04; 40; 15; 68;0
4.7439127639200e-04; 40; 15; 68;0
4.7441062532000e-04; 40; 15; 68;0
4.7442998614400e-04; 40; 15; 68;0
4.7444610933800e-04; 40; 15; 68;0
4.7446547017100e-04; 40; 15; 68;0
4.7448481912500e-04; 40; 15; 68;0
4.7450417988800e-04; 40; 15; 68;0
4.7452352906100e-04; 40; 15; 68;0
4.7454288998800e-04; 40; 15; 68;0
4.7456223877800e-04; 40; 15; 68;0
4.7458159965900e-04; 40; 15; 68;0
4.7460094861200e-04; 40; 15; 68;0
4.7462030937100e-04; 40; 15; 67;0
4.7463965802600e-04; 40; 15; 67;0
4.7465901877300e-04; 40; 15; 67;0
4.7467836739800e-04; 40; 15; 67;0
4.7469772806500e-04; 40; 15; 67;0
4.7471707670200e-04; 40; 15; 67;0
4.7473643736100e-04; 40; 15; 67;0
4.7475578583700e-04; 40; 15; 67;0
4.7477514672600e-04; 40; 15; 67;0
4.7479449538900e-04; 40; 15; 67;0
4.7481385597100e-04; 40; 15; 67;0
4.7483320453200e-04; 40; 15; 67;0
4.7485256532200e-04; 40; 15; 67;0
4.7487191390800e-04; 40; 15; 67;0
4.7489127471700e-04; 40; 15; 68;0
4.7491062369000e-04; 40; 15; 68;0
4.7492998477400e-04; 40; 15; 68;0
4.7494610799300e-04; 40; 15; 68;0
4.7496546876300e-04; 40; 15; 68;0
4.7498481765900e-04; 40; 15; 68;0
4.7500417865000e-04; 40; 15; 68;0
4.7502352750300e-04; 40; 15; 68;0
4.7504288826100e-04; 40; 15; 68;0
4.7506223699600e-04; 40; 15; 68;0
4.7508159811400e-04; 40; 15; 68;0
4.7510094689700e-04; 40; 15; 68;0
4.7512030777400e-04; 40; 15; 68;0
4.7513965670700e-04; 40; 15; 68;0
4.7515901769700e-04; 40; 15; 68;0
4.7517836663400e-04; 40; 15; 68;0
4.7519772721700e-04; 40; 15; 67;0
4.7521707590100e-04; 40; 15; 67;0
4.7523643652300e-04; 40; 15; 67;0
4.7525578522900e-04; 40; 15; 67;0
4.7527514586200e-04; 40; 15; 67;0
4.7529449445100e-04; 40; 15; 67;0
4.7531385528500e-04; 40; 15; 67;0
4.7533320391000e-04; 40; 15; 67;0
4.7535256459400e-04; 40; 15; 67;0
4.7537191307400e-04; 40; 15; 67;0
4.7539127383000e-04; 40; 15; 67;0
4.7541062250300e-04; 40; 15; 67;0
4.7542998343100e-04; 40; 15; 68;0
4.7544610641700e-04; 40; 15; 68;0
4.7546546741600e-04; 40; 15; 68;0
4.7548481614900e-04; 40; 15; 68;0
4.7550417709200e-04; 40; 15; 68;0
4.7552352596900e-04; 40; 15; 68;0
4.7554288695200e-04; 40; 15; 68;0
4.7556223589600e-04; 40; 15; 68;0
4.7558159692100e-04; 40; 15; 68;0
4.7560094577800e-04; 40; 15; 68;0
4.7562030668000e-04; 40; 15; 68;0
4.7563965551200e-04; 40; 15; 68;0
4.7565901646300e-04; 40; 15; 68;0
4.7567836544500e-04; 40; 15; 68;0
4.7569772653000e-04; 40; 15; 68;0
4.7571707547500e-04; 40; 15; 68;0
4.7573643620900e-04; 40; 15; 68;0
4.7575578521200e-04; 40; 15; 68;0
4.7577514609300e-04; 40; 15; 68;0
4.7579449491800e-04; 40; 15; 68;0
4.7581385596800e-04; 40; 15; 68;0
4.7583320487400e-04; 40; 15; 68;0
4.7585256577800e-04; 40; 15; 68;0
4.7587191465600e-04; 40; 15; 68;0
4.7589127566100e-04; 40; 15; 68;0
4.7591062451200e-04; 40; 15; 68;0
4.7592998550900e-04; 40; 15; 68;0
4.7594610862100e-04; 40; 15; 68;0
4.7596546953100e-04; 40; 15; 68;0
4.7598481831200e-04; 40; 15; 68;0
4.7600417917800e-04; 40; 15; 68;0
4.7602352806000e-04; 40; 15; 68;0
4.7604288896000e-04; 40; 15; 68;0
4.7606223777900e-04; 40; 15; 68;0
4.7608159863500e-04; 40; 15; 68;0
4.7610094758600e-04; 40; 15; 68;0
4.7612030856900e-04; 40; 15; 68;0
4.7613965750000e-04; 40; 15; 68;0
4.7615901856400e-04; 40; 15; 68;0
4.7617836741700e-04; 40; 15; 68;0
4.7619772802700e-04; 40; 15; 67;0
4.7621707658300e-04; 40; 15; 67;0
4.7623643730300e-04; 40; 15; 67;0
4.7625578575900e-04; 40; 15; 67;0
4.7627514645800e-04; 40; 15; 67;0
4.7629449523300e-04; 40; 15; 67;0
4.7631385599200e-04; 40; 15; 67;0
4.7633320456200e-04; 40; 15; 67;0
4.7635256533900e-04; 40; 15; 68;0
4.7637191423200e-04; 40; 15; 68;0
4.7639127503900e-04; 40; 15; 68;0
4.7641062402300e-04; 40; 15; 68;0
4.7642998472000e-04; 40; 15; 68;0
4.7644610791000e-04; 40; 15; 68;0
4.7646546884700e-04; 40; 15; 68;0
4.7648481782100e-04; 40; 15; 68;0
4.7650417877600e-04; 40; 15; 68;0
4.7652352766100e-04; 40; 15; 68;0
4.7654288863000e-04; 40; 15; 68;0
4.7656223760100e-04; 40; 15; 68;0
4.7658159835500e-04; 40; 15; 68;0
4.7660094738100e-04; 40; 15; 68;0
4.7662030821100e-04; 40; 15; 68;0
4.7663965700700e-04; 40; 15; 68;0
4.7665901784700e-04; 40; 15; 68;0
4.7667836681500e-04; 40; 15; 68;0
4.7669772732700e-04; 40; 15; 67;0
4.7671707610000e-04; 40; 15; 67;0
4.7673643665800e-04; 40; 15; 67;0
4.7675578527900e-04; 40; 15; 67;0
4.7677514583400e-04; 40; 15; 67;0
4.7679449457700e-04; 40; 15; 67;0
4.7681385517600e-04; 40; 15; 67;0
4.7683320392500e-04; 40; 15; 67;0
4.7685256490700e-04; 40; 15; 68;0
4.7687191408700e-04; 40; 15; 68;0
4.7689127473700e-04; 40; 15; 68;0
4.7691062370400e-04; 40; 15; 68;0
4.7692998455600e-04; 40; 15; 68;0
4.7694610762800e-04; 40; 15; 68;0
4.7696546857000e-04; 40; 15; 68;0
4.7698481743700e-04; 40; 15; 68;0
4.7700417826000e-04; 40; 15; 68;0
4.7702352727300e-04; 40; 15; 68;0
4.7704288816400e-04; 40; 15; 68;0
4.7706223706500e-04; 40; 15; 68;0
4.7708159810200e-04; 40; 15; 68;0
4.7710094710600e-04; 40; 15; 68;0
4.7712030815800e-04; 40; 15; 68;0
4.7713965708800e-04; 40; 15; 68;0
4.7715901787900e-04; 40; 15; 68;0
4.7717836686200e-04; 40; 15; 68;0
4.7719772744400e-04; 40; 15; 67;0
4.7721707617800e-04; 40; 15; 67;0
4.7723643689800e-04; 40; 15; 67;0
4.7725578562700e-04; 40; 15; 67;0
4.7727514636300e-04; 40; 15; 67;0
4.7729449487600e-04; 40; 15; 67;0
4.7731385573400e-04; 40; 15; 67;0
4.7733320430700e-04; 40; 15; 67;0
4.7735256512200e-04; 40; 15; 67;0
4.7737191370400e-04; 40; 15; 67;0
4.7739127439200e-04; 40; 15; 67;0
4.7741062307500e-04; 40; 15; 67;0
4.7742998373500e-04; 40; 15; 67;0
4.7744610670200e-04; 40; 15; 67;0
4.7746546724800e-04; 40; 15; 67;0
4.7748481605500e-04; 40; 15; 67;0
4.7750417678900e-04; 40; 15; 68;0
4.7752352583400e-04; 40; 15; 68;0
4.7754288666200e-04; 40; 15; 68;0
4.7756223545800e-04; 40; 15; 68;0
4.7758159662100e-04; 40; 15; 68;0
4.7760094550200e-04; 40; 15; 68;0
4.7762030634700e-04; 40; 15; 68;0
4.7763965541400e-04; 40; 15; 68;0
4.7765901634000e-04; 40; 15; 68;0
4.7767836525700e-04; 40; 15; 68;0
4.7769772610500e-04; 40; 15; 68;0
4.7771707507500e-04; 40; 15; 68;0
4.7773643580800e-04; 40; 15; 68;0
4.7775578476400e-04; 40; 15; 68;0
4.7777514569300e-04; 40; 15; 68;0
4.7779449469700e-04; 40; 15; 68;0
4.7781385560200e-04; 40; 15; 68;0
4.7783320450700e-04; 40; 15; 68;0
4.7785256545200e-04; 40; 15; 68;0
4.7787191428500e-04; 40; 15; 68;0
4.7789127532700e-04; 40; 15; 68;0
4.7791062408800e-04; 40; 15; 68;0
4.7792998497000e-04; 40; 15; 68;0
4.7794610795000e-04; 40; 15; 68;0
4.7796546882600e-04; 40; 15; 68;0
4.7798481768800e-04; 40; 15; 68;0
4.7800417862400e-04; 40; 15; 68;0
4.7802352754300e-04; 40; 15; 68;0
4.7804288852900e-04; 40; 15; 68;0
4.7806223741900e-04; 40; 15; 68;0
4.7808159848500e-04; 40; 15; 68;0
4.7810094732400e-04; 40; 15; 68;0
4.7812030832200e-04; 40; 15; 68;0
4.7813965733300e-04; 40; 15; 68;0
4.7815901823600e-04; 40; 15; 68;0
4.7817836709000e-04; 40; 15; 68;0
4.7819772794700e-04; 40; 15; 67;0
4.7821707670900e-04; 40; 15; 67;0
4.7823643735900e-04; 40; 15; 67;0
4.7825578606800e-04; 40; 15; 67;0
4.7827514676700e-04; 40; 15; 67;0
4.7829449532600e-04; 40; 15; 67;0
4.7831385586200e-04; 40; 15; 67;0
4.7833320460200e-04; 40; 15; 67;0
4.7835256532900e-04; 40; 15; 67;0
4.7837191405200e-04; 40; 15; 67;0
4.7839127451000e-04; 40; 15; 67;0
4.7841062322100e-04; 40; 15; 67;0
4.7842998422700e-04; 40; 15; 68;0
4.7844610734400e-04; 40; 15; 68;0
4.7846546822200e-04; 40; 15; 68;0
4.7848481717800e-04; 40; 15; 68;0
4.7850417809600e-04; 40; 15; 68;0
4.7852352717900e-04; 40; 15; 68;0
4.7854288794100e-04; 40; 15; 68;0
4.7856223699500e-04; 40; 15; 68;0
4.7858159793400e-04; 40; 15; 68;0
4.7860094712700e-04; 40; 15; 68;0
4.7862030795800e-04; 40; 15; 68;0
4.7863965679800e-04; 40; 15; 68;0
4.7865901780300e-04; 40; 15; 68;0
4.7867836661000e-04; 40; 15; 68;0
4.7869772741300e-04; 40; 15; 67;0
4.7871707594800e-04; 40; 15; 67;0
4.7873643661200e-04; 40; 15; 67;0
4.7875578535100e-04; 40; 15; 67;0
4.7877514601600e-04; 40; 15; 67;0
4.7879449459100e-04; 40; 15; 67;0
4.7881385526600e-04; 40; 15; 67;0
4.7883320377200e-04; 40; 15; 67;0
4.7885256465200e-04; 40; 15; 68;0
4.7887191358300e-04; 40; 15; 68;0
4.7889127450400e-04; 40; 15; 68;0
4.7891062339800e-04; 40; 15; 68;0
4.7892998430400e-04; 40; 15; 68;0
4.7894610735900e-04; 40; 15; 68;0
4.7896546842800e-04; 40; 15; 68;0
4.7898481727400e-04; 40; 15; 68;0
4.7900417821700e-04; 40; 15; 68;0
4.7902352703700e-04; 40; 15; 68;0
4.7904288808000e-04; 40; 15; 68;0
4.7906223687800e-04; 40; 15; 68;0
4.7908159776100e-04; 40; 15; 68;0
4.7910094653300e-04; 40; 15; 68;0
4.7912030746800e-04; 40; 15; 68;0
4.7913965637600e-04; 40; 15; 68;0
4.7915901727300e-04; 40; 15; 68;0
4.7917836622900e-04; 40; 15; 68;0
4.7919772714500e-04; 40; 15; 68;0
4.7921707606200e-04; 40; 15; 68;0
4.7923643716800e-04; 40; 15; 68;0
4.7925578605700e-04; 40; 15; 68;0
4.7927514697400e-04; 40; 15; 68;0
4.7929449598800e-04; 40; 15; 68;0
4.7931385679500e-04; 40; 15; 68;0
4.7933320576900e-04; 40; 15; 68;0
4.7935256660000e-04; 40; 15; 68;0
4.7937191548100e-04; 40; 15; 68;0
4.7939127647200e-04; 40; 15; 68;0
4.7941062521000e-04; 40; 15; 68;0
4.7942998626500e-04; 40; 15; 68;0
4.7944610937600e-04; 40; 15; 68;0
4.7946547027800e-04; 40; 15; 68;0
4.7948481903100e-04; 40; 15; 68;0
4.7950418001800e-04; 40; 15; 68;0
4.7952352902800e-04; 40; 15; 68;0
4.7954288983600e-04; 40; 15; 68;0
4.7956223878300e-04; 40; 15; 68;0
4.7958159971200e-04; 40; 15; 68;0
4.7960094862000e-04; 40; 15; 68;0
4.7962030930800e-04; 40; 15; 67;0
4.7963965797700e-04; 40; 15; 67;0
4.7965901856200e-04; 40; 15; 67;0
4.7967836739800e-04; 40; 15; 67;0
4.7969772802300e-04; 40; 15; 67;0
4.7971707660700e-04; 40; 15; 67;0
4.7973643733200e-04; 40; 15; 67;0
4.7975578599200e-04; 40; 15; 67;0
4.7977514673100e-04; 40; 15; 67;0
4.7979449542000e-04; 40; 15; 67;0
4.7981385597600e-04; 40; 15; 67;0
4.7983320476000e-04; 40; 15; 67;0
4.7985256545100e-04; 40; 15; 67;0
4.7987191407500e-04; 40; 15; 67;0
4.7989127454300e-04; 40; 15; 67;0
4.7991062332100e-04; 40; 15; 67;0
4.7992998429100e-04; 40; 15; 68;0
4.7994610753900e-04; 40; 15; 68;0
4.7996546843000e-04; 40; 15; 68;0
4.7998481743900e-04; 40; 15; 68;0
4.8000417827300e-04; 40; 15; 68;0
4.8002352708300e-04; 40; 15; 68;0
4.8004288803300e-04; 40; 15; 68;0
4.8006223690400e-04; 40; 15; 68;0
4.8008159787400e-04; 40; 15; 68;0
4.8010094683100e-04; 40; 15; 68;0
4.8012030763900e-04; 40; 15; 68;0
4.8013965657700e-04; 40; 15; 68;0
4.8015901765400e-04; 40; 15; 68;0
4.8017836645700e-04; 40; 15; 68;0
4.8019772727400e-04; 40; 15; 68;0
4.8021707628100e-04; 40; 15; 68;0
4.8023643729000e-04; 40; 15; 68;0
4.8025578618100e-04; 40; 15; 68;0
4.8027514727900e-04; 40; 15; 68;0
4.8029449621100e-04; 40; 15; 68;0
4.8031385697700e-04; 40; 15; 68;0
4.8033320595600e-04; 40; 15; 68;0
4.8035256672100e-04; 40; 15; 68;0
4.8037191563800e-04; 40; 15; 68;0
4.8039127669000e-04; 40; 15; 68;0
4.8041062553200e-04; 40; 15; 68;0
4.8042998658600e-04; 40; 15; 68;0
4.8044610971700e-04; 40; 15; 68;0
4.8046547059200e-04; 40; 15; 68;0
4.8048481961100e-04; 40; 15; 68;0
4.8050418048500e-04; 40; 15; 68;0
4.8052352952000e-04; 40; 15; 68;0
4.8054289030400e-04; 40; 15; 68;0
4.8056223922900e-04; 40; 15; 68;0
4.8058160024900e-04; 40; 15; 68;0
4.8060094905300e-04; 40; 15; 68;0
4.8062031005400e-04; 40; 15; 68;0
4.8063965891900e-04; 40; 15; 68;0
4.8065901957000e-04; 40; 15; 67;0
4.8067836828800e-04; 40; 15; 67;0
4.8069772878700e-04; 40; 15; 67;0
4.8071707758600e-04; 40; 15; 67;0
4.8073643807900e-04; 40; 15; 67;0
4.8075578655500e-04; 40; 15; 67;0
4.8077514725000e-04; 40; 15; 67;0
4.8079449590100e-04; 40; 15; 67;0
4.8081385651900e-04; 40; 15; 67;0
4.8083320516100e-04; 40; 15; 67;0
4.8085256592400e-04; 40; 15; 67;0
4.8087191442100e-04; 40; 15; 67;0
4.8089127513800e-04; 40; 15; 67;0
4.8091062380300e-04; 40; 15; 67;0
4.8092998437600e-04; 40; 15; 67;0
4.8094610730100e-04; 40; 15; 67;0
4.8096546806000e-04; 40; 15; 67;0
4.8098481679400e-04; 40; 15; 67;0
4.8100417770600e-04; 40; 15; 68;0
4.8102352667900e-04; 40; 15; 68;0
4.8104288758400e-04; 40; 15; 68;0
4.8106223652900e-04; 40; 15; 68;0
4.8108159739000e-04; 40; 15; 68;0
4.8110094622200e-04; 40; 15; 68;0
4.8112030719900e-04; 40; 15; 68;0
4.8113965617100e-04; 40; 15; 68;0
4.8115901705000e-04; 40; 15; 68;0
4.8117836589600e-04; 40; 15; 68;0
4.8119772679400e-04; 40; 15; 68;0
4.8121707573700e-04; 40; 15; 68;0
4.8123643655300e-04; 40; 15; 68;0
4.8125578542400e-04; 40; 15; 68;0
4.8127514628900e-04; 40; 15; 68;0
4.8129449509800e-04; 40; 15; 68;0
4.8131385580900e-04; 40; 15; 67;0
4.8133320445500e-04; 40; 15; 67;0
4.8135256516100e-04; 40; 15; 67;0
4.8137191383200e-04; 40; 15; 67;0
4.8139127467700e-04; 40; 15; 68;0
4.8141062363700e-04; 40; 15; 68;0
4.8142998445000e-04; 40; 15; 68;0
4.8144610760800e-04; 40; 15; 68;0
4.8146546857100e-04; 40; 15; 68;0
4.8148481757800e-04; 40; 15; 68;0
4.8150417856600e-04; 40; 15; 68;0
4.8152352746100e-04; 40; 15; 68;0
4.8154288840600e-04; 40; 15; 68;0
4.8156223730400e-04; 40; 15; 68;0
4.8158159821300e-04; 40; 15; 68;0
4.8160094700500e-04; 40; 15; 68;0
4.8162030790800e-04; 40; 15; 68;0
4.8163965686400e-04; 40; 15; 68;0
4.8165901775200e-04; 40; 15; 68;0
4.8167836648600e-04; 40; 15; 68;0
4.8169772723000e-04; 40; 15; 67;0
4.8171707583200e-04; 40; 15; 67;0
4.8173643650000e-04; 40; 15; 67;0
4.8175578512800e-04; 40; 15; 67;0
4.8177514556000e-04; 40; 15; 67;0
4.8179449434100e-04; 40; 15; 67;0
4.8181385510900e-04; 40; 15; 67;0
4.8183320370300e-04; 40; 15; 67;0
4.8185256469900e-04; 40; 15; 68;0
4.8187191375100e-04; 40; 15; 68;0
4.8189127479300e-04; 40; 15; 68;0
4.8191062366000e-04; 40; 15; 68;0
4.8192998462000e-04; 40; 15; 68;0
4.8194610784500e-04; 40; 15; 68;0
4.8196546854200e-04; 40; 15; 68;0
4.8198481729000e-04; 40; 15; 68;0
4.8200417837900e-04; 40; 15; 68;0
4.8202352726800e-04; 40; 15; 68;0
4.8204288822600e-04; 40; 15; 68;0
4.8206223701000e-04; 40; 15; 68;0
4.8208159806700e-04; 40; 15; 68;0
4.8210094691700e-04; 40; 15; 68;0
4.8212030781800e-04; 40; 15; 68;0
4.8213965669400e-04; 40; 15; 68;0
4.8215901767700e-04; 40; 15; 68;0
4.8217836659300e-04; 40; 15; 68;0
4.8219772756400e-04; 40; 15; 68;0
4.8221707638500e-04; 40; 15; 68;0
4.8223643708300e-04; 40; 15; 67;0
4.8225578585800e-04; 40; 15; 67;0
4.8227514643200e-04; 40; 15; 67;0
4.8229449507800e-04; 40; 15; 67;0
4.8231385576200e-04; 40; 15; 67;0
4.8233320442000e-04; 40; 15; 67;0
4.8235256504300e-04; 40; 15; 67;0
4.8237191371300e-04; 40; 15; 67;0
4.8239127431700e-04; 40; 15; 67;0
4.8241062294100e-04; 40; 15; 67;0
4.8242998387300e-04; 40; 15; 68;0
4.8244610694500e-04; 40; 15; 68;0
4.8246546791800e-04; 40; 15; 68;0
4.8248481661700e-04; 40; 15; 68;0
4.8250417754500e-04; 40; 15; 68;0
4.8252352645600e-04; 40; 15; 68;0
4.8254288733500e-04; 40; 15; 68;0
4.8256223643500e-04; 40; 15; 68;0
4.8258159737000e-04; 40; 15; 68;0
4.8260094632500e-04; 40; 15; 68;0
4.8262030725300e-04; 40; 15; 68;0
4.8263965605700e-04; 40; 15; 68;0
4.8265901699300e-04; 40; 15; 68;0
4.8267836601100e-04; 40; 15; 68;0
4.8269772682300e-04; 40; 15; 68;0
4.8271707592200e-04; 40; 15; 68;0
4.8273643668100e-04; 40; 15; 68;0
4.8275578565500e-04; 40; 15; 68;0
4.8277514662200e-04; 40; 15; 68;0
4.8279449557700e-04; 40; 15; 68;0
4.8281385657100e-04; 40; 15; 68;0
4.8283320557700e-04; 40; 15; 68;0
4.8285256653600e-04; 40; 15; 68;0
4.8287191537200e-04; 40; 15; 68;0
4.8289127615800e-04; 40; 15; 68;0
4.8291062489400e-04; 40; 15; 68;0
4.8292998584500e-04; 40; 15; 68;0
4.8294610895300e-04; 40; 15; 68;0
4.8296546981300e-04; 40; 15; 68;0
4.8298481885000e-04; 40; 15; 68;0
4.8300417991500e-04; 40; 15; 68;0
4.8302352883600e-04; 40; 15; 68;0
4.8304288974100e-04; 40; 15; 68;0
4.8306223862000e-04; 40; 15; 68;0
4.8308159948100e-04; 40; 15; 68;0
4.8310094831300e-04; 40; 15; 68;0
4.8312030931100e-04; 40; 15; 68;0
4.8313965820900e-04; 40; 15; 68;0
4.8315901910400e-04; 40; 15; 68;0
4.8317836818300e-04; 40; 15; 68;0
4.8319772902100e-04; 40; 15; 68;0
4.8321707795000e-04; 40; 15; 68;0
4.8323643865000e-04; 40; 15; 67;0
4.8325578727300e-04; 40; 15; 67;0
4.8327514796100e-04; 40; 15; 67;0
4.8329449651100e-04; 40; 15; 67;0
4.8331385718600e-04; 40; 15; 67;0
4.8333320579400e-04; 40; 15; 67;0
4.8335256682800e-04; 40; 15; 68;0
4.8337191565200e-04; 40; 15; 68;0
4.8339127655600e-04; 40; 15; 68;0
4.8341062547200e-04; 40; 15; 68;0
4.8342998648700e-04; 40; 15; 68;0
4.8344610952100e-04; 40; 15; 68;0
4.8346547041200e-04; 40; 15; 68;0
4.8348481941900e-04; 40; 15; 68;0
4.8350418020600e-04; 40; 15; 68;0
4.8352352917600e-04; 40; 15; 68;0
4.8354289007300e-04; 40; 15; 68;0
4.8356223899100e-04; 40; 15; 68;0
4.8358159991000e-04; 40; 15; 68;0
4.8360094885300e-04; 40; 15; 68;0
4.8362030980900e-04; 40; 15; 68;0
4.8363965855500e-04; 40; 15; 68;0
4.8365901942700e-04; 40; 15; 68;0
4.8367836835400e-04; 40; 15; 68;0
4.8369772930400e-04; 40; 15; 68;0
4.8371707820000e-04; 40; 15; 68;0
4.8373643894900e-04; 40; 15; 67;0
4.8375578749100e-04; 40; 15; 67;0
4.8377514814000e-04; 40; 15; 67;0
4.8379449674400e-04; 40; 15; 67;0
4.8381385757700e-04; 40; 15; 67;0
4.8383320616700e-04; 40; 15; 67;0
4.8385256696900e-04; 40; 15; 67;0
4.8387191558900e-04; 40; 15; 67;0
4.8389127621600e-04; 40; 15; 67;0
4.8391062490300e-04; 40; 15; 67;0
4.8392998540200e-04; 40; 15; 67;0
4.8394610836600e-04; 40; 15; 67;0
4.8396546925000e-04; 40; 15; 67;0
4.8398481783200e-04; 40; 15; 67;0
4.8400417859400e-04; 40; 15; 67;0
4.8402352723900e-04; 40; 15; 67;0
4.8404288779600e-04; 40; 15; 67;0
4.8406223644200e-04; 40; 15; 67;0
4.8408159723700e-04; 40; 15; 67;0
4.8410094585200e-04; 40; 15; 67;0
4.8412030653900e-04; 40; 15; 67;0
4.8413965529100e-04; 40; 15; 67;0
4.8415901600600e-04; 40; 15; 67;0
4.8417836465600e-04; 40; 15; 67;0
4.8419772530200e-04; 40; 15; 67;0
4.8421707383900e-04; 40; 15; 67;0
4.8423643471000e-04; 40; 15; 67;0
4.8425578340400e-04; 40; 15; 67;0
4.8427514413800e-04; 40; 15; 67;0
4.8429449275000e-04; 40; 15; 67;0
4.8431385344000e-04; 40; 15; 67;0
4.8433320220300e-04; 40; 15; 67;0
4.8435256317200e-04; 40; 15; 68;0
4.8437191216400e-04; 40; 15; 68;0
4.8439127292000e-04; 40; 15; 68;0
4.8441062180300e-04; 40; 15; 68;0
4.8442998289400e-04; 40; 15; 68;0
4.8444610589800e-04; 40; 15; 68;0
4.8446546674900e-04; 40; 15; 68;0
4.8448481559300e-04; 40; 15; 68;0
4.8450417656500e-04; 40; 15; 68;0
4.8452352549200e-04; 40; 15; 68;0
4.8454288645300e-04; 40; 15; 68;0
4.8456223540200e-04; 40; 15; 68;0
4.8458159637700e-04; 40; 15; 68;0
4.8460094542600e-04; 40; 15; 68;0
4.8462030645600e-04; 40; 15; 68;0
4.8463965516900e-04; 40; 15; 68;0
4.8465901618800e-04; 40; 15; 68;0
4.8467836509900e-04; 40; 15; 68;0
4.8469772608900e-04; 40; 15; 68;0
4.8471707505900e-04; 40; 15; 68;0
4.8473643568900e-04; 40; 15; 67;0
4.8475578432600e-04; 40; 15; 67;0
4.8477514488100e-04; 40; 15; 67;0
4.8479449349300e-04; 40; 15; 67;0
4.8481385413300e-04; 40; 15; 67;0
4.8483320284900e-04; 40; 15; 67;0
4.8485256363400e-04; 40; 15; 68;0
4.8487191258600e-04; 40; 15; 68;0
4.8489127341800e-04; 40; 15; 68;0
4.8491062237700e-04; 40; 15; 68;0
4.8492998330700e-04; 40; 15; 68;0
4.8494610644300e-04; 40; 15; 68;0
4.8496546762700e-04; 40; 15; 68;0
4.8498481644700e-04; 40; 15; 68;0
4.8500417743800e-04; 40; 15; 68;0
4.8502352641300e-04; 40; 15; 68;0
4.8504288723800e-04; 40; 15; 68;0
4.8506223625600e-04; 40; 15; 68;0
4.8508159717900e-04; 40; 15; 68;0
4.8510094608900e-04; 40; 15; 68;0
4.8512030703100e-04; 40; 15; 68;0
4.8513965589000e-04; 40; 15; 68;0
4.8515901686900e-04; 40; 15; 68;0
4.8517836580300e-04; 40; 15; 68;0
4.8519772667700e-04; 40; 15; 68;0
4.8521707563000e-04; 40; 15; 68;0
4.8523643644700e-04; 40; 15; 68;0
4.8525578534500e-04; 40; 15; 68;0
4.8527514628200e-04; 40; 15; 68;0
4.8529449538000e-04; 40; 15; 68;0
4.8531385626800e-04; 40; 15; 68;0
4.8533320525200e-04; 40; 15; 68;0
4.8535256616000e-04; 40; 15; 68;0
4.8537191495000e-04; 40; 15; 68;0
4.8539127585300e-04; 40; 15; 68;0
4.8541062486000e-04; 40; 15; 68;0
4.8542998579400e-04; 40; 15; 68;0
4.8544610896800e-04; 40; 15; 68;0
4.8546546985800e-04; 40; 15; 68;0
4.8548481877300e-04; 40; 15; 68;0
4.8550417964700e-04; 40; 15; 68;0
4.8552352850800e-04; 40; 15; 68;0
4.8554288932000e-04; 40; 15; 68;0
4.8556223837600e-04; 40; 15; 68;0
4.8558159941500e-04; 40; 15; 68;0
4.8560094827800e-04; 40; 15; 68;0
4.8562030922200e-04; 40; 15; 68;0
4.8563965811600e-04; 40; 15; 68;0
4.8565901914800e-04; 40; 15; 68;0
4.8567836811700e-04; 40; 15; 68;0
4.8569772895800e-04; 40; 15; 68;0
4.8571707800200e-04; 40; 15; 68;0
4.8573643859200e-04; 40; 15; 67;0
4.8575578722500e-04; 40; 15; 67;0
4.8577514789100e-04; 40; 15; 67;0
4.8579449664700e-04; 40; 15; 67;0
4.8581385737700e-04; 40; 15; 67;0
4.8583320622900e-04; 40; 15; 67;0
4.8585256711900e-04; 40; 15; 68;0
4.8587191594700e-04; 40; 15; 68;0
4.8589127683900e-04; 40; 15; 68;0
4.8591062582700e-04; 40; 15; 68;0
4.8592998679700e-04; 40; 15; 68;0
4.8594610988100e-04; 40; 15; 68;0
4.8596547074800e-04; 40; 15; 68;0
4.8598481959700e-04; 40; 15; 68;0
4.8600418060900e-04; 40; 15; 68;0
4.8602352954300e-04; 40; 15; 68;0
4.8604289048500e-04; 40; 15; 68;0
4.8606223933100e-04; 40; 15; 68;0
4.8608160014000e-04; 40; 15; 68;0
4.8610094892300e-04; 40; 15; 68;0
4.8612030975700e-04; 40; 15; 67;0
4.8613965851400e-04; 40; 15; 67;0
4.8615901916200e-04; 40; 15; 67;0
4.8617836796700e-04; 40; 15; 67;0
4.8619772848900e-04; 40; 15; 67;0
4.8621707707600e-04; 40; 15; 67;0
4.8623643764600e-04; 40; 15; 67;0
4.8625578650100e-04; 40; 15; 67;0
4.8627514725800e-04; 40; 15; 67;0
4.8629449581600e-04; 40; 15; 67;0
4.8631385654100e-04; 40; 15; 67;0
4.8633320512700e-04; 40; 15; 67;0
4.8635256576900e-04; 40; 15; 67;0
4.8637191444100e-04; 40; 15; 67;0
4.8639127514900e-04; 40; 15; 67;0
4.8641062382300e-04; 40; 15; 67;0
4.8642998470700e-04; 40; 15; 67;0
4.8644610760100e-04; 40; 15; 67;0
4.8646546819000e-04; 40; 15; 67;0
4.8648481692700e-04; 40; 15; 67;0
4.8650417755300e-04; 40; 15; 67;0
4.8652352616400e-04; 40; 15; 67;0
4.8654288678100e-04; 40; 15; 67;0
4.8656223546300e-04; 40; 15; 67;0
4.8658159622600e-04; 40; 15; 67;0
4.8660094485400e-04; 40; 15; 67;0
4.8662030535700e-04; 40; 15; 67;0
4.8663965403800e-04; 40; 15; 67;0
4.8665901475600e-04; 40; 15; 67;0
4.8667836328900e-04; 40; 15; 67;0
4.8669772400300e-04; 40; 15; 67;0
4.8671707257200e-04; 40; 15; 67;0
4.8673643321900e-04; 40; 15; 67;0
4.8675578212100e-04; 40; 15; 67;0
4.8677514271000e-04; 40; 15; 67;0
4.8679449153300e-04; 40; 15; 67;0
4.8681385227100e-04; 40; 15; 67;0
4.8683320097100e-04; 40; 15; 67;0
4.8685256191500e-04; 40; 15; 68;0
4.8687191082400e-04; 40; 15; 68;0
4.8689127182100e-04; 40; 15; 68;0
4.8691062061200e-04; 40; 15; 68;0
4.8692998162700e-04; 40; 15; 68;0
4.8694610470700e-04; 40; 15; 68;0
4.8696546551400e-04; 40; 15; 68;0
4.8698481448000e-04; 40; 15; 68;0
4.8700417542800e-04; 40; 15; 68;0
4.8702352440100e-04; 40; 15; 68;0
4.8704288530500e-04; 40; 15; 68;0
4.8706223427200e-04; 40; 15; 68;0
4.8708159519500e-04; 40; 15; 68;0
4.8710094423400e-04; 40; 15; 68;0
4.8712030529900e-04; 40; 15; 68;0
4.8713965418400e-04; 40; 15; 68;0
4.8715901506400e-04; 40; 15; 68;0
4.8717836394500e-04; 40; 15; 68;0
4.8719772494500e-04; 40; 15; 68;0
4.8721707380700e-04; 40; 15; 68;0
4.8723643478700e-04; 40; 15; 68;0
4.8725578372500e-04; 40; 15; 68;0
4.8727514470600e-04; 40; 15; 68;0
4.8729449359000e-04; 40; 15; 68;0
4.8731385451100e-04; 40; 15; 68;0
4.8733320333700e-04; 40; 15; 68;0
4.8735256432300e-04; 40; 15; 68;0
4.8737191328300e-04; 40; 15; 68;0
4.8739127427400e-04; 40; 15; 68;0
4.8741062323000e-04; 40; 15; 68;0
4.8742998411900e-04; 40; 15; 68;0
4.8744610722400e-04; 40; 15; 68;0
4.8746546823600e-04; 40; 15; 68;0
4.8748481727900e-04; 40; 15; 68;0
4.8750417806500e-04; 40; 15; 68;0
4.8752352690600e-04; 40; 15; 68;0
4.8754288778200e-04; 40; 15; 68;0
4.8756223660100e-04; 40; 15; 68;0
4.8758159759800e-04; 40; 15; 68;0
4.8760094643500e-04; 40; 15; 68;0
4.8762030742200e-04; 40; 15; 68;0
4.8763965640400e-04; 40; 15; 68;0
4.8765901734600e-04; 40; 15; 68;0
4.8767836626400e-04; 40; 15; 68;0
4.8769772706000e-04; 40; 15; 68;0
4.8771707605900e-04; 40; 15; 68;0
4.8773643662100e-04; 40; 15; 67;0
4.8775578520300e-04; 40; 15; 67;0
4.8777514588000e-04; 40; 15; 67;0
4.8779449462400e-04; 40; 15; 67;0
4.8781385529300e-04; 40; 15; 67;0
4.8783320383800e-04; 40; 15; 67;0
4.8785256478200e-04; 40; 15; 68;0
4.8787191374900e-04; 40; 15; 68;0
4.8789127454700e-04; 40; 15; 68;0
4.8791062355300e-04; 40; 15; 68;0
4.8792998459600e-04; 40; 15; 68;0
4.8794610759600e-04; 40; 15; 68;0
4.8796546838500e-04; 40; 15; 68;0
4.8798481721800e-04; 40; 15; 68;0
4.8800417821800e-04; 40; 15; 68;0
4.8802352709800e-04; 40; 15; 68;0
4.8804288796100e-04; 40; 15; 68;0
4.8806223682800e-04; 40; 15; 68;0
4.8808159759700e-04; 40; 15; 68;0
4.8810094673100e-04; 40; 15; 68;0
4.8812030777900e-04; 40; 15; 68;0
4.8813965684200e-04; 40; 15; 68;0
4.8815901770600e-04; 40; 15; 68;0
4.8817836666300e-04; 40; 15; 68;0
4.8819772771100e-04; 40; 15; 68;0
4.8821707650000e-04; 40; 15; 68;0
4.8823643731100e-04; 40; 15; 67;0
4.8825578600800e-04; 40; 15; 67;0
4.8827514655600e-04; 40; 15; 67;0
4.8829449526500e-04; 40; 15; 67;0
4.8831385592100e-04; 40; 15; 67;0
4.8833320449800e-04; 40; 15; 67;0
4.8835256520900e-04; 40; 15; 68;0
4.8837191409000e-04; 40; 15; 68;0
4.8839127480200e-04; 40; 15; 68;0
4.8841062373200e-04; 40; 15; 68;0
4.8842998475900e-04; 40; 15; 68;0
4.8844610784500e-04; 40; 15; 68;0
4.8846546877300e-04; 40; 15; 68;0
4.8848481762000e-04; 40; 15; 68;0
4.8850417859700e-04; 40; 15; 68;0
4.8852352735200e-04; 40; 15; 68;0
4.8854288821500e-04; 40; 15; 68;0
4.8856223700700e-04; 40; 15; 68;0
4.8858159786000e-04; 40; 15; 68;0
4.8860094676200e-04; 40; 15; 68;0
4.8862030780900e-04; 40; 15; 68;0
4.8863965679700e-04; 40; 15; 68;0
4.8865901766500e-04; 40; 15; 68;0
4.8867836653500e-04; 40; 15; 68;0
4.8869772753100e-04; 40; 15; 68;0
4.8871707637100e-04; 40; 15; 68;0
4.8873643701100e-04; 40; 15; 67;0
4.8875578566400e-04; 40; 15; 67;0
4.8877514636400e-04; 40; 15; 67;0
4.8879449490300e-04; 40; 15; 67;0
4.8881385557500e-04; 40; 15; 67;0
4.8883320415600e-04; 40; 15; 67;0
4.8885256469400e-04; 40; 15; 67;0
4.8887191340900e-04; 40; 15; 67;0
4.8889127401800e-04; 40; 15; 67;0
4.8891062273800e-04; 40; 15; 67;0
4.8892998352800e-04; 40; 15; 67;0
4.8894610635900e-04; 40; 15; 67;0
4.8896546701400e-04; 40; 15; 67;0
4.8898481570500e-04; 40; 15; 67;0
4.8900417625700e-04; 40; 15; 67;0
4.8902352494300e-04; 40; 15; 67;0
4.8904288571400e-04; 40; 15; 68;0
4.8906223457200e-04; 40; 15; 68;0
4.8908159552200e-04; 40; 15; 68;0
4.8910094425400e-04; 40; 15; 68;0
4.8912030535400e-04; 40; 15; 68;0
4.8913965436500e-04; 40; 15; 68;0
4.8915901552900e-04; 40; 15; 68;0
4.8917836437200e-04; 40; 15; 68;0
4.8919772526600e-04; 40; 15; 68;0
4.8921707430600e-04; 40; 15; 68;0
4.8923643530600e-04; 40; 15; 68;0
4.8925578423200e-04; 40; 15; 68;0
4.8927514518500e-04; 40; 15; 68;0
4.8929449419400e-04; 40; 15; 68;0
4.8931385505200e-04; 40; 15; 68;0
4.8933320399200e-04; 40; 15; 68;0
4.8935256485500e-04; 40; 15; 68;0
4.8937191367900e-04; 40; 15; 68;0
4.8939127448100e-04; 40; 15; 68;0
4.8941062334600e-04; 40; 15; 68;0
4.8942998418000e-04; 40; 15; 68;0
4.8944610732500e-04; 40; 15; 68;0
4.8946546835000e-04; 40; 15; 68;0
4.8948481716800e-04; 40; 15; 68;0
4.8950417795500e-04; 40; 15; 68;0
4.8952352677500e-04; 40; 15; 68;0
4.8954288776500e-04; 40; 15; 68;0
4.8956223665800e-04; 40; 15; 68;0
4.8958159754700e-04; 40; 15; 68;0
4.8960094632600e-04; 40; 15; 68;0
4.8962030725100e-04; 40; 15; 68;0
4.8963965606500e-04; 40; 15; 68;0
4.8965901709200e-04; 40; 15; 68;0
4.8967836578600e-04; 40; 15; 68;0
4.8969772679500e-04; 40; 15; 68;0
4.8971707575200e-04; 40; 15; 68;0
4.8973643650800e-04; 40; 15; 67;0
4.8975578519100e-04; 40; 15; 67;0
4.8977514578800e-04; 40; 15; 67;0
4.8979449445900e-04; 40; 15; 67;0
4.8981385529300e-04; 40; 15; 67;0
4.8983320400400e-04; 40; 15; 67;0
4.8985256495300e-04; 40; 15; 68;0
4.8987191392400e-04; 40; 15; 68;0
4.8989127468500e-04; 40; 15; 68;0
4.8991062369600e-04; 40; 15; 68;0
4.8992998457600e-04; 40; 15; 68;0
4.8994610771700e-04; 40; 15; 68;0
4.8996546862900e-04; 40; 15; 68;0
4.8998481766500e-04; 40; 15; 68;0
4.9000417848700e-04; 40; 15; 68;0
4.9002352745200e-04; 40; 15; 68;0
4.9004288843400e-04; 40; 15; 68;0
4.9006223737700e-04; 40; 15; 68;0
4.9008159816600e-04; 40; 15; 68;0
4.9010094706300e-04; 40; 15; 68;0
4.9012030784600e-04; 40; 15; 67;0
4.9013965648100e-04; 40; 15; 67;0
4.9015901726100e-04; 40; 15; 67;0
4.9017836583100e-04; 40; 15; 67;0
4.9019772643800e-04; 40; 15; 67;0
4.9021707502300e-04; 40; 15; 67;0
4.9023643563800e-04; 40; 15; 67;0
4.9025578439800e-04; 40; 15; 67;0
4.9027514488300e-04; 40; 15; 67;0
4.9029449339400e-04; 40; 15; 67;0
4.9031385421100e-04; 40; 15; 67;0
4.9033320296600e-04; 40; 15; 67;0
4.9035256367500e-04; 40; 15; 67;0
4.9037191226000e-04; 40; 15; 67;0
4.9039127290600e-04; 40; 15; 67;0
4.9041062174200e-04; 40; 15; 67;0
4.9042998276900e-04; 40; 15; 68;0
4.9044610594800e-04; 40; 15; 68;0
4.9046546677000e-04; 40; 15; 68;0
4.9048481581700e-04; 40; 15; 68;0
4.9050417670700e-04; 40; 15; 68;0
4.9052352555400e-04; 40; 15; 68;0
4.9054288639800e-04; 40; 15; 68;0
4.9056223524300e-04; 40; 15; 68;0
4.9058159616100e-04; 40; 15; 68;0
4.9060094495400e-04; 40; 15; 68;0
4.9062030577300e-04; 40; 15; 68;0
4.9063965468600e-04; 40; 15; 68;0
4.9065901554600e-04; 40; 15; 68;0
4.9067836455200e-04; 40; 15; 68;0
4.9069772547100e-04; 40; 15; 68;0
4.9071707437300e-04; 40; 15; 68;0
4.9073643534500e-04; 40; 15; 68;0
4.9075578411600e-04; 40; 15; 68;0
4.9077514515100e-04; 40; 15; 68;0
4.9079449406300e-04; 40; 15; 68;0
4.9081385502400e-04; 40; 15; 68;0
4.9083320387200e-04; 40; 15; 68;0
4.9085256476100e-04; 40; 15; 68;0
4.9087191374000e-04; 40; 15; 68;0
4.9089127455400e-04; 40; 15; 68;0
4.9091062346600e-04; 40; 15; 68;0
4.9092998444800e-04; 40; 15; 68;0
4.9094610747100e-04; 40; 15; 68;0
4.9096546815400e-04; 40; 15; 68;0
4.9098481714800e-04; 40; 15; 68;0
4.9100417810600e-04; 40; 15; 68;0
4.9102352697100e-04; 40; 15; 68;0
4.9104288790200e-04; 40; 15; 68;0
4.9106223681100e-04; 40; 15; 68;0
4.9108159793500e-04; 40; 15; 68;0
4.9110094684000e-04; 40; 15; 68;0
4.9112030788800e-04; 40; 15; 68;0
4.9113965684200e-04; 40; 15; 68;0
4.9115901766600e-04; 40; 15; 68;0
4.9117836673000e-04; 40; 15; 68;0
4.9119772755900e-04; 40; 15; 68;0
4.9121707637500e-04; 40; 15; 68;0
4.9123643698100e-04; 40; 15; 67;0
4.9125578575300e-04; 40; 15; 67;0
4.9127514659300e-04; 40; 15; 67;0
4.9129449533100e-04; 40; 15; 67;0
4.9131385605200e-04; 40; 15; 67;0
4.9133320468000e-04; 40; 15; 67;0
4.9135256567600e-04; 40; 15; 68;0
4.9137191445300e-04; 40; 15; 68;0
4.9139127538700e-04; 40; 15; 68;0
4.9141062434900e-04; 40; 15; 68;0
4.9142998531800e-04; 40; 15; 68;0
4.9144610828000e-04; 40; 15; 68;0
4.9146546932500e-04; 40; 15; 68;0
4.9148481819600e-04; 40; 15; 68;0
4.9150417913800e-04; 40; 15; 68;0
4.9152352796600e-04; 40; 15; 68;0
4.9154288887600e-04; 40; 15; 68;0
4.9156223792600e-04; 40; 15; 68;0
4.9158159891500e-04; 40; 15; 68;0
4.9160094769400e-04; 40; 15; 68;0
4.9162030860500e-04; 40; 15; 68;0
4.9163965755200e-04; 40; 15; 68;0
4.9165901810100e-04; 40; 15; 67;0
4.9167836667800e-04; 40; 15; 67;0
4.9169772741100e-04; 40; 15; 67;0
4.9171707621700e-04; 40; 15; 67;0
4.9173643691400e-04; 40; 15; 67;0
4.9175578576000e-04; 40; 15; 67;0
4.9177514649700e-04; 40; 15; 67;0
4.9179449521900e-04; 40; 15; 67;0
4.9181385588000e-04; 40; 15; 67;0
4.9183320455500e-04; 40; 15; 67;0
4.9185256520000e-04; 40; 15; 67;0
4.9187191393300e-04; 40; 15; 67;0
4.9189127472500e-04; 40; 15; 67;0
4.9191062330000e-04; 40; 15; 67;0
4.9192998419800e-04; 40; 15; 68;0
4.9194610728000e-04; 40; 15; 68;0
4.9196546813400e-04; 40; 15; 68;0
4.9198481703200e-04; 40; 15; 68;0
4.9200417801700e-04; 40; 15; 68;0
4.9202352688500e-04; 40; 15; 68;0
4.9204288771400e-04; 40; 15; 68;0
4.9206223658500e-04; 40; 15; 68;0
4.9208159750500e-04; 40; 15; 68;0
4.9210094631600e-04; 40; 15; 68;0
4.9212030718300e-04; 40; 15; 68;0
4.9213965621700e-04; 40; 15; 68;0
4.9215901699900e-04; 40; 15; 68;0
4.9217836595000e-04; 40; 15; 68;0
4.9219772710000e-04; 40; 15; 68;0
4.9221707589600e-04; 40; 15; 68;0
4.9223643643300e-04; 40; 15; 67;0
4.9225578525300e-04; 40; 15; 67;0
4.9227514579700e-04; 40; 15; 67;0
4.9229449468200e-04; 40; 15; 67;0
4.9231385537100e-04; 40; 15; 67;0
4.9233320395500e-04; 40; 15; 67;0
4.9235256484400e-04; 40; 15; 68;0
4.9237191384700e-04; 40; 15; 68;0
4.9239127472100e-04; 40; 15; 68;0
4.9241062363600e-04; 40; 15; 68;0
4.9242998457300e-04; 40; 15; 68;0
4.9244610758100e-04; 40; 15; 68;0
4.9246546844400e-04; 40; 15; 68;0
4.9248481741200e-04; 40; 15; 68;0
4.9250417839000e-04; 40; 15; 68;0
4.9252352733300e-04; 40; 15; 68;0
4.9254288809000e-04; 40; 15; 68;0
4.9256223687700e-04; 40; 15; 68;0
4.9258159771800e-04; 40; 15; 68;0
4.9260094672900e-04; 40; 15; 68;0
4.9262030758800e-04; 40; 15; 68;0
4.9263965669100e-04; 40; 15; 68;0
4.9265901760200e-04; 40; 15; 68;0
4.9267836674600e-04; 40; 15; 68;0
4.9269772745400e-04; 40; 15; 68;0
4.9271707635800e-04; 40; 15; 68;0
4.9273643706400e-04; 40; 15; 67;0
4.9275578561500e-04; 40; 15; 67;0
4.9277514629100e-04; 40; 15; 67;0
4.9279449480900e-04; 40; 15; 67;0
4.9281385536800e-04; 40; 15; 67;0
4.9283320395900e-04; 40; 15; 67;0
4.9285256487300e-04; 40; 15; 68;0
4.9287191372500e-04; 40; 15; 68;0
4.9289127478400e-04; 40; 15; 68;0
4.9291062367300e-04; 40; 15; 68;0
4.9292998457000e-04; 40; 15; 68;0
4.9294610761600e-04; 40; 15; 68;0
4.9296546836100e-04; 40; 15; 68;0
4.9298481736000e-04; 40; 15; 68;0
4.9300417817300e-04; 40; 15; 68;0
4.9302352715300e-04; 40; 15; 68;0
4.9304288819000e-04; 40; 15; 68;0
4.9306223721100e-04; 40; 15; 68;0
4.9308159815800e-04; 40; 15; 68;0
4.9310094701500e-04; 40; 15; 68;0
4.9312030788200e-04; 40; 15; 68;0
4.9313965696600e-04; 40; 15; 68;0
4.9315901778000e-04; 40; 15; 68;0
4.9317836666600e-04; 40; 15; 68;0
4.9319772756000e-04; 40; 15; 68;0
4.9321707645100e-04; 40; 15; 68;0
4.9323643748500e-04; 40; 15; 68;0
4.9325578638900e-04; 40; 15; 68;0
4.9327514732100e-04; 40; 15; 68;0
4.9329449614500e-04; 40; 15; 68;0
4.9331385710600e-04; 40; 15; 68;0
4.9333320582500e-04; 40; 15; 68;0
4.9335256669800e-04; 40; 15; 68;0
4.9337191550900e-04; 40; 15; 68;0
4.9339127645900e-04; 40; 15; 68;0
4.9341062522000e-04; 40; 15; 68;0
4.9342998620000e-04; 40; 15; 68;0
4.9344610934000e-04; 40; 15; 68;0
4.9346547016100e-04; 40; 15; 68;0
4.9348481921000e-04; 40; 15; 68;0
4.9350418020300e-04; 40; 15; 68;0
4.9352352918000e-04; 40; 15; 68;0
4.9354289007800e-04; 40; 15; 68;0
4.9356223895100e-04; 40; 15; 68;0
4.9358159982900e-04; 40; 15; 68;0
4.9360094862900e-04; 40; 15; 68;0
4.9362030954000e-04; 40; 15; 68;0
4.9363965844300e-04; 40; 15; 68;0
4.9365901931000e-04; 40; 15; 68;0
4.9367836826200e-04; 40; 15; 68;0
4.9369772906000e-04; 40; 15; 68;0
4.9371707793500e-04; 40; 15; 68;0
4.9373643869600e-04; 40; 15; 67;0
4.9375578720700e-04; 40; 15; 67;0
4.9377514780100e-04; 40; 15; 67;0
4.9379449645500e-04; 40; 15; 67;0
4.9381385709700e-04; 40; 15; 67;0
4.9383320575700e-04; 40; 15; 67;0
4.9385256632100e-04; 40; 15; 67;0
4.9387191485500e-04; 40; 15; 67;0
4.9389127547700e-04; 40; 15; 67;0
4.9391062411300e-04; 40; 15; 67;0
4.9392998477100e-04; 40; 15; 67;0
4.9394610779500e-04; 40; 15; 67;0
4.9396546843300e-04; 40; 15; 67;0
4.9398481720200e-04; 40; 15; 67;0
4.9400417776700e-04; 40; 15; 67;0
4.9402352662800e-04; 40; 15; 67;0
4.9404288756800e-04; 40; 15; 68;0
4.9406223650600e-04; 40; 15; 68;0
4.9408159741600e-04; 40; 15; 68;0
4.9410094621300e-04; 40; 15; 68;0
4.9412030708000e-04; 40; 15; 68;0
4.9413965609700e-04; 40; 15; 68;0
4.9415901684300e-04; 40; 15; 68;0
4.9417836574000e-04; 40; 15; 68;0
4.9419772651700e-04; 40; 15; 68;0
4.9421707547700e-04; 40; 15; 68;0
4.9423643649800e-04; 40; 15; 68;0
4.9425578539400e-04; 40; 15; 68;0
4.9427514632100e-04; 40; 15; 68;0
4.9429449513200e-04; 40; 15; 68;0
4.9431385602500e-04; 40; 15; 68;0
4.9433320484800e-04; 40; 15; 68;0
4.9435256576800e-04; 40; 15; 68;0
4.9437191464100e-04; 40; 15; 68;0
4.9439127553200e-04; 40; 15; 68;0
4.9441062458300e-04; 40; 15; 68;0
4.9442998562600e-04; 40; 15; 68;0
4.9444610865600e-04; 40; 15; 68;0
4.9446546967300e-04; 40; 15; 68;0
4.9448481854300e-04; 40; 15; 68;0
4.9450417947400e-04; 40; 15; 68;0
4.9452352827300e-04; 40; 15; 68;0
4.9454288916800e-04; 40; 15; 68;0
4.9456223797200e-04; 40; 15; 68;0
4.9458159876100e-04; 40; 15; 68;0
4.9460094765000e-04; 40; 15; 68;0
4.9462030855700e-04; 40; 15; 68;0
4.9463965741100e-04; 40; 15; 68;0
4.9465901818700e-04; 40; 15; 67;0
4.9467836681100e-04; 40; 15; 67;0
4.9469772733000e-04; 40; 15; 67;0
4.9471707605100e-04; 40; 15; 67;0
4.9473643666600e-04; 40; 15; 67;0
4.9475578521700e-04; 40; 15; 67;0
4.9477514577600e-04; 40; 15; 67;0
4.9479449459800e-04; 40; 15; 67;0
4.9481385524300e-04; 40; 15; 67;0
4.9483320386000e-04; 40; 15; 67;0
4.9485256448400e-04; 40; 15; 67;0
4.9487191317300e-04; 40; 15; 67;0
4.9489127381900e-04; 40; 15; 67;0
4.9491062244200e-04; 40; 15; 67;0
4.9492998339200e-04; 40; 15; 68;0
4.9494610656900e-04; 40; 15; 68;0
4.9496546768100e-04; 40; 15; 68;0
4.9498481656200e-04; 40; 15; 68;0
4.9500417736100e-04; 40; 15; 68;0
4.9502352625900e-04; 40; 15; 68;0
4.9504288725700e-04; 40; 15; 68;0
4.9506223622800e-04; 40; 15; 68;0
4.9508159709600e-04; 40; 15; 68;0
4.9510094602500e-04; 40; 15; 68;0
4.9512030684100e-04; 40; 15; 68;0
4.9513965571400e-04; 40; 15; 68;0
4.9515901653000e-04; 40; 15; 68;0
4.9517836555200e-04; 40; 15; 68;0
4.9519772650900e-04; 40; 15; 68;0
4.9521707552100e-04; 40; 15; 68;0
4.9523643629500e-04; 40; 15; 68;0
4.9525578536400e-04; 40; 15; 68;0
4.9527514634400e-04; 40; 15; 68;0
4.9529449530400e-04; 40; 15; 68;0
4.9531385615000e-04; 40; 15; 68;0
4.9533320502900e-04; 40; 15; 68;0
4.9535256581400e-04; 40; 15; 68;0
4.9537191460500e-04; 40; 15; 68;0
4.9539127554200e-04; 40; 15; 68;0
4.9541062437600e-04; 40; 15; 68;0
4.9542998527700e-04; 40; 15; 68;0
4.9544610822100e-04; 40; 15; 68;0
4.9546546919700e-04; 40; 15; 68;0
4.9548481807400e-04; 40; 15; 68;0
4.9550417894800e-04; 40; 15; 68;0
4.9552352789200e-04; 40; 15; 68;0
4.9554288873400e-04; 40; 15; 68;0
4.9556223752600e-04; 40; 15; 68;0
4.9558159835600e-04; 40; 15; 68;0
4.9560094736300e-04; 40; 15; 68;0
4.9562030820300e-04; 40; 15; 68;0
4.9563965701600e-04; 40; 15; 68;0
4.9565901797500e-04; 40; 15; 68;0
4.9567836689900e-04; 40; 15; 68;0
4.9569772798300e-04; 40; 15; 68;0
4.9571707671100e-04; 40; 15; 68;0
4.9573643729600e-04; 40; 15; 67;0
4.9575578597800e-04; 40; 15; 67;0
4.9577514668600e-04; 40; 15; 67;0
4.9579449542500e-04; 40; 15; 67;0
4.9581385605900e-04; 40; 15; 68;0
4.9583320494000e-04; 40; 15; 68;0
4.9585256595500e-04; 40; 15; 68;0
4.9587191473700e-04; 40; 15; 68;0
4.9589127574900e-04; 40; 15; 68;0
4.9591062457500e-04; 40; 15; 68;0
4.9592998550600e-04; 40; 15; 68;0
4.9594610861900e-04; 40; 15; 68;0
4.9596546953000e-04; 40; 15; 68;0
4.9598481853400e-04; 40; 15; 68;0
4.9600417945700e-04; 40; 15; 68;0
4.9602352836700e-04; 40; 15; 68;0
4.9604288930900e-04; 40; 15; 68;0
4.9606223815300e-04; 40; 15; 68;0
4.9608159910100e-04; 40; 15; 68;0
4.9610094816800e-04; 40; 15; 68;0
4.9612030905400e-04; 40; 15; 68;0
4.9613965795600e-04; 40; 15; 68;0
4.9615901866700e-04; 40; 15; 67;0
4.9617836713800e-04; 40; 15; 67;0
4.9619772800000e-04; 40; 15; 67;0
4.9621707649300e-04; 40; 15; 67;0
4.9623643741900e-04; 40; 15; 67;0
4.9625578599500e-04; 40; 15; 67;0
4.9627514678400e-04; 40; 15; 67;0
4.9629449543300e-04; 40; 15; 67;0
4.9631385609100e-04; 40; 15; 67;0
4.9633320467400e-04; 40; 15; 67;0
4.9635256544600e-04; 40; 15; 68;0
4.9637191417700e-04; 40; 15; 68;0
4.9639127494700e-04; 40; 15; 68;0
4.9641062382300e-04; 40; 15; 68;0
4.9642998475300e-04; 40; 15; 68;0
4.9644610785500e-04; 40; 15; 68;0
4.9646546880500e-04; 40; 15; 68;0
4.9648481777000e-04; 40; 15; 68;0
4.9650417842800e-04; 40; 15; 68;0
4.9652352724800e-04; 40; 15; 68;0
4.9654288823900e-04; 40; 15; 68;0
4.9656223719200e-04; 40; 15; 68;0
4.9658159809000e-04; 40; 15; 68;0
4.9660094711900e-04; 40; 15; 68;0
4.9662030796500e-04; 40; 15; 68;0
4.9663965706000e-04; 40; 15; 68;0
4.9665901786000e-04; 40; 15; 68;0
4.9667836690100e-04; 40; 15; 68;0
4.9669772780000e-04; 40; 15; 68;0
4.9671707676100e-04; 40; 15; 68;0
4.9673643741000e-04; 40; 15; 67;0
4.9675578618800e-04; 40; 15; 67;0
4.9677514668200e-04; 40; 15; 67;0
4.9679449536200e-04; 40; 15; 67;0
4.9681385598500e-04; 40; 15; 67;0
4.9683320469600e-04; 40; 15; 67;0
4.9685256552100e-04; 40; 15; 67;0
4.9687191412200e-04; 40; 15; 67;0
4.9689127472200e-04; 40; 15; 67;0
4.9691062349800e-04; 40; 15; 67;0
4.9692998451800e-04; 40; 15; 68;0
4.9694610743900e-04; 40; 15; 68;0
4.9696546838500e-04; 40; 15; 68;0
4.9698481724300e-04; 40; 15; 68;0
4.9700417822800e-04; 40; 15; 68;0
4.9702352721700e-04; 40; 15; 68;0
4.9704288802400e-04; 40; 15; 68;0
4.9706223689800e-04; 40; 15; 68;0
4.9708159772700e-04; 40; 15; 68;0
4.9710094659300e-04; 40; 15; 68;0
4.9712030761600e-04; 40; 15; 68;0
4.9713965645100e-04; 40; 15; 68;0
4.9715901748900e-04; 40; 15; 68;0
4.9717836637600e-04; 40; 15; 68;0
4.9719772720500e-04; 40; 15; 68;0
4.9721707625200e-04; 40; 15; 68;0
4.9723643697400e-04; 40; 15; 67;0
4.9725578552500e-04; 40; 15; 67;0
4.9727514624300e-04; 40; 15; 67;0
4.9729449480600e-04; 40; 15; 67;0
4.9731385562600e-04; 40; 15; 68;0
4.9733320455900e-04; 40; 15; 68;0
4.9735256560900e-04; 40; 15; 68;0
4.9737191451100e-04; 40; 15; 68;0
4.9739127544000e-04; 40; 15; 68;0
4.9741062444200e-04; 40; 15; 68;0
4.9742998532500e-04; 40; 15; 68;0
4.9744610841100e-04; 40; 15; 68;0
4.9746546931400e-04; 40; 15; 68;0
4.9748481822200e-04; 40; 15; 68;0
4.9750417916400e-04; 40; 15; 68;0
4.9752352812100e-04; 40; 15; 68;0
4.9754288907900e-04; 40; 15; 68;0
4.9756223799700e-04; 40; 15; 68;0
4.9758159915300e-04; 40; 15; 68;0
4.9760094805000e-04; 40; 15; 68;0
4.9762030892200e-04; 40; 15; 68;0
4.9763965772600e-04; 40; 15; 68;0
4.9765901874600e-04; 40; 15; 68;0
4.9767836772000e-04; 40; 15; 68;0
4.9769772874900e-04; 40; 15; 68;0
4.9771707782100e-04; 40; 15; 68;0
4.9773643847000e-04; 40; 15; 67;0
4.9775578694500e-04; 40; 15; 67;0
4.9777514761000e-04; 40; 15; 67;0
4.9779449630400e-04; 40; 15; 67;0
4.9781385702200e-04; 40; 15; 67;0
4.9783320551000e-04; 40; 15; 67;0
4.9785256626000e-04; 40; 15; 67;0
4.9787191503600e-04; 40; 15; 67;0
4.9789127572100e-04; 40; 15; 67;0
4.9791062408600e-04; 40; 15; 67;0
4.9792998505100e-04; 40; 15; 68;0
4.9794610811800e-04; 40; 15; 68;0
4.9796546912000e-04; 40; 15; 68;0
4.9798481812700e-04; 40; 15; 68;0
4.9800417899000e-04; 40; 15; 68;0
4.9802352791900e-04; 40; 15; 68;0
4.9804288888900e-04; 40; 15; 68;0
4.9806223761300e-04; 40; 15; 68;0
4.9808159860300e-04; 40; 15; 68;0
4.9810094748100e-04; 40; 15; 68;0
4.9812030847000e-04; 40; 15; 68;0
4.9813965729900e-04; 40; 15; 68;0
4.9815901827800e-04; 40; 15; 68;0
4.9817836719800e-04; 40; 15; 68;0
4.9819772817300e-04; 40; 15; 68;0
4.9821707709600e-04; 40; 15; 68;0
4.9823643763900e-04; 40; 15; 67;0
4.9825578634100e-04; 40; 15; 67;0
4.9827514696300e-04; 40; 15; 67;0
4.9829449564000e-04; 40; 15; 67;0
4.9831385652500e-04; 40; 15; 68;0
4.9833320550900e-04; 40; 15; 68;0
4.9835256636300e-04; 40; 15; 68;0
4.9837191537400e-04; 40; 15; 68;0
4.9839127623600e-04; 40; 15; 68;0
4.9841062521400e-04; 40; 15; 68;0
4.9842998604600e-04; 40; 15; 68;0
4.9844610921900e-04; 40; 15; 68;0
4.9846547005200e-04; 40; 15; 68;0
4.9848481875100e-04; 40; 15; 68;0
4.9850417977200e-04; 40; 15; 68;0
4.9852352858400e-04; 40; 15; 68;0
4.9854288951800e-04; 40; 15; 68;0
4.9856223849700e-04; 40; 15; 68;0
4.9858159943300e-04; 40; 15; 68;0
4.9860094816600e-04; 40; 15; 68;0
4.9862030905900e-04; 40; 15; 68;0
4.9863965796200e-04; 40; 15; 68;0
4.9865901896600e-04; 40; 15; 68;0
4.9867836788500e-04; 40; 15; 68;0
4.9869772863700e-04; 40; 15; 67;0
4.9871707722800e-04; 40; 15; 67;0
4.9873643793300e-04; 40; 15; 67;0
4.9875578656100e-04; 40; 15; 67;0
4.9877514712500e-04; 40; 15; 67;0
4.9879449589000e-04; 40; 15; 67;0
4.9881385642500e-04; 40; 15; 67;0
4.9883320503400e-04; 40; 15; 67;0
4.9885256563500e-04; 40; 15; 67;0
4.9887191437100e-04; 40; 15; 67;0
4.9889127506300e-04; 40; 15; 67;0
4.9891062385100e-04; 40; 15; 67;0
4.9892998476800e-04; 40; 15; 68;0
4.9894610788400e-04; 40; 15; 68;0
4.9896546876700e-04; 40; 15; 68;0
4.9898481760800e-04; 40; 15; 68;0
4.9900417851400e-04; 40; 15; 68;0
4.9902352740400e-04; 40; 15; 68;0
4.9904288836500e-04; 40; 15; 68;0
4.9906223730500e-04; 40; 15; 68;0
4.9908159827000e-04; 40; 15; 68;0
4.9910094713300e-04; 40; 15; 68;0
4.9912030811400e-04; 40; 15; 68;0
4.9913965690200e-04; 40; 15; 68;0
4.9915901782100e-04; 40; 15; 68;0
4.9917836671200e-04; 40; 15; 68;0
4.9919772763100e-04; 40; 15; 68;0
4.9921707651400e-04; 40; 15; 68;0
4.9923643704500e-04; 40; 15; 67;0
4.9925578587000e-04; 40; 15; 67;0
4.9927514638400e-04; 40; 15; 67;0
4.9929449508600e-04; 40; 15; 67;0
4.9931385580900e-04; 40; 15; 68;0
4.9933320487700e-04; 40; 15; 68;0
4.9935256570300e-04; 40; 15; 68;0
4.9937191463900e-04; 40; 15; 68;0
4.9939127553800e-04; 40; 15; 68;0
4.9941062441000e-04; 40; 15; 68;0
4.9942998540000e-04; 40; 15; 68;0
4.9944610859400e-04; 40; 15; 68;0
4.9946546951600e-04; 40; 15; 68;0
4.9948481830100e-04; 40; 15; 68;0
4.9950417922400e-04; 40; 15; 68;0
4.9952352810300e-04; 40; 15; 68;0
4.9954288898300e-04; 40; 15; 68;0
4.9956223787600e-04; 40; 15; 68;0
4.9958159876600e-04; 40; 15; 68;0
4.9960094771800e-04; 40; 15; 68;0
4.9962030847500e-04; 40; 15; 68;0
4.9963965730500e-04; 40; 15; 68;0
4.9965901797100e-04; 40; 15; 67;0
4.9967836683700e-04; 40; 15; 67;0
4.9969772765200e-04; 40; 15; 67;0
4.9971707634900e-04; 40; 15; 67;0
4.9973643696000e-04; 40; 15; 67;0
4.9975578557900e-04; 40; 15; 67;0
4.9977514633700e-04; 40; 15; 67;0
4.9979449494600e-04; 40; 15; 67;0
4.9981385552600e-04; 40; 15; 67;0
4.9983320418500e-04; 40; 15; 67;0
4.9985256476800e-04; 40; 15; 67;0
4.9987191335300e-04; 40; 15; 67;0
4.9989127389900e-04; 40; 15; 67;0
4.9991062260700e-04; 40; 15; 67;0
4.9992998357900e-04; 40; 15; 68;0
4.9994610673300e-04; 40; 15; 68;0
4.9996546775600e-04; 40; 15; 68;0
4.9998481654300e-04; 40; 15; 68;0
5.0000417742000e-04; 40; 15; 68;0
5.0002352629200e-04; 40; 15; 68;0
5.0004288731500e-04; 40; 15; 68;0
5.0006223604300e-04; 40; 15; 68;0
5.0008159694600e-04; 40; 15; 68;0
5.0010094589600e-04; 40; 15; 68;0
5.0012030665800e-04; 40; 15; 68;0
5.0013965561300e-04; 40; 15; 68;0
5.0015901646000e-04; 40; 15; 68;0
5.0017836540800e-04; 40; 15; 68;0
5.0019772625700e-04; 40; 15; 68;0
5.0021707518900e-04; 40; 15; 68;0
5.0023643601800e-04; 40; 15; 68;0
5.0025578488300e-04; 40; 15; 68;0
5.0027514583200e-04; 40; 15; 68;0
5.0029449481700e-04; 40; 15; 68;0
5.0031385579800e-04; 40; 15; 68;0
5.0033320456900e-04; 40; 15; 68;0
5.0035256556300e-04; 40; 15; 68;0
5.0037191458100e-04; 40; 15; 68;0
5.0039127557600e-04; 40; 15; 68;0
5.0041062430300e-04; 40; 15; 68;0
5.0042998527400e-04; 40; 15; 68;0
5.0044610834300e-04; 40; 15; 68;0
5.0046546932100e-04; 40; 15; 68;0
5.0048481817600e-04; 40; 15; 68;0
5.0050417909700e-04; 40; 15; 68;0
5.0052352817100e-04; 40; 15; 68;0
5.0054288913500e-04; 40; 15; 68;0
5.0056223813300e-04; 40; 15; 68;0
5.0058159893500e-04; 40; 15; 68;0
5.0060094772600e-04; 40; 15; 68;0
5.0062030854600e-04; 40; 15; 68;0
5.0063965755100e-04; 40; 15; 68;0
5.0065901824000e-04; 40; 15; 68;0
5.0067836708800e-04; 40; 15; 68;0
5.0069772793700e-04; 40; 15; 68;0
5.0071707688600e-04; 40; 15; 68;0
5.0073643753200e-04; 40; 15; 67;0
5.0075578622100e-04; 40; 15; 67;0
5.0077514694900e-04; 40; 15; 67;0
5.0079449542700e-04; 40; 15; 67;0
5.0081385628500e-04; 40; 15; 68;0
5.0083320524200e-04; 40; 15; 68;0
5.0085256605900e-04; 40; 15; 68;0
5.0087191495900e-04; 40; 15; 68;0
5.0089127591500e-04; 40; 15; 68;0
5.0091062483600e-04; 40; 15; 68;0
5.0092998571800e-04; 40; 15; 68;0
5.0094610872500e-04; 40; 15; 68;0
5.0096546966700e-04; 40; 15; 68;0
5.0098481848200e-04; 40; 15; 68;0
5.0100417930800e-04; 40; 15; 68;0
5.0102352827300e-04; 40; 15; 68;0
5.0104288907500e-04; 40; 15; 68;0
5.0106223778000e-04; 40; 15; 68;0
5.0108159867600e-04; 40; 15; 68;0
5.0110094762800e-04; 40; 15; 68;0
5.0112030857600e-04; 40; 15; 68;0
5.0113965747600e-04; 40; 15; 68;0
5.0115901854600e-04; 40; 15; 68;0
5.0117836744000e-04; 40; 15; 68;0
5.0119772836000e-04; 40; 15; 68;0
5.0121707716800e-04; 40; 15; 68;0
5.0123643794300e-04; 40; 15; 67;0
5.0125578672100e-04; 40; 15; 67;0
5.0127514750500e-04; 40; 15; 67;0
5.0129449618000e-04; 40; 15; 67;0
5.0131385687200e-04; 40; 15; 67;0
5.0133320551900e-04; 40; 15; 67;0
5.0135256617900e-04; 40; 15; 67;0
5.0137191484000e-04; 40; 15; 67;0
5.0139127544900e-04; 40; 15; 67;0
5.0141062405100e-04; 40; 15; 67;0
5.0142998505900e-04; 40; 15; 68;0
5.0144610827000e-04; 40; 15; 68;0
5.0146546915700e-04; 40; 15; 68;0
5.0148481796400e-04; 40; 15; 68;0
5.0150417885900e-04; 40; 15; 68;0
5.0152352781000e-04; 40; 15; 68;0
5.0154288858600e-04; 40; 15; 68;0
5.0156223749700e-04; 40; 15; 68;0
5.0158159839300e-04; 40; 15; 68;0
5.0160094726300e-04; 40; 15; 68;0
5.0162030832200e-04; 40; 15; 68;0
5.0163965718100e-04; 40; 15; 68;0
5.0165901800400e-04; 40; 15; 68;0
5.0167836678500e-04; 40; 15; 68;0
5.0169772771000e-04; 40; 15; 68;0
5.0171707665400e-04; 40; 15; 68;0
5.0173643750600e-04; 40; 15; 67;0
5.0175578611100e-04; 40; 15; 67;0
5.0177514668800e-04; 40; 15; 67;0
5.0179449540400e-04; 40; 15; 67;0
5.0181385635000e-04; 40; 15; 68;0
5.0183320509800e-04; 40; 15; 68;0
5.0185256604700e-04; 40; 15; 68;0
5.0187191492700e-04; 40; 15; 68;0
5.0189127581800e-04; 40; 15; 68;0
5.0191062483900e-04; 40; 15; 68;0
5.0192998571900e-04; 40; 15; 68;0
5.0194610873300e-04; 40; 15; 68;0
5.0196546956300e-04; 40; 15; 68;0
5.0198481849200e-04; 40; 15; 68;0
5.0200417924700e-04; 40; 15; 68;0
5.0202352827200e-04; 40; 15; 68;0
5.0204288897800e-04; 40; 15; 68;0
5.0206223799400e-04; 40; 15; 68;0
5.0208159901800e-04; 40; 15; 68;0
5.0210094792400e-04; 40; 15; 68;0
5.0212030881800e-04; 40; 15; 68;0
5.0213965764700e-04; 40; 15; 68;0
5.0215901867500e-04; 40; 15; 68;0
5.0217836761000e-04; 40; 15; 68;0
5.0219772841800e-04; 40; 15; 68;0
5.0221707734700e-04; 40; 15; 68;0
5.0223643801900e-04; 40; 15; 67;0
5.0225578661900e-04; 40; 15; 67;0
5.0227514720400e-04; 40; 15; 67;0
5.0229449576600e-04; 40; 15; 67;0
5.0231385652600e-04; 40; 15; 67;0
5.0233320515700e-04; 40; 15; 67;0
5.0235256588700e-04; 40; 15; 67;0
5.0237191455300e-04; 40; 15; 67;0
5.0239127526100e-04; 40; 15; 67;0
5.0241062381400e-04; 40; 15; 67;0
5.0242998510200e-04; 40; 15; 68;0
5.0244610808600e-04; 40; 15; 68;0
5.0246546906300e-04; 40; 15; 68;0
5.0248481789100e-04; 40; 15; 68;0
5.0250417876600e-04; 40; 15; 68;0
5.0252352783300e-04; 40; 15; 68;0
5.0254288864000e-04; 40; 15; 68;0
5.0256223764100e-04; 40; 15; 68;0
5.0258159861400e-04; 40; 15; 68;0
5.0260094746500e-04; 40; 15; 68;0
5.0262030846200e-04; 40; 15; 68;0
5.0263965725300e-04; 40; 15; 68;0
5.0265901827100e-04; 40; 15; 68;0
5.0267836720000e-04; 40; 15; 68;0
5.0269772817200e-04; 40; 15; 68;0
5.0271707718300e-04; 40; 15; 68;0
5.0273643781000e-04; 40; 15; 67;0
5.0275578653600e-04; 40; 15; 67;0
5.0277514712200e-04; 40; 15; 67;0
5.0279449556600e-04; 40; 15; 67;0
5.0281385633800e-04; 40; 15; 67;0
5.0283320496500e-04; 40; 15; 67;0
5.0285256565800e-04; 40; 15; 67;0
5.0287191429000e-04; 40; 15; 67;0
5.0289127488100e-04; 40; 15; 67;0
5.0291062363900e-04; 40; 15; 67;0
5.0292998446500e-04; 40; 15; 68;0
5.0294610764300e-04; 40; 15; 68;0
5.0296546869400e-04; 40; 15; 68;0
5.0298481767600e-04; 40; 15; 68;0
5.0300417866700e-04; 40; 15; 68;0
5.0302352752200e-04; 40; 15; 68;0
5.0304288834500e-04; 40; 15; 68;0
5.0306223731000e-04; 40; 15; 68;0
5.0308159845400e-04; 40; 15; 68;0
5.0310094722600e-04; 40; 15; 68;0
5.0312030814700e-04; 40; 15; 68;0
5.0313965725300e-04; 40; 15; 68;0
5.0315901804100e-04; 40; 15; 68;0
5.0317836687400e-04; 40; 15; 68;0
5.0319772771900e-04; 40; 15; 68;0
5.0321707650700e-04; 40; 15; 68;0
5.0323643748300e-04; 40; 15; 68;0
5.0325578627400e-04; 40; 15; 68;0
5.0327514702400e-04; 40; 15; 68;0
5.0329449597000e-04; 40; 15; 68;0
5.0331385689000e-04; 40; 15; 68;0
5.0333320576000e-04; 40; 15; 68;0
5.0335256669300e-04; 40; 15; 68;0
5.0337191565900e-04; 40; 15; 68;0
5.0339127653700e-04; 40; 15; 68;0
5.0341062551800e-04; 40; 15; 68;0
5.0342998615200e-04; 40; 15; 68;0
5.0344610932300e-04; 40; 15; 68;0
5.0346547021100e-04; 40; 15; 68;0
5.0348481919400e-04; 40; 15; 68;0
5.0350418004800e-04; 40; 15; 68;0
5.0352352885000e-04; 40; 15; 68;0
5.0354288984300e-04; 40; 15; 68;0
5.0356223869800e-04; 40; 15; 68;0
5.0358159933500e-04; 40; 15; 67;0
5.0360094796100e-04; 40; 15; 67;0
5.0362030861900e-04; 40; 15; 67;0
5.0363965732100e-04; 40; 15; 67;0
5.0365901811100e-04; 40; 15; 67;0
5.0367836680900e-04; 40; 15; 67;0
5.0369772755400e-04; 40; 15; 67;0
5.0371707618200e-04; 40; 15; 67;0
5.0373643670900e-04; 40; 15; 67;0
5.0375578539100e-04; 40; 15; 67;0
5.0377514619000e-04; 40; 15; 67;0
5.0379449481800e-04; 40; 15; 67;0
5.0381385551800e-04; 40; 15; 67;0
5.0383320417900e-04; 40; 15; 67;0
5.0385256479500e-04; 40; 15; 67;0
5.0387191343400e-04; 40; 15; 67;0
5.0389127405400e-04; 40; 15; 67;0
5.0391062259100e-04; 40; 15; 67;0
5.0392998325100e-04; 40; 15; 67;0
5.0394610622000e-04; 40; 15; 67;0
5.0396546686500e-04; 40; 15; 67;0
5.0398481559800e-04; 40; 15; 67;0
5.0400417657400e-04; 40; 15; 68;0
5.0402352540000e-04; 40; 15; 68;0
5.0404288627700e-04; 40; 15; 68;0
5.0406223519500e-04; 40; 15; 68;0
5.0408159610200e-04; 40; 15; 68;0
5.0410094502300e-04; 40; 15; 68;0
5.0412030605200e-04; 40; 15; 68;0
5.0413965499600e-04; 40; 15; 68;0
5.0415901593600e-04; 40; 15; 68;0
5.0417836498200e-04; 40; 15; 68;0
5.0419772587400e-04; 40; 15; 68;0
5.0421707469600e-04; 40; 15; 68;0
5.0423643556700e-04; 40; 15; 68;0
5.0425578457600e-04; 40; 15; 68;0
5.0427514540100e-04; 40; 15; 68;0
5.0429449426700e-04; 40; 15; 68;0
5.0431385516000e-04; 40; 15; 68;0
5.0433320406000e-04; 40; 15; 68;0
5.0435256507000e-04; 40; 15; 68;0
5.0437191392800e-04; 40; 15; 68;0
5.0439127505900e-04; 40; 15; 68;0
5.0441062390200e-04; 40; 15; 68;0
5.0442998476700e-04; 40; 15; 68;0
5.0444610777900e-04; 40; 15; 68;0
5.0446546868900e-04; 40; 15; 68;0
5.0448481747900e-04; 40; 15; 68;0
5.0450417842100e-04; 40; 15; 68;0
5.0452352737200e-04; 40; 15; 68;0
5.0454288824000e-04; 40; 15; 68;0
5.0456223724300e-04; 40; 15; 68;0
5.0458159807900e-04; 40; 15; 68;0
5.0460094693800e-04; 40; 15; 68;0
5.0462030797000e-04; 40; 15; 68;0
5.0463965667000e-04; 40; 15; 68;0
5.0465901763800e-04; 40; 15; 68;0
5.0467836654400e-04; 40; 15; 68;0
5.0469772741000e-04; 40; 15; 68;0
5.0471707624900e-04; 40; 15; 68;0
5.0473643711500e-04; 40; 15; 67;0
5.0475578587500e-04; 40; 15; 67;0
5.0477514639600e-04; 40; 15; 67;0
5.0479449520200e-04; 40; 15; 67;0
5.0481385598300e-04; 40; 15; 68;0
5.0483320477800e-04; 40; 15; 68;0
5.0485256579500e-04; 40; 15; 68;0
5.0487191465000e-04; 40; 15; 68;0
5.0489127563600e-04; 40; 15; 68;0
5.0491062449000e-04; 40; 15; 68;0
5.0492998539400e-04; 40; 15; 68;0
5.0494610858400e-04; 40; 15; 68;0
5.0496546947200e-04; 40; 15; 68;0
5.0498481850100e-04; 40; 15; 68;0
5.0500417944800e-04; 40; 15; 68;0
5.0502352821400e-04; 40; 15; 68;0
5.0504288913700e-04; 40; 15; 68;0
5.0506223788500e-04; 40; 15; 68;0
5.0508159887200e-04; 40; 15; 68;0
5.0510094789200e-04; 40; 15; 68;0
5.0512030886700e-04; 40; 15; 68;0
5.0513965764000e-04; 40; 15; 68;0
5.0515901845100e-04; 40; 15; 68;0
5.0517836731000e-04; 40; 15; 68;0
5.0519772837200e-04; 40; 15; 68;0
5.0521707731800e-04; 40; 15; 68;0
5.0523643790000e-04; 40; 15; 67;0
5.0525578662400e-04; 40; 15; 67;0
5.0527514739200e-04; 40; 15; 67;0
5.0529449600000e-04; 40; 15; 67;0
5.0531385693300e-04; 40; 15; 68;0
5.0533320597200e-04; 40; 15; 68;0
5.0535256678000e-04; 40; 15; 68;0
5.0537191559500e-04; 40; 15; 68;0
5.0539127656200e-04; 40; 15; 68;0
5.0541062556900e-04; 40; 15; 68;0
5.0542998638700e-04; 40; 15; 68;0
5.0544610944600e-04; 40; 15; 68;0
5.0546547017400e-04; 40; 15; 68;0
5.0548481908800e-04; 40; 15; 68;0
5.0550418002600e-04; 40; 15; 68;0
5.0552352893300e-04; 40; 15; 68;0
5.0554288970100e-04; 40; 15; 68;0
5.0556223855600e-04; 40; 15; 68;0
5.0558159957100e-04; 40; 15; 68;0
5.0560094854600e-04; 40; 15; 68;0
5.0562030933500e-04; 40; 15; 68;0
5.0563965831400e-04; 40; 15; 68;0
5.0565901907200e-04; 40; 15; 67;0
5.0567836777600e-04; 40; 15; 67;0
5.0569772852800e-04; 40; 15; 67;0
5.0571707715700e-04; 40; 15; 67;0
5.0573643780000e-04; 40; 15; 67;0
5.0575578641200e-04; 40; 15; 67;0
5.0577514722100e-04; 40; 15; 67;0
5.0579449570800e-04; 40; 15; 67;0
5.0581385648200e-04; 40; 15; 67;0
5.0583320518900e-04; 40; 15; 67;0
5.0585256574800e-04; 40; 15; 67;0
5.0587191453800e-04; 40; 15; 67;0
5.0589127526000e-04; 40; 15; 67;0
5.0591062410100e-04; 40; 15; 67;0
5.0592998501400e-04; 40; 15; 68;0
5.0594610799200e-04; 40; 15; 68;0
5.0596546876300e-04; 40; 15; 68;0
5.0598481771700e-04; 40; 15; 68;0
5.0600417861600e-04; 40; 15; 68;0
5.0602352758100e-04; 40; 15; 68;0
5.0604288837700e-04; 40; 15; 68;0
5.0606223731700e-04; 40; 15; 68;0
5.0608159814700e-04; 40; 15; 68;0
5.0610094711000e-04; 40; 15; 68;0
5.0612030787100e-04; 40; 15; 68;0
5.0613965672700e-04; 40; 15; 68;0
5.0615901765400e-04; 40; 15; 68;0
5.0617836665000e-04; 40; 15; 68;0
5.0619772720000e-04; 40; 15; 67;0
5.0621707571900e-04; 40; 15; 67;0
5.0623643641900e-04; 40; 15; 67;0
5.0625578520100e-04; 40; 15; 67;0
5.0627514575600e-04; 40; 15; 67;0
5.0629449429900e-04; 40; 15; 67;0
5.0631385488300e-04; 40; 15; 67;0
5.0633320348200e-04; 40; 15; 67;0
5.0635256396600e-04; 40; 15; 67;0
5.0637191254000e-04; 40; 15; 67;0
5.0639127337400e-04; 40; 15; 67;0
5.0641062201900e-04; 40; 15; 67;0
5.0642998288200e-04; 40; 15; 68;0
5.0644610602600e-04; 40; 15; 68;0
5.0646546695000e-04; 40; 15; 68;0
5.0648481573200e-04; 40; 15; 68;0
5.0650417660500e-04; 40; 15; 68;0
5.0652352544400e-04; 40; 15; 68;0
5.0654288641600e-04; 40; 15; 68;0
5.0656223535200e-04; 40; 15; 68;0
5.0658159638400e-04; 40; 15; 68;0
5.0660094532300e-04; 40; 15; 68;0
5.0662030626800e-04; 40; 15; 68;0
5.0663965523000e-04; 40; 15; 68;0
