1.4615368380000e-06;          0
1.5256446750000e-06;          0
1.5454670840000e-06;          0
1.5619790350000e-06;          0
1.5818066870000e-06;          0
1.6016225380000e-06;          0
1.6214503490000e-06;          0
1.6412660440000e-06;          0
1.6577898130000e-06;          0
1.6776055440000e-06;          0
1.6974332010000e-06;          0
1.7172489460000e-06;          0
1.7370767190000e-06;          0
1.7568923620000e-06;          0
1.7734164340000e-06;          0
1.7932321520000e-06;          0
1.8130599790000e-06;          0
1.8328756380000e-06;          0
1.8527032100000e-06;          0
1.8692153490000e-06;          0
1.8890431400000e-06;          0
1.9088588390000e-06;          0
1.9286864250000e-06;          0
1.9485022860000e-06;          0
1.9683298650000e-06;          0
1.9848419670000e-06;          0
2.0046698270000e-06;          0
2.0244855220000e-06;          0
2.0443131930000e-06;          0
2.0641288910000e-06;          0
2.0839564460000e-06;          0
2.1004687380000e-06;          0
2.1202964090000e-06;          0
2.1401121450000e-06;          0
2.1599398830000e-06;          0
2.1797553540000e-06;          0
2.1962795420000e-06;          0
2.2160950470000e-06;          0
2.2359228090000e-06;          0
2.2557385660000e-06;          0
2.2755661930000e-06;          0
2.2953819390000e-06;          0
2.3119060290000e-06;          0
2.3317217330000e-06;          0
2.3515493860000e-06;          0
2.3713652280000e-06;          0
2.3911928270000e-06;          0
2.4077049370000e-06;          0
2.4275326390000e-06;          0
2.4473485160000e-06;          0
2.4671761980000e-06;          0
2.4869919920000e-06;          0
2.5068196470000e-06;          0
2.5233316150000e-06;          0
2.5431593270000e-06;          0
2.5629749840000e-06;          0
2.5828027420000e-06;          0
2.6026184470000e-06;          0
2.6224462400000e-06;          0
2.6389582580000e-06;          0
2.6587859110000e-06;          0
2.6786015420000e-06;          0
2.6984292130000e-06;          0
2.7182450740000e-06;          0
2.7347692620000e-06;          0
2.7545849010000e-06;          0
2.7744127940000e-06;          0
2.7942284900000e-06;          0
2.8140561570000e-06;          0
2.8338717800000e-06;          0
2.8503958430000e-06;          0
2.8702117300000e-06;          0
2.8900393130000e-06;          0
2.9098550470000e-06;          0
2.9296828960000e-06;          0
2.9461949380000e-06;          0
2.9660226040000e-06;          0
2.9858382150000e-06;          0
3.0056660330000e-06;          0
3.0254817470000e-06;          0
3.0453094530000e-06;          0
3.0618216040000e-06;          0
3.0816493160000e-06;          0
3.1014650180000e-06;          0
3.1212925800000e-06;          0
3.1411083250000e-06;          0
3.1609361950000e-06;          0
3.1774482920000e-06;          0
3.1972760830000e-06;          0
3.2170918650000e-06;          0
3.2369195360000e-06;          0
3.2567349980000e-06;          0
3.2732590500000e-06;          0
3.2930747300000e-06;          0
3.3129025120000e-06;          0
3.3327182070000e-06;          0
3.3525458900000e-06;          0
3.3723615750000e-06;          0
3.3888855790000e-06;          0
3.4087014170000e-06;          0
3.4285291250000e-06;          0
3.4483447970000e-06;          0
3.4681725310000e-06;          0
3.4846847000000e-06;          0
3.5045124200000e-06;          0
3.5243280260000e-06;          0
3.5441557820000e-06;          0
3.5639715510000e-06;          0
3.5837991520000e-06;          0
3.6003112780000e-06;          0
3.6201388540000e-06;          0
3.6399546210000e-06;          0
3.6597824570000e-06;          0
3.6795981560000e-06;          0
3.6994257810000e-06;          0
3.7159379140000e-06;          0
3.7357657320000e-06;          0
3.7555814790000e-06;          0
3.7754091690000e-06;          0
3.7952247510000e-06;          0
3.8117488590000e-06;          0
3.8315645440000e-06;          0
3.8513922560000e-06;          0
3.8712080520000e-06;          0
3.8910357560000e-06;          0
3.9108515870000e-06;          0
3.9273758320000e-06;          0
3.9471916000000e-06;          0
3.9670194120000e-06;          0
3.9868350820000e-06;          0
4.0066628310000e-06;          0
4.0231749210000e-06;          0
4.0430026760000e-06;          0
4.0628184150000e-06;          0
4.0826461460000e-06;          0
4.1024617080000e-06;          0
4.1222895500000e-06;          0
4.1388017170000e-06;          0
4.1586294690000e-06;          0
4.1784452770000e-06;          0
4.1982728560000e-06;          0
4.2180884790000e-06;          0
4.2346126110000e-06;          0
4.2544282170000e-06;          0
4.2742559860000e-06;          0
4.2940717160000e-06;          0
4.3138996100000e-06;          0
4.3337150380000e-06;          0
4.3502392060000e-06;          0
4.3700550600000e-06;          0
4.3898828380000e-06;          0
4.4096985050000e-06;          0
4.4295261900000e-06;          0
4.4460384330000e-06;          0
4.4658661850000e-06;          0
4.4856817880000e-06;          0
4.5055096560000e-06;          0
4.5253253560000e-06;          0
4.5451530220000e-06;          0
4.5616651850000e-06;          0
4.5814928030000e-06;          0
4.6013084870000e-06;          0
4.6211361890000e-06;          0
4.6409520650000e-06;          0
4.6574761960000e-06;          0
4.6772919160000e-06;          0
4.6971194970000e-06;          0
4.7169351760000e-06;          0
4.7367628330000e-06;          0
4.7565785860000e-06;          0
4.7731026200000e-06;          0
4.7929184270000e-06;          0
4.8127462280000e-06;          0
4.8325619120000e-06;          0
4.8523896160000e-06;          0
4.8722053020000e-06;          0
4.8887294070000e-06;          0
4.9085451660000e-06;          0
4.9283728110000e-06;          0
4.9481884330000e-06;          0
4.9680161170000e-06;          0
4.9845282300000e-06;          0
5.0043559290000e-06;          0
5.0241715460000e-06;          0
5.0439992920000e-06;          0
5.0638150960000e-06;          0
5.0836425510000e-06;          0
5.1001545130000e-06;          0
5.1199821620000e-06;          0
5.1397978820000e-06;          0
5.1596255430000e-06;          0
5.1794412470000e-06;          0
5.1959655100000e-06;          0
5.2157811460000e-06;          0
5.2356088750000e-06;          0
5.2554245580000e-06;          0
5.2752521830000e-06;          0
5.2950678480000e-06;          0
5.3115919110000e-06;          0
5.3314075210000e-06;          0
5.3512353720000e-06;          0
5.3710510410000e-06;          0
5.3908786290000e-06;          0
5.4106943930000e-06;          0
5.4272184940000e-06;          0
5.4470342740000e-06;          0
5.4668618890000e-06;          0
5.4866774800000e-06;          0
5.5065052650000e-06;          0
5.5230174520000e-06;          0
5.5428452060000e-06;          0
5.5626609120000e-06;          0
5.5824885920000e-06;          0
5.6023042640000e-06;          0
5.6221320100000e-06;          0
5.6386440580000e-06;          0
5.6584718260000e-06;          0
5.6782874430000e-06;          0
5.6981152020000e-06;          0
5.7179309570000e-06;          0
5.7344550790000e-06;          0
5.7542706650000e-06;          0
5.7740982880000e-06;          0
5.7939139390000e-06;          0
5.8137418130000e-06;          0
5.8335574300000e-06;          0
5.8500815220000e-06;          0
5.8698971070000e-06;          0
5.8897248810000e-06;          0
5.9095407290000e-06;          0
5.9293682620000e-06;          0
5.9491841170000e-06;          0
5.9657081250000e-06;          0
5.9855237430000e-06;          0
6.0053513380000e-06;          0
6.0251669430000e-06;          0
6.0449945960000e-06;          0
6.0615067940000e-06;          0
6.0813345170000e-06;          0
6.1011501950000e-06;          0
6.1209780160000e-06;          0
6.1407936310000e-06;          0
6.1606212650000e-06;          0
6.1771333790000e-06;          0
6.1969610640000e-06;          0
6.2167767830000e-06;          0
6.2366044710000e-06;          0
6.2564201160000e-06;          0
6.2762477820000e-06;          0
6.2927598290000e-06;          0
6.3125875530000e-06;          0
6.3324032010000e-06;          0
6.3522309830000e-06;          0
6.3720465720000e-06;          0
6.3885707000000e-06;          0
6.4083862010000e-06;          0
6.4282138070000e-06;          0
6.4480297030000e-06;          0
6.4678575100000e-06;          0
6.4876730120000e-06;          0
6.5041970990000e-06;          0
6.5240128940000e-06;          0
6.5438405190000e-06;          0
6.5636560220000e-06;          0
6.5834839430000e-06;          0
6.5999960620000e-06;          0
6.6198237780000e-06;          0
6.6396395990000e-06;          0
6.6594672720000e-06;          0
6.6792829980000e-06;          0
6.6991050750000e-06;     586107
6.7156126300000e-06;     586107
6.7354347020000e-06;    1172214
6.7552448370000e-06;    1172214
6.7750534030000e-06;     586107
6.7948495990000e-06;     586107
6.8113544800000e-06;    1167503
6.8311470280000e-06;    1167503
6.8509551640000e-06;    1738008
6.8707514010000e-06;    1738008
6.8905564800000e-06;    2300712
6.9103495830000e-06;    2300712
6.9301427160000e-06;    2863416
6.9466255380000e-06;    2863416
6.9664102080000e-06;    3421409
6.9861827480000e-06;    3421409
7.0059561610000e-06;    3976312
7.0257172690000e-06;    3976312
7.0454798200000e-06;    4507812
7.0619372370000e-06;    4507812
7.0816817150000e-06;    5034601
7.1014136510000e-06;    5034601
7.1211593980000e-06;    5542698
7.1408932030000e-06;    5542698
7.1606247540000e-06;    6035193
7.1770565060000e-06;    6035193
7.1967816620000e-06;    6522977
7.2164948870000e-06;    6522977
7.2362089250000e-06;    6995159
7.2559105600000e-06;    6995159
7.2756203990000e-06;    7456450
7.2953181670000e-06;    7456450
7.3117283890000e-06;    7905229
7.3314063950000e-06;    7905229
7.3510951420000e-06;    8346207
7.3707719110000e-06;    8346207
7.3904537920000e-06;    8776294
7.4101235270000e-06;    8776294
7.4297896130000e-06;    9186068
7.4461666570000e-06;    9186068
7.4658267330000e-06;    9595842
7.4854745710000e-06;    9595842
7.5051283730000e-06;    9990014
7.5247699500000e-06;    9990014
7.5444203350000e-06;   10368584
7.5640587740000e-06;   10368584
7.5836976660000e-06;   10747154
7.6000521100000e-06;   10747154
7.6196812860000e-06;   11110122
7.6392976570000e-06;   11110122
7.6589163690000e-06;   11473090
7.6785227710000e-06;   11473090
7.6981426300000e-06;   11812655
7.7177506470000e-06;   11812655
7.7373619720000e-06;   12144419
7.7536935500000e-06;   12144419
7.7732986360000e-06;   12476183
7.7928914160000e-06;   12476183
7.8124909100000e-06;   12792345
7.8320781960000e-06;   12792345
7.8516720180000e-06;   13108507
7.8712537430000e-06;   13108507
7.8908438230000e-06;   13412157
7.9104215130000e-06;   13412157
7.9267362010000e-06;   13704916
7.9462996960000e-06;   13704916
7.9658726300000e-06;   13997675
7.9854335250000e-06;   13997675
8.0050046340000e-06;   14282633
8.0245637310000e-06;   14282633
8.0441331630000e-06;   14547278
8.0636905250000e-06;   14547278
8.0832494770000e-06;   14816634
8.1027956970000e-06;   14816634
8.1190904540000e-06;   15081279
8.1386308120000e-06;   15081279
8.1581741110000e-06;   15342834
8.1777049820000e-06;   15342834
8.1972487930000e-06;   15588787
8.2167806220000e-06;   15588787
8.2363257980000e-06;   15822228
8.2558589140000e-06;   15822228
8.2753971510000e-06;   16060380
8.2949231170000e-06;   16060380
8.3144489680000e-06;   16293821
8.3307089950000e-06;   16293821
8.3502377920000e-06;   16524172
8.3697547960000e-06;   16524172
8.3892781510000e-06;   16734210
8.4087891220000e-06;   16734210
8.4283099550000e-06;   16944248
8.4478185030000e-06;   16944248
8.4673355080000e-06;   17158997
8.4868404790000e-06;   17158997
8.5063538470000e-06;   17361234
8.5258550770000e-06;   17361234
8.5421083830000e-06;   17568182
8.5615987310000e-06;   17568182
8.5810981410000e-06;   17762618
8.6005854120000e-06;   17762618
8.6200848080000e-06;   17941452
8.6395721590000e-06;   17941452
8.6590693220000e-06;   18124997
8.6785544620000e-06;   18124997
8.6980445290000e-06;   18303831
8.7175223450000e-06;   18303831
8.7370112270000e-06;   18474864
8.7564877310000e-06;   18474864
8.7759756670000e-06;   18638096
8.7922047560000e-06;   18638096
8.8116862530000e-06;   18806039
8.8311555590000e-06;   18806039
8.8506378070000e-06;   18969271
8.8701080170000e-06;   18969271
8.8895844380000e-06;   19124702
8.9090484840000e-06;   19124702
8.9285188970000e-06;   19280133
8.9479769650000e-06;   19280133
8.9674485730000e-06;   19432474
8.9869083350000e-06;   19432474
9.0063753030000e-06;   19572303
9.0258300630000e-06;   19572303
9.0420549250000e-06;   19712132
9.0615115630000e-06;   19712132
9.0809770330000e-06;   19851961
9.1004304270000e-06;   19851961
9.1198891980000e-06;   19991790
9.1393353670000e-06;   19991790
9.1587902850000e-06;   20123818
9.1782331640000e-06;   20123818
9.1976908990000e-06;   20255846
9.2171369060000e-06;   20255846
9.2365921390000e-06;   20372272
9.2560352130000e-06;   20372272
9.2754877110000e-06;   20501210
9.2949282380000e-06;   20501210
9.3143763360000e-06;   20617636
9.3305717600000e-06;   20617636
9.3500170070000e-06;   20734062
9.3694503730000e-06;   20734062
9.3888945160000e-06;   20850488
9.4083264050000e-06;   20850488
9.4277661350000e-06;   20959113
9.4471936020000e-06;   20959113
9.4666318000000e-06;   21067738
9.4860579400000e-06;   21067738
9.5054955660000e-06;   21168562
9.5249212730000e-06;   21168562
9.5443552720000e-06;   21269386
9.5637769230000e-06;   21269386
9.5832110770000e-06;   21362409
9.6026331740000e-06;   21362409
9.6220673780000e-06;   21463233
9.6414896350000e-06;   21463233
9.6576842910000e-06;   21556256
9.6771042570000e-06;   21556256
9.6965363760000e-06;   21649279
9.7159565180000e-06;   21649279
9.7353802890000e-06;   21742302
9.7547913680000e-06;   21742302
9.7742155970000e-06;   21835325
9.7936279180000e-06;   21835325
9.8130500690000e-06;   21912746
9.8324599110000e-06;   21912746
9.8518828140000e-06;      80511
9.8712936810000e-06;      80511
9.8907096070000e-06;     165733
9.9101128790000e-06;     165733
9.9296269220000e-06;     243154
9.9491322180000e-06;     243154
9.9653959240000e-06;     312774
9.9848990880000e-06;     312774
1.0004412535000e-05;     496319
1.0023913877000e-05;     496319
1.0043435279000e-05;     690755
1.0062945017000e-05;     690755
1.0082462513000e-05;     885191
1.0101967682000e-05;     885191
1.0121486921000e-05;    1092139
1.0140994061000e-05;    1092139
1.0160508466000e-05;    1294376
1.0176759408000e-05;    1294376
1.0196278702000e-05;    1496613
1.0215786022000e-05;    1496613
1.0235300669000e-05;    1687959
1.0254803120000e-05;    1687959
1.0274313026000e-05;    1897997
1.0293810400000e-05;    1897997
1.0313325112000e-05;    2097144
1.0332828010000e-05;    2097144
1.0352338045000e-05;    2283779
1.0371835941000e-05;    2283779
1.0391347780000e-05;    2478215
1.0407596608000e-05;    2478215
1.0427103978000e-05;    2677362
1.0446599172000e-05;    2677362
1.0466111432000e-05;    2863997
1.0485611917000e-05;    2863997
1.0505119718000e-05;    3050632
1.0524615196000e-05;    3050632
1.0544118675000e-05;    3249779
1.0563609637000e-05;    3249779
1.0583117921000e-05;    3436414
1.0602614352000e-05;    3436414
1.0622118398000e-05;    3623049
1.0638360678000e-05;    3623049
1.0657866688000e-05;    3814395
1.0677360640000e-05;    3814395
1.0696862169000e-05;    3993229
1.0716351362000e-05;    3993229
1.0735857967000e-05;    4179864
1.0755352555000e-05;    4179864
1.0774855087000e-05;    4363409
1.0794345660000e-05;    4363409
1.0813843669000e-05;    4550044
1.0833329491000e-05;    4550044
1.0852823089000e-05;    4728878
1.0869056427000e-05;    4728878
1.0888554940000e-05;    4904622
1.0908041867000e-05;    4904622
1.0927543063000e-05;    5075655
1.0947032343000e-05;    5075655
1.0966529669000e-05;    5254489
1.0986014691000e-05;    5254489
1.1005517275000e-05;    5433323
1.1025007938000e-05;    5433323
1.1044506623000e-05;    5609067
1.1063993020000e-05;    5609067
1.1083487423000e-05;    5787901
1.1102969610000e-05;    5787901
1.1119212213000e-05;    5966735
1.1138690061000e-05;    5966735
1.1158185374000e-05;    6142479
1.1177668942000e-05;    6142479
1.1197160473000e-05;    6305711
1.1216639553000e-05;    6305711
1.1236133325000e-05;    6476744
1.1255614983000e-05;    6476744
1.1275104898000e-05;    6647777
1.1294582341000e-05;    6647777
1.1314077682000e-05;    6815720
1.1333561290000e-05;    6815720
1.1349805303000e-05;    6978952
1.1369284757000e-05;    6978952
1.1388772264000e-05;    7149985
1.1408247506000e-05;    7149985
1.1427731010000e-05;    7321018
1.1447202352000e-05;    7321018
1.1466691349000e-05;    7488961
1.1486168570000e-05;    7488961
1.1505653881000e-05;    7644392
1.1525127091000e-05;    7644392
1.1544614801000e-05;    7807624
1.1564090334000e-05;    7807624
1.1583574229000e-05;    7963055
1.1603046292000e-05;    7963055
1.1619288652000e-05;    8126287
1.1638766725000e-05;    8126287
1.1658253211000e-05;    8286429
1.1677727431000e-05;    8286429
1.1697210081000e-05;    8449661
1.1716680320000e-05;    8449661
1.1736158871000e-05;    8612893
1.1755625124000e-05;    8612893
1.1775109266000e-05;    8768324
1.1794581679000e-05;    8768324
1.1814062272000e-05;    8920665
1.1833530800000e-05;    8920665
1.1849762539000e-05;    9076096
1.1869227205000e-05;    9076096
1.1888707038000e-05;    9231527
1.1908174784000e-05;    9231527
1.1927650986000e-05;    9379157
1.1947114773000e-05;    9379157
1.1966596693000e-05;    9534588
1.1986066913000e-05;    9534588
1.2005545766000e-05;    9686929
1.2025012284000e-05;    9686929
1.2044487467000e-05;    9834559
1.2063950380000e-05;    9834559
1.2083421629000e-05;    9989990
1.2102880655000e-05;    9989990
1.2122357839000e-05;   10137620
1.2138578104000e-05;   10137620
1.2158051985000e-05;   10277449
1.2177513790000e-05;   10277449
1.2196984207000e-05;   10425079
1.2216442396000e-05;   10425079
1.2235915614000e-05;   10577420
1.2255377202000e-05;   10577420
1.2274847187000e-05;   10717249
1.2294305152000e-05;   10717249
1.2313781081000e-05;   10864879
1.2333245437000e-05;   10864879
1.2352718425000e-05;   10996907
1.2372179259000e-05;   10996907
1.2388405147000e-05;   11144537
1.2407862340000e-05;   11144537
1.2427328292000e-05;   11292167
1.2446782408000e-05;   11292167
1.2466245035000e-05;   11436707
1.2485695364000e-05;   11436707
1.2505163981000e-05;   11568735
1.2524620731000e-05;   11568735
1.2544086329000e-05;   11700763
1.2563539743000e-05;   11700763
1.2583008671000e-05;   11840592
1.2602465522000e-05;   11840592
1.2621931100000e-05;   11972620
1.2641384920000e-05;   11972620
1.2657612578000e-05;   12104648
1.2677072887000e-05;   12104648
1.2696542019000e-05;   12244477
1.2715999041000e-05;   12244477
1.2735465015000e-05;   12389017
1.2754918774000e-05;   12389017
1.2774381539000e-05;   12521045
1.2793832005000e-05;   12521045
1.2813291025000e-05;   12660874
1.2832737871000e-05;   12660874
1.2852203707000e-05;   12792902
1.2871657763000e-05;   12792902
1.2891120626000e-05;   12917129
1.2910571260000e-05;   12917129
1.2930030635000e-05;   13049157
1.2946235861000e-05;   13049157
1.2965699055000e-05;   13181185
1.2985149971000e-05;   13181185
1.3004609646000e-05;   13313213
1.3024057293000e-05;   13313213
1.3043513913000e-05;   13442151
1.3062958204000e-05;   13442151
1.3082421448000e-05;   13574179
1.3101872897000e-05;   13574179
1.3121333462000e-05;   13690605
1.3140781938000e-05;   13690605
1.3160239519000e-05;   13822633
1.3179684563000e-05;   13822633
1.3195897622000e-05;   13954661
1.3215340245000e-05;   13954661
1.3234791453000e-05;   14078888
1.3254230512000e-05;   14078888
1.3273688166000e-05;   14195314
1.3293134221000e-05;   14195314
1.3312589325000e-05;   14311740
1.3332032252000e-05;   14311740
1.3351484493000e-05;   14435967
1.3370924671000e-05;   14435967
1.3390380775000e-05;   14560194
1.3409824727000e-05;   14560194
1.3429277806000e-05;   14676620
1.3448718861000e-05;   14676620
1.3468178682000e-05;   14800847
1.3487626651000e-05;   14800847
1.3503842156000e-05;   14921984
1.3523287386000e-05;   14921984
1.3542741651000e-05;   15046211
1.3562183779000e-05;   15046211
1.3581635449000e-05;   15170438
1.3601074743000e-05;   15170438
1.3620523092000e-05;   15294665
1.3639959275000e-05;   15294665
1.3659404535000e-05;   15411091
1.3678837610000e-05;   15411091
1.3698289390000e-05;   15519716
1.3717729708000e-05;   15519716
1.3737179008000e-05;   15628341
1.3756616268000e-05;   15628341
1.3772823052000e-05;   15744767
1.3792257745000e-05;   15744767
1.3811708577000e-05;   15861193
1.3831147274000e-05;   15861193
1.3850595325000e-05;   15969818
1.3870031250000e-05;   15969818
1.3889476505000e-05;   16086244
1.3908909694000e-05;   16086244
1.3928361884000e-05;   16194869
1.3947802440000e-05;   16194869
1.3967252140000e-05;   16303494
1.3986689807000e-05;   16303494
1.4006136835000e-05;   16419920
1.4025571887000e-05;   16419920
1.4045016609000e-05;   16536346
1.4064448957000e-05;   16536346
1.4083890673000e-05;   16652772
1.4100080938000e-05;   16652772
1.4119519751000e-05;   16761397
1.4138946522000e-05;   16761397
1.4158392145000e-05;   16862221
1.4177826033000e-05;   16862221
1.4197269537000e-05;   16963045
1.4216700788000e-05;   16963045
1.4236141709000e-05;   17071670
1.4255570507000e-05;   17071670
1.4275015524000e-05;   17172494
1.4294448696000e-05;   17172494
1.4313891251000e-05;   17281119
1.4333321570000e-05;   17281119
1.4352761719000e-05;   17394455
1.4372189867000e-05;   17394455
1.4388396576000e-05;   17495279
1.4407831861000e-05;   17495279
1.4427276517000e-05;   17596103
1.4446709067000e-05;   17596103
1.4466151205000e-05;   17704728
1.4485581499000e-05;   17704728
1.4505021498000e-05;   17813353
1.4524449337000e-05;   17813353
1.4543886729000e-05;   17921978
1.4563311901000e-05;   17921978
1.4582746408000e-05;   18022802
1.4602168821000e-05;   18022802
1.4621601019000e-05;   18123626
1.4641020860000e-05;   18123626
1.4660460056000e-05;   18216649
1.4679887431000e-05;   18216649
1.4696086093000e-05;   18309672
1.4715511237000e-05;   18309672
1.4734946151000e-05;   18410496
1.4754369037000e-05;   18410496
1.4773808228000e-05;      93023
1.4793235368000e-05;      93023
1.4812671305000e-05;     193847
1.4832095190000e-05;     193847
1.4851608017000e-05;     294671
1.4871111245000e-05;     294671
1.4890624250000e-05;     382983
1.4910124867000e-05;     382983
1.4929644926000e-05;     574329
1.4949153198000e-05;     574329
1.4965419525000e-05;     768765
1.4984925615000e-05;     768765
1.5004439270000e-05;     967912
1.5023940756000e-05;     967912
1.5043456336000e-05;    1170149
1.5062960015000e-05;    1170149
1.5082480262000e-05;    1372386
1.5101988965000e-05;    1372386
1.5121504912000e-05;    1563732
1.5141008503000e-05;    1563732
1.5160519458000e-05;    1765969
1.5176767453000e-05;    1765969
1.5196273482000e-05;    1968206
1.5215767374000e-05;    1968206
1.5235278237000e-05;    2159552
1.5254777238000e-05;    2159552
1.5274290202000e-05;    2346187
1.5293791061000e-05;    2346187
1.5313299275000e-05;    2540623
1.5332795251000e-05;    2540623
1.5352308295000e-05;    2731969
1.5371809552000e-05;    2731969
1.5391318362000e-05;    2926405
1.5407564396000e-05;    2926405
1.5427068423000e-05;    3117751
1.5446559972000e-05;    3117751
1.5466068547000e-05;    3312187
1.5485565456000e-05;    3312187
1.5505069670000e-05;    3491021
1.5524561686000e-05;    3491021
1.5544067536000e-05;    3682367
1.5563561491000e-05;    3682367
1.5583062968000e-05;    3869002
1.5602552197000e-05;    3869002
1.5622058525000e-05;    4047836
1.5638302932000e-05;    4047836
1.5657804916000e-05;    4226670
1.5677294837000e-05;    4226670
1.5696792422000e-05;    4418016
1.5716277867000e-05;    4418016
1.5735780400000e-05;    4604651
1.5755271088000e-05;    4604651
1.5774769347000e-05;    4775684
1.5794255250000e-05;    4775684
1.5813755184000e-05;    4959229
1.5833243177000e-05;    4959229
1.5852738916000e-05;    5138063
1.5872222547000e-05;    5138063
1.5888473967000e-05;    5309096
1.5907962915000e-05;    5309096
1.5927459455000e-05;    5484840
1.5946943691000e-05;    5484840
1.5966435860000e-05;    5663674
1.5985915778000e-05;    5663674
1.6005403366000e-05;    5834707
1.6024878748000e-05;    5834707
1.6044371292000e-05;    6005740
1.6063851977000e-05;    6005740
1.6083346977000e-05;    6173683
1.6102830046000e-05;    6173683
1.6119073656000e-05;    6336915
1.6138552257000e-05;    6336915
1.6158048343000e-05;    6507948
1.6177532662000e-05;    6507948
1.6197025019000e-05;    6678981
1.6216504937000e-05;    6678981
1.6235992886000e-05;    6854725
1.6255468561000e-05;    6854725
1.6274951853000e-05;    7025758
1.6294422869000e-05;    7025758
1.6313911319000e-05;    7188990
1.6333388167000e-05;    7188990
1.6352872498000e-05;    7344421
1.6369098289000e-05;    7344421
1.6388584877000e-05;    7504563
1.6408059362000e-05;    7504563
1.6427541854000e-05;    7667795
1.6447012181000e-05;    7667795
1.6466500207000e-05;    7823226
1.6485976325000e-05;    7823226
1.6505460513000e-05;    7986458
1.6524932410000e-05;    7986458
1.6544412485000e-05;    8146600
1.6563880142000e-05;    8146600
1.6583355625000e-05;    8302031
1.6602819049000e-05;    8302031
1.6619054267000e-05;    8457462
1.6638523509000e-05;    8457462
1.6658000818000e-05;    8605092
1.6677465720000e-05;    8605092
1.6696945280000e-05;    8760523
1.6716412902000e-05;    8760523
1.6735888410000e-05;    8912864
1.6755352123000e-05;    8912864
1.6774833235000e-05;    9060494
1.6794302639000e-05;    9060494
1.6813779997000e-05;    9208124
1.6833245238000e-05;    9208124
1.6852718849000e-05;    9363555
1.6872180091000e-05;    9363555
1.6888405609000e-05;    9511185
1.6907862829000e-05;    9511185
1.6927337560000e-05;    9658815
1.6946800646000e-05;    9658815
1.6966271748000e-05;    9803355
1.6985730763000e-05;    9803355
1.7005204539000e-05;    9943184
1.7024666354000e-05;    9943184
1.7044136133000e-05;   10090814
1.7063593873000e-05;   10090814
1.7083069475000e-05;   10230643
1.7102533438000e-05;   10230643
1.7122005378000e-05;   10370472
1.7141465140000e-05;   10370472
1.7157689847000e-05;   10518102
1.7177145883000e-05;   10518102
1.7196610137000e-05;   10662642
1.7216062227000e-05;   10662642
1.7235532093000e-05;   10802471
1.7254990103000e-05;   10802471
1.7274456249000e-05;   10934499
1.7293910304000e-05;   10934499
1.7313379220000e-05;   11074328
1.7332836260000e-05;   11074328
1.7352301517000e-05;   11206356
1.7371754602000e-05;   11206356
1.7391225424000e-05;   11346185
1.7410684742000e-05;   11346185
1.7426908864000e-05;   11478213
1.7446364313000e-05;   11478213
1.7465828267000e-05;   11622753
1.7485279900000e-05;   11622753
1.7504739849000e-05;   11762582
1.7524187733000e-05;   11762582
1.7543653464000e-05;   11894610
1.7563107428000e-05;   11894610
1.7582569620000e-05;   12018837
1.7602019735000e-05;   12018837
1.7621478285000e-05;   12150865
1.7640924582000e-05;   12150865
1.7660385908000e-05;   12282893
1.7679835130000e-05;   12282893
1.7699292558000e-05;   12414921
1.7715496112000e-05;   12414921
1.7734959764000e-05;   12539148
1.7754411629000e-05;   12539148
1.7773871827000e-05;   12663375
1.7793319813000e-05;   12663375
1.7812776719000e-05;   12800114
1.7832221125000e-05;   12800114
1.7851674144000e-05;   12924341
1.7871115105000e-05;   12924341
1.7890573925000e-05;   13048568
1.7910020990000e-05;   13048568
1.7929476686000e-05;   13164994
1.7948920184000e-05;   13164994
1.7965131265000e-05;   13289221
1.7984571140000e-05;   13289221
1.8004025855000e-05;   13413448
1.8023468887000e-05;   13413448
1.8042920320000e-05;   13529874
1.8062359787000e-05;   13529874
1.8081817231000e-05;   13654101
1.8101262956000e-05;   13654101
1.8120717474000e-05;   13770527
1.8140159837000e-05;   13770527
1.8159610808000e-05;   13894754
1.8179049249000e-05;   13894754
1.8198496610000e-05;   14018981
1.8217931858000e-05;   14018981
1.8237384957000e-05;   14127606
1.8256826588000e-05;   14127606
1.8273035927000e-05;   14240942
1.8292473717000e-05;   14240942
1.8311920540000e-05;   14365169
1.8331355079000e-05;   14365169
1.8350804836000e-05;   14481595
1.8370242798000e-05;   14481595
1.8389689140000e-05;   14590220
1.8409123200000e-05;   14590220
1.8428575524000e-05;   14698845
1.8448016124000e-05;   14698845
1.8467465555000e-05;   14815271
1.8486902979000e-05;   14815271
1.8506349071000e-05;   14931697
1.8525783053000e-05;   14931697
1.8545225747000e-05;   15040322
1.8561416784000e-05;   15040322
1.8580855885000e-05;   15156748
1.8600282804000e-05;   15156748
1.8619728171000e-05;   15257572
1.8639161776000e-05;   15257572
1.8658604080000e-05;   15358396
1.8678034270000e-05;   15358396
1.8697479792000e-05;   15467021
1.8716913529000e-05;   15467021
1.8736356029000e-05;   15575646
1.8755786615000e-05;   15575646
1.8775225619000e-05;   15684271
1.8794652863000e-05;   15684271
1.8814098251000e-05;   15785095
1.8833531865000e-05;   15785095
1.8849735090000e-05;   15885919
1.8869165402000e-05;   15885919
1.8888604778000e-05;   15994544
1.8908032057000e-05;   15994544
1.8927468182000e-05;   16103169
1.8946892093000e-05;   16103169
1.8966324739000e-05;   16203993
1.8985745397000e-05;   16203993
1.9005184419000e-05;   16304817
1.9024611610000e-05;   16304817
1.9044047911000e-05;   16390039
1.9063472129000e-05;   16390039
1.9082911736000e-05;   16490863
1.9102339191000e-05;   16490863
1.9121775907000e-05;   16591687
1.9141200595000e-05;   16591687
1.9157396105000e-05;   16692511
1.9176817627000e-05;   16692511
1.9196257645000e-05;   16793335
1.9215686030000e-05;   16793335
1.9235123061000e-05;   16886358
1.9254548099000e-05;   16886358
1.9273981999000e-05;   16987182
1.9293403613000e-05;   16987182
1.9312834690000e-05;   17088006
1.9332253412000e-05;   17088006
1.9351681156000e-05;   17181029
1.9371096698000e-05;   17181029
1.9390530684000e-05;   17274052
1.9409952960000e-05;   17274052
1.9429384285000e-05;   17351473
1.9448803479000e-05;   17351473
1.9468231629000e-05;   17444496
1.9487647738000e-05;   17444496
1.9503842227000e-05;   17537519
1.9523262337000e-05;   17537519
1.9542691439000e-05;   17622741
1.9562108494000e-05;   17622741
1.9581534609000e-05;   17715764
1.9600948401000e-05;   17715764
1.9620381231000e-05;   17808787
1.9639802152000e-05;   17808787
1.9659232178000e-05;   17894009
1.9678650172000e-05;   17894009
1.9698077412000e-05;   17987032
1.9717492211000e-05;   17987032
1.9736916425000e-05;   18067543
1.9756328439000e-05;   18067543
1.9775749387000e-05;   18152765
1.9795158329000e-05;   18152765
1.9814585986000e-05;   18237987
1.9830765298000e-05;   18237987
1.9850190596000e-05;   18315408
1.9869603771000e-05;   18315408
1.9889026149000e-05;   18400630
1.9908436443000e-05;   18400630
1.9927862698000e-05;   18485852
1.9947277017000e-05;   18485852
1.9966700522000e-05;   18563273
1.9986111741000e-05;   18563273
2.0005532127000e-05;   18648495
2.0024940545000e-05;   18648495
2.0044367810000e-05;   18733717
2.0063783358000e-05;   18733717
2.0083208034000e-05;   18803337
2.0102620771000e-05;   18803337
2.0122042589000e-05;   18888559
2.0141452299000e-05;   18888559
2.0157636241000e-05;   18973781
2.0177043351000e-05;   18973781
2.0196459656000e-05;   19051202
2.0215863814000e-05;   19051202
2.0235286864000e-05;   19128623
2.0254698111000e-05;   19128623
2.0274118614000e-05;   19201333
2.0293527023000e-05;   19201333
2.0312944958000e-05;   19278754
2.0332350599000e-05;   19278754
2.0351765711000e-05;   19356175
2.0371168813000e-05;   19356175
2.0390587552000e-05;   19433596
2.0409994437000e-05;   19433596
2.0429410686000e-05;   19503216
2.0448814853000e-05;   19503216
2.0468237937000e-05;   19572836
2.0484413043000e-05;   19572836
2.0503833979000e-05;   19650257
2.0523242764000e-05;   19650257
2.0542661037000e-05;   19727678
2.0562067110000e-05;   19727678
2.0581482564000e-05;   19805099
2.0600885788000e-05;   19805099
2.0620298558000e-05;   19882520
2.0639699148000e-05;   19882520
2.0659108995000e-05;   19947429
2.0678506729000e-05;   19947429
2.0697923348000e-05;   20017049
2.0717328251000e-05;   20017049
2.0736742699000e-05;   20078868
2.0756145209000e-05;   20078868
2.0775557329000e-05;   20148488
2.0794957008000e-05;   20148488
2.0814366301000e-05;   20218108
2.0833763696000e-05;   20218108
2.0849942505000e-05;   20287728
2.0869343814000e-05;   20287728
2.0888754567000e-05;   20349547
2.0908153437000e-05;   20349547
2.0927561648000e-05;   20419167
2.0946957754000e-05;   20419167
2.0966372944000e-05;   20484076
2.0985776520000e-05;   20484076
2.1005189546000e-05;   20545895
2.1024590583000e-05;   20545895
2.1044001124000e-05;   20607714
2.1063399487000e-05;   20607714
2.1082807750000e-05;   20677334
2.1102203619000e-05;   20677334
2.1121609306000e-05;   20739153
2.1141002821000e-05;   20739153
2.1160405585000e-05;   20800972
2.1179796360000e-05;   20800972
2.1199206330000e-05;   20862791
2.1215370634000e-05;   20862791
2.1234778696000e-05;   20919899
2.1254174591000e-05;   20919899
2.1273580123000e-05;   20981718
2.1292973541000e-05;   20981718
2.1312376624000e-05;   21035736
2.1331767728000e-05;   21035736
2.1351174876000e-05;   21097555
2.1370570185000e-05;   21097555
2.1389975214000e-05;   21151573
2.1409367969000e-05;   21151573
2.1428770520000e-05;   21213392
2.1448160956000e-05;   21213392
2.1467570870000e-05;   21270500
2.1486968866000e-05;   21270500
2.1506376557000e-05;   21324518
2.1525772108000e-05;   21324518
2.1545177262000e-05;   21386337
2.1561337277000e-05;   21386337
2.1580740272000e-05;   21448156
2.1600131374000e-05;   21448156
2.1619531843000e-05;   21502174
2.1638920374000e-05;   21502174
2.1658318426000e-05;   21556192
2.1677704362000e-05;   21556192
2.1697100343000e-05;   21613300
2.1716483934000e-05;   21613300
2.1735886873000e-05;   21659517
2.1755278010000e-05;   21659517
2.1774678752000e-05;   21705734
2.1794067660000e-05;   21705734
2.1813466324000e-05;   21759752
2.1832853128000e-05;   21759752
2.1852249892000e-05;   21805969
2.1871634513000e-05;   21805969
2.1891035159000e-05;   21855276
2.1910424131000e-05;   21855276
2.1929822891000e-05;   21901493
2.1945977619000e-05;   21901493
2.1965374284000e-05;   21955511
2.1984758833000e-05;   21955511
2.2004162795000e-05;   22001728
2.2023555017000e-05;   22001728
2.2042957107000e-05;   22055746
2.2062347314000e-05;   22055746
2.2081747384000e-05;   22105053
2.2101135146000e-05;   22105053
2.2120532671000e-05;   22159071
2.2139918243000e-05;   22159071
2.2159313815000e-05;   22213089
2.2178697284000e-05;   22213089
2.2198090316000e-05;   22259306
2.2217471194000e-05;   22259306
2.2236862067000e-05;   22305523
2.2256240711000e-05;   22305523
2.2275638678000e-05;   22347029
2.2295025290000e-05;   22347029
2.2314421536000e-05;   22385445
2.2330574071000e-05;   22385445
2.2349968380000e-05;   22431662
2.2369350470000e-05;   22431662
2.2388742713000e-05;   22477879
2.2408123026000e-05;   22477879
2.2427519604000e-05;   22524096
2.2446904441000e-05;   22524096
2.2466299097000e-05;   22557801
2.2485681627000e-05;   22557801
2.2505073920000e-05;   22604018
2.2524454292000e-05;   22604018
2.2543844810000e-05;   22650235
2.2563223164000e-05;   22650235
2.2582620981000e-05;   22696452
2.2602007458000e-05;   22696452
2.2621403753000e-05;   22730157
2.2640787737000e-05;   22730157
2.2660181753000e-05;   22776374
2.2679563571000e-05;   22776374
2.2698955737000e-05;   22822591
2.2718335729000e-05;   22822591
2.2737725738000e-05;   22861007
2.2753872832000e-05;   22861007
2.2773260483000e-05;   22907224
2.2792636148000e-05;   22907224
2.2812021926000e-05;   22940929
2.2831395724000e-05;   22940929
2.2850779266000e-05;   22979345
2.2870150694000e-05;   22979345
2.2889541891000e-05;   23009960
2.2908921329000e-05;   23009960
2.2928311058000e-05;   23040575
2.2947688520000e-05;   23040575
2.2967076560000e-05;   23074280
2.2986452349000e-05;   23074280
2.3005838333000e-05;   23112696
2.3025212193000e-05;   23112696
2.3044602946000e-05;   23151112
2.3063981544000e-05;   23151112
2.3083370211000e-05;   23189528
2.3102746680000e-05;   23189528
2.3122133294000e-05;   23223233
2.3138277836000e-05;   23223233
2.3157662436000e-05;   23261649
2.3177034940000e-05;   23261649
2.3196427427000e-05;   23292264
2.3215808091000e-05;   23292264
2.3235198951000e-05;   23322879
2.3254577661000e-05;   23322879
2.3273966542000e-05;   23364385
2.3293343456000e-05;   23364385
2.3312730559000e-05;   23402801
2.3332105611000e-05;   23402801
2.3351490645000e-05;   23441217
2.3370863486000e-05;   23441217
2.3390246667000e-05;   23471832
2.3409617506000e-05;   23471832
2.3428998421000e-05;   23505537
2.3448367324000e-05;   23505537
2.3467746475000e-05;   23528351
2.3487113440000e-05;   23528351
2.3506490908000e-05;   23558966
2.3525856060000e-05;   23558966
2.3542011279000e-05;   23577069
2.3561384823000e-05;   23577069
2.3580768252000e-05;   23599883
2.3600139903000e-05;   23599883
2.3619522146000e-05;   23630498
2.3638892319000e-05;   23630498
2.3658272644000e-05;   23661113
2.3677641056000e-05;   23661113
2.3697019791000e-05;   23687017
2.3716386331000e-05;   23687017
2.3735769450000e-05;   23717632
2.3755140860000e-05;   23717632
2.3774522414000e-05;   23740446
2.3793891819000e-05;   23740446
2.3813271515000e-05;   23766350
2.3832639205000e-05;   23766350
2.3852017342000e-05;   23796965
2.3871383247000e-05;   23796965
2.3890769256000e-05;   23819779
2.3910143458000e-05;   23819779
2.3929528048000e-05;   23842593
2.3948900511000e-05;   23842593
2.3968283226000e-05;   23876298
2.3984424540000e-05;   23876298
2.4003805556000e-05;   23906913
2.4023174553000e-05;   23906913
2.4042553755000e-05;   23929727
2.4061920822000e-05;   23929727
2.4081298401000e-05;   23955631
2.4100663790000e-05;   23955631
2.4120039575000e-05;   23978445
2.4139403143000e-05;   23978445
2.4158777139000e-05;   24001259
2.4178138983000e-05;   24001259
2.4197511261000e-05;   24024073
2.4216871453000e-05;   24024073
2.4236251620000e-05;   24042176
2.4255620089000e-05;   24042176
2.4274998965000e-05;   24057189
2.4294365764000e-05;   24057189
2.4313742983000e-05;   24080003
2.4333108294000e-05;   24080003
2.4352484029000e-05;   24105907
2.4371847927000e-05;   24105907
2.4391221828000e-05;   24120920
2.4410584022000e-05;   24120920
2.4429956367000e-05;   24143734
2.4446088960000e-05;   24143734
2.4465466191000e-05;   24161837
2.4484831478000e-05;   24161837
2.4504207469000e-05;   24176850
2.4523571321000e-05;   24176850
2.4542945529000e-05;   24199664
2.4562307852000e-05;   24199664
2.4581680577000e-05;   24209966
2.4601041201000e-05;   24209966
2.4620413184000e-05;      22814
2.4639773115000e-05;      22814
2.4659153214000e-05;      37827
2.4678521968000e-05;      37827
2.4697893498000e-05;      48129
2.4717252475000e-05;      48129
2.4736631948000e-05;      78744
2.4755999725000e-05;      78744
2.4775396776000e-05;      93757
2.4794782364000e-05;      93757
2.4814181491000e-05;     116571
2.4833568786000e-05;     116571
2.4849737871000e-05;     158077
2.4869127645000e-05;     158077
2.4888543590000e-05;     212095
2.4907948028000e-05;     212095
2.4927368072000e-05;     266113
2.4946776064000e-05;     266113
2.4966196051000e-05;     327932
2.4985604285000e-05;     327932
2.5005025658000e-05;     405353
2.5024434930000e-05;     405353
2.5043856870000e-05;     482774
2.5063266872000e-05;     482774
2.5082693269000e-05;     560195
2.5102107785000e-05;     560195
2.5121536794000e-05;     637616
2.5140953919000e-05;     637616
2.5160375005000e-05;     718127
2.5179783407000e-05;     718127
2.5199204584000e-05;     811150
2.5215377681000e-05;     811150
2.5234798721000e-05;     888571
2.5254207787000e-05;     888571
2.5273628184000e-05;     965992
2.5293036696000e-05;     965992
2.5312456570000e-05;    1043413
2.5331864322000e-05;    1043413
2.5351293068000e-05;    1120834
2.5370710016000e-05;    1120834
2.5390138065000e-05;    1198255
2.5409554360000e-05;    1198255
2.5428981500000e-05;    1283477
2.5448396557000e-05;    1283477
2.5467822950000e-05;    1368699
2.5487237191000e-05;    1368699
2.5506662490000e-05;    1453921
2.5526075729000e-05;    1453921
2.5542263521000e-05;    1539143
2.5561675746000e-05;    1539143
2.5581098906000e-05;    1624365
2.5600510002000e-05;    1624365
2.5619932254000e-05;    1709587
2.5639342399000e-05;    1709587
2.5658763835000e-05;    1782297
2.5678173007000e-05;    1782297
2.5697599594000e-05;    1867519
2.5717014370000e-05;    1867519
2.5736440023000e-05;    1944940
2.5755853414000e-05;    1944940
2.5775278156000e-05;    2022361
2.5794690652000e-05;    2022361
2.5814114244000e-05;    2107583
2.5833525588000e-05;    2107583
2.5849712135000e-05;    2192805
2.5869122701000e-05;    2192805
2.5888544103000e-05;    2270226
2.5907953464000e-05;    2270226
2.5927373858000e-05;    2355448
2.5946782400000e-05;    2355448
2.5966211175000e-05;    2432869
2.5985628452000e-05;    2432869
2.6005056770000e-05;    2510290
2.6024473029000e-05;    2510290
2.6043900257000e-05;    2595512
2.6063315353000e-05;    2595512
2.6082741383000e-05;    2680734
2.6102155477000e-05;    2680734
2.6121580277000e-05;    2765956
2.6140993293000e-05;    2765956
2.6160417082000e-05;    2851178
2.6179828792000e-05;    2851178
2.6199251617000e-05;    2931689
2.6215426299000e-05;    2931689
2.6234847765000e-05;    3016911
2.6254257389000e-05;    3016911
2.6273678115000e-05;    3094332
2.6293086667000e-05;    3094332
2.6312506140000e-05;    3171753
2.6331913443000e-05;    3171753
2.6351331588000e-05;    3249174
2.6370737832000e-05;    3249174
2.6390154960000e-05;    3326595
2.6409560199000e-05;    3326595
2.6428976253000e-05;    3396215
2.6448380389000e-05;    3396215
2.6467795280000e-05;    3473636
2.6487198299000e-05;    3473636
2.6506611970000e-05;    3543256
2.6526013903000e-05;    3543256
2.6545436140000e-05;    3612876
2.6561610693000e-05;    3612876
2.6581032408000e-05;    3677785
2.6600442107000e-05;    3677785
2.6619862657000e-05;    3763007
2.6639271113000e-05;    3763007
2.6658690628000e-05;    3840428
2.6678097928000e-05;    3840428
2.6697516470000e-05;    3917849
2.6716922985000e-05;    3917849
2.6736340408000e-05;    3987469
2.6755745753000e-05;    3987469
2.6775162199000e-05;    4064890
2.6794566401000e-05;    4064890
2.6813981815000e-05;    4142311
2.6833385185000e-05;    4142311
2.6852806105000e-05;    4211931
2.6872214877000e-05;    4211931
2.6888399156000e-05;    4281551
2.6907806899000e-05;    4281551
2.6927225545000e-05;    4358972
2.6946632119000e-05;    4358972
2.6966049836000e-05;    4436393
2.6985455162000e-05;    4436393
2.7004871856000e-05;    4509103
2.7024276252000e-05;    4509103
2.7043691696000e-05;    4578723
2.7063095265000e-05;    4578723
2.7082509642000e-05;    4656144
2.7101912001000e-05;    4656144
2.7121334865000e-05;    4725764
2.7140746161000e-05;    4725764
2.7160168149000e-05;    4795384
2.7179578179000e-05;    4795384
2.7198999330000e-05;    4872805
2.7218408434000e-05;    4872805
2.7234592717000e-05;    4950226
2.7254000618000e-05;    4950226
2.7273419553000e-05;    5027647
2.7292826316000e-05;    5027647
2.7312243929000e-05;    5105068
2.7331649654000e-05;    5105068
2.7351066357000e-05;    5182489
2.7370470874000e-05;    5182489
2.7389886439000e-05;    5255199
2.7409289715000e-05;    5255199
2.7428704250000e-05;    5324819
2.7448106530000e-05;    5324819
2.7467519673000e-05;    5394439
2.7486920835000e-05;    5394439
2.7506332840000e-05;    5464059
2.7525732905000e-05;    5464059
2.7545143756000e-05;    5533679
2.7564542849000e-05;    5533679
2.7580718694000e-05;    5595498
2.7600116673000e-05;    5595498
2.7619525381000e-05;    5665118
2.7638921958000e-05;    5665118
2.7658329554000e-05;    5726937
2.7677724987000e-05;    5726937
2.7697140996000e-05;    5784045
2.7716545314000e-05;    5784045
2.7735960629000e-05;    5845864
2.7755363960000e-05;    5845864
2.7774778252000e-05;    5915484
2.7794180540000e-05;    5915484
2.7813593808000e-05;    5992905
2.7832995117000e-05;    5992905
2.7852407114000e-05;    6054724
2.7871807345000e-05;    6054724
2.7891218488000e-05;    6124344
2.7910617624000e-05;    6124344
2.7930027682000e-05;    6193964
2.7946191611000e-05;    6193964
2.7965600640000e-05;    6251072
2.7984997457000e-05;    6251072
2.8004411868000e-05;    6320692
2.8023814351000e-05;    6320692
2.8043227858000e-05;    6382511
2.8062629314000e-05;    6382511
2.8082041696000e-05;    6452131
2.8101442057000e-05;    6452131
2.8120853457000e-05;    6521751
2.8140252787000e-05;    6521751
2.8159663035000e-05;    6583570
2.8179061269000e-05;    6583570
2.8198470406000e-05;    6653190
2.8217867625000e-05;    6653190
2.8237275797000e-05;    6715009
2.8256671838000e-05;    6715009
2.8276088283000e-05;    6779918
2.8292258074000e-05;    6779918
2.8311673711000e-05;    6841737
2.8331077525000e-05;    6841737
2.8350492256000e-05;    6903556
2.8369894868000e-05;    6903556
2.8389308412000e-05;    6980977
2.8408709842000e-05;    6980977
2.8428122346000e-05;    7050597
2.8447523048000e-05;    7050597
2.8466934298000e-05;    7112416
2.8486333824000e-05;    7112416
2.8505744152000e-05;    7182036
2.8525142379000e-05;    7182036
2.8544551556000e-05;    7246945
2.8563948679000e-05;    7246945
2.8583356979000e-05;    7316565
2.8602752799000e-05;    7316565
2.8618926281000e-05;    7370583
2.8638321139000e-05;    7370583
2.8657726822000e-05;    7432402
2.8677120557000e-05;    7432402
2.8696525072000e-05;    7494221
2.8715917711000e-05;    7494221
2.8735321267000e-05;    7556040
2.8754712747000e-05;    7556040
2.8774115187000e-05;    7610058
2.8793505385000e-05;    7610058
2.8812906658000e-05;    7667166
2.8832295899000e-05;    7667166
2.8851705665000e-05;    7721184
2.8871103648000e-05;    7721184
2.8890512695000e-05;    7767401
2.8909909724000e-05;    7767401
2.8929317855000e-05;    7837021
2.8948713612000e-05;    7837021
2.8968120645000e-05;    7898840
2.8987515546000e-05;    7898840
2.9006921481000e-05;    7960659
2.9023082098000e-05;    7960659
2.9042486906000e-05;    8017767
2.9061879574000e-05;    8017767
2.9081283334000e-05;    8071785
2.9100675133000e-05;    8071785
2.9120084237000e-05;    8125803
2.9139481727000e-05;    8125803
2.9158889971000e-05;    8187622
2.9178286241000e-05;    8187622
2.9197693299000e-05;    8249441
2.9217088435000e-05;    8249441
2.9236494488000e-05;    8311260
2.9255888545000e-05;    8311260
2.9275293514000e-05;    8368368
2.9294686595000e-05;    8368368
2.9314090434000e-05;    8422386
2.9333482488000e-05;    8422386
2.9352885323000e-05;    8484205
2.9369043280000e-05;    8484205
2.9388444978000e-05;    8538223
2.9407834777000e-05;    8538223
2.9427245042000e-05;    8592241
2.9446643747000e-05;    8592241
2.9466053256000e-05;    8654060
2.9485450682000e-05;    8654060
2.9504859231000e-05;    8711168
2.9524255561000e-05;    8711168
2.9543662983000e-05;    8772987
2.9563058171000e-05;    8772987
2.9582464378000e-05;    8834806
2.9601858765000e-05;    8834806
2.9621264016000e-05;    8896625
2.9640657140000e-05;    8896625
2.9660061163000e-05;    8950643
2.9679453360000e-05;    8950643
2.9698856467000e-05;    9012462
2.9718247346000e-05;    9012462
2.9737649375000e-05;    9061769
2.9753806494000e-05;    9061769
2.9773207272000e-05;    9123588
2.9792595920000e-05;    9123588
2.9811995496000e-05;    9169805
2.9831382984000e-05;    9169805
2.9850781597000e-05;    9223823
2.9870167923000e-05;    9223823
2.9889565026000e-05;    9277841
2.9908950359000e-05;    9277841
2.9928346755000e-05;    9324058
2.9947730904000e-05;    9324058
2.9967126074000e-05;    9373365
2.9986509198000e-05;    9373365
3.0005912760000e-05;    9419582
3.0025304809000e-05;    9419582
3.0044707705000e-05;    9465799
3.0064098373000e-05;    9465799
3.0083500337000e-05;    9519817
3.0102890091000e-05;    9519817
3.0122290947000e-05;    9573835
3.0138447379000e-05;    9573835
3.0157847190000e-05;    9623142
3.0177234891000e-05;    9623142
3.0196633538000e-05;    9677160
3.0216020313000e-05;    9677160
3.0235417853000e-05;    9723377
3.0254803603000e-05;    9723377
3.0274200316000e-05;    9777395
3.0293585092000e-05;    9777395
3.0312986932000e-05;    9823612
3.0332377144000e-05;    9823612
3.0351778249000e-05;    9865118
3.0371167530000e-05;    9865118
3.0390567654000e-05;    9919136
3.0409955740000e-05;    9919136
3.0429354996000e-05;    9973154
3.0448742077000e-05;    9973154
3.0468140049000e-05;   10027172
3.0487526107000e-05;   10027172
3.0506923143000e-05;   10073389
3.0523076271000e-05;   10073389
3.0542472160000e-05;   10122696
3.0561856050000e-05;   10122696
3.0581260403000e-05;   10168913
3.0600653292000e-05;   10168913
3.0620056863000e-05;   10215130
3.0639448550000e-05;   10215130
3.0658851239000e-05;   10269148
3.0678241701000e-05;   10269148
3.0697643524000e-05;   10323166
3.0717032941000e-05;   10323166
3.0736433473000e-05;   10372473
3.0755821900000e-05;   10372473
3.0775221359000e-05;   10434292
3.0794608808000e-05;   10434292
3.0814007165000e-05;   10480509
3.0833393600000e-05;   10480509
3.0852790872000e-05;   10534527
3.0872176159000e-05;   10534527
3.0891572501000e-05;   10580744
3.0907725004000e-05;   10580744
3.0927120101000e-05;   10626961
3.0946503194000e-05;   10626961
3.0965897177000e-05;   10676268
3.0985279000000e-05;   10676268
3.1004671799000e-05;   10714684
3.1024052617000e-05;   10714684
3.1043444527000e-05;   10760901
3.1062824351000e-05;   10760901
3.1082214875000e-05;   10807118
3.1101593387000e-05;   10807118
3.1120983049000e-05;   10840823
3.1140360525000e-05;   10840823
3.1159758563000e-05;   10879239
3.1179145047000e-05;   10879239
3.1198542548000e-05;   10917655
3.1217927982000e-05;   10917655
3.1237324264000e-05;   10963872
3.1256708762000e-05;   10963872
3.1276104236000e-05;   11010089
3.1292256012000e-05;   11010089
3.1311650431000e-05;   11059396
3.1331032791000e-05;   11059396
3.1350426121000e-05;   11105613
3.1369807378000e-05;   11105613
3.1389199739000e-05;   11151830
3.1408580027000e-05;   11151830
3.1427971217000e-05;   11190246
3.1447350435000e-05;   11190246
3.1466747141000e-05;   11223951
3.1486131847000e-05;   11223951
3.1505527867000e-05;   11270168
3.1524911649000e-05;   11270168
3.1544306304000e-05;   11316385
3.1563689060000e-05;   11316385
3.1583082757000e-05;   11362602
3.1602464297000e-05;   11362602
3.1621856885000e-05;   11408819
3.1641237538000e-05;   11408819
3.1657398349000e-05;   11442524
3.1676777957000e-05;   11442524
3.1696168614000e-05;   11488741
3.1715547185000e-05;   11488741
3.1734936778000e-05;   11527157
3.1754314126000e-05;   11527157
3.1773712192000e-05;   11565573
3.1793098455000e-05;   11565573
3.1812495840000e-05;   11599278
3.1831881129000e-05;   11599278
3.1851277387000e-05;   11653296
3.1870661977000e-05;   11653296
3.1890057109000e-05;   11699513
3.1909440518000e-05;   11699513
3.1928834871000e-05;   11745730
3.1948217119000e-05;   11745730
3.1967610352000e-05;   11791947
3.1986991566000e-05;   11791947
3.2006383740000e-05;   11833453
3.2025763797000e-05;   11833453
3.2045154947000e-05;   11871869
3.2064534063000e-05;   11871869
3.2080693633000e-05;   11910285
3.2100071633000e-05;   11910285
3.2119460799000e-05;   11956502
3.2138837650000e-05;   11956502
3.2158225601000e-05;   11990207
3.2177601547000e-05;   11990207
3.2196988478000e-05;   12028623
3.2216363360000e-05;   12028623
3.2235749125000e-05;   12067039
3.2255122991000e-05;   12067039
3.2274507691000e-05;   12097654
3.2293880467000e-05;   12097654
3.2313264090000e-05;   12131359
3.2332635744000e-05;   12131359
3.2352028034000e-05;   12161974
3.2371408653000e-05;   12161974
3.2390800273000e-05;   12192589
3.2410179991000e-05;   12192589
3.2429570731000e-05;   12231005
3.2448949326000e-05;   12231005
3.2465108332000e-05;   12264710
3.2484485796000e-05;   12264710
3.2503874521000e-05;   12303126
3.2523251091000e-05;   12303126
3.2542638789000e-05;   12341542
3.2562014468000e-05;   12341542
3.2581401213000e-05;   12379958
3.2600775740000e-05;   12379958
3.2620161632000e-05;   12413663
3.2639535279000e-05;   12413663
3.2658919879000e-05;   12452079
3.2678292621000e-05;   12452079
3.2697682923000e-05;   12482694
3.2717061222000e-05;   12482694
3.2736450465000e-05;   12513309
3.2755827576000e-05;   12513309
3.2775215955000e-05;   12547014
3.2794592116000e-05;   12547014
3.2813979311000e-05;   12585430
3.2833354535000e-05;   12585430
3.2852740785000e-05;   12623846
3.2872115144000e-05;   12623846
3.2891500325000e-05;   12654461
3.2907643553000e-05;   12654461
3.2927027906000e-05;   12688166
3.2946400029000e-05;   12688166
3.2965783343000e-05;   12718781
3.2985154584000e-05;   12718781
3.3004546314000e-05;   12749396
3.3023926535000e-05;   12749396
3.3043317787000e-05;   12780011
3.3062697040000e-05;   12780011
3.3082087222000e-05;   12821517
3.3101465423000e-05;   12821517
3.3120854585000e-05;   12859933
3.3140231787000e-05;   12859933
3.3159619941000e-05;   12898349
3.3178996095000e-05;   12898349
3.3198383421000e-05;   12936765
3.3217758651000e-05;   12936765
3.3237145026000e-05;   12970470
3.3256519281000e-05;   12970470
3.3275904340000e-05;   13001085
3.3295277506000e-05;   13001085
3.3311432102000e-05;   13039501
3.3330804274000e-05;   13039501
3.3350187372000e-05;   13070116
3.3369558594000e-05;   13070116
3.3388940762000e-05;   13096020
3.3408310707000e-05;   13096020
3.3427691723000e-05;   13126635
3.3447060861000e-05;   13126635
3.3466441077000e-05;   13157250
3.3485809045000e-05;   13157250
3.3505188244000e-05;   13175353
3.3524555403000e-05;   13175353
3.3543933504000e-05;   13205968
3.3563299446000e-05;   13205968
3.3582676589000e-05;   13228782
3.3602041607000e-05;   13228782
3.3621427075000e-05;   13251596
3.3640801048000e-05;   13251596
3.3660186051000e-05;   13269699
3.3679559146000e-05;   13269699
3.3698943198000e-05;   13300314
3.3718315295000e-05;   13300314
3.3737698485000e-05;   13330929
3.3753840002000e-05;   13330929
3.3773222318000e-05;   13369345
3.3792592459000e-05;   13369345
3.3811973773000e-05;   13395249
3.3831343280000e-05;   13395249
3.3850723696000e-05;   13418063
3.3870092152000e-05;   13418063
3.3889471495000e-05;   13448678
3.3908838770000e-05;   13448678
3.3928217265000e-05;   13474582
3.3947583654000e-05;   13474582
3.3966967625000e-05;   13497396
3.3986339757000e-05;   13497396
3.4005723017000e-05;   13520210
3.4025094086000e-05;   13520210
3.4044476082000e-05;   13550825
3.4063846323000e-05;   13550825
3.4083227638000e-05;   13576729
3.4102596767000e-05;   13576729
3.4121976974000e-05;   13607344
3.4141345306000e-05;   13607344
3.4160724717000e-05;   13630158
3.4176863248000e-05;   13630158
3.4196241617000e-05;   13656062
3.4215607994000e-05;   13656062
3.4234985459000e-05;   13678876
3.4254350788000e-05;   13678876
3.4273736838000e-05;   13701690
3.4293111312000e-05;   13701690
3.4312496818000e-05;   13719793
3.4331870231000e-05;   13719793
3.4351254909000e-05;   13758209
3.4370627341000e-05;   13758209
3.4390010835000e-05;   13788824
3.4409382420000e-05;   13788824
3.4428765089000e-05;   13819439
3.4448135681000e-05;   13819439
3.4467517340000e-05;   13845343
3.4486887044000e-05;   13845343
3.4506267797000e-05;   13875958
3.4525636461000e-05;   13875958
3.4545016173000e-05;   13906573
3.4564383870000e-05;   13906573
3.4583762548000e-05;   13937188
3.4599900645000e-05;   13937188
3.4619278511000e-05;   13955291
3.4638644321000e-05;   13955291
3.4658021254000e-05;   13978105
3.4677386065000e-05;   13978105
3.4696761829000e-05;   14000919
3.4716125693000e-05;   14000919
3.4735500480000e-05;   14019022
3.4754863258000e-05;   14019022
3.4774237290000e-05;   14041836
3.4793598820000e-05;   14041836
3.4812971876000e-05;   14056849
3.4832332729000e-05;   14056849
3.4851704632000e-05;   14074952
3.4871064697000e-05;   14074952
3.4890435615000e-05;   14089965
3.4909794630000e-05;   14089965
3.4929174150000e-05;   14104978
3.4948542158000e-05;   14104978
3.4967921463000e-05;   14115280
3.4987288645000e-05;   14115280
3.5006666711000e-05;   14138094
3.5026032875000e-05;   14138094
3.5045410284000e-05;   14168709
3.5061547025000e-05;   14168709
3.5080923451000e-05;   14191523
3.5100287984000e-05;   14191523
3.5119663620000e-05;   14209626
3.5139027272000e-05;   14209626
3.5158401868000e-05;   14232440
3.5177764650000e-05;   14232440
3.5197138569000e-05;   14255254
3.5216500363000e-05;   14255254
3.5235873142000e-05;   14265556
3.5255234063000e-05;   14265556
3.5274612460000e-05;   14280569
3.5293979041000e-05;   14280569
3.5313356940000e-05;   14303383
3.5332722796000e-05;   14303383
3.5352099581000e-05;   14321486
3.5371464239000e-05;   14321486
3.5390840076000e-05;   14344300
3.5410203946000e-05;   14344300
3.5429578893000e-05;   14367114
3.5448941829000e-05;   14367114
3.5465087848000e-05;   14385217
3.5484450051000e-05;   14385217
3.5503823170000e-05;   14400230
3.5523184476000e-05;   14400230
3.5542556915000e-05;   14415243
3.5561917193000e-05;   14415243
3.5581288565000e-05;   14438057
3.5600648065000e-05;   14438057
3.5620028087000e-05;   14448359
3.5639396518000e-05;   14448359
3.5658776038000e-05;   14463372
3.5678143587000e-05;   14463372
3.5697522138000e-05;   14486186
3.5716888706000e-05;   14486186
3.5736266505000e-05;   14512090
3.5755632402000e-05;   14512090
3.5775009375000e-05;   14534904
3.5794374219000e-05;   14534904
3.5813750298000e-05;   14557718
3.5833114094000e-05;   14557718
3.5852489113000e-05;   14575821
3.5871852133000e-05;   14575821
3.5891226255000e-05;   14598635
3.5910588380000e-05;   14598635
3.5929961574000e-05;   14613648
3.5946094873000e-05;   14613648
3.5965467384000e-05;   14631751
3.5984827674000e-05;   14631751
3.6004198831000e-05;   14646764
3.6023558268000e-05;   14646764
3.6042928812000e-05;   14661777
3.6062287211000e-05;   14661777
3.6081656587000e-05;   14679880
3.6101013941000e-05;   14679880
3.6120382548000e-05;   14694893
3.6139739014000e-05;   14694893
3.6159106818000e-05;   14702105
3.6178462354000e-05;   14702105
3.6197829178000e-05;   14712407
3.6217183841000e-05;   14712407
3.6236549853000e-05;   14719619
3.6255903735000e-05;   14719619
3.6275268596000e-05;   14734632
3.6294621631000e-05;   14734632
3.6313995346000e-05;   14737133
3.6333357566000e-05;   14737133
3.6352730863000e-05;   14744345
3.6372092050000e-05;   14744345
3.6391464569000e-05;   14759358
3.6407597352000e-05;   14759358
3.6426968954000e-05;   14777461
3.6446328588000e-05;   14777461
3.6465699295000e-05;   14784673
3.6485058144000e-05;   14784673
3.6504428024000e-05;   14799686
3.6523786044000e-05;   14799686
3.6543155344000e-05;   14817789
3.6562512264000e-05;   14817789
3.6581880727000e-05;   14825001
3.6601237053000e-05;   14825001
3.6620604544000e-05;   14840014
3.6639960035000e-05;   14840014
3.6659326733000e-05;   14850316
3.6678681460000e-05;   14850316
3.6698053720000e-05;   14857528
3.6717414154000e-05;   14857528
3.6736785786000e-05;   14864740
3.6756145252000e-05;   14864740
3.6775516171000e-05;   14875042
3.6794874726000e-05;   14875042
3.6814244710000e-05;   14890055
3.6833602590000e-05;   14890055
3.6852971475000e-05;   14905068
3.6869101201000e-05;   14905068
3.6888469472000e-05;   14915370
3.6907825660000e-05;   14915370
3.6927193100000e-05;   14930383
3.6946548453000e-05;   14930383
3.6965914940000e-05;   14937595
3.6985269489000e-05;   14937595
3.7004635247000e-05;   14947897
3.7023988958000e-05;   14947897
3.7043353896000e-05;   14955109
3.7062706930000e-05;   14955109
3.7082080647000e-05;   14962321
3.7101442613000e-05;   14962321
3.7120815941000e-05;   14964822
3.7140177296000e-05;   14964822
3.7159549673000e-05;   14979835
3.7178910003000e-05;   14979835
3.7198281576000e-05;   15002649
3.7217641025000e-05;   15002649
3.7237011695000e-05;   15012951
3.7256370296000e-05;   15012951
3.7275740338000e-05;   15027964
3.7295098092000e-05;   15027964
3.7311240211000e-05;   15042977
3.7330597135000e-05;   15042977
3.7349965396000e-05;   15053279
3.7369321470000e-05;   15053279
3.7388688867000e-05;   15060491
3.7408044223000e-05;   15060491
3.7427410621000e-05;   15070793
3.7446765205000e-05;   15070793
3.7466131056000e-05;   15078005
3.7485484676000e-05;   15078005
3.7504849544000e-05;   15085217
3.7524202420000e-05;   15085217
3.7543566213000e-05;   15095519
3.7562918350000e-05;   15095519
3.7582281499000e-05;   15102731
3.7601632617000e-05;   15102731
3.7620994923000e-05;   15102142
3.7640345120000e-05;   15102142
3.7659706626000e-05;   15104643
3.7679056149000e-05;   15104643
3.7698416745000e-05;   15111855
3.7717765541000e-05;   15111855
3.7737125504000e-05;   15111266
3.7756473304000e-05;   15111266
3.7775832467000e-05;   15105966
3.7795179530000e-05;   15105966
3.7814547097000e-05;   15105377
3.7830675917000e-05;   15105377
3.7850043150000e-05;   15107878
3.7869398342000e-05;   15107878
3.7888764878000e-05;   15115090
3.7908119294000e-05;   15115090
3.7927484975000e-05;   15122302
3.7946838633000e-05;   15122302
3.7966203534000e-05;   15132604
3.7985556631000e-05;   15132604
3.8004920807000e-05;   15139816
3.8024272944000e-05;   15139816
3.8043636412000e-05;   15147028
3.8062987976000e-05;   15147028
3.8082350726000e-05;   15149529
3.8101701498000e-05;   15149529
3.8121063417000e-05;   15148940
3.8140413510000e-05;   15148940
3.8159774622000e-05;   15151441
3.8179123889000e-05;   15151441
3.8198484372000e-05;   15150852
3.8217832760000e-05;   15150852
3.8237199143000e-05;   15150263
3.8256553679000e-05;   15150263
3.8275919710000e-05;   15152764
3.8295273570000e-05;   15152764
3.8314638555000e-05;   15159976
3.8330765084000e-05;   15159976
3.8350129497000e-05;   15167188
3.8369481827000e-05;   15167188
3.8388845391000e-05;   15169689
3.8408196996000e-05;   15169689
3.8427559988000e-05;   15176901
3.8446910656000e-05;   15176901
3.8466272904000e-05;   15184113
3.8485622953000e-05;   15184113
3.8504984339000e-05;   15178813
3.8524333670000e-05;   15178813
3.8543694275000e-05;   15186025
3.8563042894000e-05;   15186025
3.8582402825000e-05;   15188526
3.8601750775000e-05;   15188526
3.8621109868000e-05;   15187937
3.8640456866000e-05;   15187937
3.8659824191000e-05;   15187348
3.8679180118000e-05;   15187348
3.8698547244000e-05;   15182048
3.8717902368000e-05;   15182048
3.8737268814000e-05;   15189260
3.8756623295000e-05;   15189260
3.8772762462000e-05;   15191761
3.8792116183000e-05;   15191761
3.8811481121000e-05;   15206774
3.8830833916000e-05;   15206774
3.8850198184000e-05;   15213986
3.8869550360000e-05;   15213986
3.8888913926000e-05;   15216487
3.8908265390000e-05;   15216487
3.8927628261000e-05;   15215898
3.8946978906000e-05;   15215898
3.8966340873000e-05;   15223110
3.8985690816000e-05;   15223110
3.9005051973000e-05;   15225611
3.9024400964000e-05;   15225611
3.9043761520000e-05;   15232823
3.9063109993000e-05;   15232823
3.9082469789000e-05;   15232234
3.9101817371000e-05;   15232234
3.9121176253000e-05;   15226934
3.9140522992000e-05;   15226934
3.9159881219000e-05;   15226345
3.9179227204000e-05;   15226345
3.9198584771000e-05;   15221045
3.9217930016000e-05;   15221045
3.9237286612000e-05;   15220456
3.9256631138000e-05;   15220456
3.9272762195000e-05;   15219867
3.9292106074000e-05;   15219867
3.9311461229000e-05;   15214567
3.9330804384000e-05;   15214567
3.9350158753000e-05;   15206177
3.9369501238000e-05;   15206177
3.9388855037000e-05;   15200877
3.9408196737000e-05;   15200877
3.9427549832000e-05;   15192487
3.9446890838000e-05;   15192487
3.9466243366000e-05;   15184097
3.9485583617000e-05;   15184097
3.9504944935000e-05;   15170996
3.9524294484000e-05;   15170996
3.9543655441000e-05;   15162606
3.9563004613000e-05;   15162606
3.9582364825000e-05;   15157306
3.9601713110000e-05;   15157306
3.9621072918000e-05;   15156717
3.9640420625000e-05;   15156717
3.9659779719000e-05;   15163929
3.9679126695000e-05;   15163929
3.9698485419000e-05;   15158629
3.9717831963000e-05;   15158629
3.9737189679000e-05;   15158040
3.9756535414000e-05;   15158040
3.9775892907000e-05;   15152740
3.9795238257000e-05;   15152740
3.9814594727000e-05;   15152151
3.9830714172000e-05;   15152151
3.9850069860000e-05;   15143761
3.9869413739000e-05;   15143761
3.9888768960000e-05;   15138461
3.9908112153000e-05;   15138461
3.9927466666000e-05;   15137872
3.9946809255000e-05;   15137872
3.9966163216000e-05;   15124771
3.9985505094000e-05;   15124771
4.0004864841000e-05;   15116381
4.0024212584000e-05;   15116381
4.0043571633000e-05;   15103280
4.0062918950000e-05;   15103280
4.0082277396000e-05;   15102691
4.0101623874000e-05;   15102691
4.0120981725000e-05;   15102102
4.0140327457000e-05;   15102102
4.0159684572000e-05;   15104603
4.0179029665000e-05;   15104603
4.0198386057000e-05;   15096213
4.0217730864000e-05;   15096213
4.0237086717000e-05;   15090913
4.0256430616000e-05;   15090913
4.0275785931000e-05;   15082523
4.0295129332000e-05;   15082523
4.0314483948000e-05;   15081934
4.0330601855000e-05;   15081934
4.0349955659000e-05;   15076634
4.0369297470000e-05;   15076634
4.0388650938000e-05;   15068244
4.0407992218000e-05;   15068244
4.0427345021000e-05;   15055143
4.0446685833000e-05;   15055143
4.0466047429000e-05;   15046753
4.0485397338000e-05;   15046753
4.0504758625000e-05;   15038363
4.0524107913000e-05;   15038363
4.0543468638000e-05;   15040864
4.0562817120000e-05;   15040864
4.0582177211000e-05;   15040275
4.0601525109000e-05;   15040275
4.0620884579000e-05;   15034975
4.0640231883000e-05;   15034975
4.0659590636000e-05;   15034386
4.0678937403000e-05;   15034386
4.0698295376000e-05;   15033797
4.0717641536000e-05;   15033797
4.0736999110000e-05;   15028497
4.0756344623000e-05;   15028497
4.0775701432000e-05;   15027908
4.0795046156000e-05;   15027908
4.0814402447000e-05;   15022608
4.0833746486000e-05;   15022608
4.0853102070000e-05;   15022019
4.0869220605000e-05;   15022019
4.0888575539000e-05;   15013629
4.0907918258000e-05;   15013629
4.0927272293000e-05;   15008329
4.0946614429000e-05;   15008329
4.0965968047000e-05;   14999939
4.0985309553000e-05;   14999939
4.1004662425000e-05;   14986838
4.1024003216000e-05;   14986838
4.1043355561000e-05;   14986249
4.1062695757000e-05;   14986249
4.1082047100000e-05;   14970058
4.1101386601000e-05;   14970058
4.1120737383000e-05;   14956957
4.1140076334000e-05;   14956957
4.1159426530000e-05;   14948567
4.1178764823000e-05;   14948567
4.1198114536000e-05;   14935466
4.1217452200000e-05;   14935466
4.1236801318000e-05;   14919275
4.1256138467000e-05;   14919275
4.1275486854000e-05;   14906174
4.1294823220000e-05;   14906174
4.1314171095000e-05;   14889983
4.1333507066000e-05;   14889983
4.1352854323000e-05;   14881593
4.1372189656000e-05;   14881593
4.1391536286000e-05;   14860691
4.1407647558000e-05;   14860691
4.1426993835000e-05;   14844500
4.1446328031000e-05;   14844500
4.1465683131000e-05;   14823598
4.1485026722000e-05;   14823598
4.1504381716000e-05;   14807407
4.1523724614000e-05;   14807407
4.1543079231000e-05;   14794306
4.1562421625000e-05;   14794306
4.1581775846000e-05;   14793717
4.1601117843000e-05;   14793717
4.1620471441000e-05;   14780616
4.1639812931000e-05;   14780616
4.1659165904000e-05;   14772226
4.1678506791000e-05;   14772226
4.1697859247000e-05;   14763836
4.1717199740000e-05;   14763836
4.1736551625000e-05;   14750735
4.1755891618000e-05;   14750735
4.1775243043000e-05;   14742345
4.1794582522000e-05;   14742345
4.1813933426000e-05;   14729244
4.1833272220000e-05;   14729244
4.1852622470000e-05;   14720854
4.1871960648000e-05;   14720854
4.1891310321000e-05;   14699952
4.1910648083000e-05;   14699952
4.1929997226000e-05;   14691562
4.1946110446000e-05;   14691562
4.1965458923000e-05;   14683172
4.1984795496000e-05;   14683172
4.2004143491000e-05;   14662270
4.2023479351000e-05;   14662270
4.2042833237000e-05;   14646079
4.2062175448000e-05;   14646079
4.2081528922000e-05;   14632978
4.2100870350000e-05;   14632978
4.2120223370000e-05;   14616787
4.2139564331000e-05;   14616787
4.2158916683000e-05;   14611487
4.2178257181000e-05;   14611487
4.2197609177000e-05;   14603097
4.2216949164000e-05;   14603097
4.2236300580000e-05;   14594707
4.2255639977000e-05;   14594707
4.2274990852000e-05;   14581606
4.2294329875000e-05;   14581606
4.2313680275000e-05;   14565415
4.2333018559000e-05;   14565415
4.2352368444000e-05;   14552314
4.2371706135000e-05;   14552314
4.2391055386000e-05;   14543924
4.2410392677000e-05;   14543924
4.2429741474000e-05;   14523022
4.2449078110000e-05;   14523022
4.2468426319000e-05;   14514632
4.2484538767000e-05;   14514632
4.2503886248000e-05;   14498441
4.2523221920000e-05;   14498441
4.2542568847000e-05;   14477539
4.2561903813000e-05;   14477539
4.2581250372000e-05;   14469149
4.2600584918000e-05;   14469149
4.2619930884000e-05;   14448247
4.2639264933000e-05;   14448247
4.2658620121000e-05;   14424255
4.2677963469000e-05;   14424255
4.2697318490000e-05;   14411154
4.2716661239000e-05;   14411154
4.2736015705000e-05;   14402764
4.2755358082000e-05;   14402764
4.2774712023000e-05;   14389663
4.2794054003000e-05;   14389663
4.2813407307000e-05;   14381273
4.2832748714000e-05;   14381273
4.2852101558000e-05;   14380684
4.2871442489000e-05;   14380684
4.2890794828000e-05;   14367583
4.2910135370000e-05;   14367583
4.2929487411000e-05;   14359193
4.2948827203000e-05;   14359193
4.2968178604000e-05;   14346092
4.2987517999000e-05;   14346092
4.3006868734000e-05;   14337702
4.3022983619000e-05;   14337702
4.3042334110000e-05;   14316800
4.3061672424000e-05;   14316800
4.3081022020000e-05;   14308410
4.3100359787000e-05;   14308410
4.3119708988000e-05;   14300020
4.3139046215000e-05;   14300020
4.3158394836000e-05;   14279118
4.3177731417000e-05;   14279118
4.3197079362000e-05;   14262927
4.3216415627000e-05;   14262927
4.3235763293000e-05;   14249826
4.3255098763000e-05;   14249826
4.3274445737000e-05;   14233635
4.3293780836000e-05;   14233635
4.3313127421000e-05;   14220534
4.3332462010000e-05;   14220534
4.3351808049000e-05;   14196542
4.3371142109000e-05;   14196542
4.3390487583000e-05;   14175640
4.3409821185000e-05;   14175640
4.3429166165000e-05;   14159449
4.3448499196000e-05;   14159449
4.3467843608000e-05;   14143258
4.3487176181000e-05;   14143258
4.3506520302000e-05;   14122356
4.3525852498000e-05;   14122356
4.3545196190000e-05;   14098364
4.3564527763000e-05;   14098364
4.3583871066000e-05;   14077462
4.3599979364000e-05;   14077462
4.3619322352000e-05;   14061271
4.3638652940000e-05;   14061271
4.3657995201000e-05;   14032568
4.3677325645000e-05;   14032568
4.3696667643000e-05;   14008576
4.3715997501000e-05;   14008576
4.3735339002000e-05;   13987674
4.3754668445000e-05;   13987674
4.3774009507000e-05;   13963682
4.3793338555000e-05;   13963682
4.3812679221000e-05;   13934979
4.3832007918000e-05;   13934979
4.3851348037000e-05;   13910987
4.3870676350000e-05;   13910987
4.3890016093000e-05;   13890085
4.3909344122000e-05;   13890085
4.3928693135000e-05;   13858292
4.3948030565000e-05;   13858292
4.3967379720000e-05;   13829589
4.3986716886000e-05;   13829589
4.4006065459000e-05;   13813398
4.4025402125000e-05;   13813398
4.4044750531000e-05;   13792496
4.4064086959000e-05;   13792496
4.4083435012000e-05;   13784106
4.4102770991000e-05;   13784106
4.4122118575000e-05;   13767915
4.4141454341000e-05;   13767915
4.4157577855000e-05;   13747013
4.4176913222000e-05;   13747013
4.4196260041000e-05;   13738623
4.4215594854000e-05;   13738623
4.4234941352000e-05;   13717721
4.4254275895000e-05;   13717721
4.4273621816000e-05;   13701530
4.4292955823000e-05;   13701530
4.4312301399000e-05;   13680628
4.4331634992000e-05;   13680628
4.4350980156000e-05;   13664437
4.4370313245000e-05;   13664437
4.4389658002000e-05;   13643535
4.4408990803000e-05;   13643535
4.4428335002000e-05;   13619543
4.4447667252000e-05;   13619543
4.4467011150000e-05;   13598641
4.4486342891000e-05;   13598641
4.4505686222000e-05;   13582450
4.4525017460000e-05;   13582450
4.4544360587000e-05;   13558458
4.4563691601000e-05;   13558458
4.4583034189000e-05;   13537556
4.4602364858000e-05;   13537556
4.4621707188000e-05;   13513564
4.4641037301000e-05;   13513564
4.4660379113000e-05;   13492662
4.4679708938000e-05;   13492662
4.4695827976000e-05;   13468670
4.4718380087000e-05;   13468670
4.4734503812000e-05;   13439967
4.4753839330000e-05;   13439967
4.4773186578000e-05;   13415975
4.4792521763000e-05;   13415975
4.4811868539000e-05;   13395073
4.4831203534000e-05;   13395073
4.4850550053000e-05;   13378882
4.4869884444000e-05;   13378882
4.4889230561000e-05;   13365781
4.4908564781000e-05;   13365781
4.4927910643000e-05;   13341789
4.4947244328000e-05;   13341789
4.4966589769000e-05;   13320887
4.4985923192000e-05;   13320887
4.5005268415000e-05;   13304696
4.5024601405000e-05;   13304696
4.5043945951000e-05;   13288505
4.5063278698000e-05;   13288505
4.5082622960000e-05;   13267603
4.5101955075000e-05;   13267603
4.5121299046000e-05;   13243611
4.5140630920000e-05;   13243611
4.5159974640000e-05;   13222709
4.5179305995000e-05;   13222709
4.5198649159000e-05;   13206518
4.5217980267000e-05;   13206518
4.5237323043000e-05;   13177815
4.5256653759000e-05;   13177815
4.5275996281000e-05;   13153823
4.5292103922000e-05;   13153823
4.5311445758000e-05;   13132921
4.5330775723000e-05;   13132921
4.5350117172000e-05;   13108929
4.5369446765000e-05;   13108929
4.5388788031000e-05;   13080226
4.5408117229000e-05;   13080226
4.5427458154000e-05;   13056234
4.5446786933000e-05;   13056234
4.5466127542000e-05;   13035332
4.5485456140000e-05;   13035332
4.5504796153000e-05;   13011340
4.5524124285000e-05;   13011340
4.5543473715000e-05;   12982637
4.5562811451000e-05;   12982637
4.5582161052000e-05;   12958645
4.5601498376000e-05;   12958645
4.5620847676000e-05;   12937743
4.5640184869000e-05;   12937743
4.5659533561000e-05;   12921552
4.5678870281000e-05;   12921552
4.5698218624000e-05;   12913162
4.5717555183000e-05;   12913162
4.5736903286000e-05;   12892260
4.5756239419000e-05;   12892260
4.5775587281000e-05;   12883870
4.5794923011000e-05;   12883870
4.5814270386000e-05;   12862968
4.5833605806000e-05;   12862968
4.5852952854000e-05;   12838976
4.5869064316000e-05;   12838976
4.5888411163000e-05;   12825875
4.5907745764000e-05;   12825875
4.5927092115000e-05;   12809684
4.5946426443000e-05;   12809684
4.5965772121000e-05;   12788782
4.5985105933000e-05;   12788782
4.6004451404000e-05;   12772591
4.6023784749000e-05;   12772591
4.6043129755000e-05;   12751689
4.6062462901000e-05;   12751689
4.6081807655000e-05;   12735498
4.6101140285000e-05;   12735498
4.6120484893000e-05;   12711506
4.6139817018000e-05;   12711506
4.6159161002000e-05;   12690604
4.6178492848000e-05;   12690604
4.6197836305000e-05;   12674413
4.6217168017000e-05;   12674413
4.6236511228000e-05;   12645710
4.6255842222000e-05;   12645710
4.6275184848000e-05;   12629519
4.6294515735000e-05;   12629519
4.6313858156000e-05;   12600816
4.6333188696000e-05;   12600816
4.6352530685000e-05;   12576824
4.6371860705000e-05;   12576824
4.6391202216000e-05;   12555922
4.6410531893000e-05;   12555922
4.6429873509000e-05;   12531930
4.6445980312000e-05;   12531930
4.6465321517000e-05;   12503227
4.6484650625000e-05;   12503227
4.6503991419000e-05;   12479235
4.6523320162000e-05;   12479235
4.6542660606000e-05;   12458333
4.6561989180000e-05;   12458333
4.6581329402000e-05;   12434341
4.6600657589000e-05;   12434341
4.6619997277000e-05;   12405638
4.6639325055000e-05;   12405638
4.6658664618000e-05;   12381646
4.6677992153000e-05;   12381646
4.6697331405000e-05;   12352943
4.6716658519000e-05;   12352943
4.6735997474000e-05;   12321150
4.6755324351000e-05;   12321150
4.6774662978000e-05;   12292447
4.6793989676000e-05;   12292447
4.6813328094000e-05;   12268455
4.6832654346000e-05;   12268455
4.6851992643000e-05;   12231951
4.6871318651000e-05;   12231951
4.6890656514000e-05;   12207959
4.6909982450000e-05;   12207959
4.6929320007000e-05;   12179256
4.6948645648000e-05;   12179256
4.6967983042000e-05;   12155264
4.6987308643000e-05;   12155264
4.7006645596000e-05;   12118760
4.7025970772000e-05;   12118760
4.7045307649000e-05;   12094768
4.7061410767000e-05;   12094768
4.7080747419000e-05;   12058264
4.7100072185000e-05;   12058264
4.7119408723000e-05;   12026471
4.7138733096000e-05;   12026471
4.7158069309000e-05;   11997768
4.7177393521000e-05;   11997768
4.7196729449000e-05;   11965975
4.7216053521000e-05;   11965975
4.7235389313000e-05;   11929471
4.7254713018000e-05;   11929471
4.7274048594000e-05;   11905479
4.7293372161000e-05;   11905479
4.7312707571000e-05;   11868975
4.7332030955000e-05;   11868975
4.7351366170000e-05;   11837182
4.7370689353000e-05;   11837182
4.7390024264000e-05;   11800678
4.7409347231000e-05;   11800678
4.7428681992000e-05;   11768885
4.7448004824000e-05;   11768885
4.7467339457000e-05;   11740182
4.7486662091000e-05;   11740182
4.7505996564000e-05;   11708389
4.7525318996000e-05;   11708389
4.7544653214000e-05;   11671885
4.7563975556000e-05;   11671885
4.7583309600000e-05;   11632291
4.7602631920000e-05;   11632291
4.7621965574000e-05;   11603588
4.7641287590000e-05;   11603588
4.7660621500000e-05;   11563994
4.7676722101000e-05;   11563994
4.7696065519000e-05;   11527490
4.7715397143000e-05;   11527490
4.7734740581000e-05;   11495697
4.7754072198000e-05;   11495697
4.7773415376000e-05;   11474795
4.7792746711000e-05;   11474795
4.7812089928000e-05;   11450803
4.7831421086000e-05;   11450803
4.7850764122000e-05;   11429901
4.7870095130000e-05;   11429901
4.7889437979000e-05;   11405909
4.7908768905000e-05;   11405909
4.7928111605000e-05;   11385007
4.7947442359000e-05;   11385007
4.7966784978000e-05;   11361015
4.7986115399000e-05;   11361015
4.8005457696000e-05;   11332312
4.8024787984000e-05;   11332312
4.8044130070000e-05;   11316121
4.8063460131000e-05;   11316121
4.8082801966000e-05;   11292129
4.8102131920000e-05;   11292129
4.8121473569000e-05;   11263426
4.8140803214000e-05;   11263426
4.8160144482000e-05;   11239434
4.8179473813000e-05;   11239434
4.8198815005000e-05;   11210731
4.8218144060000e-05;   11210731
4.8237484889000e-05;   11194540
4.8256813648000e-05;   11194540
4.8276154485000e-05;   11165837
4.8292260614000e-05;   11165837
4.8311600980000e-05;   11141845
4.8330929316000e-05;   11141845
4.8350269489000e-05;   11113142
4.8369597589000e-05;   11113142
4.8388937506000e-05;   11089150
4.8408265369000e-05;   11089150
4.8427605089000e-05;   11060447
4.8446932535000e-05;   11060447
4.8466271930000e-05;   11036455
4.8485599414000e-05;   11036455
4.8504938623000e-05;   11007752
4.8524265926000e-05;   11007752
4.8543604823000e-05;   10975959
4.8562931844000e-05;   10975959
4.8582270720000e-05;   10947256
4.8601597406000e-05;   10947256
4.8620935960000e-05;   10923264
4.8640262448000e-05;   10923264
4.8659600911000e-05;   10894561
4.8678927312000e-05;   10894561
4.8698265680000e-05;   10862768
4.8717591861000e-05;   10862768
4.8736929903000e-05;   10834065
4.8756255898000e-05;   10834065
4.8775593817000e-05;   10802272
4.8794919598000e-05;   10802272
4.8814257319000e-05;   10773569
4.8833583015000e-05;   10773569
4.8852920471000e-05;   10749577
4.8869024111000e-05;   10749577
4.8888361408000e-05;   10720874
4.8907686595000e-05;   10720874
4.8927023722000e-05;   10689081
4.8946348985000e-05;   10689081
4.8965685955000e-05;   10652577
4.8985010943000e-05;   10652577
4.9004347753000e-05;   10628585
4.9023672563000e-05;   10628585
4.9043009310000e-05;   10592081
4.9062333906000e-05;   10592081
4.9081670505000e-05;   10560288
4.9100995064000e-05;   10560288
4.9120331396000e-05;   10531585
4.9139655686000e-05;   10531585
4.9158992070000e-05;   10499792
4.9178316407000e-05;   10499792
4.9197652320000e-05;   10471089
4.9216976647000e-05;   10471089
4.9236312576000e-05;   10439296
4.9255636635000e-05;   10439296
4.9274972591000e-05;   10402792
4.9294296412000e-05;   10402792
4.9313632155000e-05;   10370999
4.9332955838000e-05;   10370999
4.9352291451000e-05;   10342296
4.9371615038000e-05;   10342296
4.9390950522000e-05;   10310503
4.9410273923000e-05;   10310503
4.9429609440000e-05;   10273999
4.9448932894000e-05;   10273999
4.9468274302000e-05;   10242206
4.9487604099000e-05;   10242206
4.9506945796000e-05;   10213503
4.9523052989000e-05;   10213503
4.9542394591000e-05;   10181710
4.9561724345000e-05;   10181710
4.9581065967000e-05;   10160808
4.9600395415000e-05;   10160808
4.9619736704000e-05;   10136816
4.9639066293000e-05;   10136816
4.9658407421000e-05;   10108113
4.9677736650000e-05;   10108113
4.9697077838000e-05;   10084121
4.9716407130000e-05;   10084121
4.9735747927000e-05;   10055418
4.9755077056000e-05;   10055418
4.9774418049000e-05;   10031426
4.9793746901000e-05;   10031426
4.9813087729000e-05;   10010524
4.9832416224000e-05;   10010524
4.9851756718000e-05;    9978731
4.9871085310000e-05;    9978731
4.9890425836000e-05;    9957829
4.9909754171000e-05;    9957829
4.9929094530000e-05;    9933837
4.9948422771000e-05;    9933837
4.9967762873000e-05;    9905134
4.9987090790000e-05;    9905134
5.0006430811000e-05;    9881142
5.0025758636000e-05;    9881142
5.0045098375000e-05;    9852439
5.0064426150000e-05;    9852439
5.0083765922000e-05;    9828447
5.0099871072000e-05;    9828447
5.0119210606000e-05;    9791943
5.0138538063000e-05;    9791943
5.0157877321000e-05;    9767951
5.0177204798000e-05;    9767951
5.0196543956000e-05;    9739248
5.0215871045000e-05;    9739248
5.0235210045000e-05;    9715256
5.0254537043000e-05;    9715256
5.0273875946000e-05;    9678752
5.0293202819000e-05;    9678752
5.0312541438000e-05;    9662561
5.0331868077000e-05;    9662561
5.0351206671000e-05;    9626057
5.0370533146000e-05;    9626057
5.0389871713000e-05;    9602065
5.0409198208000e-05;    9602065
5.0428536401000e-05;    9565561
5.0447862840000e-05;    9565561
5.0467201180000e-05;    9541569
5.0486527323000e-05;    9541569
5.0505865603000e-05;    9517577
5.0525191623000e-05;    9517577
5.0544529473000e-05;    9481073
5.0563855342000e-05;    9481073
5.0583193305000e-05;    9457081
5.0602519141000e-05;    9457081
5.0621856834000e-05;    9428378
5.0641182686000e-05;    9428378
5.0660520302000e-05;    9396585
5.0679845856000e-05;    9396585
5.0699183455000e-05;    9367882
5.0715287118000e-05;    9367882
5.0734624610000e-05;    9336089
5.0753950081000e-05;    9336089
5.0773287596000e-05;    9307386
5.0792612838000e-05;    9307386
5.0811949983000e-05;    9275593
5.0831275357000e-05;    9275593
5.0850612628000e-05;    9246890
5.0869937848000e-05;    9246890
5.0889275005000e-05;    9215097
5.0908600165000e-05;    9215097
5.0927937097000e-05;    9186394
5.0947262020000e-05;    9186394
5.0966598912000e-05;    9154601
5.0985923929000e-05;    9154601
5.1005260847000e-05;    9125898
5.1024585681000e-05;    9125898
5.1043922408000e-05;    9094105
5.1063247315000e-05;    9094105
5.1082584017000e-05;    9057601
5.1101908541000e-05;    9057601
5.1121245187000e-05;    9033609
5.1140569829000e-05;    9033609
5.1159906328000e-05;    8997105
5.1179230964000e-05;    8997105
5.1198567564000e-05;    8973113
5.1217892110000e-05;    8973113
5.1237228596000e-05;    8936609
5.1256553041000e-05;    8936609
5.1275889388000e-05;    8900105
5.1295213702000e-05;    8900105
5.1314550048000e-05;    8876113
5.1330652710000e-05;    8876113
5.1349988918000e-05;    8839609
5.1369313340000e-05;    8839609
5.1388649677000e-05;    8807816
5.1407974049000e-05;    8807816
5.1427310297000e-05;    8771312
5.1446634468000e-05;    8771312
5.1465970726000e-05;    8747320
5.1485294940000e-05;    8747320
5.1504630983000e-05;    8710816
5.1523955264000e-05;    8710816
5.1543291227000e-05;    8686824
5.1562615427000e-05;    8686824
5.1581951249000e-05;    8650320
5.1601275405000e-05;    8650320
5.1620611459000e-05;    8618527
5.1639935571000e-05;    8618527
5.1659271631000e-05;    8582023
5.1678595576000e-05;    8582023
5.1697931550000e-05;    8558031
5.1717255510000e-05;    8558031
5.1736591381000e-05;    8521527
5.1755915279000e-05;    8521527
5.1775251226000e-05;    8489734
5.1794575234000e-05;    8489734
5.1813911032000e-05;    8453230
5.1833234990000e-05;    8453230
5.1852570897000e-05;    8429238
5.1871894643000e-05;    8429238
5.1891230470000e-05;    8392734
5.1910554504000e-05;    8392734
5.1929890405000e-05;    8360941
5.1945992568000e-05;    8360941
5.1965328433000e-05;    8332238
5.1984652221000e-05;    8332238
5.2003988055000e-05;    8300445
5.2023311714000e-05;    8300445
5.2042647517000e-05;    8263941
5.2061971393000e-05;    8263941
5.2081307131000e-05;    8232148
5.2100631027000e-05;    8232148
5.2119966645000e-05;    8195644
5.2139290366000e-05;    8195644
5.2158626097000e-05;    8163851
5.2177949869000e-05;    8163851
5.2197285371000e-05;    8135148
5.2216609361000e-05;    8135148
5.2235945011000e-05;    8103355
5.2255268761000e-05;    8103355
5.2274604501000e-05;    8066851
5.2293928363000e-05;    8066851
5.2313264081000e-05;    8035058
5.2332587898000e-05;    8035058
5.2351923820000e-05;    8006355
5.2371247665000e-05;    8006355
5.2390583383000e-05;    7974562
5.2409907261000e-05;    7974562
5.2429242872000e-05;    7938058
5.2448566533000e-05;    7938058
5.2467902280000e-05;    7906265
5.2487226055000e-05;    7906265
5.2506561957000e-05;    7877562
5.2525885639000e-05;    7877562
5.2545221530000e-05;    7845769
5.2561323664000e-05;    7845769
5.2580659433000e-05;    7809265
5.2599983201000e-05;    7809265
5.2619319101000e-05;    7777472
5.2638642714000e-05;    7777472
5.2657978344000e-05;    7748769
5.2677302328000e-05;    7748769
5.2696638085000e-05;    7709175
5.2715961762000e-05;    7709175
5.2735297715000e-05;    7680472
5.2754621539000e-05;    7680472
5.2773957560000e-05;    7648679
5.2793281352000e-05;    7648679
5.2812617339000e-05;    7612175
5.2831941213000e-05;    7612175
5.2851277187000e-05;    7588183
5.2870601203000e-05;    7588183
5.2889937043000e-05;    7551679
5.2909260881000e-05;    7551679
5.2928596955000e-05;    7519886
5.2947921045000e-05;    7519886
5.2967256919000e-05;    7483382
5.2986580828000e-05;    7483382
5.3005916825000e-05;    7459390
5.3025240763000e-05;    7459390
5.3044576742000e-05;    7422886
5.3063900885000e-05;    7422886
5.3083237105000e-05;    7391093
5.3102561034000e-05;    7391093
5.3121897244000e-05;    7354589
5.3141221507000e-05;    7354589
5.3160557621000e-05;    7330597
5.3179881751000e-05;    7330597
5.3199217924000e-05;    7294093
5.3215320462000e-05;    7294093
5.3234656697000e-05;    7262300
5.3253981164000e-05;    7262300
5.3273317223000e-05;    7225796
5.3292641659000e-05;    7225796
5.3311977907000e-05;    7201804
5.3331302138000e-05;    7201804
5.3350638425000e-05;    7165300
5.3369962673000e-05;    7165300
5.3389299061000e-05;    7141308
5.3408623297000e-05;    7141308
5.3427959740000e-05;    7104804
5.3447284164000e-05;    7104804
5.3466620791000e-05;    7073011
5.3485945078000e-05;    7073011
5.3505281459000e-05;    7036507
5.3524606060000e-05;    7036507
5.3543942668000e-05;    7012515
5.3563267023000e-05;    7012515
5.3582603587000e-05;    6976011
5.3601928131000e-05;    6976011
5.3621264768000e-05;    6944218
5.3640589295000e-05;    6944218
5.3659925896000e-05;    6915515
5.3679250583000e-05;    6915515
5.3698587464000e-05;    6883722
5.3717912038000e-05;    6883722
5.3737248773000e-05;    6855019
5.3756573579000e-05;    6855019
5.3775910272000e-05;    6823226
5.3795234995000e-05;    6823226
5.3814572076000e-05;    6786722
5.3830675085000e-05;    6786722
5.3850012191000e-05;    6762730
5.3869337146000e-05;    6762730
5.3888674154000e-05;    6726226
5.3907999135000e-05;    6726226
5.3927336017000e-05;    6694433
5.3946660853000e-05;    6694433
5.3965997891000e-05;    6665730
5.3985322811000e-05;    6665730
5.4004659950000e-05;    6633937
5.4023985093000e-05;    6633937
5.4043322213000e-05;    6605234
5.4062647384000e-05;    6605234
5.4081984631000e-05;    6573441
5.4101310085000e-05;    6573441
5.4120647221000e-05;    6544738
5.4139972581000e-05;    6544738
5.4159309864000e-05;    6512945
5.4178635313000e-05;    6512945
5.4197972620000e-05;    6484242
5.4217297971000e-05;    6484242
5.4236635534000e-05;    6452449
5.4255961198000e-05;    6452449
5.4275298656000e-05;    6423746
5.4294624027000e-05;    6423746
5.4313961464000e-05;    6391953
5.4333287158000e-05;    6391953
5.4352624847000e-05;    6363250
5.4371950414000e-05;    6363250
5.4391288018000e-05;    6331457
5.4410613714000e-05;    6331457
5.4429951484000e-05;    6302754
5.4446055326000e-05;    6302754
5.4465393081000e-05;    6270961
5.4484718798000e-05;    6270961
5.4504056668000e-05;    6242258
5.4523382700000e-05;    6242258
5.4542720559000e-05;    6210465
5.4562046445000e-05;    6210465
5.4581384525000e-05;    6181762
5.4600710432000e-05;    6181762
5.4620048432000e-05;    6149969
5.4639374474000e-05;    6149969
5.4658712738000e-05;    6121266
5.4678038848000e-05;    6121266
5.4697377002000e-05;    6097274
5.4716703192000e-05;    6097274
5.4736041482000e-05;    6060770
5.4755367858000e-05;    6060770
5.4774706071000e-05;    6036778
5.4794032294000e-05;    6036778
5.4813370704000e-05;    6008075
5.4832697160000e-05;    6008075
5.4852035678000e-05;    5976282
5.4871362275000e-05;    5976282
5.4890700596000e-05;    5947579
5.4910027248000e-05;    5947579
5.4929365889000e-05;    5915786
5.4948692403000e-05;    5915786
5.4968031125000e-05;    5887083
5.4987357766000e-05;    5887083
5.5006696244000e-05;    5863091
5.5026022997000e-05;    5863091
5.5045361806000e-05;    5826587
5.5061466404000e-05;    5826587
5.5080805190000e-05;    5802595
5.5100132030000e-05;    5802595
5.5119470960000e-05;    5773892
5.5138797958000e-05;    5773892
5.5158137018000e-05;    5749900
5.5177464030000e-05;    5749900
5.5196803082000e-05;    5713396
5.5216130273000e-05;    5713396
5.5235469437000e-05;    5689404
5.5254796666000e-05;    5689404
5.5274135796000e-05;    5660701
5.5293462917000e-05;    5660701
5.5312802057000e-05;    5636709
5.5332129339000e-05;    5636709
5.5351468669000e-05;    5608006
5.5370795995000e-05;    5608006
5.5390135375000e-05;    5576213
5.5409462647000e-05;    5576213
5.5428802105000e-05;    5547510
5.5448129528000e-05;    5547510
5.5467469061000e-05;    5523518
5.5486796618000e-05;    5523518
5.5506136327000e-05;    5494815
5.5525463665000e-05;    5494815
5.5544803374000e-05;    5463022
5.5564131026000e-05;    5463022
5.5583470625000e-05;    5434319
5.5602798463000e-05;    5434319
5.5618915964000e-05;    5410327
5.5641466215000e-05;    5410327
5.5657583598000e-05;    5381624
5.5676911520000e-05;    5381624
5.5696251473000e-05;    5357632
5.5715579597000e-05;    5357632
5.5734919695000e-05;    5328929
5.5754247827000e-05;    5328929
5.5773588066000e-05;    5304937
5.5792916366000e-05;    5304937
5.5812256447000e-05;    5276234
5.5831584644000e-05;    5276234
5.5850925017000e-05;    5244441
5.5870253267000e-05;    5244441
5.5889593599000e-05;    5215738
5.5908921776000e-05;    5215738
5.5928262238000e-05;    5191746
5.5947590772000e-05;    5191746
5.5966931205000e-05;    5170844
5.5986259791000e-05;    5170844
5.6005600508000e-05;    5139051
5.6024929031000e-05;    5139051
5.6044269728000e-05;    5118149
5.6063598400000e-05;    5118149
5.6082939028000e-05;    5094157
5.6102267770000e-05;    5094157
5.6121608520000e-05;    5065454
5.6140937383000e-05;    5065454
5.6160278374000e-05;    5033661
5.6179607376000e-05;    5033661
5.6198948337000e-05;    5012759
5.6218277273000e-05;    5012759
5.6237618386000e-05;    4988767
5.6253724884000e-05;    4988767
5.6273065949000e-05;    4952263
5.6292395161000e-05;    4952263
5.6311736415000e-05;    4936072
5.6331065579000e-05;    4936072
5.6350406596000e-05;    4907369
5.6369735961000e-05;    4907369
5.6389077147000e-05;    4883377
5.6408406421000e-05;    4883377
5.6427747827000e-05;    4859385
5.6447077350000e-05;    4859385
5.6466418833000e-05;    4830682
5.6485748322000e-05;    4830682
5.6505089833000e-05;    4806690
5.6524419411000e-05;    4806690
5.6543761029000e-05;    4777987
5.6563090662000e-05;    4777987
5.6582432337000e-05;    4761796
5.6601761916000e-05;    4761796
5.6621103699000e-05;    4733093
5.6640433605000e-05;    4733093
5.6659775316000e-05;    4709101
5.6679105202000e-05;    4709101
5.6698441050000e-05;    4680398
5.6717764541000e-05;    4680398
5.6737100020000e-05;    4664207
5.6756423475000e-05;    4664207
5.6775758990000e-05;    4627703
5.6795082716000e-05;    4627703
5.6814418271000e-05;    4595910
5.6833741933000e-05;    4595910
5.6853077763000e-05;    4559406
5.6869179835000e-05;    4559406
5.6888515379000e-05;    4535414
5.6907839194000e-05;    4535414
5.6927175045000e-05;    4498910
5.6946498834000e-05;    4498910
5.6965834802000e-05;    4467117
5.6985158865000e-05;    4467117
5.7004494963000e-05;    4430613
5.7023819056000e-05;    4430613
5.7043155369000e-05;    4406621
5.7062479734000e-05;    4406621
5.7081816144000e-05;    4370117
5.7101140591000e-05;    4370117
5.7120477068000e-05;    4338324
5.7139801585000e-05;    4338324
5.7159138414000e-05;    4301820
5.7178463400000e-05;    4301820
5.7197800381000e-05;    4277828
5.7217125492000e-05;    4277828
5.7236462601000e-05;    4241324
5.7255787721000e-05;    4241324
5.7275125022000e-05;    4209531
5.7294450244000e-05;    4209531
5.7313787685000e-05;    4180828
5.7333113013000e-05;    4180828
5.7352450941000e-05;    4156836
5.7371776705000e-05;    4156836
5.7391114510000e-05;    4120332
5.7410440370000e-05;    4120332
5.7429778379000e-05;    4088539
5.7449104437000e-05;    4088539
5.7468442684000e-05;    4059836
5.7484546790000e-05;    4059836
5.7503885101000e-05;    4035844
5.7523211463000e-05;    4035844
5.7542550034000e-05;    3999340
5.7561876642000e-05;    3999340
5.7581215371000e-05;    3975348
5.7600542078000e-05;    3975348
5.7619880995000e-05;    3946645
5.7639207778000e-05;    3946645
5.7658546681000e-05;    3914852
5.7677873931000e-05;    3914852
5.7697213078000e-05;    3886149
5.7716540140000e-05;    3886149
5.7735879483000e-05;    3862157
5.7755206898000e-05;    3862157
5.7774546463000e-05;    3833454
5.7793874036000e-05;    3833454
5.7813213845000e-05;    3801661
5.7832541356000e-05;    3801661
5.7851881144000e-05;    3772958
5.7871209135000e-05;    3772958
5.7890548978000e-05;    3748966
5.7909876909000e-05;    3748966
5.7929216908000e-05;    3720263
5.7948545159000e-05;    3720263
5.7967885498000e-05;    3696271
5.7987213876000e-05;    3696271
5.8006554345000e-05;    3667568
5.8025882868000e-05;    3667568
5.8045223521000e-05;    3635775
5.8061329733000e-05;    3635775
5.8080670525000e-05;    3614873
5.8099999211000e-05;    3614873
5.8119340060000e-05;    3583080
5.8138669013000e-05;    3583080
5.8158009957000e-05;    3562178
5.8177339055000e-05;    3562178
5.8196680240000e-05;    3538186
5.8216009463000e-05;    3538186
5.8235350790000e-05;    3509483
5.8254680225000e-05;    3509483
5.8274021698000e-05;    3485491
5.8293351267000e-05;    3485491
5.8312693168000e-05;    3456788
5.8332022868000e-05;    3456788
5.8351364840000e-05;    3432796
5.8370694647000e-05;    3432796
5.8390036640000e-05;    3411894
5.8409366483000e-05;    3411894
5.8428708545000e-05;    3387902
5.8448038661000e-05;    3387902
5.8467380940000e-05;    3359199
5.8486711270000e-05;    3359199
5.8506053609000e-05;    3335207
5.8525383894000e-05;    3335207
5.8544726485000e-05;    3306504
5.8564057086000e-05;    3306504
5.8583399649000e-05;    3290313
5.8602730340000e-05;    3290313
5.8622073255000e-05;    3266321
5.8641404162000e-05;    3266321
5.8660747011000e-05;    3237618
5.8676855245000e-05;    3237618
5.8696198306000e-05;    3221427
5.8715529268000e-05;    3221427
5.8734872434000e-05;    3192724
5.8754203519000e-05;    3192724
5.8773546957000e-05;    3176533
5.8792878407000e-05;    3176533
5.8812221942000e-05;    3147830
5.8831553280000e-05;    3147830
5.8850896783000e-05;    3123838
5.8870228493000e-05;    3123838
5.8889562735000e-05;    3102936
5.8908884553000e-05;    3102936
5.8928218405000e-05;    3078944
5.8947540262000e-05;    3078944
5.8966874258000e-05;    3050241
5.8986196324000e-05;    3050241
5.9005530325000e-05;    3010647
5.9024852612000e-05;    3010647
5.9044186951000e-05;    2981944
5.9063509237000e-05;    2981944
5.9082843678000e-05;    2942350
5.9102166164000e-05;    2942350
5.9121500727000e-05;    2905846
5.9140823300000e-05;    2905846
5.9160157957000e-05;    2881854
5.9179480610000e-05;    2881854
5.9198815524000e-05;    2837549
5.9218138616000e-05;    2837549
5.9237473847000e-05;    2813557
5.9256797209000e-05;    2813557
5.9276132671000e-05;    2769252
5.9292234717000e-05;    2769252
5.9311570376000e-05;    2745260
5.9330894207000e-05;    2745260
5.9350230253000e-05;    2708756
5.9369554371000e-05;    2708756
5.9388890594000e-05;    2676963
5.9408214764000e-05;    2676963
5.9427551405000e-05;    2640459
5.9446875893000e-05;    2640459
5.9466212692000e-05;    2616467
5.9485537423000e-05;    2616467
5.9504874533000e-05;    2579963
5.9524199668000e-05;    2579963
5.9543537011000e-05;    2548170
5.9562862459000e-05;    2548170
5.9582200007000e-05;    2519467
5.9601525652000e-05;    2519467
5.9620863430000e-05;    2487674
5.9640189458000e-05;    2487674
5.9659527640000e-05;    2458971
5.9678853614000e-05;    2458971
5.9698192032000e-05;    2434979
5.9717518466000e-05;    2434979
5.9736857126000e-05;    2398475
5.9756183714000e-05;    2398475
5.9775522614000e-05;    2374483
5.9794849242000e-05;    2374483
5.9814188387000e-05;    2337979
5.9833515581000e-05;    2337979
5.9852854829000e-05;    2313987
5.9872182258000e-05;    2313987
5.9891521822000e-05;    2285284
5.9907627241000e-05;    2285284
5.9926967141000e-05;    2261292
5.9946295225000e-05;    2261292
5.9965635204000e-05;    2224788
5.9984963306000e-05;    2224788
6.0004303733000e-05;    2200796
6.0023632050000e-05;    2200796
6.0042972677000e-05;    2172093
6.0062301080000e-05;    2172093
6.0081641938000e-05;    2148101
6.0100970724000e-05;    2148101
6.0120311863000e-05;    2119398
6.0139640976000e-05;    2119398
6.0158982109000e-05;    2095406
6.0178311273000e-05;    2095406
6.0197652864000e-05;    2066703
6.0216982379000e-05;    2066703
6.0236324230000e-05;    2042711
6.0255653876000e-05;    2042711
6.0274995761000e-05;    2021809
6.0294325700000e-05;    2021809
6.0313667706000e-05;    1997817
6.0332997909000e-05;    1997817
6.0352340241000e-05;    1969114
6.0371670635000e-05;    1969114
6.0391013067000e-05;    1945122
6.0410343694000e-05;    1945122
6.0429686639000e-05;    1924220
6.0449017501000e-05;    1924220
6.0468360352000e-05;    1900228
6.0484468585000e-05;    1900228
6.0503811868000e-05;    1879326
6.0523143011000e-05;    1879326
6.0542486583000e-05;    1855334
6.0561817916000e-05;    1855334
6.0581161564000e-05;    1826631
6.0600493121000e-05;    1826631
6.0619837046000e-05;    1810440
6.0639168920000e-05;    1810440
6.0658512960000e-05;    1781737
6.0677844747000e-05;    1781737
6.0697188972000e-05;    1765546
6.0716521129000e-05;    1765546
6.0735865426000e-05;    1741554
6.0755197768000e-05;    1741554
6.0774542411000e-05;    1720652
6.0793875117000e-05;    1720652
6.0813219921000e-05;    1704461
6.0832552571000e-05;    1704461
6.0851897488000e-05;    1675758
6.0871230435000e-05;    1675758
6.0890575441000e-05;    1659567
6.0909908521000e-05;    1659567
6.0929253839000e-05;    1638665
6.0948587073000e-05;    1638665
6.0967932624000e-05;    1614673
6.0987265937000e-05;    1614673
6.1006611689000e-05;    1593771
6.1025945192000e-05;    1593771
6.1045291197000e-05;    1577580
6.1061401723000e-05;    1577580
6.1080747805000e-05;    1556678
6.1100081909000e-05;    1556678
6.1119428108000e-05;    1540487
6.1138762231000e-05;    1540487
6.1158108566000e-05;    1511784
6.1177442769000e-05;    1511784
6.1196789182000e-05;    1495593
6.1216123759000e-05;    1495593
6.1235470390000e-05;    1479402
6.1254805219000e-05;    1479402
6.1274152197000e-05;    1458500
6.1293487005000e-05;    1458500
6.1312834042000e-05;    1442309
6.1332169054000e-05;    1442309
6.1351516288000e-05;    1421407
6.1370851423000e-05;    1421407
6.1390198817000e-05;    1405216
6.1409534131000e-05;    1405216
6.1428881646000e-05;    1384314
6.1448217014000e-05;    1384314
6.1467564704000e-05;    1368123
6.1486900382000e-05;    1368123
6.1506248155000e-05;    1355022
6.1525584068000e-05;    1355022
6.1544932114000e-05;    1338831
6.1564268017000e-05;    1338831
6.1583616113000e-05;    1317929
6.1602952180000e-05;    1317929
6.1622300688000e-05;    1301738
6.1638413261000e-05;    1301738
6.1657761689000e-05;    1285547
6.1677098177000e-05;    1285547
6.1696446488000e-05;    1272446
6.1715783050000e-05;    1272446
6.1735131683000e-05;    1256255
6.1754468426000e-05;    1256255
6.1773817144000e-05;    1235353
6.1793153935000e-05;    1235353
6.1812502927000e-05;    1226963
6.1831839974000e-05;    1226963
6.1851189104000e-05;    1206061
6.1870526257000e-05;    1206061
6.1889875529000e-05;    1189870
6.1909212941000e-05;    1189870
6.1928562165000e-05;    1176769
6.1947899454000e-05;    1176769
6.1967248969000e-05;    1160578
6.1986586506000e-05;    1160578
6.2005936089000e-05;    1152188
6.2025273847000e-05;    1152188
6.2044614079000e-05;    1131286
6.2063941993000e-05;    1131286
6.2083282061000e-05;    1115095
6.2102609964000e-05;    1115095
6.2121950288000e-05;    1094193
6.2141278437000e-05;    1094193
6.2160618627000e-05;    1070201
6.2176724693000e-05;    1070201
6.2196065010000e-05;    1041498
6.2215393401000e-05;    1041498
6.2234733938000e-05;    1009705
6.2254062392000e-05;    1009705
6.2273403115000e-05;     988803
6.2292731702000e-05;     988803
6.2312072725000e-05;     957010
6.2331401659000e-05;     957010
6.2350742762000e-05;     936108
6.2370071922000e-05;     936108
6.2389413154000e-05;     904315
6.2408742456000e-05;     904315
6.2428084164000e-05;     883413
6.2447413770000e-05;     883413
6.2466755606000e-05;     859421
6.2486085546000e-05;     859421
6.2505427560000e-05;     830718
6.2524757713000e-05;     830718
6.2544100068000e-05;     806726
6.2563430614000e-05;     806726
6.2582773327000e-05;     778023
6.2602103861000e-05;     778023
6.2621446800000e-05;     761832
6.2640777876000e-05;     761832
6.2660121118000e-05;     733129
6.2679452153000e-05;     733129
6.2698795631000e-05;     716938
6.2718127056000e-05;     716938
6.2737470762000e-05;     692946
6.2756802529000e-05;     692946
6.2776146496000e-05;     664243
6.2792255335000e-05;     664243
6.2811599448000e-05;     648052
6.2830931631000e-05;     648052
6.2850275942000e-05;     627150
6.2869608354000e-05;     627150
6.2888953004000e-05;     603158
6.2908285656000e-05;     603158
6.2927630625000e-05;     582256
6.2946963503000e-05;     582256
6.2966308491000e-05;     558264
6.2985641415000e-05;     558264
6.3004986885000e-05;     537362
6.3024320155000e-05;     537362
6.3043665847000e-05;     521171
6.3062999405000e-05;     521171
6.3082345276000e-05;     500269
6.3101679256000e-05;     500269
6.3121025325000e-05;     476277
6.3140359234000e-05;     476277
6.3159705519000e-05;     455375
6.3179039753000e-05;     455375
6.3198386254000e-05;     439184
6.3217720694000e-05;     439184
6.3237067494000e-05;     422993
6.3256402097000e-05;     422993
6.3275749071000e-05;     402091
6.3295084073000e-05;     402091
6.3314431301000e-05;     385900
6.3333766508000e-05;     385900
6.3349890268000e-05;     364998
6.3369225581000e-05;     364998
6.3388573140000e-05;     348807
6.3407908815000e-05;     348807
6.3427256673000e-05;     327905
6.3446592440000e-05;     327905
6.3465934189000e-05;     311714
6.3485263852000e-05;     311714
6.3504605544000e-05;     298613
6.3523935291000e-05;     298613
6.3543277035000e-05;     274621
6.3562606919000e-05;     274621
6.3581949002000e-05;     245918
6.3601278876000e-05;     245918
6.3620621112000e-05;     221926
6.3639951419000e-05;     221926
6.3659293930000e-05;     193223
6.3678624160000e-05;     193223
6.3697966877000e-05;     177032
6.3717297452000e-05;     177032
6.3736640492000e-05;     148329
6.3755971518000e-05;     148329
6.3775314517000e-05;     124337
6.3794645855000e-05;     124337
6.3813989146000e-05;     108146
6.3833320492000e-05;     108146
6.3852664139000e-05;      79443
6.3871995766000e-05;      79443
6.3891339795000e-05;      63252
6.3910671754000e-05;      63252
6.3930016049000e-05;      34549
6.3946125320000e-05;      34549
6.3965469913000e-05;      18358
6.3984802523000e-05;      18358
6.4004147372000e-05;     -10345
6.4023480072000e-05;     -10345
6.4042825146000e-05;     -26536
6.4062158263000e-05;     -26536
6.4081503556000e-05;     -47438
6.4100837011000e-05;     -47438
6.4120182502000e-05;     -71430
6.4139516292000e-05;     -71430
6.4158862029000e-05;     -92332
6.4178195771000e-05;     -92332
6.4197541864000e-05;    -108523
6.4216876164000e-05;    -108523
6.4236222441000e-05;    -129425
6.4255556841000e-05;    -129425
6.4274903515000e-05;    -145616
6.4294238065000e-05;    -145616
6.4313584854000e-05;    -161807
6.4332919706000e-05;    -161807
6.4352266770000e-05;    -182709
6.4371601914000e-05;    -182709
6.4390949360000e-05;    -198900
6.4410284615000e-05;    -198900
6.4429632147000e-05;    -219802
6.4448967923000e-05;    -219802
6.4468315762000e-05;    -235993
6.4484428016000e-05;    -235993
6.4503775926000e-05;    -256895
6.4523112085000e-05;    -256895
6.4542460414000e-05;    -273086
6.4561796765000e-05;    -273086
6.4581145217000e-05;    -286187
6.4600481743000e-05;    -286187
6.4619830510000e-05;    -302378
6.4639167153000e-05;    -302378
6.4658516087000e-05;    -323280
6.4677852959000e-05;    -323280
6.4697202175000e-05;    -331670
6.4716539283000e-05;    -331670
6.4735888697000e-05;    -347861
6.4755226195000e-05;    -347861
6.4774575958000e-05;    -368763
6.4793913638000e-05;    -368763
6.4813254158000e-05;    -384954
6.4832581997000e-05;    -384954
6.4851922029000e-05;    -398055
6.4871250130000e-05;    -398055
6.4890590406000e-05;    -422047
6.4909918713000e-05;    -422047
6.4929259152000e-05;    -450750
6.4948587828000e-05;    -450750
6.4967928638000e-05;    -474742
6.4987257236000e-05;    -474742
6.5006598407000e-05;    -503445
6.5025927482000e-05;    -503445
6.5045268548000e-05;    -527437
6.5061375228000e-05;    -527437
6.5080716798000e-05;    -548339
6.5100046198000e-05;    -548339
6.5119388212000e-05;    -580132
6.5138718022000e-05;    -580132
6.5158060081000e-05;    -601034
6.5177390219000e-05;    -601034
6.5196732627000e-05;    -625026
6.5216062950000e-05;    -625026
6.5235405639000e-05;    -653729
6.5254736328000e-05;    -653729
6.5274079269000e-05;    -669920
6.5293410390000e-05;    -669920
6.5312753826000e-05;    -698623
6.5332085269000e-05;    -698623
6.5351428892000e-05;    -722615
6.5370760656000e-05;    -722615
6.5390104558000e-05;    -738806
6.5409436483000e-05;    -738806
6.5428780753000e-05;    -767509
6.5448112790000e-05;    -767509
6.5467457481000e-05;    -791501
6.5486789984000e-05;    -791501
6.5506135067000e-05;    -812403
6.5525468092000e-05;    -812403
6.5544813276000e-05;    -828594
6.5564146523000e-05;    -828594
6.5583492077000e-05;    -849496
6.5602825705000e-05;    -849496
6.5622171590000e-05;    -873488
6.5638282089000e-05;    -873488
6.5657628199000e-05;    -894390
6.5676962392000e-05;    -894390
6.5696308757000e-05;    -910581
6.5715643233000e-05;    -910581
6.5734989943000e-05;    -931483
6.5754324786000e-05;    -931483
6.5773671742000e-05;    -947674
6.5793006933000e-05;    -947674
6.5812354256000e-05;    -968576
6.5831689572000e-05;    -968576
6.5851037088000e-05;    -984767
6.5870372777000e-05;    -984767
6.5889720680000e-05;   -1000958
6.5909056736000e-05;   -1000958
6.5928404775000e-05;   -1021860
6.5947740967000e-05;   -1021860
6.5967089462000e-05;   -1030250
6.5986425918000e-05;   -1030250
6.6005774440000e-05;   -1051152
6.6025111244000e-05;   -1051152
6.6044460145000e-05;   -1067343
6.6063797214000e-05;   -1067343
6.6083146406000e-05;   -1088245
6.6102483758000e-05;   -1088245
6.6121833269000e-05;   -1096635
6.6141170828000e-05;   -1096635
6.6160520637000e-05;   -1117537
6.6179858442000e-05;   -1117537
6.6199208296000e-05;   -1125927
6.6215322393000e-05;   -1125927
6.6234672624000e-05;   -1142118
6.6254010759000e-05;   -1142118
6.6273361414000e-05;   -1163020
6.6292699918000e-05;   -1163020
6.6312050443000e-05;   -1171410
6.6331389269000e-05;   -1171410
6.6350740243000e-05;   -1184511
6.6370079156000e-05;   -1184511
6.6389430248000e-05;   -1200702
6.6408769428000e-05;   -1200702
6.6428120933000e-05;   -1213803
6.6447460406000e-05;   -1213803
6.6466812028000e-05;   -1222193
6.6486151609000e-05;   -1222193
6.6505503345000e-05;   -1230583
6.6524843165000e-05;   -1230583
6.6544195274000e-05;   -1251485
6.6563535472000e-05;   -1251485
6.6582887862000e-05;   -1259875
6.6602228215000e-05;   -1259875
6.6621580719000e-05;   -1272976
6.6640921281000e-05;   -1272976
6.6660274001000e-05;   -1281366
6.6679614731000e-05;   -1281366
6.6698967752000e-05;   -1294467
6.6718308664000e-05;   -1294467
6.6737661735000e-05;   -1302857
6.6753778341000e-05;   -1302857
6.6773131642000e-05;   -1311247
6.6792473063000e-05;   -1311247
6.6811826588000e-05;   -1324348
6.6831168195000e-05;   -1324348
6.6850521653000e-05;   -1332738
6.6869863490000e-05;   -1332738
6.6889217344000e-05;   -1345839
6.6908559248000e-05;   -1345839
6.6927913528000e-05;   -1354229
6.6947255703000e-05;   -1354229
6.6966610102000e-05;   -1359529
6.6985952325000e-05;   -1359529
6.7005306914000e-05;   -1367919
6.7024649421000e-05;   -1367919
6.7044003939000e-05;   -1376309
6.7063346753000e-05;   -1376309
6.7082701588000e-05;   -1389410
6.7102044431000e-05;   -1389410
6.7121399565000e-05;   -1397800
6.7140742573000e-05;   -1397800
6.7160097684000e-05;   -1403100
6.7179440963000e-05;   -1403100
6.7198796284000e-05;   -1411490
6.7218139635000e-05;   -1411490
6.7237495326000e-05;   -1412079
6.7256839065000e-05;   -1412079
6.7272969809000e-05;   -1425180
6.7292313737000e-05;   -1425180
6.7311660114000e-05;   -1433570
6.7330994079000e-05;   -1433570
6.7350340350000e-05;   -1438870
6.7369674459000e-05;   -1438870
6.7389020758000e-05;   -1455061
6.7408355208000e-05;   -1455061
6.7427701775000e-05;   -1475963
6.7447036160000e-05;   -1475963
6.7466382935000e-05;   -1492154
6.7485717628000e-05;   -1492154
6.7505064346000e-05;   -1513056
6.7524399077000e-05;   -1513056
6.7543746239000e-05;   -1529247
6.7563081332000e-05;   -1529247
6.7582428514000e-05;   -1545438
6.7601763788000e-05;   -1545438
6.7621111164000e-05;   -1566340
6.7640446590000e-05;   -1566340
6.7659794344000e-05;   -1582531
6.7679130175000e-05;   -1582531
6.7698478130000e-05;   -1603433
6.7717814216000e-05;   -1603433
6.7737162400000e-05;   -1619624
6.7756498892000e-05;   -1619624
6.7775847346000e-05;   -1632725
6.7795183908000e-05;   -1632725
6.7814532688000e-05;   -1648916
6.7830645733000e-05;   -1648916
6.7849994861000e-05;   -1669818
6.7869332082000e-05;   -1669818
6.7888681505000e-05;   -1686009
6.7908018863000e-05;   -1686009
6.7927368415000e-05;   -1694399
6.7946706159000e-05;   -1694399
6.7966056067000e-05;   -1715301
6.7985393988000e-05;   -1715301
6.8004744210000e-05;   -1723691
6.8024082248000e-05;   -1723691
6.8043432749000e-05;   -1744593
6.8062771207000e-05;   -1744593
6.8082122073000e-05;   -1752983
6.8101460767000e-05;   -1752983
6.8120811759000e-05;   -1766084
6.8140150848000e-05;   -1766084
6.8159502079000e-05;   -1782275
6.8178841283000e-05;   -1782275
6.8198192900000e-05;   -1795376
6.8217532479000e-05;   -1795376
6.8236884408000e-05;   -1803766
6.8256224195000e-05;   -1803766
6.8275576185000e-05;   -1819957
6.8294916354000e-05;   -1819957
6.8314268509000e-05;   -1833058
6.8333608740000e-05;   -1833058
6.8352961173000e-05;   -1841448
6.8369077313000e-05;   -1841448
6.8388430238000e-05;   -1854549
6.8407771028000e-05;   -1854549
6.8427124022000e-05;   -1862939
6.8446465001000e-05;   -1862939
6.8465818284000e-05;   -1876040
6.8485159527000e-05;   -1876040
6.8504513238000e-05;   -1884430
6.8523854674000e-05;   -1884430
6.8543208369000e-05;   -1892820
6.8562550076000e-05;   -1892820
6.8581904133000e-05;   -1905921
6.8601246045000e-05;   -1905921
6.8620594031000e-05;   -1914311
6.8639929495000e-05;   -1914311
6.8659277080000e-05;   -1919611
6.8678612786000e-05;   -1919611
6.8697960702000e-05;   -1935802
6.8717296668000e-05;   -1935802
6.8736644753000e-05;   -1956704
6.8755980784000e-05;   -1956704
6.8775329373000e-05;   -1972895
6.8794665739000e-05;   -1972895
6.8814014285000e-05;   -1989086
6.8833350695000e-05;   -1989086
6.8852699600000e-05;   -2002187
6.8872036519000e-05;   -2002187
6.8888161733000e-05;   -2018378
6.8907498742000e-05;   -2018378
6.8926848120000e-05;   -2039280
6.8946185390000e-05;   -2039280
6.8965534982000e-05;   -2047670
6.8984872617000e-05;   -2047670
6.9004222502000e-05;   -2068572
6.9023560519000e-05;   -2068572
6.9042910635000e-05;   -2076962
6.9062248759000e-05;   -2076962
6.9081599350000e-05;   -2097864
6.9100937637000e-05;   -2097864
6.9120288530000e-05;   -2106254
6.9139627022000e-05;   -2106254
6.9158978101000e-05;   -2122445
6.9178317059000e-05;   -2122445
6.9197668469000e-05;   -2135546
6.9217007643000e-05;   -2135546
6.9236359257000e-05;   -2143936
6.9255698855000e-05;   -2143936
6.9275050736000e-05;   -2157037
6.9294390528000e-05;   -2157037
6.9313742587000e-05;   -2173228
6.9333082744000e-05;   -2173228
6.9352434925000e-05;   -2186329
6.9371775238000e-05;   -2186329
6.9391127852000e-05;   -2194719
6.9410468645000e-05;   -2194719
6.9429821397000e-05;   -2203109
6.9445937797000e-05;   -2203109
6.9465290843000e-05;   -2216210
6.9484632008000e-05;   -2216210
6.9503985305000e-05;   -2224600
6.9523326716000e-05;   -2224600
6.9542680147000e-05;   -2237701
6.9562021681000e-05;   -2237701
6.9581375413000e-05;   -2246091
6.9600717289000e-05;   -2246091
6.9620071478000e-05;   -2259192
6.9639413437000e-05;   -2259192
6.9658767758000e-05;   -2267582
6.9678110089000e-05;   -2267582
6.9697464720000e-05;   -2268171
6.9716807223000e-05;   -2268171
6.9736161863000e-05;   -2281272
6.9755504675000e-05;   -2281272
6.9774859707000e-05;   -2289662
6.9794202763000e-05;   -2289662
6.9813557928000e-05;   -2294962
6.9832901155000e-05;   -2294962
6.9852256694000e-05;   -2303352
6.9871600133000e-05;   -2303352
6.9890955962000e-05;   -2311742
6.9910299670000e-05;   -2311742
6.9929646048000e-05;   -2324843
6.9948980118000e-05;   -2324843
6.9968326139000e-05;   -2325432
6.9984437139000e-05;   -2325432
7.0003783510000e-05;   -2346334
7.0023117988000e-05;   -2346334
7.0042464434000e-05;   -2362525
7.0061798981000e-05;   -2362525
7.0081145772000e-05;   -2383427
7.0100480614000e-05;   -2383427
7.0119827522000e-05;   -2399618
7.0139162593000e-05;   -2399618
7.0158509835000e-05;   -2420520
7.0177845093000e-05;   -2420520
7.0197192746000e-05;   -2436711
7.0216528424000e-05;   -2436711
7.0235876281000e-05;   -2452902
7.0255212160000e-05;   -2452902
7.0274560356000e-05;   -2473804
7.0293896362000e-05;   -2473804
7.0313244724000e-05;   -2482194
7.0332581280000e-05;   -2482194
7.0351930100000e-05;   -2503096
7.0371266845000e-05;   -2503096
7.0390615971000e-05;   -2519287
7.0409953071000e-05;   -2519287
7.0429302500000e-05;   -2532388
7.0448639933000e-05;   -2532388
7.0467989639000e-05;   -2548579
7.0487327321000e-05;   -2548579
7.0506677345000e-05;   -2569481
7.0526015467000e-05;   -2569481
7.0545365687000e-05;   -2577871
7.0561479805000e-05;   -2577871
7.0580830447000e-05;   -2594062
7.0600168977000e-05;   -2594062
7.0619519854000e-05;   -2607163
7.0638858821000e-05;   -2607163
7.0658210096000e-05;   -2623354
7.0677549411000e-05;   -2623354
7.0696900999000e-05;   -2636455
7.0716240504000e-05;   -2636455
7.0735592421000e-05;   -2644845
7.0754932169000e-05;   -2644845
7.0774284321000e-05;   -2657946
7.0793624461000e-05;   -2657946
7.0812976971000e-05;   -2674137
7.0832317490000e-05;   -2674137
7.0851670100000e-05;   -2682527
7.0871010714000e-05;   -2682527
7.0890363763000e-05;   -2695628
7.0909704877000e-05;   -2695628
7.0929058242000e-05;   -2704018
7.0948399603000e-05;   -2704018
7.0967753181000e-05;   -2717119
7.0987094635000e-05;   -2717119
7.1006448583000e-05;   -2725509
7.1025790351000e-05;   -2725509
7.1045144385000e-05;   -2730809
7.1064486245000e-05;   -2730809
7.1083840602000e-05;   -2739199
7.1099958147000e-05;   -2739199
7.1119312692000e-05;   -2747589
7.1138655353000e-05;   -2747589
7.1158010231000e-05;   -2760690
7.1177353118000e-05;   -2760690
7.1196708137000e-05;   -2769080
7.1216051354000e-05;   -2769080
7.1235406584000e-05;   -2774380
7.1254749907000e-05;   -2774380
7.1274105396000e-05;   -2782770
7.1293449007000e-05;   -2782770
7.1312804755000e-05;   -2795871
7.1332148512000e-05;   -2795871
7.1351504562000e-05;   -2796460
7.1370848705000e-05;   -2796460
7.1390204835000e-05;   -2804850
7.1409549248000e-05;   -2804850
7.1428905877000e-05;   -2810150
7.1448250448000e-05;   -2810150
7.1467607264000e-05;   -2810739
7.1486951879000e-05;   -2810739
7.1506308922000e-05;   -2823840
7.1525653879000e-05;   -2823840
7.1545011173000e-05;   -2824429
7.1564356330000e-05;   -2824429
7.1583713732000e-05;   -2832819
7.1599833979000e-05;   -2832819
7.1619191504000e-05;   -2838119
7.1638537175000e-05;   -2838119
7.1657895041000e-05;   -2838708
7.1677240750000e-05;   -2838708
7.1696598759000e-05;   -2844008
7.1715944760000e-05;   -2844008
7.1735303114000e-05;   -2844597
7.1754649240000e-05;   -2844597
7.1774007734000e-05;   -2852987
7.1793354179000e-05;   -2852987
7.1812712756000e-05;   -2858287
7.1832059346000e-05;   -2858287
7.1851418035000e-05;   -2858876
7.1870764819000e-05;   -2858876
7.1890123816000e-05;   -2864176
7.1909470843000e-05;   -2864176
7.1928829976000e-05;   -2864765
7.1948177076000e-05;   -2864765
7.1967536501000e-05;   -2865354
7.1986883658000e-05;   -2865354
7.2006243201000e-05;   -2870654
7.2025590801000e-05;   -2870654
7.2044950400000e-05;   -2871243
7.2064298201000e-05;   -2871243
7.2083658001000e-05;   -2876543
7.2103005918000e-05;   -2876543
7.2119140336000e-05;   -2877132
7.2138488297000e-05;   -2877132
7.2157848593000e-05;   -2877721
7.2177196815000e-05;   -2877721
7.2196557073000e-05;   -2875220
7.2215905409000e-05;   -2875220
7.2235266029000e-05;   -2875809
7.2254614634000e-05;   -2875809
7.2273975316000e-05;   -2876398
7.2293324119000e-05;   -2876398
7.2312684861000e-05;   -2881698
7.2332033857000e-05;   -2881698
7.2351394858000e-05;   -2882287
7.2370744030000e-05;   -2882287
7.2390105022000e-05;   -2879786
7.2409454247000e-05;   -2879786
7.2428815611000e-05;   -2880375
7.2448165061000e-05;   -2880375
7.2467526453000e-05;   -2873163
7.2486875942000e-05;   -2873163
7.2506237519000e-05;   -2878463
7.2525587213000e-05;   -2878463
7.2544949178000e-05;   -2879052
7.2564298877000e-05;   -2879052
7.2583660690000e-05;   -2876551
7.2599784689000e-05;   -2876551
7.2619137365000e-05;   -2877140
7.2638477473000e-05;   -2877140
7.2657829501000e-05;   -2869928
7.2677169641000e-05;   -2869928
7.2696522091000e-05;   -2883029
7.2715862493000e-05;   -2883029
7.2735214999000e-05;   -2891419
7.2754555592000e-05;   -2891419
7.2773908227000e-05;   -2904520
7.2793248719000e-05;   -2904520
7.2812601249000e-05;   -2912910
7.2831942022000e-05;   -2912910
7.2851294876000e-05;   -2921300
7.2870635844000e-05;   -2921300
7.2889989014000e-05;   -2934401
7.2909330238000e-05;   -2934401
7.2928683596000e-05;   -2950592
7.2948024893000e-05;   -2950592
7.2967378318000e-05;   -2955892
7.2986719722000e-05;   -2955892
7.3006073550000e-05;   -2964282
7.3025415355000e-05;   -2964282
7.3044769454000e-05;   -2977383
7.3064111491000e-05;   -2977383
7.3083465577000e-05;   -2985773
7.3102807925000e-05;   -2985773
7.3122162430000e-05;   -2994163
7.3138280365000e-05;   -2994163
7.3157635056000e-05;   -2999463
7.3176977903000e-05;   -2999463
7.3196332978000e-05;   -3007853
7.3215676112000e-05;   -3007853
7.3235031466000e-05;   -3020954
7.3254374901000e-05;   -3020954
7.3273730507000e-05;   -3021543
7.3293073931000e-05;   -3021543
7.3312429791000e-05;   -3029933
7.3331773490000e-05;   -3029933
7.3351129626000e-05;   -3043034
7.3370473750000e-05;   -3043034
7.3389829933000e-05;   -3043623
7.3409174230000e-05;   -3043623
7.3428530564000e-05;   -3048923
7.3447875103000e-05;   -3048923
7.3467231889000e-05;   -3057313
7.3486576399000e-05;   -3057313
7.3505933446000e-05;   -3065703
7.3525278411000e-05;   -3065703
7.3544635598000e-05;   -3071003
7.3563980677000e-05;   -3071003
7.3583338027000e-05;   -3071592
7.3602683685000e-05;   -3071592
7.3622041149000e-05;   -3076892
7.3641386899000e-05;   -3076892
7.3660744664000e-05;   -3085282
7.3676865315000e-05;   -3085282
7.3696223195000e-05;   -3085871
7.3715569251000e-05;   -3085871
7.3734927576000e-05;   -3091171
7.3754273842000e-05;   -3091171
7.3773632369000e-05;   -3099561
7.3792978821000e-05;   -3099561
7.3812337671000e-05;   -3097060
7.3831684335000e-05;   -3097060
7.3851043356000e-05;   -3097649
7.3870390211000e-05;   -3097649
7.3889749429000e-05;   -3106039
7.3909096506000e-05;   -3106039
7.3928455738000e-05;   -3111339
7.3947803090000e-05;   -3111339
7.3967162741000e-05;   -3111928
7.3986510280000e-05;   -3111928
7.4005869865000e-05;   -3109427
7.4025217603000e-05;   -3109427
7.4044577382000e-05;   -3110016
7.4063925326000e-05;   -3110016
7.4083285441000e-05;   -3110605
7.4102633519000e-05;   -3110605
7.4121987553000e-05;   -3115905
7.4141329326000e-05;   -3115905
7.4160682982000e-05;   -3116494
7.4176800253000e-05;   -3116494
7.4196154223000e-05;   -3129595
7.4215496185000e-05;   -3129595
7.4234850443000e-05;   -3130184
7.4254192733000e-05;   -3130184
7.4273547162000e-05;   -3138574
7.4292889453000e-05;   -3138574
7.4312243934000e-05;   -3151675
7.4331586425000e-05;   -3151675
7.4350941190000e-05;   -3160065
7.4370283847000e-05;   -3160065
7.4389638865000e-05;   -3173166
7.4408981856000e-05;   -3173166
7.4428336941000e-05;   -3173755
7.4447680237000e-05;   -3173755
7.4467035679000e-05;   -3186856
7.4486379026000e-05;   -3186856
7.4505734732000e-05;   -3187445
7.4525078405000e-05;   -3187445
7.4544434439000e-05;   -3195835
7.4563778243000e-05;   -3195835
7.4583134264000e-05;   -3208936
7.4602478418000e-05;   -3208936
7.4621834834000e-05;   -3209525
7.4641179096000e-05;   -3209525
7.4660535869000e-05;   -3214825
7.4679880407000e-05;   -3214825
7.4699236999000e-05;   -3223215
7.4715356617000e-05;   -3223215
7.4734713805000e-05;   -3223804
7.4754058847000e-05;   -3223804
7.4773416312000e-05;   -3236905
7.4792761571000e-05;   -3236905
7.4812119126000e-05;   -3237494
7.4831464604000e-05;   -3237494
7.4850822482000e-05;   -3242794
7.4870168153000e-05;   -3242794
7.4889526097000e-05;   -3243383
7.4908872183000e-05;   -3243383
7.4928230385000e-05;   -3251773
7.4947576478000e-05;   -3251773
7.4966934849000e-05;   -3257073
7.4986281280000e-05;   -3257073
7.5005639921000e-05;   -3257662
7.5024986555000e-05;   -3257662
7.5044345335000e-05;   -3262962
7.5063692139000e-05;   -3262962
7.5083051111000e-05;   -3263551
7.5102398094000e-05;   -3263551
7.5121757167000e-05;   -3264140
7.5141104251000e-05;   -3264140
7.5160463708000e-05;   -3269440
7.5179811199000e-05;   -3269440
7.5199170752000e-05;   -3270029
7.5215292657000e-05;   -3270029
7.5234652606000e-05;   -3275329
7.5254000366000e-05;   -3275329
7.5273360531000e-05;   -3275918
7.5292708540000e-05;   -3275918
7.5312068676000e-05;   -3276507
7.5331416877000e-05;   -3276507
7.5350777327000e-05;   -3274006
7.5370125642000e-05;   -3274006
7.5389486203000e-05;   -3282396
7.5408834865000e-05;   -3282396
7.5428195517000e-05;   -3287696
7.5447544503000e-05;   -3287696
7.5466905432000e-05;   -3280484
7.5486254263000e-05;   -3280484
7.5505615263000e-05;   -3281073
7.5524964226000e-05;   -3281073
7.5544325573000e-05;   -3278572
7.5563674954000e-05;   -3278572
7.5583036404000e-05;   -3279161
7.5602385905000e-05;   -3279161
7.5621747611000e-05;   -3279750
7.5641097317000e-05;   -3279750
7.5660459227000e-05;   -3277249
7.5679809058000e-05;   -3277249
7.5699170940000e-05;   -3277838
7.5715295028000e-05;   -3277838
7.5734647559000e-05;   -3275337
7.5753987539000e-05;   -3275337
7.5773340021000e-05;   -3275926
7.5792680378000e-05;   -3275926
7.5812032722000e-05;   -3284316
7.5831373200000e-05;   -3284316
7.5850725882000e-05;   -3297417
7.5870066432000e-05;   -3297417
7.5889419159000e-05;   -3305807
7.5908759957000e-05;   -3305807
7.5928112902000e-05;   -3318908
7.5947453860000e-05;   -3318908
7.5966807132000e-05;   -3327298
7.5986148152000e-05;   -3327298
7.6005501497000e-05;   -3340399
7.6024842867000e-05;   -3340399
7.6044196431000e-05;   -3348789
7.6063537990000e-05;   -3348789
7.6082891883000e-05;   -3357179
7.6102233749000e-05;   -3357179
7.6121587848000e-05;   -3370280
7.6140929841000e-05;   -3370280
7.6160284400000e-05;   -3378670
7.6179626873000e-05;   -3378670
7.6198981420000e-05;   -3383970
7.6218324078000e-05;   -3383970
7.6237679047000e-05;   -3392360
7.6253797142000e-05;   -3392360
7.6273152481000e-05;   -3400750
7.6292495636000e-05;   -3400750
7.6311850907000e-05;   -3406050
7.6331194215000e-05;   -3406050
7.6350549919000e-05;   -3414440
7.6369893606000e-05;   -3414440
7.6389249522000e-05;   -3427541
7.6408593398000e-05;   -3427541
7.6427949577000e-05;   -3428130
7.6447293768000e-05;   -3428130
7.6466650329000e-05;   -3441231
7.6485994725000e-05;   -3441231
7.6505351516000e-05;   -3441820
7.6524696111000e-05;   -3441820
7.6544053137000e-05;   -3450210
7.6563397916000e-05;   -3450210
7.6582755286000e-05;   -3455510
7.6602100373000e-05;   -3455510
7.6621457940000e-05;   -3456099
7.6640803417000e-05;   -3456099
7.6660161205000e-05;   -3469200
7.6679506954000e-05;   -3469200
7.6698865058000e-05;   -3469789
7.6718210992000e-05;   -3469789
7.6737569154000e-05;   -3470378
7.6753689910000e-05;   -3470378
7.6773048482000e-05;   -3475678
7.6792394715000e-05;   -3475678
7.6811753453000e-05;   -3476267
7.6831100082000e-05;   -3476267
7.6850458784000e-05;   -3489368
7.6869805695000e-05;   -3489368
7.6889164935000e-05;   -3482156
7.6908512171000e-05;   -3482156
7.6927871393000e-05;   -3482745
7.6947218684000e-05;   -3482745
7.6966578246000e-05;   -3488045
7.6985925766000e-05;   -3488045
7.7005285440000e-05;   -3488634
7.7024633192000e-05;   -3488634
7.7043993027000e-05;   -3489223
7.7063341074000e-05;   -3489223
7.7082701123000e-05;   -3494523
7.7102049202000e-05;   -3494523
7.7121409640000e-05;   -3495112
7.7140757993000e-05;   -3495112
7.7160118380000e-05;   -3500412
7.7179466763000e-05;   -3500412
7.7198827335000e-05;   -3493200
7.7218176192000e-05;   -3493200
7.7234311180000e-05;   -3493789
7.7253659949000e-05;   -3493789
7.7273021209000e-05;   -3499089
7.7292370210000e-05;   -3499089
7.7311731424000e-05;   -3499678
7.7331080530000e-05;   -3499678
7.7350442016000e-05;   -3497177
7.7369791396000e-05;   -3497177
7.7389153029000e-05;   -3497766
7.7408502609000e-05;   -3497766
7.7427864402000e-05;   -3498355
7.7447214225000e-05;   -3498355
7.7466576091000e-05;   -3495854
7.7485926069000e-05;   -3495854
7.7505288201000e-05;   -3496443
7.7524638300000e-05;   -3496443
7.7544000489000e-05;   -3489231
7.7563350650000e-05;   -3489231
7.7582713051000e-05;   -3494531
7.7602063524000e-05;   -3494531
7.7621426212000e-05;   -3487319
7.7640776723000e-05;   -3487319
7.7660139744000e-05;   -3484818
7.7679490504000e-05;   -3484818
7.7698853516000e-05;   -3485407
7.7718204422000e-05;   -3485407
7.7737567281000e-05;   -3478195
7.7753692233000e-05;   -3478195
7.7773055321000e-05;   -3483495
7.7792406806000e-05;   -3483495
7.7811770126000e-05;   -3476283
7.7831121472000e-05;   -3476283
7.7850485025000e-05;   -3481583
7.7869836514000e-05;   -3481583
7.7889200205000e-05;   -3474371
7.7908551807000e-05;   -3474371
7.7927915576000e-05;   -3467159
7.7947267390000e-05;   -3467159
7.7966631107000e-05;   -3464658
7.7985983196000e-05;   -3464658
7.8005347179000e-05;   -3465247
7.8024699320000e-05;   -3465247
7.8044063427000e-05;   -3458035
7.8063415634000e-05;   -3458035
7.8082780018000e-05;   -3455534
7.8102132341000e-05;   -3455534
7.8121496795000e-05;   -3448322
7.8140849188000e-05;   -3448322
7.8160213827000e-05;   -3441110
7.8179566363000e-05;   -3441110
7.8198931099000e-05;   -3438609
7.8218283787000e-05;   -3438609
7.8237648647000e-05;   -3431397
7.8253775059000e-05;   -3431397
7.8273139897000e-05;   -3428896
7.8292492824000e-05;   -3428896
7.8311857707000e-05;   -3429485
7.8331210581000e-05;   -3429485
7.8350575697000e-05;   -3422273
7.8369928798000e-05;   -3422273
7.8389293969000e-05;   -3411971
7.8408647200000e-05;   -3411971
7.8428012626000e-05;   -3404759
7.8447365990000e-05;   -3404759
7.8466731401000e-05;   -3397547
7.8486084656000e-05;   -3397547
7.8505450207000e-05;   -3395046
7.8524803716000e-05;   -3395046
7.8544169190000e-05;   -3395635
7.8563522858000e-05;   -3395635
7.8582888567000e-05;   -3380622
7.8602242444000e-05;   -3380622
7.8621608313000e-05;   -3378121
7.8640962207000e-05;   -3378121
7.8660327999000e-05;   -3370909
7.8679682088000e-05;   -3370909
7.8699047939000e-05;   -3368408
7.8715175336000e-05;   -3368408
7.8734541411000e-05;   -3361196
7.8753895465000e-05;   -3361196
7.8773261708000e-05;   -3353984
7.8792615816000e-05;   -3353984
7.8811982189000e-05;   -3343682
7.8831336287000e-05;   -3343682
7.8850702690000e-05;   -3344271
7.8870057083000e-05;   -3344271
7.8889423325000e-05;   -3329258
7.8908777633000e-05;   -3329258
7.8928144266000e-05;   -3326757
7.8947498928000e-05;   -3326757
7.8966865594000e-05;   -3319545
7.8986220277000e-05;   -3319545
7.9005587118000e-05;   -3312333
7.9024941810000e-05;   -3312333
7.9044308587000e-05;   -3302031
7.9063663330000e-05;   -3302031
7.9083030339000e-05;   -3294819
7.9102385158000e-05;   -3294819
7.9121751954000e-05;   -3287607
7.9141106944000e-05;   -3287607
7.9160474031000e-05;   -3285106
7.9179828928000e-05;   -3285106
7.9199196146000e-05;   -3270093
7.9215324226000e-05;   -3270093
7.9234691392000e-05;   -3267592
7.9254046592000e-05;   -3267592
7.9273413816000e-05;   -3260380
7.9292768865000e-05;   -3260380
7.9312136195000e-05;   -3245367
7.9331491415000e-05;   -3245367
7.9350858743000e-05;   -3242866
7.9370214155000e-05;   -3242866
7.9389581532000e-05;   -3235654
7.9408937029000e-05;   -3235654
7.9428304523000e-05;   -3220641
7.9447660075000e-05;   -3220641
7.9467027515000e-05;   -3218140
7.9486382954000e-05;   -3218140
7.9505750741000e-05;   -3203127
7.9525106248000e-05;   -3203127
7.9544473997000e-05;   -3195915
7.9563829674000e-05;   -3195915
7.9583197395000e-05;   -3193414
7.9602553001000e-05;   -3193414
7.9621920896000e-05;   -3178401
7.9641276682000e-05;   -3178401
7.9660644464000e-05;   -3171189
7.9676773205000e-05;   -3171189
7.9696141105000e-05;   -3160887
7.9715496857000e-05;   -3160887
7.9734864729000e-05;   -3153675
7.9754220768000e-05;   -3153675
7.9773588478000e-05;   -3138662
7.9792944483000e-05;   -3138662
7.9812312450000e-05;   -3136161
7.9831668504000e-05;   -3136161
7.9851036445000e-05;   -3128949
7.9870392413000e-05;   -3128949
7.9889760472000e-05;   -3118647
7.9909116594000e-05;   -3118647
7.9928475704000e-05;   -3111435
7.9947822198000e-05;   -3111435
7.9967180811000e-05;   -3096422
7.9986527058000e-05;   -3096422
8.0005885618000e-05;   -3101722
8.0025232139000e-05;   -3101722
8.0044590842000e-05;   -3102311
8.0063937534000e-05;   -3102311
8.0083295873000e-05;   -3102900
8.0102642680000e-05;   -3102900
8.0122001371000e-05;   -3108200
8.0141348250000e-05;   -3108200
8.0160707153000e-05;   -3108789
8.0176828394000e-05;   -3108789
8.0196187338000e-05;   -3114089
8.0215534161000e-05;   -3114089
8.0234893155000e-05;   -3114678
8.0254240129000e-05;   -3114678
8.0273599356000e-05;   -3115267
8.0292946468000e-05;   -3115267
8.0312305921000e-05;   -3120567
8.0331653334000e-05;   -3120567
8.0351012644000e-05;   -3128957
8.0370359997000e-05;   -3128957
8.0389719703000e-05;   -3126456
8.0409067262000e-05;   -3126456
8.0428427094000e-05;   -3127045
8.0447774928000e-05;   -3127045
8.0467134925000e-05;   -3127634
8.0486482842000e-05;   -3127634
8.0505842952000e-05;   -3132934
8.0525191239000e-05;   -3132934
8.0544551558000e-05;   -3133523
8.0563899940000e-05;   -3133523
8.0583260525000e-05;   -3126311
8.0602608924000e-05;   -3126311
8.0621969572000e-05;   -3131611
8.0641318166000e-05;   -3131611
8.0660679130000e-05;   -3132200
8.0676802197000e-05;   -3132200
8.0696163201000e-05;   -3129699
8.0715512335000e-05;   -3129699
8.0734873288000e-05;   -3130288
8.0754222556000e-05;   -3130288
8.0773583948000e-05;   -3130877
8.0792933255000e-05;   -3130877
8.0812294622000e-05;   -3136177
8.0831644147000e-05;   -3136177
8.0851005689000e-05;   -3128965
8.0870355428000e-05;   -3128965
8.0889717134000e-05;   -3134265
8.0909067111000e-05;   -3134265
8.0928428957000e-05;   -3134854
8.0947778919000e-05;   -3134854
8.0967140971000e-05;   -3127642
8.0986490909000e-05;   -3127642
8.1005853059000e-05;   -3132942
8.1025203119000e-05;   -3132942
8.1044565373000e-05;   -3125730
8.1063915988000e-05;   -3125730
8.1083278514000e-05;   -3126319
8.1102629197000e-05;   -3126319
8.1121991810000e-05;   -3123818
8.1141342520000e-05;   -3123818
8.1160705281000e-05;   -3124407
8.1176830077000e-05;   -3124407
8.1196193179000e-05;   -3121906
8.1215544007000e-05;   -3121906
8.1234907083000e-05;   -3114694
8.1254258251000e-05;   -3114694
8.1273621260000e-05;   -3115283
8.1292972537000e-05;   -3115283
8.1312335984000e-05;   -3112782
8.1331687283000e-05;   -3112782
8.1351050798000e-05;   -3105570
8.1370402302000e-05;   -3105570
8.1389765824000e-05;   -3098358
8.1409117444000e-05;   -3098358
8.1428481093000e-05;   -3103658
8.1447832752000e-05;   -3103658
8.1467196596000e-05;   -3096446
8.1486548328000e-05;   -3096446
8.1505912193000e-05;   -3093945
8.1525264259000e-05;   -3093945
8.1544628205000e-05;   -3086733
8.1563980252000e-05;   -3086733
8.1583344308000e-05;   -3087322
8.1602696540000e-05;   -3087322
8.1622060825000e-05;   -3084821
8.1641413050000e-05;   -3084821
8.1660777343000e-05;   -3077609
8.1676903295000e-05;   -3077609
8.1696267769000e-05;   -3070397
8.1715620231000e-05;   -3070397
8.1734984757000e-05;   -3067896
8.1754337352000e-05;   -3067896
8.1773701887000e-05;   -3060684
8.1793054485000e-05;   -3060684
8.1812419182000e-05;   -3058183
8.1831771957000e-05;   -3058183
8.1851136808000e-05;   -3058772
8.1870489640000e-05;   -3058772
8.1889854586000e-05;   -3051560
8.1909207588000e-05;   -3051560
8.1928572756000e-05;   -3041258
8.1947925731000e-05;   -3041258
8.1967290805000e-05;   -3041847
8.1986643964000e-05;   -3041847
8.2006009145000e-05;   -3034635
8.2025362367000e-05;   -3034635
8.2044727453000e-05;   -3032134
8.2064080891000e-05;   -3032134
8.2083446255000e-05;   -3024922
8.2102799457000e-05;   -3024922
8.2118938304000e-05;   -3017710
8.2138291687000e-05;   -3017710
8.2157657363000e-05;   -3007408
8.2177010788000e-05;   -3007408
8.2196376572000e-05;   -3007997
8.2215730154000e-05;   -3007997
8.2235095846000e-05;   -2997695
8.2254449596000e-05;   -2997695
8.2273815431000e-05;   -2990483
8.2293169324000e-05;   -2990483
8.2312535106000e-05;   -2991072
8.2331889068000e-05;   -2991072
8.2351254990000e-05;   -2980770
8.2370609006000e-05;   -2980770
8.2389974884000e-05;   -2973558
8.2409329026000e-05;   -2973558
8.2428695256000e-05;   -2966346
8.2448049291000e-05;   -2966346
8.2467415473000e-05;   -2956044
8.2486769502000e-05;   -2956044
8.2506135549000e-05;   -2956633
8.2525489822000e-05;   -2956633
8.2544856110000e-05;   -2941620
8.2564210510000e-05;   -2941620
8.2583576871000e-05;   -2939119
8.2602931243000e-05;   -2939119
8.2622297708000e-05;   -2931907
8.2638425373000e-05;   -2931907
8.2657791996000e-05;   -2924695
8.2677146415000e-05;   -2924695
8.2696512861000e-05;   -2922194
8.2715867053000e-05;   -2922194
8.2735233712000e-05;   -2907181
8.2754588190000e-05;   -2907181
8.2773948346000e-05;   -2904680
8.2793296050000e-05;   -2904680
8.2812655738000e-05;   -2897468
8.2832003552000e-05;   -2897468
8.2851363330000e-05;   -2898057
8.2870711192000e-05;   -2898057
8.2890071056000e-05;   -2895556
8.2909418814000e-05;   -2895556
8.2928778811000e-05;   -2896145
8.2948126713000e-05;   -2896145
8.2967486704000e-05;   -2896734
8.2986834517000e-05;   -2896734
8.3006194567000e-05;   -2902034
8.3025542704000e-05;   -2902034
8.3044902928000e-05;   -2902623
8.3064251187000e-05;   -2902623
8.3083611230000e-05;   -2907923
8.3102959574000e-05;   -2907923
8.3122319933000e-05;   -2900711
8.3138442638000e-05;   -2900711
8.3157802983000e-05;   -2901300
8.3177151655000e-05;   -2901300
8.3196512272000e-05;   -2906600
8.3215860857000e-05;   -2906600
8.3235221691000e-05;   -2907189
8.3254570347000e-05;   -2907189
8.3273931402000e-05;   -2912489
8.3293280411000e-05;   -2912489
8.3312641461000e-05;   -2905277
8.3331990568000e-05;   -2905277
8.3351351849000e-05;   -2905866
8.3370701182000e-05;   -2905866
8.3390062654000e-05;   -2911166
8.3409412124000e-05;   -2911166
8.3428773535000e-05;   -2903954
8.3448123260000e-05;   -2903954
8.3467485095000e-05;   -2904543
8.3486834790000e-05;   -2904543
8.3506196542000e-05;   -2902042
8.3525546334000e-05;   -2902042
8.3544908291000e-05;   -2902631
8.3564258212000e-05;   -2902631
8.3583620317000e-05;   -2900130
8.3602970321000e-05;   -2900130
8.3622332609000e-05;   -2900719
8.3638456818000e-05;   -2900719
8.3657819084000e-05;   -2893507
8.3677169414000e-05;   -2893507
8.3696532019000e-05;   -2898807
8.3715882470000e-05;   -2898807
8.3735245077000e-05;   -2891595
8.3754595766000e-05;   -2891595
8.3773958610000e-05;   -2896895
8.3793309186000e-05;   -2896895
8.3812671973000e-05;   -2889683
8.3832022860000e-05;   -2889683
8.3851385747000e-05;   -2890272
8.3870736697000e-05;   -2890272
8.3890099871000e-05;   -2887771
8.3909450973000e-05;   -2887771
8.3928814228000e-05;   -2880559
8.3948165513000e-05;   -2880559
8.3967528599000e-05;   -2881148
8.3986880103000e-05;   -2881148
8.4006243354000e-05;   -2878647
8.4025594997000e-05;   -2878647
8.4044958487000e-05;   -2871435
8.4064310077000e-05;   -2871435
8.4083673719000e-05;   -2876735
8.4099798932000e-05;   -2876735
8.4119162588000e-05;   -2869523
8.4138514343000e-05;   -2869523
8.4157878081000e-05;   -2862311
8.4177229935000e-05;   -2862311
8.4196593823000e-05;   -2859810
8.4215945742000e-05;   -2859810
8.4235309778000e-05;   -2852598
8.4254661843000e-05;   -2852598
8.4274025968000e-05;   -2845386
8.4293377949000e-05;   -2845386
8.4312742316000e-05;   -2850686
8.4332094615000e-05;   -2850686
8.4351458896000e-05;   -2843474
8.4370811190000e-05;   -2843474
8.4390175609000e-05;   -2836262
8.4409527970000e-05;   -2836262
8.4428892337000e-05;   -2833761
8.4448244828000e-05;   -2833761
8.4467609314000e-05;   -2826549
8.4486961933000e-05;   -2826549
8.4506326650000e-05;   -2824048
8.4525679260000e-05;   -2824048
8.4545044049000e-05;   -2824637
8.4564396800000e-05;   -2824637
8.4583761453000e-05;   -2817425
8.4599887812000e-05;   -2817425
8.4619252821000e-05;   -2807123
8.4638605877000e-05;   -2807123
8.4657970863000e-05;   -2807712
8.4677323949000e-05;   -2807712
8.4696689113000e-05;   -2800500
8.4716042150000e-05;   -2800500
8.4735407283000e-05;   -2797999
8.4754760449000e-05;   -2797999
8.4774125723000e-05;   -2790787
8.4793478964000e-05;   -2790787
8.4812844234000e-05;   -2783575
8.4832197571000e-05;   -2783575
8.4851562980000e-05;   -2781074
8.4870916194000e-05;   -2781074
8.4890281496000e-05;   -2773862
8.4909635164000e-05;   -2773862
8.4929000848000e-05;   -2771361
8.4948354313000e-05;   -2771361
8.4967719966000e-05;   -2764149
8.4987073551000e-05;   -2764149
8.5006439171000e-05;   -2756937
8.5025792855000e-05;   -2756937
8.5045158802000e-05;   -2746635
8.5064512496000e-05;   -2746635
8.5083878289000e-05;   -2739423
8.5100005538000e-05;   -2739423
8.5119371326000e-05;   -2732211
8.5138725240000e-05;   -2732211
8.5158091076000e-05;   -2729710
8.5177444932000e-05;   -2729710
8.5196811011000e-05;   -2722498
8.5216164957000e-05;   -2722498
8.5235530809000e-05;   -2715286
8.5254884786000e-05;   -2715286
8.5274250932000e-05;   -2712785
8.5293605061000e-05;   -2712785
8.5312971285000e-05;   -2705573
8.5332325387000e-05;   -2705573
8.5351691793000e-05;   -2695271
8.5371045903000e-05;   -2695271
8.5390412284000e-05;   -2688059
8.5409766557000e-05;   -2688059
8.5429132751000e-05;   -2680847
8.5448487222000e-05;   -2680847
8.5467853515000e-05;   -2678346
8.5487207940000e-05;   -2678346
8.5506574254000e-05;   -2671134
8.5525928763000e-05;   -2671134
8.5545295116000e-05;   -2656121
8.5561422893000e-05;   -2656121
8.5580789223000e-05;   -2653620
8.5600143712000e-05;   -2653620
8.5619510334000e-05;   -2646408
8.5638864888000e-05;   -2646408
8.5658231464000e-05;   -2639196
8.5677586175000e-05;   -2639196
8.5696952713000e-05;   -2628894
8.5716307359000e-05;   -2628894
8.5735673988000e-05;   -2621682
8.5755028620000e-05;   -2621682
8.5774395356000e-05;   -2614470
8.5793749923000e-05;   -2614470
8.5813116839000e-05;   -2611969
8.5832471503000e-05;   -2611969
8.5851838242000e-05;   -2604757
8.5871192941000e-05;   -2604757
8.5890559992000e-05;   -2594455
8.5909914767000e-05;   -2594455
8.5929281522000e-05;   -2587243
8.5948636297000e-05;   -2587243
8.5968003241000e-05;   -2580031
8.5987357787000e-05;   -2580031
8.6006724608000e-05;   -2569729
8.6026079618000e-05;   -2569729
8.6042219643000e-05;   -2562517
8.6061574490000e-05;   -2562517
8.6080941396000e-05;   -2555305
8.6100296581000e-05;   -2555305
8.6119663579000e-05;   -2552804
8.6139018545000e-05;   -2552804
8.6158385666000e-05;   -2537791
8.6177740788000e-05;   -2537791
8.6197107762000e-05;   -2530579
8.6216462777000e-05;   -2530579
8.6235829967000e-05;   -2528078
8.6255184997000e-05;   -2528078
8.6274552261000e-05;   -2513065
8.6293907458000e-05;   -2513065
8.6313274686000e-05;   -2505853
8.6332629936000e-05;   -2505853
8.6351997028000e-05;   -2503352
8.6371352185000e-05;   -2503352
8.6390719446000e-05;   -2488339
8.6410074575000e-05;   -2488339
8.6429441792000e-05;   -2481127
8.6448797009000e-05;   -2481127
8.6468164219000e-05;   -2478626
8.6487519500000e-05;   -2478626
8.6506886845000e-05;   -2463613
8.6523015166000e-05;   -2463613
8.6542382517000e-05;   -2461112
8.6561737894000e-05;   -2461112
8.6581105140000e-05;   -2453900
8.6600460430000e-05;   -2453900
8.6619827613000e-05;   -2446688
8.6639183015000e-05;   -2446688
8.6658550391000e-05;   -2436386
8.6677905735000e-05;   -2436386
8.6697273208000e-05;   -2429174
8.6716628594000e-05;   -2429174
8.6735996139000e-05;   -2421962
8.6755351508000e-05;   -2421962
8.6774718993000e-05;   -2411660
8.6794074316000e-05;   -2411660
8.6813441706000e-05;   -2404448
8.6832797258000e-05;   -2404448
8.6852164633000e-05;   -2389435
8.6871520130000e-05;   -2389435
8.6890887481000e-05;   -2386934
8.6910242998000e-05;   -2386934
8.6929610547000e-05;   -2371921
8.6948966068000e-05;   -2371921
8.6968333483000e-05;   -2364709
8.6984462306000e-05;   -2364709
8.7003829796000e-05;   -2354407
8.7023185091000e-05;   -2354407
8.7042552631000e-05;   -2347195
8.7061908167000e-05;   -2347195
8.7081275589000e-05;   -2339983
8.7100630968000e-05;   -2339983
8.7119998641000e-05;   -2329681
8.7139354016000e-05;   -2329681
8.7158721561000e-05;   -2322469
8.7178077212000e-05;   -2322469
8.7197444804000e-05;   -2319968
8.7216800352000e-05;   -2319968
8.7236168025000e-05;   -2304955
8.7255523478000e-05;   -2304955
8.7274890947000e-05;   -2297743
8.7294246640000e-05;   -2297743
8.7313614236000e-05;   -2287441
8.7332969804000e-05;   -2287441
8.7352337411000e-05;   -2280229
8.7371692903000e-05;   -2280229
8.7391060455000e-05;   -2273017
8.7410416116000e-05;   -2273017
8.7429783817000e-05;   -2262715
8.7449139413000e-05;   -2262715
8.7465280030000e-05;   -2255503
8.7484635629000e-05;   -2255503
8.7504003111000e-05;   -2240490
8.7523358638000e-05;   -2240490
8.7542726355000e-05;   -2237989
8.7562081919000e-05;   -2237989
8.7581449472000e-05;   -2230777
8.7600805203000e-05;   -2230777
8.7620172929000e-05;   -2215764
8.7639528530000e-05;   -2215764
8.7658896188000e-05;   -2213263
8.7678251816000e-05;   -2213263
8.7697619507000e-05;   -2198250
8.7716975255000e-05;   -2198250
8.7736342753000e-05;   -2191038
8.7755698372000e-05;   -2191038
8.7775065968000e-05;   -2188537
8.7794421585000e-05;   -2188537
8.7813789226000e-05;   -2173524
8.7833144945000e-05;   -2173524
8.7852512614000e-05;   -2171023
8.7871868142000e-05;   -2171023
8.7891235863000e-05;   -2156010
8.7910591398000e-05;   -2156010
8.7929958984000e-05;   -2148798
8.7946087832000e-05;   -2148798
8.7965455451000e-05;   -2138496
8.7984811024000e-05;   -2138496
8.8004178819000e-05;   -2131284
8.8023534235000e-05;   -2131284
8.8042902002000e-05;   -2124072
8.8062257513000e-05;   -2124072
8.8081625299000e-05;   -2113770
8.8100980898000e-05;   -2113770
8.8120348462000e-05;   -2106558
8.8139704068000e-05;   -2106558
8.8159071582000e-05;   -2099346
8.8178427192000e-05;   -2099346
8.8197794644000e-05;   -2089044
8.8217150348000e-05;   -2089044
8.8236517934000e-05;   -2074031
8.8255873569000e-05;   -2074031
8.8275241304000e-05;   -2066819
8.8294596912000e-05;   -2066819
8.8313964522000e-05;   -2064318
8.8333320161000e-05;   -2064318
8.8352687738000e-05;   -2049305
8.8372043260000e-05;   -2049305
8.8391410960000e-05;   -2042093
8.8407539514000e-05;   -2042093
8.8426907169000e-05;   -2031791
8.8446262558000e-05;   -2031791
8.8465630295000e-05;   -2024579
8.8484985775000e-05;   -2024579
8.8504353241000e-05;   -2017367
8.8523708948000e-05;   -2017367
8.8543076413000e-05;   -2007065
8.8562431733000e-05;   -2007065
8.8581799163000e-05;   -1999853
8.8601154613000e-05;   -1999853
8.8620521997000e-05;   -1997352
8.8639877556000e-05;   -1997352
8.8659244891000e-05;   -1982339
8.8678600428000e-05;   -1982339
8.8697967859000e-05;   -1975127
8.8717323408000e-05;   -1975127
8.8736691067000e-05;   -1964825
8.8756046627000e-05;   -1964825
8.8775414118000e-05;   -1957613
8.8794769646000e-05;   -1957613
8.8814137241000e-05;   -1950401
8.8833492518000e-05;   -1950401
8.8852860207000e-05;   -1940099
8.8872215763000e-05;   -1940099
8.8888356309000e-05;   -1932887
8.8907711915000e-05;   -1932887
8.8927079347000e-05;   -1917874
8.8946434895000e-05;   -1917874
8.8965802339000e-05;   -1915373
8.8985157738000e-05;   -1915373
8.9004525266000e-05;   -1908161
8.9023880652000e-05;   -1908161
8.9043248167000e-05;   -1893148
8.9062603529000e-05;   -1893148
8.9081970968000e-05;   -1890647
8.9101326377000e-05;   -1890647
8.9120693700000e-05;   -1883435
8.9140049183000e-05;   -1883435
8.9159416522000e-05;   -1868422
8.9178771909000e-05;   -1868422
8.9198139425000e-05;   -1865921
8.9217494574000e-05;   -1865921
8.9236862098000e-05;   -1858709
8.9256217545000e-05;   -1858709
8.9275584927000e-05;   -1848407
8.9294940256000e-05;   -1848407
8.9314307610000e-05;   -1841195
8.9333662964000e-05;   -1841195
8.9353030317000e-05;   -1833983
8.9369158871000e-05;   -1833983
8.9388526244000e-05;   -1823681
8.9407881508000e-05;   -1823681
8.9427248753000e-05;   -1816469
8.9446604182000e-05;   -1816469
8.9465971490000e-05;   -1801456
8.9485326830000e-05;   -1801456
8.9504694068000e-05;   -1791154
8.9524049630000e-05;   -1791154
8.9543416785000e-05;   -1783942
8.9562772108000e-05;   -1783942
8.9582139354000e-05;   -1776730
8.9601494565000e-05;   -1776730
8.9620861788000e-05;   -1766428
8.9640217005000e-05;   -1766428
8.9659584143000e-05;   -1759216
8.9678939221000e-05;   -1759216
8.9698306463000e-05;   -1752004
8.9717661524000e-05;   -1752004
8.9737028673000e-05;   -1749503
8.9756384093000e-05;   -1749503
8.9775751194000e-05;   -1734490
8.9795106442000e-05;   -1734490
8.9811246774000e-05;   -1727278
8.9830601994000e-05;   -1727278
8.9849969073000e-05;   -1724777
8.9869324015000e-05;   -1724777
8.9888691137000e-05;   -1717565
8.9908046205000e-05;   -1717565
8.9927413462000e-05;   -1707263
8.9946768566000e-05;   -1707263
8.9966135557000e-05;   -1700051
8.9985490658000e-05;   -1700051
9.0004857758000e-05;   -1692839
9.0024212719000e-05;   -1692839
9.0043579847000e-05;   -1682537
9.0062934870000e-05;   -1682537
9.0082302056000e-05;   -1675325
9.0101657210000e-05;   -1675325
9.0121024226000e-05;   -1668113
9.0140379237000e-05;   -1668113
9.0159746275000e-05;   -1657811
9.0179101425000e-05;   -1657811
9.0198468361000e-05;   -1650599
9.0217823249000e-05;   -1650599
9.0237190339000e-05;   -1635586
9.0256545415000e-05;   -1635586
9.0275912460000e-05;   -1633085
9.0295267431000e-05;   -1633085
9.0314634318000e-05;   -1625873
9.0330762409000e-05;   -1625873
9.0350129377000e-05;   -1610860
9.0369484196000e-05;   -1610860
9.0388851209000e-05;   -1608359
9.0408205918000e-05;   -1608359
9.0427572820000e-05;   -1601147
9.0446927558000e-05;   -1601147
9.0466294446000e-05;   -1586134
9.0485649245000e-05;   -1586134
9.0505016126000e-05;   -1583633
9.0524370736000e-05;   -1583633
9.0543737679000e-05;   -1576421
9.0563092401000e-05;   -1576421
9.0582459161000e-05;   -1573920
9.0601813979000e-05;   -1573920
9.0621180753000e-05;   -1558907
9.0640535478000e-05;   -1558907
9.0659902226000e-05;   -1551695
9.0679256992000e-05;   -1551695
9.0698623547000e-05;   -1549194
9.0717978405000e-05;   -1549194
9.0737345038000e-05;   -1541982
9.0756699836000e-05;   -1541982
9.0776066501000e-05;   -1534770
9.0792194197000e-05;   -1534770
9.0811560905000e-05;   -1524468
9.0830915564000e-05;   -1524468
9.0850282263000e-05;   -1517256
9.0869636871000e-05;   -1517256
9.0889003608000e-05;   -1510044
9.0908358354000e-05;   -1510044
9.0927725054000e-05;   -1499742
9.0947079739000e-05;   -1499742
9.0966446477000e-05;   -1492530
9.0985801085000e-05;   -1492530
9.1005167833000e-05;   -1485318
9.1024522248000e-05;   -1485318
9.1043888881000e-05;   -1475016
9.1063243437000e-05;   -1475016
9.1082609971000e-05;   -1467804
9.1101964359000e-05;   -1467804
9.1121330604000e-05;   -1465303
9.1140685243000e-05;   -1465303
9.1160051733000e-05;   -1458091
9.1179406251000e-05;   -1458091
9.1198772688000e-05;   -1450879
9.1218127023000e-05;   -1450879
9.1237493509000e-05;   -1440577
9.1256847990000e-05;   -1440577
9.1272987836000e-05;   -1433365
9.1292342143000e-05;   -1433365
9.1311708755000e-05;   -1426153
9.1331063080000e-05;   -1426153
9.1350429438000e-05;   -1423652
9.1369783929000e-05;   -1423652
9.1389150398000e-05;   -1408639
9.1408504857000e-05;   -1408639
9.1427871123000e-05;   -1401427
9.1447225376000e-05;   -1401427
9.1466591556000e-05;   -1398926
9.1485946023000e-05;   -1398926
9.1505312414000e-05;   -1391714
9.1524666723000e-05;   -1391714
9.1544033013000e-05;   -1384502
9.1563387375000e-05;   -1384502
9.1582753722000e-05;   -1382001
9.1602107879000e-05;   -1382001
9.1621474030000e-05;   -1374789
9.1640828449000e-05;   -1374789
9.1660194513000e-05;   -1364487
9.1679548819000e-05;   -1364487
9.1698914873000e-05;   -1357275
9.1718269262000e-05;   -1357275
9.1737635428000e-05;   -1350063
9.1753763034000e-05;   -1350063
9.1773129229000e-05;   -1347562
9.1792483528000e-05;   -1347562
9.1811849748000e-05;   -1340350
9.1831203873000e-05;   -1340350
9.1850570098000e-05;   -1325337
9.1869924321000e-05;   -1325337
9.1889290517000e-05;   -1322836
9.1908644712000e-05;   -1322836
9.1928010961000e-05;   -1315624
9.1947365157000e-05;   -1315624
9.1966731300000e-05;   -1308412
9.1986085306000e-05;   -1308412
9.2005451463000e-05;   -1298110
9.2024805509000e-05;   -1298110
9.2044171420000e-05;   -1290898
9.2063525625000e-05;   -1290898
9.2082891694000e-05;   -1283686
9.2102245734000e-05;   -1283686
9.2121611745000e-05;   -1281185
9.2140965653000e-05;   -1281185
9.2160331741000e-05;   -1273973
9.2179685654000e-05;   -1273973
9.2199051586000e-05;   -1271472
9.2215178722000e-05;   -1271472
9.2234544721000e-05;   -1264260
9.2253898515000e-05;   -1264260
9.2273264431000e-05;   -1257048
9.2292618442000e-05;   -1257048
9.2311984187000e-05;   -1246746
9.2331338062000e-05;   -1246746
9.2350704021000e-05;   -1239534
9.2370057792000e-05;   -1239534
9.2389423719000e-05;   -1232322
9.2408777631000e-05;   -1232322
9.2428143485000e-05;   -1229821
9.2447497457000e-05;   -1229821
9.2466863262000e-05;   -1222609
9.2486217351000e-05;   -1222609
9.2505582953000e-05;   -1215397
9.2524936648000e-05;   -1215397
9.2544302455000e-05;   -1205095
9.2563656196000e-05;   -1205095
9.2583022042000e-05;   -1205684
9.2602375787000e-05;   -1205684
9.2621741397000e-05;   -1190671
9.2641095308000e-05;   -1190671
9.2660460930000e-05;   -1188170
9.2679814517000e-05;   -1188170
9.2699180106000e-05;   -1180958
9.2715307077000e-05;   -1180958
9.2734672977000e-05;   -1178457
9.2754026671000e-05;   -1178457
9.2773392305000e-05;   -1171245
9.2792745950000e-05;   -1171245
9.2812111538000e-05;   -1164033
9.2831465239000e-05;   -1164033
9.2850830851000e-05;   -1161532
9.2870184439000e-05;   -1161532
9.2889550022000e-05;   -1146519
9.2908903619000e-05;   -1146519
9.2928269110000e-05;   -1147108
9.2947622661000e-05;   -1147108
9.2966988139000e-05;   -1136806
9.2986341559000e-05;   -1136806
9.3005706935000e-05;   -1129594
9.3025060546000e-05;   -1129594
9.3044426089000e-05;   -1122382
9.3063779525000e-05;   -1122382
9.3083144956000e-05;   -1119881
9.3102498549000e-05;   -1119881
9.3121864088000e-05;   -1112669
9.3141217370000e-05;   -1112669
9.3160582703000e-05;   -1110168
9.3176709594000e-05;   -1110168
9.3196074821000e-05;   -1102956
9.3215428157000e-05;   -1102956
9.3234793568000e-05;   -1095744
9.3254146932000e-05;   -1095744
9.3273512154000e-05;   -1093243
9.3292865397000e-05;   -1093243
9.3312230900000e-05;   -1086031
9.3331584277000e-05;   -1086031
9.3350949558000e-05;   -1078819
9.3370302817000e-05;   -1078819
9.3389668118000e-05;   -1076318
9.3409021479000e-05;   -1076318
9.3428386849000e-05;   -1069106
9.3447740180000e-05;   -1069106
9.3467105462000e-05;   -1061894
9.3486458756000e-05;   -1061894
9.3505824040000e-05;   -1059393
9.3525177250000e-05;   -1059393
9.3544542663000e-05;   -1052181
9.3563895826000e-05;   -1052181
9.3583261111000e-05;   -1049680
9.3602614396000e-05;   -1049680
9.3621979578000e-05;   -1042468
9.3641332624000e-05;   -1042468
9.3660697847000e-05;   -1035256
9.3676824465000e-05;   -1035256
9.3696189666000e-05;   -1024954
9.3715542854000e-05;   -1024954
9.3734908039000e-05;   -1025543
9.3754261041000e-05;   -1025543
9.3773626179000e-05;   -1018331
9.3792979381000e-05;   -1018331
9.3812344537000e-05;   -1015830
9.3831697649000e-05;   -1015830
9.3851062733000e-05;   -1008618
9.3870415985000e-05;   -1008618
9.3889781199000e-05;   -1001406
9.3909134281000e-05;   -1001406
9.3928499249000e-05;    -991104
9.3947852465000e-05;    -991104
9.3967217628000e-05;    -991693
9.3986570681000e-05;    -991693
9.4005935698000e-05;    -989192
9.4025288743000e-05;    -989192
9.4044653672000e-05;    -981980
9.4064006672000e-05;    -981980
9.4083371546000e-05;    -974768
9.4102724637000e-05;    -974768
9.4122089672000e-05;    -964466
9.4141442673000e-05;    -964466
9.4160807603000e-05;    -957254
9.4176934085000e-05;    -957254
9.4196299078000e-05;    -957843
9.4215652080000e-05;    -957843
9.4235017028000e-05;    -955342
9.4254369958000e-05;    -955342
9.4273734944000e-05;    -948130
9.4293087774000e-05;    -948130
9.4312452730000e-05;    -940918
9.4331805541000e-05;    -940918
9.4351170585000e-05;    -938417
9.4370523351000e-05;    -938417
9.4389888282000e-05;    -931205
9.4409241118000e-05;    -931205
9.4428605853000e-05;    -928704
9.4447958626000e-05;    -928704
9.4467323463000e-05;    -921492
9.4486676334000e-05;    -921492
9.4506040998000e-05;    -914280
9.4525393638000e-05;    -914280
9.4544758384000e-05;    -911779
9.4564111232000e-05;    -911779
9.4583475889000e-05;    -904567
9.4602828703000e-05;    -904567
9.4622193467000e-05;    -897355
9.4638319684000e-05;    -897355
9.4657684167000e-05;    -894854
9.4677036991000e-05;    -894854
9.4696401734000e-05;    -887642
9.4715754235000e-05;    -887642
9.4735118767000e-05;    -880430
9.4754471511000e-05;    -880430
9.4773835962000e-05;    -877929
9.4793188712000e-05;    -877929
9.4812553163000e-05;    -878518
9.4831905908000e-05;    -878518
9.4851270596000e-05;    -876017
9.4870623227000e-05;    -876017
9.4889987707000e-05;    -868805
9.4909340420000e-05;    -868805
9.4928704869000e-05;    -861593
9.4948057412000e-05;    -861593
9.4967421980000e-05;    -851291
9.4986774684000e-05;    -851291
9.5006139209000e-05;    -851880
9.5025491699000e-05;    -851880
9.5044856186000e-05;    -844668
9.5064208742000e-05;    -844668
9.5083573263000e-05;    -842167
9.5102925776000e-05;    -842167
9.5122290203000e-05;    -834955
9.5138416226000e-05;    -834955
9.5157780628000e-05;    -827743
9.5177133043000e-05;    -827743
9.5196497461000e-05;    -825242
9.5215850027000e-05;    -825242
9.5235214394000e-05;    -825831
9.5254566911000e-05;    -825831
9.5273931435000e-05;    -815529
9.5293283893000e-05;    -815529
9.5312648305000e-05;    -816118
9.5332000728000e-05;    -816118
9.5351365076000e-05;    -808906
9.5370717458000e-05;    -808906
9.5390081822000e-05;    -806405
9.5409434140000e-05;    -806405
9.5428798543000e-05;    -799193
9.5448151028000e-05;    -799193
9.5467515255000e-05;    -791981
9.5486867663000e-05;    -791981
9.5506231998000e-05;    -789480
9.5525584268000e-05;    -789480
9.5544948487000e-05;    -782268
9.5564300932000e-05;    -782268
9.5583665297000e-05;    -787568
9.5599791259000e-05;    -787568
9.5619155491000e-05;    -780356
9.5638507634000e-05;    -780356
9.5657871870000e-05;    -773144
9.5677224006000e-05;    -773144
9.5696588312000e-05;    -770643
9.5715940485000e-05;    -770643
9.5735304872000e-05;    -763431
9.5754657144000e-05;    -763431
9.5774021364000e-05;    -756219
9.5793373416000e-05;    -756219
9.5812737627000e-05;    -753718
9.5832089836000e-05;    -753718
9.5851453966000e-05;    -746506
9.5870806166000e-05;    -746506
9.5890170236000e-05;    -747095
9.5909522711000e-05;    -747095
9.5928886761000e-05;    -744594
9.5948238924000e-05;    -744594
9.5967603071000e-05;    -737382
9.5986955148000e-05;    -737382
9.6006319366000e-05;    -734881
9.6025671360000e-05;    -734881
9.6045035337000e-05;    -727669
9.6064387394000e-05;    -727669
9.6083751355000e-05;    -720457
9.6099877044000e-05;    -720457
9.6119241146000e-05;    -717956
9.6138593118000e-05;    -717956
9.6157956965000e-05;    -718545
9.6177309011000e-05;    -718545
9.6196672931000e-05;    -711333
9.6216024909000e-05;    -711333
9.6235388860000e-05;    -708832
9.6254740811000e-05;    -708832
9.6274104783000e-05;    -701620
9.6293456600000e-05;    -701620
9.6312820395000e-05;    -706920
9.6332172408000e-05;    -706920
9.6351536349000e-05;    -699708
9.6370888355000e-05;    -699708
9.6390252117000e-05;    -692496
9.6409604043000e-05;    -692496
9.6428968012000e-05;    -689995
9.6448319934000e-05;    -689995
9.6467683779000e-05;    -682783
9.6487035776000e-05;    -682783
9.6506399748000e-05;    -675571
9.6525751782000e-05;    -675571
9.6545115649000e-05;    -673070
9.6564467479000e-05;    -673070
9.6583831453000e-05;    -673659
9.6599957016000e-05;    -673659
9.6619320886000e-05;    -666447
9.6638672815000e-05;    -666447
9.6658036717000e-05;    -663946
9.6677388507000e-05;    -663946
9.6696752451000e-05;    -656734
9.6716104140000e-05;    -656734
9.6735467953000e-05;    -654233
9.6754819827000e-05;    -654233
9.6774183623000e-05;    -654822
9.6793535559000e-05;    -654822
9.6812899410000e-05;    -647610
9.6832251093000e-05;    -647610
9.6851614869000e-05;    -645109
9.6870966562000e-05;    -645109
9.6890330494000e-05;    -637897
9.6909682232000e-05;    -637897
9.6929045825000e-05;    -638486
9.6948397584000e-05;    -638486
9.6967761397000e-05;    -635985
9.6987113138000e-05;    -635985
9.7006476917000e-05;    -628773
9.7025828429000e-05;    -628773
9.7045192405000e-05;    -626272
9.7064544097000e-05;    -626272
9.7080681443000e-05;    -619060
9.7100033187000e-05;    -619060
9.7119396889000e-05;    -619649
9.7138748566000e-05;    -619649
9.7158112290000e-05;    -617148
9.7177463803000e-05;    -617148
9.7196827494000e-05;    -609936
9.7216179201000e-05;    -609936
9.7235542845000e-05;    -602724
9.7254894505000e-05;    -602724
9.7274258043000e-05;    -600223
9.7293609717000e-05;    -600223
9.7312973246000e-05;    -600812
9.7332325004000e-05;    -600812
9.7351688568000e-05;    -598311
9.7371040171000e-05;    -598311
9.7390403679000e-05;    -591099
9.7409755379000e-05;    -591099
9.7429118998000e-05;    -591688
9.7448470590000e-05;    -591688
9.7467834116000e-05;    -581386
9.7487185570000e-05;    -581386
9.7506548964000e-05;    -581975
9.7525900443000e-05;    -581975
9.7545263986000e-05;    -574763
9.7561389278000e-05;    -574763
9.7580752627000e-05;    -572262
9.7600104010000e-05;    -572262
9.7619467514000e-05;    -572851
9.7638819002000e-05;    -572851
9.7658182298000e-05;    -565639
9.7677533786000e-05;    -565639
9.7696897243000e-05;    -563138
9.7716248837000e-05;    -563138
9.7735612228000e-05;    -563727
9.7754963720000e-05;    -563727
9.7774327108000e-05;    -561226
9.7793678438000e-05;    -561226
9.7813041769000e-05;    -554014
9.7832393172000e-05;    -554014
9.7851756449000e-05;    -546802
9.7871107775000e-05;    -546802
9.7890471122000e-05;    -552102
9.7909822514000e-05;    -552102
9.7929185705000e-05;    -544890
9.7948536955000e-05;    -544890
9.7967900399000e-05;    -537678
9.7987251628000e-05;    -537678
9.8006614929000e-05;    -535177
9.8025966292000e-05;    -535177
9.8045329459000e-05;    -535766
9.8061454577000e-05;    -535766
9.8080817729000e-05;    -533265
9.8100169097000e-05;    -533265
9.8119532246000e-05;    -533854
9.8138883512000e-05;    -533854
9.8158246617000e-05;    -526642
9.8177598028000e-05;    -526642
9.8196961228000e-05;    -524141
9.8216312389000e-05;    -524141
9.8235675689000e-05;    -516929
9.8255026933000e-05;    -516929
9.8274390129000e-05;    -517518
9.8293741347000e-05;    -517518
9.8313104429000e-05;    -515017
9.8332455798000e-05;    -515017
9.8351818962000e-05;    -507805
9.8371170227000e-05;    -507805
9.8390533560000e-05;    -513105
9.8409884723000e-05;    -513105
9.8429248044000e-05;    -505893
9.8448599307000e-05;    -505893
9.8467962396000e-05;    -498681
9.8487313604000e-05;    -498681
9.8506676596000e-05;    -496180
9.8526027755000e-05;    -496180
9.8545391035000e-05;    -496769
9.8561516096000e-05;    -496769
9.8580879198000e-05;    -489557
9.8600230388000e-05;    -489557
9.8619593536000e-05;    -487056
9.8638944528000e-05;    -487056
9.8658307640000e-05;    -487645
9.8677658816000e-05;    -487645
9.8697022015000e-05;    -485144
9.8716372968000e-05;    -485144
9.8735736183000e-05;    -477932
9.8755087217000e-05;    -477932
9.8774450271000e-05;    -478521
9.8793801237000e-05;    -478521
9.8813164249000e-05;    -476020
9.8832515325000e-05;    -476020
9.8851878396000e-05;    -468808
9.8871229351000e-05;    -468808
9.8890592395000e-05;    -469397
9.8909943419000e-05;    -469397
9.8929306548000e-05;    -466896
9.8948657480000e-05;    -466896
9.8968020429000e-05;    -459684
9.8987371406000e-05;    -459684
9.9006734377000e-05;    -464984
9.9026085189000e-05;    -464984
9.9042221912000e-05;    -457772
9.9061572894000e-05;    -457772
9.9080935990000e-05;    -458361
9.9100286848000e-05;    -458361
9.9119649797000e-05;    -455860
9.9139000626000e-05;    -455860
9.9158363515000e-05;    -448648
9.9177714385000e-05;    -448648
9.9197077428000e-05;    -441436
9.9216428350000e-05;    -441436
9.9235791293000e-05;    -446736
9.9255142371000e-05;    -446736
9.9274505358000e-05;    -447325
9.9293856208000e-05;    -447325
9.9313218921000e-05;    -444824
9.9332569774000e-05;    -444824
9.9351932596000e-05;    -437612
9.9371283419000e-05;    -437612
9.9390646294000e-05;    -430400
9.9409997255000e-05;    -430400
9.9429360065000e-05;    -427899
9.9448710831000e-05;    -427899
9.9468073635000e-05;    -428488
9.9487424468000e-05;    -428488
9.9503561281000e-05;    -421276
9.9522912138000e-05;    -421276
9.9542274801000e-05;    -426576
9.9561625560000e-05;    -426576
9.9580988441000e-05;    -419364
9.9600339177000e-05;    -419364
9.9619702063000e-05;    -424664
9.9639052873000e-05;    -424664
9.9658415698000e-05;    -417452
9.9677766309000e-05;    -417452
9.9697129141000e-05;    -410240
9.9716479906000e-05;    -410240
9.9735842783000e-05;    -407739
9.9755193573000e-05;    -407739
9.9774556337000e-05;    -408328
9.9793907066000e-05;    -408328
9.9813269800000e-05;    -401116
9.9832620603000e-05;    -401116
9.9851983435000e-05;    -406416
9.9871334261000e-05;    -406416
9.9890697068000e-05;    -399204
9.9910047998000e-05;    -399204
9.9929410772000e-05;    -404504
9.9948761519000e-05;    -404504
9.9968124164000e-05;    -397292
9.9987474795000e-05;    -397292
1.0000683729700e-04;    -390080
1.0002296193100e-04;    -390080
1.0004232455500e-04;    -387579
1.0006167531100e-04;    -387579
1.0008103802300e-04;    -388168
1.0010038875300e-04;    -388168
1.0011975136100e-04;    -380956
1.0013910203000e-04;    -380956
1.0015846450500e-04;    -386256
1.0017781534000e-04;    -386256
1.0019717798500e-04;    -379044
1.0021652868700e-04;    -379044
1.0023589132500e-04;    -384344
1.0025524192600e-04;    -384344
1.0027460451000e-04;    -377132
1.0029395503000e-04;    -377132
1.0031331774600e-04;    -377721
1.0033266845900e-04;    -377721
1.0035203110400e-04;    -375220
1.0037138185600e-04;    -375220
1.0039074440400e-04;    -368008
1.0041009516600e-04;    -368008
1.0042945788400e-04;    -360796
1.0044880837200e-04;    -360796
1.0046817100800e-04;    -366096
1.0048752169800e-04;    -366096
1.0050688428000e-04;    -358884
1.0052300900600e-04;    -358884
1.0054237148900e-04;    -364184
1.0056172196400e-04;    -364184
1.0058108444000e-04;    -356972
1.0060043501000e-04;    -356972
1.0061979769500e-04;    -357561
1.0063914816900e-04;    -357561
1.0065851066100e-04;    -355060
1.0067786122200e-04;    -355060
1.0069722379600e-04;    -347848
1.0071657422000e-04;    -347848
1.0073593667700e-04;    -348437
1.0075528731700e-04;    -348437
1.0077464979500e-04;    -345936
1.0079400035600e-04;    -345936
1.0081336305700e-04;    -346525
1.0083271347500e-04;    -346525
1.0085207599100e-04;    -344024
1.0087142650300e-04;    -344024
1.0089078897700e-04;    -344613
1.0091013945200e-04;    -344613
1.0092950202000e-04;    -337401
1.0094885270400e-04;    -337401
1.0096821509500e-04;    -334900
1.0098756557300e-04;    -334900
1.0100692801100e-04;    -335489
1.0102305242100e-04;    -335489
1.0104241485300e-04;    -328277
1.0106176522100e-04;    -328277
1.0108112743100e-04;    -333577
1.0110047788500e-04;    -333577
1.0111984031700e-04;    -326365
1.0113919070500e-04;    -326365
1.0115855311400e-04;    -331665
1.0117790362500e-04;    -331665
1.0119726604400e-04;    -324453
1.0121661635800e-04;    -324453
1.0123597872700e-04;    -325042
1.0125532916000e-04;    -325042
1.0127469159600e-04;    -322541
1.0129404201200e-04;    -322541
1.0131340439500e-04;    -315329
1.0133275474400e-04;    -315329
1.0135211705600e-04;    -315918
1.0137146741600e-04;    -315918
1.0139082986800e-04;    -313417
1.0141018022300e-04;    -313417
1.0142954263300e-04;    -314006
1.0144889287600e-04;    -314006
1.0146825512500e-04;    -311505
1.0148760539200e-04;    -311505
1.0150374159200e-04;    -304293
1.0152309184200e-04;    -304293
1.0154245402900e-04;    -304882
1.0156180442500e-04;    -304882
1.0158116667300e-04;    -310182
1.0160051672700e-04;    -310182
1.0161987904400e-04;    -302970
1.0163922937200e-04;    -302970
1.0165859157000e-04;    -295758
1.0167794179100e-04;    -295758
1.0169730408700e-04;    -301058
1.0171665424700e-04;    -301058
1.0173601657900e-04;    -293846
1.0175536694200e-04;    -293846
1.0177472923700e-04;    -291345
1.0179407946800e-04;    -291345
1.0181344159200e-04;    -291934
1.0183279189800e-04;    -291934
1.0185215413700e-04;    -292523
1.0187150438700e-04;    -292523
1.0189086660500e-04;    -290022
1.0191021680100e-04;    -290022
1.0192957911800e-04;    -290611
1.0194892950800e-04;    -290611
1.0196506554600e-04;    -283399
1.0198441585400e-04;    -283399
1.0200377810000e-04;    -280898
1.0202312827600e-04;    -280898
1.0204249029400e-04;    -281487
1.0206184063200e-04;    -281487
1.0208120285100e-04;    -278986
1.0210055291300e-04;    -278986
1.0211991497200e-04;    -279575
1.0213926520000e-04;    -279575
1.0215862729700e-04;    -272363
1.0217797737600e-04;    -272363
1.0219733942200e-04;    -277663
1.0221668970400e-04;    -277663
1.0223605187900e-04;    -270451
1.0225540199000e-04;    -270451
1.0227476417100e-04;    -275751
1.0229411416200e-04;    -275751
1.0231347609100e-04;    -268539
1.0233282630700e-04;    -268539
1.0235218839800e-04;    -269128
1.0237153855300e-04;    -269128
1.0239090071500e-04;    -266627
1.0241025086200e-04;    -266627
1.0242961285400e-04;    -267216
1.0244896291800e-04;    -267216
1.0246509910000e-04;    -260004
1.0248444902900e-04;    -260004
1.0250381120000e-04;    -265304
1.0252316119600e-04;    -265304
1.0254252332100e-04;    -258092
1.0256187341600e-04;    -258092
1.0258123565700e-04;    -263392
1.0260058567900e-04;    -263392
1.0261994772400e-04;    -256180
1.0263929798000e-04;    -256180
1.0265866008000e-04;    -256769
1.0267801022600e-04;    -256769
1.0269737238600e-04;    -254268
1.0271672252200e-04;    -254268
1.0273608462700e-04;    -254857
1.0275543473400e-04;    -254857
1.0277479692700e-04;    -247645
1.0279414687400e-04;    -247645
1.0281350904800e-04;    -252945
1.0283285912700e-04;    -252945
1.0285222120600e-04;    -245733
1.0287157124400e-04;    -245733
1.0289093331300e-04;    -251033
1.0291028329200e-04;    -251033
1.0292964536300e-04;    -243821
1.0294899547500e-04;    -243821
1.0296835743100e-04;    -244410
1.0298448147300e-04;    -244410
1.0300384359800e-04;    -241909
1.0302319371500e-04;    -241909
1.0304255569400e-04;    -234697
1.0306190560400e-04;    -234697
1.0308126754300e-04;    -235286
1.0310061751400e-04;    -235286
1.0311997962000e-04;    -232785
1.0313932955800e-04;    -232785
1.0315869155200e-04;    -233374
1.0317804163100e-04;    -233374
1.0319740354600e-04;    -230873
1.0321675348900e-04;    -230873
1.0323611538100e-04;    -231462
1.0325546540200e-04;    -231462
1.0327482740000e-04;    -224250
1.0329417744200e-04;    -224250
1.0331353928300e-04;    -229550
1.0333288907200e-04;    -229550
1.0335225110100e-04;    -230139
1.0337160084800e-04;    -230139
1.0339096293300e-04;    -222927
1.0341031281800e-04;    -222927
1.0342967466300e-04;    -228227
1.0344902464500e-04;    -228227
1.0346838640500e-04;    -221015
1.0348451041700e-04;    -221015
1.0350387234000e-04;    -218514
1.0352322211600e-04;    -218514
1.0354258400600e-04;    -219103
1.0356193389300e-04;    -219103
1.0358129576800e-04;    -219692
1.0360064561600e-04;    -219692
1.0362000733800e-04;    -217191
1.0363935725500e-04;    -217191
1.0365871918900e-04;    -217780
1.0367806896100e-04;    -217780
1.0369743077100e-04;    -215279
1.0371678070100e-04;    -215279
1.0373614234700e-04;    -215868
1.0375549221300e-04;    -215868
1.0377485409900e-04;    -216457
1.0379420389800e-04;    -216457
1.0381356581500e-04;    -213956
1.0383291549100e-04;    -213956
1.0385227733700e-04;    -206744
1.0387162723600e-04;    -206744
1.0389098912800e-04;    -207333
1.0391033898900e-04;    -207333
1.0392970086500e-04;    -204832
1.0394905071500e-04;    -204832
1.0396841259100e-04;    -205421
1.0398453650600e-04;    -205421
1.0400389824900e-04;    -210721
1.0402324801800e-04;    -210721
1.0404260995000e-04;    -203509
1.0406195967700e-04;    -203509
1.0408132165800e-04;    -204098
1.0410067149400e-04;    -204098
1.0412003335800e-04;    -201597
1.0413938318800e-04;    -201597
1.0415874496400e-04;    -194385
1.0417809481600e-04;    -194385
1.0419745674100e-04;    -194974
1.0421680641300e-04;    -194974
1.0423616822500e-04;    -200274
1.0425551800300e-04;    -200274
1.0427487978600e-04;    -193062
1.0429422967200e-04;    -193062
1.0431359146600e-04;    -198362
1.0433294126200e-04;    -198362
1.0435230304100e-04;    -191150
1.0437165282900e-04;    -191150
1.0439101468800e-04;    -191739
1.0441036454800e-04;    -191739
1.0442972639100e-04;    -189238
1.0444907596600e-04;    -189238
1.0446843782100e-04;    -189827
1.0448456154900e-04;    -189827
1.0450392336100e-04;    -182615
1.0452327300200e-04;    -182615
1.0454263486800e-04;    -187915
1.0456198453500e-04;    -187915
1.0458134639500e-04;    -188504
1.0460069596700e-04;    -188504
1.0462005777300e-04;    -186003
1.0463940743800e-04;    -186003
1.0465876928900e-04;    -178791
1.0467811909600e-04;    -178791
1.0469748079900e-04;    -179380
1.0471683045400e-04;    -179380
1.0473619214200e-04;    -176879
1.0475554181500e-04;    -176879
1.0477490345300e-04;    -177468
1.0479425310500e-04;    -177468
1.0481361466200e-04;    -182768
1.0483296425400e-04;    -182768
1.0485232583900e-04;    -183357
1.0487167563400e-04;    -183357
1.0489103711400e-04;    -176145
1.0491038698600e-04;    -176145
1.0492974870800e-04;    -173644
1.0494909858300e-04;    -173644
1.0496846019000e-04;    -174233
1.0498458403400e-04;    -174233
1.0500394570200e-04;    -174822
1.0502329545000e-04;    -174822
1.0504265701100e-04;    -172321
1.0506200666900e-04;    -172321
1.0508136828600e-04;    -172910
1.0510071807700e-04;    -172910
1.0512007975800e-04;    -170409
1.0513942945500e-04;    -170409
1.0515879105800e-04;    -170998
1.0517814079000e-04;    -170998
1.0519750247100e-04;    -163786
1.0521685214800e-04;    -163786
1.0523621384300e-04;    -169086
1.0525556351600e-04;    -169086
1.0527492509100e-04;    -161874
1.0529427474900e-04;    -161874
1.0531363654900e-04;    -162463
1.0533298617800e-04;    -162463
1.0535234766200e-04;    -167763
1.0537169744300e-04;    -167763
1.0539105908800e-04;    -160551
1.0541040878100e-04;    -160551
1.0542977039700e-04;    -158050
1.0544912018400e-04;    -158050
1.0546848178200e-04;    -158639
1.0548460542000e-04;    -158639
1.0550396709500e-04;    -159228
1.0552331678300e-04;    -159228
1.0554267833000e-04;    -156727
1.0556202789300e-04;    -156727
1.0558138942400e-04;    -157316
1.0560073898100e-04;    -157316
1.0562010045300e-04;    -162616
1.0563945007300e-04;    -162616
1.0565881164800e-04;    -155404
1.0567816115800e-04;    -155404
1.0569752281100e-04;    -155993
1.0571687230200e-04;    -155993
1.0573623388800e-04;    -153492
1.0575558357000e-04;    -153492
1.0577494522500e-04;    -154081
1.0579429447300e-04;    -154081
1.0581365623500e-04;    -146869
1.0583300566100e-04;    -146869
1.0585236730000e-04;    -152169
1.0587171693400e-04;    -152169
1.0589107851400e-04;    -152758
1.0591042809300e-04;    -152758
1.0592978970000e-04;    -150257
1.0594913915500e-04;    -150257
1.0596527478900e-04;    -150846
1.0598462432700e-04;    -150846
1.0600398586900e-04;    -143634
1.0602333551200e-04;    -143634
1.0604269703300e-04;    -148934
1.0606204661400e-04;    -148934
1.0608140817900e-04;    -141722
1.0610075787700e-04;    -141722
1.0612011958600e-04;    -142311
1.0613946914600e-04;    -142311
1.0615883055500e-04;    -139810
1.0617818004700e-04;    -139810
1.0619754165800e-04;    -140399
1.0621689127800e-04;    -140399
1.0623625278200e-04;    -137898
1.0625560228400e-04;    -137898
1.0627496378500e-04;    -138487
1.0629431329800e-04;    -138487
1.0631367486800e-04;    -139076
1.0633302443400e-04;    -139076
1.0635238607300e-04;    -136575
1.0637173543600e-04;    -136575
1.0639109680600e-04;    -137164
1.0641044637800e-04;    -137164
1.0642980789300e-04;    -142464
1.0644915756100e-04;    -142464
1.0646529310600e-04;    -135252
1.0648464266300e-04;    -135252
1.0650400419200e-04;    -135841
1.0652335375600e-04;    -135841
1.0654271520100e-04;    -133340
1.0656206463500e-04;    -133340
1.0658142601900e-04;    -133929
1.0660077553100e-04;    -133929
1.0662013704300e-04;    -126717
1.0663948650400e-04;    -126717
1.0665884807400e-04;    -132017
1.0667819772500e-04;    -132017
1.0669755909700e-04;    -132606
1.0671690860000e-04;    -132606
1.0673627016100e-04;    -130105
1.0675561962600e-04;    -130105
1.0677498095700e-04;    -130694
1.0679433049100e-04;    -130694
1.0681369198200e-04;    -123482
1.0683304133900e-04;    -123482
1.0685240289800e-04;    -128782
1.0687175219200e-04;    -128782
1.0689111368200e-04;    -129371
1.0691046314700e-04;    -129371
1.0692982465400e-04;    -122159
1.0694594821200e-04;    -122159
1.0696530958600e-04;    -127459
1.0698465897800e-04;    -127459
1.0700402050800e-04;    -128048
1.0702336986400e-04;    -128048
1.0704273132700e-04;    -125547
1.0706208075500e-04;    -125547
1.0708144214900e-04;    -118335
1.0710079165000e-04;    -118335
1.0712015306300e-04;    -118924
1.0713950244600e-04;    -118924
1.0715886401900e-04;    -116423
1.0717821338800e-04;    -116423
1.0719757495000e-04;    -117012
1.0721692452400e-04;    -117012
1.0723628585300e-04;    -122312
1.0725563544800e-04;    -122312
1.0727499672300e-04;    -122901
1.0729434601700e-04;    -122901
1.0731370748200e-04;    -115689
1.0733305702600e-04;    -115689
1.0735241846000e-04;    -113188
1.0737176789900e-04;    -113188
1.0739112939400e-04;    -113777
1.0741047872800e-04;    -113777
1.0742661436900e-04;    -114366
1.0744596386400e-04;    -114366
1.0746532514600e-04;    -119666
1.0748467468900e-04;    -119666
1.0750403596300e-04;    -112454
1.0752338526400e-04;    -112454
1.0754274679800e-04;    -117754
1.0756209620400e-04;    -117754
1.0758145765900e-04;    -110542
1.0760080701200e-04;    -110542
1.0762016852300e-04;    -111131
1.0763951790700e-04;    -111131
1.0765887925600e-04;    -108630
1.0767822848000e-04;    -108630
1.0769758973600e-04;    -109219
1.0771693920800e-04;    -109219
1.0773630053800e-04;    -114519
1.0775564990600e-04;    -114519
1.0777501142700e-04;    -107307
1.0779436080300e-04;    -107307
1.0781372212000e-04;    -107896
1.0783307158800e-04;    -107896
1.0785243285400e-04;    -105395
1.0787178232500e-04;    -105395
1.0789114370800e-04;    -105984
1.0791049314200e-04;    -105984
1.0792662847800e-04;    -106573
1.0794597786200e-04;    -106573
1.0796533915000e-04;    -104072
1.0798468861500e-04;    -104072
1.0800404975100e-04;    -104661
1.0802339921300e-04;    -104661
1.0804276053600e-04;    -109961
1.0806211001000e-04;    -109961
1.0808147141700e-04;    -102749
1.0810082079700e-04;    -102749
1.0812018198100e-04;    -103338
1.0813953134600e-04;    -103338
1.0815889281300e-04;    -100837
1.0817824212300e-04;    -100837
1.0819760349700e-04;    -101426
1.0821695298300e-04;    -101426
1.0823631426900e-04;     -94214
1.0825566343700e-04;     -94214
1.0827502479400e-04;     -99514
1.0829437407800e-04;     -99514
1.0831373540400e-04;    -100103
1.0833308470300e-04;    -100103
1.0835244597900e-04;     -97602
1.0837179520200e-04;     -97602
1.0839115646400e-04;     -98191
1.0841050581000e-04;     -98191
1.0842986718700e-04;     -98780
1.0844599062000e-04;     -98780
1.0846535181700e-04;     -96279
1.0848470123000e-04;     -96279
1.0850406254300e-04;     -96868
1.0852341178900e-04;     -96868
1.0854277324700e-04;    -102168
1.0856212259100e-04;    -102168
1.0858148397000e-04;     -94956
1.0860083326900e-04;     -94956
1.0862019463000e-04;     -95545
1.0863954395400e-04;     -95545
1.0865890531500e-04;     -93044
1.0867825450500e-04;     -93044
1.0869761564300e-04;     -93633
1.0871696500700e-04;     -93633
1.0873632629100e-04;     -94222
1.0875567569100e-04;     -94222
1.0877503714000e-04;     -91721
1.0879438649400e-04;     -91721
1.0881374801300e-04;     -92310
1.0883309729900e-04;     -92310
1.0885245861000e-04;     -89809
1.0887180786700e-04;     -89809
1.0889116897800e-04;     -90398
1.0891051838000e-04;     -90398
1.0892987966700e-04;     -90987
1.0894600301100e-04;     -90987
1.0896536443000e-04;     -88486
1.0898471354400e-04;     -88486
1.0900407492400e-04;     -89075
1.0902342433100e-04;     -89075
1.0904278570000e-04;     -81863
1.0906213492100e-04;     -81863
1.0908149603700e-04;     -87163
1.0910084530800e-04;     -87163
1.0912020648100e-04;     -87752
1.0913955572700e-04;     -87752
1.0915891700200e-04;     -85251
1.0917826635700e-04;     -85251
1.0919762764500e-04;     -85840
1.0921697689200e-04;     -85840
1.0923633823600e-04;     -86429
1.0925568738300e-04;     -86429
1.0927504874900e-04;     -83928
1.0929439799500e-04;     -83928
1.0931375920100e-04;     -84517
1.0933310851600e-04;     -84517
1.0935246982500e-04;     -89817
1.0937181900900e-04;     -89817
1.0939118025400e-04;     -82605
1.0941052940300e-04;     -82605
1.0942989051000e-04;     -83194
1.0944601389100e-04;     -83194
1.0946537533000e-04;     -80693
1.0948472452900e-04;     -80693
1.0950408572600e-04;     -81282
1.0952343503400e-04;     -81282
1.0954279626300e-04;     -81871
1.0956214558600e-04;     -81871
1.0958150678500e-04;     -79370
1.0960085608800e-04;     -79370
1.0962021721700e-04;     -79959
1.0963956635600e-04;     -79959
1.0965892779700e-04;     -77458
1.0967827704200e-04;     -77458
1.0969763824200e-04;     -78047
1.0971698738400e-04;     -78047
1.0973634886100e-04;     -78636
1.0975569819300e-04;     -78636
1.0977505922400e-04;     -76135
1.0979440841900e-04;     -76135
1.0981376960500e-04;     -76724
1.0983311894600e-04;     -76724
1.0985248020100e-04;     -82024
1.0987182937200e-04;     -82024
1.0989119061400e-04;     -74812
1.0991053980700e-04;     -74812
1.0992990093600e-04;     -75401
1.0994602432100e-04;     -75401
1.0996538552500e-04;     -72900
1.0998473483900e-04;     -72900
1.1000409602800e-04;     -73489
1.1002344532300e-04;     -73489
1.1004280649100e-04;     -74078
1.1006215559500e-04;     -74078
1.1008151706500e-04;     -71577
1.1010086628300e-04;     -71577
1.1012022760600e-04;     -72166
1.1013957688100e-04;     -72166
1.1015893797600e-04;     -77466
1.1017828722300e-04;     -77466
1.1019764846100e-04;     -70254
1.1021699748100e-04;     -70254
1.1023635858400e-04;     -70843
1.1025570771100e-04;     -70843
1.1027506887300e-04;     -68342
1.1029441813100e-04;     -68342
1.1031377933300e-04;     -68931
1.1033312865400e-04;     -68931
1.1035248998800e-04;     -74231
1.1037183903200e-04;     -74231
1.1039120030100e-04;     -74820
1.1041054944900e-04;     -74820
1.1042991069700e-04;     -67608
1.1044603390200e-04;     -67608
1.1046539521800e-04;     -65107
1.1048474438100e-04;     -65107
1.1050410557400e-04;     -65696
1.1052345496400e-04;     -65696
1.1054281610700e-04;     -66285
1.1056216539600e-04;     -66285
1.1058152666600e-04;     -71585
1.1060087589700e-04;     -71585
1.1062023712400e-04;     -64373
1.1063958622100e-04;     -64373
1.1065894753100e-04;     -69673
1.1067829675900e-04;     -69673
1.1069765796000e-04;     -62461
1.1071700716400e-04;     -62461
1.1073636821100e-04;     -63050
1.1075571735600e-04;     -63050
1.1077507852600e-04;     -68350
1.1079442776900e-04;     -68350
1.1081378895100e-04;     -61138
1.1083313827900e-04;     -61138
1.1085249938800e-04;     -61727
1.1087184846900e-04;     -61727
1.1089120959100e-04;     -67027
1.1091055888000e-04;     -67027
1.1092991998800e-04;     -67616
1.1094604326400e-04;     -67616
1.1096540447600e-04;     -65115
1.1098475364000e-04;     -65115
1.1100411498800e-04;     -57903
1.1102346407000e-04;     -57903
1.1104282533700e-04;     -58492
1.1106217443800e-04;     -58492
1.1108153571500e-04;     -63792
1.1110088470200e-04;     -63792
1.1112024586300e-04;     -64381
1.1113959508200e-04;     -64381
1.1115895637500e-04;     -61880
1.1117830550500e-04;     -61880
1.1119766656300e-04;     -62469
1.1121701588600e-04;     -62469
1.1123637689900e-04;     -63058
1.1125572606000e-04;     -63058
1.1127508719900e-04;     -60557
1.1129443643200e-04;     -60557
1.1131379751000e-04;     -61146
1.1133314679700e-04;     -61146
1.1135250798600e-04;     -53934
1.1137185701400e-04;     -53934
1.1139121826000e-04;     -59234
1.1141056744600e-04;     -59234
1.1142992872800e-04;     -59823
1.1144605194700e-04;     -59823
1.1146541323800e-04;     -57322
1.1148476231400e-04;     -57322
1.1150412331100e-04;     -57911
1.1152347245800e-04;     -57911
1.1154283362100e-04;     -58500
1.1156218279000e-04;     -58500
1.1158154403800e-04;     -55999
1.1160089319400e-04;     -55999
1.1162025425700e-04;     -56588
1.1163960351200e-04;     -56588
1.1165896462600e-04;     -61888
1.1167831368200e-04;     -61888
1.1169767478500e-04;     -54676
1.1171702397900e-04;     -54676
1.1173638518500e-04;     -55265
1.1175573421900e-04;     -55265
1.1177509531600e-04;     -52764
1.1179444433400e-04;     -52764
1.1181380552000e-04;     -53353
1.1183315469500e-04;     -53353
1.1185251568100e-04;     -53942
1.1187186474000e-04;     -53942
1.1189122585600e-04;     -51441
1.1191057513600e-04;     -51441
1.1192993622500e-04;     -52030
1.1194605954700e-04;     -52030
1.1196542077800e-04;     -49529
1.1198476996000e-04;     -49529
1.1200413102800e-04;     -50118
1.1202348011500e-04;     -50118
1.1204284129800e-04;     -50707
1.1206219030100e-04;     -50707
1.1208155161400e-04;     -48206
1.1210090077800e-04;     -48206
1.1212026178500e-04;     -48795
1.1213961078600e-04;     -48795
1.1215897194300e-04;     -54095
1.1217832094100e-04;     -54095
1.1219768190000e-04;     -54684
1.1221703094000e-04;     -54684
1.1223639195800e-04;     -47472
1.1225574096600e-04;     -47472
1.1227510215400e-04;     -52772
1.1229445138100e-04;     -52772
1.1231381241000e-04;     -45560
1.1233316157300e-04;     -45560
1.1235252279100e-04;     -46149
1.1237187192100e-04;     -46149
1.1239123289200e-04;     -51449
1.1241058201900e-04;     -51449
1.1242994313900e-04;     -44237
1.1244606635500e-04;     -44237
1.1246542752000e-04;     -49537
1.1248477649800e-04;     -49537
1.1250413752500e-04;     -50126
1.1252348661700e-04;     -50126
1.1254284770400e-04;     -42914
1.1256219673100e-04;     -42914
1.1258155779900e-04;     -48214
1.1260090687300e-04;     -48214
1.1262026792500e-04;     -48803
1.1263961706100e-04;     -48803
1.1265897827800e-04;     -41591
1.1267832750900e-04;     -41591
1.1269768848000e-04;     -46891
1.1271703762300e-04;     -46891
1.1273639881400e-04;     -47480
1.1275574772300e-04;     -47480
1.1277510885200e-04;     -44979
1.1279445778800e-04;     -44979
1.1281381886100e-04;     -45568
1.1283316775400e-04;     -45568
1.1285252886400e-04;     -38356
1.1287187797200e-04;     -38356
1.1289123891000e-04;     -43656
1.1291058791300e-04;     -43656
1.1292994903000e-04;     -44245
1.1294607232200e-04;     -44245
1.1296543341500e-04;     -49545
1.1298478248900e-04;     -49545
1.1300414364200e-04;     -42333
1.1302349266900e-04;     -42333
1.1304285380300e-04;     -42922
1.1306220279400e-04;     -42922
1.1308156388100e-04;     -48222
1.1310091300800e-04;     -48222
1.1312027422200e-04;     -41010
1.1313962311500e-04;     -41010
1.1315898422800e-04;     -41599
1.1317833334700e-04;     -41599
1.1319769454000e-04;     -46899
1.1321704365300e-04;     -46899
1.1323640464300e-04;     -39687
1.1325575361500e-04;     -39687
1.1327511475300e-04;     -37186
1.1329446383900e-04;     -37186
1.1331382482000e-04;     -37775
1.1333317383800e-04;     -37775
1.1335253496400e-04;     -38364
1.1337188401400e-04;     -38364
1.1339124519000e-04;     -35863
1.1341059433900e-04;     -35863
1.1342995527800e-04;     -44253
1.1344607852900e-04;     -44253
1.1346543956200e-04;     -41752
1.1348478848900e-04;     -41752
1.1350414957200e-04;     -42341
1.1352349865900e-04;     -42341
1.1354285970600e-04;     -35129
1.1356220884400e-04;     -35129
1.1358156995200e-04;     -40429
1.1360091892900e-04;     -40429
1.1362028004100e-04;     -41018
1.1363962897300e-04;     -41018
1.1365898988500e-04;     -33806
1.1367833910600e-04;     -33806
1.1369770013400e-04;     -39106
1.1371704898600e-04;     -39106
1.1373641008300e-04;     -39695
1.1375575910800e-04;     -39695
1.1377512016800e-04;     -37194
1.1379446928600e-04;     -37194
1.1381383036000e-04;     -37783
1.1383317954300e-04;     -37783
1.1385254053800e-04;     -38372
1.1387188942500e-04;     -38372
1.1389125034100e-04;     -35871
1.1391059950400e-04;     -35871
1.1392996043100e-04;     -36460
1.1394608360200e-04;     -36460
1.1396544458800e-04;     -41760
1.1398479366600e-04;     -41760
1.1400415475900e-04;     -34548
1.1402350382900e-04;     -34548
1.1404286496300e-04;     -35137
1.1406221380800e-04;     -35137
1.1408157489300e-04;     -32636
1.1410092397900e-04;     -32636
1.1412028497300e-04;     -33225
1.1413963412100e-04;     -33225
1.1415899515800e-04;     -33814
1.1417834406600e-04;     -33814
1.1419770512600e-04;     -39114
1.1421705399600e-04;     -39114
1.1423641504400e-04;     -31902
1.1425576389700e-04;     -31902
1.1427512486000e-04;     -37202
1.1429447391600e-04;     -37202
1.1431383498700e-04;     -37791
1.1433318411000e-04;     -37791
1.1435254515500e-04;     -30579
1.1437189414400e-04;     -30579
1.1439125500800e-04;     -35879
1.1441060400400e-04;     -35879
1.1442996501800e-04;     -36468
1.1444608820500e-04;     -36468
1.1446544916000e-04;     -33967
1.1448479830100e-04;     -33967
1.1450415935700e-04;     -34556
1.1452350834800e-04;     -34556
1.1454286929300e-04;     -35145
1.1456221841000e-04;     -35145
1.1458157939900e-04;     -32644
1.1460092860500e-04;     -32644
1.1462028953400e-04;     -33233
1.1463963848800e-04;     -33233
1.1465899967300e-04;     -26021
1.1467834877200e-04;     -26021
1.1469770977500e-04;     -31321
1.1471705874400e-04;     -31321
1.1473641973200e-04;     -31910
1.1475576866700e-04;     -31910
1.1477512971600e-04;     -29409
1.1479447891800e-04;     -29409
1.1481383985700e-04;     -29998
1.1483318890000e-04;     -29998
1.1485254994200e-04;     -30587
1.1487189892300e-04;     -30587
1.1489125989300e-04;     -28086
1.1491060876500e-04;     -28086
1.1492996980200e-04;     -28675
1.1494609284800e-04;     -28675
1.1496545382300e-04;     -33975
1.1498480268900e-04;     -33975
1.1500416370100e-04;     -34564
1.1502351278200e-04;     -34564
1.1504287370200e-04;     -27352
1.1506222278400e-04;     -27352
1.1508158374800e-04;     -32652
1.1510093268200e-04;     -32652
1.1512029362600e-04;     -25440
1.1513964262400e-04;     -25440
1.1515900368900e-04;     -26029
1.1517835260100e-04;     -26029
1.1519771350800e-04;     -31329
1.1521706243500e-04;     -31329
1.1523642346900e-04;     -31918
1.1525577242900e-04;     -31918
1.1527513340400e-04;     -29417
1.1529448254100e-04;     -29417
1.1531384343400e-04;     -30006
1.1533319233700e-04;     -30006
1.1535255328100e-04;     -30595
1.1537190226500e-04;     -30595
1.1539126325900e-04;     -28094
1.1541061249700e-04;     -28094
1.1542997329700e-04;     -28683
1.1544609647200e-04;     -28683
1.1546545749800e-04;     -21471
1.1548480634500e-04;     -21471
1.1550416732400e-04;     -26771
1.1552351642600e-04;     -26771
1.1554287737100e-04;     -27360
1.1556222636300e-04;     -27360
1.1558158738500e-04;     -24859
1.1560093645300e-04;     -24859
1.1562029759800e-04;     -25448
1.1563964665400e-04;     -25448
1.1565900777500e-04;     -26037
1.1567835660600e-04;     -26037
1.1569771755400e-04;     -31337
1.1571706653300e-04;     -31337
1.1573642760300e-04;     -24125
1.1575577652100e-04;     -24125
1.1577513747800e-04;     -29425
1.1579448632800e-04;     -29425
1.1581384737400e-04;     -22213
1.1583319635800e-04;     -22213
1.1585255736300e-04;     -22802
1.1587190631800e-04;     -22802
1.1589126741100e-04;     -28102
1.1591061650000e-04;     -28102
1.1592997737600e-04;     -28691
1.1594610042500e-04;     -28691
1.1596546134900e-04;     -21479
1.1598481035800e-04;     -21479
1.1600417144100e-04;     -26779
1.1602352036300e-04;     -26779
1.1604288115800e-04;     -27368
1.1606223023000e-04;     -27368
1.1608159119200e-04;     -24867
1.1610094003300e-04;     -24867
1.1612030099300e-04;     -25456
1.1613964987900e-04;     -25456
1.1615901085700e-04;     -26045
1.1617835968500e-04;     -26045
1.1619772069700e-04;     -23544
1.1621706983700e-04;     -23544
1.1623643089300e-04;     -24133
1.1625577999500e-04;     -24133
1.1627514108800e-04;     -29433
1.1629449000000e-04;     -29433
1.1631385105200e-04;     -22221
1.1633319983100e-04;     -22221
1.1635256080300e-04;     -22810
1.1637190967800e-04;     -22810
1.1639127072700e-04;     -28110
1.1641061964800e-04;     -28110
1.1642998060900e-04;     -20898
1.1644610363500e-04;     -20898
1.1646546457900e-04;     -21487
1.1648481354200e-04;     -21487
1.1650417443200e-04;     -26787
1.1652352332400e-04;     -26787
1.1654288437200e-04;     -27376
1.1656223344400e-04;     -27376
1.1658159447200e-04;     -24875
1.1660094343400e-04;     -24875
1.1662030436200e-04;     -17663
1.1663965333700e-04;     -17663
1.1665901438900e-04;     -18252
1.1667836325300e-04;     -18252
1.1669772424100e-04;     -23552
1.1671707310700e-04;     -23552
1.1673643406200e-04;     -24141
1.1675578307900e-04;     -24141
1.1677514412300e-04;     -21640
1.1679449318300e-04;     -21640
1.1681385416800e-04;     -22229
1.1683320308100e-04;     -22229
1.1685256399900e-04;     -22818
1.1687191293300e-04;     -22818
1.1689127409100e-04;     -20317
1.1691062296800e-04;     -20317
1.1692998405200e-04;     -20906
1.1694610719300e-04;     -20906
1.1696546813500e-04;     -21495
1.1698481713900e-04;     -21495
1.1700417808100e-04;     -18994
1.1702352710800e-04;     -18994
1.1704288803200e-04;     -19583
1.1706223686200e-04;     -19583
1.1708159783000e-04;     -17082
1.1710094690600e-04;     -17082
1.1712030783200e-04;     -17671
1.1713965667000e-04;     -17671
1.1715901755700e-04;     -18260
1.1717836654700e-04;     -18260
1.1719772744100e-04;     -23560
1.1721707628700e-04;     -23560
1.1723643719700e-04;     -24149
1.1725578611400e-04;     -24149
1.1727514687300e-04;     -21648
1.1729449588000e-04;     -21648
1.1731385672800e-04;     -22237
1.1733320587400e-04;     -22237
1.1735256673500e-04;     -15025
1.1737191566200e-04;     -15025
1.1739127668200e-04;     -20325
1.1741062563400e-04;     -20325
1.1742998647400e-04;     -20914
1.1744610962700e-04;     -20914
1.1746547067900e-04;     -21503
1.1748481960000e-04;     -21503
1.1750418049700e-04;     -19002
1.1752352939900e-04;     -19002
1.1754289046900e-04;     -19591
1.1756223960800e-04;     -19591
1.1758160065600e-04;     -17090
1.1760094951000e-04;     -17090
1.1762031034300e-04;     -17679
1.1763965937300e-04;     -17679
1.1765902035200e-04;     -18268
1.1767836918700e-04;     -18268
1.1769772996500e-04;     -15767
1.1771707907900e-04;     -15767
1.1773644004700e-04;     -16356
1.1775578909300e-04;     -16356
1.1777515003600e-04;     -21656
1.1779449894400e-04;     -21656
1.1781385982800e-04;     -22245
1.1783320862800e-04;     -22245
1.1785256974800e-04;     -15033
1.1787191867700e-04;     -15033
1.1789127961900e-04;     -20333
1.1791062850000e-04;     -20333
1.1792998937700e-04;     -20922
1.1794611250300e-04;     -20922
1.1796547343800e-04;     -13710
1.1798482237300e-04;     -13710
1.1800418336100e-04;     -19010
1.1802353226200e-04;     -19010
1.1804289324500e-04;     -19599
1.1806224220900e-04;     -19599
1.1808160310600e-04;     -17098
1.1810095213800e-04;     -17098
1.1812031315100e-04;     -17687
1.1813966203200e-04;     -17687
1.1815902285800e-04;     -18276
1.1817837170600e-04;     -18276
1.1819773259100e-04;     -15775
1.1821708174400e-04;     -15775
1.1823644277900e-04;     -16364
1.1825579189000e-04;     -16364
1.1827515274000e-04;     -21664
1.1829450175100e-04;     -21664
1.1831386261900e-04;     -14452
1.1833321148400e-04;     -14452
1.1835257239600e-04;     -15041
1.1837192149700e-04;     -15041
1.1839128247100e-04;     -20341
1.1841063127900e-04;     -20341
1.1842999213700e-04;     -13129
1.1844611511600e-04;     -13129
1.1846547606100e-04;     -13718
1.1848482508500e-04;     -13718
1.1850418593400e-04;     -19018
1.1852353498900e-04;     -19018
1.1854289588700e-04;     -11806
1.1856224467500e-04;     -11806
1.1858160564600e-04;     -17106
1.1860095451900e-04;     -17106
1.1862031551000e-04;     -17695
1.1863966466900e-04;     -17695
1.1865902551800e-04;     -10483
1.1867837453200e-04;     -10483
1.1869773555000e-04;     -15783
1.1871708449500e-04;     -15783
1.1873644524600e-04;     -16372
1.1875579423100e-04;     -16372
1.1877515536500e-04;     -21672
1.1879450423000e-04;     -21672
1.1881386529000e-04;     -14460
1.1883321410600e-04;     -14460
1.1885257493300e-04;     -15049
1.1887192381700e-04;     -15049
1.1889128485200e-04;     -12548
1.1891063382600e-04;     -12548
1.1892999484700e-04;     -13137
1.1894611795100e-04;     -13137
1.1896547891700e-04;     -13726
1.1898482785000e-04;     -13726
1.1900418853300e-04;     -11225
1.1902353762800e-04;     -11225
1.1904289851800e-04;     -11814
1.1906224755300e-04;     -11814
1.1908160843500e-04;     -17114
1.1910095722700e-04;     -17114
1.1912031809900e-04;      -9902
1.1913966716100e-04;      -9902
1.1915902796300e-04;     -10491
1.1917837696800e-04;     -10491
1.1919773791400e-04;     -15791
1.1921708678000e-04;     -15791
1.1923644763100e-04;      -8579
1.1925579644100e-04;      -8579
1.1927515730800e-04;     -13879
1.1929450615700e-04;     -13879
1.1931386701400e-04;     -14468
1.1933321592500e-04;     -14468
1.1935257673200e-04;     -15057
1.1937192568000e-04;     -15057
1.1939128654600e-04;     -12556
1.1941063537300e-04;     -12556
1.1942999624300e-04;     -13145
1.1944611924900e-04;     -13145
1.1946548023800e-04;     -13734
1.1948482913700e-04;     -13734
1.1950419016200e-04;     -11233
1.1952353913400e-04;     -11233
1.1954290013100e-04;     -11822
1.1956224900700e-04;     -11822
1.1958160987800e-04;     -17122
1.1960095888900e-04;     -17122
1.1962031976200e-04;      -9910
1.1963966879500e-04;      -9910
1.1965902976300e-04;     -10499
1.1967837880100e-04;     -10499
1.1969773975500e-04;      -7998
1.1971708862400e-04;      -7998
1.1973644961100e-04;      -8587
1.1975579857000e-04;      -8587
1.1977515927900e-04;     -13887
1.1979450818300e-04;     -13887
1.1981386917100e-04;     -14476
1.1983321800300e-04;     -14476
1.1985257903500e-04;     -15065
1.1987192788500e-04;     -15065
1.1989128892200e-04;     -12564
1.1991063814000e-04;     -12564
1.1992999904900e-04;     -13153
1.1994612216900e-04;     -13153
1.1996548322800e-04;      -5941
1.1998483207000e-04;      -5941
1.2000419306400e-04;     -11241
1.2002354198700e-04;     -11241
1.2004290291100e-04;     -11830
1.2006225189000e-04;     -11830
1.2008161278800e-04;      -9329
1.2010096189500e-04;      -9329
1.2012032265600e-04;      -9918
1.2013967155700e-04;      -9918
1.2015903247800e-04;     -10507
1.2017838148700e-04;     -10507
1.2019774234600e-04;      -8006
1.2021709127600e-04;      -8006
1.2023645222300e-04;      -8595
1.2025580110700e-04;      -8595
1.2027516219000e-04;     -13895
1.2029451099700e-04;     -13895
1.2031387211900e-04;     -14484
1.2033322104100e-04;     -14484
1.2035258190700e-04;      -7272
1.2037193091700e-04;      -7272
1.2039129178800e-04;     -12572
1.2041064059700e-04;     -12572
1.2043000158100e-04;     -13161
1.2044612468100e-04;     -13161
1.2046548556200e-04;      -5949
1.2048483446400e-04;      -5949
1.2050419549400e-04;     -11249
1.2052354447000e-04;     -11249
1.2054290546000e-04;     -11838
1.2056225434900e-04;     -11838
1.2058161518500e-04;      -9337
1.2060096407600e-04;      -9337
1.2062032501000e-04;      -9926
1.2063967402800e-04;      -9926
1.2065903523100e-04;     -10515
1.2067838409400e-04;     -10515
1.2069774491900e-04;      -8014
1.2071709369900e-04;      -8014
1.2073645465400e-04;      -8603
1.2075580360500e-04;      -8603
1.2077516445000e-04;     -13903
1.2079451333700e-04;     -13903
1.2081387444100e-04;      -6691
1.2083322337400e-04;      -6691
1.2085258435800e-04;      -7280
1.2087193322300e-04;      -7280
1.2089129418100e-04;     -12580
1.2091064308500e-04;     -12580
1.2093000408000e-04;      -5368
1.2094612713700e-04;      -5368
1.2096548813200e-04;      -5957
1.2098483713200e-04;      -5957
1.2100419800100e-04;     -11257
1.2102354698100e-04;     -11257
1.2104290793000e-04;     -11846
1.2106225678400e-04;     -11846
1.2108161777600e-04;      -9345
1.2110096681900e-04;      -9345
1.2112032758300e-04;      -9934
1.2113967633100e-04;      -9934
1.2115903747500e-04;     -10523
1.2117838647200e-04;     -10523
1.2119774714400e-04;      -8022
1.2121709620100e-04;      -8022
1.2123645710100e-04;      -8611
1.2125580600500e-04;      -8611
1.2127516710200e-04;      -1399
1.2129451595400e-04;      -1399
1.2131387687600e-04;      -6699
1.2133322587500e-04;      -6699
1.2135258672800e-04;      -7288
1.2137193573700e-04;      -7288
1.2139129645800e-04;      -4787
1.2141064543200e-04;      -4787
1.2143000630200e-04;      -5376
1.2144612944600e-04;      -5376
1.2146549033400e-04;      -5965
1.2148483921100e-04;      -5965
1.2150420011700e-04;     -11265
1.2152354909900e-04;     -11265
1.2154291010200e-04;      -4053
1.2156225892600e-04;      -4053
1.2158161975400e-04;      -9353
1.2160096856800e-04;      -9353
1.2162032960300e-04;      -9942
1.2163967851600e-04;      -9942
1.2165903942200e-04;      -2730
1.2167838821800e-04;      -2730
1.2169774910400e-04;      -8030
1.2171709812600e-04;      -8030
1.2173645909100e-04;       -818
1.2175580789100e-04;       -818
1.2177516874600e-04;      -1407
1.2179451767600e-04;      -1407
1.2181387851400e-04;      -6707
1.2183322732800e-04;      -6707
1.2185258828900e-04;      -7296
1.2187193709600e-04;      -7296
1.2189129795900e-04;      -4795
1.2191064688500e-04;      -4795
1.2193000782000e-04;      -5384
1.2194613087600e-04;      -5384
1.2196549180500e-04;      -5973
1.2198484069900e-04;      -5973
1.2200420157900e-04;      -3472
1.2202355042400e-04;      -3472
1.2204291122400e-04;      -4061
1.2206225992100e-04;      -4061
1.2208162083800e-04;      -9361
1.2210096964200e-04;      -9361
1.2212033041900e-04;      -9950
1.2213967948800e-04;      -9950
1.2215904034400e-04;      -2738
1.2217838917400e-04;      -2738
1.2219775025200e-04;      -8038
1.2221709895300e-04;      -8038
1.2223645979400e-04;      -8627
1.2225580871000e-04;      -8627
1.2227516958800e-04;      -1415
1.2229451859300e-04;      -1415
1.2231387949700e-04;      -6715
1.2233322841300e-04;      -6715
1.2235258917100e-04;      -7304
1.2237193803900e-04;      -7304
1.2239129907200e-04;      -4803
1.2241064787100e-04;      -4803
1.2243000867200e-04;      -5392
1.2244613179300e-04;      -5392
1.2246549264300e-04;      -5981
1.2248484144700e-04;      -5981
1.2250420224600e-04;      -3480
1.2252355110600e-04;      -3480
1.2254291203400e-04;      -4069
1.2256226094800e-04;      -4069
1.2258162190800e-04;      -9369
1.2260097075000e-04;      -9369
1.2262033170800e-04;      -2157
1.2263968068100e-04;      -2157
1.2265904150600e-04;      -2746
1.2267839039300e-04;      -2746
1.2269775141300e-04;      -8046
1.2271710032500e-04;      -8046
1.2273646113100e-04;       -834
1.2275581001700e-04;       -834
1.2277517092800e-04;      -1423
1.2279451977400e-04;      -1423
1.2281388080800e-04;      -6723
1.2283322973800e-04;      -6723
1.2285259047400e-04;      -7312
1.2287193931100e-04;      -7312
1.2289130027200e-04;      -4811
1.2291064900100e-04;      -4811
1.2293000995400e-04;      -5400
1.2294613296200e-04;      -5400
1.2296549399900e-04;       1812
1.2298484276300e-04;       1812
1.2300420353500e-04;      -3488
1.2302355245600e-04;      -3488
1.2304291343900e-04;      -4077
1.2306226229700e-04;      -4077
1.2308162319200e-04;      -9377
1.2310097219500e-04;      -9377
1.2312033306900e-04;      -2165
1.2313968198800e-04;      -2165
1.2315904286800e-04;      -2754
1.2317839164300e-04;      -2754
1.2319775244800e-04;      -8054
1.2321710134500e-04;      -8054
1.2323646216300e-04;       -842
1.2325581114500e-04;       -842
1.2327517203600e-04;      -1431
1.2329452073400e-04;      -1431
1.2331388170300e-04;      -6731
1.2333323056600e-04;      -6731
1.2335259144700e-04;      -7320
1.2337194031700e-04;      -7320
1.2339130109000e-04;      -4819
1.2341064994200e-04;      -4819
1.2343001080700e-04;      -5408
1.2344613394300e-04;      -5408
1.2346549490700e-04;      -5997
1.2348484367600e-04;      -5997
1.2350420461500e-04;      -3496
1.2352355345700e-04;      -3496
1.2354291434900e-04;      -4085
1.2356226337300e-04;      -4085
1.2358162428500e-04;      -9385
1.2360097318200e-04;      -9385
1.2362033401100e-04;      -2173
1.2363968283300e-04;      -2173
1.2365904388500e-04;      -2762
1.2367839270900e-04;      -2762
1.2369775360100e-04;       -261
1.2371710259400e-04;       -261
1.2373646350000e-04;       -850
1.2375581246700e-04;       -850
1.2377517331700e-04;      -1439
1.2379452215500e-04;      -1439
1.2381388299700e-04;      -6739
1.2383323195900e-04;      -6739
1.2385259271400e-04;      -7328
1.2387194166900e-04;      -7328
1.2389130264500e-04;      -4827
1.2391065147300e-04;      -4827
1.2393001230500e-04;      -5416
1.2394613541500e-04;      -5416
1.2396549628800e-04;       1796
1.2398484517200e-04;       1796
1.2400420600400e-04;      -3504
1.2402355493900e-04;      -3504
1.2404291586300e-04;      -4093
1.2406226477000e-04;      -4093
1.2408162565900e-04;      -1592
1.2410097448400e-04;      -1592
1.2412033542600e-04;      -2181
1.2413968416400e-04;      -2181
1.2415904503400e-04;      -2770
1.2417839397200e-04;      -2770
1.2419775474100e-04;       -269
1.2421710361000e-04;       -269
1.2423646450200e-04;       -858
1.2425581337600e-04;       -858
1.2427517415600e-04;      -1447
1.2429452314100e-04;      -1447
1.2431388385400e-04;      -6747
1.2433323260100e-04;      -6747
1.2435259348300e-04;        465
1.2437194222200e-04;        465
1.2439130300000e-04;      -4835
1.2441065168800e-04;      -4835
1.2443001253000e-04;       2377
1.2444613545400e-04;       2377
1.2446549665500e-04;       1788
1.2448484529700e-04;       1788
1.2450420610200e-04;      -3512
1.2452355492300e-04;      -3512
1.2454291576200e-04;      -4101
1.2456226456700e-04;      -4101
1.2458162558500e-04;      -1600
1.2460097448500e-04;      -1600
1.2462033513700e-04;      -2189
1.2463968399600e-04;      -2189
1.2465904468200e-04;      -2778
1.2467839360900e-04;      -2778
1.2469775434700e-04;      -8078
1.2471710314900e-04;      -8078
1.2473646412600e-04;       -866
1.2475581297400e-04;       -866
1.2477517395600e-04;      -1455
1.2479452275400e-04;      -1455
1.2481388355800e-04;      -6755
1.2483323252800e-04;      -6755
1.2485259346700e-04;      -7344
1.2487194229600e-04;      -7344
1.2489130327400e-04;      -4843
1.2491065207900e-04;      -4843
1.2493001297500e-04;       2369
1.2494613592600e-04;       2369
1.2496549667200e-04;       1780
1.2498484555200e-04;       1780
1.2500420644100e-04;      -3520
1.2502355528400e-04;      -3520
1.2504291604900e-04;      -4109
1.2506226487900e-04;      -4109
1.2508162569100e-04;      -9409
1.2510097460700e-04;      -9409
1.2512033561700e-04;      -2197
1.2513968444300e-04;      -2197
1.2515904529000e-04;      -2786
1.2517839410200e-04;      -2786
1.2519775500700e-04;       -285
1.2521710394900e-04;       -285
1.2523646474000e-04;       -874
1.2525581365300e-04;       -874
1.2527517453100e-04;      -1463
1.2529452347000e-04;      -1463
1.2531388436000e-04;      -6763
1.2533323326100e-04;      -6763
1.2535259408600e-04;        449
1.2537194309300e-04;        449
1.2539130387400e-04;      -4851
1.2541065277000e-04;      -4851
1.2543001369200e-04;       2361
1.2544613665200e-04;       2361
1.2546549756300e-04;       1772
1.2548484639500e-04;       1772
1.2550420735900e-04;      -3528
1.2552355629700e-04;      -3528
1.2554291713600e-04;      -4117
1.2556226586500e-04;      -4117
1.2558162665900e-04;      -1616
1.2560097557700e-04;      -1616
1.2562033632200e-04;      -2205
1.2563968517400e-04;      -2205
1.2565904604000e-04;      -2794
1.2567839492800e-04;      -2794
1.2569775575300e-04;       -293
1.2571710462000e-04;       -293
1.2573646546400e-04;       -882
1.2575581448800e-04;       -882
1.2577517509900e-04;      -1471
1.2579452390000e-04;      -1471
1.2581388484700e-04;       1030
1.2583323381400e-04;       1030
1.2585259472700e-04;        441
1.2587194359100e-04;        441
1.2589130447000e-04;       2942
1.2591065329000e-04;       2942
1.2593001414800e-04;       2353
1.2594613732100e-04;       2353
1.2596549822000e-04;       1764
1.2598484697900e-04;       1764
1.2600420787000e-04;      -3536
1.2602355668900e-04;      -3536
1.2604291746300e-04;      -4125
1.2606226624700e-04;      -4125
1.2608162702500e-04;      -1624
1.2610097588600e-04;      -1624
1.2612033660400e-04;      -2213
1.2613968558200e-04;      -2213
1.2615904632400e-04;      -2802
1.2617839530500e-04;      -2802
1.2619775615900e-04;       -301
1.2621710495400e-04;       -301
1.2623646569800e-04;       -890
1.2625581454400e-04;       -890
1.2627517538800e-04;      -1479
1.2629452429000e-04;      -1479
1.2631388517700e-04;      -6779
1.2633323406300e-04;      -6779
1.2635259487500e-04;        433
1.2637194374100e-04;        433
1.2639130450500e-04;      -4867
1.2641065359100e-04;      -4867
1.2643001430200e-04;       2345
1.2644613723900e-04;       2345
1.2646549819100e-04;       1756
1.2648484699000e-04;       1756
1.2650420790600e-04;      -3544
1.2652355687000e-04;      -3544
1.2654291770800e-04;      -4133
1.2656226653500e-04;      -4133
1.2658162756500e-04;      -1632
1.2660097659300e-04;      -1632
1.2662033741300e-04;      -2221
1.2663968609500e-04;      -2221
1.2665904698000e-04;      -2810
1.2667839606900e-04;      -2810
1.2669775696500e-04;       -309
1.2671710579100e-04;       -309
1.2673646666400e-04;       -898
1.2675581559000e-04;       -898
1.2677517638600e-04;      -1487
1.2679452541700e-04;      -1487
1.2681388620200e-04;       1014
1.2683323507800e-04;       1014
1.2685259590000e-04;        425
1.2687194474100e-04;        425
1.2689130564300e-04;       2926
1.2691065444500e-04;       2926
1.2693001556100e-04;       2337
1.2694613850000e-04;       2337
1.2696549941300e-04;       1748
1.2698484830900e-04;       1748
1.2700420918800e-04;      -3552
1.2702355793800e-04;      -3552
1.2704291885100e-04;      -4141
1.2706226772400e-04;      -4141
1.2708162862500e-04;      -1640
1.2710097740200e-04;      -1640
1.2712033822800e-04;      -2229
1.2713968716800e-04;      -2229
1.2715904806000e-04;      -2818
1.2717839695700e-04;      -2818
1.2719775781500e-04;       -317
1.2721710659100e-04;       -317
1.2723646735500e-04;       -906
1.2725581632000e-04;       -906
1.2727517728000e-04;       6306
1.2729452602300e-04;       6306
1.2731388667400e-04;       1006
1.2733323553800e-04;       1006
1.2735259637600e-04;        417
1.2737194527900e-04;        417
1.2739130612400e-04;       2918
1.2741065486200e-04;       2918
1.2743001576000e-04;       2329
1.2744613865500e-04;       2329
1.2746549951400e-04;       1740
1.2748484830600e-04;       1740
1.2750420904200e-04;       4241
1.2752355791400e-04;       4241
1.2754291889900e-04;      -4149
1.2756226774100e-04;      -4149
1.2758162855100e-04;      -1648
1.2760097745400e-04;      -1648
1.2762033831500e-04;      -2237
1.2763968732900e-04;      -2237
1.2765904815700e-04;      -2826
1.2767839697200e-04;      -2826
1.2769775766800e-04;       -325
1.2771710645400e-04;       -325
1.2773646743700e-04;       -914
1.2775581632900e-04;       -914
1.2777517720200e-04;      -1503
1.2779452604500e-04;      -1503
1.2781388690300e-04;        998
1.2783323578900e-04;        998
1.2785259664000e-04;        409
1.2787194548200e-04;        409
1.2789130618500e-04;       2910
1.2791065499100e-04;       2910
1.2793001585700e-04;       2321
1.2794613893700e-04;       2321
1.2796549997000e-04;       1732
1.2798484885300e-04;       1732
1.2800420971000e-04;       4233
1.2802355852500e-04;       4233
1.2804291947000e-04;      -4157
1.2806226820100e-04;      -4157
1.2808162907400e-04;      -1656
1.2810097789800e-04;      -1656
1.2812033868300e-04;      -2245
1.2813968748400e-04;      -2245
1.2815904823100e-04;      -2834
1.2817839715500e-04;      -2834
1.2819775818100e-04;       -333
1.2821710695000e-04;       -333
1.2823646775600e-04;       -922
1.2825581650900e-04;       -922
1.2827517739500e-04;      -1511
1.2829452629100e-04;      -1511
1.2831388708000e-04;        990
1.2833323594500e-04;        990
1.2835259661900e-04;        401
1.2837194545700e-04;        401
1.2839130642700e-04;      -4899
1.2841065522700e-04;      -4899
1.2843001617300e-04;       2313
1.2844613917500e-04;       2313
1.2846549995700e-04;       1724
1.2848484875900e-04;       1724
1.2850420961100e-04;      -3576
1.2852355860100e-04;      -3576
1.2854291947100e-04;      -4165
1.2856226838700e-04;      -4165
1.2858162937900e-04;      -1664
1.2860097821900e-04;      -1664
1.2862033906700e-04;      -2253
1.2863968792800e-04;      -2253
1.2865904890000e-04;       4959
1.2867839775500e-04;       4959
1.2869775868200e-04;       -341
1.2871710757600e-04;       -341
1.2873646833000e-04;       -930
1.2875581728600e-04;       -930
1.2877517815900e-04;      -1519
1.2879452704700e-04;      -1519
1.2881388790900e-04;        982
1.2883323676000e-04;        982
1.2885259758400e-04;        393
1.2887194648200e-04;        393
1.2889130747000e-04;       2894
1.2891065632200e-04;       2894
1.2893001723300e-04;       2305
1.2894614025100e-04;       2305
1.2896550115300e-04;       1716
1.2898485009900e-04;       1716
1.2900421092000e-04;       4217
1.2902355983200e-04;       4217
1.2904292073300e-04;       3628
1.2906226947100e-04;       3628
1.2908163040600e-04;      -1672
1.2910097921300e-04;      -1672
1.2912034000600e-04;      -2261
1.2913968890300e-04;      -2261
1.2915904965700e-04;      -2850
1.2917839859300e-04;      -2850
1.2919775934200e-04;       -349
1.2921710833700e-04;       -349
1.2923646911700e-04;       -938
1.2925581794900e-04;       -938
1.2927517862600e-04;       6274
1.2929452764300e-04;       6274
1.2931388837000e-04;        974
1.2933323719500e-04;        974
1.2935259814700e-04;        385
1.2937194694600e-04;        385
1.2939130778000e-04;       2886
1.2941065654900e-04;       2886
1.2943001745500e-04;       2297
1.2944614046300e-04;       2297
1.2946550108400e-04;       1708
1.2948485009900e-04;       1708
1.2950421102800e-04;       4209
1.2952355984800e-04;       4209
1.2954292074300e-04;      -4181
1.2956226937300e-04;      -4181
1.2958163024600e-04;      -1680
1.2960097916600e-04;      -1680
1.2962034001000e-04;      -2269
1.2963968888300e-04;      -2269
1.2965904968300e-04;       4943
1.2967839862800e-04;       4943
1.2969775957900e-04;       -357
1.2971710840900e-04;       -357
1.2973646936100e-04;       -946
1.2975581807700e-04;       -946
1.2977517886800e-04;       6266
1.2979452782100e-04;       6266
1.2981388859600e-04;        966
1.2983323746600e-04;        966
1.2985259824000e-04;        377
1.2987194706900e-04;        377
1.2989130798500e-04;       2878
1.2991065669500e-04;       2878
1.2993001766300e-04;       2289
1.2994614058800e-04;       2289
1.2996550154500e-04;       1700
1.2998485032100e-04;       1700
1.3000421100600e-04;       4201
1.3002355973700e-04;       4201
1.3004292061600e-04;       3612
1.3006226946600e-04;       3612
1.3008163025200e-04;      -1688
1.3010097911900e-04;      -1688
1.3012033999100e-04;      -2277
1.3013968888200e-04;      -2277
1.3015904965900e-04;      -2866
1.3017839856700e-04;      -2866
1.3019775929500e-04;       -365
1.3021710812500e-04;       -365
1.3023646893400e-04;       -954
1.3025581787800e-04;       -954
1.3027517873400e-04;       6258
1.3029452774100e-04;       6258
1.3031388875900e-04;        958
1.3033323762000e-04;        958
1.3035259846900e-04;        369
1.3037194736400e-04;        369
1.3039130835400e-04;       2870
1.3041065722800e-04;       2870
1.3043001822200e-04;       2281
1.3044614107900e-04;       2281
1.3046550205000e-04;       1692
1.3048485098500e-04;       1692
1.3050421195000e-04;       4193
1.3052356084800e-04;       4193
1.3054292155400e-04;      -4197
1.3056227047500e-04;      -4197
1.3058163123700e-04;      -1696
1.3060098019700e-04;      -1696
1.3062034100800e-04;      -2285
1.3063968989500e-04;      -2285
1.3065905085500e-04;       4927
1.3067839962500e-04;       4927
1.3069776043600e-04;       -373
1.3071710933200e-04;       -373
1.3073647010600e-04;       -962
1.3075581893500e-04;       -962
1.3077517968300e-04;       6250
1.3079452857000e-04;       6250
1.3081388922500e-04;        950
1.3083323813100e-04;        950
1.3085259907700e-04;        361
1.3087194789600e-04;        361
1.3089130879900e-04;       2862
1.3091065763000e-04;       2862
1.3093001861000e-04;       2273
1.3094614161200e-04;       2273
1.3096550252100e-04;       1684
1.3098485148600e-04;       1684
1.3100421226600e-04;       4185
1.3102356110200e-04;       4185
1.3104292217700e-04;       3596
1.3106227086100e-04;       3596
1.3108163176300e-04;      -1704
1.3110098050700e-04;      -1704
1.3112034127200e-04;      -2293
1.3113969021600e-04;      -2293
1.3115905112600e-04;       4919
1.3117839997000e-04;       4919
1.3119776077500e-04;       -381
1.3121710984000e-04;       -381
1.3123647054300e-04;       -970
1.3125581945500e-04;       -970
1.3127518024300e-04;       6242
1.3129452914800e-04;       6242
1.3131388999500e-04;        942
1.3133323899200e-04;        942
1.3135259976000e-04;        353
1.3137194866000e-04;        353
1.3139130956000e-04;       2854
1.3141065836600e-04;       2854
1.3143001906100e-04;       2265
1.3144614203000e-04;       2265
1.3146550294500e-04;       1676
1.3148485194300e-04;       1676
1.3150421261900e-04;       4177
1.3152356149200e-04;       4177
1.3154292233800e-04;       3588
1.3156227123200e-04;       3588
1.3158163214000e-04;      -1712
1.3160098083600e-04;      -1712
1.3162034171600e-04;      -2301
1.3163969050100e-04;      -2301
1.3165905143200e-04;       4911
1.3167840014100e-04;       4911
1.3169776118200e-04;       -389
1.3171710987000e-04;       -389
1.3173647081600e-04;       6823
1.3175581957800e-04;       6823
1.3177518030000e-04;       6234
1.3179452888700e-04;       6234
1.3181388992900e-04;        934
1.3183323880600e-04;        934
1.3185259948300e-04;        345
1.3187194830800e-04;        345
1.3189130901200e-04;       2846
1.3191065790000e-04;       2846
1.3193001879300e-04;       2257
1.3194614180100e-04;       2257
1.3196550256300e-04;       1668
1.3198485130100e-04;       1668
1.3200421217600e-04;       4169
1.3202356098900e-04;       4169
1.3204292158400e-04;       3580
1.3206227042200e-04;       3580
1.3208163138800e-04;      -1720
1.3210098013500e-04;      -1720
1.3212034095100e-04;      -2309
1.3213968991700e-04;      -2309
1.3215905065900e-04;       4903
1.3217839951300e-04;       4903
1.3219776024100e-04;       -397
1.3221710909100e-04;       -397
1.3223647001800e-04;       -986
1.3225581893700e-04;       -986
1.3227517982900e-04;       6226
1.3229452853800e-04;       6226
1.3231388913400e-04;        926
1.3233323785600e-04;        926
1.3235259890400e-04;        337
1.3237194758500e-04;        337
1.3239130854900e-04;       2838
1.3241065731400e-04;       2838
1.3243001818700e-04;       2249
1.3244614131800e-04;       2249
1.3246550222600e-04;       1660
1.3248485120700e-04;       1660
1.3250421201000e-04;       4161
1.3252356100500e-04;       4161
1.3254292192400e-04;       3572
1.3256227068300e-04;       3572
1.3258163165400e-04;      -1728
1.3260098046100e-04;      -1728
1.3262034128000e-04;      -2317
1.3263969009900e-04;      -2317
1.3265905092400e-04;       4895
1.3267839971100e-04;       4895
1.3269776041900e-04;       -405
1.3271710932600e-04;       -405
1.3273647010900e-04;       -994
1.3275581894800e-04;       -994
1.3277517966100e-04;       6218
1.3279452852700e-04;       6218
1.3281388940600e-04;        918
1.3283323839400e-04;        918
1.3285259903600e-04;        329
1.3287194799800e-04;        329
1.3289130888900e-04;       2830
1.3291065767100e-04;       2830
1.3293001844100e-04;       2241
1.3294614147500e-04;       2241
1.3296550229900e-04;       1652
1.3298485115600e-04;       1652
1.3300421190300e-04;       4153
1.3302356084800e-04;       4153
1.3304292169700e-04;       3564
1.3306227060400e-04;       3564
1.3308163149900e-04;      -1736
1.3310098036700e-04;      -1736
1.3312034121700e-04;      -2325
1.3313968996900e-04;      -2325
1.3315905071500e-04;       4887
1.3317839966200e-04;       4887
1.3319776041600e-04;       -413
1.3321710921900e-04;       -413
1.3323646993700e-04;      -1002
1.3325581872100e-04;      -1002
1.3327517950400e-04;       6210
1.3329452831000e-04;       6210
1.3331388944500e-04;        910
1.3333323835300e-04;        910
1.3335259905500e-04;        321
1.3337194790700e-04;        321
1.3339130873000e-04;       2822
1.3341065754100e-04;       2822
1.3343001835000e-04;       2233
1.3344614131000e-04;       2233
1.3346550215900e-04;       1644
1.3348485095400e-04;       1644
1.3350421173700e-04;       4145
1.3352356062200e-04;       4145
1.3354292144200e-04;      -4245
1.3356227030000e-04;      -4245
1.3358163116200e-04;      -1744
1.3360098010000e-04;      -1744
1.3362034072400e-04;      -2333
1.3363968955500e-04;      -2333
1.3365905031800e-04;       4879
1.3367839933200e-04;       4879
1.3369776019800e-04;       -421
1.3371710907500e-04;       -421
1.3373646999600e-04;      -1010
1.3375581890200e-04;      -1010
1.3377517967200e-04;       6202
1.3379452840100e-04;       6202
1.3381388922000e-04;        902
1.3383323793400e-04;        902
1.3385259878700e-04;        313
1.3387194764300e-04;        313
1.3389130855900e-04;       2814
1.3391065743000e-04;       2814
1.3393001830000e-04;       2225
1.3394614143500e-04;       2225
1.3396550222200e-04;       1636
1.3398485103500e-04;       1636
1.3400421184800e-04;       4137
1.3402356069400e-04;       4137
1.3404292163500e-04;       3548
1.3406227050300e-04;       3548
1.3408163142100e-04;      -1752
1.3410098013300e-04;      -1752
1.3412034106400e-04;      -2341
1.3413968991400e-04;      -2341
1.3415905063100e-04;       4871
1.3417839950100e-04;       4871
1.3419776025600e-04;       -429
1.3421710924100e-04;       -429
1.3423647006600e-04;      -1018
1.3425581885600e-04;      -1018
1.3427517965700e-04;       6194
1.3429452847600e-04;       6194
1.3431388934100e-04;        894
1.3433323812500e-04;        894
1.3435259912000e-04;        305
1.3437194788400e-04;        305
1.3439130870100e-04;       2806
1.3441065761700e-04;       2806
1.3443001857700e-04;       2217
1.3444614164700e-04;       2217
1.3446550237500e-04;       1628
1.3448485130800e-04;       1628
1.3450421211800e-04;       4129
1.3452356087800e-04;       4129
1.3454292190800e-04;       3540
1.3456227073800e-04;       3540
1.3458163166000e-04;      -1760
1.3460098063400e-04;      -1760
1.3462034145100e-04;      -2349
1.3463969021200e-04;      -2349
1.3465905124200e-04;       4863
1.3467839998200e-04;       4863
1.3469776095500e-04;       -437
1.3471710985700e-04;       -437
1.3473647070500e-04;       6775
1.3475581950900e-04;       6775
1.3477518046000e-04;       6186
1.3479452931600e-04;       6186
1.3481389005600e-04;        886
1.3483323897100e-04;        886
1.3485259980200e-04;        297
1.3487194865900e-04;        297
1.3489130935600e-04;       2798
1.3491065820300e-04;       2798
1.3493001920800e-04;       2209
1.3494614211100e-04;       2209
1.3496550298200e-04;       1620
1.3498485174300e-04;       1620
1.3500421255400e-04;       4121
1.3502356125500e-04;       4121
1.3504292209900e-04;       3532
1.3506227091600e-04;       3532
1.3508163194500e-04;      -1768
1.3510098077500e-04;      -1768
1.3512034174200e-04;      -2357
1.3513969056600e-04;      -2357
1.3515905141100e-04;       4855
1.3517840043800e-04;       4855
1.3519776140100e-04;       -445
1.3521711024600e-04;       -445
1.3523647096700e-04;      -1034
1.3525581992500e-04;      -1034
1.3527518081200e-04;       6178
1.3529452961000e-04;       6178
1.3531389044000e-04;        878
1.3533323933100e-04;        878
1.3535260015900e-04;        289
1.3537194897300e-04;        289
1.3539130989200e-04;       2790
1.3541065880600e-04;       2790
1.3543001955600e-04;       2201
1.3544614250800e-04;       2201
1.3546550332500e-04;       1612
1.3548485218400e-04;       1612
1.3550421303200e-04;       4113
1.3552356210100e-04;       4113
1.3554292286100e-04;       3524
1.3556227173600e-04;       3524
1.3558163273500e-04;      -1776
1.3560098165900e-04;      -1776
1.3562034240700e-04;      -2365
1.3563969117200e-04;      -2365
1.3565905209600e-04;       4847
1.3567840105100e-04;       4847
1.3569776182400e-04;       -453
1.3571711062800e-04;       -453
1.3573647158900e-04;      -1042
1.3575582059100e-04;      -1042
1.3577518138600e-04;       6170
1.3579453010300e-04;       6170
1.3581389089300e-04;        870
1.3583323985400e-04;        870
1.3585260091300e-04;        281
1.3587194969000e-04;        281
1.3589131058800e-04;       2782
1.3591065924700e-04;       2782
1.3593002025600e-04;       2193
1.3594614342100e-04;       2193
1.3596550430400e-04;       1604
1.3598485302000e-04;       1604
1.3600421383400e-04;       4105
1.3602356274100e-04;       4105
1.3604292346700e-04;       3516
1.3606227235800e-04;       3516
1.3608163326000e-04;      -1784
1.3610098213900e-04;      -1784
1.3612034281000e-04;      -2373
1.3613969167500e-04;      -2373
1.3615905256100e-04;       4839
1.3617840137000e-04;       4839
1.3619776220800e-04;       -461
1.3621711098500e-04;       -461
1.3623647178300e-04;      -1050
1.3625582052300e-04;      -1050
1.3627518142400e-04;       6162
1.3629453030700e-04;       6162
1.3631389109200e-04;        862
1.3633323979400e-04;        862
1.3635260068000e-04;        273
1.3637194950400e-04;        273
1.3639131033600e-04;       2774
1.3641065920600e-04;       2774
1.3643002014900e-04;       2185
1.3644614307500e-04;       2185
1.3646550377600e-04;       1596
1.3648485275800e-04;       1596
1.3650421350500e-04;       4097
1.3652356244200e-04;       4097
1.3654292324000e-04;       3508
1.3656227205000e-04;       3508
1.3658163284000e-04;      -1792
1.3660098160600e-04;      -1792
1.3662034247600e-04;      -2381
1.3663969136500e-04;      -2381
1.3665905232600e-04;      -2970
1.3667840114500e-04;      -2970
1.3669776200900e-04;       -469
1.3671711080400e-04;       -469
1.3673647178400e-04;       6743
1.3675582055200e-04;       6743
1.3677518136700e-04;       6154
1.3679453031100e-04;       6154
1.3681389110200e-04;        854
1.3683323992100e-04;        854
1.3685260092700e-04;        265
1.3687194987600e-04;        265
1.3689131062400e-04;       2766
1.3691065943500e-04;       2766
1.3693002013400e-04;       2177
1.3694614318200e-04;       2177
1.3696550403500e-04;       1588
1.3698485282400e-04;       1588
1.3700421364800e-04;       4089
1.3702356242000e-04;       4089
1.3704292334800e-04;       3500
1.3706227207400e-04;       3500
1.3708163281200e-04;      -1800
1.3710098167300e-04;      -1800
1.3712034259000e-04;      -2389
1.3713969143400e-04;      -2389
1.3715905244200e-04;       4823
1.3717840121400e-04;       4823
1.3719776203900e-04;       -477
1.3721711082200e-04;       -477
1.3723647169400e-04;       6735
1.3725582047200e-04;       6735
1.3727518136300e-04;       6146
1.3729453017900e-04;       6146
1.3731389114700e-04;        846
1.3733323997900e-04;        846
1.3735260074200e-04;        257
1.3737194962100e-04;        257
1.3739131060100e-04;       2758
1.3741065934900e-04;       2758
1.3743002015100e-04;       2169
1.3744614306400e-04;       2169
1.3746550379800e-04;       1580
1.3748485257600e-04;       1580
1.3750421341200e-04;       4081
1.3752356225200e-04;       4081
1.3754292320600e-04;       3492
1.3756227204400e-04;       3492
1.3758163296000e-04;      -1808
1.3760098190800e-04;      -1808
1.3762034278300e-04;      -2397
1.3763969161300e-04;      -2397
1.3765905247800e-04;       4815
1.3767840129100e-04;       4815
1.3769776221500e-04;       -485
1.3771711097100e-04;       -485
1.3773647188500e-04;      -1074
1.3775582070800e-04;      -1074
1.3777518163300e-04;       6138
1.3779453047800e-04;       6138
1.3781389127900e-04;        838
1.3783324034100e-04;        838
1.3785260104600e-04;        249
1.3787194997500e-04;        249
1.3789131063100e-04;       2750
1.3791065937300e-04;       2750
1.3793002031800e-04;       2161
1.3794614332000e-04;       2161
1.3796550412400e-04;       1572
1.3798485302300e-04;       1572
1.3800421391900e-04;       4073
1.3802356273200e-04;       4073
1.3804292355000e-04;       3484
1.3806227233300e-04;       3484
1.3808163320700e-04;      -1816
1.3810098203000e-04;      -1816
1.3812034280300e-04;      -2405
1.3813969173700e-04;      -2405
1.3815905261900e-04;       4807
1.3817840155800e-04;       4807
1.3819776249700e-04;       -493
1.3821711132200e-04;       -493
1.3823647226400e-04;       6719
1.3825582102700e-04;       6719
1.3827518202000e-04;       6130
1.3829453082100e-04;       6130
1.3831389165800e-04;        830
1.3833324064700e-04;        830
1.3835260136300e-04;        241
1.3837195042700e-04;        241
1.3839131128100e-04;       2742
1.3841065997500e-04;       2742
1.3843002090400e-04;       2153
1.3844614401000e-04;       2153
1.3846550481600e-04;       1564
1.3848485381400e-04;       1564
1.3850421456600e-04;       4065
1.3852356364200e-04;       4065
1.3854292446000e-04;       3476
1.3856227355000e-04;       3476
1.3858163442300e-04;      -1824
1.3860098336400e-04;      -1824
1.3862034418000e-04;       5388
1.3863969310400e-04;       5388
1.3865905387200e-04;       4799
1.3867840270600e-04;       4799
1.3869776362600e-04;       -501
1.3871711236600e-04;       -501
1.3873647307100e-04;       6711
1.3875582194700e-04;       6711
1.3877518285800e-04;       6122
1.3879453156800e-04;       6122
1.3881389250800e-04;        822
1.3883324125700e-04;        822
1.3885260221800e-04;        233
1.3887195092600e-04;        233
1.3889131172800e-04;       2734
1.3891066046000e-04;       2734
1.3893002125900e-04;       2145
1.3894614421900e-04;       2145
1.3896550504300e-04;       1556
1.3898485387600e-04;       1556
1.3900421464400e-04;       4057
1.3902356341700e-04;       4057
1.3904292426100e-04;       3468
1.3906227307600e-04;       3468
1.3908163394700e-04;      -1832
1.3910098284100e-04;      -1832
1.3912034355600e-04;      -2421
1.3913969240100e-04;      -2421
1.3915905341100e-04;       4791
1.3917840219700e-04;       4791
1.3919776310900e-04;       -509
1.3921711187300e-04;       -509
1.3923647286500e-04;       6703
1.3925582178400e-04;       6703
1.3927518260500e-04;       6114
1.3929453142900e-04;       6114
1.3931389231300e-04;        814
1.3933324094800e-04;        814
1.3935260190000e-04;        225
1.3937195062400e-04;        225
1.3939131164400e-04;       2726
1.3941066046300e-04;       2726
1.3943002129600e-04;       2137
1.3944614411900e-04;       2137
1.3946550494200e-04;       1548
1.3948485375000e-04;       1548
1.3950421455200e-04;       4049
1.3952356350200e-04;       4049
1.3954292425200e-04;       3460
1.3956227313300e-04;       3460
1.3958163399900e-04;      -1840
1.3960098275700e-04;      -1840
1.3962034356000e-04;       5372
1.3963969240900e-04;       5372
1.3965905320500e-04;       4783
1.3967840220900e-04;       4783
1.3969776310200e-04;       -517
1.3971711187100e-04;       -517
1.3973647272600e-04;       6695
1.3975582154700e-04;       6695
1.3977518229300e-04;       6106
1.3979453118600e-04;       6106
1.3981389204200e-04;        806
1.3983324090900e-04;        806
1.3985260170700e-04;        217
1.3987195053200e-04;        217
1.3989131125800e-04;       2718
1.3991066008400e-04;       2718
1.3993002096400e-04;       2129
1.3994614375900e-04;       2129
1.3996550461900e-04;       1540
1.3998485354800e-04;       1540
1.4000421440200e-04;       4041
1.4002356326700e-04;       4041
1.4004292398500e-04;       3452
1.4006227290600e-04;       3452
1.4008163395600e-04;      -1848
1.4010098271500e-04;      -1848
1.4012034361400e-04;      -2437
1.4013969241600e-04;      -2437
1.4015905327700e-04;       4775
1.4017840199400e-04;       4775
1.4019776283200e-04;       -525
1.4021711170700e-04;       -525
1.4023647252600e-04;       6687
1.4025582143500e-04;       6687
1.4027518216900e-04;       6098
1.4029453094200e-04;       6098
1.4031389190400e-04;        798
1.4033324077400e-04;        798
1.4035260162000e-04;        209
1.4037195046300e-04;        209
1.4039131133600e-04;       2710
1.4041066015200e-04;       2710
1.4043002126000e-04;       2121
1.4044614439700e-04;       2121
1.4046550535400e-04;       1532
1.4048485421800e-04;       1532
1.4050421517300e-04;       4033
1.4052356413400e-04;       4033
1.4054292491100e-04;       3444
1.4056227352000e-04;       3444
1.4058163429500e-04;      -1856
1.4060098329600e-04;      -1856
1.4062034423800e-04;      -2445
1.4063969309700e-04;      -2445
1.4065905390300e-04;       4767
1.4067840264100e-04;       4767
1.4069776346200e-04;       7268
1.4071711231400e-04;       7268
1.4073647307800e-04;       6679
1.4075582190300e-04;       6679
1.4077518290300e-04;       6090
1.4079453166100e-04;       6090
1.4081389248000e-04;        790
1.4083324146000e-04;        790
1.4085260221800e-04;        201
1.4087195076900e-04;        201
1.4089131158300e-04;       2702
1.4091066051500e-04;       2702
1.4093002134000e-04;       2113
1.4094614452500e-04;       2113
1.4096550529000e-04;       1524
1.4098485427700e-04;       1524
1.4100421498500e-04;       4025
1.4102356379700e-04;       4025
1.4104292496500e-04;       3436
1.4106227377300e-04;       3436
1.4108163452100e-04;      -1864
1.4110098335800e-04;      -1864
1.4112034398200e-04;      -2453
1.4113969291300e-04;      -2453
1.4115905364100e-04;       4759
1.4117840244800e-04;       4759
1.4119776326600e-04;       -541
1.4121711206200e-04;       -541
1.4123647296200e-04;       6671
1.4125582176800e-04;       6671
1.4127518256600e-04;       6082
1.4129453130900e-04;       6082
1.4131389207200e-04;        782
1.4133324098300e-04;        782
1.4135260196600e-04;        193
1.4137195081400e-04;        193
1.4139131160100e-04;       2694
1.4141066059200e-04;       2694
1.4143002147600e-04;       2105
1.4144614453500e-04;       2105
1.4146550531200e-04;       1516
1.4148485413800e-04;       1516
1.4150421494500e-04;       4017
1.4152356374800e-04;       4017
1.4154292464800e-04;       3428
1.4156227345600e-04;       3428
1.4158163432400e-04;      -1872
1.4160098324200e-04;      -1872
1.4162034407700e-04;       5340
1.4163969272500e-04;       5340
1.4165905357600e-04;       4751
1.4167840243900e-04;       4751
1.4169776326600e-04;       7252
1.4171711222200e-04;       7252
1.4173647308000e-04;       6663
1.4175582191400e-04;       6663
1.4177518268300e-04;       6074
1.4179453157300e-04;       6074
1.4181389243500e-04;        774
1.4183324136300e-04;        774
1.4185260215600e-04;        185
1.4187195081000e-04;        185
1.4189131174100e-04;       2686
1.4191066049600e-04;       2686
1.4193002137100e-04;       2097
1.4194614440000e-04;       2097
1.4196550519800e-04;       1508
1.4198485412000e-04;       1508
1.4200421499500e-04;       4009
1.4202356384500e-04;       4009
1.4204292463000e-04;       3420
1.4206227352300e-04;       3420
1.4208163425100e-04;      -1880
1.4210098300700e-04;      -1880
1.4212034391800e-04;       5332
1.4213969284600e-04;       5332
1.4215905369400e-04;       4743
1.4217840255300e-04;       4743
1.4219776348800e-04;       -557
1.4221711239000e-04;       -557
1.4223647325300e-04;       6655
1.4225582220000e-04;       6655
1.4227518299000e-04;       6066
1.4229453178200e-04;       6066
1.4231389263700e-04;        766
1.4233324157400e-04;        766
1.4235260251500e-04;        177
1.4237195139000e-04;        177
1.4239131216400e-04;       2678
1.4241066102100e-04;       2678
1.4243002196100e-04;       2089
1.4244614474700e-04;       2089
1.4246550572900e-04;       1500
1.4248485445700e-04;       1500
1.4250421528800e-04;       4001
1.4252356410400e-04;       4001
1.4254292510100e-04;       3412
1.4256227395300e-04;       3412
1.4258163470000e-04;      -1888
1.4260098356300e-04;      -1888
1.4262034445600e-04;      -2477
1.4263969323700e-04;      -2477
1.4265905406300e-04;       4735
1.4267840299600e-04;       4735
1.4269776390200e-04;       -565
1.4271711269800e-04;       -565
1.4273647353900e-04;       6647
1.4275582226400e-04;       6647
1.4277518314700e-04;       6058
1.4279453197300e-04;       6058
1.4281389286700e-04;        758
1.4283324176000e-04;        758
1.4285260269900e-04;        169
1.4287195150000e-04;        169
1.4289131237500e-04;       2670
1.4291066113400e-04;       2670
1.4293002203500e-04;       2081
1.4294614514800e-04;       2081
1.4296550586900e-04;       1492
1.4298485484300e-04;       1492
1.4300421574000e-04;       3993
1.4302356439600e-04;       3993
1.4304292519500e-04;       3404
1.4306227396400e-04;       3404
1.4308163480000e-04;      -1896
1.4310098364800e-04;      -1896
1.4312034435300e-04;       5316
1.4313969318600e-04;       5316
1.4315905392200e-04;       4727
1.4317840275800e-04;       4727
1.4319776372700e-04;       -573
1.4321711255400e-04;       -573
1.4323647342200e-04;       6639
1.4325582225100e-04;       6639
1.4327518320700e-04;       6050
1.4329453208600e-04;       6050
1.4331389288100e-04;        750
1.4333324175700e-04;        750
1.4335260258900e-04;        161
1.4337195149700e-04;        161
1.4339131227300e-04;       2662
1.4341066118200e-04;       2662
1.4343002202800e-04;       2073
1.4344614514200e-04;       2073
1.4346550603900e-04;       1484
1.4348485465000e-04;       1484
1.4350421554700e-04;       3985
1.4352356452100e-04;       3985
1.4354292533400e-04;       3396
1.4356227409200e-04;       3396
1.4358163489500e-04;      -1904
1.4360098367300e-04;      -1904
1.4362034450600e-04;       5308
1.4363969338300e-04;       5308
1.4365905420100e-04;       4719
1.4367840312200e-04;       4719
1.4369776398500e-04;       7220
1.4371711279500e-04;       7220
1.4373647348600e-04;       6631
1.4375582237000e-04;       6631
1.4377518316900e-04;       6042
1.4379453195900e-04;       6042
1.4381389284500e-04;        742
1.4383324174600e-04;        742
1.4385260244600e-04;        153
1.4387195119100e-04;        153
1.4389131221500e-04;       2654
1.4391066095300e-04;       2654
1.4393002166600e-04;       2065
1.4394614471600e-04;       2065
1.4396550560100e-04;       1476
1.4398485429800e-04;       1476
1.4400421499400e-04;       3977
1.4402356376700e-04;       3977
1.4404292481600e-04;       3388
1.4406227363300e-04;       3388
1.4408163450400e-04;      -1912
1.4410098330400e-04;      -1912
1.4412034409700e-04;      -2501
1.4413969297800e-04;      -2501
1.4415905378100e-04;       4711
1.4417840261300e-04;       4711
1.4419776357600e-04;       -589
1.4421711238400e-04;       -589
1.4423647324600e-04;       6623
1.4425582213600e-04;       6623
1.4427518290500e-04;       6034
1.4429453173500e-04;       6034
1.4431389253100e-04;        734
1.4433324147600e-04;        734
1.4435260237500e-04;        145
1.4437195114400e-04;        145
1.4439131199800e-04;       2646
1.4441066079400e-04;       2646
1.4443002160800e-04;       2057
1.4444614463100e-04;       2057
1.4446550549800e-04;       1468
1.4448485428200e-04;       1468
1.4450421510200e-04;       3969
1.4452356391000e-04;       3969
1.4454292477000e-04;       3380
1.4456227367700e-04;       3380
1.4458163443900e-04;      -1920
1.4460098341900e-04;      -1920
1.4462034419400e-04;      -2509
1.4463969307000e-04;      -2509
1.4465905372800e-04;       4703
1.4467840261800e-04;       4703
1.4469776339700e-04;       -597
1.4471711198800e-04;       -597
1.4473647302800e-04;       6615
1.4475582176500e-04;       6615
1.4477518264600e-04;       6026
1.4479453128700e-04;       6026
1.4481389222800e-04;        726
1.4483324099200e-04;        726
1.4485260189800e-04;        137
1.4487195077700e-04;        137
1.4489131167700e-04;       2638
1.4491066044600e-04;       2638
1.4493002124500e-04;       2049
1.4494614434600e-04;       2049
1.4496550503800e-04;       1460
1.4498485402800e-04;       1460
1.4500421475000e-04;       3961
1.4502356368500e-04;       3961
1.4504292447300e-04;       3372
1.4506227343200e-04;       3372
1.4508163421000e-04;      -1928
1.4510098306900e-04;      -1928
1.4512034400300e-04;      -2517
1.4513969281400e-04;      -2517
1.4515905363200e-04;       4695
1.4517840238100e-04;       4695
1.4519776321000e-04;       -605
1.4521711201900e-04;       -605
1.4523647307200e-04;       6607
1.4525582190000e-04;       6607
1.4527518258400e-04;       6018
1.4529453163700e-04;       6018
1.4531389259500e-04;        718
1.4533324130400e-04;        718
1.4535260219500e-04;        129
1.4537195094300e-04;        129
1.4539131184300e-04;       2630
1.4541066073100e-04;       2630
1.4543002164400e-04;       2041
1.4544614473300e-04;       2041
1.4546550555500e-04;       1452
1.4548485439200e-04;       1452
1.4550421508300e-04;       3953
1.4552356406700e-04;       3953
1.4554292487300e-04;       3364
1.4556227375700e-04;       3364
1.4558163469700e-04;      -1936
1.4560098348200e-04;      -1936
1.4562034444900e-04;       5276
1.4563969339900e-04;       5276
1.4565905426500e-04;       4687
1.4567840309000e-04;       4687
1.4569776399700e-04;       -613
1.4571711269100e-04;       -613
1.4573647357100e-04;       6599
1.4575582239900e-04;       6599
1.4577518307000e-04;       6010
1.4579453193400e-04;       6010
1.4581389277300e-04;        710
1.4583324155900e-04;        710
1.4585260232900e-04;        121
1.4587195123400e-04;        121
1.4589131217000e-04;       2622
1.4591066082200e-04;       2622
1.4593002162400e-04;       2033
1.4594614468100e-04;       2033
1.4596550545800e-04;       1444
1.4598485428700e-04;       1444
1.4600421526300e-04;       3945
1.4602356399000e-04;       3945
1.4604292481900e-04;       3356
1.4606227373100e-04;       3356
1.4608163446100e-04;      -1944
1.4610098336000e-04;      -1944
1.4612034433500e-04;      -2533
1.4613969308000e-04;      -2533
1.4615905396700e-04;       4679
1.4617840266400e-04;       4679
1.4619776342900e-04;       7180
1.4621711228400e-04;       7180
1.4623647298200e-04;       6591
1.4625582212000e-04;       6591
1.4627518273100e-04;       6002
1.4629453165800e-04;       6002
1.4631389236900e-04;        702
1.4633324121000e-04;        702
1.4635260198200e-04;        113
1.4637195084000e-04;        113
1.4639131174600e-04;       2614
1.4641066038900e-04;       2614
1.4643002126800e-04;       2025
1.4644614443700e-04;       2025
1.4646550509300e-04;       1436
1.4648485388200e-04;       1436
1.4650421468400e-04;       3937
1.4652356360400e-04;       3937
1.4654292446300e-04;       3348
1.4656227321600e-04;       3348
1.4658163420600e-04;      -1952
1.4660098303600e-04;      -1952
1.4662034388200e-04;      -2541
1.4663969282100e-04;      -2541
1.4665905352700e-04;       4671
1.4667840228700e-04;       4671
1.4669776318300e-04;       7172
1.4671711222400e-04;       7172
1.4673647296100e-04;       6583
1.4675582185400e-04;       6583
1.4677518253100e-04;       5994
1.4679453135000e-04;       5994
1.4681389213400e-04;        694
1.4683324099500e-04;        694
1.4685260186800e-04;        105
1.4687195081800e-04;        105
1.4689131162700e-04;       2606
1.4691066061400e-04;       2606
1.4693002137900e-04;       2017
1.4694614436500e-04;       2017
1.4696550511300e-04;       1428
1.4698485388200e-04;       1428
1.4700421457400e-04;       3929
1.4702356341500e-04;       3929
1.4704292436100e-04;       3340
1.4706227328100e-04;       3340
1.4708163397500e-04;      -1960
1.4710098297100e-04;      -1960
1.4712034380700e-04;      -2549
1.4713969275100e-04;      -2549
1.4715905364100e-04;       4663
1.4717840247900e-04;       4663
1.4719776325000e-04;       -637
1.4721711210300e-04;       -637
1.4723647302000e-04;       6575
1.4725582198700e-04;       6575
1.4727518284500e-04;       5986
1.4729453173100e-04;       5986
1.4731389258600e-04;        686
1.4733324138300e-04;        686
1.4735260229600e-04;         97
1.4737195125600e-04;         97
1.4739131211900e-04;       2598
1.4741066089900e-04;       2598
1.4743002182500e-04;       2009
1.4744614492900e-04;       2009
1.4746550579500e-04;       1420
1.4748485458700e-04;       1420
1.4750421565000e-04;       3921
1.4752356447000e-04;       3921
1.4754292526200e-04;       3332
1.4756227423500e-04;       3332
1.4758163512400e-04;      -1968
1.4760098395100e-04;      -1968
1.4762034484800e-04;      -2557
1.4763969363000e-04;      -2557
1.4765905460500e-04;       4655
1.4767840333300e-04;       4655
1.4769776406700e-04;       7156
1.4771711290000e-04;       7156
1.4773647372700e-04;       6567
1.4775582264500e-04;       6567
1.4777518347000e-04;       5978
1.4779453225500e-04;       5978
1.4781389315700e-04;        678
1.4783324210600e-04;        678
1.4785260268700e-04;         89
1.4787195159900e-04;         89
1.4789131249600e-04;       2590
1.4791066134300e-04;       2590
1.4793002223100e-04;       2001
1.4794614521100e-04;       2001
1.4796550602400e-04;       1412
1.4798485480800e-04;       1412
1.4800421578800e-04;       3913
1.4802356454500e-04;       3913
1.4804292540000e-04;       3324
1.4806227421300e-04;       3324
1.4808163499600e-04;      -1976
1.4810098408000e-04;      -1976
1.4812034487100e-04;       5236
1.4813969382700e-04;       5236
1.4815905462400e-04;       4647
1.4817840336700e-04;       4647
1.4819776407200e-04;       7148
1.4821711300200e-04;       7148
1.4823647388600e-04;       6559
1.4825582273900e-04;       6559
1.4827518357400e-04;       5970
1.4829453230200e-04;       5970
1.4831389333900e-04;        670
1.4833324211000e-04;        670
1.4835260293300e-04;         81
1.4837195182000e-04;         81
1.4839131275600e-04;       2582
1.4841066169400e-04;       2582
1.4843002252600e-04;       1993
1.4844614548400e-04;       1993
1.4846550634200e-04;       1404
1.4848485523300e-04;       1404
1.4850421600500e-04;       3905
1.4852356482300e-04;       3905
1.4854292568000e-04;       3316
1.4856227450400e-04;       3316
1.4858163528700e-04;      -1984
1.4860098406600e-04;      -1984
1.4862034486700e-04;       5228
1.4863969380400e-04;       5228
1.4865905440800e-04;       4639
1.4867840328900e-04;       4639
1.4869776415900e-04;       7140
1.4871711316200e-04;       7140
1.4873647398000e-04;       6551
1.4875582268500e-04;       6551
1.4877518368400e-04;       5962
1.4879453249800e-04;       5962
1.4881389331100e-04;        662
1.4883324217100e-04;        662
1.4885260307300e-04;         73
1.4887195177300e-04;         73
1.4889131257700e-04;       2574
1.4891066133400e-04;       2574
1.4893002209600e-04;       1985
1.4894614500800e-04;       1985
1.4896550590100e-04;       1396
1.4898485477200e-04;       1396
1.4900421556300e-04;       3897
1.4902356440000e-04;       3897
1.4904292531600e-04;       3308
1.4906227410600e-04;       3308
1.4908163485300e-04;      -1992
1.4910098360700e-04;      -1992
1.4912034461900e-04;       5220
1.4913969330100e-04;       5220
1.4915905412400e-04;       4631
1.4917840288800e-04;       4631
1.4919776382400e-04;       7132
1.4921711249900e-04;       7132
1.4923647327200e-04;       6543
1.4925582206300e-04;       6543
1.4927518286700e-04;       5954
1.4929453162800e-04;       5954
1.4931389234800e-04;        654
1.4933324120100e-04;        654
1.4935260206000e-04;         65
1.4937195082400e-04;         65
1.4939131164100e-04;       2566
1.4941066046600e-04;       2566
1.4943002118400e-04;       1977
1.4944614425600e-04;       1977
1.4946550517900e-04;       1388
1.4948485400500e-04;       1388
1.4950421503400e-04;       3889
1.4952356399800e-04;       3889
1.4954292488100e-04;       3300
1.4956227387800e-04;       3300
1.4958163463300e-04;      -2000
1.4960098363200e-04;      -2000
1.4962034454000e-04;       5212
1.4963969330400e-04;       5212
1.4965905419500e-04;       4623
1.4967840299100e-04;       4623
1.4969776399900e-04;       -677
1.4971711270200e-04;       -677
1.4973647354900e-04;       6535
1.4975582242900e-04;       6535
1.4977518325300e-04;       5946
1.4979453203200e-04;       5946
1.4981389272900e-04;        646
1.4983324183700e-04;        646
1.4985260267300e-04;         57
1.4987195154500e-04;         57
1.4989131215600e-04;       2558
1.4991066077300e-04;       2558
1.4993002176400e-04;       1969
1.4994614478000e-04;       1969
1.4996550555900e-04;       1380
1.4998485461300e-04;       1380
1.5000421544900e-04;       3881
1.5002356434400e-04;       3881
1.5004292510800e-04;       3292
1.5006227394100e-04;       3292
1.5008163475200e-04;      -2008
1.5010098359500e-04;      -2008
1.5012034445300e-04;       5204
1.5013969342700e-04;       5204
1.5015905415500e-04;       4615
1.5017840313600e-04;       4615
1.5019776396600e-04;       -685
1.5021711271400e-04;       -685
1.5023647357000e-04;       6527
1.5025582223200e-04;       6527
1.5027518325200e-04;       5938
1.5029453210300e-04;       5938
1.5031389299600e-04;        638
1.5033324166000e-04;        638
1.5035260269400e-04;         49
1.5037195155100e-04;         49
1.5039131229400e-04;       2550
1.5041066110600e-04;       2550
1.5043002204600e-04;       1961
1.5044614508300e-04;       1961
1.5046550596700e-04;       1372
1.5048485472700e-04;       1372
1.5050421552700e-04;       3873
1.5052356445400e-04;       3873
1.5054292521900e-04;       3284
1.5056227410500e-04;       3284
1.5058163507300e-04;      -2016
1.5060098381600e-04;      -2016
1.5062034465300e-04;       5196
1.5063969349700e-04;       5196
1.5065905445800e-04;       4607
1.5067840323500e-04;       4607
1.5069776404700e-04;       7108
1.5071711282400e-04;       7108
1.5073647361700e-04;       6519
1.5075582249800e-04;       6519
1.5077518331500e-04;       5930
1.5079453212700e-04;       5930
1.5081389311800e-04;        630
1.5083324206100e-04;        630
1.5085260297600e-04;         41
1.5087195194700e-04;         41
1.5089131271400e-04;       2542
1.5091066161500e-04;       2542
1.5093002245900e-04;       1953
1.5094614543100e-04;       1953
1.5096550629300e-04;       1364
1.5098485519400e-04;       1364
1.5100421608200e-04;       3865
1.5102356487600e-04;       3865
1.5104292570000e-04;       3276
1.5106227436200e-04;       3276
1.5108163513600e-04;      -2024
1.5110098401500e-04;      -2024
1.5112034486800e-04;       5188
1.5113969375500e-04;       5188
1.5115905457600e-04;       4599
1.5117840338800e-04;       4599
1.5119776429800e-04;       7100
1.5121711317700e-04;       7100
1.5123647389700e-04;       6511
1.5125582283000e-04;       6511
1.5127518375600e-04;       5922
1.5129453255900e-04;       5922
1.5131389343300e-04;        622
1.5133324219700e-04;        622
1.5135260302600e-04;         33
1.5137195182100e-04;         33
1.5139131266300e-04;       2534
1.5141066158800e-04;       2534
1.5143002243200e-04;       1945
1.5144614564900e-04;       1945
1.5146550637000e-04;       1356
1.5148485536500e-04;       1356
1.5150421598100e-04;       3857
1.5152356483000e-04;       3857
1.5154292574500e-04;       3268
1.5156227456900e-04;       3268
1.5158163554200e-04;      -2032
1.5160098431100e-04;      -2032
1.5162034494200e-04;       5180
1.5163969388100e-04;       5180
1.5165905468100e-04;       4591
1.5167840361200e-04;       4591
1.5169776442700e-04;       -709
1.5171711328700e-04;       -709
1.5173647415100e-04;       6503
1.5175582305000e-04;       6503
1.5177518402100e-04;       5914
1.5179453274400e-04;       5914
1.5181389367900e-04;        614
1.5183324254200e-04;        614
1.5185260331100e-04;         25
1.5187195222000e-04;         25
1.5189131302800e-04;       2526
1.5191066177400e-04;       2526
1.5193002260500e-04;       1937
1.5194614555800e-04;       1937
1.5196550641500e-04;       1348
1.5198485519100e-04;       1348
1.5200421602400e-04;       3849
1.5202356493000e-04;       3849
1.5204292567600e-04;       3260
1.5206227454900e-04;       3260
1.5208163541200e-04;      -2040
1.5210098412600e-04;      -2040
1.5212034502400e-04;       5172
1.5213969378400e-04;       5172
1.5215905461100e-04;       4583
1.5217840342800e-04;       4583
1.5219776419400e-04;       7084
1.5221711304400e-04;       7084
1.5223647382400e-04;       6495
1.5225582287100e-04;       6495
1.5227518350100e-04;       5906
1.5229453235800e-04;       5906
1.5231389329300e-04;        606
1.5233324214000e-04;        606
1.5235260288200e-04;         17
1.5237195159800e-04;         17
1.5239131249100e-04;       2518
1.5241066152800e-04;       2518
1.5243002231300e-04;       1929
1.5244614536600e-04;       1929
1.5246550622000e-04;       9141
1.5248485518800e-04;       9141
1.5250421588800e-04;       3841
1.5252356458800e-04;       3841
1.5254292545300e-04;       3252
1.5256227420900e-04;       3252
1.5258163513300e-04;      -2048
1.5260098384100e-04;      -2048
1.5262034468600e-04;       5164
1.5263969349100e-04;       5164
1.5265905426600e-04;       4575
1.5267840307900e-04;       4575
1.5269776386000e-04;       -725
1.5271711286300e-04;       -725
1.5273647357800e-04;       6487
1.5275582253600e-04;       6487
1.5277518346200e-04;       5898
1.5279453233100e-04;       5898
1.5281389332000e-04;        598
1.5283324216000e-04;        598
1.5285260293800e-04;          9
1.5287195199100e-04;          9
1.5289131284800e-04;       2510
1.5291066177700e-04;       2510
1.5293002252000e-04;       1921
1.5294614558800e-04;       1921
1.5296550640000e-04;       1332
1.5298485515300e-04;       1332
1.5300421594700e-04;       3833
1.5302356478400e-04;       3833
1.5304292571500e-04;       3244
1.5306227457000e-04;       3244
1.5308163541100e-04;      -2056
1.5310098414800e-04;      -2056
1.5312034491700e-04;       5156
1.5313969380300e-04;       5156
1.5315905455700e-04;       4567
1.5317840341300e-04;       4567
1.5319776409900e-04;       7068
1.5321711293100e-04;       7068
1.5323647374200e-04;       6479
1.5325582252600e-04;       6479
1.5327518334500e-04;       5890
1.5329453215300e-04;       5890
1.5331389312900e-04;        590
1.5333324195700e-04;        590
1.5335260277200e-04;          1
1.5337195157400e-04;          1
1.5339131257200e-04;       2502
1.5341066136400e-04;       2502
1.5343002210400e-04;       1913
1.5344614523100e-04;       1913
1.5346550601000e-04;       1324
1.5348485478600e-04;       1324
1.5350421564400e-04;       3825
1.5352356438000e-04;       3825
1.5354292513800e-04;       3236
1.5356227410400e-04;       3236
1.5358163488000e-04;      -2064
1.5360098374600e-04;      -2064
1.5362034449000e-04;       5148
1.5363969337100e-04;       5148
1.5365905423700e-04;       4559
1.5367840310800e-04;       4559
1.5369776382300e-04;       -741
1.5371711272600e-04;       -741
1.5373647367500e-04;       6471
1.5375582251100e-04;       6471
1.5377518318700e-04;       5882
1.5379453184200e-04;       5882
1.5381389273500e-04;        582
1.5383324166800e-04;        582
1.5385260257600e-04;         -7
1.5387195142200e-04;         -7
1.5389131227400e-04;       2494
1.5391066091900e-04;       2494
1.5393002193100e-04;       1905
1.5394614487200e-04;       1905
1.5396550556500e-04;       9117
1.5398485448500e-04;       9117
1.5400421536300e-04;       3817
1.5402356420900e-04;       3817
1.5404292522900e-04;       3228
1.5406227392300e-04;       3228
1.5408163471800e-04;      -2072
1.5410098351900e-04;      -2072
1.5412034452900e-04;       5140
1.5413969333800e-04;       5140
1.5415905438800e-04;       4551
1.5417840316400e-04;       4551
1.5419776406600e-04;       -749
1.5421711291700e-04;       -749
1.5423647371300e-04;       6463
1.5425582268500e-04;       6463
1.5427518358700e-04;       5874
1.5429453238200e-04;       5874
1.5431389326800e-04;        574
1.5433324210800e-04;        574
1.5435260283700e-04;        -15
1.5437195161900e-04;        -15
1.5439131239800e-04;       2486
1.5441066121300e-04;       2486
1.5443002216900e-04;       1897
1.5444614528000e-04;       1897
1.5446550612600e-04;       1308
1.5448485492300e-04;       1308
1.5450421573700e-04;       3809
1.5452356440800e-04;       3809
1.5454292520000e-04;       3220
1.5456227412400e-04;       3220
1.5458163499000e-04;      -2080
1.5460098378800e-04;      -2080
1.5462034468500e-04;       5132
1.5463969349000e-04;       5132
1.5465905441700e-04;       4543
1.5467840322600e-04;       4543
1.5469776406300e-04;       -757
1.5471711286200e-04;       -757
1.5473647375800e-04;       6455
1.5475582253900e-04;       6455
1.5477518341400e-04;       5866
1.5479453239300e-04;       5866
1.5481389312100e-04;        566
1.5483324209300e-04;        566
1.5485260291900e-04;        -23
1.5487195168700e-04;        -23
1.5489131259400e-04;       2478
1.5491066141400e-04;       2478
1.5493002226300e-04;       1889
1.5494614530900e-04;       1889
1.5496550617500e-04;       9101
1.5498485499300e-04;       9101
1.5500421568000e-04;       3801
1.5502356455500e-04;       3801
1.5504292541000e-04;       3212
1.5506227435800e-04;       3212
1.5508163519000e-04;      -2088
1.5510098395100e-04;      -2088
1.5512034483200e-04;       5124
1.5513969361100e-04;       5124
1.5515905437100e-04;       4535
1.5517840319200e-04;       4535
1.5519776394800e-04;       -765
1.5521711277900e-04;       -765
1.5523647347400e-04;       6447
1.5525582249300e-04;       6447
1.5527518320200e-04;       5858
1.5529453205700e-04;       5858
1.5531389288900e-04;        558
1.5533324188300e-04;        558
1.5535260268000e-04;        -31
1.5537195168600e-04;        -31
1.5539131262500e-04;       2470
1.5541066139700e-04;       2470
1.5543002216500e-04;       1881
1.5544614507100e-04;       1881
1.5546550572200e-04;       1292
1.5548485454500e-04;       1292
1.5550421560000e-04;       3793
1.5552356435600e-04;       3793
1.5554292534200e-04;       3204
1.5556227419700e-04;       3204
1.5558163489000e-04;      -2096
1.5560098383300e-04;      -2096
1.5562034470000e-04;       5116
1.5563969347000e-04;       5116
1.5565905448100e-04;       4527
1.5567840330600e-04;       4527
1.5569776416500e-04;       -773
1.5571711304500e-04;       -773
1.5573647399200e-04;       6439
1.5575582288800e-04;       6439
1.5577518381300e-04;       5850
1.5579453262100e-04;       5850
1.5581389347700e-04;        550
1.5583324225600e-04;        550
1.5585260304700e-04;        -39
1.5587195190700e-04;        -39
1.5589131277800e-04;       2462
1.5591066164900e-04;       2462
1.5593002252600e-04;       1873
1.5594614548700e-04;       1873
1.5596550632200e-04;       1284
1.5598485529200e-04;       1284
1.5600421603600e-04;       3785
1.5602356491800e-04;       3785
1.5604292567400e-04;       3196
1.5606227452900e-04;       3196
1.5608163542200e-04;      -2104
1.5610098411700e-04;      -2104
1.5612034489000e-04;       5108
1.5613969375300e-04;       5108
1.5615905460300e-04;       4519
1.5617840336600e-04;       4519
1.5619776428400e-04;       7020
1.5621711320200e-04;       7020
1.5623647398900e-04;       6431
1.5625582282200e-04;       6431
1.5627518347300e-04;       5842
1.5629453230700e-04;       5842
1.5631389312500e-04;        542
1.5633324197500e-04;        542
1.5635260281200e-04;        -47
1.5637195165200e-04;        -47
1.5639131247800e-04;       2454
1.5641066130000e-04;       2454
1.5643002195900e-04;       1865
1.5644614491400e-04;       1865
1.5646550579100e-04;       1276
1.5648485460600e-04;       1276
1.5650421541000e-04;       3777
1.5652356432100e-04;       3777
1.5654292515200e-04;       3188
1.5656227403900e-04;       3188
1.5658163509800e-04;      -2112
1.5660098389600e-04;      -2112
1.5662034473400e-04;       5100
1.5663969360800e-04;       5100
1.5665905434300e-04;       4511
1.5667840316600e-04;       4511
1.5669776396000e-04;       -789
1.5671711260800e-04;       -789
1.5673647349700e-04;      -1378
1.5675582234000e-04;      -1378
1.5677518330500e-04;       5834
1.5679453203000e-04;       5834
1.5681389293000e-04;        534
1.5683324173600e-04;        534
1.5685260280500e-04;        -55
1.5687195176000e-04;        -55
1.5689131257900e-04;       2446
1.5691066142700e-04;       2446
1.5693002229300e-04;       1857
1.5694614527200e-04;       1857
1.5696550616600e-04;       9069
1.5698485497700e-04;       9069
1.5700421599300e-04;       3769
1.5702356486700e-04;       3769
1.5704292582700e-04;       3180
1.5706227469300e-04;       3180
1.5708163546800e-04;      -2120
1.5710098425200e-04;      -2120
1.5712034503900e-04;       5092
1.5713969383900e-04;       5092
1.5715905473200e-04;       4503
1.5717840364300e-04;       4503
1.5719776447200e-04;       -797
1.5721711325200e-04;       -797
1.5723647410100e-04;       6415
1.5725582286300e-04;       6415
1.5727518378000e-04;       5826
1.5729453273100e-04;       5826
1.5731389350900e-04;        526
1.5733324246300e-04;        526
1.5735260327100e-04;        -63
1.5737195210900e-04;        -63
1.5739131314500e-04;       2438
1.5741066186700e-04;       2438
1.5743002252600e-04;       1849
1.5744614555500e-04;       1849
1.5746550644400e-04;       1260
1.5748485521000e-04;       1260
1.5750421610100e-04;       3761
1.5752356488100e-04;       3761
1.5754292584800e-04;       3172
1.5756227478200e-04;       3172
1.5758163557600e-04;      -2128
1.5760098452600e-04;      -2128
1.5762034525500e-04;       5084
1.5763969396500e-04;       5084
1.5765905477700e-04;       4495
1.5767840376800e-04;       4495
1.5769776466200e-04;       6996
1.5771711351900e-04;       6996
1.5773647450900e-04;       6407
1.5775582338100e-04;       6407
1.5777518425400e-04;       5818
1.5779453301400e-04;       5818
1.5781389381200e-04;        518
1.5783324265800e-04;        518
1.5785260325100e-04;       7730
1.5787195204100e-04;       7730
1.5789131298800e-04;       2430
1.5791066193400e-04;       2430
1.5793002264000e-04;       1841
1.5794614566700e-04;       1841
1.5796550650300e-04;       9053
1.5798485531000e-04;       9053
1.5800421613500e-04;       3753
1.5802356502400e-04;       3753
1.5804292587500e-04;       3164
1.5806227469200e-04;       3164
1.5808163547800e-04;      -2136
1.5810098435600e-04;      -2136
1.5812034510700e-04;       5076
1.5813969398000e-04;       5076
1.5815905465300e-04;       4487
1.5817840344000e-04;       4487
1.5819776440800e-04;       -813
1.5821711318900e-04;       -813
1.5823647396200e-04;       6399
1.5825582262500e-04;       6399
1.5827518346400e-04;       5810
1.5829453221900e-04;       5810
1.5831389294700e-04;        510
1.5833324180900e-04;        510
1.5835260260600e-04;        -79
1.5837195131500e-04;        -79
1.5839131201000e-04;       2422
1.5841066089300e-04;       2422
1.5843002181200e-04;       1833
1.5844614486600e-04;       1833
1.5846550567800e-04;       1244
1.5848485453100e-04;       1244
1.5850421525500e-04;       3745
1.5852356412100e-04;       3745
1.5854292504500e-04;       3156
1.5856227379500e-04;       3156
1.5858163456600e-04;      -2144
1.5860098362300e-04;      -2144
1.5862034450200e-04;      -2733
1.5863969332800e-04;      -2733
1.5865905416100e-04;       4479
1.5867840314600e-04;       4479
1.5869776396700e-04;       -821
1.5871711306100e-04;       -821
1.5873647374700e-04;       6391
1.5875582262300e-04;       6391
1.5877518348400e-04;       5802
1.5879453228300e-04;       5802
1.5881389334600e-04;        502
1.5883324216300e-04;        502
1.5885260305600e-04;        -87
1.5887195200400e-04;        -87
1.5889131277100e-04;       2414
1.5891066159400e-04;       2414
1.5893002244800e-04;       1825
1.5894614542700e-04;       1825
1.5896550636300e-04;       1236
1.5898485515100e-04;       1236
1.5900421593300e-04;       3737
1.5902356485000e-04;       3737
1.5904292563700e-04;       3148
1.5906227453300e-04;       3148
1.5908163533600e-04;      -2152
1.5910098425500e-04;      -2152
1.5912034509300e-04;       5060
1.5913969400100e-04;       5060
1.5915905494100e-04;       4471
1.5917840389300e-04;       4471
1.5919776467500e-04;       6972
1.5921711353000e-04;       6972
1.5923647434700e-04;       6383
1.5925582324300e-04;       6383
1.5927518411900e-04;       5794
1.5929453317500e-04;       5794
1.5931389380300e-04;        494
1.5933324264400e-04;        494
1.5935260347900e-04;        -95
1.5937195240000e-04;        -95
1.5939131320100e-04;       2406
1.5941066187500e-04;       2406
1.5943002265200e-04;       1817
1.5944614582700e-04;       1817
1.5946550667600e-04;       1228
1.5948485542200e-04;       1228
1.5950421613600e-04;       3729
1.5952356494700e-04;       3729
1.5954292559300e-04;       3140
1.5956227461600e-04;       3140
1.5958163555900e-04;      -2160
1.5960098414400e-04;      -2160
1.5962034501700e-04;       5052
1.5963969385600e-04;       5052
1.5965905449400e-04;       4463
1.5967840338500e-04;       4463
1.5969776419600e-04;       6964
1.5971711321100e-04;       6964
1.5973647396200e-04;       6375
1.5975582280700e-04;       6375
1.5977518363300e-04;       5786
1.5979453247700e-04;       5786
1.5981389330100e-04;        486
1.5983324210200e-04;        486
1.5985260299600e-04;       -103
1.5987195173200e-04;       -103
1.5989131270000e-04;       2398
1.5991066143700e-04;       2398
1.5993002233400e-04;       1809
1.5994614533900e-04;       1809
1.5996550610700e-04;       9021
1.5998485494600e-04;       9021
1.6000421562400e-04;       3721
1.6002356451100e-04;       3721
1.6004292526400e-04;       3132
1.6006227412800e-04;       3132
1.6008163496500e-04;      -2168
1.6010098386900e-04;      -2168
1.6012034463000e-04;       5044
1.6013969345100e-04;       5044
1.6015905431600e-04;       4455
1.6017840306500e-04;       4455
1.6019776401200e-04;       6956
1.6021711281000e-04;       6956
1.6023647366200e-04;       6367
1.6025582252700e-04;       6367
1.6027518333800e-04;       5778
1.6029453220000e-04;       5778
1.6031389319800e-04;        478
1.6033324205900e-04;        478
1.6035260272300e-04;       -111
1.6037195169300e-04;       -111
1.6039131243200e-04;       2390
1.6041066117300e-04;       2390
1.6043002202000e-04;       1801
1.6044614512900e-04;       1801
1.6046550597700e-04;       1212
1.6048485464300e-04;       1212
1.6050421551300e-04;       3713
1.6052356421500e-04;       3713
1.6054292494600e-04;       3124
1.6056227386200e-04;       3124
1.6058163474700e-04;      -2176
1.6060098358200e-04;      -2176
1.6062034438800e-04;       5036
1.6063969322500e-04;       5036
1.6065905406800e-04;       4447
1.6067840284600e-04;       4447
1.6069776362000e-04;       -853
1.6071711253900e-04;       -853
1.6073647323200e-04;       6359
1.6075582222800e-04;       6359
1.6077518303400e-04;       5770
1.6079453191900e-04;       5770
1.6081389290400e-04;        470
1.6083324171200e-04;        470
1.6085260260000e-04;       -119
1.6087195144200e-04;       -119
1.6089131221500e-04;       2382
1.6091066123200e-04;       2382
1.6093002205700e-04;       1793
1.6094614508400e-04;       1793
1.6096550600800e-04;       1204
1.6098485482100e-04;       1204
1.6100421559500e-04;       3705
1.6102356472000e-04;       3705
1.6104292550100e-04;       3116
1.6106227436800e-04;       3116
1.6108163516000e-04;      -2184
1.6110098386300e-04;      -2184
1.6112034488900e-04;       5028
1.6113969363000e-04;       5028
1.6115905442200e-04;       4439
1.6117840321400e-04;       4439
1.6119776403800e-04;       6940
1.6121711281800e-04;       6940
1.6123647360700e-04;       6351
1.6125582255000e-04;       6351
1.6127518332100e-04;       5762
1.6129453204700e-04;       5762
1.6131389270600e-04;        462
1.6133324162800e-04;        462
1.6135260254400e-04;       -127
1.6137195140500e-04;       -127
1.6139131224200e-04;       2374
1.6141066108600e-04;       2374
1.6143002185600e-04;       1785
1.6144614493900e-04;       1785
1.6146550588000e-04;       8997
1.6148485474100e-04;       8997
1.6150421549200e-04;       3697
1.6152356435400e-04;       3697
1.6154292533100e-04;       3108
1.6156227409400e-04;       3108
1.6158163480600e-04;      -2192
1.6160098388000e-04;      -2192
1.6162034473900e-04;       5020
1.6163969358800e-04;       5020
1.6165905437400e-04;       4431
1.6167840330500e-04;       4431
1.6169776425500e-04;       -869
1.6171711311200e-04;       -869
1.6173647389800e-04;       6343
1.6175582275000e-04;       6343
1.6177518344900e-04;       5754
1.6179453234900e-04;       5754
1.6181389319400e-04;        454
1.6183324193400e-04;        454
1.6185260280700e-04;       -135
1.6187195163600e-04;       -135
1.6189131229500e-04;       2366
1.6191066122700e-04;       2366
1.6193002202800e-04;       1777
1.6194614504900e-04;       1777
1.6196550593600e-04;       1188
1.6198485480900e-04;       1188
1.6200421565500e-04;       3689
1.6202356428500e-04;       3689
1.6204292518500e-04;       3100
1.6206227399800e-04;       3100
1.6208163481600e-04;      -2200
1.6210098364600e-04;      -2200
1.6212034449600e-04;       5012
1.6213969339600e-04;       5012
1.6215905419800e-04;       4423
1.6217840303300e-04;       4423
1.6219776394700e-04;       6924
1.6221711288400e-04;       6924
1.6223647370600e-04;       6335
1.6225582263700e-04;       6335
1.6227518347700e-04;       5746
1.6229453236400e-04;       5746
1.6231389329300e-04;        446
1.6233324209800e-04;        446
1.6235260303700e-04;       -143
1.6237195165800e-04;       -143
1.6239131230300e-04;       2358
1.6241066120300e-04;       2358
1.6243002208000e-04;       1769
1.6244614527900e-04;       1769
1.6246550614100e-04;       1180
1.6248485498400e-04;       1180
1.6250421583200e-04;       3681
1.6252356468400e-04;       3681
1.6254292551000e-04;       3092
1.6256227435900e-04;       3092
1.6258163519000e-04;      -2208
1.6260098403800e-04;      -2208
1.6262034505200e-04;      -2797
1.6263969397500e-04;      -2797
1.6265905481800e-04;       4415
1.6267840363900e-04;       4415
1.6269776447300e-04;       -885
1.6271711319300e-04;       -885
1.6273647405000e-04;       6327
1.6275582294200e-04;       6327
1.6277518387800e-04;       5738
1.6279453265200e-04;       5738
1.6281389353000e-04;        438
1.6283324242500e-04;        438
1.6285260336000e-04;       -151
1.6287195221000e-04;       -151
1.6289131288300e-04;       2350
1.6291066169500e-04;       2350
1.6293002243200e-04;       1761
1.6294614552100e-04;       1761
1.6296550642800e-04;       8973
1.6298485522100e-04;       8973
1.6300421623100e-04;       3673
1.6302356500100e-04;       3673
1.6304292594300e-04;       3084
1.6306227462800e-04;       3084
1.6308163543700e-04;      -2216
1.6310098440800e-04;      -2216
1.6312034509100e-04;       4996
1.6313969393900e-04;       4996
1.6315905475500e-04;       4407
1.6317840361700e-04;       4407
1.6319776442000e-04;       6908
1.6321711342200e-04;       6908
1.6323647427500e-04;       6319
1.6325582312200e-04;       6319
1.6327518398500e-04;       5730
1.6329453288900e-04;       5730
1.6331389375500e-04;        430
1.6333324251200e-04;        430
1.6335260331300e-04;       -159
1.6337195221300e-04;       -159
1.6339131289100e-04;       2342
1.6341066157400e-04;       2342
1.6343002238100e-04;       1753
1.6344614532400e-04;       1753
1.6346550616100e-04;       1164
1.6348485484800e-04;       1164
1.6350421568500e-04;       3665
1.6352356435400e-04;       3665
1.6354292523400e-04;       3076
1.6356227404900e-04;       3076
1.6358163490600e-04;      -2224
1.6360098372800e-04;      -2224
1.6362034449500e-04;       4988
1.6363969326800e-04;       4988
1.6365905407300e-04;       4399
1.6367840306600e-04;       4399
1.6369776388600e-04;       -901
1.6371711262900e-04;       -901
1.6373647343900e-04;       6311
1.6375582236700e-04;       6311
1.6377518298600e-04;       5722
1.6379453171300e-04;       5722
1.6381389243000e-04;        422
1.6383324117300e-04;        422
1.6385260208700e-04;       -167
1.6387195093800e-04;       -167
1.6389131165600e-04;       2334
1.6391066055600e-04;       2334
1.6393002132600e-04;       1745
1.6394614429000e-04;       1745
1.6396550515900e-04;       1156
1.6398485426200e-04;       1156
1.6400421488300e-04;       3657
1.6402356389300e-04;       3657
1.6404292461600e-04;       3068
1.6406227367600e-04;       3068
1.6408163462100e-04;      -2232
1.6410098340700e-04;      -2232
1.6412034410200e-04;      -2821
1.6413969290900e-04;      -2821
1.6415905385000e-04;       4391
1.6417840272400e-04;       4391
1.6419776351800e-04;       -909
1.6421711253600e-04;       -909
1.6423647340400e-04;       6303
1.6425582230400e-04;       6303
1.6427518297000e-04;       5714
1.6429453196500e-04;       5714
1.6431389259600e-04;        414
1.6433324143600e-04;        414
1.6435260234500e-04;       -175
1.6437195106300e-04;       -175
1.6439131204000e-04;       2326
1.6441066090000e-04;       2326
1.6443002168700e-04;       1737
1.6444614476900e-04;       1737
1.6446550583700e-04;       1148
1.6448485471100e-04;       1148
1.6450421545400e-04;       3649
1.6452356425000e-04;       3649
1.6454292510100e-04;       3060
1.6456227392900e-04;       3060
1.6458163466100e-04;      -2240
1.6460098362700e-04;      -2240
1.6462034451600e-04;       4972
1.6463969329400e-04;       4972
1.6465905414700e-04;       4383
1.6467840296800e-04;       4383
1.6469776377300e-04;       -917
1.6471711260600e-04;       -917
1.6473647353600e-04;       6295
1.6475582228500e-04;       6295
1.6477518318800e-04;       5706
1.6479453192600e-04;       5706
1.6481389261500e-04;        406
1.6483324157200e-04;        406
1.6485260233700e-04;       -183
1.6487195135900e-04;       -183
1.6489131229900e-04;       2318
1.6491066128600e-04;       2318
1.6493002223300e-04;       1729
1.6494614533900e-04;       1729
1.6496550605400e-04;       1140
1.6498485480600e-04;       1140
1.6500421571300e-04;       3641
1.6502356458000e-04;       3641
1.6504292534600e-04;       3052
1.6506227420800e-04;       3052
1.6508163505400e-04;      -2248
1.6510098385300e-04;      -2248
1.6512034465800e-04;       4964
1.6513969343800e-04;       4964
1.6515905431500e-04;       4375
1.6517840312800e-04;       4375
1.6519776413000e-04;       -925
1.6521711288000e-04;       -925
1.6523647375800e-04;       6287
1.6525582255900e-04;       6287
1.6527518338300e-04;       5698
1.6529453231200e-04;       5698
1.6531389323200e-04;        398
1.6533324209100e-04;        398
1.6535260287000e-04;       -191
1.6537195172200e-04;       -191
1.6539131254100e-04;       2310
1.6541066148400e-04;       2310
1.6543002228300e-04;       1721
1.6544614548100e-04;       1721
1.6546550628000e-04;       8933
1.6548485497800e-04;       8933
1.6550421582100e-04;       3633
1.6552356462900e-04;       3633
1.6554292537900e-04;       3044
1.6556227420700e-04;       3044
1.6558163491400e-04;      -2256
1.6560098380300e-04;      -2256
1.6562034481000e-04;       4956
1.6563969356500e-04;       4956
1.6565905442900e-04;       4367
1.6567840334600e-04;       4367
1.6569776423400e-04;       -933
1.6571711317200e-04;       -933
1.6573647389800e-04;       6279
1.6575582259100e-04;       6279
1.6577518339100e-04;       5690
1.6579453235600e-04;       5690
1.6581389308100e-04;        390
1.6583324192000e-04;        390
1.6585260284900e-04;       -199
1.6587195172200e-04;       -199
1.6589131244600e-04;       2302
1.6591066113700e-04;       2302
1.6593002189100e-04;       1713
1.6594614488100e-04;       1713
1.6596550592500e-04;       8925
1.6598485466300e-04;       8925
1.6600421538100e-04;       3625
1.6602356419900e-04;       3625
1.6604292503500e-04;       3036
1.6606227387000e-04;       3036
1.6608163463000e-04;      -2264
1.6610098341100e-04;      -2264
1.6612034427900e-04;       4948
1.6613969305000e-04;       4948
1.6615905382400e-04;       4359
1.6617840250000e-04;       4359
1.6619776337700e-04;       -941
1.6621711213200e-04;       -941
1.6623647291100e-04;       6271
1.6625582189200e-04;       6271
1.6627518258400e-04;       5682
1.6629453142700e-04;       5682
1.6631389234200e-04;        382
1.6633324121300e-04;        382
1.6635260201800e-04;       -207
1.6637195077800e-04;       -207
1.6639131160500e-04;       2294
1.6641066030400e-04;       2294
1.6643002120800e-04;       1705
1.6644614439400e-04;       1705
1.6646550512700e-04;       1116
1.6648485411300e-04;       1116
1.6650421489200e-04;       3617
1.6652356366300e-04;       3617
1.6654292446000e-04;       3028
1.6656227347100e-04;       3028
1.6658163427600e-04;      -2272
1.6660098321800e-04;      -2272
1.6662034410400e-04;      -2861
1.6663969302500e-04;      -2861
1.6665905383000e-04;       4351
1.6667840288600e-04;       4351
1.6669776374600e-04;       -949
1.6671711259200e-04;       -949
1.6673647339800e-04;       6263
1.6675582230800e-04;       6263
1.6677518323000e-04;       5674
1.6679453222700e-04;       5674
1.6681389290900e-04;        374
1.6683324190200e-04;        374
1.6685260264400e-04;       -215
1.6687195135400e-04;       -215
1.6689131234200e-04;       2286
1.6691066123500e-04;       2286
1.6693002219000e-04;       1697
1.6694614521300e-04;       1697
1.6696550595600e-04;       1108
1.6698485480100e-04;       1108
1.6700421573200e-04;       3609
1.6702356459800e-04;       3609
1.6704292553000e-04;       3020
1.6706227433600e-04;       3020
1.6708163520700e-04;      -2280
1.6710098422100e-04;      -2280
1.6712034502100e-04;       4932
1.6713969383700e-04;       4932
1.6715905473700e-04;       4343
1.6717840372200e-04;       4343
1.6719776455900e-04;       6844
1.6721711335800e-04;       6844
1.6723647427900e-04;       6255
1.6725582311100e-04;       6255
1.6727518387800e-04;       5666
1.6729453273400e-04;       5666
1.6731389376800e-04;        366
1.6733324254400e-04;        366
1.6735260354100e-04;       -223
1.6737195239000e-04;       -223
1.6739131323600e-04;       2278
1.6741066200200e-04;       2278
1.6743002273400e-04;       1689
1.6744614569100e-04;       1689
1.6746550643800e-04;       1100
1.6748485520400e-04;       1100
1.6750421610100e-04;       3601
1.6752356486300e-04;       3601
1.6754292575500e-04;       3012
1.6756227448500e-04;       3012
1.6758163532200e-04;      -2288
1.6760098418800e-04;      -2288
1.6762034504300e-04;       4924
1.6763969386700e-04;       4924
1.6765905464300e-04;       4335
1.6767840336700e-04;       4335
1.6769776424600e-04;       6836
1.6771711329500e-04;       6836
1.6773647404600e-04;       6247
1.6775582303600e-04;       6247
1.6777518379500e-04;       5658
1.6779453273100e-04;       5658
1.6781389362100e-04;        358
1.6783324246400e-04;        358
1.6785260329400e-04;       -231
1.6787195195200e-04;       -231
1.6789131281200e-04;       2270
1.6791066162600e-04;       2270
1.6793002257900e-04;       1681
1.6794614555600e-04;       1681
1.6796550628400e-04;       1092
1.6798485510900e-04;       1092
1.6800421587400e-04;       3593
1.6802356470900e-04;       3593
1.6804292559800e-04;       3004
1.6806227450800e-04;       3004
1.6808163546200e-04;      -2296
1.6810098418100e-04;      -2296
1.6812034512600e-04;       4916
1.6813969384800e-04;       4916
1.6815905471400e-04;       4327
1.6817840357600e-04;       4327
1.6819776435200e-04;       -973
1.6821711317300e-04;       -973
1.6823647404400e-04;       6239
1.6825582282100e-04;       6239
1.6827518368300e-04;       5650
1.6829453248300e-04;       5650
1.6831389330800e-04;        350
1.6833324219000e-04;        350
1.6835260294200e-04;       -239
1.6837195187700e-04;       -239
1.6839131281000e-04;       2262
1.6841066162400e-04;       2262
1.6843002250400e-04;       1673
1.6844614549300e-04;       1673
1.6846550639600e-04;       8885
1.6848485520900e-04;       8885
1.6850421630500e-04;       3585
1.6852356509700e-04;       3585
1.6854292597500e-04;       2996
1.6856227497500e-04;       2996
1.6858163584700e-04;      -2304
1.6860098473100e-04;      -2304
1.6862034557000e-04;       4908
1.6863969430300e-04;       4908
1.6865905517100e-04;       4319
1.6867840393900e-04;       4319
1.6869776465800e-04;       6820
1.6871711349900e-04;       6820
1.6873647458300e-04;       6231
1.6875582344200e-04;       6231
1.6877518407100e-04;       5642
1.6879453302800e-04;       5642
1.6881389378500e-04;        342
1.6883324252200e-04;        342
1.6885260342200e-04;       -247
1.6887195233200e-04;       -247
1.6889131330500e-04;       2254
1.6891066214400e-04;       2254
1.6893002307900e-04;       1665
1.6894614607400e-04;       1665
1.6896550692900e-04;       8877
1.6898485583500e-04;       8877
1.6900421655000e-04;       3577
1.6902356545400e-04;       3577
1.6904292625400e-04;       2988
1.6906227509800e-04;       2988
1.6908163600400e-04;      -2312
1.6910098472100e-04;      -2312
1.6912034547300e-04;       4900
1.6913969418800e-04;       4900
1.6915905488300e-04;       4311
1.6917840376800e-04;       4311
1.6919776444600e-04;       -989
1.6921711337100e-04;       -989
1.6923647423600e-04;       6223
1.6925582297700e-04;       6223
1.6927518373600e-04;       5634
1.6929453261000e-04;       5634
1.6931389353300e-04;        334
1.6933324233800e-04;        334
1.6935260317800e-04;       -255
1.6937195213800e-04;       -255
1.6939131301300e-04;       2246
1.6941066181800e-04;       2246
1.6943002266800e-04;       1657
1.6944614566600e-04;       1657
1.6946550647700e-04;       1068
1.6948485528600e-04;       1068
1.6950421609100e-04;       3569
1.6952356506500e-04;       3569
1.6954292579900e-04;       2980
1.6956227478600e-04;       2980
1.6958163552500e-04;      -2320
1.6960098432900e-04;      -2320
1.6962034508700e-04;       4892
1.6963969400100e-04;       4892
1.6965905483800e-04;       4303
1.6967840375900e-04;       4303
1.6969776469200e-04;       -997
1.6971711353600e-04;       -997
1.6973647429900e-04;       6215
1.6975582303700e-04;       6215
1.6977518389800e-04;       5626
1.6979453267500e-04;       5626
1.6981389353800e-04;        326
1.6983324227500e-04;        326
1.6985260313900e-04;       -263
1.6987195211700e-04;       -263
1.6989131293500e-04;       2238
1.6991066173400e-04;       2238
1.6993002239100e-04;       1649
1.6994614547300e-04;       1649
1.6996550608900e-04;       1060
1.6998485500200e-04;       1060
1.7000421586300e-04;       3561
1.7002356478100e-04;       3561
1.7004292552300e-04;       2972
1.7006227434300e-04;       2972
1.7008163527000e-04;      -2328
1.7010098400500e-04;      -2328
1.7012034487100e-04;       4884
1.7013969370800e-04;       4884
1.7015905473300e-04;       4295
1.7017840356700e-04;       4295
1.7019776455700e-04;      -1005
1.7021711338100e-04;      -1005
1.7023647425400e-04;       6207
1.7025582309600e-04;       6207
1.7027518385300e-04;       5618
1.7029453279000e-04;       5618
1.7031389367500e-04;        318
1.7033324242500e-04;        318
1.7035260323200e-04;       -271
1.7037195206500e-04;       -271
1.7039131289200e-04;       2230
1.7041066172000e-04;       2230
1.7043002253900e-04;       1641
1.7044614550900e-04;       1641
1.7046550626800e-04;       8853
1.7048485507000e-04;       8853
1.7050421609200e-04;       3553
1.7052356495600e-04;       3553
1.7054292589400e-04;       2964
1.7056227467900e-04;       2964
1.7058163552700e-04;      -2336
1.7060098430700e-04;      -2336
1.7062034519400e-04;       4876
1.7063969408200e-04;       4876
1.7065905490700e-04;       4287
1.7067840379500e-04;       4287
1.7069776460800e-04;      -1013
1.7071711351000e-04;      -1013
1.7073647421600e-04;       6199
1.7075582323000e-04;       6199
1.7077518388100e-04;       5610
1.7079453281200e-04;       5610
1.7081389358800e-04;        310
1.7083324248800e-04;        310
1.7085260331100e-04;       -279
1.7087195218000e-04;       -279
1.7089131297600e-04;       2222
1.7091066172900e-04;       2222
1.7093002256500e-04;       1633
1.7094614563800e-04;       1633
1.7096550642200e-04;       1044
1.7098485540600e-04;       1044
1.7100421620600e-04;       3545
1.7102356510300e-04;       3545
1.7104292589300e-04;       2956
1.7106227475200e-04;       2956
1.7108163552600e-04;      -2344
1.7110098427000e-04;      -2344
1.7112034520100e-04;       4868
1.7113969414800e-04;       4868
1.7115905487300e-04;       4279
1.7117840372500e-04;       4279
1.7119776461700e-04;      -1021
1.7121711348900e-04;      -1021
1.7123647427700e-04;       6191
1.7125582295100e-04;       6191
1.7127518368900e-04;       5602
1.7129453257800e-04;       5602
1.7131389348400e-04;        302
1.7133324221700e-04;        302
1.7135260305400e-04;       -287
1.7137195197300e-04;       -287
1.7139131281400e-04;       2214
1.7141066163600e-04;       2214
1.7143002249500e-04;       1625
1.7144614542700e-04;       1625
1.7146550630700e-04;       1036
1.7148485521400e-04;       1036
1.7150421598800e-04;       3537
1.7152356486600e-04;       3537
1.7154292584800e-04;       2948
1.7156227443800e-04;       2948
1.7158163529000e-04;      -2352
1.7160098418100e-04;      -2352
1.7162034482700e-04;       4860
1.7163969363800e-04;       4860
1.7165905438600e-04;       4271
1.7167840320500e-04;       4271
1.7169776421400e-04;      -1029
1.7171711309800e-04;      -1029
1.7173647401500e-04;       6183
1.7175582296400e-04;       6183
1.7177518367200e-04;       5594
1.7179453262200e-04;       5594
1.7181389351500e-04;        294
1.7183324232800e-04;        294
1.7185260330900e-04;       -295
1.7187195227500e-04;       -295
1.7189131299600e-04;       2206
1.7191066193300e-04;       2206
1.7193002267600e-04;       1617
1.7194614573800e-04;       1617
1.7196550647300e-04;       8829
1.7198485537500e-04;       8829
1.7200421610400e-04;       3529
1.7202356501500e-04;       3529
1.7204292583000e-04;       2940
1.7206227459100e-04;       2940
1.7208163541200e-04;      -2360
1.7210098431200e-04;      -2360
1.7212034502100e-04;      -2949
1.7213969405900e-04;      -2949
1.7215905489700e-04;       4263
1.7217840379600e-04;       4263
1.7219776468800e-04;       6764
1.7221711367000e-04;       6764
1.7223647439300e-04;       6175
1.7225582332600e-04;       6175
1.7227518418500e-04;       5586
1.7229453303600e-04;       5586
1.7231389386500e-04;        286
1.7233324282100e-04;        286
1.7235260364000e-04;       -303
1.7237195246800e-04;       -303
1.7239131334400e-04;       2198
1.7241066217900e-04;       2198
1.7243002311000e-04;       1609
1.7244614615500e-04;       1609
1.7246550716500e-04;       1020
1.7248485595400e-04;       1020
1.7250421685800e-04;       3521
1.7252356561500e-04;       3521
1.7254292651600e-04;       2932
1.7256227540600e-04;       2932
1.7258163630300e-04;      -2368
1.7260098513700e-04;      -2368
1.7262034586200e-04;       4844
1.7263969471700e-04;       4844
1.7265905562700e-04;       4255
1.7267840443000e-04;       4255
1.7269776539600e-04;       6756
1.7271711418100e-04;       6756
1.7273647503600e-04;       6167
1.7275582373300e-04;       6167
1.7277518448000e-04;       5578
1.7279453336500e-04;       5578
1.7281389414600e-04;        278
1.7283324299900e-04;        278
1.7285260396700e-04;       -311
1.7287195282800e-04;       -311
1.7289131368100e-04;       2190
1.7291066241500e-04;       2190
1.7293002328200e-04;       1601
1.7294614631600e-04;       1601
1.7296550719600e-04;       1012
1.7298485609200e-04;       1012
1.7300421689600e-04;       3513
1.7302356580500e-04;       3513
1.7304292673100e-04;       2924
1.7306227555200e-04;       2924
1.7308163626900e-04;      -2376
1.7310098513100e-04;      -2376
1.7312034603800e-04;       4836
1.7313969486400e-04;       4836
1.7315905580200e-04;       4247
1.7317840465400e-04;       4247
1.7319776542500e-04;       6748
1.7321711415800e-04;       6748
1.7323647494200e-04;       6159
1.7325582350200e-04;       6159
1.7327518444600e-04;       5570
1.7329453340900e-04;       5570
1.7331389431600e-04;        270
1.7333324310600e-04;        270
1.7335260379500e-04;       -319
1.7337195261500e-04;       -319
1.7339131359300e-04;       2182
1.7341066232900e-04;       2182
1.7343002313400e-04;       1593
1.7344614614100e-04;       1593
1.7346550673100e-04;       1004
1.7348485560700e-04;       1004
1.7350421644000e-04;       3505
1.7352356530600e-04;       3505
1.7354292626800e-04;       2916
1.7356227501500e-04;       2916
1.7358163580500e-04;      -2384
1.7360098462800e-04;      -2384
1.7362034552500e-04;       4828
1.7363969443400e-04;       4828
1.7365905526400e-04;       4239
1.7367840405500e-04;       4239
1.7369776510800e-04;       6740
1.7371711388600e-04;       6740
1.7373647475300e-04;       6151
1.7375582353900e-04;       6151
1.7377518440600e-04;       5562
1.7379453321900e-04;       5562
1.7381389407500e-04;       8063
1.7383324289000e-04;       8063
1.7385260394300e-04;       7474
1.7387195261200e-04;       7474
1.7389131344300e-04;       2174
1.7391066218200e-04;       2174
1.7393002281700e-04;       1585
1.7394614584200e-04;       1585
1.7396550656700e-04;       8797
1.7398485545900e-04;       8797
1.7400421622000e-04;       3497
1.7402356506100e-04;       3497
1.7404292572300e-04;       2908
1.7406227454900e-04;       2908
1.7408163551500e-04;      -2392
1.7410098425600e-04;      -2392
1.7412034495700e-04;      -2981
1.7413969368800e-04;      -2981
1.7415905466800e-04;       4231
1.7417840338700e-04;       4231
1.7419776407600e-04;       6732
1.7421711296500e-04;       6732
1.7423647386100e-04;       6143
1.7425582263000e-04;       6143
1.7427518362300e-04;       5554
1.7429453235000e-04;       5554
1.7431389321100e-04;        254
1.7433324214400e-04;        254
1.7435260277900e-04;       -335
1.7437195139200e-04;       -335
1.7439131221700e-04;       2166
1.7441066109400e-04;       2166
1.7443002197400e-04;       1577
1.7444614499900e-04;       1577
1.7446550585000e-04;       8789
1.7448485449800e-04;       8789
1.7450421530600e-04;       3489
1.7452356400100e-04;       3489
1.7454292502600e-04;       2900
1.7456227370500e-04;       2900
1.7458163453500e-04;      -2400
1.7460098332400e-04;      -2400
1.7462034419400e-04;       4812
1.7463969305600e-04;       4812
1.7465905394100e-04;       4223
1.7467840279700e-04;       4223
1.7469776344600e-04;       6724
1.7471711219400e-04;       6724
1.7473647313300e-04;       6135
1.7475582189000e-04;       6135
1.7477518266200e-04;       5546
1.7479453158500e-04;       5546
1.7481389246700e-04;        246
1.7483324126600e-04;        246
1.7485260193700e-04;       -343
1.7487195084100e-04;       -343
1.7489131167300e-04;       2158
1.7491066063900e-04;       2158
1.7493002145600e-04;       1569
1.7494614443600e-04;       1569
1.7496550530400e-04;        980
1.7498485411500e-04;        980
1.7500421480700e-04;       3481
1.7502356372400e-04;       3481
1.7504292439300e-04;       2892
1.7506227328500e-04;       2892
1.7508163423800e-04;      -2408
1.7510098318400e-04;      -2408
1.7512034403500e-04;      -2997
1.7513969288300e-04;      -2997
1.7515905368200e-04;       4215
1.7517840249300e-04;       4215
1.7519776329000e-04;      -1085
1.7521711214700e-04;      -1085
1.7523647299700e-04;       6127
1.7525582198600e-04;       6127
1.7527518276500e-04;       5538
1.7529453153900e-04;       5538
1.7531389241600e-04;        238
1.7533324124500e-04;        238
1.7535260209900e-04;       -351
1.7537195097500e-04;       -351
1.7539131186000e-04;       2150
1.7541066052700e-04;       2150
1.7543002156000e-04;       1561
1.7544614449300e-04;       1561
1.7546550531100e-04;        972
1.7548485417400e-04;        972
1.7550421505300e-04;       3473
1.7552356394500e-04;       3473
1.7554292482700e-04;       2884
1.7556227390200e-04;       2884
1.7558163457900e-04;      -2416
1.7560098351000e-04;      -2416
1.7562034454000e-04;       4796
1.7563969324000e-04;       4796
1.7565905405400e-04;       4207
1.7567840312800e-04;       4207
1.7569776387300e-04;      -1093
1.7571711260700e-04;      -1093
1.7573647355100e-04;       6119
1.7575582231600e-04;       6119
1.7577518299900e-04;       5530
1.7579453193200e-04;       5530
1.7581389286600e-04;        230
1.7583324169400e-04;        230
1.7585260254800e-04;       -359
1.7587195123700e-04;       -359
1.7589131219500e-04;       2142
1.7591066109400e-04;       2142
1.7593002213800e-04;       1553
1.7594614520400e-04;       1553
1.7596550599000e-04;        964
1.7598485493600e-04;        964
1.7600421576000e-04;       3465
1.7602356469400e-04;       3465
1.7604292544000e-04;       2876
1.7606227434700e-04;       2876
1.7608163515500e-04;      -2424
1.7610098410900e-04;      -2424
1.7612034497400e-04;       4788
1.7613969382200e-04;       4788
1.7615905462500e-04;       4199
1.7617840342700e-04;       4199
1.7619776413900e-04;      -1101
1.7621711300000e-04;      -1101
1.7623647384100e-04;       6111
1.7625582279500e-04;       6111
1.7627518358200e-04;       5522
1.7629453253900e-04;       5522
1.7631389315500e-04;        222
1.7633324199700e-04;        222
1.7635260276800e-04;       -367
1.7637195160300e-04;       -367
1.7639131237300e-04;       2134
1.7641066125900e-04;       2134
1.7643002201600e-04;       1545
1.7644614516900e-04;       1545
1.7646550602700e-04;        956
1.7648485478200e-04;        956
1.7650421568900e-04;       3457
1.7652356453500e-04;       3457
1.7654292541900e-04;       2868
1.7656227437200e-04;       2868
1.7658163531800e-04;      -2432
1.7660098404300e-04;      -2432
1.7662034491200e-04;      -3021
1.7663969361500e-04;      -3021
1.7665905441400e-04;       4191
1.7667840330700e-04;       4191
1.7669776396800e-04;      -1109
1.7671711290000e-04;      -1109
1.7673647373700e-04;       6103
1.7675582231900e-04;       6103
1.7677518335900e-04;       5514
1.7679453214300e-04;       5514
1.7681389303400e-04;        214
1.7683324190700e-04;        214
1.7685260265300e-04;       -375
1.7687195138600e-04;       -375
1.7689131228600e-04;       2126
1.7691066106500e-04;       2126
1.7693002186700e-04;       1537
1.7694614498500e-04;       1537
1.7696550576300e-04;        948
1.7698485456500e-04;        948
1.7700421524700e-04;       3449
1.7702356401500e-04;       3449
1.7704292494500e-04;       2860
1.7706227386500e-04;       2860
1.7708163474000e-04;      -2440
1.7710098367800e-04;      -2440
1.7712034458100e-04;       4772
1.7713969338000e-04;       4772
1.7715905422100e-04;       4183
1.7717840321900e-04;       4183
1.7719776411900e-04;      -1117
1.7721711293800e-04;      -1117
1.7723647383600e-04;       6095
1.7725582265500e-04;       6095
1.7727518341000e-04;       5506
1.7729453220500e-04;       5506
1.7731389311600e-04;        206
1.7733324198900e-04;        206
1.7735260281600e-04;       -383
1.7737195154600e-04;       -383
1.7739131246400e-04;       2118
1.7741066134800e-04;       2118
1.7743002208800e-04;       1529
1.7744614517100e-04;       1529
1.7746550593900e-04;        940
1.7748485469700e-04;        940
1.7750421556200e-04;       3441
1.7752356440300e-04;       3441
1.7754292531900e-04;       2852
1.7756227415000e-04;       2852
1.7758163497300e-04;      -2448
1.7760098379600e-04;      -2448
1.7762034468600e-04;      -3037
1.7763969349500e-04;      -3037
1.7765905434700e-04;       4175
1.7767840328400e-04;       4175
1.7769776427900e-04;       6676
1.7771711314400e-04;       6676
1.7773647389700e-04;       6087
1.7775582281300e-04;       6087
1.7777518344800e-04;       5498
1.7779453235500e-04;       5498
1.7781389325300e-04;        198
1.7783324217600e-04;        198
1.7785260299200e-04;       -391
1.7787195197800e-04;       -391
1.7789131264600e-04;       2110
1.7791066158600e-04;       2110
1.7793002241300e-04;       1521
1.7794614542100e-04;       1521
1.7796550650700e-04;       8733
1.7798485514800e-04;       8733
1.7800421607600e-04;       3433
1.7802356492000e-04;       3433
1.7804292576600e-04;       2844
1.7806227462500e-04;       2844
1.7808163537900e-04;      -2456
1.7810098424600e-04;      -2456
1.7812034498700e-04;       4756
1.7813969394900e-04;       4756
1.7815905484200e-04;       4167
1.7817840373900e-04;       4167
1.7819776450700e-04;      -1133
1.7821711337700e-04;      -1133
1.7823647416100e-04;       6079
1.7825582304500e-04;       6079
1.7827518372200e-04;       5490
1.7829453237700e-04;       5490
1.7831389320000e-04;        190
1.7833324207300e-04;        190
1.7835260290200e-04;       -399
1.7837195156200e-04;       -399
1.7839131232000e-04;       2102
1.7841066144300e-04;       2102
1.7843002223700e-04;       1513
1.7844614521700e-04;       1513
1.7846550599700e-04;        924
1.7848485472300e-04;        924
1.7850421556900e-04;       3425
1.7852356443700e-04;       3425
1.7854292532900e-04;       2836
1.7856227417300e-04;       2836
1.7858163502400e-04;      -2464
1.7860098391100e-04;      -2464
1.7862034490200e-04;       4748
1.7863969376200e-04;       4748
1.7865905457400e-04;       4159
1.7867840330400e-04;       4159
1.7869776403300e-04;      -1141
1.7871711290700e-04;      -1141
1.7873647378000e-04;       6071
1.7875582245300e-04;       6071
1.7877518331400e-04;       5482
1.7879453210500e-04;       5482
1.7881389289400e-04;        182
1.7883324156100e-04;        182
1.7885260244200e-04;       -407
1.7887195124700e-04;       -407
1.7889131213500e-04;       2094
1.7891066104600e-04;       2094
1.7893002185700e-04;       1505
1.7894614495500e-04;       1505
1.7896550587600e-04;        916
1.7898485483600e-04;        916
1.7900421567600e-04;       3417
1.7902356441000e-04;       3417
1.7904292534900e-04;       2828
1.7906227419000e-04;       2828
1.7908163507900e-04;      -2472
1.7910098406600e-04;      -2472
1.7912034477400e-04;       4740
1.7913969362300e-04;       4740
1.7915905435700e-04;       4151
1.7917840312000e-04;       4151
1.7919776395600e-04;       6652
1.7921711266500e-04;       6652
1.7923647360100e-04;       6063
1.7925582255700e-04;       6063
1.7927518346200e-04;       5474
1.7929453227100e-04;       5474
1.7931389310100e-04;        174
1.7933324204200e-04;        174
1.7935260292300e-04;       -415
1.7937195169000e-04;       -415
1.7939131245900e-04;       2086
1.7941066141600e-04;       2086
1.7943002222500e-04;       1497
1.7944614535400e-04;       1497
1.7946550607000e-04;        908
1.7948485485200e-04;        908
1.7950421562400e-04;       3409
1.7952356445300e-04;       3409
1.7954292509900e-04;       2820
1.7956227385900e-04;       2820
1.7958163470300e-04;      -2480
1.7960098347900e-04;      -2480
1.7962034419600e-04;       4732
1.7963969308400e-04;       4732
1.7965905376800e-04;       4143
1.7967840261800e-04;       4143
1.7969776347600e-04;      -1157
1.7971711216600e-04;      -1157
1.7973647293100e-04;       6055
1.7975582170000e-04;       6055
1.7977518252700e-04;       5466
1.7979453157800e-04;       5466
1.7981389235900e-04;        166
1.7983324124900e-04;        166
1.7985260212900e-04;       -423
1.7987195085800e-04;       -423
1.7989131175200e-04;       2078
1.7991066049400e-04;       2078
1.7993002122100e-04;       1489
1.7994614425900e-04;       1489
1.7996550503400e-04;        900
1.7998485374700e-04;        900
1.8000421474700e-04;       3401
1.8002356369900e-04;       3401
1.8004292459800e-04;       2812
1.8006227342100e-04;       2812
1.8008163422100e-04;      -2488
1.8010098316000e-04;      -2488
1.8012034398800e-04;       4724
1.8013969279900e-04;       4724
1.8015905354700e-04;       4135
1.8017840251300e-04;       4135
1.8019776340500e-04;      -1165
1.8021711219800e-04;      -1165
1.8023647315800e-04;       6047
1.8025582192000e-04;       6047
1.8027518275500e-04;       5458
1.8029453151100e-04;       5458
1.8031389251300e-04;        158
1.8033324129000e-04;        158
1.8035260214400e-04;       -431
1.8037195086800e-04;       -431
1.8039131185100e-04;       2070
1.8041066059200e-04;       2070
1.8043002141100e-04;       1481
1.8044614436400e-04;       1481
1.8046550507600e-04;        892
1.8048485397300e-04;        892
1.8050421482400e-04;       3393
1.8052356366600e-04;       3393
1.8054292450600e-04;       2804
1.8056227340500e-04;       2804
1.8058163421600e-04;      -2496
1.8060098308300e-04;      -2496
1.8062034395500e-04;      -3085
1.8063969276100e-04;      -3085
1.8065905355900e-04;       4127
1.8067840246900e-04;       4127
1.8069776334700e-04;      -1173
1.8071711208200e-04;      -1173
1.8073647296300e-04;      -1762
1.8075582173200e-04;      -1762
1.8077518260200e-04;       5450
1.8079453157600e-04;       5450
1.8081389238500e-04;        150
1.8083324116100e-04;        150
1.8085260210200e-04;       -439
1.8087195100200e-04;       -439
1.8089131180900e-04;       2062
1.8091066073100e-04;       2062
1.8093002154200e-04;       1473
1.8094614476100e-04;       1473
1.8096550567800e-04;        884
1.8098485452100e-04;        884
1.8100421547200e-04;       3385
1.8102356431400e-04;       3385
1.8104292519100e-04;       2796
1.8106227397000e-04;       2796
1.8108163489200e-04;      -2504
1.8110098390300e-04;      -2504
1.8112034461800e-04;       4708
1.8113969353400e-04;       4708
1.8115905418900e-04;       4119
1.8117840306200e-04;       4119
1.8119776412900e-04;      -1181
1.8121711275800e-04;      -1181
1.8123647356300e-04;       6031
1.8125582234100e-04;       6031
1.8127518322200e-04;       5442
1.8129453203600e-04;       5442
1.8131389282100e-04;        142
1.8133324170700e-04;        142
1.8135260263600e-04;       -447
1.8137195158100e-04;       -447
1.8139131248400e-04;       2054
1.8141066140600e-04;       2054
1.8143002218000e-04;       1465
1.8144614517300e-04;       1465
1.8146550596800e-04;        876
1.8148485493300e-04;        876
1.8150421573900e-04;       3377
1.8152356463500e-04;       3377
1.8154292538000e-04;       2788
1.8156227427900e-04;       2788
1.8158163506600e-04;      -2512
1.8160098383800e-04;      -2512
1.8162034470800e-04;       4700
1.8163969351700e-04;       4700
1.8165905422500e-04;       4111
1.8167840306300e-04;       4111
1.8169776397900e-04;      -1189
1.8171711270000e-04;      -1189
1.8173647367900e-04;       6023
1.8175582251100e-04;       6023
1.8177518328900e-04;       5434
1.8179453226200e-04;       5434
1.8181389303000e-04;        134
1.8183324182700e-04;        134
1.8185260272600e-04;       -455
1.8187195155800e-04;       -455
1.8189131227500e-04;       2046
1.8191066136700e-04;       2046
1.8193002219200e-04;       1457
1.8194614525700e-04;       1457
1.8196550619000e-04;        868
1.8198485489900e-04;        868
1.8200421570000e-04;       3369
1.8202356458700e-04;       3369
1.8204292529700e-04;       2780
1.8206227426500e-04;       2780
1.8208163521500e-04;      -2520
1.8210098408900e-04;      -2520
1.8212034488800e-04;       4692
1.8213969395600e-04;       4692
1.8215905478800e-04;       4103
1.8217840372200e-04;       4103
1.8219776452500e-04;      -1197
1.8221711334600e-04;      -1197
1.8223647406200e-04;       6015
1.8225582276800e-04;       6015
1.8227518366000e-04;       5426
1.8229453252400e-04;       5426
1.8231389334200e-04;        126
1.8233324224500e-04;        126
1.8235260312400e-04;       -463
1.8237195173000e-04;       -463
1.8239131264200e-04;       2038
1.8241066147600e-04;       2038
1.8243002213900e-04;       1449
1.8244614512200e-04;       1449
1.8246550605600e-04;       8661
1.8248485492100e-04;       8661
1.8250421578300e-04;       3361
1.8252356452400e-04;       3361
1.8254292543300e-04;       2772
1.8256227434300e-04;       2772
1.8258163519900e-04;      -2528
1.8260098408000e-04;      -2528
1.8262034498000e-04;       4684
1.8263969379700e-04;       4684
1.8265905448400e-04;       4095
1.8267840333300e-04;       4095
1.8269776425500e-04;       6596
1.8271711288400e-04;       6596
1.8273647375800e-04;       6007
1.8275582254300e-04;       6007
1.8277518347800e-04;       5418
1.8279453227900e-04;       5418
1.8281389309000e-04;        118
1.8283324200400e-04;        118
1.8285260280700e-04;       -471
1.8287195173100e-04;       -471
1.8289131253600e-04;       2030
1.8291066138500e-04;       2030
1.8293002212100e-04;       1441
1.8294614521300e-04;       1441
1.8296550595100e-04;        852
1.8298485482700e-04;        852
1.8300421566400e-04;       3353
1.8302356460600e-04;       3353
1.8304292540700e-04;       2764
1.8306227440700e-04;       2764
1.8308163516500e-04;      -2536
1.8310098397100e-04;      -2536
1.8312034485700e-04;       4676
1.8313969376700e-04;       4676
1.8315905454400e-04;       4087
1.8317840353100e-04;       4087
1.8319776461700e-04;      -1213
1.8321711346500e-04;      -1213
1.8323647439000e-04;       5999
1.8325582315500e-04;       5999
1.8327518410500e-04;       5410
1.8329453294400e-04;       5410
1.8331389363900e-04;        110
1.8333324262400e-04;        110
1.8335260342300e-04;       -479
1.8337195230900e-04;       -479
1.8339131307900e-04;       2022
1.8341066181300e-04;       2022
1.8343002264600e-04;       1433
1.8344614569400e-04;       1433
1.8346550644600e-04;        844
1.8348485552600e-04;        844
1.8350421621000e-04;       3345
1.8352356504500e-04;       3345
1.8354292581000e-04;       2756
1.8356227462900e-04;       2756
1.8358163563400e-04;      -2544
1.8360098457500e-04;      -2544
1.8362034521000e-04;      -3133
1.8363969427400e-04;      -3133
1.8365905506700e-04;       4079
1.8367840388300e-04;       4079
1.8369776480600e-04;       6580
1.8371711375000e-04;       6580
1.8373647451800e-04;       5991
1.8375582332500e-04;       5991
1.8377518420000e-04;       5402
1.8379453302500e-04;       5402
1.8381389399500e-04;        102
1.8383324309900e-04;        102
1.8385260372900e-04;       -487
1.8387195258400e-04;       -487
1.8389131342600e-04;       2014
1.8391066222700e-04;       2014
1.8393002300100e-04;       1425
1.8394614591300e-04;       1425
1.8396550655900e-04;       8637
1.8398485552500e-04;       8637
1.8400421624900e-04;       3337
1.8402356530900e-04;       3337
1.8404292618300e-04;       2748
1.8406227502400e-04;       2748
1.8408163587500e-04;      -2552
1.8410098481700e-04;      -2552
1.8412034559100e-04;       4660
1.8413969440600e-04;       4660
1.8415905534000e-04;       4071
1.8417840407900e-04;       4071
1.8419776482000e-04;      -1229
1.8421711387000e-04;      -1229
1.8423647460700e-04;       5983
1.8425582348400e-04;       5983
1.8427518449000e-04;       5394
1.8429453324800e-04;       5394
1.8431389406100e-04;         94
1.8433324293400e-04;         94
1.8435260358500e-04;       -495
1.8437195248600e-04;       -495
1.8439131345400e-04;       2006
1.8441066222500e-04;       2006
1.8443002309400e-04;       1417
1.8444614606900e-04;       1417
1.8446550688700e-04;       8629
1.8448485562700e-04;       8629
1.8450421643800e-04;       3329
1.8452356527000e-04;       3329
1.8454292617700e-04;       2740
1.8456227512100e-04;       2740
1.8458163578500e-04;      -2560
1.8460098472600e-04;      -2560
1.8462034548800e-04;       4652
1.8463969428600e-04;       4652
1.8465905522500e-04;       4063
1.8467840407700e-04;       4063
1.8469776485000e-04;       6564
1.8471711365600e-04;       6564
1.8473647459300e-04;       5975
1.8475582345400e-04;       5975
1.8477518430000e-04;       5386
1.8479453320400e-04;       5386
1.8481389407100e-04;         86
1.8483324298900e-04;         86
1.8485260373400e-04;       7298
1.8487195263500e-04;       7298
1.8489131365500e-04;       1998
1.8491066262500e-04;       1998
1.8493002341400e-04;       1409
1.8494614634500e-04;       1409
1.8496550706300e-04;        820
1.8498485581900e-04;        820
1.8500421684800e-04;       3321
1.8502356571700e-04;       3321
1.8504292649000e-04;       2732
1.8506227529200e-04;       2732
1.8508163618500e-04;      -2568
1.8510098507100e-04;      -2568
1.8512034572400e-04;       4644
1.8513969468600e-04;       4644
1.8515905543600e-04;       4055
1.8517840423500e-04;       4055
1.8519776491000e-04;       6556
1.8521711384400e-04;       6556
1.8523647466000e-04;       5967
1.8525582347900e-04;       5967
1.8527518421500e-04;       5378
1.8529453306000e-04;       5378
1.8531389382800e-04;         78
1.8533324273900e-04;         78
1.8535260356400e-04;       -511
1.8537195219000e-04;       -511
1.8539131295800e-04;       1990
1.8541066179600e-04;       1990
1.8543002265100e-04;       1401
1.8544614556200e-04;       1401
1.8546550626000e-04;       8613
1.8548485525400e-04;       8613
1.8550421599500e-04;       3313
1.8552356481100e-04;       3313
1.8554292568100e-04;       2724
1.8556227454700e-04;       2724
1.8558163531200e-04;      -2576
1.8560098412700e-04;      -2576
1.8562034481300e-04;       4636
1.8563969367300e-04;       4636
1.8565905450300e-04;       4047
1.8567840305600e-04;       4047
1.8569776394600e-04;      -1253
1.8571711281000e-04;      -1253
1.8573647360200e-04;       5959
1.8575582230600e-04;       5959
1.8577518340700e-04;       5370
1.8579453214700e-04;       5370
1.8581389297200e-04;         70
1.8583324183600e-04;         70
1.8585260265600e-04;       -519
1.8587195148800e-04;       -519
1.8589131208800e-04;       1982
1.8591066118100e-04;       1982
1.8593002198300e-04;       1393
1.8594614497000e-04;       1393
1.8596550579400e-04;        804
1.8598485459400e-04;        804
1.8600421534000e-04;       3305
1.8602356418700e-04;       3305
1.8604292496200e-04;       2716
1.8606227368600e-04;       2716
1.8608163440200e-04;      -2584
1.8610098336500e-04;      -2584
1.8612034423700e-04;       4628
1.8613969310000e-04;       4628
1.8615905390600e-04;       4039
1.8617840272000e-04;       4039
1.8619776360000e-04;      -1261
1.8621711258100e-04;      -1261
1.8623647335400e-04;       5951
1.8625582201500e-04;       5951
1.8627518290900e-04;       5362
1.8629453177400e-04;       5362
1.8631389259400e-04;         62
1.8633324139500e-04;         62
1.8635260221200e-04;       -527
1.8637195107100e-04;       -527
1.8639131187100e-04;       1974
1.8641066075100e-04;       1974
1.8643002170000e-04;       1385
1.8644614460500e-04;       1385
1.8646550561400e-04;       8597
1.8648485424200e-04;       8597
1.8650421496500e-04;       3297
1.8652356388500e-04;       3297
1.8654292477600e-04;       2708
1.8656227374000e-04;       2708
1.8658163455000e-04;      -2592
1.8660098335300e-04;      -2592
1.8662034401300e-04;       4620
1.8663969283900e-04;       4620
1.8665905363300e-04;       4031
1.8667840249700e-04;       4031
1.8669776329700e-04;       6532
1.8671711203800e-04;       6532
1.8673647293900e-04;       5943
1.8675582157100e-04;       5943
1.8677518242700e-04;       5354
1.8679453139500e-04;       5354
1.8681389233800e-04;         54
1.8683324121800e-04;         54
1.8685260211900e-04;       -535
1.8687195085300e-04;       -535
1.8689131171700e-04;       1966
1.8691066037800e-04;       1966
1.8693002122200e-04;       1377
1.8694614422900e-04;       1377
1.8696550507500e-04;        788
1.8698485387700e-04;        788
1.8700421478800e-04;       3289
1.8702356361600e-04;       3289
1.8704292437300e-04;       2700
1.8706227319900e-04;       2700
1.8708163413900e-04;      -2600
1.8710098294900e-04;      -2600
1.8712034393100e-04;       4612
1.8713969274300e-04;       4612
1.8715905381600e-04;       4023
1.8717840263400e-04;       4023
1.8719776341100e-04;      -1277
1.8721711204600e-04;      -1277
1.8723647289300e-04;       5935
1.8725582160200e-04;       5935
1.8727518248800e-04;       5346
1.8729453139100e-04;       5346
1.8731389213100e-04;         46
1.8733324099300e-04;         46
1.8735260164100e-04;       -543
1.8737195055600e-04;       -543
1.8739131145200e-04;       1958
1.8741066023200e-04;       1958
1.8743002121600e-04;       1369
1.8744614422100e-04;       1369
1.8746550500200e-04;        780
1.8748485384800e-04;        780
1.8750421467600e-04;       3281
1.8752356356500e-04;       3281
1.8754292444000e-04;       2692
1.8756227343300e-04;       2692
1.8758163440100e-04;      -2608
1.8760098327900e-04;      -2608
1.8762034414000e-04;       4604
1.8763969291100e-04;       4604
1.8765905387500e-04;       4015
1.8767840268200e-04;       4015
1.8769776354700e-04;      -1285
1.8771711236000e-04;      -1285
1.8773647321400e-04;       5927
1.8775582214500e-04;       5927
1.8777518296800e-04;       5338
1.8779453178100e-04;       5338
1.8781389259600e-04;         38
1.8783324151500e-04;         38
1.8785260224400e-04;       -551
1.8787195092000e-04;       -551
1.8789131184700e-04;       1950
1.8791066065600e-04;       1950
1.8793002138500e-04;       1361
1.8794614444800e-04;       1361
1.8796550529500e-04;        772
1.8798485408300e-04;        772
1.8800421492000e-04;       3273
1.8802356371200e-04;       3273
1.8804292454700e-04;       2684
1.8806227341800e-04;       2684
1.8808163402500e-04;      -2616
1.8810098298400e-04;      -2616
1.8812034379200e-04;       4596
1.8813969260600e-04;       4596
1.8815905352500e-04;       4007
1.8817840223300e-04;       4007
1.8819776305100e-04;       6508
1.8821711172000e-04;       6508
1.8823647259500e-04;       5919
1.8825582147700e-04;       5919
1.8827518228300e-04;       5330
1.8829453107100e-04;       5330
1.8831389191100e-04;         30
1.8833324074700e-04;         30
1.8835260178700e-04;       -559
1.8837195052700e-04;       -559
1.8839131120600e-04;       1942
1.8841066006300e-04;       1942
1.8843002107100e-04;       1353
1.8844614410300e-04;       1353
1.8846550483300e-04;        764
1.8848485363100e-04;        764
1.8850421455500e-04;       3265
1.8852356345500e-04;       3265
1.8854292429500e-04;       2676
1.8856227315700e-04;       2676
1.8858163386000e-04;      -2624
1.8860098266700e-04;      -2624
1.8862034354700e-04;      -3213
1.8863969244600e-04;      -3213
1.8865905307900e-04;       3999
1.8867840192500e-04;       3999
1.8869776281700e-04;      -1301
1.8871711169700e-04;      -1301
1.8873647265000e-04;       5911
1.8875582137900e-04;       5911
1.8877518227200e-04;       5322
1.8879453110800e-04;       5322
1.8881389219400e-04;         22
1.8883324101600e-04;         22
1.8885260182700e-04;       -567
1.8887195072800e-04;       -567
1.8889131143700e-04;       1934
1.8891066037600e-04;       1934
1.8893002108700e-04;       1345
1.8894614415600e-04;       1345
1.8896550474100e-04;        756
1.8898485358800e-04;        756
1.8900421430800e-04;       3257
1.8902356329700e-04;       3257
1.8904292397100e-04;       2668
1.8906227286300e-04;       2668
1.8908163388600e-04;      -2632
1.8910098273400e-04;      -2632
1.8912034337800e-04;      -3221
1.8913969230200e-04;      -3221
1.8915905340800e-04;       3991
1.8917840219300e-04;       3991
1.8919776313800e-04;      -1309
1.8921711192200e-04;      -1309
1.8923647293100e-04;       5903
1.8925582181100e-04;       5903
1.8927518266000e-04;       5314
1.8929453156300e-04;       5314
1.8931389241600e-04;         14
1.8933324118800e-04;         14
1.8935260185300e-04;       -575
1.8937195074700e-04;       -575
1.8939131157300e-04;       1926
1.8941066041100e-04;       1926
1.8943002112100e-04;       1337
1.8944614411600e-04;       1337
1.8946550501100e-04;        748
1.8948485386800e-04;        748
1.8950421476800e-04;       3249
1.8952356354500e-04;       3249
1.8954292442600e-04;       2660
1.8956227329400e-04;       2660
1.8958163413300e-04;      -2640
1.8960098287200e-04;      -2640
1.8962034358300e-04;       4572
1.8963969239100e-04;       4572
1.8965905326600e-04;       3983
1.8967840201800e-04;       3983
1.8969776290500e-04;      -1317
1.8971711168700e-04;      -1317
1.8973647231900e-04;       5895
1.8975582131700e-04;       5895
1.8977518221500e-04;       5306
1.8979453103400e-04;       5306
1.8981389191100e-04;          6
1.8983324081900e-04;          6
1.8985260170000e-04;       -583
1.8987195057500e-04;       -583
1.8989131137600e-04;       1918
1.8991066007400e-04;       1918
1.8993002100300e-04;       1329
1.8994614401500e-04;       1329
1.8996550490800e-04;        740
1.8998485384400e-04;        740
1.9000421476500e-04;       3241
1.9002356358000e-04;       3241
1.9004292451200e-04;       2652
1.9006227336000e-04;       2652
1.9008163422500e-04;      -2648
1.9010098295400e-04;      -2648
1.9012034390500e-04;       4564
1.9013969253800e-04;       4564
1.9015905356500e-04;       3975
1.9017840238700e-04;       3975
1.9019776304800e-04;      -1325
1.9021711180500e-04;      -1325
1.9023647271300e-04;       5887
1.9025582156000e-04;       5887
1.9027518225800e-04;       5298
1.9029453112900e-04;       5298
1.9031389186600e-04;         -2
1.9033324073000e-04;         -2
1.9035260147400e-04;       -591
1.9037195015600e-04;       -591
1.9039131100600e-04;       1910
1.9041065992600e-04;       1910
1.9043002075900e-04;       1321
1.9044614373600e-04;       1321
1.9046550446600e-04;        732
1.9048485322900e-04;        732
1.9050421402500e-04;       3233
1.9052356299900e-04;       3233
1.9054292383600e-04;       2644
1.9056227273600e-04;       2644
1.9058163351400e-04;      -2656
1.9060098226200e-04;      -2656
1.9062034318500e-04;       4556
1.9063969206100e-04;       4556
1.9065905292900e-04;       3967
1.9067840175400e-04;       3967
1.9069776257500e-04;      -1333
1.9071711137200e-04;      -1333
1.9073647224600e-04;       5879
1.9075582118300e-04;       5879
1.9077518177600e-04;       5290
1.9079453043300e-04;       5290
1.9081389140200e-04;        -10
1.9083324027800e-04;        -10
1.9085260110900e-04;       -599
1.9087194993800e-04;       -599
1.9089131073200e-04;       1902
1.9091065959100e-04;       1902
1.9093002043400e-04;       1313
1.9094614350600e-04;       1313
1.9096550441100e-04;        724
1.9098485327400e-04;        724
1.9100421404100e-04;       3225
1.9102356286100e-04;       3225
1.9104292368600e-04;       2636
1.9106227255000e-04;       2636
1.9108163327700e-04;      -2664
1.9110098209400e-04;      -2664
1.9112034294700e-04;      -3253
1.9113969182200e-04;      -3253
1.9115905265500e-04;       3959
1.9117840163800e-04;       3959
1.9119776233400e-04;      -1341
1.9121711132900e-04;      -1341
1.9123647211700e-04;      -1930
1.9125582088800e-04;      -1930
1.9127518182100e-04;       5282
1.9129453079900e-04;       5282
1.9131389173800e-04;        -18
1.9133324050800e-04;        -18
1.9135260130800e-04;       -607
1.9137195027100e-04;       -607
1.9139131109500e-04;       1894
1.9141066010500e-04;       1894
1.9143002084700e-04;       1305
1.9144614386300e-04;       1305
1.9146550478700e-04;        716
1.9148485366200e-04;        716
1.9150421460700e-04;       3217
1.9152356342300e-04;       3217
1.9154292441800e-04;       2628
1.9156227319800e-04;       2628
1.9158163400000e-04;      -2672
1.9160098293800e-04;      -2672
1.9162034387100e-04;       4540
1.9163969270400e-04;       4540
1.9165905353800e-04;       3951
1.9167840247500e-04;       3951
1.9169776315200e-04;      -1349
1.9171711215100e-04;      -1349
1.9173647296100e-04;       5863
1.9175582180500e-04;       5863
1.9177518255600e-04;       5274
1.9179453136000e-04;       5274
1.9181389235800e-04;        -26
1.9183324113900e-04;        -26
1.9185260204900e-04;       -615
1.9187195086000e-04;       -615
1.9189131177400e-04;       1886
1.9191066048900e-04;       1886
1.9193002151100e-04;       1297
1.9194614464800e-04;       1297
1.9196550558800e-04;        708
1.9198485446600e-04;        708
1.9200421541400e-04;       3209
1.9202356442200e-04;       3209
1.9204292513800e-04;       2620
1.9206227397500e-04;       2620
1.9208163489000e-04;      -2680
1.9210098366000e-04;      -2680
1.9212034447300e-04;       4532
1.9213969338000e-04;       4532
1.9215905402700e-04;       3943
1.9217840291500e-04;       3943
1.9219776375000e-04;       6444
1.9221711261000e-04;       6444
1.9223647338500e-04;       5855
1.9225582210600e-04;       5855
1.9227518300200e-04;       5266
1.9229453172800e-04;       5266
1.9231389256200e-04;        -34
1.9233324141200e-04;        -34
1.9235260220300e-04;       -623
1.9237195107900e-04;       -623
1.9239131186100e-04;       1878
1.9241066066200e-04;       1878
1.9243002149600e-04;       1289
1.9244614452300e-04;       1289
1.9246550528500e-04;       8501
1.9248485402100e-04;       8501
1.9250421491000e-04;       3201
1.9252356373000e-04;       3201
1.9254292462700e-04;       2612
1.9256227335200e-04;       2612
1.9258163420900e-04;      -2688
1.9260098302700e-04;      -2688
1.9262034395100e-04;       4524
1.9263969281300e-04;       4524
1.9265905352800e-04;       3935
1.9267840247700e-04;       3935
1.9269776331200e-04;      -1365
1.9271711206300e-04;      -1365
1.9273647287600e-04;       5847
1.9275582169600e-04;       5847
1.9277518261800e-04;       5258
1.9279453132700e-04;       5258
1.9281389218700e-04;        -42
1.9283324110700e-04;        -42
1.9285260189400e-04;       -631
1.9287195071500e-04;       -631
1.9289131142200e-04;       1870
1.9291066029800e-04;       1870
1.9293002097900e-04;       1281
1.9294614428300e-04;       1281
1.9296550513700e-04;        692
1.9298485397600e-04;        692
1.9300421475700e-04;       3193
1.9302356347600e-04;       3193
1.9304292432700e-04;       2604
1.9306227306000e-04;       2604
1.9308163390900e-04;      -2696
1.9310098266900e-04;      -2696
1.9312034351000e-04;       4516
1.9313969253500e-04;       4516
1.9315905335300e-04;       3927
1.9317840230400e-04;       3927
1.9319776308400e-04;      -1373
1.9321711194900e-04;      -1373
1.9323647259200e-04;      -1962
1.9325582157300e-04;      -1962
1.9327518243100e-04;       5250
1.9329453123100e-04;       5250
1.9331389204600e-04;        -50
1.9333324087100e-04;        -50
1.9335260181200e-04;       -639
1.9337195060700e-04;       -639
1.9339131138300e-04;       1862
1.9341066032500e-04;       1862
1.9343002108400e-04;       1273
1.9344614414100e-04;       1273
1.9346550489400e-04;        684
1.9348485375900e-04;        684
1.9350421468000e-04;       3185
1.9352356348100e-04;       3185
1.9354292432700e-04;       2596
1.9356227311400e-04;       2596
1.9358163401100e-04;      -2704
1.9360098282800e-04;      -2704
1.9362034380300e-04;       4508
1.9363969260700e-04;       4508
1.9365905346700e-04;       3919
1.9367840234700e-04;       3919
1.9369776308900e-04;      -1381
1.9371711195700e-04;      -1381
1.9373647281700e-04;       5831
1.9375582170500e-04;       5831
1.9377518253800e-04;       5242
1.9379453157400e-04;       5242
1.9381389242700e-04;        -58
1.9383324124200e-04;        -58
1.9385260208900e-04;       -647
1.9387195085800e-04;       -647
1.9389131179700e-04;       1854
1.9391066074000e-04;       1854
1.9393002157400e-04;       1265
1.9394614465800e-04;       1265
1.9396550553200e-04;        676
1.9398485429400e-04;        676
1.9400421507500e-04;       3177
1.9402356394500e-04;       3177
1.9404292486400e-04;       2588
1.9406227363600e-04;       2588
1.9408163449800e-04;      -2712
1.9410098328000e-04;      -2712
1.9412034394000e-04;      -3301
1.9413969286600e-04;      -3301
1.9415905385000e-04;       3911
1.9417840271800e-04;       3911
1.9419776345900e-04;      -1389
1.9421711248700e-04;      -1389
1.9423647332100e-04;       5823
1.9425582215700e-04;       5823
1.9427518299200e-04;       5234
1.9429453188400e-04;       5234
1.9431389281200e-04;        -66
1.9433324163800e-04;        -66
1.9435260258800e-04;       -655
1.9437195133800e-04;       -655
1.9439131215800e-04;       1846
1.9441066099200e-04;       1846
1.9443002175200e-04;       1257
1.9444614480100e-04;       1257
1.9446550566600e-04;        668
1.9448485458800e-04;        668
1.9450421537100e-04;       3169
1.9452356434900e-04;       3169
1.9454292507200e-04;       2580
1.9456227398100e-04;       2580
1.9458163488500e-04;      -2720
1.9460098367600e-04;      -2720
1.9462034445300e-04;      -3309
1.9463969312500e-04;      -3309
1.9465905412300e-04;       3903
1.9467840305100e-04;       3903
1.9469776379100e-04;      -1397
1.9471711262300e-04;      -1397
1.9473647348700e-04;       5815
1.9475582239700e-04;       5815
1.9477518323400e-04;       5226
1.9479453198500e-04;       5226
1.9481389284200e-04;        -74
1.9483324162600e-04;        -74
1.9485260235600e-04;       -663
1.9487195115300e-04;       -663
1.9489131200700e-04;       1838
1.9491066103100e-04;       1838
1.9493002193300e-04;       1249
1.9494614498500e-04;       1249
1.9496550583200e-04;        660
1.9498485478800e-04;        660
1.9500421538300e-04;       3161
1.9502356430500e-04;       3161
1.9504292511100e-04;       2572
1.9506227394600e-04;       2572
1.9508163494900e-04;      -2728
1.9510098384900e-04;      -2728
1.9512034477000e-04;      -3317
1.9513969361900e-04;      -3317
1.9515905456000e-04;       3895
1.9517840336000e-04;       3895
1.9519776400400e-04;       6396
1.9521711283400e-04;       6396
1.9523647358400e-04;       5807
1.9525582261700e-04;       5807
1.9527518347300e-04;       5218
1.9529453228700e-04;       5218
1.9531389324900e-04;        -82
1.9533324209800e-04;        -82
1.9535260276200e-04;       -671
1.9537195171200e-04;       -671
1.9539131248300e-04;       1830
1.9541066141500e-04;       1830
1.9543002221400e-04;       1241
1.9544614515300e-04;       1241
1.9546550601600e-04;        652
1.9548485476700e-04;        652
1.9550421558800e-04;       3153
1.9552356449800e-04;       3153
1.9554292528400e-04;       2564
1.9556227390900e-04;       2564
1.9558163495500e-04;      -2736
1.9560098375900e-04;      -2736
1.9562034459900e-04;       4476
1.9563969335300e-04;       4476
1.9565905425900e-04;       3887
1.9567840289300e-04;       3887
1.9569776393700e-04;      -1413
1.9571711277900e-04;      -1413
1.9573647344500e-04;       5799
1.9575582224700e-04;       5799
1.9577518314700e-04;       5210
1.9579453204500e-04;       5210
1.9581389288200e-04;        -90
1.9583324165800e-04;        -90
1.9585260251200e-04;       -679
1.9587195136900e-04;       -679
1.9589131223500e-04;       1822
1.9591066125600e-04;       1822
1.9593002189400e-04;       1233
1.9594614499300e-04;       1233
1.9596550599200e-04;       8445
1.9598485475200e-04;       8445
1.9600421565100e-04;       3145
1.9602356442000e-04;       3145
1.9604292517400e-04;       2556
1.9606227396800e-04;       2556
1.9608163467800e-04;      -2744
1.9610098359000e-04;      -2744
1.9612034422500e-04;       4468
1.9613969315800e-04;       4468
1.9615905391200e-04;       3879
1.9617840282300e-04;       3879
1.9619776359900e-04;      -1421
1.9621711255200e-04;      -1421
1.9623647342100e-04;      -2010
1.9625582232400e-04;      -2010
1.9627518314000e-04;       5202
1.9629453191800e-04;       5202
1.9631389278400e-04;        -98
1.9633324171100e-04;        -98
1.9635260256500e-04;       -687
1.9637195161100e-04;       -687
1.9639131241200e-04;       1814
1.9641066136600e-04;       1814
1.9643002234400e-04;       1225
1.9644614507000e-04;       1225
1.9646550611800e-04;        636
1.9648485496600e-04;        636
1.9650421590200e-04;       3137
1.9652356476400e-04;       3137
1.9654292566500e-04;       2548
1.9656227444900e-04;       2548
1.9658163541500e-04;      -2752
1.9660098413800e-04;      -2752
1.9662034502600e-04;       4460
1.9663969389400e-04;       4460
1.9665905479800e-04;       3871
1.9667840356700e-04;       3871
1.9669776456100e-04;      -1429
1.9671711332000e-04;      -1429
1.9673647409200e-04;       5783
1.9675582298400e-04;       5783
1.9677518384300e-04;       5194
1.9679453271500e-04;       5194
1.9681389359700e-04;       -106
1.9683324235400e-04;       -106
1.9685260309000e-04;       -695
1.9687195201100e-04;       -695
1.9689131288500e-04;       1806
1.9691066179800e-04;       1806
1.9693002249500e-04;       1217
1.9694614556100e-04;       1217
1.9696550648600e-04;        628
1.9698485532300e-04;        628
1.9700421640300e-04;       3129
1.9702356516500e-04;       3129
1.9704292599400e-04;       2540
1.9706227480200e-04;       2540
1.9708163570400e-04;      -2760
1.9710098451800e-04;      -2760
1.9712034541400e-04;       4452
1.9713969425400e-04;       4452
1.9715905509400e-04;       3863
1.9717840389200e-04;       3863
1.9719776474300e-04;      -1437
1.9721711368200e-04;      -1437
1.9723647450600e-04;       5775
1.9725582320900e-04;       5775
1.9727518403100e-04;       5186
1.9729453289300e-04;       5186
1.9731389379800e-04;       -114
1.9733324261600e-04;       -114
1.9735260343300e-04;       -703
1.9737195231500e-04;       -703
1.9739131311300e-04;       1798
1.9741066202400e-04;       1798
1.9743002284100e-04;       1209
1.9744614592600e-04;       1209
1.9746550671000e-04;        620
1.9748485563600e-04;        620
1.9750421640000e-04;       3121
1.9752356528700e-04;       3121
1.9754292606400e-04;       2532
1.9756227508900e-04;       2532
1.9758163586600e-04;      -2768
1.9760098488300e-04;      -2768
1.9762034559700e-04;       4444
1.9763969464000e-04;       4444
1.9765905540900e-04;       3855
1.9767840430000e-04;       3855
1.9769776515500e-04;       6356
1.9771711401100e-04;       6356
1.9773647468200e-04;       5767
1.9775582367600e-04;       5767
1.9777518437300e-04;       5178
1.9779453315400e-04;       5178
1.9781389392400e-04;       -122
1.9783324266000e-04;       -122
1.9785260357200e-04;       -711
1.9787195241100e-04;       -711
1.9789131323200e-04;       1790
1.9791066215900e-04;       1790
1.9793002296600e-04;       1201
1.9794614595100e-04;       1201
1.9796550677600e-04;        612
1.9798485561900e-04;        612
1.9800421648000e-04;       3113
1.9802356545500e-04;       3113
1.9804292625000e-04;       2524
1.9806227506400e-04;       2524
1.9808163596000e-04;      -2776
1.9810098479200e-04;      -2776
1.9812034575300e-04;       4436
1.9813969468200e-04;       4436
1.9815905556200e-04;       3847
1.9817840434100e-04;       3847
1.9819776523700e-04;      -1453
1.9821711403800e-04;      -1453
1.9823647479800e-04;       5759
1.9825582355900e-04;       5759
1.9827518443900e-04;       5170
1.9829453351300e-04;       5170
1.9831389425300e-04;       -130
1.9833324309800e-04;       -130
1.9835260404200e-04;       -719
1.9837195273000e-04;       -719
1.9839131358100e-04;       1782
1.9841066245500e-04;       1782
1.9843002335700e-04;       1193
1.9844614639600e-04;       1193
1.9846550716300e-04;       8405
1.9848485610000e-04;       8405
1.9850421686500e-04;       3105
1.9852356569500e-04;       3105
1.9854292666400e-04;       2516
1.9856227559500e-04;       2516
1.9858163646500e-04;      -2784
1.9860098542900e-04;      -2784
1.9862034639500e-04;       4428
1.9863969502600e-04;       4428
1.9865905594800e-04;       3839
1.9867840479100e-04;       3839
1.9869776552900e-04;       6340
1.9871711443200e-04;       6340
1.9873647534100e-04;       5751
1.9875582414300e-04;       5751
1.9877518504500e-04;       5162
1.9879453387600e-04;       5162
1.9881389466600e-04;       -138
1.9883324359600e-04;       -138
1.9885260438100e-04;       7074
1.9887195314500e-04;       7074
1.9889131395000e-04;       1774
1.9891066273300e-04;       1774
1.9893002346100e-04;       1185
1.9894614673900e-04;       1185
1.9896550756500e-04;       8397
1.9898485633600e-04;       8397
1.9900421725700e-04;       3097
1.9902356590400e-04;       3097
1.9904292675900e-04;       2508
1.9906227557600e-04;       2508
1.9908163649600e-04;      -2792
1.9910098526800e-04;      -2792
1.9912034607800e-04;       4420
1.9913969501500e-04;       4420
1.9915905568500e-04;       3831
1.9917840452400e-04;       3831
1.9919776551300e-04;       6332
1.9921711432800e-04;       6332
1.9923647520800e-04;       5743
1.9925582411000e-04;       5743
1.9927518484900e-04;       5154
1.9929453378000e-04;       5154
1.9931389462300e-04;       -146
1.9933324339800e-04;       -146
1.9935260426600e-04;       -735
1.9937195308700e-04;       -735
1.9939131394100e-04;       1766
1.9941066272600e-04;       1766
1.9943002363200e-04;       1177
1.9944614667200e-04;       1177
1.9946550767000e-04;       8389
1.9948485650900e-04;       8389
1.9950421728800e-04;       3089
1.9952356607500e-04;       3089
1.9954292676400e-04;       2500
1.9956227552000e-04;       2500
1.9958163646900e-04;      -2800
1.9960098526700e-04;      -2800
1.9962034613800e-04;       4412
1.9963969502800e-04;       4412
1.9965905595800e-04;       3823
1.9967840480800e-04;       3823
1.9969776571100e-04;       6324
1.9971711446500e-04;       6324
1.9973647535800e-04;       5735
1.9975582417700e-04;       5735
1.9977518509800e-04;       5146
1.9979453383900e-04;       5146
1.9981389464400e-04;       -154
1.9983324333800e-04;       -154
1.9985260409300e-04;       -743
1.9987195280100e-04;       -743
1.9989131361200e-04;       1758
1.9991066236100e-04;       1758
1.9993002314100e-04;       1169
1.9994614624100e-04;       1169
1.9996550722100e-04;       8381
1.9998485602000e-04;       8381
2.0000421685400e-04;       3081
2.0002356574900e-04;       3081
2.0004292662400e-04;       2492
2.0006227550500e-04;       2492
2.0008163633200e-04;      -2808
2.0010098525400e-04;      -2808
2.0012034600200e-04;       4404
2.0013969489600e-04;       4404
2.0015905569900e-04;       3815
2.0017840451000e-04;       3815
2.0019776531200e-04;       6316
2.0021711411900e-04;       6316
2.0023647499500e-04;       5727
2.0025582371400e-04;       5727
2.0027518444400e-04;       5138
2.0029453329100e-04;       5138
2.0031389406000e-04;       -162
2.0033324287100e-04;       -162
2.0035260369200e-04;       -751
2.0037195250500e-04;       -751
2.0039131322400e-04;       1750
2.0041066210600e-04;       1750
2.0043002314300e-04;       1161
2.0044614616200e-04;       1161
2.0046550710900e-04;        572
2.0048485577200e-04;        572
2.0050421672800e-04;       3073
2.0052356554900e-04;       3073
2.0054292628500e-04;       2484
2.0056227504200e-04;       2484
2.0058163596300e-04;      -2816
2.0060098494100e-04;      -2816
2.0062034586900e-04;       4396
2.0063969455200e-04;       4396
2.0065905539900e-04;       3807
2.0067840421100e-04;       3807
2.0069776505000e-04;       6308
2.0071711390600e-04;       6308
2.0073647477400e-04;       5719
2.0075582354900e-04;       5719
2.0077518431800e-04;       5130
2.0079453306300e-04;       5130
2.0081389383900e-04;       -170
2.0083324269600e-04;       -170
2.0085260353100e-04;       -759
2.0087195251300e-04;       -759
2.0089131330800e-04;       1742
2.0091066217600e-04;       1742
2.0093002311500e-04;       1153
2.0094614605300e-04;       1153
2.0096550683500e-04;        564
2.0098485562800e-04;        564
2.0100421659600e-04;       3065
2.0102356559100e-04;       3065
2.0104292632600e-04;       2476
2.0106227509100e-04;       2476
2.0108163608900e-04;      -2824
2.0110098495900e-04;      -2824
2.0112034565400e-04;       4388
2.0113969452900e-04;       4388
2.0115905537600e-04;       3799
2.0117840426300e-04;       3799
2.0119776519700e-04;       6300
2.0121711403700e-04;       6300
2.0123647498000e-04;       5711
2.0125582373500e-04;       5711
2.0127518463100e-04;       5122
2.0129453348700e-04;       5122
2.0131389418600e-04;       -178
2.0133324301300e-04;       -178
2.0135260368700e-04;       7034
2.0137195257100e-04;       7034
2.0139131340400e-04;       1734
2.0141066217600e-04;       1734
2.0143002301700e-04;       1145
2.0144614602300e-04;       1145
2.0146550686300e-04;        556
2.0148485583000e-04;        556
2.0150421664100e-04;       3057
2.0152356544400e-04;       3057
2.0154292625000e-04;       2468
2.0156227501500e-04;       2468
2.0158163585800e-04;      -2832
2.0160098481500e-04;      -2832
2.0162034551700e-04;       4380
2.0163969445500e-04;       4380
2.0165905529100e-04;       3791
2.0167840403600e-04;       3791
2.0169776488600e-04;       6292
2.0171711373300e-04;       6292
2.0173647454400e-04;       5703
2.0175582343800e-04;       5703
2.0177518423000e-04;       5114
2.0179453311700e-04;       5114
2.0181389393300e-04;       -186
2.0183324266700e-04;       -186
2.0185260363700e-04;       -775
2.0187195247200e-04;       -775
2.0189131334800e-04;       1726
2.0191066231200e-04;       1726
2.0193002318000e-04;       1137
2.0194614621600e-04;       1137
2.0196550699900e-04;        548
2.0198485595800e-04;        548
2.0200421681400e-04;       3049
2.0202356565900e-04;       3049
2.0204292654400e-04;       2460
2.0206227556100e-04;       2460
2.0208163639300e-04;      -2840
2.0210098510700e-04;      -2840
2.0212034589200e-04;       4372
2.0213969491900e-04;       4372
2.0215905573200e-04;       3783
2.0217840469100e-04;       3783
2.0219776551400e-04;       6284
2.0221711417600e-04;       6284
2.0223647505100e-04;       5695
2.0225582387200e-04;       5695
2.0227518469300e-04;       5106
2.0229453350100e-04;       5106
2.0231389443500e-04;       -194
2.0233324317800e-04;       -194
2.0235260405500e-04;       -783
2.0237195281800e-04;       -783
2.0239131374400e-04;       1718
2.0241066269000e-04;       1718
2.0243002353200e-04;       1129
2.0244614663800e-04;       1129
2.0246550782900e-04;       8341
2.0248485647700e-04;       8341
2.0250421734400e-04;       3041
2.0252356611100e-04;       3041
2.0254292693600e-04;       2452
2.0256227574800e-04;       2452
2.0258163668600e-04;      -2848
2.0260098564300e-04;      -2848
2.0262034654000e-04;       4364
2.0263969540600e-04;       4364
2.0265905608000e-04;       3775
2.0267840501700e-04;       3775
2.0269776569100e-04;       6276
2.0271711460900e-04;       6276
2.0273647543800e-04;       5687
2.0275582414200e-04;       5687
2.0277518501300e-04;       5098
2.0279453372300e-04;       5098
2.0281389444700e-04;       -202
2.0283324312800e-04;       -202
2.0285260403300e-04;       -791
2.0287195299400e-04;       -791
2.0289131381600e-04;       1710
2.0291066261500e-04;       1710
2.0293002342100e-04;       1121
2.0294614647300e-04;       1121
2.0296550746300e-04;       8333
2.0298485622800e-04;       8333
2.0300421699900e-04;       3033
2.0302356571700e-04;       3033
2.0304292658900e-04;       2444
2.0306227562900e-04;       2444
2.0308163660600e-04;      -2856
2.0310098530900e-04;      -2856
2.0312034603800e-04;       4356
2.0313969470400e-04;       4356
2.0315905564600e-04;       3767
2.0317840441200e-04;       3767
2.0319776515700e-04;       6268
2.0321711407600e-04;       6268
2.0323647491200e-04;       5679
2.0325582381100e-04;       5679
2.0327518465500e-04;       5090
2.0329453351400e-04;       5090
2.0331389437600e-04;       -210
2.0333324327800e-04;       -210
2.0335260403100e-04;       -799
2.0337195281100e-04;       -799
2.0339131374500e-04;       1702
2.0341066265000e-04;       1702
2.0343002348200e-04;       1113
2.0344614645200e-04;       1113
2.0346550729400e-04;       8325
2.0348485598000e-04;       8325
2.0350421684700e-04;       3025
2.0352356549300e-04;       3025
2.0354292644700e-04;       2436
2.0356227529900e-04;       2436
2.0358163621400e-04;      -2864
2.0360098503500e-04;      -2864
2.0362034598400e-04;       4348
2.0363969472300e-04;       4348
2.0365905552800e-04;       3759
2.0367840446400e-04;       3759
2.0369776520200e-04;      -1541
2.0371711407800e-04;      -1541
2.0373647497700e-04;       5671
2.0375582388200e-04;       5671
2.0377518475000e-04;       5082
2.0379453335300e-04;       5082
2.0381389402900e-04;       -218
2.0383324287400e-04;       -218
2.0385260386100e-04;       -807
2.0387195271900e-04;       -807
2.0389131333500e-04;       1694
2.0391066222600e-04;       1694
2.0393002302600e-04;       1105
2.0394614614400e-04;       1105
2.0396550706900e-04;        516
2.0398485600800e-04;        516
2.0400421671400e-04;       3017
2.0402356556300e-04;       3017
2.0404292641900e-04;       2428
2.0406227525600e-04;       2428
2.0408163603800e-04;      -2872
2.0410098500000e-04;      -2872
2.0412034606800e-04;       4340
2.0413969481400e-04;       4340
2.0415905571900e-04;       3751
2.0417840458000e-04;       3751
2.0419776531600e-04;      -1549
2.0421711405800e-04;      -1549
2.0423647491100e-04;       5663
2.0425582371400e-04;       5663
2.0427518467300e-04;       5074
2.0429453342000e-04;       5074
2.0431389429900e-04;       7575
2.0433324303600e-04;       7575
2.0435260377900e-04;       6986
2.0437195270200e-04;       6986
2.0439131360100e-04;       1686
2.0441066250600e-04;       1686
2.0443002332100e-04;       1097
2.0444614639200e-04;       1097
2.0446550730400e-04;        508
2.0448485605900e-04;        508
2.0450421698300e-04;       3009
2.0452356574800e-04;       3009
2.0454292656900e-04;       2420
2.0456227542500e-04;       2420
2.0458163616700e-04;      -2880
2.0460098496700e-04;      -2880
2.0462034586200e-04;       4332
2.0463969457100e-04;       4332
2.0465905539900e-04;       3743
2.0467840427000e-04;       3743
2.0469776495100e-04;       6244
2.0471711387900e-04;       6244
2.0473647468000e-04;       5655
2.0475582355200e-04;       5655
2.0477518439900e-04;       5066
2.0479453328000e-04;       5066
2.0481389399700e-04;       -234
2.0483324285300e-04;       -234
2.0485260379600e-04;       -823
2.0487195264500e-04;       -823
2.0489131356600e-04;       1678
2.0491066244200e-04;       1678
2.0493002321700e-04;       1089
2.0494614617600e-04;       1089
2.0496550702400e-04;        500
2.0498485582500e-04;        500
2.0500421662100e-04;       3001
2.0502356559600e-04;       3001
2.0504292656800e-04;       2412
2.0506227540900e-04;       2412
2.0508163620100e-04;      -2888
2.0510098489700e-04;      -2888
2.0512034577000e-04;       4324
2.0513969453300e-04;       4324
2.0515905535400e-04;       3735
2.0517840414500e-04;       3735
2.0519776508400e-04;       6236
2.0521711408500e-04;       6236
2.0523647484900e-04;       5647
2.0525582384600e-04;       5647
2.0527518467300e-04;       5058
2.0529453348900e-04;       5058
2.0531389439200e-04;       -242
2.0533324313200e-04;       -242
2.0535260403800e-04;       -831
2.0537195281200e-04;       -831
2.0539131356600e-04;       1670
2.0541066235200e-04;       1670
2.0543002319100e-04;       1081
2.0544614617700e-04;       1081
2.0546550692900e-04;        492
2.0548485575600e-04;        492
2.0550421637000e-04;       2993
2.0552356543000e-04;       2993
2.0554292644000e-04;       2404
2.0556227500000e-04;       2404
2.0558163595800e-04;      -2896
2.0560098473500e-04;      -2896
2.0562034536500e-04;       4316
2.0563969424400e-04;       4316
2.0565905509600e-04;       3727
2.0567840401800e-04;       3727
2.0569776489700e-04;      -1573
2.0571711368600e-04;      -1573
2.0573647447400e-04;       5639
2.0575582336000e-04;       5639
2.0577518421400e-04;       5050
2.0579453314400e-04;       5050
2.0581389396200e-04;       -250
2.0583324260700e-04;       -250
2.0585260346900e-04;       -839
2.0587195235000e-04;       -839
2.0589131304300e-04;       1662
2.0591066192600e-04;       1662
2.0593002265200e-04;       1073
2.0594614570000e-04;       1073
2.0596550642300e-04;       8285
2.0598485526000e-04;       8285
2.0600421604900e-04;       2985
2.0602356487400e-04;       2985
2.0604292566300e-04;       2396
2.0606227459300e-04;       2396
2.0608163522500e-04;      -2904
2.0610098412100e-04;      -2904
2.0612034498900e-04;       4308
2.0613969375400e-04;       4308
2.0615905475200e-04;       3719
2.0617840352100e-04;       3719
2.0619776435100e-04;      -1581
2.0621711330400e-04;      -1581
2.0623647397500e-04;       5631
2.0625582283200e-04;       5631
2.0627518368700e-04;       5042
2.0629453252300e-04;       5042
2.0631389339600e-04;       -258
2.0633324223600e-04;       -258
2.0635260302400e-04;       -847
2.0637195194200e-04;       -847
2.0639131275200e-04;       1654
2.0641066157900e-04;       1654
2.0643002244000e-04;       1065
2.0644614531000e-04;       1065
2.0646550627200e-04;       8277
2.0648485505600e-04;       8277
2.0650421572800e-04;       2977
2.0652356453500e-04;       2977
2.0654292534400e-04;       2388
2.0656227415600e-04;       2388
2.0658163495000e-04;      -2912
2.0660098380700e-04;      -2912
2.0662034471700e-04;       4300
2.0663969359700e-04;       4300
2.0665905441000e-04;       3711
2.0667840346800e-04;       3711
2.0669776427600e-04;      -1589
2.0671711301000e-04;      -1589
2.0673647368400e-04;       5623
2.0675582276200e-04;       5623
2.0677518358400e-04;       5034
2.0679453261000e-04;       5034
2.0681389333100e-04;       -266
2.0683324217200e-04;       -266
2.0685260309500e-04;       -855
2.0687195206600e-04;       -855
2.0689131282700e-04;       1646
2.0691066156000e-04;       1646
2.0693002235700e-04;       1057
2.0694614535700e-04;       1057
2.0696550612700e-04;        468
2.0698485480800e-04;        468
2.0700421571600e-04;       2969
2.0702356461400e-04;       2969
2.0704292550800e-04;       2380
2.0706227431900e-04;       2380
2.0708163508000e-04;      -2920
2.0710098398100e-04;      -2920
2.0712034483900e-04;       4292
2.0713969360800e-04;       4292
2.0715905451600e-04;       3703
2.0717840345900e-04;       3703
2.0719776428300e-04;      -1597
2.0721711318000e-04;      -1597
2.0723647404300e-04;       5615
2.0725582298400e-04;       5615
2.0727518375400e-04;       5026
2.0729453271200e-04;       5026
2.0731389334900e-04;       -274
2.0733324223000e-04;       -274
2.0735260308100e-04;       -863
2.0737195186400e-04;       -863
2.0739131273600e-04;       1638
2.0741066139000e-04;       1638
2.0743002225300e-04;       1049
2.0744614523700e-04;       1049
2.0746550618700e-04;        460
2.0748485501600e-04;        460
2.0750421579200e-04;       2961
2.0752356469600e-04;       2961
2.0754292549900e-04;       2372
2.0756227446500e-04;       2372
2.0758163531300e-04;      -2928
2.0760098426800e-04;      -2928
2.0762034516800e-04;      -3517
2.0763969398400e-04;      -3517
2.0765905486900e-04;       3695
2.0767840390000e-04;       3695
2.0769776479900e-04;       6196
2.0771711364600e-04;       6196
2.0773647458300e-04;       5607
2.0775582336300e-04;       5607
2.0777518423700e-04;       5018
2.0779453305200e-04;       5018
2.0781389399100e-04;       -282
2.0783324290000e-04;       -282
2.0785260375400e-04;       -871
2.0787195274000e-04;       -871
2.0789131359300e-04;       1630
2.0791066240400e-04;       1630
2.0793002322500e-04;       1041
2.0794614622300e-04;       1041
2.0796550704900e-04;       8253
2.0798485597100e-04;       8253
2.0800421687000e-04;       2953
2.0802356573000e-04;       2953
2.0804292661200e-04;       2364
2.0806227544600e-04;       2364
2.0808163634900e-04;      -2936
2.0810098544700e-04;      -2936
2.0812034633400e-04;       4276
2.0813969521000e-04;       4276
2.0815905601500e-04;       3687
2.0817840495100e-04;       3687
2.0819776586800e-04;       6188
2.0821711450500e-04;       6188
2.0823647537800e-04;       5599
2.0825582413800e-04;       5599
2.0827518511300e-04;       5010
2.0829453403000e-04;       5010
2.0831389486900e-04;       -290
2.0833324372000e-04;       -290
2.0835260449600e-04;       -879
2.0837195345900e-04;       -879
2.0839131417300e-04;       1622
2.0841066312200e-04;       1622
2.0843002396800e-04;       1033
2.0844614706700e-04;       1033
2.0846550790300e-04;       8245
2.0848485685100e-04;       8245
2.0850421777900e-04;       2945
2.0852356653400e-04;       2945
2.0854292739400e-04;       2356
2.0856227630200e-04;       2356
2.0858163724500e-04;      -2944
2.0860098606000e-04;      -2944
2.0862034674800e-04;       4268
2.0863969555500e-04;       4268
2.0865905653100e-04;       3679
2.0867840544000e-04;       3679
2.0869776618100e-04;       6180
2.0871711516500e-04;       6180
2.0873647613100e-04;       5591
2.0875582491600e-04;       5591
2.0877518567300e-04;       5002
2.0879453452800e-04;       5002
2.0881389545100e-04;       -298
2.0883324427300e-04;       -298
2.0885260504900e-04;       6914
2.0887195384500e-04;       6914
2.0889131456400e-04;       1614
2.0891066347000e-04;       1614
2.0893002421500e-04;       1025
2.0894614738100e-04;       1025
2.0896550801600e-04;       8237
2.0898485694100e-04;       8237
2.0900421775200e-04;       2937
2.0902356653300e-04;       2937
2.0904292719600e-04;       2348
2.0906227609400e-04;       2348
2.0908163706100e-04;      -2952
2.0910098591600e-04;      -2952
2.0912034685200e-04;       4260
2.0913969567600e-04;       4260
2.0915905636100e-04;       3671
2.0917840526200e-04;       3671
2.0919776613400e-04;       6172
2.0921711490700e-04;       6172
2.0923647566300e-04;       5583
2.0925582452700e-04;       5583
2.0927518529800e-04;       4994
2.0929453411600e-04;       4994
2.0931389493500e-04;       -306
2.0933324360800e-04;       -306
2.0935260438700e-04;       -895
2.0937195330700e-04;       -895
2.0939131410200e-04;       1606
2.0941066271700e-04;       1606
2.0943002368500e-04;       1017
2.0944614665000e-04;       1017
2.0946550748200e-04;        428
2.0948485649000e-04;        428
2.0950421723900e-04;       2929
2.0952356617000e-04;       2929
2.0954292694400e-04;       2340
2.0956227576900e-04;       2340
2.0958163675800e-04;      -2960
2.0960098577300e-04;      -2960
2.0962034677600e-04;       4252
2.0963969560600e-04;       4252
2.0965905637100e-04;       3663
2.0967840537000e-04;       3663
2.0969776624500e-04;       6164
2.0971711498100e-04;       6164
2.0973647590400e-04;       5575
2.0975582484500e-04;       5575
2.0977518569100e-04;       4986
2.0979453452300e-04;       4986
2.0981389543000e-04;       -314
2.0983324423200e-04;       -314
2.0985260501100e-04;       -903
2.0987195389500e-04;       -903
2.0989131481400e-04;       1598
2.0991066354100e-04;       1598
2.0993002441800e-04;       1009
2.0994614749200e-04;       1009
2.0996550812900e-04;       8221
2.0998485702400e-04;       8221
2.1000421779100e-04;       2921
2.1002356667700e-04;       2921
2.1004292747600e-04;       2332
2.1006227633700e-04;       2332
2.1008163708200e-04;       4833
2.1010098597200e-04;       4833
2.1012034679800e-04;       4244
2.1013969571700e-04;       4244
2.1015905659300e-04;       3655
2.1017840548300e-04;       3655
2.1019776631000e-04;       6156
2.1021711512800e-04;       6156
2.1023647588600e-04;       5567
2.1025582477500e-04;       5567
2.1027518547800e-04;       4978
2.1029453435400e-04;       4978
2.1031389534500e-04;       -322
2.1033324416900e-04;       -322
2.1035260510800e-04;       -911
2.1037195382200e-04;       -911
2.1039131462700e-04;       1590
2.1041066351700e-04;       1590
2.1043002429300e-04;       1001
2.1044614725100e-04;       1001
2.1046550821400e-04;       8213
2.1048485706700e-04;       8213
2.1050421794700e-04;       2913
2.1052356657700e-04;       2913
2.1054292737500e-04;       2324
2.1056227612800e-04;       2324
2.1058163702900e-04;       4825
2.1060098592300e-04;       4825
2.1062034656000e-04;       4236
2.1063969548000e-04;       4236
2.1065905641600e-04;       3647
2.1067840524700e-04;       3647
2.1069776626600e-04;       6148
2.1071711501700e-04;       6148
2.1073647582700e-04;       5559
2.1075582478400e-04;       5559
2.1077518558100e-04;       4970
2.1079453444500e-04;       4970
2.1081389539500e-04;       -330
2.1083324411200e-04;       -330
2.1085260490400e-04;       6882
2.1087195364300e-04;       6882
2.1089131443400e-04;       1582
2.1091066321500e-04;       1582
2.1093002414700e-04;        993
2.1094614712800e-04;        993
2.1096550799200e-04;       8205
2.1098485666200e-04;       8205
2.1100421751800e-04;       2905
2.1102356632200e-04;       2905
2.1104292728000e-04;       2316
2.1106227607900e-04;       2316
2.1108163677300e-04;      -2984
2.1110098568500e-04;      -2984
2.1112034645900e-04;       4228
2.1113969523100e-04;       4228
2.1115905609500e-04;       3639
2.1117840499800e-04;       3639
2.1119776585700e-04;       6140
2.1121711464400e-04;       6140
2.1123647559600e-04;       5551
2.1125582424800e-04;       5551
2.1127518510700e-04;       4962
2.1129453389300e-04;       4962
2.1131389468100e-04;       -338
2.1133324352800e-04;       -338
2.1135260435900e-04;       -927
2.1137195322100e-04;       -927
2.1139131407100e-04;       1574
2.1141066302000e-04;       1574
2.1143002381700e-04;        985
2.1144614689200e-04;        985
2.1146550781400e-04;        396
2.1148485669800e-04;        396
2.1150421759700e-04;       2897
2.1152356641100e-04;       2897
2.1154292731900e-04;       2308
2.1156227622900e-04;       2308
2.1158163714600e-04;      -2992
2.1160098611700e-04;      -2992
2.1162034692400e-04;       4220
2.1163969580500e-04;       4220
2.1165905668100e-04;       3631
2.1167840554400e-04;       3631
2.1169776628700e-04;       6132
2.1171711509100e-04;       6132
2.1173647581600e-04;       5543
2.1175582483300e-04;       5543
2.1177518571200e-04;       4954
2.1179453447600e-04;       4954
2.1181389524500e-04;       -346
2.1183324417400e-04;       -346
2.1185260514900e-04;       -935
2.1187195381700e-04;       -935
2.1189131475000e-04;       1566
2.1191066350300e-04;       1566
2.1193002417600e-04;        977
2.1194614723100e-04;        977
2.1196550804900e-04;       8189
2.1198485676200e-04;       8189
2.1200421760100e-04;       2889
2.1202356657600e-04;       2889
2.1204292742700e-04;       2300
2.1206227624100e-04;       2300
2.1208163722200e-04;      -3000
2.1210098609000e-04;      -3000
2.1212034692800e-04;       4212
2.1213969558600e-04;       4212
2.1215905628200e-04;       3623
2.1217840509300e-04;       3623
2.1219776588500e-04;       6124
2.1221711481100e-04;       6124
2.1223647539100e-04;       5535
2.1225582407400e-04;       5535
2.1227518504300e-04;       4946
2.1229453375100e-04;       4946
2.1231389467200e-04;       -354
2.1233324349600e-04;       -354
2.1235260433200e-04;       -943
2.1237195324800e-04;       -943
2.1239131404500e-04;       1558
2.1241066284700e-04;       1558
2.1243002370100e-04;        969
2.1244614682200e-04;        969
2.1246550754800e-04;       8181
2.1248485639200e-04;       8181
2.1250421722800e-04;       2881
2.1252356603500e-04;       2881
2.1254292680500e-04;       2292
2.1256227574000e-04;       2292
2.1258163650300e-04;      -3008
2.1260098537000e-04;      -3008
2.1262034627000e-04;       4204
2.1263969485800e-04;       4204
2.1265905590200e-04;       3615
2.1267840495800e-04;       3615
2.1269776578500e-04;      -1685
2.1271711469500e-04;      -1685
2.1273647553900e-04;       5527
2.1275582440500e-04;       5527
2.1277518527900e-04;       4938
2.1279453411000e-04;       4938
2.1281389482800e-04;       -362
2.1283324365300e-04;       -362
2.1285260448900e-04;       6850
2.1287195337100e-04;       6850
2.1289131427500e-04;       1550
2.1291066330300e-04;       1550
2.1293002395100e-04;        961
2.1294614709300e-04;        961
2.1296550784300e-04;       8173
2.1298485657300e-04;       8173
2.1300421757300e-04;       2873
2.1302356636900e-04;       2873
2.1304292727900e-04;       2284
2.1306227603900e-04;       2284
2.1308163688100e-04;       4785
2.1310098565100e-04;       4785
2.1312034637600e-04;       4196
2.1313969531300e-04;       4196
2.1315905617800e-04;       3607
2.1317840499300e-04;       3607
2.1319776591500e-04;       6108
2.1321711481800e-04;       6108
2.1323647555800e-04;       5519
2.1325582429600e-04;       5519
2.1327518505100e-04;       4930
2.1329453394400e-04;       4930
2.1331389488300e-04;       -370
2.1333324366500e-04;       -370
2.1335260461600e-04;       6842
2.1337195337600e-04;       6842
2.1339131417100e-04;       1542
2.1341066304800e-04;       1542
2.1343002404900e-04;        953
2.1344614696600e-04;        953
2.1346550775700e-04;       8165
2.1348485659200e-04;       8165
2.1350421733200e-04;       2865
2.1352356623100e-04;       2865
2.1354292703700e-04;       2276
2.1356227579200e-04;       2276
2.1358163659100e-04;      -3024
2.1360098555300e-04;      -3024
2.1362034637700e-04;       4188
2.1363969520000e-04;       4188
2.1365905606700e-04;       3599
2.1367840475300e-04;       3599
2.1369776547500e-04;       6100
2.1371711442600e-04;       6100
2.1373647528700e-04;       5511
2.1375582426200e-04;       5511
2.1377518500600e-04;       4922
2.1379453378400e-04;       4922
2.1381389471400e-04;       -378
2.1383324352500e-04;       -378
2.1385260448500e-04;       -967
2.1387195317700e-04;       -967
2.1389131402300e-04;       1534
2.1391066283500e-04;       1534
2.1393002370500e-04;        945
2.1394614655100e-04;        945
2.1396550732700e-04;       8157
2.1398485602400e-04;       8157
2.1400421688800e-04;       2857
2.1402356578200e-04;       2857
2.1404292676100e-04;       2268
2.1406227544000e-04;       2268
2.1408163615800e-04;      -3032
2.1410098518600e-04;      -3032
2.1412034605100e-04;       4180
2.1413969504100e-04;       4180
2.1415905593900e-04;       3591
2.1417840469500e-04;       3591
2.1419776547300e-04;      -1709
2.1421711435100e-04;      -1709
2.1423647532600e-04;       5503
2.1425582389500e-04;       5503
2.1427518477800e-04;       4914
2.1429453360400e-04;       4914
2.1431389456800e-04;       -386
2.1433324336500e-04;       -386
2.1435260410200e-04;       6826
2.1437195303200e-04;       6826
2.1439131385100e-04;       1526
2.1441066265400e-04;       1526
2.1443002344900e-04;        937
2.1444614633800e-04;        937
2.1446550731900e-04;        348
2.1448485611100e-04;        348
2.1450421701700e-04;       2849
2.1452356598000e-04;       2849
2.1454292679600e-04;       2260
2.1456227566200e-04;       2260
2.1458163643800e-04;      -3040
2.1460098540200e-04;      -3040
2.1462034611400e-04;       4172
2.1463969485600e-04;       4172
2.1465905572600e-04;       3583
2.1467840444800e-04;       3583
2.1469776538700e-04;       6084
2.1471711427300e-04;       6084
2.1473647510200e-04;       5495
2.1475582396300e-04;       5495
2.1477518471400e-04;       4906
2.1479453368600e-04;       4906
2.1481389450100e-04;       7407
2.1483324321800e-04;       7407
2.1485260405800e-04;       6818
2.1487195286600e-04;       6818
2.1489131377900e-04;       1518
2.1491066274900e-04;       1518
2.1493002354200e-04;        929
2.1494614647700e-04;        929
2.1496550732800e-04;       8141
2.1498485600300e-04;       8141
2.1500421676700e-04;       2841
2.1502356561600e-04;       2841
2.1504292637200e-04;       2252
2.1506227536700e-04;       2252
2.1508163603600e-04;      -3048
2.1510098487300e-04;      -3048
2.1512034561300e-04;       4164
2.1513969448800e-04;       4164
2.1515905531800e-04;       3575
2.1517840411000e-04;       3575
2.1519776493900e-04;       6076
2.1521711372900e-04;       6076
2.1523647456800e-04;       5487
2.1525582329400e-04;       5487
2.1527518415900e-04;       4898
2.1529453300900e-04;       4898
2.1531389384500e-04;       -402
2.1533324277800e-04;       -402
2.1535260369300e-04;       -991
2.1537195259000e-04;       -991
2.1539131340500e-04;       1510
2.1541066228700e-04;       1510
2.1543002304100e-04;        921
2.1544614601700e-04;        921
2.1546550689600e-04;        332
2.1548485570800e-04;        332
2.1550421654200e-04;       2833
2.1552356541300e-04;       2833
2.1554292621200e-04;       2244
2.1556227502200e-04;       2244
2.1558163587500e-04;      -3056
2.1560098469900e-04;      -3056
2.1562034557000e-04;       4156
2.1563969444800e-04;       4156
2.1565905541800e-04;       3567
2.1567840423700e-04;       3567
2.1569776496600e-04;       6068
2.1571711389100e-04;       6068
2.1573647461400e-04;       5479
2.1575582360100e-04;       5479
2.1577518433500e-04;       4890
2.1579453331600e-04;       4890
2.1581389412200e-04;       -410
2.1583324309700e-04;       -410
2.1585260383900e-04;       6802
2.1587195265000e-04;       6802
2.1589131355700e-04;       1502
2.1591066245500e-04;       1502
2.1593002332500e-04;        913
2.1594614634700e-04;        913
2.1596550710300e-04;       8125
2.1598485596300e-04;       8125
2.1600421670300e-04;       2825
2.1602356558200e-04;       2825
2.1604292646000e-04;       2236
2.1606227526900e-04;       2236
2.1608163605300e-04;      -3064
2.1610098494100e-04;      -3064
2.1612034580200e-04;       4148
2.1613969471900e-04;       4148
2.1615905576900e-04;       3559
2.1617840459800e-04;       3559
2.1619776536200e-04;      -1741
2.1621711416500e-04;      -1741
2.1623647481700e-04;       5471
2.1625582367500e-04;       5471
2.1627518462200e-04;       4882
2.1629453347800e-04;       4882
2.1631389418400e-04;       -418
2.1633324315200e-04;       -418
2.1635260418800e-04;      -1007
2.1637195314700e-04;      -1007
2.1639131405700e-04;       1494
2.1641066284500e-04;       1494
2.1643002378100e-04;        905
2.1644614680600e-04;        905
2.1646550768100e-04;       8117
2.1648485656600e-04;       8117
2.1650421752100e-04;       2817
2.1652356632100e-04;       2817
2.1654292699300e-04;       2228
2.1656227605700e-04;       2228
2.1658163685500e-04;      -3072
2.1660098568400e-04;      -3072
2.1662034639300e-04;       4140
2.1663969521300e-04;       4140
2.1665905613600e-04;       3551
2.1667840498900e-04;       3551
2.1669776576900e-04;       6052
2.1671711461900e-04;       6052
2.1673647556100e-04;       5463
2.1675582435400e-04;       5463
2.1677518515100e-04;       4874
2.1679453415800e-04;       4874
2.1681389491100e-04;       -426
2.1683324379400e-04;       -426
2.1685260448400e-04;      -1015
2.1687195335100e-04;      -1015
2.1689131410000e-04;       1486
2.1691066288400e-04;       1486
2.1693002367400e-04;        897
2.1694614683700e-04;        897
2.1696550768800e-04;        308
2.1698485645800e-04;        308
2.1700421743700e-04;       2809
2.1702356640000e-04;       2809
2.1704292720500e-04;       2220
2.1706227603800e-04;       2220
2.1708163690000e-04;      -3080
2.1710098572700e-04;      -3080
2.1712034667000e-04;       4132
2.1713969551700e-04;       4132
2.1715905643500e-04;       3543
2.1717840540000e-04;       3543
2.1719776620300e-04;      -1757
2.1721711492600e-04;      -1757
2.1723647582000e-04;       5455
2.1725582485100e-04;       5455
2.1727518563900e-04;       4866
2.1729453439500e-04;       4866
2.1731389547900e-04;       7367
2.1733324442900e-04;       7367
2.1735260526500e-04;       6778
2.1737195413200e-04;       6778
2.1739131500100e-04;       1478
2.1741066382500e-04;       1478
2.1743002464400e-04;        889
2.1744614781900e-04;        889
2.1746550852800e-04;       8101
2.1748485729700e-04;       8101
2.1750421805000e-04;       2801
2.1752356681600e-04;       2801
2.1754292757000e-04;       2212
2.1756227640600e-04;       2212
2.1758163691500e-04;      -3088
2.1760098583400e-04;      -3088
2.1762034660500e-04;       4124
2.1763969555900e-04;       4124
2.1765905637700e-04;       3535
2.1767840526200e-04;       3535
2.1769776592900e-04;       6036
2.1771711478000e-04;       6036
2.1773647542100e-04;       5447
2.1775582417100e-04;       5447
2.1777518506700e-04;       4858
2.1779453376300e-04;       4858
2.1781389448000e-04;       -442
2.1783324333600e-04;       -442
2.1785260408100e-04;       6770
2.1787195275100e-04;       6770
2.1789131356800e-04;       1470
2.1791066225700e-04;       1470
2.1793002313700e-04;        881
2.1794614631300e-04;        881
2.1796550709500e-04;       8093
2.1798485572700e-04;       8093
2.1800421653700e-04;       2793
2.1802356537600e-04;       2793
2.1804292618700e-04;       2204
2.1806227524500e-04;       2204
2.1808163617300e-04;      -3096
2.1810098491900e-04;      -3096
2.1812034574000e-04;       4116
2.1813969451500e-04;       4116
2.1815905559400e-04;       3527
2.1817840424100e-04;       3527
2.1819776517600e-04;       6028
2.1821711408100e-04;       6028
2.1823647491800e-04;       5439
2.1825582376500e-04;       5439
2.1827518457800e-04;       4850
2.1829453355000e-04;       4850
2.1831389433700e-04;       -450
2.1833324314700e-04;       -450
2.1835260410100e-04;       6762
2.1837195282100e-04;       6762
2.1839131371200e-04;       1462
2.1841066251100e-04;       1462
2.1843002337300e-04;        873
2.1844614635200e-04;        873
2.1846550708200e-04;       8085
2.1848485594600e-04;       8085
2.1850421672100e-04;       2785
2.1852356549600e-04;       2785
2.1854292620700e-04;       2196
2.1856227512400e-04;       2196
2.1858163602100e-04;      -3104
2.1860098500600e-04;      -3104
2.1862034571500e-04;       4108
2.1863969442000e-04;       4108
2.1865905518200e-04;       3519
2.1867840400500e-04;       3519
2.1869776493800e-04;      -1781
2.1871711378800e-04;      -1781
2.1873647471300e-04;       5431
2.1875582341700e-04;       5431
2.1877518418500e-04;       4842
2.1879453296800e-04;       4842
2.1881389394100e-04;       -458
2.1883324279100e-04;       -458
2.1885260370600e-04;      -1047
2.1887195241800e-04;      -1047
2.1889131320800e-04;       1454
2.1891066200400e-04;       1454
2.1893002280700e-04;        865
2.1894614595700e-04;        865
2.1896550677000e-04;        276
2.1898485567600e-04;        276
2.1900421651400e-04;       2777
2.1902356534700e-04;       2777
2.1904292615800e-04;       2188
2.1906227513400e-04;       2188
2.1908163592400e-04;      -3112
2.1910098487900e-04;      -3112
2.1912034593000e-04;      -3701
2.1913969481800e-04;      -3701
2.1915905561500e-04;       3511
2.1917840448800e-04;       3511
2.1919776537200e-04;       6012
2.1921711430300e-04;       6012
2.1923647516300e-04;       5423
2.1925582394500e-04;       5423
2.1927518479200e-04;       4834
2.1929453372800e-04;       4834
2.1931389451200e-04;       -466
2.1933324332300e-04;       -466
2.1935260421700e-04;      -1055
2.1937195314500e-04;      -1055
2.1939131392400e-04;       1446
2.1941066287100e-04;       1446
2.1943002365900e-04;        857
2.1944614677300e-04;        857
2.1946550760300e-04;       8069
2.1948485649200e-04;       8069
2.1950421724200e-04;       2769
2.1952356623300e-04;       2769
2.1954292701500e-04;       2180
2.1956227588000e-04;       2180
2.1958163679500e-04;      -3120
2.1960098569600e-04;      -3120
2.1962034654900e-04;       4092
2.1963969533000e-04;       4092
2.1965905615100e-04;       3503
2.1967840489300e-04;       3503
2.1969776579200e-04;       6004
2.1971711478900e-04;       6004
2.1973647575200e-04;       5415
2.1975582446700e-04;       5415
2.1977518506900e-04;       4826
2.1979453387800e-04;       4826
2.1981389477500e-04;       -474
2.1983324377900e-04;       -474
2.1985260456300e-04;      -1063
2.1987195336900e-04;      -1063
2.1989131419100e-04;       1438
2.1991066299800e-04;       1438
2.1993002386800e-04;        849
2.1994614691600e-04;        849
2.1996550764200e-04;       8061
2.1998485651400e-04;       8061
2.2000421740700e-04;       2761
2.2002356625800e-04;       2761
2.2004292709100e-04;       2172
2.2006227598100e-04;       2172
2.2008163682100e-04;      -3128
2.2010098544700e-04;      -3128
2.2012034629900e-04;       4084
2.2013969507500e-04;       4084
2.2015905577700e-04;       3495
2.2017840485800e-04;       3495
2.2019776563600e-04;       5996
2.2021711437700e-04;       5996
2.2023647504100e-04;       5407
2.2025582400600e-04;       5407
2.2027518486400e-04;       4818
2.2029453358400e-04;       4818
2.2031389433800e-04;       -482
2.2033324341800e-04;       -482
2.2035260414000e-04;      -1071
2.2037195302800e-04;      -1071
2.2039131382500e-04;       1430
2.2041066255700e-04;       1430
2.2043002318000e-04;        841
2.2044614633400e-04;        841
2.2046550722200e-04;       8053
2.2048485606300e-04;       8053
2.2050421677100e-04;       2753
2.2052356561200e-04;       2753
2.2054292641700e-04;       2164
2.2056227535500e-04;       2164
2.2058163623000e-04;      -3136
2.2060098519300e-04;      -3136
2.2062034582600e-04;       4076
2.2063969482700e-04;       4076
2.2065905570200e-04;       3487
2.2067840462400e-04;       3487
2.2069776537200e-04;       5988
2.2071711419200e-04;       5988
2.2073647490300e-04;       5399
2.2075582368700e-04;       5399
2.2077518459100e-04;       4810
2.2079453332800e-04;       4810
2.2081389412300e-04;       -490
2.2083324286800e-04;       -490
2.2085260378700e-04;       6722
2.2087195268400e-04;       6722
2.2089131354400e-04;       1422
2.2091066231200e-04;       1422
2.2093002335300e-04;        833
2.2094614631300e-04;        833
2.2096550705500e-04;        244
2.2098485593200e-04;        244
2.2100421664200e-04;       2745
2.2102356559000e-04;       2745
2.2104292648500e-04;       2156
2.2106227518400e-04;       2156
2.2108163621600e-04;      -3144
2.2110098484500e-04;      -3144
2.2112034571400e-04;       4068
2.2113969461300e-04;       4068
2.2115905535300e-04;       3479
2.2117840424300e-04;       3479
2.2119776517700e-04;       5980
2.2121711393400e-04;       5980
2.2123647486200e-04;       5391
2.2125582361900e-04;       5391
2.2127518442500e-04;       4802
2.2129453340100e-04;       4802
2.2131389415100e-04;       -498
2.2133324305300e-04;       -498
2.2135260384600e-04;      -1087
2.2137195262400e-04;      -1087
2.2139131348000e-04;       1414
2.2141066216200e-04;       1414
2.2143002314100e-04;        825
2.2144614625400e-04;        825
2.2146550692900e-04;        236
2.2148485592400e-04;        236
2.2150421681800e-04;       2737
2.2152356583200e-04;       2737
2.2154292666800e-04;       2148
2.2156227558800e-04;       2148
2.2158163640100e-04;      -3152
2.2160098506300e-04;      -3152
2.2162034584800e-04;       4060
2.2163969466400e-04;       4060
2.2165905558500e-04;       3471
2.2167840438100e-04;       3471
2.2169776530100e-04;       5972
2.2171711418100e-04;       5972
2.2173647500700e-04;       5383
2.2175582392700e-04;       5383
2.2177518473600e-04;       4794
2.2179453348600e-04;       4794
2.2181389420700e-04;       -506
2.2183324294800e-04;       -506
2.2185260373400e-04;      -1095
2.2187195257900e-04;      -1095
2.2189131328000e-04;       1406
2.2191066202100e-04;       1406
2.2193002295800e-04;        817
2.2194614600400e-04;        817
2.2196550676800e-04;        228
2.2198485557900e-04;        228
2.2200421626400e-04;       2729
2.2202356520800e-04;       2729
2.2204292600300e-04;       2140
2.2206227486600e-04;       2140
2.2208163578600e-04;      -3160
2.2210098464300e-04;      -3160
2.2212034554200e-04;      -3749
2.2213969427000e-04;      -3749
2.2215905503100e-04;       3463
2.2217840384300e-04;       3463
2.2219776473400e-04;      -1837
2.2221711349900e-04;      -1837
2.2223647434700e-04;       5375
2.2225582335800e-04;       5375
2.2227518424500e-04;       4786
2.2229453301600e-04;       4786
2.2231389375700e-04;       -514
2.2233324276800e-04;       -514
2.2235260363400e-04;      -1103
2.2237195251400e-04;      -1103
2.2239131343000e-04;       1398
2.2241066216500e-04;       1398
2.2243002312800e-04;        809
2.2244614621300e-04;        809
2.2246550691400e-04;        220
2.2248485588200e-04;        220
2.2250421681000e-04;       2721
2.2252356566200e-04;       2721
2.2254292653600e-04;       2132
2.2256227547500e-04;       2132
2.2258163636600e-04;      -3168
2.2260098501200e-04;      -3168
2.2262034604200e-04;       4044
2.2263969489000e-04;       4044
2.2265905575800e-04;       3455
2.2267840467400e-04;       3455
2.2269776556200e-04;       5956
2.2271711430600e-04;       5956
2.2273647514200e-04;       5367
2.2275582403600e-04;       5367
2.2277518499500e-04;       4778
2.2279453395200e-04;       4778
2.2281389470900e-04;       -522
2.2283324371600e-04;       -522
2.2285260443500e-04;       6690
2.2287195335500e-04;       6690
2.2289131412300e-04;       1390
2.2291066281500e-04;       1390
2.2293002352700e-04;        801
2.2294614651200e-04;        801
2.2296550730900e-04;       8013
2.2298485614900e-04;       8013
2.2300421716000e-04;       2713
2.2302356602800e-04;       2713
2.2304292682500e-04;       2124
2.2306227586300e-04;       2124
2.2308163664500e-04;      -3176
2.2310098544600e-04;      -3176
2.2312034617400e-04;       4036
2.2313969488400e-04;       4036
2.2315905576300e-04;       3447
2.2317840461200e-04;       3447
2.2319776538000e-04;       5948
2.2321711424200e-04;       5948
2.2323647517300e-04;       5359
2.2325582399800e-04;       5359
2.2327518482400e-04;       4770
2.2329453364400e-04;       4770
2.2331389445300e-04;       -530
2.2333324325600e-04;       -530
2.2335260401900e-04;      -1119
2.2337195280900e-04;      -1119
2.2339131340100e-04;       1382
2.2341066231500e-04;       1382
2.2343002319500e-04;        793
2.2344614627000e-04;        793
2.2346550720100e-04;        204
2.2348485613200e-04;        204
2.2350421678600e-04;       2705
2.2352356570500e-04;       2705
2.2354292660000e-04;       2116
2.2356227519600e-04;       2116
2.2358163606300e-04;      -3184
2.2360098486700e-04;      -3184
2.2362034573800e-04;       4028
2.2363969460900e-04;       4028
2.2365905535800e-04;       3439
2.2367840420200e-04;       3439
2.2369776500800e-04;       5940
2.2371711395100e-04;       5940
2.2373647484000e-04;       5351
2.2375582361500e-04;       5351
2.2377518463600e-04;       4762
2.2379453344200e-04;       4762
2.2381389432400e-04;       -538
2.2383324307700e-04;       -538
2.2385260384100e-04;       6674
2.2387195274600e-04;       6674
2.2389131361700e-04;       1374
2.2391066232700e-04;       1374
2.2393002312900e-04;        785
2.2394614612800e-04;        785
2.2396550683400e-04;       7997
2.2398485569600e-04;       7997
2.2400421637400e-04;       2697
2.2402356508600e-04;       2697
2.2404292591100e-04;       2108
2.2406227452200e-04;       2108
2.2408163536300e-04;      -3192
2.2410098432800e-04;      -3192
2.2412034499600e-04;       4020
2.2413969370700e-04;       4020
2.2415905440600e-04;       3431
2.2417840322000e-04;       3431
2.2419776411300e-04;      -1869
2.2421711297500e-04;      -1869
2.2423647370000e-04;       5343
2.2425582258400e-04;       5343
2.2427518353400e-04;       4754
2.2429453224000e-04;       4754
2.2431389313700e-04;       -546
2.2433324187000e-04;       -546
2.2435260282300e-04;      -1135
2.2437195162700e-04;      -1135
2.2439131250700e-04;       1366
2.2441066149700e-04;       1366
2.2443002229300e-04;        777
2.2444614516500e-04;        777
2.2446550607800e-04;        188
2.2448485467300e-04;        188
2.2450421573500e-04;       2689
2.2452356457600e-04;       2689
2.2454292551700e-04;       2100
2.2456227431500e-04;       2100
2.2458163515100e-04;      -3200
2.2460098387900e-04;      -3200
2.2462034462100e-04;       4012
2.2463969351300e-04;       4012
2.2465905446500e-04;       3423
2.2467840330000e-04;       3423
2.2469776410200e-04;       5924
2.2471711306700e-04;       5924
2.2473647399700e-04;       5335
2.2475582284200e-04;       5335
2.2477518380400e-04;       4746
2.2479453254400e-04;       4746
2.2481389352600e-04;       -554
2.2483324234800e-04;       -554
2.2485260305100e-04;      -1143
2.2487195192800e-04;      -1143
2.2489131265100e-04;       1358
2.2491066149900e-04;       1358
2.2493002229400e-04;        769
2.2494614528700e-04;        769
2.2496550619300e-04;       7981
2.2498485511300e-04;       7981
2.2500421596700e-04;       2681
2.2502356487300e-04;       2681
2.2504292570400e-04;       2092
2.2506227445700e-04;       2092
2.2508163524100e-04;      -3208
2.2510098400300e-04;      -3208
2.2512034480800e-04;       4004
2.2513969365300e-04;       4004
2.2515905453300e-04;       3415
2.2517840330000e-04;       3415
2.2519776411000e-04;       5916
2.2521711295600e-04;       5916
2.2523647364900e-04;       5327
2.2525582260500e-04;       5327
2.2527518333400e-04;       4738
2.2529453222700e-04;       4738
2.2531389309400e-04;       -562
2.2533324195000e-04;       -562
2.2535260276900e-04;      -1151
2.2537195154400e-04;      -1151
2.2539131236300e-04;       1350
2.2541066120300e-04;       1350
2.2543002199600e-04;        761
2.2544614496400e-04;        761
2.2546550584000e-04;        172
2.2548485446200e-04;        172
2.2550421543700e-04;       2673
2.2552356431800e-04;       2673
2.2554292509900e-04;       2084
2.2556227398300e-04;       2084
2.2558163501000e-04;      -3216
2.2560098373000e-04;      -3216
2.2562034459800e-04;       3996
2.2563969343900e-04;       3996
2.2565905423000e-04;       3407
2.2567840312500e-04;       3407
2.2569776403600e-04;      -1893
2.2571711284800e-04;      -1893
2.2573647381400e-04;      -2482
2.2575582259900e-04;      -2482
2.2577518347600e-04;       4730
2.2579453235900e-04;       4730
2.2581389332600e-04;       -570
2.2583324227200e-04;       -570
2.2585260310800e-04;      -1159
2.2587195200900e-04;      -1159
2.2589131286100e-04;       1342
2.2591066193200e-04;       1342
2.2593002279700e-04;        753
2.2594614586000e-04;        753
2.2596550678600e-04;        164
2.2598485559500e-04;        164
2.2600421660800e-04;       2665
2.2602356535900e-04;       2665
2.2604292618000e-04;       2076
2.2606227512300e-04;       2076
2.2608163605600e-04;      -3224
2.2610098488500e-04;      -3224
2.2612034577600e-04;       3988
2.2613969465100e-04;       3988
2.2615905557700e-04;       3399
2.2617840451900e-04;       3399
2.2619776532600e-04;       5900
2.2621711410200e-04;       5900
2.2623647486500e-04;       5311
2.2625582373400e-04;       5311
2.2627518469800e-04;       4722
2.2629453368000e-04;       4722
2.2631389450800e-04;       -578
2.2633324341500e-04;       -578
2.2635260424400e-04;      -1167
2.2637195316000e-04;      -1167
2.2639131396700e-04;       1334
2.2641066282400e-04;       1334
2.2643002359800e-04;        745
2.2644614648900e-04;        745
2.2646550737700e-04;       7957
2.2648485628100e-04;       7957
2.2650421699000e-04;       2657
2.2652356580900e-04;       2657
2.2654292662500e-04;       2068
2.2656227549200e-04;       2068
2.2658163616900e-04;      -3232
2.2660098507500e-04;      -3232
2.2662034595500e-04;       3980
2.2663969483700e-04;       3980
2.2665905557200e-04;       3391
2.2667840455600e-04;       3391
2.2669776528300e-04;      -1909
2.2671711426500e-04;      -1909
2.2673647499300e-04;       5303
2.2675582400400e-04;       5303
2.2677518493200e-04;       4714
2.2679453373600e-04;       4714
2.2681389464500e-04;       7215
2.2683324362100e-04;       7215
2.2685260426400e-04;       6626
2.2687195312600e-04;       6626
2.2689131402200e-04;       1326
2.2691066294000e-04;       1326
2.2693002378600e-04;        737
2.2694614670800e-04;        737
2.2696550753000e-04;       7949
2.2698485641100e-04;       7949
2.2700421726200e-04;       2649
2.2702356618700e-04;       2649
2.2704292708000e-04;       2060
2.2706227588100e-04;       2060
2.2708163667300e-04;      -3240
2.2710098550700e-04;      -3240
2.2712034633200e-04;       3972
2.2713969516200e-04;       3972
2.2715905614100e-04;       3383
2.2717840487800e-04;       3383
2.2719776555000e-04;       5884
2.2721711451100e-04;       5884
2.2723647540800e-04;       5295
2.2725582425600e-04;       5295
2.2727518515400e-04;       4706
2.2729453404500e-04;       4706
2.2731389488500e-04;       -594
2.2733324383300e-04;       -594
2.2735260463700e-04;      -1183
2.2737195352100e-04;      -1183
2.2739131429900e-04;       1318
2.2741066317700e-04;       1318
2.2743002393200e-04;        729
2.2744614693100e-04;        729
2.2746550776500e-04;       7941
2.2748485656800e-04;       7941
2.2750421740900e-04;       2641
2.2752356627200e-04;       2641
2.2754292710500e-04;       2052
2.2756227590500e-04;       2052
2.2758163684300e-04;      -3248
2.2760098547400e-04;      -3248
2.2762034627300e-04;       3964
2.2763969517900e-04;       3964
2.2765905610800e-04;       3375
2.2767840504800e-04;       3375
2.2769776560400e-04;       5876
2.2771711451700e-04;       5876
2.2773647538500e-04;       5287
2.2775582439800e-04;       5287
2.2777518526800e-04;       4698
2.2779453420500e-04;       4698
2.2781389491600e-04;       -602
2.2783324378700e-04;       -602
2.2785260472800e-04;      -1191
2.2787195354100e-04;      -1191
2.2789131453000e-04;       1310
2.2791066328300e-04;       1310
2.2793002411700e-04;        721
2.2794614703900e-04;        721
2.2796550772700e-04;       7933
2.2798485653300e-04;       7933
2.2800421732300e-04;       2633
2.2802356613200e-04;       2633
2.2804292693300e-04;       2044
2.2806227562100e-04;       2044
2.2808163630700e-04;      -3256
2.2810098530700e-04;      -3256
2.2812034606500e-04;       3956
2.2813969499300e-04;       3956
2.2815905579500e-04;       3367
2.2817840471600e-04;       3367
2.2819776560400e-04;       5868
2.2821711442500e-04;       5868
2.2823647532300e-04;       5279
2.2825582412300e-04;       5279
2.2827518500600e-04;       4690
2.2829453389300e-04;       4690
2.2831389472800e-04;       -610
2.2833324353000e-04;       -610
2.2835260440000e-04;       6602
2.2837195311800e-04;       6602
2.2839131404100e-04;       1302
2.2841066292500e-04;       1302
2.2843002367000e-04;        713
2.2844614661100e-04;        713
2.2846550734900e-04;       7925
2.2848485619600e-04;       7925
2.2850421703000e-04;       2625
2.2852356590000e-04;       2625
2.2854292659300e-04;       2036
2.2856227538000e-04;       2036
2.2858163625400e-04;      -3264
2.2860098504200e-04;      -3264
2.2862034601900e-04;      -3853
2.2863969473500e-04;      -3853
2.2865905542300e-04;       3359
2.2867840412300e-04;       3359
2.2869776506500e-04;       5860
2.2871711400400e-04;       5860
2.2873647492000e-04;       5271
2.2875582381500e-04;       5271
2.2877518470000e-04;       4682
2.2879453358700e-04;       4682
2.2881389448200e-04;       -618
2.2883324336300e-04;       -618
2.2885260424600e-04;      -1207
2.2887195305700e-04;      -1207
2.2889131371400e-04;       1294
2.2891066240300e-04;       1294
2.2893002326700e-04;        705
2.2894614625600e-04;        705
2.2896550695000e-04;        116
2.2898485581300e-04;        116
2.2900421672700e-04;       2617
2.2902356555300e-04;       2617
2.2904292648700e-04;       2028
2.2906227544800e-04;       2028
2.2908163629200e-04;      -3272
2.2910098503300e-04;      -3272
2.2912034586800e-04;       3940
2.2913969477000e-04;       3940
2.2915905555900e-04;       3351
2.2917840451500e-04;       3351
2.2919776544300e-04;       5852
2.2921711424500e-04;       5852
2.2923647517500e-04;       5263
2.2925582403900e-04;       5263
2.2927518499000e-04;       4674
2.2929453375600e-04;       4674
2.2931389463600e-04;       -626
2.2933324351400e-04;       -626
2.2935260433500e-04;      -1215
2.2937195309200e-04;      -1215
2.2939131382400e-04;       1286
2.2941066267300e-04;       1286
2.2943002348100e-04;        697
2.2944614648500e-04;        697
2.2946550739900e-04;        108
2.2948485622000e-04;        108
2.2950421725900e-04;       2609
2.2952356611900e-04;       2609
2.2954292689900e-04;       2020
2.2956227571800e-04;       2020
2.2958163646100e-04;      -3280
2.2960098532800e-04;      -3280
2.2962034610700e-04;       3932
2.2963969490700e-04;       3932
2.2965905576800e-04;       3343
2.2967840458000e-04;       3343
2.2969776545900e-04;      -1957
2.2971711435200e-04;      -1957
2.2973647508400e-04;       5255
2.2975582400800e-04;       5255
2.2977518496800e-04;       4666
2.2979453355400e-04;       4666
2.2981389450800e-04;       -634
2.2983324333500e-04;       -634
2.2985260425500e-04;       6578
2.2987195311800e-04;       6578
2.2989131380700e-04;       1278
2.2991066272200e-04;       1278
2.2993002351500e-04;        689
2.2994614661300e-04;        689
2.2996550729200e-04;       7901
2.2998485612200e-04;       7901
2.3000421695900e-04;       2601
2.3002356556000e-04;       2601
2.3004292651100e-04;       2012
2.3006227538100e-04;       2012
2.3008163609900e-04;      -3288
2.3010098491900e-04;      -3288
2.3012034558400e-04;       3924
2.3013969440400e-04;       3924
2.3015905536100e-04;       3335
2.3017840412100e-04;       3335
2.3019776491700e-04;       5836
2.3021711375300e-04;       5836
2.3023647468500e-04;       5247
2.3025582349500e-04;       5247
2.3027518427900e-04;       4658
2.3029453314400e-04;       4658
2.3031389379700e-04;       -642
2.3033324260700e-04;       -642
2.3035260338900e-04;      -1231
2.3037195238300e-04;      -1231
2.3039131319200e-04;       1270
2.3041066203700e-04;       1270
2.3043002276600e-04;        681
2.3044614577000e-04;        681
2.3046550658000e-04;         92
2.3048485536900e-04;         92
2.3050421613500e-04;       2593
2.3052356502700e-04;       2593
2.3054292591200e-04;       2004
2.3056227474600e-04;       2004
2.3058163572600e-04;      -3296
2.3060098459000e-04;      -3296
2.3062034546900e-04;       3916
2.3063969424600e-04;       3916
2.3065905507200e-04;       3327
2.3067840396700e-04;       3327
2.3069776486800e-04;      -1973
2.3071711368600e-04;      -1973
2.3073647462400e-04;       5239
2.3075582336600e-04;       5239
2.3077518437300e-04;       4650
2.3079453336200e-04;       4650
2.3081389411600e-04;       -650
2.3083324299000e-04;       -650
2.3085260398500e-04;      -1239
2.3087195274300e-04;      -1239
2.3089131348500e-04;       1262
2.3091066239600e-04;       1262
2.3093002329500e-04;        673
2.3094614620800e-04;        673
2.3096550708800e-04;       7885
2.3098485589100e-04;       7885
2.3100421672000e-04;       2585
2.3102356563000e-04;       2585
2.3104292649200e-04;       1996
2.3106227522100e-04;       1996
2.3108163600700e-04;      -3304
2.3110098498500e-04;      -3304
2.3112034574600e-04;       3908
2.3113969474000e-04;       3908
2.3115905566400e-04;       3319
2.3117840431300e-04;       3319
2.3119776532300e-04;       5820
2.3121711404900e-04;       5820
2.3123647479000e-04;       5231
2.3125582352700e-04;       5231
2.3127518454100e-04;       4642
2.3129453329700e-04;       4642
2.3131389413400e-04;       -658
2.3133324301900e-04;       -658
2.3135260387800e-04;      -1247
2.3137195259100e-04;      -1247
2.3139131350100e-04;       1254
2.3141066228400e-04;       1254
2.3143002321200e-04;        665
2.3144614633500e-04;        665
2.3146550720400e-04;         76
2.3148485595800e-04;         76
2.3150421693500e-04;       2577
2.3152356587100e-04;       2577
2.3154292686900e-04;       1988
2.3156227582900e-04;       1988
2.3158163655000e-04;      -3312
2.3160098552000e-04;      -3312
2.3162034643700e-04;       3900
2.3163969514800e-04;       3900
2.3165905603200e-04;       3311
2.3167840484400e-04;       3311
2.3169776574800e-04;       5812
2.3171711442800e-04;       5812
2.3173647526900e-04;       5223
2.3175582401500e-04;       5223
2.3177518485900e-04;       4634
2.3179453354600e-04;       4634
2.3181389438300e-04;       -666
2.3183324316600e-04;       -666
2.3185260402000e-04;       6546
2.3187195284400e-04;       6546
2.3189131382200e-04;       1246
2.3191066253900e-04;       1246
2.3193002339100e-04;        657
2.3194614653400e-04;        657
2.3196550737500e-04;       7869
2.3198485622900e-04;       7869
2.3200421713400e-04;       2569
2.3202356598700e-04;       2569
2.3204292691800e-04;       1980
2.3206227568600e-04;       1980
2.3208163669600e-04;      -3320
2.3210098543600e-04;      -3320
2.3212034617500e-04;       3892
2.3213969506400e-04;       3892
2.3215905604600e-04;       3303
2.3217840486500e-04;       3303
2.3219776567900e-04;       5804
2.3221711445100e-04;       5804
2.3223647530100e-04;       5215
2.3225582429400e-04;       5215
2.3227518506000e-04;       4626
2.3229453384700e-04;       4626
2.3231389454000e-04;       -674
2.3233324336800e-04;       -674
2.3235260403600e-04;       6538
2.3237195297200e-04;       6538
2.3239131377500e-04;       1238
2.3241066274400e-04;       1238
2.3243002352600e-04;        649
2.3244614654300e-04;        649
2.3246550740500e-04;       7861
2.3248485625000e-04;       7861
2.3250421709700e-04;       2561
2.3252356582400e-04;       2561
2.3254292667100e-04;       1972
2.3256227558900e-04;       1972
2.3258163642900e-04;      -3328
2.3260098520900e-04;      -3328
2.3262034608200e-04;       3884
2.3263969489000e-04;       3884
2.3265905564000e-04;       3295
2.3267840459200e-04;       3295
2.3269776534400e-04;       5796
2.3271711437800e-04;       5796
2.3273647521300e-04;       5207
2.3275582398600e-04;       5207
2.3277518469500e-04;       4618
2.3279453358800e-04;       4618
2.3281389450100e-04;       -682
2.3283324339500e-04;       -682
2.3285260407600e-04;      -1271
2.3287195301500e-04;      -1271
2.3289131377300e-04;       1230
2.3291066256900e-04;       1230
2.3293002333200e-04;        641
2.3294614621900e-04;        641
2.3296550695700e-04;       7853
2.3298485581000e-04;       7853
2.3300421677400e-04;       2553
2.3302356570700e-04;       2553
2.3304292650900e-04;       1964
2.3306227529100e-04;       1964
2.3308163612900e-04;      -3336
2.3310098503900e-04;      -3336
2.3312034594400e-04;       3876
2.3313969465800e-04;       3876
2.3315905552900e-04;       3287
2.3317840445400e-04;       3287
2.3319776516400e-04;       5788
2.3321711399900e-04;       5788
2.3323647482000e-04;       5199
2.3325582370400e-04;       5199
2.3327518485700e-04;       4610
2.3329453348800e-04;       4610
2.3331389442700e-04;       -690
2.3333324314700e-04;       -690
2.3335260388700e-04;      -1279
2.3337195279300e-04;      -1279
2.3339131360100e-04;       1222
2.3341066211400e-04;       1222
2.3343002290900e-04;        633
2.3344614595900e-04;        633
2.3346550689900e-04;         44
2.3348485569700e-04;         44
2.3350421647500e-04;       2545
2.3352356515100e-04;       2545
2.3354292599100e-04;       1956
2.3356227468100e-04;       1956
2.3358163566600e-04;      -3344
2.3360098453200e-04;      -3344
2.3362034526000e-04;       3868
2.3363969416700e-04;       3868
2.3365905483600e-04;       3279
2.3367840377100e-04;       3279
2.3369776465200e-04;      -2021
2.3371711342300e-04;      -2021
2.3373647426500e-04;       5191
2.3375582323100e-04;       5191
2.3377518410400e-04;       4602
2.3379453292500e-04;       4602
2.3381389378500e-04;       -698
2.3383324276100e-04;       -698
2.3385260369400e-04;      -1287
2.3387195265500e-04;      -1287
2.3389131343300e-04;       1214
2.3391066231300e-04;       1214
2.3393002319800e-04;        625
2.3394614609900e-04;        625
2.3396550696400e-04;       7837
2.3398485594400e-04;       7837
2.3400421697100e-04;       2537
2.3402356588900e-04;       2537
2.3404292659100e-04;       1948
2.3406227542900e-04;       1948
2.3408163627800e-04;      -3352
2.3410098507800e-04;      -3352
2.3412034585800e-04;       3860
2.3413969462900e-04;       3860
2.3415905546200e-04;       3271
2.3417840431500e-04;       3271
2.3419776506900e-04;       5772
2.3421711384700e-04;       5772
2.3423647467100e-04;       5183
2.3425582350500e-04;       5183
2.3427518434600e-04;       4594
2.3429453329600e-04;       4594
2.3431389403300e-04;       -706
2.3433324289900e-04;       -706
2.3435260373800e-04;      -1295
2.3437195244100e-04;      -1295
2.3439131320000e-04;       1206
2.3441066206300e-04;       1206
2.3443002288200e-04;        617
2.3444614579200e-04;        617
2.3446550673000e-04;       7829
2.3448485560500e-04;       7829
2.3450421629900e-04;       2529
2.3452356515400e-04;       2529
2.3454292613200e-04;       1940
2.3456227482900e-04;       1940
2.3458163564500e-04;      -3360
2.3460098448100e-04;      -3360
2.3462034548800e-04;       3852
2.3463969415100e-04;       3852
2.3465905510600e-04;       3263
2.3467840401100e-04;       3263
2.3469776497600e-04;       5764
2.3471711378400e-04;       5764
2.3473647463700e-04;       5175
2.3475582336400e-04;       5175
2.3477518429100e-04;       4586
2.3479453317200e-04;       4586
2.3481389397500e-04;       -714
2.3483324282400e-04;       -714
2.3485260377500e-04;       6498
2.3487195251700e-04;       6498
2.3489131346000e-04;       1198
2.3491066235000e-04;       1198
2.3493002314800e-04;        609
2.3494614626800e-04;        609
2.3496550703700e-04;         20
2.3498485573300e-04;         20
2.3500421661300e-04;       2521
2.3502356540100e-04;       2521
2.3504292616100e-04;       1932
2.3506227495600e-04;       1932
2.3508163587800e-04;      -3368
2.3510098479500e-04;      -3368
2.3512034553200e-04;       3844
2.3513969445300e-04;       3844
2.3515905523200e-04;       3255
2.3517840425500e-04;       3255
2.3519776520700e-04;      -2045
2.3521711400200e-04;      -2045
2.3523647486000e-04;       5167
2.3525582366400e-04;       5167
2.3527518438500e-04;       4578
2.3529453311600e-04;       4578
2.3531389418900e-04;       -722
2.3533324299600e-04;       -722
2.3535260385100e-04;      -1311
2.3537195272900e-04;      -1311
2.3539131356800e-04;       1190
2.3541066253200e-04;       1190
2.3543002347100e-04;        601
2.3544614650300e-04;        601
2.3546550732900e-04;       7813
2.3548485629100e-04;       7813
2.3550421703200e-04;       2513
2.3552356587000e-04;       2513
2.3554292678100e-04;       1924
2.3556227551100e-04;       1924
2.3558163643500e-04;      -3376
2.3560098538500e-04;      -3376
2.3562034641000e-04;       3836
2.3563969518200e-04;       3836
2.3565905602600e-04;       3247
2.3567840492200e-04;       3247
2.3569776586600e-04;       5748
2.3571711484800e-04;       5748
2.3573647574800e-04;       5159
2.3575582460100e-04;       5159
2.3577518550800e-04;       4570
2.3579453428400e-04;       4570
2.3581389509600e-04;       -730
2.3583324399500e-04;       -730
2.3585260473800e-04;      -1319
2.3587195365900e-04;      -1319
2.3589131435200e-04;       1182
2.3591066324100e-04;       1182
2.3593002403100e-04;        593
2.3594614705400e-04;        593
2.3596550791300e-04;       7805
2.3598485680400e-04;       7805
2.3600421762400e-04;       2505
2.3602356649100e-04;       2505
2.3604292727600e-04;       1916
2.3606227610000e-04;       1916
2.3608163696000e-04;      -3384
2.3610098590100e-04;      -3384
2.3612034669100e-04;       3828
2.3613969556200e-04;       3828
2.3615905641200e-04;       3239
2.3617840518500e-04;       3239
2.3619776590700e-04;       5740
2.3621711480000e-04;       5740
2.3623647560400e-04;       5151
2.3625582457100e-04;       5151
2.3627518538800e-04;       4562
2.3629453410700e-04;       4562
2.3631389507300e-04;       -738
2.3633324376500e-04;       -738
2.3635260476700e-04;      -1327
2.3637195341000e-04;      -1327
2.3639131430600e-04;       1174
2.3641066303900e-04;       1174
2.3643002384000e-04;        585
2.3644614688000e-04;        585
2.3646550791100e-04;       7797
2.3648485657700e-04;       7797
2.3650421740000e-04;       2497
2.3652356616300e-04;       2497
2.3654292702500e-04;       1908
2.3656227589700e-04;       1908
2.3658163681900e-04;      -3392
2.3660098567500e-04;      -3392
2.3662034649800e-04;       3820
2.3663969533100e-04;       3820
2.3665905619300e-04;       3231
2.3667840511600e-04;       3231
2.3669776618300e-04;       5732
2.3671711497700e-04;       5732
2.3673647585400e-04;       5143
2.3675582454500e-04;       5143
2.3677518548900e-04;       4554
2.3679453431600e-04;       4554
2.3681389509400e-04;       -746
2.3683324386400e-04;       -746
2.3685260469600e-04;      -1335
2.3687195352700e-04;      -1335
2.3689131431900e-04;       1166
2.3691066319100e-04;       1166
2.3693002396900e-04;        577
2.3694614702200e-04;        577
2.3696550776600e-04;       7789
2.3698485651100e-04;       7789
2.3700421736600e-04;       2489
2.3702356620300e-04;       2489
2.3704292706100e-04;       1900
2.3706227591600e-04;       1900
2.3708163681700e-04;      -3400
2.3710098568300e-04;      -3400
2.3712034654700e-04;       3812
2.3713969553600e-04;       3812
2.3715905641500e-04;       3223
2.3717840526300e-04;       3223
2.3719776614200e-04;       5724
2.3721711490500e-04;       5724
2.3723647567700e-04;       5135
2.3725582447400e-04;       5135
2.3727518538600e-04;       4546
2.3729453428500e-04;       4546
2.3731389504600e-04;       -754
2.3733324400900e-04;       -754
2.3735260496000e-04;      -1343
2.3737195370400e-04;      -1343
2.3739131455600e-04;       1158
2.3741066344600e-04;       1158
2.3743002429700e-04;        569
2.3744614723500e-04;        569
2.3746550804200e-04;        -20
2.3748485685400e-04;        -20
2.3750421767100e-04;       2481
2.3752356644100e-04;       2481
2.3754292715500e-04;       1892
2.3756227614900e-04;       1892
2.3758163702300e-04;       4393
2.3760098586900e-04;       4393
2.3762034675100e-04;       3804
2.3763969562500e-04;       3804
2.3765905646800e-04;       3215
2.3767840544400e-04;       3215
2.3769776619800e-04;      -2085
2.3771711492800e-04;      -2085
2.3773647584200e-04;       5127
2.3775582488100e-04;       5127
2.3777518579800e-04;       4538
2.3779453490800e-04;       4538
2.3781389580900e-04;       -762
2.3783324449400e-04;       -762
2.3785260531400e-04;       6450
2.3787195405400e-04;       6450
2.3789131494900e-04;       1150
2.3791066376800e-04;       1150
2.3793002454000e-04;        561
2.3794614760400e-04;        561
2.3796550849600e-04;       7773
2.3798485736900e-04;       7773
2.3800421806800e-04;       2473
2.3802356685300e-04;       2473
2.3804292782700e-04;       1884
2.3806227664500e-04;       1884
2.3808163760600e-04;      -3416
2.3810098644600e-04;      -3416
2.3812034731300e-04;       3796
2.3813969622300e-04;       3796
2.3815905695600e-04;       3207
2.3817840575900e-04;       3207
2.3819776656500e-04;       5708
2.3821711538600e-04;       5708
2.3823647616800e-04;       5119
2.3825582489200e-04;       5119
2.3827518582100e-04;       4530
2.3829453467500e-04;       4530
2.3831389559700e-04;       7031
2.3833324476100e-04;       7031
2.3835260554600e-04;       6442
2.3837195429400e-04;       6442
2.3839131523200e-04;       1142
2.3841066393000e-04;       1142
2.3843002482100e-04;        553
2.3844614787300e-04;        553
2.3846550863800e-04;       7765
2.3848485731900e-04;       7765
2.3850421812400e-04;       2465
2.3852356694300e-04;       2465
2.3854292761900e-04;       1876
2.3856227638300e-04;       1876
2.3858163711900e-04;       4377
2.3860098580300e-04;       4377
2.3862034671800e-04;       3788
2.3863969551900e-04;       3788
2.3865905640800e-04;       3199
2.3867840536000e-04;       3199
2.3869776612300e-04;       5700
2.3871711490600e-04;       5700
2.3873647581400e-04;       5111
2.3875582468500e-04;       5111
2.3877518570100e-04;       4522
2.3879453465600e-04;       4522
2.3881389540000e-04;       -778
2.3883324423300e-04;       -778
2.3885260508300e-04;       6434
2.3887195390500e-04;       6434
2.3889131469900e-04;       1134
2.3891066350300e-04;       1134
2.3893002414500e-04;        545
2.3894614712600e-04;        545
2.3896550800800e-04;        -44
2.3898485667400e-04;        -44
2.3900421754100e-04;       2457
2.3902356646300e-04;       2457
2.3904292716600e-04;       1868
2.3906227603800e-04;       1868
2.3908163672500e-04;      -3432
2.3910098547100e-04;      -3432
2.3912034627400e-04;       3780
2.3913969504300e-04;       3780
2.3915905594300e-04;       3191
2.3917840485000e-04;       3191
2.3919776552900e-04;       5692
2.3921711437900e-04;       5692
2.3923647538900e-04;       5103
2.3925582415600e-04;       5103
2.3927518510700e-04;       4514
2.3929453399100e-04;       4514
2.3931389479900e-04;       -786
2.3933324363800e-04;       -786
2.3935260456500e-04;      -1375
2.3937195341900e-04;      -1375
2.3939131421800e-04;       1126
2.3941066293600e-04;       1126
2.3943002398000e-04;        537
2.3944614694000e-04;        537
2.3946550790600e-04;       7749
2.3948485666900e-04;       7749
2.3950421762200e-04;       2449
2.3952356638900e-04;       2449
2.3954292727900e-04;       1860
2.3956227606000e-04;       1860
2.3958163699500e-04;      -3440
2.3960098588000e-04;      -3440
2.3962034669200e-04;       3772
2.3963969550600e-04;       3772
2.3965905628600e-04;       3183
2.3967840515400e-04;       3183
2.3969776611300e-04;      -2117
2.3971711492900e-04;      -2117
2.3973647566800e-04;       5095
2.3975582474500e-04;       5095
2.3977518546000e-04;       4506
2.3979453433900e-04;       4506
2.3981389513000e-04;       -794
2.3983324391700e-04;       -794
2.3985260487700e-04;       6418
2.3987195366900e-04;       6418
2.3989131449400e-04;       1118
2.3991066320200e-04;       1118
2.3993002409900e-04;        529
2.3994614708700e-04;        529
2.3996550796000e-04;        -60
2.3998485665200e-04;        -60
2.4000421758700e-04;       2441
2.4002356662100e-04;       2441
2.4004292717600e-04;       1852
2.4006227605300e-04;       1852
2.4008163680100e-04;      -3448
2.4010098570000e-04;      -3448
2.4012034644600e-04;       3764
2.4013969545100e-04;       3764
2.4015905612600e-04;       3175
2.4017840523100e-04;       3175
2.4019776609800e-04;       5676
2.4021711492000e-04;       5676
2.4023647573900e-04;       5087
2.4025582453200e-04;       5087
2.4027518538700e-04;       4498
2.4029453420300e-04;       4498
2.4031389503400e-04;       -802
2.4033324388400e-04;       -802
2.4035260480000e-04;      -1391
2.4037195364400e-04;      -1391
2.4039131444500e-04;       1110
2.4041066324300e-04;       1110
2.4043002399800e-04;        521
2.4044614702900e-04;        521
2.4046550774700e-04;        -68
2.4048485678500e-04;        -68
2.4050421763400e-04;       2433
2.4052356648500e-04;       2433
2.4054292728000e-04;       1844
2.4056227621400e-04;       1844
2.4058163709900e-04;      -3456
2.4060098572900e-04;      -3456
2.4062034658600e-04;       3756
2.4063969539600e-04;       3756
2.4065905630500e-04;       3167
2.4067840523400e-04;       3167
2.4069776604800e-04;      -2133
2.4071711489800e-04;      -2133
2.4073647575100e-04;       5079
2.4075582481200e-04;       5079
2.4077518554500e-04;       4490
2.4079453452500e-04;       4490
2.4081389546800e-04;       -810
2.4083324433500e-04;       -810
2.4085260516300e-04;      -1399
2.4087195413900e-04;      -1399
2.4089131505100e-04;       1102
2.4091066383000e-04;       1102
2.4093002468100e-04;        513
2.4094614787600e-04;        513
2.4096550881000e-04;       7725
2.4098485768200e-04;       7725
2.4100421854700e-04;       2425
2.4102356753000e-04;       2425
2.4104292829600e-04;       1836
2.4106227727300e-04;       1836
2.4108163821000e-04;      -3464
2.4110098709800e-04;      -3464
2.4112034795200e-04;       3748
2.4113969684000e-04;       3748
2.4115905766800e-04;       3159
2.4117840653100e-04;       3159
2.4119776735200e-04;       5660
2.4121711614200e-04;       5660
2.4123647707400e-04;       5071
2.4125582596400e-04;       5071
2.4127518686800e-04;       4482
2.4129453584100e-04;       4482
2.4131389667100e-04;       6983
2.4133324531300e-04;       6983
2.4135260601900e-04;       6394
2.4137195480300e-04;       6394
2.4139131568200e-04;       1094
2.4141066447200e-04;       1094
2.4143002537200e-04;        505
2.4144614829600e-04;        505
2.4146550912400e-04;       7717
2.4148485785100e-04;       7717
2.4150421865700e-04;       2417
2.4152356743100e-04;       2417
2.4154292834500e-04;       1828
2.4156227706200e-04;       1828
2.4158163785600e-04;      -3472
2.4160098682400e-04;      -3472
2.4162034774800e-04;       3740
2.4163969656500e-04;       3740
2.4165905728700e-04;       3151
2.4167840625000e-04;       3151
2.4169776708000e-04;       5652
2.4171711592600e-04;       5652
2.4173647688500e-04;       5063
2.4175582564000e-04;       5063
2.4177518645100e-04;       4474
2.4179453532300e-04;       4474
2.4181389609200e-04;       -826
2.4183324514100e-04;       -826
2.4185260587900e-04;       6386
2.4187195477200e-04;       6386
2.4189131564600e-04;       1086
2.4191066456000e-04;       1086
2.4193002543200e-04;       8298
2.4194614833500e-04;       8298
2.4196550928900e-04;       7709
2.4198485824100e-04;       7709
2.4200421915200e-04;       2409
2.4202356800400e-04;       2409
2.4204292890500e-04;       1820
2.4206227756700e-04;       1820
2.4208163831700e-04;       4321
2.4210098705300e-04;       4321
2.4212034786100e-04;       3732
2.4213969660800e-04;       3732
2.4215905741900e-04;       3143
2.4217840623400e-04;       3143
2.4219776688100e-04;       5644
2.4221711576900e-04;       5644
2.4223647657000e-04;       5055
2.4225582534100e-04;       5055
2.4227518629500e-04;       4466
2.4229453520000e-04;       4466
2.4231389590600e-04;       6967
2.4233324487500e-04;       6967
2.4235260556600e-04;       6378
2.4237195447400e-04;       6378
2.4239131524200e-04;       1078
2.4241066407400e-04;       1078
2.4243002502900e-04;        489
2.4244614798000e-04;        489
2.4246550863600e-04;       7701
2.4248485760700e-04;       7701
2.4250421839700e-04;       2401
2.4252356720100e-04;       2401
2.4254292797700e-04;       1812
2.4256227684100e-04;       1812
2.4258163767200e-04;       4313
2.4260098646200e-04;       4313
2.4262034735300e-04;       3724
2.4263969609100e-04;       3724
2.4265905686200e-04;       3135
2.4267840577200e-04;       3135
2.4269776656600e-04;       5636
2.4271711541300e-04;       5636
2.4273647626000e-04;       5047
2.4275582520300e-04;       5047
2.4277518589700e-04;       4458
2.4279453468500e-04;       4458
2.4281389559400e-04;       -842
2.4283324463200e-04;       -842
2.4285260545300e-04;       6370
2.4287195441000e-04;       6370
2.4289131525400e-04;       1070
2.4291066399600e-04;       1070
2.4293002495000e-04;       8282
2.4294614799300e-04;       8282
2.4296550885600e-04;       7693
2.4298485756600e-04;       7693
2.4300421838000e-04;       2393
2.4302356722800e-04;       2393
2.4304292800600e-04;       1804
2.4306227678100e-04;       1804
2.4308163751900e-04;      -3496
2.4310098633300e-04;      -3496
2.4312034726600e-04;       3716
2.4313969603500e-04;       3716
2.4315905686700e-04;       3127
2.4317840562000e-04;       3127
2.4319776655200e-04;       5628
2.4321711539200e-04;       5628
2.4323647613200e-04;       5039
2.4325582508600e-04;       5039
2.4327518600700e-04;       4450
2.4329453484600e-04;       4450
2.4331389560200e-04;       6951
2.4333324440800e-04;       6951
2.4335260517100e-04;      -1439
2.4337195402500e-04;      -1439
2.4339131489900e-04;       1062
2.4341066369100e-04;       1062
2.4343002450500e-04;        473
2.4344614742900e-04;        473
2.4346550838600e-04;       7685
2.4348485733800e-04;       7685
2.4350421808900e-04;       2385
2.4352356677700e-04;       2385
2.4354292769300e-04;       1796
2.4356227642800e-04;       1796
2.4358163748300e-04;       4297
2.4360098632700e-04;       4297
2.4362034715000e-04;       3708
2.4363969612300e-04;       3708
2.4365905678300e-04;       3119
2.4367840558600e-04;       3119
2.4369776641500e-04;       5620
2.4371711517300e-04;       5620
2.4373647616500e-04;       5031
2.4375582503100e-04;       5031
2.4377518601800e-04;       4442
2.4379453471700e-04;       4442
2.4381389567700e-04;       -858
2.4383324446200e-04;       -858
2.4385260532500e-04;       6354
2.4387195419700e-04;       6354
2.4389131496200e-04;       1054
2.4391066384900e-04;       1054
2.4393002467300e-04;        465
2.4394614770700e-04;        465
2.4396550854500e-04;       7677
2.4398485749800e-04;       7677
2.4400421832000e-04;       2377
2.4402356710500e-04;       2377
2.4404292783700e-04;       1788
2.4406227670700e-04;       1788
2.4408163753600e-04;       4289
2.4410098643200e-04;       4289
2.4412034727400e-04;       3700
2.4413969609200e-04;       3700
2.4415905685200e-04;       3111
2.4417840584400e-04;       3111
2.4419776651800e-04;       5612
2.4421711561100e-04;       5612
2.4423647634100e-04;       5023
2.4425582512900e-04;       5023
2.4427518601000e-04;       4434
2.4429453497500e-04;       4434
2.4431389586400e-04;       6935
2.4433324462400e-04;       6935
2.4435260546000e-04;       6346
2.4437195415600e-04;       6346
2.4439131494300e-04;       1046
2.4441066375400e-04;       1046
2.4443002453500e-04;        457
2.4444614763100e-04;        457
2.4446550838000e-04;       7669
2.4448485719100e-04;       7669
2.4450421797600e-04;       2369
2.4452356678800e-04;       2369
2.4454292767000e-04;       1780
2.4456227651100e-04;       1780
2.4458163735200e-04;      -3520
2.4460098630100e-04;      -3520
2.4462034716100e-04;       3692
2.4463969604600e-04;       3692
2.4465905697400e-04;       3103
2.4467840580800e-04;       3103
2.4469776663600e-04;       5604
2.4471711537400e-04;       5604
2.4473647619300e-04;       5015
2.4475582503700e-04;       5015
2.4477518593600e-04;       4426
2.4479453485100e-04;       4426
2.4481389575500e-04;       6927
2.4483324466000e-04;       6927
2.4485260551900e-04;      -1463
2.4487195414900e-04;      -1463
2.4489131506400e-04;       1038
2.4491066389600e-04;       1038
2.4493002469400e-04;        449
2.4494614767700e-04;        449
2.4496550849000e-04;       7661
2.4498485726800e-04;       7661
2.4500421814500e-04;       2361
2.4502356689200e-04;       2361
2.4504292768900e-04;       1772
2.4506227637200e-04;       1772
2.4508163717000e-04;      -3528
2.4510098613700e-04;      -3528
2.4512034688200e-04;       3684
2.4513969580300e-04;       3684
2.4515905637000e-04;       3095
2.4517840521900e-04;       3095
2.4519776615900e-04;       5596
2.4521711487600e-04;       5596
2.4523647582200e-04;       5007
2.4525582463100e-04;       5007
2.4527518567800e-04;       4418
2.4529453450400e-04;       4418
2.4531389545600e-04;       -882
2.4533324423300e-04;       -882
2.4535260500000e-04;       6330
2.4537195393800e-04;       6330
2.4539131486500e-04;       1030
2.4541066364700e-04;       1030
2.4543002443400e-04;        441
2.4544614742900e-04;        441
2.4546550830800e-04;       7653
2.4548485715300e-04;       7653
2.4550421804000e-04;       2353
2.4552356677500e-04;       2353
2.4554292763400e-04;       1764
2.4556227646700e-04;       1764
2.4558163740500e-04;      -3536
2.4560098630100e-04;      -3536
2.4562034720300e-04;       3676
2.4563969589600e-04;       3676
2.4565905672500e-04;       3087
2.4567840557500e-04;       3087
2.4569776631500e-04;       5588
2.4571711515000e-04;       5588
2.4573647597500e-04;       4999
2.4575582496000e-04;       4999
2.4577518556600e-04;       4410
2.4579453430100e-04;       4410
2.4581389528300e-04;       -890
2.4583324425400e-04;       -890
2.4585260498700e-04;       6322
2.4587195391100e-04;       6322
2.4589131492600e-04;       1022
2.4591066375500e-04;       1022
2.4593002459400e-04;        433
2.4594614768100e-04;        433
2.4596550847900e-04;       7645
2.4598485726300e-04;       7645
2.4600421822500e-04;       2345
2.4602356705700e-04;       2345
2.4604292796400e-04;       1756
2.4606227679700e-04;       1756
2.4608163773800e-04;      -3544
2.4610098665500e-04;      -3544
2.4612034755900e-04;       3668
2.4613969639500e-04;       3668
2.4615905725400e-04;       3079
2.4617840609500e-04;       3079
2.4619776683900e-04;       5580
2.4621711579200e-04;       5580
2.4623647664400e-04;       4991
2.4625582540800e-04;       4991
2.4627518624600e-04;       4402
2.4629453511100e-04;       4402
2.4631389615900e-04;       6903
2.4633324481500e-04;       6903
2.4635260562600e-04;       6314
2.4637195439600e-04;       6314
2.4639131531700e-04;       1014
2.4641066397400e-04;       1014
2.4643002485900e-04;        425
2.4644614786600e-04;        425
2.4646550858900e-04;       7637
2.4648485737100e-04;       7637
2.4650421807000e-04;       2337
2.4652356688200e-04;       2337
2.4654292779600e-04;       1748
2.4656227657900e-04;       1748
2.4658163734300e-04;      -3552
2.4660098602500e-04;      -3552
2.4662034681800e-04;       3660
2.4663969561700e-04;       3660
2.4665905643100e-04;       3071
2.4667840534000e-04;       3071
2.4669776609700e-04;       5572
2.4671711487000e-04;       5572
2.4673647585200e-04;       4983
2.4675582463600e-04;       4983
2.4677518538000e-04;       4394
2.4679453413400e-04;       4394
2.4681389516200e-04;       -906
2.4683324390500e-04;       -906
2.4685260478200e-04;      -1495
2.4687195371300e-04;      -1495
2.4689131457800e-04;       1006
2.4691066359500e-04;       1006
2.4693002438000e-04;        417
2.4694614742500e-04;        417
2.4696550850800e-04;       7629
2.4698485721200e-04;       7629
2.4700421797000e-04;       2329
2.4702356689000e-04;       2329
2.4704292784500e-04;       1740
2.4706227669700e-04;       1740
2.4708163757500e-04;      -3560
2.4710098643600e-04;      -3560
2.4712034733200e-04;       3652
2.4713969616400e-04;       3652
2.4715905684800e-04;       3063
2.4717840581200e-04;       3063
2.4719776657300e-04;       5564
2.4721711548800e-04;       5564
2.4723647628600e-04;       4975
2.4725582519600e-04;       4975
2.4727518595900e-04;       4386
2.4729453493900e-04;       4386
2.4731389571700e-04;       6887
2.4733324459200e-04;       6887
2.4735260535800e-04;       6298
2.4737195409800e-04;       6298
2.4739131500600e-04;        998
2.4741066395400e-04;        998
2.4743002488200e-04;        409
2.4744614788400e-04;        409
2.4746550870000e-04;       7621
2.4748485752700e-04;       7621
2.4750421827400e-04;       2321
2.4752356690600e-04;       2321
2.4754292791000e-04;       1732
2.4756227669400e-04;       1732
2.4758163771400e-04;       4233
2.4760098651700e-04;       4233
2.4762034744200e-04;       3644
2.4763969626200e-04;       3644
2.4765905711100e-04;       3055
2.4767840593400e-04;       3055
2.4769776681500e-04;       5556
2.4771711578100e-04;       5556
2.4773647651200e-04;       4967
2.4775582536900e-04;       4967
2.4777518646000e-04;       4378
2.4779453509200e-04;       4378
2.4781389604700e-04;       -922
2.4783324488800e-04;       -922
2.4785260575900e-04;      -1511
2.4787195441300e-04;      -1511
2.4789131534100e-04;        990
2.4791066422400e-04;        990
2.4793002508700e-04;        401
2.4794614811000e-04;        401
2.4796550892200e-04;       7613
2.4798485769800e-04;       7613
2.4800421858500e-04;       2313
2.4802356758600e-04;       2313
2.4804292844900e-04;       1724
2.4806227734300e-04;       1724
2.4808163824100e-04;       4225
2.4810098717800e-04;       4225
2.4812034803600e-04;       3636
2.4813969682800e-04;       3636
2.4815905760100e-04;       3047
2.4817840654600e-04;       3047
2.4819776734600e-04;       5548
2.4821711615800e-04;       5548
2.4823647696300e-04;       4959
2.4825582591300e-04;       4959
2.4827518670600e-04;       4370
2.4829453561200e-04;       4370
2.4831389641700e-04;       6871
2.4833324518500e-04;       6871
2.4835260595100e-04;       6282
2.4837195483100e-04;       6282
2.4839131564700e-04;        982
2.4841066450200e-04;        982
2.4843002541500e-04;        393
2.4844614853000e-04;        393
2.4846550927900e-04;       7605
2.4848485808400e-04;       7605
2.4850421892900e-04;       2305
2.4852356781700e-04;       2305
2.4854292859600e-04;       1716
2.4856227745100e-04;       1716
2.4858163821400e-04;      -3584
2.4860098709100e-04;      -3584
2.4862034793800e-04;       3628
2.4863969668100e-04;       3628
2.4865905744900e-04;       3039
2.4867840637200e-04;       3039
2.4869776707900e-04;       5540
2.4871711572900e-04;       5540
2.4873647666800e-04;       4951
2.4875582546800e-04;       4951
2.4877518618600e-04;       4362
2.4879453525800e-04;       4362
2.4881389612500e-04;       -938
2.4883324503800e-04;       -938
2.4885260581800e-04;      -1527
2.4887195467400e-04;      -1527
2.4889131546600e-04;        974
2.4891066431700e-04;        974
2.4893002527100e-04;       8186
2.4894614830300e-04;       8186
2.4896550899400e-04;       7597
2.4898485779000e-04;       7597
2.4900421862900e-04;       2297
2.4902356746900e-04;       2297
2.4904292822100e-04;       1708
2.4906227712300e-04;       1708
2.4908163806800e-04;       4209
2.4910098696100e-04;       4209
2.4912034770200e-04;       3620
2.4913969654000e-04;       3620
2.4915905734800e-04;       3031
2.4917840627100e-04;       3031
2.4919776707900e-04;       5532
2.4921711582000e-04;       5532
2.4923647660600e-04;       4943
2.4925582536000e-04;       4943
2.4927518622600e-04;       4354
2.4929453518100e-04;       4354
2.4931389602600e-04;       6855
2.4933324485000e-04;       6855
2.4935260568900e-04;       6266
2.4937195445000e-04;       6266
2.4939131526000e-04;        966
2.4941066394200e-04;        966
2.4943002487200e-04;        377
2.4944614778300e-04;        377
2.4946550849800e-04;       7589
2.4948485717800e-04;       7589
2.4950421819300e-04;       2289
2.4952356705000e-04;       2289
2.4954292779400e-04;       1700
2.4956227659500e-04;       1700
2.4958163742400e-04;      -3600
2.4960098607700e-04;      -3600
2.4962034711900e-04;       3612
2.4963969583300e-04;       3612
2.4965905666600e-04;       3023
2.4967840557200e-04;       3023
2.4969776627000e-04;       5524
2.4971711506800e-04;       5524
2.4973647604000e-04;       4935
2.4975582490400e-04;       4935
2.4977518583800e-04;       4346
2.4979453468900e-04;       4346
2.4981389535000e-04;       -954
2.4983324423400e-04;       -954
2.4985260493000e-04;       6258
2.4987195376700e-04;       6258
2.4989131470200e-04;        958
2.4991066341800e-04;        958
2.4993002427700e-04;        369
2.4994614736800e-04;        369
2.4996550807400e-04;       7581
2.4998485686900e-04;       7581
2.5000421785600e-04;       2281
2.5002356656300e-04;       2281
2.5004292742900e-04;       1692
2.5006227629000e-04;       1692
2.5008163709600e-04;      -3608
2.5010098596000e-04;      -3608
2.5012034659400e-04;       3604
2.5013969542900e-04;       3604
2.5015905640400e-04;       3015
2.5017840518700e-04;       3015
2.5019776593100e-04;       5516
2.5021711463400e-04;       5516
2.5023647557400e-04;       4927
2.5025582432800e-04;       4927
2.5027518513200e-04;       4338
2.5029453392700e-04;       4338
2.5031389475600e-04;       -962
2.5033324366000e-04;       -962
2.5035260440600e-04;       6250
2.5037195327500e-04;       6250
2.5039131405100e-04;        950
2.5041066289400e-04;        950
2.5043002379200e-04;        361
2.5044614666300e-04;        361
2.5046550772000e-04;       7573
2.5048485651000e-04;       7573
2.5050421738600e-04;       2273
2.5052356611500e-04;       2273
2.5054292707400e-04;       1684
2.5056227587500e-04;       1684
2.5058163672500e-04;      -3616
2.5060098561100e-04;      -3616
2.5062034640200e-04;       3596
2.5063969514700e-04;       3596
2.5065905606900e-04;       3007
2.5067840490400e-04;       3007
2.5069776576800e-04;       5508
2.5071711454200e-04;       5508
2.5073647541800e-04;       4919
2.5075582432100e-04;       4919
2.5077518495400e-04;       4330
2.5079453374700e-04;       4330
2.5081389457800e-04;       -970
2.5083324347500e-04;       -970
2.5085260426500e-04;      -1559
2.5087195313700e-04;      -1559
2.5089131410400e-04;        942
2.5091066290200e-04;        942
2.5093002375600e-04;        353
2.5094614679000e-04;        353
2.5096550759800e-04;       -236
2.5098485642600e-04;       -236
2.5100421730800e-04;       2265
2.5102356611300e-04;       2265
2.5104292697500e-04;       1676
2.5106227598800e-04;       1676
2.5108163691600e-04;      -3624
2.5110098585000e-04;      -3624
2.5112034664900e-04;       3588
2.5113969532400e-04;       3588
2.5115905630900e-04;       2999
2.5117840522800e-04;       2999
2.5119776600900e-04;       5500
2.5121711485000e-04;       5500
2.5123647579900e-04;       4911
2.5125582474000e-04;       4911
2.5127518567600e-04;       4322
2.5129453436900e-04;       4322
2.5131389510800e-04;       -978
2.5133324393500e-04;       -978
2.5135260485100e-04;      -1567
2.5137195380100e-04;      -1567
2.5139131455000e-04;        934
2.5141066349200e-04;        934
2.5143002418900e-04;        345
2.5144614726600e-04;        345
2.5146550807600e-04;       7557
2.5148485700400e-04;       7557
2.5150421790600e-04;       2257
2.5152356669200e-04;       2257
2.5154292737200e-04;       1668
2.5156227622800e-04;       1668
2.5158163716700e-04;      -3632
2.5160098601300e-04;      -3632
2.5162034686600e-04;       3580
2.5163969546700e-04;       3580
2.5165905638400e-04;       2991
2.5167840507700e-04;       2991
2.5169776580600e-04;       5492
2.5171711465600e-04;       5492
2.5173647558800e-04;       4903
2.5175582457700e-04;       4903
2.5177518533900e-04;       4314
2.5179453414400e-04;       4314
2.5181389505500e-04;       -986
2.5183324386800e-04;       -986
2.5185260473000e-04;      -1575
2.5187195356300e-04;      -1575
2.5189131439100e-04;        926
2.5191066306200e-04;        926
2.5193002393100e-04;        337
2.5194614699700e-04;        337
2.5196550790200e-04;       7549
2.5198485674800e-04;       7549
2.5200421751700e-04;       2249
2.5202356619500e-04;       2249
2.5204292708200e-04;       1660
2.5206227597900e-04;       1660
2.5208163683200e-04;      -3640
2.5210098571800e-04;      -3640
2.5212034670000e-04;       3572
2.5213969565900e-04;       3572
2.5215905637300e-04;       2983
2.5217840514400e-04;       2983
2.5219776617900e-04;       5484
2.5221711494200e-04;       5484
2.5223647572800e-04;       4895
2.5225582442600e-04;       4895
2.5227518516500e-04;       4306
2.5229453399500e-04;       4306
2.5231389494100e-04;       -994
2.5233324366900e-04;       -994
2.5235260464500e-04;      -1583
2.5237195350700e-04;      -1583
2.5239131435200e-04;        918
2.5241066316400e-04;        918
2.5243002397800e-04;        329
2.5244614714100e-04;        329
2.5246550768000e-04;       -260
2.5248485665800e-04;       -260
2.5250421743400e-04;       2241
2.5252356636600e-04;       2241
2.5254292717200e-04;       1652
2.5256227588500e-04;       1652
2.5258163680800e-04;      -3648
2.5260098564500e-04;      -3648
2.5262034664100e-04;       3564
2.5263969532000e-04;       3564
2.5265905597700e-04;       2975
2.5267840496200e-04;       2975
2.5269776583000e-04;       5476
2.5271711462600e-04;       5476
2.5273647552700e-04;       4887
2.5275582436300e-04;       4887
2.5277518503900e-04;       4298
2.5279453391200e-04;       4298
2.5281389467600e-04;      -1002
2.5283324352200e-04;      -1002
2.5285260416700e-04;       6210
2.5287195302200e-04;       6210
2.5289131371500e-04;        910
2.5291066247900e-04;        910
2.5293002314800e-04;        321
2.5294614612500e-04;        321
2.5296550696200e-04;       -268
2.5298485581100e-04;       -268
2.5300421652000e-04;       2233
2.5302356533100e-04;       2233
2.5304292616100e-04;       1644
2.5306227498300e-04;       1644
2.5308163584200e-04;      -3656
2.5310098450000e-04;      -3656
2.5312034542700e-04;       3556
2.5313969444800e-04;       3556
2.5315905518500e-04;       2967
2.5317840412500e-04;       2967
2.5319776508200e-04;      -2333
2.5321711398400e-04;      -2333
2.5323647489700e-04;       4879
2.5325582376400e-04;       4879
2.5327518475200e-04;       4290
2.5329453362600e-04;       4290
2.5331389442000e-04;      -1010
2.5333324327200e-04;      -1010
2.5335260418800e-04;      -1599
2.5337195306300e-04;      -1599
2.5339131387300e-04;        902
2.5341066268300e-04;        902
2.5343002343400e-04;        313
2.5344614647500e-04;        313
2.5346550730300e-04;       7525
2.5348485623900e-04;       7525
2.5350421726200e-04;       2225
2.5352356607000e-04;       2225
2.5354292675300e-04;       1636
2.5356227555500e-04;       1636
2.5358163640600e-04;      -3664
2.5360098516800e-04;      -3664
2.5362034613700e-04;       3548
2.5363969496500e-04;       3548
2.5365905588800e-04;       2959
2.5367840478800e-04;       2959
2.5369776553800e-04;      -2341
2.5371711430000e-04;      -2341
2.5373647513500e-04;       4871
2.5375582397200e-04;       4871
2.5377518478800e-04;       4282
2.5379453358800e-04;       4282
2.5381389437900e-04;      -1018
2.5383324332500e-04;      -1018
2.5385260405600e-04;      -1607
2.5387195306300e-04;      -1607
2.5389131375000e-04;        894
2.5391066263400e-04;        894
2.5393002362000e-04;        305
2.5394614648700e-04;        305
2.5396550744700e-04;       7517
2.5398485617700e-04;       7517
2.5400421695300e-04;       2217
2.5402356594800e-04;       2217
2.5404292670900e-04;       1628
2.5406227568900e-04;       1628
2.5408163644800e-04;      -3672
2.5410098537000e-04;      -3672
2.5412034637700e-04;       3540
2.5413969519300e-04;       3540
2.5415905601200e-04;       2951
2.5417840473100e-04;       2951
2.5419776561000e-04;       5452
2.5421711434000e-04;       5452
2.5423647505700e-04;       4863
2.5425582395500e-04;       4863
2.5427518466900e-04;       4274
2.5429453354900e-04;       4274
2.5431389419600e-04;      -1026
2.5433324306100e-04;      -1026
2.5435260389800e-04;      -1615
2.5437195278300e-04;      -1615
2.5439131345900e-04;        886
2.5441066245300e-04;        886
2.5443002321700e-04;        297
2.5444614622700e-04;        297
2.5446550701400e-04;       7509
2.5448485581700e-04;       7509
2.5450421647100e-04;       2209
2.5452356533900e-04;       2209
2.5454292623700e-04;       1620
2.5456227516800e-04;       1620
2.5458163599100e-04;      -3680
2.5460098475700e-04;      -3680
2.5462034579500e-04;       3532
2.5463969452800e-04;       3532
2.5465905537000e-04;       2943
2.5467840422900e-04;       2943
2.5469776509100e-04;       5444
2.5471711396000e-04;       5444
2.5473647471300e-04;       4855
2.5475582370800e-04;       4855
2.5477518461300e-04;       4266
2.5479453347300e-04;       4266
2.5481389434900e-04;      -1034
2.5483324324400e-04;      -1034
2.5485260406400e-04;       6178
2.5487195302700e-04;       6178
2.5489131381100e-04;        878
2.5491066262000e-04;        878
2.5493002328000e-04;        289
2.5494614626100e-04;        289
2.5496550702100e-04;       -300
2.5498485590400e-04;       -300
2.5500421672900e-04;       2201
2.5502356561100e-04;       2201
2.5504292644600e-04;       1612
2.5506227517400e-04;       1612
2.5508163599100e-04;      -3688
2.5510098495100e-04;      -3688
2.5512034570000e-04;       3524
2.5513969452300e-04;       3524
2.5515905533800e-04;       2935
2.5517840428200e-04;       2935
2.5519776506400e-04;       5436
2.5521711402900e-04;       5436
2.5523647498700e-04;       4847
2.5525582389500e-04;       4847
2.5527518481500e-04;       4258
2.5529453360100e-04;       4258
2.5531389439800e-04;      -1042
2.5533324337500e-04;      -1042
2.5535260423100e-04;       6170
2.5537195316900e-04;       6170
2.5539131393400e-04;        870
2.5541066272600e-04;        870
2.5543002358700e-04;        281
2.5544614679600e-04;        281
2.5546550760400e-04;       7493
2.5548485642700e-04;       7493
2.5550421734600e-04;       2193
2.5552356613700e-04;       2193
2.5554292699100e-04;       1604
2.5556227588500e-04;       1604
2.5558163676700e-04;      -3696
2.5560098569500e-04;      -3696
2.5562034641400e-04;       3516
2.5563969544200e-04;       3516
2.5565905636600e-04;       2927
2.5567840527400e-04;       2927
2.5569776615900e-04;       5428
2.5571711499700e-04;       5428
2.5573647586000e-04;       4839
2.5575582480400e-04;       4839
2.5577518558300e-04;       4250
2.5579453434500e-04;       4250
2.5581389503800e-04;      -1050
2.5583324400100e-04;      -1050
2.5585260480500e-04;      -1639
2.5587195360000e-04;      -1639
2.5589131453600e-04;        862
2.5591066335000e-04;        862
2.5593002426300e-04;        273
2.5594614718400e-04;        273
2.5596550794700e-04;       7485
2.5598485679800e-04;       7485
2.5600421758200e-04;       2185
2.5602356641800e-04;       2185
2.5604292721800e-04;       1596
2.5606227617900e-04;       1596
2.5608163702200e-04;      -3704
2.5610098583400e-04;      -3704
2.5612034672000e-04;       3508
2.5613969572500e-04;       3508
2.5615905653000e-04;       2919
2.5617840535100e-04;       2919
2.5619776621500e-04;       5420
2.5621711493000e-04;       5420
2.5623647585500e-04;       4831
2.5625582454000e-04;       4831
2.5627518560000e-04;       4242
2.5629453420800e-04;       4242
2.5631389508500e-04;      -1058
2.5633324374400e-04;      -1058
2.5635260468700e-04;      -1647
2.5637195341100e-04;      -1647
2.5639131422600e-04;        854
2.5641066309900e-04;        854
2.5643002404000e-04;        265
2.5644614717300e-04;        265
2.5646550790800e-04;       7477
2.5648485685700e-04;       7477
2.5650421768500e-04;       2177
2.5652356650100e-04;       2177
2.5654292725800e-04;       1588
2.5656227612500e-04;       1588
2.5658163700300e-04;      -3712
2.5660098584200e-04;      -3712
2.5662034658600e-04;       3500
2.5663969535400e-04;       3500
2.5665905620300e-04;       2911
2.5667840511200e-04;       2911
2.5669776589900e-04;       5412
2.5671711483600e-04;       5412
2.5673647552700e-04;       4823
2.5675582428200e-04;       4823
2.5677518502600e-04;       4234
2.5679453391100e-04;       4234
2.5681389489600e-04;      -1066
2.5683324358400e-04;      -1066
2.5685260449400e-04;      -1655
2.5687195343700e-04;      -1655
2.5689131435500e-04;        846
2.5691066324500e-04;        846
2.5693002429100e-04;        257
2.5694614725400e-04;        257
2.5696550794200e-04;       -332
2.5698485671900e-04;       -332
2.5700421759400e-04;       2169
2.5702356645500e-04;       2169
2.5704292749700e-04;       1580
2.5706227619500e-04;       1580
2.5708163704800e-04;      -3720
2.5710098600500e-04;      -3720
2.5712034680000e-04;       3492
2.5713969567400e-04;       3492
2.5715905647200e-04;       2903
2.5717840532900e-04;       2903
2.5719776615300e-04;       5404
2.5721711519400e-04;       5404
2.5723647603100e-04;       4815
2.5725582493100e-04;       4815
2.5727518571800e-04;       4226
2.5729453451500e-04;       4226
2.5731389528900e-04;      -1074
2.5733324416800e-04;      -1074
2.5735260499800e-04;      -1663
2.5737195390700e-04;      -1663
2.5739131468800e-04;        838
2.5741066354700e-04;        838
2.5743002427300e-04;        249
2.5744614751700e-04;        249
2.5746550839800e-04;       7461
2.5748485731200e-04;       7461
2.5750421816400e-04;       2161
2.5752356695600e-04;       2161
2.5754292770600e-04;       1572
2.5756227653800e-04;       1572
2.5758163743700e-04;      -3728
2.5760098628400e-04;      -3728
2.5762034704900e-04;       3484
2.5763969593000e-04;       3484
2.5765905663400e-04;       2895
2.5767840545300e-04;       2895
2.5769776631400e-04;       5396
2.5771711510900e-04;       5396
2.5773647614300e-04;       4807
2.5775582500100e-04;       4807
2.5777518597200e-04;       4218
2.5779453479100e-04;       4218
2.5781389554900e-04;      -1082
2.5783324447600e-04;      -1082
2.5785260516400e-04;       6130
2.5787195391100e-04;       6130
2.5789131475300e-04;        830
2.5791066377700e-04;        830
2.5793002475200e-04;        241
2.5794614778800e-04;        241
2.5796550852000e-04;       7453
2.5798485734800e-04;       7453
2.5800421809400e-04;       2153
2.5802356699800e-04;       2153
2.5804292780000e-04;       1564
2.5806227670000e-04;       1564
2.5808163754000e-04;      -3736
2.5810098636900e-04;      -3736
2.5812034698300e-04;       3476
2.5813969583500e-04;       3476
2.5815905657500e-04;       2887
2.5817840543800e-04;       2887
2.5819776619600e-04;       5388
2.5821711494300e-04;       5388
2.5823647583500e-04;       4799
2.5825582464400e-04;       4799
2.5827518549300e-04;       4210
2.5829453437900e-04;       4210
2.5831389517300e-04;      -1090
2.5833324410300e-04;      -1090
2.5835260492600e-04;      -1679
2.5837195381400e-04;      -1679
2.5839131466100e-04;        822
2.5841066343900e-04;        822
2.5843002428900e-04;        233
2.5844614740500e-04;        233
2.5846550823200e-04;       7445
2.5848485702900e-04;       7445
2.5850421775400e-04;       2145
2.5852356681300e-04;       2145
2.5854292759600e-04;       1556
2.5856227652200e-04;       1556
2.5858163738300e-04;      -3744
2.5860098609900e-04;      -3744
2.5862034681000e-04;       3468
2.5863969560200e-04;       3468
2.5865905657700e-04;       2879
2.5867840544600e-04;       2879
2.5869776612200e-04;       5380
2.5871711493600e-04;       5380
2.5873647584300e-04;       4791
2.5875582469100e-04;       4791
2.5877518572500e-04;       4202
2.5879453462600e-04;       4202
2.5881389540400e-04;      -1098
2.5883324432100e-04;      -1098
2.5885260515500e-04;       6114
2.5887195405600e-04;       6114
2.5889131489200e-04;        814
2.5891066371900e-04;        814
2.5893002456800e-04;        225
2.5894614778900e-04;        225
2.5896550858200e-04;       7437
2.5898485751500e-04;       7437
2.5900421838700e-04;       2137
2.5902356714300e-04;       2137
2.5904292798800e-04;       1548
2.5906227678900e-04;       1548
2.5908163766900e-04;      -3752
2.5910098633100e-04;      -3752
2.5912034712600e-04;       3460
2.5913969589700e-04;       3460
2.5915905689500e-04;       2871
2.5917840584000e-04;       2871
2.5919776673100e-04;       5372
2.5921711556900e-04;       5372
2.5923647631900e-04;       4783
2.5925582530000e-04;       4783
2.5927518604000e-04;       4194
2.5929453478300e-04;       4194
2.5931389570400e-04;      -1106
2.5933324456300e-04;      -1106
2.5935260540600e-04;      -1695
2.5937195437000e-04;      -1695
2.5939131525700e-04;        806
2.5941066395900e-04;        806
2.5943002471800e-04;        217
2.5944614774700e-04;        217
2.5946550859700e-04;       7429
2.5948485735900e-04;       7429
2.5950421808300e-04;       2129
2.5952356697700e-04;       2129
2.5954292769900e-04;       1540
2.5956227657000e-04;       1540
2.5958163725800e-04;      -3760
2.5960098608000e-04;      -3760
2.5962034714700e-04;       3452
2.5963969588400e-04;       3452
2.5965905683300e-04;       2863
2.5967840579000e-04;       2863
2.5969776656200e-04;       5364
2.5971711537400e-04;       5364
2.5973647628600e-04;       4775
2.5975582517800e-04;       4775
2.5977518586900e-04;       4186
2.5979453475000e-04;       4186
2.5981389546700e-04;      -1114
2.5983324447400e-04;      -1114
2.5985260524300e-04;      -1703
2.5987195423400e-04;      -1703
2.5989131494400e-04;        798
2.5991066359200e-04;        798
2.5993002453500e-04;       8010
2.5994614756100e-04;       8010
2.5996550844800e-04;       7421
2.5998485739400e-04;       7421
2.6000421821600e-04;       2121
2.6002356700400e-04;       2121
2.6004292779200e-04;       1532
2.6006227656300e-04;       1532
2.6008163753200e-04;      -3768
2.6010098629700e-04;      -3768
2.6012034718600e-04;       3444
2.6013969601900e-04;       3444
2.6015905679100e-04;       2855
2.6017840578500e-04;       2855
2.6019776658500e-04;       5356
2.6021711541200e-04;       5356
2.6023647616000e-04;       4767
2.6025582509200e-04;       4767
2.6027518582200e-04;       4178
2.6029453452800e-04;       4178
2.6031389529000e-04;       6679
2.6033324399400e-04;       6679
2.6035260494100e-04;      -1711
2.6037195378200e-04;      -1711
2.6039131455800e-04;        790
2.6041066334200e-04;        790
2.6043002423300e-04;        201
2.6044614730400e-04;        201
2.6046550801500e-04;       7413
2.6048485690700e-04;       7413
2.6050421779900e-04;       2113
2.6052356682200e-04;       2113
2.6054292744900e-04;       1524
2.6056227626800e-04;       1524
2.6058163713300e-04;      -3776
2.6060098593400e-04;      -3776
2.6062034666500e-04;       3436
2.6063969553400e-04;       3436
2.6065905653400e-04;       2847
2.6067840531800e-04;       2847
2.6069776612400e-04;       5348
2.6071711485000e-04;       5348
2.6073647553100e-04;       4759
2.6075582429900e-04;       4759
2.6077518519500e-04;       4170
2.6079453418400e-04;       4170
2.6081389511400e-04;      -1130
2.6083324374800e-04;      -1130
2.6085260463100e-04;      -1719
2.6087195360700e-04;      -1719
2.6089131432600e-04;        782
2.6091066323800e-04;        782
2.6093002401900e-04;        193
2.6094614713500e-04;        193
2.6096550804000e-04;       7405
2.6098485683600e-04;       7405
2.6100421756500e-04;       2105
2.6102356652000e-04;       2105
2.6104292734400e-04;       1516
2.6106227610000e-04;       1516
2.6108163672000e-04;      -3784
2.6110098562000e-04;      -3784
2.6112034642600e-04;       3428
2.6113969537200e-04;       3428
2.6115905629600e-04;       2839
2.6117840511000e-04;       2839
2.6119776582300e-04;       5340
2.6121711464200e-04;       5340
2.6123647534500e-04;       4751
2.6125582428300e-04;       4751
2.6127518495400e-04;       4162
2.6129453384600e-04;       4162
2.6131389453500e-04;      -1138
2.6133324345800e-04;      -1138
2.6135260432700e-04;      -1727
2.6137195335200e-04;      -1727
2.6139131413000e-04;        774
2.6141066290900e-04;        774
2.6143002392300e-04;        185
2.6144614680200e-04;        185
2.6146550780200e-04;       7397
2.6148485646800e-04;       7397
2.6150421730700e-04;       2097
2.6152356613100e-04;       2097
2.6154292703500e-04;       1508
2.6156227587400e-04;       1508
2.6158163666500e-04;      -3792
2.6160098551500e-04;      -3792
2.6162034628600e-04;       3420
2.6163969510500e-04;       3420
2.6165905608900e-04;       2831
2.6167840497200e-04;       2831
2.6169776579500e-04;       5332
2.6171711454100e-04;       5332
2.6173647545600e-04;       4743
2.6175582442100e-04;       4743
2.6177518530800e-04;       4154
2.6179453421800e-04;       4154
2.6181389502400e-04;      -1146
2.6183324383800e-04;      -1146
2.6185260471300e-04;      -1735
2.6187195357500e-04;      -1735
2.6189131444700e-04;        766
2.6191066327400e-04;        766
2.6193002434200e-04;        177
2.6194614732100e-04;        177
2.6196550814700e-04;       7389
2.6198485684300e-04;       7389
2.6200421782800e-04;       2089
2.6202356668500e-04;       2089
2.6204292759000e-04;       1500
2.6206227632900e-04;       1500
2.6208163713400e-04;      -3800
2.6210098603000e-04;      -3800
2.6212034665000e-04;       3412
2.6213969551200e-04;       3412
2.6215905643900e-04;       2823
2.6217840512600e-04;       2823
2.6219776601400e-04;      -2477
2.6221711466700e-04;      -2477
2.6223647567300e-04;       4735
2.6225582455600e-04;       4735
2.6227518534500e-04;       4146
2.6229453416300e-04;       4146
2.6231389498200e-04;      -1154
2.6233324378700e-04;      -1154
2.6235260458500e-04;      -1743
2.6237195338100e-04;      -1743
2.6239131432500e-04;        758
2.6241066320800e-04;        758
2.6243002419700e-04;        169
2.6244614701800e-04;        169
2.6246550795100e-04;       7381
2.6248485685000e-04;       7381
2.6250421779800e-04;       2081
2.6252356668200e-04;       2081
2.6254292752400e-04;       1492
2.6256227629200e-04;       1492
2.6258163725300e-04;      -3808
2.6260098607700e-04;      -3808
2.6262034685400e-04;       3404
2.6263969563100e-04;       3404
2.6265905662900e-04;       2815
2.6267840544600e-04;       2815
2.6269776627100e-04;       5316
2.6271711511600e-04;       5316
2.6273647605500e-04;       4727
2.6275582495400e-04;       4727
2.6277518568200e-04;       4138
2.6279453471700e-04;       4138
2.6281389562400e-04;       6639
2.6283324430000e-04;       6639
2.6285260521000e-04;       6050
2.6287195403400e-04;       6050
2.6289131485300e-04;        750
2.6291066351400e-04;        750
2.6293002430900e-04;        161
2.6294614739200e-04;        161
2.6296550844700e-04;       7373
2.6298485715500e-04;       7373
2.6300421786700e-04;       2073
2.6302356656800e-04;       2073
2.6304292750200e-04;       1484
2.6306227627300e-04;       1484
2.6308163707300e-04;      -3816
2.6310098602900e-04;      -3816
2.6312034677800e-04;       3396
2.6313969549800e-04;       3396
2.6315905614200e-04;       2807
2.6317840521900e-04;       2807
2.6319776612100e-04;       5308
2.6321711491400e-04;       5308
2.6323647572400e-04;       4719
2.6325582460300e-04;       4719
2.6327518547100e-04;       4130
2.6329453417300e-04;       4130
2.6331389514100e-04;      -1170
2.6333324385600e-04;      -1170
2.6335260465200e-04;      -1759
2.6337195339400e-04;      -1759
2.6339131416900e-04;        742
2.6341066311200e-04;        742
2.6343002399100e-04;        153
2.6344614693600e-04;        153
2.6346550801800e-04;       7365
2.6348485691300e-04;       7365
2.6350421760200e-04;       2065
2.6352356636700e-04;       2065
2.6354292707600e-04;       1476
2.6356227584200e-04;       1476
2.6358163669800e-04;      -3824
2.6360098567400e-04;      -3824
2.6362034671300e-04;       3388
2.6363969535600e-04;       3388
2.6365905615100e-04;       2799
2.6367840521600e-04;       2799
2.6369776587600e-04;       5300
2.6371711471100e-04;       5300
2.6373647561600e-04;       4711
2.6375582439700e-04;       4711
2.6377518535200e-04;       4122
2.6379453420000e-04;       4122
2.6381389512000e-04;      -1178
2.6383324387800e-04;      -1178
2.6385260471900e-04;      -1767
2.6387195358400e-04;      -1767
2.6389131443500e-04;        734
2.6391066321800e-04;        734
2.6393002411000e-04;        145
2.6394614710800e-04;        145
2.6396550799000e-04;       7357
2.6398485671900e-04;       7357
2.6400421758200e-04;       2057
2.6402356644700e-04;       2057
2.6404292723800e-04;       1468
2.6406227621600e-04;       1468
2.6408163702200e-04;      -3832
2.6410098594200e-04;      -3832
2.6412034684900e-04;       3380
2.6413969562600e-04;       3380
2.6415905655300e-04;       2791
2.6417840533600e-04;       2791
2.6419776622900e-04;       5292
2.6421711507600e-04;       5292
2.6423647599600e-04;       4703
2.6425582476500e-04;       4703
2.6427518551400e-04;       4114
2.6429453448100e-04;       4114
2.6431389519000e-04;      -1186
2.6433324411600e-04;      -1186
2.6435260487600e-04;      -1775
2.6437195364700e-04;      -1775
2.6439131458800e-04;        726
2.6441066356900e-04;        726
2.6443002442800e-04;        137
2.6444614732300e-04;        137
2.6446550809500e-04;       7349
2.6448485669000e-04;       7349
2.6450421756500e-04;       2049
2.6452356657100e-04;       2049
2.6454292734100e-04;       1460
2.6456227611000e-04;       1460
2.6458163701000e-04;      -3840
2.6460098574300e-04;      -3840
2.6462034656000e-04;       3372
2.6463969543100e-04;       3372
2.6465905638500e-04;       2783
2.6467840529300e-04;       2783
2.6469776603300e-04;      -2517
2.6471711502800e-04;      -2517
2.6473647594500e-04;       4695
2.6475582467000e-04;       4695
2.6477518559800e-04;       4106
2.6479453449900e-04;       4106
2.6481389534200e-04;      -1194
2.6483324423900e-04;      -1194
2.6485260507700e-04;       6018
2.6487195388900e-04;       6018
2.6489131456700e-04;        718
2.6491066358500e-04;        718
2.6493002428300e-04;        129
2.6494614733500e-04;        129
2.6496550813200e-04;       7341
2.6498485691700e-04;       7341
2.6500421773000e-04;       2041
2.6502356659300e-04;       2041
2.6504292760500e-04;       1452
2.6506227649100e-04;       1452
2.6508163749500e-04;      -3848
2.6510098638800e-04;      -3848
2.6512034736700e-04;       3364
2.6513969609200e-04;       3364
2.6515905703600e-04;       2775
2.6517840579200e-04;       2775
2.6519776662100e-04;       5276
2.6521711546300e-04;       5276
2.6523647625500e-04;       4687
2.6525582515400e-04;       4687
2.6527518604100e-04;       4098
2.6529453493800e-04;       4098
2.6531389579900e-04;      -1202
2.6533324455500e-04;      -1202
2.6535260548400e-04;       6010
2.6537195431600e-04;       6010
2.6539131517300e-04;        710
2.6541066412900e-04;        710
2.6543002506200e-04;       7922
2.6544614814600e-04;       7922
2.6546550894200e-04;       7333
2.6548485777800e-04;       7333
2.6550421859000e-04;       2033
2.6552356734100e-04;       2033
2.6554292821600e-04;       1444
2.6556227712300e-04;       1444
2.6558163807900e-04;       3945
2.6560098679900e-04;       3945
2.6562034769400e-04;       3356
2.6563969637300e-04;       3356
2.6565905715100e-04;       2767
2.6567840616500e-04;       2767
2.6569776693000e-04;       5268
2.6571711573400e-04;       5268
2.6573647646100e-04;       4679
2.6575582537800e-04;       4679
2.6577518637400e-04;       4090
2.6579453518700e-04;       4090
2.6581389580900e-04;       6591
2.6583324472900e-04;       6591
2.6585260543900e-04;       6002
2.6587195433600e-04;       6002
2.6589131518200e-04;        702
2.6591066402000e-04;        702
2.6593002492300e-04;        113
2.6594614788700e-04;        113
2.6596550865000e-04;       7325
2.6598485736600e-04;       7325
2.6600421818400e-04;       2025
2.6602356705300e-04;       2025
2.6604292788800e-04;       1436
2.6606227661200e-04;       1436
2.6608163742500e-04;      -3864
2.6610098633400e-04;      -3864
2.6612034714700e-04;       3348
2.6613969609800e-04;       3348
2.6615905681500e-04;       2759
2.6617840569400e-04;       2759
2.6619776644500e-04;       5260
2.6621711524000e-04;       5260
2.6623647620400e-04;       4671
2.6625582496100e-04;       4671
2.6627518596400e-04;       4082
2.6629453490300e-04;       4082
2.6631389585100e-04;       6583
2.6633324457400e-04;       6583
2.6635260553700e-04;       5994
2.6637195455500e-04;       5994
2.6639131537800e-04;        694
2.6641066425300e-04;        694
2.6643002500200e-04;        105
2.6644614810800e-04;        105
2.6646550877900e-04;       7317
2.6648485763600e-04;       7317
2.6650421852900e-04;       2017
2.6652356728600e-04;       2017
2.6654292807800e-04;       1428
2.6656227703600e-04;       1428
2.6658163773600e-04;      -3872
2.6660098648400e-04;      -3872
2.6662034724600e-04;       3340
2.6663969621600e-04;       3340
2.6665905716500e-04;       2751
2.6667840588000e-04;       2751
2.6669776683700e-04;       5252
2.6671711571300e-04;       5252
2.6673647665400e-04;       4663
2.6675582555800e-04;       4663
2.6677518643000e-04;       4074
2.6679453509900e-04;       4074
2.6681389606700e-04;      -1226
2.6683324494400e-04;      -1226
2.6685260583500e-04;       5986
2.6687195466400e-04;       5986
2.6689131557800e-04;        686
2.6691066442200e-04;        686
2.6693002524600e-04;       7898
2.6694614831300e-04;       7898
2.6696550931900e-04;       7309
2.6698485810200e-04;       7309
2.6700421909400e-04;       2009
2.6702356787700e-04;       2009
2.6704292866900e-04;       1420
2.6706227743000e-04;       1420
2.6708163827000e-04;       3921
2.6710098706900e-04;       3921
2.6712034798000e-04;       3332
2.6713969692100e-04;       3332
2.6715905772100e-04;       2743
2.6717840657900e-04;       2743
2.6719776735200e-04;       5244
2.6721711621700e-04;       5244
2.6723647696900e-04;       4655
2.6725582584800e-04;       4655
2.6727518666700e-04;       4066
2.6729453549000e-04;       4066
2.6731389630900e-04;       6567
2.6733324501100e-04;       6567
2.6735260589400e-04;       5978
2.6737195471000e-04;       5978
2.6739131539700e-04;        678
2.6741066422000e-04;        678
2.6743002496200e-04;       7890
2.6744614789000e-04;       7890
2.6746550867000e-04;       7301
2.6748485752600e-04;       7301
2.6750421831800e-04;       2001
2.6752356695100e-04;       2001
2.6754292781900e-04;       1412
2.6756227694100e-04;       1412
2.6758163764000e-04;      -3888
2.6760098649500e-04;      -3888
2.6762034728600e-04;       3324
2.6763969596900e-04;       3324
2.6765905674700e-04;       2735
2.6767840552700e-04;       2735
2.6769776625000e-04;       5236
2.6771711515300e-04;       5236
2.6773647604300e-04;       4647
2.6775582498900e-04;       4647
2.6777518587800e-04;       4058
2.6779453473600e-04;       4058
2.6781389547700e-04;      -1242
2.6783324441000e-04;      -1242
2.6785260524300e-04;       5970
2.6787195401300e-04;       5970
2.6789131486800e-04;        670
2.6791066350700e-04;        670
2.6793002441700e-04;         81
2.6794614755400e-04;         81
2.6796550845200e-04;       7293
2.6798485724300e-04;       7293
2.6800421810600e-04;       1993
2.6802356690300e-04;       1993
2.6804292770400e-04;       1404
2.6806227665300e-04;       1404
2.6808163731300e-04;      -3896
2.6810098610400e-04;      -3896
2.6812034686100e-04;       3316
2.6813969577200e-04;       3316
2.6815905651600e-04;       2727
2.6817840540800e-04;       2727
2.6819776618500e-04;       5228
2.6821711486200e-04;       5228
2.6823647570600e-04;       4639
2.6825582446100e-04;       4639
2.6827518519100e-04;       4050
2.6829453429000e-04;       4050
2.6831389501500e-04;      -1250
2.6833324397200e-04;      -1250
2.6835260479900e-04;      -1839
2.6837195364400e-04;      -1839
2.6839131434900e-04;        662
2.6841066316900e-04;        662
2.6843002393200e-04;         73
2.6844614694600e-04;         73
2.6846550777800e-04;       7285
2.6848485654100e-04;       7285
2.6850421734300e-04;       1985
2.6852356625100e-04;       1985
2.6854292698800e-04;       1396
2.6856227579000e-04;       1396
2.6858163660700e-04;      -3904
2.6860098553900e-04;      -3904
2.6862034635100e-04;       3308
2.6863969532400e-04;       3308
2.6865905610600e-04;       2719
2.6867840489300e-04;       2719
2.6869776563900e-04;       5220
2.6871711447900e-04;       5220
2.6873647526500e-04;       4631
2.6875582434400e-04;       4631
2.6877518515900e-04;       4042
2.6879453401000e-04;       4042
2.6881389477600e-04;      -1258
2.6883324354200e-04;      -1258
2.6885260433900e-04;      -1847
2.6887195325100e-04;      -1847
2.6889131410200e-04;        654
2.6891066291600e-04;        654
2.6893002362600e-04;         65
2.6894614665200e-04;         65
2.6896550740600e-04;       7277
2.6898485633800e-04;       7277
2.6900421738800e-04;       1977
2.6902356633900e-04;       1977
2.6904292705100e-04;       1388
2.6906227588100e-04;       1388
2.6908163685400e-04;      -3912
2.6910098560200e-04;      -3912
2.6912034644500e-04;       3300
2.6913969508300e-04;       3300
2.6915905592000e-04;       2711
2.6917840491600e-04;       2711
2.6919776572100e-04;       5212
2.6921711473900e-04;       5212
2.6923647568600e-04;       4623
2.6925582454100e-04;       4623
2.6927518533600e-04;       4034
2.6929453437500e-04;       4034
2.6931389535700e-04;      -1266
2.6933324423600e-04;      -1266
2.6935260496100e-04;      -1855
2.6937195388200e-04;      -1855
2.6939131468500e-04;        646
2.6941066355700e-04;        646
2.6943002447400e-04;         57
2.6944614736000e-04;         57
2.6946550837800e-04;       7269
2.6948485717300e-04;       7269
2.6950421800400e-04;       1969
2.6952356696700e-04;       1969
2.6954292777200e-04;       1380
2.6956227666900e-04;       1380
2.6958163752200e-04;      -3920
2.6960098628700e-04;      -3920
2.6962034719600e-04;       3292
2.6963969607600e-04;       3292
2.6965905686400e-04;       2703
2.6967840557300e-04;       2703
2.6969776643000e-04;       5204
2.6971711544800e-04;       5204
2.6973647625800e-04;       4615
2.6975582521300e-04;       4615
2.6977518606400e-04;       4026
2.6979453479600e-04;       4026
2.6981389577500e-04;      -1274
2.6983324471900e-04;      -1274
2.6985260547100e-04;       5938
2.6987195432200e-04;       5938
2.6989131520700e-04;        638
2.6991066408700e-04;        638
2.6993002487300e-04;         49
2.6994614800500e-04;         49
2.6996550879700e-04;       7261
2.6998485759700e-04;       7261
2.7000421845300e-04;       1961
2.7002356731800e-04;       1961
2.7004292805300e-04;       1372
2.7006227694100e-04;       1372
2.7008163778900e-04;      -3928
2.7010098650000e-04;      -3928
2.7012034735000e-04;       3284
2.7013969612600e-04;       3284
2.7015905701800e-04;       2695
2.7017840578200e-04;       2695
2.7019776657200e-04;       5196
2.7021711555300e-04;       5196
2.7023647622800e-04;       4607
2.7025582508300e-04;       4607
2.7027518594000e-04;       4018
2.7029453464100e-04;       4018
2.7031389552300e-04;      -1282
2.7033324432400e-04;      -1282
2.7035260513400e-04;       5930
2.7037195376900e-04;       5930
2.7039131466100e-04;        630
2.7041066356200e-04;        630
2.7043002439200e-04;         41
2.7044614737500e-04;         41
2.7046550829900e-04;       7253
2.7048485701000e-04;       7253
2.7050421799100e-04;       1953
2.7052356688100e-04;       1953
2.7054292767700e-04;       1364
2.7056227643600e-04;       1364
2.7058163724600e-04;      -3936
2.7060098620100e-04;      -3936
2.7062034698300e-04;       3276
2.7063969565300e-04;       3276
2.7065905653700e-04;       2687
2.7067840545000e-04;       2687
2.7069776645200e-04;       5188
2.7071711527400e-04;       5188
2.7073647608900e-04;       4599
2.7075582487000e-04;       4599
2.7077518586000e-04;       4010
2.7079453463400e-04;       4010
2.7081389534800e-04;      -1290
2.7083324434000e-04;      -1290
2.7085260514300e-04;      -1879
2.7087195402800e-04;      -1879
2.7089131481600e-04;        622
2.7091066346100e-04;        622
2.7093002438900e-04;         33
2.7094614734200e-04;         33
2.7096550820100e-04;       7245
2.7098485695100e-04;       7245
2.7100421771100e-04;       1945
2.7102356656700e-04;       1945
2.7104292733500e-04;       1356
2.7106227628100e-04;       1356
2.7108163717500e-04;      -3944
2.7110098627300e-04;      -3944
2.7112034705500e-04;       3268
2.7113969592200e-04;       3268
2.7115905668000e-04;       2679
2.7117840553800e-04;       2679
2.7119776632500e-04;       5180
2.7121711523700e-04;       5180
2.7123647622800e-04;       4591
2.7125582495800e-04;       4591
2.7127518563700e-04;       4002
2.7129453443700e-04;       4002
2.7131389516300e-04;      -1298
2.7133324414000e-04;      -1298
2.7135260489200e-04;      -1887
2.7137195381100e-04;      -1887
2.7139131472200e-04;        614
2.7141066342500e-04;        614
2.7143002423500e-04;         25
2.7144614726400e-04;         25
2.7146550818400e-04;       7237
2.7148485694100e-04;       7237
2.7150421780400e-04;       1937
2.7152356663900e-04;       1937
2.7154292744700e-04;       1348
2.7156227633400e-04;       1348
2.7158163722100e-04;      -3952
2.7160098598700e-04;      -3952
2.7162034680400e-04;       3260
2.7163969558100e-04;       3260
2.7165905639800e-04;       2671
2.7167840534100e-04;       2671
2.7169776628300e-04;       5172
2.7171711519500e-04;       5172
2.7173647610000e-04;       4583
2.7175582495300e-04;       4583
2.7177518588300e-04;       3994
2.7179453465000e-04;       3994
2.7181389541100e-04;       6495
2.7183324426100e-04;       6495
2.7185260528500e-04;       5906
2.7187195398400e-04;       5906
2.7189131499400e-04;        606
2.7191066390100e-04;        606
2.7193002457400e-04;         17
2.7194614757900e-04;         17
2.7196550847900e-04;       7229
2.7198485735500e-04;       7229
2.7200421821700e-04;       1929
2.7202356708400e-04;       1929
2.7204292794400e-04;       1340
2.7206227682800e-04;       1340
2.7208163766300e-04;       3841
2.7210098640600e-04;       3841
2.7212034744600e-04;       3252
2.7213969613600e-04;       3252
2.7215905690400e-04;       2663
2.7217840579300e-04;       2663
2.7219776666100e-04;       5164
2.7221711548200e-04;       5164
2.7223647631000e-04;       4575
2.7225582521500e-04;       4575
2.7227518604000e-04;       3986
2.7229453486600e-04;       3986
2.7231389567900e-04;      -1314
2.7233324444300e-04;      -1314
2.7235260535200e-04;       5898
2.7237195412400e-04;       5898
2.7239131494900e-04;        598
2.7241066379600e-04;        598
2.7243002468600e-04;          9
2.7244614767000e-04;          9
2.7246550853800e-04;       7221
2.7248485742300e-04;       7221
2.7250421818500e-04;       1921
2.7252356711100e-04;       1921
2.7254292800400e-04;       1332
2.7256227688700e-04;       1332
2.7258163779700e-04;      -3968
2.7260098662200e-04;      -3968
2.7262034748800e-04;       3244
2.7263969647800e-04;       3244
2.7265905736800e-04;       2655
2.7267840626300e-04;       2655
2.7269776716200e-04;       5156
2.7271711595400e-04;       5156
2.7273647678900e-04;       4567
2.7275582559000e-04;       4567
2.7277518648700e-04;       3978
2.7279453540000e-04;       3978
2.7281389615200e-04;      -1322
2.7283324493800e-04;      -1322
2.7285260604100e-04;       5890
2.7287195483300e-04;       5890
2.7289131583900e-04;        590
2.7291066457500e-04;        590
2.7293002542900e-04;       7802
2.7294614839900e-04;       7802
2.7296550916500e-04;       7213
2.7298485799300e-04;       7213
2.7300421888000e-04;       1913
2.7302356779700e-04;       1913
2.7304292859600e-04;       1324
2.7306227740200e-04;       1324
2.7308163809900e-04;       3825
2.7310098663200e-04;       3825
2.7312034757700e-04;       3236
2.7313969640600e-04;       3236
2.7315905717200e-04;       2647
2.7317840584000e-04;       2647
2.7319776683400e-04;       5148
2.7321711549400e-04;       5148
2.7323647641800e-04;       4559
2.7325582526700e-04;       4559
2.7327518603100e-04;       3970
2.7329453484100e-04;       3970
2.7331389562400e-04;      -1330
2.7333324458600e-04;      -1330
2.7335260535800e-04;      -1919
2.7337195426000e-04;      -1919
2.7339131516500e-04;        582
2.7341066400800e-04;        582
2.7343002488100e-04;         -7
2.7344614770200e-04;         -7
2.7346550841700e-04;       7205
2.7348485730100e-04;       7205
2.7350421810500e-04;       1905
2.7352356711500e-04;       1905
2.7354292805200e-04;       1316
2.7356227682600e-04;       1316
2.7358163785300e-04;      -3984
2.7360098668000e-04;      -3984
2.7362034751500e-04;       3228
2.7363969618900e-04;       3228
2.7365905699500e-04;       2639
2.7367840598800e-04;       2639
2.7369776675400e-04;       5140
2.7371711559800e-04;       5140
2.7373647634200e-04;       4551
2.7375582529800e-04;       4551
2.7377518603900e-04;       3962
2.7379453476700e-04;       3962
2.7381389562300e-04;      -1338
2.7383324451200e-04;      -1338
2.7385260528500e-04;       5874
2.7387195398600e-04;       5874
2.7389131490300e-04;        574
2.7391066385900e-04;        574
2.7393002480700e-04;       7786
2.7394614782500e-04;       7786
2.7396550880700e-04;       7197
2.7398485757800e-04;       7197
2.7400421834900e-04;       1897
2.7402356725000e-04;       1897
2.7404292813400e-04;       1308
2.7406227707000e-04;       1308
2.7408163792800e-04;      -3992
2.7410098689000e-04;      -3992
2.7412034765300e-04;       3220
2.7413969649900e-04;       3220
2.7415905737900e-04;       2631
2.7417840613500e-04;       2631
2.7419776685800e-04;       5132
2.7421711577500e-04;       5132
2.7423647660200e-04;       4543
2.7425582544700e-04;       4543
2.7427518626200e-04;       3954
2.7429453503000e-04;       3954
2.7431389595400e-04;      -1346
2.7433324482900e-04;      -1346
2.7435260580900e-04;       5866
2.7437195473400e-04;       5866
2.7439131555400e-04;        566
2.7441066454600e-04;        566
2.7443002543100e-04;        -23
2.7444614846200e-04;        -23
2.7446550944500e-04;       7189
2.7448485822600e-04;       7189
2.7450421900300e-04;       1889
2.7452356795000e-04;       1889
2.7454292878700e-04;       1300
2.7456227761900e-04;       1300
2.7458163844300e-04;       3801
2.7460098725100e-04;       3801
2.7462034805200e-04;       3212
2.7463969700000e-04;       3212
2.7465905776400e-04;       2623
2.7467840667900e-04;       2623
2.7469776748300e-04;       5124
2.7471711625900e-04;       5124
2.7473647716500e-04;       4535
2.7475582600300e-04;       4535
2.7477518697300e-04;       3946
2.7479453579400e-04;       3946
2.7481389664500e-04;      -1354
2.7483324550500e-04;      -1354
2.7485260622900e-04;      -1943
2.7487195514300e-04;      -1943
2.7489131623300e-04;        558
2.7491066497200e-04;        558
2.7493002567700e-04;        -31
2.7494614865100e-04;        -31
2.7496550953600e-04;       7181
2.7498485835800e-04;       7181
2.7500421923500e-04;       1881
2.7502356816500e-04;       1881
2.7504292904800e-04;       1292
2.7506227800700e-04;       1292
2.7508163869600e-04;       3793
2.7510098755800e-04;       3793
2.7512034842300e-04;       3204
2.7513969742100e-04;       3204
2.7515905816600e-04;       2615
2.7517840717200e-04;       2615
2.7519776813500e-04;       5116
2.7521711706000e-04;       5116
2.7523647777100e-04;       4527
2.7525582675200e-04;       4527
2.7527518759800e-04;       3938
2.7529453653900e-04;       3938
2.7531389717500e-04;      -1362
2.7533324607800e-04;      -1362
2.7535260690000e-04;       5850
2.7537195585500e-04;       5850
2.7539131666400e-04;        550
2.7541066547500e-04;        550
2.7543002624000e-04;       7762
2.7544614923600e-04;       7762
2.7546551004800e-04;       7173
2.7548485889300e-04;       7173
2.7550421980400e-04;       1873
2.7552356869700e-04;       1873
2.7554292943800e-04;       1284
2.7556227838100e-04;       1284
2.7558163927900e-04;      -4016
2.7560098816000e-04;      -4016
2.7562034907700e-04;       3196
2.7563969780700e-04;       3196
2.7565905852400e-04;       2607
2.7567840737400e-04;       2607
2.7569776827100e-04;       5108
2.7571711714500e-04;       5108
2.7573647793400e-04;       4519
2.7575582704500e-04;       4519
2.7577518785700e-04;       3930
2.7579453669800e-04;       3930
2.7581389746200e-04;       6431
2.7583324634500e-04;       6431
2.7585260705100e-04;       5842
2.7587195594700e-04;       5842
2.7589131674100e-04;        542
2.7591066549500e-04;        542
2.7593002637600e-04;       7754
2.7594614930700e-04;       7754
2.7596551020700e-04;       7165
2.7598485898300e-04;       7165
2.7600421994000e-04;       1865
2.7602356863400e-04;       1865
2.7604292933600e-04;       1276
2.7606227821600e-04;       1276
2.7608163903600e-04;      -4024
2.7610098771300e-04;      -4024
2.7612034852300e-04;       3188
2.7613969753800e-04;       3188
2.7615905820700e-04;       2599
2.7617840711600e-04;       2599
2.7619776786900e-04;       5100
2.7621711670700e-04;       5100
2.7623647771000e-04;       4511
2.7625582667500e-04;       4511
2.7627518742300e-04;       3922
2.7629453627400e-04;       3922
2.7631389686400e-04;       6423
2.7633324578500e-04;       6423
2.7635260652400e-04;       5834
2.7637195545400e-04;       5834
2.7639131631900e-04;        534
2.7641066511700e-04;        534
2.7643002599500e-04;       7746
2.7644614903100e-04;       7746
2.7646550986200e-04;       7157
2.7648485876400e-04;       7157
2.7650421952100e-04;       1857
2.7652356826500e-04;       1857
2.7654292909700e-04;       1268
2.7656227791100e-04;       1268
2.7658163866000e-04;       3769
2.7660098760400e-04;       3769
2.7662034847800e-04;       3180
2.7663969719100e-04;       3180
2.7665905805300e-04;       2591
2.7667840687400e-04;       2591
2.7669776768900e-04;       5092
2.7671711652300e-04;       5092
2.7673647733800e-04;       4503
2.7675582610000e-04;       4503
2.7677518689300e-04;       3914
2.7679453571100e-04;       3914
2.7681389644900e-04;      -1386
2.7683324535900e-04;      -1386
2.7685260630400e-04;       5826
2.7687195514100e-04;       5826
2.7689131604700e-04;        526
2.7691066487300e-04;        526
2.7693002553400e-04;        -63
2.7694614860000e-04;        -63
2.7696550952300e-04;       7149
2.7698485821700e-04;       7149
2.7700421905600e-04;       1849
2.7702356776800e-04;       1849
2.7704292863500e-04;       1260
2.7706227740300e-04;       1260
2.7708163830100e-04;      -4040
2.7710098714000e-04;      -4040
2.7712034794800e-04;       3172
2.7713969692800e-04;       3172
2.7715905788100e-04;       2583
2.7717840663700e-04;       2583
2.7719776743500e-04;       5084
2.7721711646900e-04;       5084
2.7723647713300e-04;       4495
2.7725582607000e-04;       4495
2.7727518696200e-04;       3906
2.7729453567800e-04;       3906
2.7731389662500e-04;       6407
2.7733324553300e-04;       6407
2.7735260656200e-04;       5818
2.7737195531900e-04;       5818
2.7739131612300e-04;        518
2.7741066506000e-04;        518
2.7743002580300e-04;       7730
2.7744614876500e-04;       7730
2.7746550963500e-04;       7141
2.7748485837400e-04;       7141
2.7750421925400e-04;       1841
2.7752356812400e-04;       1841
2.7754292885200e-04;       1252
2.7756227750000e-04;       1252
2.7758163830800e-04;       3753
2.7760098711000e-04;       3753
2.7762034805100e-04;       3164
2.7763969680600e-04;       3164
2.7765905770600e-04;       2575
2.7767840660800e-04;       2575
2.7769776743400e-04;       5076
2.7771711627200e-04;       5076
2.7773647709400e-04;       4487
2.7775582580400e-04;       4487
2.7777518664000e-04;       3898
2.7779453547500e-04;       3898
2.7781389635800e-04;       6399
2.7783324513100e-04;       6399
2.7785260589300e-04;       5810
2.7787195475900e-04;       5810
2.7789131551800e-04;        510
2.7791066434500e-04;        510
2.7793002514700e-04;       7722
2.7794614819100e-04;       7722
2.7796550898900e-04;       7133
2.7798485772800e-04;       7133
2.7800421861700e-04;       1833
2.7802356736900e-04;       1833
2.7804292820800e-04;       1244
2.7806227709500e-04;       1244
2.7808163811300e-04;       3745
2.7810098680200e-04;       3745
2.7812034759500e-04;       3156
2.7813969639100e-04;       3156
2.7815905740500e-04;       2567
2.7817840614100e-04;       2567
2.7819776695400e-04;       5068
2.7821711566600e-04;       5068
2.7823647659800e-04;       4479
2.7825582529600e-04;       4479
2.7827518619000e-04;       3890
2.7829453502700e-04;       3890
2.7831389583400e-04;       6391
2.7833324466000e-04;       6391
2.7835260551600e-04;       5802
2.7837195426100e-04;       5802
2.7839131499300e-04;        502
2.7841066367800e-04;        502
2.7843002475200e-04;        -87
2.7844614764600e-04;        -87
2.7846550847400e-04;       7125
2.7848485721900e-04;       7125
2.7850421794400e-04;       1825
2.7852356689900e-04;       1825
2.7854292771200e-04;       1236
2.7856227642500e-04;       1236
2.7858163716400e-04;      -4064
2.7860098599300e-04;      -4064
2.7862034672200e-04;       3148
2.7863969569400e-04;       3148
2.7865905645500e-04;       2559
2.7867840533600e-04;       2559
2.7869776600000e-04;      -2741
2.7871711498400e-04;      -2741
2.7873647582200e-04;       4471
2.7875582466400e-04;       4471
2.7877518550900e-04;       3882
2.7879453430300e-04;       3882
2.7881389506700e-04;       6383
2.7883324404500e-04;       6383
2.7885260495800e-04;       5794
2.7887195367100e-04;       5794
2.7889131462400e-04;        494
2.7891066337700e-04;        494
2.7893002413300e-04;        -95
2.7894614713200e-04;        -95
2.7896550807300e-04;       7117
2.7898485681100e-04;       7117
2.7900421751700e-04;       1817
2.7902356628200e-04;       1817
2.7904292713000e-04;       1228
2.7906227587200e-04;       1228
2.7908163670200e-04;       3729
2.7910098557200e-04;       3729
2.7912034624400e-04;       3140
2.7913969502000e-04;       3140
2.7915905589200e-04;       2551
2.7917840477300e-04;       2551
2.7919776558100e-04;       5052
2.7921711442000e-04;       5052
2.7923647528900e-04;       4463
2.7925582409900e-04;       4463
2.7927518504500e-04;       3874
2.7929453385600e-04;       3874
2.7931389457800e-04;      -1426
2.7933324338400e-04;      -1426
2.7935260423500e-04;      -2015
2.7937195302900e-04;      -2015
2.7939131386400e-04;        486
2.7941066272200e-04;        486
2.7943002353700e-04;       -103
2.7944614663600e-04;       -103
2.7946550745500e-04;       -692
2.7948485638200e-04;       -692
2.7950421726300e-04;       1809
2.7952356601100e-04;       1809
2.7954292677400e-04;       1220
2.7956227559200e-04;       1220
2.7958163650900e-04;      -4080
2.7960098535900e-04;      -4080
2.7962034617500e-04;       3132
2.7963969504400e-04;       3132
2.7965905590900e-04;       2543
2.7967840482400e-04;       2543
2.7969776562700e-04;       5044
2.7971711447500e-04;       5044
2.7973647545700e-04;       4455
2.7975582437000e-04;       4455
2.7977518515500e-04;       3866
2.7979453421600e-04;       3866
2.7981389496000e-04;      -1434
2.7983324381000e-04;      -1434
2.7985260472500e-04;      -2023
2.7987195365000e-04;      -2023
2.7989131448400e-04;        478
2.7991066338300e-04;        478
2.7993002409900e-04;       -111
2.7994614718200e-04;       -111
2.7996550808400e-04;       7101
2.7998485692900e-04;       7101
2.8000421773700e-04;       1801
2.8002356655900e-04;       1801
2.8004292748600e-04;       1212
2.8006227640800e-04;       1212
2.8008163720200e-04;      -4088
2.8010098599500e-04;      -4088
2.8012034682200e-04;       3124
2.8013969561500e-04;       3124
2.8015905660000e-04;       2535
2.8017840532500e-04;       2535
2.8019776618000e-04;       5036
2.8021711511800e-04;       5036
2.8023647592500e-04;       4447
2.8025582466300e-04;       4447
2.8027518542300e-04;       3858
2.8029453432700e-04;       3858
2.8031389501500e-04;      -1442
2.8033324387100e-04;      -1442
2.8035260484400e-04;       5770
2.8037195346200e-04;       5770
2.8039131433900e-04;        470
2.8041066317600e-04;        470
2.8043002400700e-04;       -119
2.8044614703300e-04;       -119
2.8046550785900e-04;       -708
2.8048485669200e-04;       -708
2.8050421751200e-04;       1793
2.8052356645900e-04;       1793
2.8054292717000e-04;       1204
2.8056227595600e-04;       1204
2.8058163702100e-04;      -4096
2.8060098597300e-04;      -4096
2.8062034671700e-04;       3116
2.8063969543800e-04;       3116
2.8065905643800e-04;       2527
2.8067840521200e-04;       2527
2.8069776607900e-04;       5028
2.8071711485400e-04;       5028
2.8073647577000e-04;       4439
2.8075582461200e-04;       4439
2.8077518560700e-04;       3850
2.8079453440600e-04;       3850
2.8081389518700e-04;      -1450
2.8083324404200e-04;      -1450
2.8085260486400e-04;       5762
2.8087195355100e-04;       5762
2.8089131451200e-04;        462
2.8091066321200e-04;        462
2.8093002407200e-04;       -127
2.8094614717900e-04;       -127
2.8096550795300e-04;       7085
2.8098485665600e-04;       7085
2.8100421755800e-04;       1785
2.8102356647800e-04;       1785
2.8104292734500e-04;       1196
2.8106227625000e-04;       1196
2.8108163719200e-04;      -4104
2.8110098605100e-04;      -4104
2.8112034683700e-04;       3108
2.8113969579400e-04;       3108
2.8115905648100e-04;       2519
2.8117840532600e-04;       2519
2.8119776617200e-04;       5020
2.8121711496900e-04;       5020
2.8123647579700e-04;       4431
2.8125582474300e-04;       4431
2.8127518561500e-04;       3842
2.8129453453000e-04;       3842
2.8131389545300e-04;       6343
2.8133324429100e-04;       6343
2.8135260501300e-04;       5754
2.8137195384400e-04;       5754
2.8139131472000e-04;        454
2.8141066341000e-04;        454
2.8143002428000e-04;       -135
2.8144614736100e-04;       -135
2.8146550821000e-04;       7077
2.8148485722600e-04;       7077
2.8150421805000e-04;       1777
2.8152356669500e-04;       1777
2.8154292751800e-04;       1188
2.8156227638900e-04;       1188
2.8158163736100e-04;      -4112
2.8160098613700e-04;      -4112
2.8162034692800e-04;       3100
2.8163969574400e-04;       3100
2.8165905653100e-04;       2511
2.8167840545600e-04;       2511
2.8169776631500e-04;       5012
2.8171711498500e-04;       5012
2.8173647598600e-04;       4423
2.8175582470500e-04;       4423
2.8177518552100e-04;       3834
2.8179453424500e-04;       3834
2.8181389524000e-04;      -1466
2.8183324409700e-04;      -1466
2.8185260501000e-04;       5746
2.8187195387900e-04;       5746
2.8189131461000e-04;        446
2.8191066348400e-04;        446
2.8193002436200e-04;       -143
2.8194614736500e-04;       -143
2.8196550830600e-04;       7069
2.8198485707800e-04;       7069
2.8200421788700e-04;       1769
2.8202356672500e-04;       1769
2.8204292753200e-04;       1180
2.8206227636300e-04;       1180
2.8208163719200e-04;      -4120
2.8210098599700e-04;      -4120
2.8212034677200e-04;       3092
2.8213969559000e-04;       3092
2.8215905645100e-04;       2503
2.8217840519100e-04;       2503
2.8219776605500e-04;       5004
2.8221711489100e-04;       5004
2.8223647579400e-04;       4415
2.8225582470300e-04;       4415
2.8227518536100e-04;       3826
2.8229453419100e-04;       3826
2.8231389488600e-04;      -1474
2.8233324384600e-04;      -1474
2.8235260475100e-04;      -2063
2.8237195356000e-04;      -2063
2.8239131446600e-04;        438
2.8241066310900e-04;        438
2.8243002400200e-04;       -151
2.8244614705800e-04;       -151
2.8246550795400e-04;       7061
2.8248485687700e-04;       7061
2.8250421767700e-04;       1761
2.8252356637100e-04;       1761
2.8254292733700e-04;       1172
2.8256227619900e-04;       1172
2.8258163701600e-04;      -4128
2.8260098557600e-04;      -4128
2.8262034651800e-04;       3084
2.8263969535800e-04;       3084
2.8265905610400e-04;       2495
2.8267840503300e-04;       2495
2.8269776589600e-04;       4996
2.8271711471700e-04;       4996
2.8273647555500e-04;       4407
2.8275582443600e-04;       4407
2.8277518533800e-04;       3818
2.8279453415100e-04;       3818
2.8281389496400e-04;       6319
2.8283324377900e-04;       6319
2.8285260462400e-04;       5730
2.8287195357700e-04;       5730
2.8289131441500e-04;        430
2.8291066321200e-04;        430
2.8293002401400e-04;       -159
2.8294614713300e-04;       -159
2.8296550778900e-04;       -748
2.8298485662100e-04;       -748
2.8300421740900e-04;       1753
2.8302356611900e-04;       1753
2.8304292689500e-04;       1164
2.8306227563300e-04;       1164
2.8308163646600e-04;      -4136
2.8310098536000e-04;      -4136
2.8312034624000e-04;       3076
2.8313969499600e-04;       3076
2.8315905583400e-04;       2487
2.8317840461200e-04;       2487
2.8319776550600e-04;       4988
2.8321711435500e-04;       4988
2.8323647519100e-04;       4399
2.8325582404900e-04;       4399
2.8327518493100e-04;       3810
2.8329453381400e-04;       3810
2.8331389481600e-04;      -1490
2.8333324357900e-04;      -1490
2.8335260459600e-04;      -2079
2.8337195336300e-04;      -2079
2.8339131420400e-04;        422
2.8341066313000e-04;        422
2.8343002393400e-04;       -167
2.8344614702400e-04;       -167
2.8346550784600e-04;       -756
2.8348485684000e-04;       -756
2.8350421773300e-04;       1745
2.8352356651300e-04;       1745
2.8354292756700e-04;       1156
2.8356227629500e-04;       1156
2.8358163737400e-04;      -4144
2.8360098643700e-04;      -4144
2.8362034727700e-04;       3068
2.8363969614800e-04;       3068
2.8365905688500e-04;       2479
2.8367840583900e-04;       2479
2.8369776677700e-04;       4980
2.8371711560800e-04;       4980
2.8373647642600e-04;       4391
2.8375582524100e-04;       4391
2.8377518616200e-04;       3802
2.8379453514600e-04;       3802
2.8381389583900e-04;       6303
2.8383324472200e-04;       6303
2.8385260556900e-04;       5714
2.8387195429900e-04;       5714
2.8389131509600e-04;        414
2.8391066405800e-04;        414
2.8393002496900e-04;       7626
2.8394614795300e-04;       7626
2.8396550860500e-04;       7037
2.8398485746800e-04;       7037
2.8400421828300e-04;       1737
2.8402356729600e-04;       1737
2.8404292821700e-04;       1148
2.8406227697800e-04;       1148
2.8408163764300e-04;       3649
2.8410098650900e-04;       3649
2.8412034723300e-04;       3060
2.8413969610400e-04;       3060
2.8415905683600e-04;       2471
2.8417840562300e-04;       2471
2.8419776674200e-04;       4972
2.8421711550000e-04;       4972
2.8423647626100e-04;       4383
2.8425582510800e-04;       4383
2.8427518583500e-04;       3794
2.8429453465700e-04;       3794
2.8431389537600e-04;      -1506
2.8433324426100e-04;      -1506
2.8435260497700e-04;       5706
2.8437195368500e-04;       5706
2.8439131457400e-04;        406
2.8441066342800e-04;        406
2.8443002435300e-04;       -183
2.8444614722800e-04;       -183
2.8446550797000e-04;       7029
2.8448485675500e-04;       7029
2.8450421770000e-04;       1729
2.8452356649900e-04;       1729
2.8454292738000e-04;       1140
2.8456227624200e-04;       1140
2.8458163697000e-04;      -4160
2.8460098575700e-04;      -4160
2.8462034667000e-04;       3052
2.8463969542900e-04;       3052
2.8465905626700e-04;       2463
2.8467840508400e-04;       2463
2.8469776596400e-04;       4964
2.8471711467500e-04;       4964
2.8473647555100e-04;       4375
2.8475582454300e-04;       4375
2.8477518532500e-04;       3786
2.8479453394200e-04;       3786
2.8481389491100e-04;      -1514
2.8483324384100e-04;      -1514
2.8485260472500e-04;      -2103
2.8487195350800e-04;      -2103
2.8489131446600e-04;        398
2.8491066325500e-04;        398
2.8493002403800e-04;       -191
2.8494614711200e-04;       -191
2.8496550801100e-04;       7021
2.8498485663100e-04;       7021
2.8500421755600e-04;       1721
2.8502356644800e-04;       1721
2.8504292749700e-04;       1132
2.8506227629400e-04;       1132
2.8508163718600e-04;      -4168
2.8510098614600e-04;      -4168
2.8512034698700e-04;       3044
2.8513969583800e-04;       3044
2.8515905659600e-04;       2455
2.8517840560600e-04;       2455
2.8519776652500e-04;       4956
2.8521711541600e-04;       4956
2.8523647609000e-04;       4367
2.8525582503600e-04;       4367
2.8527518588300e-04;       3778
2.8529453478200e-04;       3778
2.8531389552500e-04;       6279
2.8533324429500e-04;       6279
2.8535260515600e-04;       5690
2.8537195397600e-04;       5690
2.8539131485000e-04;        390
2.8541066363300e-04;        390
2.8543002452400e-04;       -199
2.8544614767700e-04;       -199
2.8546550853900e-04;       -788
2.8548485740900e-04;       -788
2.8550421815400e-04;       1713
2.8552356693900e-04;       1713
2.8554292780100e-04;       1124
2.8556227666000e-04;       1124
2.8558163746800e-04;      -4176
2.8560098632500e-04;      -4176
2.8562034729900e-04;       3036
2.8563969622400e-04;       3036
2.8565905710000e-04;       2447
2.8567840585500e-04;       2447
2.8569776674800e-04;       4948
2.8571711569200e-04;       4948
2.8573647648500e-04;       4359
2.8575582525600e-04;       4359
2.8577518609700e-04;       3770
2.8579453501800e-04;       3770
2.8581389579400e-04;      -1530
2.8583324470300e-04;      -1530
2.8585260556500e-04;       5682
2.8587195440800e-04;       5682
2.8589131541300e-04;        382
2.8591066425400e-04;        382
2.8593002513700e-04;       -207
2.8594614822300e-04;       -207
2.8596550915800e-04;       7005
2.8598485807900e-04;       7005
2.8600421903200e-04;       1705
2.8602356808500e-04;       1705
2.8604292878600e-04;       1116
2.8606227783000e-04;       1116
2.8608163860900e-04;       3617
2.8610098748000e-04;       3617
2.8612034839300e-04;       3028
2.8613969721400e-04;       3028
2.8615905807200e-04;       2439
2.8617840707600e-04;       2439
2.8619776775300e-04;       4940
2.8621711673600e-04;       4940
2.8623647744800e-04;       4351
2.8625582630700e-04;       4351
2.8627518714800e-04;       3762
2.8629453602500e-04;       3762
2.8631389685700e-04;       6263
2.8633324584800e-04;       6263
2.8635260669200e-04;       5674
2.8637195545500e-04;       5674
2.8639131614700e-04;        374
2.8641066491600e-04;        374
2.8643002591700e-04;       7586
2.8644614889600e-04;       7586
2.8646550965500e-04;       6997
2.8648485849000e-04;       6997
2.8650421956100e-04;       1697
2.8652356839000e-04;       1697
2.8654292922800e-04;       1108
2.8656227808100e-04;       1108
2.8658163889400e-04;       3609
2.8660098786500e-04;       3609
2.8662034861200e-04;       3020
2.8663969758100e-04;       3020
2.8665905846300e-04;       2431
2.8667840725300e-04;       2431
2.8669776798600e-04;       4932
2.8671711693100e-04;       4932
2.8673647770300e-04;       4343
2.8675582648200e-04;       4343
2.8677518723400e-04;       3754
2.8679453626400e-04;       3754
2.8681389695900e-04;       6255
2.8683324580300e-04;       6255
2.8685260671100e-04;       5666
2.8687195558200e-04;       5666
2.8689131644500e-04;        366
2.8691066529900e-04;        366
2.8693002617600e-04;       -223
2.8694614930000e-04;       -223
2.8696551016000e-04;       6989
2.8698485885800e-04;       6989
2.8700421961900e-04;       1689
2.8702356837000e-04;       1689
2.8704292910100e-04;       1100
2.8706227807100e-04;       1100
2.8708163883200e-04;       3601
2.8710098760300e-04;       3601
2.8712034851300e-04;       3012
2.8713969744800e-04;       3012
2.8715905823000e-04;       2423
2.8717840703400e-04;       2423
2.8719776793400e-04;       4924
2.8721711669400e-04;       4924
2.8723647755000e-04;       4335
2.8725582652900e-04;       4335
2.8727518723300e-04;       3746
2.8729453612200e-04;       3746
2.8731389694800e-04;       6247
2.8733324574900e-04;       6247
2.8735260666400e-04;       5658
2.8737195545500e-04;       5658
2.8739131635100e-04;        358
2.8741066521100e-04;        358
2.8743002594400e-04;       -231
2.8744614907900e-04;       -231
2.8746550985700e-04;       6981
2.8748485880800e-04;       6981
2.8750421967700e-04;       1681
2.8752356848100e-04;       1681
2.8754292916200e-04;       1092
2.8756227811200e-04;       1092
2.8758163881900e-04;       3593
2.8760098756400e-04;       3593
2.8762034842800e-04;       3004
2.8763969740000e-04;       3004
2.8765905825500e-04;       2415
2.8767840705500e-04;       2415
2.8769776787700e-04;       4916
2.8771711678200e-04;       4916
2.8773647772600e-04;       4327
2.8775582663600e-04;       4327
2.8777518744400e-04;       3738
2.8779453636500e-04;       3738
2.8781389703600e-04;       6239
2.8783324605200e-04;       6239
2.8785260678400e-04;       5650
2.8787195556700e-04;       5650
2.8789131631100e-04;        350
2.8791066519500e-04;        350
2.8793002614000e-04;       -239
2.8794614913900e-04;       -239
2.8796550986400e-04;       6973
2.8798485872000e-04;       6973
2.8800421980500e-04;       1673
2.8802356842600e-04;       1673
2.8804292925800e-04;       8885
2.8806227812000e-04;       8885
2.8808163891800e-04;       3585
2.8810098757400e-04;       3585
2.8812034844000e-04;       2996
2.8813969723100e-04;       2996
2.8815905813200e-04;       2407
2.8817840693100e-04;       2407
2.8819776757500e-04;       4908
2.8821711623500e-04;       4908
2.8823647708500e-04;       4319
2.8825582597600e-04;       4319
2.8827518670400e-04;       3730
2.8829453548000e-04;       3730
2.8831389629100e-04;      -1570
2.8833324514200e-04;      -1570
2.8835260608600e-04;      -2159
2.8837195484900e-04;      -2159
2.8839131567400e-04;        342
2.8841066459700e-04;        342
2.8843002542700e-04;       -247
2.8844614853700e-04;       -247
2.8846550948400e-04;       6965
2.8848485823800e-04;       6965
2.8850421900100e-04;       1665
2.8852356782600e-04;       1665
2.8854292870100e-04;       1076
2.8856227760300e-04;       1076
2.8858163840800e-04;      -4224
2.8860098732700e-04;      -4224
2.8862034829400e-04;       2988
2.8863969709300e-04;       2988
2.8865905789400e-04;       2399
2.8867840677100e-04;       2399
2.8869776759800e-04;       4900
2.8871711655600e-04;       4900
2.8873647749400e-04;       4311
2.8875582622900e-04;       4311
2.8877518719500e-04;       3722
2.8879453601300e-04;       3722
2.8881389681400e-04;       6223
2.8883324559700e-04;       6223
2.8885260644900e-04;       5634
2.8887195522900e-04;       5634
2.8889131604100e-04;        334
2.8891066494200e-04;        334
2.8893002570000e-04;       -255
2.8894614873900e-04;       -255
2.8896550949100e-04;       6957
2.8898485829700e-04;       6957
2.8900421917700e-04;       1657
2.8902356814300e-04;       1657
2.8904292891200e-04;       1068
2.8906227763000e-04;       1068
2.8908163854300e-04;       3569
2.8910098732500e-04;       3569
2.8912034824600e-04;       2980
2.8913969698100e-04;       2980
2.8915905795800e-04;       2391
2.8917840690900e-04;       2391
2.8919776782800e-04;       4892
2.8921711661900e-04;       4892
2.8923647751400e-04;       4303
2.8925582637600e-04;       4303
2.8927518702000e-04;       3714
2.8929453584100e-04;       3714
2.8931389674100e-04;      -1586
2.8933324551900e-04;      -1586
2.8935260629400e-04;       5626
2.8937195510700e-04;       5626
2.8939131601100e-04;        326
2.8941066489000e-04;        326
2.8943002554400e-04;       -263
2.8944614870900e-04;       -263
2.8946550949700e-04;       6949
2.8948485821700e-04;       6949
2.8950421920400e-04;       1649
2.8952356804600e-04;       1649
2.8954292892800e-04;       1060
2.8956227769800e-04;       1060
2.8958163847100e-04;       3561
2.8960098726700e-04;       3561
2.8962034797600e-04;       2972
2.8963969691300e-04;       2972
2.8965905771300e-04;       2383
2.8967840650300e-04;       2383
2.8969776732700e-04;       4884
2.8971711613200e-04;       4884
2.8973647701900e-04;       4295
2.8975582589900e-04;       4295
2.8977518678700e-04;       3706
2.8979453558700e-04;       3706
2.8981389644000e-04;       6207
2.8983324535200e-04;       6207
2.8985260613000e-04;       5618
2.8987195498600e-04;       5618
2.8989131594000e-04;        318
2.8991066470200e-04;        318
2.8993002559700e-04;       7530
2.8994614875100e-04;       7530
2.8996550952800e-04;       6941
2.8998485826500e-04;       6941
2.9000421910300e-04;       1641
2.9002356792900e-04;       1641
2.9004292872800e-04;       1052
2.9006227760000e-04;       1052
2.9008163856100e-04;       3553
2.9010098730700e-04;       3553
2.9012034817100e-04;       2964
2.9013969690800e-04;       2964
2.9015905755100e-04;       2375
2.9017840671100e-04;       2375
2.9019776738100e-04;       4876
2.9021711625600e-04;       4876
2.9023647716000e-04;       4287
2.9025582613200e-04;       4287
2.9027518678600e-04;       3698
2.9029453559000e-04;       3698
2.9031389644400e-04;       6199
2.9033324541900e-04;       6199
2.9035260619000e-04;       5610
2.9037195500200e-04;       5610
2.9039131594500e-04;        310
2.9041066461900e-04;        310
2.9043002545300e-04;       -279
2.9044614844600e-04;       -279
2.9046550936000e-04;       6933
2.9048485815100e-04;       6933
2.9050421907500e-04;       1633
2.9052356799800e-04;       1633
2.9054292876600e-04;       1044
2.9056227760900e-04;       1044
2.9058163847300e-04;       3545
2.9060098728400e-04;       3545
2.9062034805800e-04;       2956
2.9063969683300e-04;       2956
2.9065905756900e-04;       2367
2.9067840654500e-04;       2367
2.9069776738900e-04;       4868
2.9071711635300e-04;       4868
2.9073647707400e-04;       4279
2.9075582595300e-04;       4279
2.9077518673600e-04;       3690
2.9079453561900e-04;       3690
2.9081389651000e-04;      -1610
2.9083324546300e-04;      -1610
2.9085260621700e-04;       5602
2.9087195492400e-04;       5602
2.9089131572300e-04;        302
2.9091066463300e-04;        302
2.9093002529300e-04;       -287
2.9094614848100e-04;       -287
2.9096550915400e-04;       6925
2.9098485806800e-04;       6925
2.9100421900500e-04;       1625
2.9102356777200e-04;       1625
2.9104292858400e-04;       1036
2.9106227759400e-04;       1036
2.9108163836200e-04;      -4264
2.9110098712500e-04;      -4264
2.9112034782100e-04;       2948
2.9113969673900e-04;       2948
2.9115905772300e-04;       2359
2.9117840658200e-04;       2359
2.9119776759200e-04;       4860
2.9121711651700e-04;       4860
2.9123647724300e-04;       4271
2.9125582604800e-04;       4271
2.9127518698700e-04;       3682
2.9129453583700e-04;       3682
2.9131389659800e-04;       6183
2.9133324543600e-04;       6183
2.9135260615400e-04;       5594
2.9137195488300e-04;       5594
2.9139131568900e-04;        294
2.9141066445800e-04;        294
2.9143002542800e-04;       -295
2.9144614840800e-04;       -295
2.9146550924200e-04;       6917
2.9148485813600e-04;       6917
2.9150421887800e-04;       1617
2.9152356766200e-04;       1617
2.9154292853700e-04;       1028
2.9156227734600e-04;       1028
2.9158163826500e-04;      -4272
2.9160098715600e-04;      -4272
2.9162034790700e-04;       2940
2.9163969663600e-04;       2940
2.9165905750300e-04;       2351
2.9167840637300e-04;       2351
2.9169776732300e-04;       4852
2.9171711600100e-04;       4852
2.9173647699100e-04;       4263
2.9175582588400e-04;       4263
2.9177518689500e-04;       3674
2.9179453582100e-04;       3674
2.9181389662800e-04;       6175
2.9183324560000e-04;       6175
2.9185260655400e-04;       5586
2.9187195532100e-04;       5586
2.9189131631500e-04;        286
2.9191066526200e-04;        286
2.9193002598800e-04;       -303
2.9194614910100e-04;       -303
2.9196550987500e-04;       6909
2.9198485855200e-04;       6909
2.9200421936500e-04;       1609
2.9202356811900e-04;       1609
2.9204292898100e-04;       1020
2.9206227779100e-04;       1020
2.9208163862600e-04;       3521
2.9210098743700e-04;       3521
2.9212034830700e-04;       2932
2.9213969719500e-04;       2932
2.9215905798200e-04;       2343
2.9217840675500e-04;       2343
2.9219776767300e-04;       4844
2.9221711649400e-04;       4844
2.9223647726000e-04;       4255
2.9225582619500e-04;       4255
2.9227518696800e-04;       3666
2.9229453573800e-04;       3666
2.9231389659300e-04;      -1634
2.9233324567600e-04;      -1634
2.9235260630800e-04;       5578
2.9237195502100e-04;       5578
2.9239131586700e-04;        278
2.9241066461600e-04;        278
2.9243002547700e-04;       7490
2.9244614839000e-04;       7490
2.9246550930100e-04;       6901
2.9248485814600e-04;       6901
2.9250421894700e-04;       1601
2.9252356774600e-04;       1601
2.9254292850200e-04;       1012
2.9256227745000e-04;       1012
2.9258163812900e-04;       3513
2.9260098699200e-04;       3513
2.9262034784000e-04;       2924
2.9263969673700e-04;       2924
2.9265905760300e-04;       2335
2.9267840628000e-04;       2335
2.9269776694800e-04;       4836
2.9271711573500e-04;       4836
2.9273647647300e-04;       4247
2.9275582540800e-04;       4247
2.9277518612800e-04;       3658
2.9279453514400e-04;       3658
2.9281389591400e-04;      -1642
2.9283324470200e-04;      -1642
2.9285260550200e-04;       5570
2.9287195436200e-04;       5570
2.9289131506000e-04;        270
2.9291066390600e-04;        270
2.9293002470400e-04;       -319
2.9294614782400e-04;       -319
2.9296550856100e-04;       6893
2.9298485746700e-04;       6893
2.9300421832300e-04;       1593
2.9302356716900e-04;       1593
2.9304292792500e-04;       1004
2.9306227673700e-04;       1004
2.9308163768800e-04;      -4296
2.9310098659300e-04;      -4296
2.9312034746300e-04;       2916
2.9313969621300e-04;       2916
2.9315905715800e-04;       2327
2.9317840586000e-04;       2327
2.9319776665100e-04;       4828
2.9321711550700e-04;       4828
2.9323647656200e-04;       4239
2.9325582522900e-04;       4239
2.9327518606700e-04;       3650
2.9329453467400e-04;       3650
2.9331389552000e-04;      -1650
2.9333324448200e-04;      -1650
2.9335260539700e-04;       5562
2.9337195415900e-04;       5562
2.9339131490800e-04;        262
2.9341066379000e-04;        262
2.9343002468200e-04;       -327
2.9344614774000e-04;       -327
2.9346550841100e-04;       6885
2.9348485735700e-04;       6885
2.9350421832400e-04;       1585
2.9352356736600e-04;       1585
2.9354292821500e-04;        996
2.9356227687900e-04;        996
2.9358163779200e-04;      -4304
2.9360098662900e-04;      -4304
2.9362034740100e-04;       2908
2.9363969616000e-04;       2908
2.9365905703500e-04;       2319
2.9367840606500e-04;       2319
2.9369776694000e-04;       4820
2.9371711578200e-04;       4820
2.9373647666900e-04;       4231
2.9375582547300e-04;       4231
2.9377518633000e-04;       3642
2.9379453520000e-04;       3642
2.9381389616200e-04;      -1658
2.9383324487000e-04;      -1658
2.9385260572100e-04;       5554
2.9387195441900e-04;       5554
2.9389131518300e-04;        254
2.9391066401400e-04;        254
2.9393002480700e-04;       7466
2.9394614775800e-04;       7466
2.9396550862300e-04;       6877
2.9398485752300e-04;       6877
2.9400421839300e-04;       1577
2.9402356720400e-04;       1577
2.9404292814500e-04;        988
2.9406227706200e-04;        988
2.9408163771100e-04;      -4312
2.9410098654500e-04;      -4312
2.9412034731700e-04;       2900
2.9413969617400e-04;       2900
2.9415905686600e-04;       2311
2.9417840566800e-04;       2311
2.9419776647300e-04;       4812
2.9421711527600e-04;       4812
2.9423647622900e-04;       4223
2.9425582524900e-04;       4223
2.9427518616700e-04;       3634
2.9429453496300e-04;       3634
2.9431389582600e-04;       6135
2.9433324459600e-04;       6135
2.9435260537400e-04;       5546
2.9437195420700e-04;       5546
2.9439131496100e-04;        246
2.9441066365200e-04;        246
2.9443002455000e-04;       -343
2.9444614754900e-04;       -343
2.9446550841200e-04;       6869
2.9448485725100e-04;       6869
2.9450421815100e-04;       1569
2.9452356683300e-04;       1569
2.9454292786600e-04;        980
2.9456227669400e-04;        980
2.9458163751800e-04;       3481
2.9460098641000e-04;       3481
2.9462034712900e-04;       2892
2.9463969597500e-04;       2892
2.9465905687200e-04;       2303
2.9467840580500e-04;       2303
2.9469776649600e-04;       4804
2.9471711537700e-04;       4804
2.9473647607100e-04;       4215
2.9475582508100e-04;       4215
2.9477518594500e-04;       3626
2.9479453478800e-04;       3626
2.9481389558600e-04;      -1674
2.9483324457800e-04;      -1674
2.9485260542900e-04;      -2263
2.9487195441200e-04;      -2263
2.9489131526500e-04;        238
2.9491066398800e-04;        238
2.9493002482000e-04;       -351
2.9494614776800e-04;       -351
2.9496550869600e-04;       -940
2.9498485772000e-04;       -940
2.9500421855200e-04;       1561
2.9502356733500e-04;       1561
2.9504292817000e-04;        972
2.9506227692300e-04;        972
2.9508163780500e-04;       3473
2.9510098664000e-04;       3473
2.9512034755100e-04;       2884
2.9513969641100e-04;       2884
2.9515905730300e-04;       2295
2.9517840633500e-04;       2295
2.9519776713500e-04;       4796
2.9521711595000e-04;       4796
2.9523647693400e-04;       4207
2.9525582555500e-04;       4207
2.9527518650700e-04;       3618
2.9529453545200e-04;       3618
2.9531389622500e-04;       6119
2.9533324487000e-04;       6119
2.9535260583700e-04;       5530
2.9537195463400e-04;       5530
2.9539131535700e-04;        230
2.9541066424800e-04;        230
2.9543002516700e-04;       -359
2.9544614815000e-04;       -359
2.9546550897100e-04;       6853
2.9548485786800e-04;       6853
2.9550421858600e-04;       1553
2.9552356727500e-04;       1553
2.9554292815000e-04;        964
2.9556227691900e-04;        964
2.9558163769400e-04;       3465
2.9560098664200e-04;       3465
2.9562034732100e-04;       2876
2.9563969636400e-04;       2876
2.9565905707700e-04;       2287
2.9567840600200e-04;       2287
2.9569776681200e-04;       4788
2.9571711562700e-04;       4788
2.9573647653300e-04;       4199
2.9575582534800e-04;       4199
2.9577518623400e-04;       3610
2.9579453513700e-04;       3610
2.9581389579900e-04;       6111
2.9583324471600e-04;       6111
2.9585260545300e-04;       5522
2.9587195427200e-04;       5522
2.9589131516400e-04;        222
2.9591066397800e-04;        222
2.9593002484300e-04;       -367
2.9594614782700e-04;       -367
2.9596550864500e-04;       -956
2.9598485741800e-04;       -956
2.9600421821900e-04;       1545
2.9602356704200e-04;       1545
2.9604292783600e-04;        956
2.9606227674600e-04;        956
2.9608163762100e-04;      -4344
2.9610098626800e-04;      -4344
2.9612034697000e-04;       2868
2.9613969593500e-04;       2868
2.9615905680500e-04;       2279
2.9617840576500e-04;       2279
2.9619776640700e-04;       4780
2.9621711516800e-04;       4780
2.9623647596100e-04;       4191
2.9625582480600e-04;       4191
2.9627518557500e-04;       3602
2.9629453442200e-04;       3602
2.9631389532100e-04;      -1698
2.9633324419100e-04;      -1698
2.9635260493000e-04;       5514
2.9637195374300e-04;       5514
2.9639131474800e-04;        214
2.9641066345200e-04;        214
2.9643002439900e-04;       -375
2.9644614747300e-04;       -375
2.9646550810500e-04;       6837
2.9648485690000e-04;       6837
2.9650421791200e-04;       1537
2.9652356677300e-04;       1537
2.9654292753000e-04;        948
2.9656227631300e-04;        948
2.9658163706900e-04;      -4352
2.9660098602000e-04;      -4352
2.9662034687200e-04;       2860
2.9663969571700e-04;       2860
2.9665905665300e-04;       2271
2.9667840545000e-04;       2271
2.9669776646600e-04;       4772
2.9671711520700e-04;       4772
2.9673647624400e-04;       4183
2.9675582519700e-04;       4183
2.9677518611900e-04;       3594
2.9679453489600e-04;       3594
2.9681389593400e-04;       6095
2.9683324474200e-04;       6095
2.9685260560900e-04;       5506
2.9687195447900e-04;       5506
2.9689131517000e-04;        206
2.9691066397000e-04;        206
2.9693002485100e-04;       -383
2.9694614782700e-04;       -383
2.9696550869600e-04;       6829
2.9698485754600e-04;       6829
2.9700421847200e-04;       1529
2.9702356724000e-04;       1529
2.9704292815400e-04;        940
2.9706227695700e-04;        940
2.9708163785100e-04;      -4360
2.9710098665900e-04;      -4360
2.9712034744500e-04;       2852
2.9713969644700e-04;       2852
2.9715905746500e-04;       2263
2.9717840624900e-04;       2263
2.9719776705700e-04;       4764
2.9721711600900e-04;       4764
2.9723647684400e-04;       4175
2.9725582571300e-04;       4175
2.9727518662800e-04;       3586
2.9729453548300e-04;       3586
2.9731389614800e-04;       6087
2.9733324518200e-04;       6087
2.9735260596800e-04;       5498
2.9737195467700e-04;       5498
2.9739131548800e-04;        198
2.9741066428100e-04;        198
2.9743002524400e-04;       -391
2.9744614813200e-04;       -391
2.9746550888000e-04;       6821
2.9748485780400e-04;       6821
2.9750421853700e-04;       1521
2.9752356725500e-04;       1521
2.9754292811600e-04;        932
2.9756227695500e-04;        932
2.9758163783300e-04;      -4368
2.9760098672100e-04;      -4368
2.9762034763300e-04;       2844
2.9763969642100e-04;       2844
2.9765905723800e-04;       2255
2.9767840625700e-04;       2255
2.9769776716400e-04;       4756
2.9771711584900e-04;       4756
2.9773647663600e-04;       4167
2.9775582553300e-04;       4167
2.9777518641400e-04;       3578
2.9779453529900e-04;       3578
2.9781389606200e-04;      -1722
2.9783324492300e-04;      -1722
2.9785260580700e-04;       5490
2.9787195471800e-04;       5490
2.9789131547200e-04;        190
2.9791066417300e-04;        190
2.9793002492000e-04;       -399
2.9794614802500e-04;       -399
2.9796550901600e-04;       6813
2.9798485790900e-04;       6813
2.9800421867300e-04;       1513
2.9802356755400e-04;       1513
2.9804292840100e-04;        924
2.9806227729000e-04;        924
2.9808163833200e-04;       3425
2.9810098714800e-04;       3425
2.9812034793200e-04;       2836
2.9813969666900e-04;       2836
2.9815905759800e-04;       2247
2.9817840644800e-04;       2247
2.9819776726500e-04;       4748
2.9821711614100e-04;       4748
2.9823647696800e-04;       4159
2.9825582587300e-04;       4159
2.9827518652500e-04;       3570
2.9829453551500e-04;       3570
2.9831389624600e-04;       6071
2.9833324512500e-04;       6071
2.9835260593500e-04;       5482
2.9837195459400e-04;       5482
2.9839131531400e-04;        182
2.9841066411400e-04;        182
2.9843002478600e-04;       7394
2.9844614773500e-04;       7394
2.9846550847100e-04;       6805
2.9848485732200e-04;       6805
2.9850421816700e-04;       1505
2.9852356705300e-04;       1505
2.9854292777100e-04;        916
2.9856227675700e-04;        916
2.9858163750600e-04;       3417
2.9860098644400e-04;       3417
2.9862034728400e-04;       2828
2.9863969605000e-04;       2828
2.9865905697300e-04;       2239
2.9867840593200e-04;       2239
2.9869776690300e-04;       4740
2.9871711566200e-04;       4740
2.9873647632900e-04;       4151
2.9875582519700e-04;       4151
2.9877518597700e-04;       3562
2.9879453464400e-04;       3562
2.9881389536400e-04;      -1738
2.9883324421900e-04;      -1738
2.9885260514700e-04;      -2327
2.9887195414400e-04;      -2327
2.9889131496100e-04;        174
2.9891066395100e-04;        174
2.9893002478400e-04;       -415
2.9894614778700e-04;       -415
2.9896550867600e-04;       6797
2.9898485752200e-04;       6797
2.9900421840600e-04;       1497
2.9902356722000e-04;       1497
2.9904292812900e-04;        908
2.9906227695900e-04;        908
2.9908163789200e-04;       3409
2.9910098679800e-04;       3409
2.9912034768900e-04;       2820
2.9913969644100e-04;       2820
2.9915905724200e-04;       2231
2.9917840592700e-04;       2231
2.9919776676500e-04;       4732
2.9921711567000e-04;       4732
2.9923647652300e-04;       4143
2.9925582513900e-04;       4143
2.9927518595200e-04;       3554
2.9929453496300e-04;       3554
2.9931389573900e-04;      -1746
2.9933324472000e-04;      -1746
2.9935260536400e-04;       5466
2.9937195432800e-04;       5466
2.9939131506700e-04;        166
2.9941066382900e-04;        166
2.9943002474300e-04;       -423
2.9944614761500e-04;       -423
2.9946550845300e-04;       6789
2.9948485719800e-04;       6789
2.9950421808800e-04;       1489
2.9952356690800e-04;       1489
2.9954292771900e-04;        900
2.9956227672000e-04;        900
2.9958163747300e-04;      -4400
2.9960098650800e-04;      -4400
2.9962034730700e-04;       2812
2.9963969603800e-04;       2812
2.9965905674500e-04;       2223
2.9967840549600e-04;       2223
2.9969776633600e-04;       4724
2.9971711531800e-04;       4724
2.9973647614100e-04;       4135
2.9975582516000e-04;       4135
2.9977518587000e-04;       3546
2.9979453483400e-04;       3546
2.9981389554300e-04;      -1754
2.9983324440700e-04;      -1754
2.9985260511500e-04;       5458
2.9987195399400e-04;       5458
2.9989131494100e-04;        158
2.9991066374500e-04;        158
2.9993002451700e-04;       -431
2.9994614759500e-04;       -431
2.9996550841300e-04;       6781
2.9998485720100e-04;       6781
3.0000421794200e-04;       1481
3.0002356671800e-04;       1481
3.0004292765500e-04;        892
3.0006227650300e-04;        892
3.0008163737700e-04;      -4408
3.0010098618800e-04;      -4408
3.0012034702700e-04;       2804
3.0013969576300e-04;       2804
3.0015905677400e-04;       2215
3.0017840567200e-04;       2215
3.0019776652700e-04;       4716
3.0021711543600e-04;       4716
3.0023647616000e-04;       4127
3.0025582504700e-04;       4127
3.0027518585100e-04;       3538
3.0029453472200e-04;       3538
3.0031389551400e-04;      -1762
3.0033324454900e-04;      -1762
3.0035260530200e-04;       5450
3.0037195409100e-04;       5450
3.0039131484900e-04;        150
3.0041066363600e-04;        150
3.0043002443800e-04;       -439
3.0044614741400e-04;       -439
3.0046550822200e-04;       6773
3.0048485696400e-04;       6773
3.0050421782700e-04;       1473
3.0052356672200e-04;       1473
3.0054292769000e-04;        884
3.0056227639900e-04;        884
3.0058163726100e-04;      -4416
3.0060098624300e-04;      -4416
3.0062034694000e-04;       2796
3.0063969585800e-04;       2796
3.0065905663500e-04;       2207
3.0067840545900e-04;       2207
3.0069776635700e-04;       4708
3.0071711508200e-04;       4708
3.0073647595300e-04;       4119
3.0075582476500e-04;       4119
3.0077518561400e-04;       3530
3.0079453448800e-04;       3530
3.0081389527200e-04;      -1770
3.0083324405100e-04;      -1770
3.0085260492400e-04;      -2359
3.0087195375800e-04;      -2359
3.0089131463700e-04;        142
3.0091066341200e-04;        142
3.0093002425900e-04;       -447
3.0094614725300e-04;       -447
3.0096550807500e-04;       6765
3.0098485697700e-04;       6765
3.0100421777900e-04;       1465
3.0102356643200e-04;       1465
3.0104292736100e-04;        876
3.0106227623900e-04;        876
3.0108163704900e-04;      -4424
3.0110098599800e-04;      -4424
3.0112034681600e-04;       2788
3.0113969566200e-04;       2788
3.0115905650500e-04;       2199
3.0117840542700e-04;       2199
3.0119776637400e-04;      -3101
3.0121711521500e-04;      -3101
3.0123647598200e-04;       4111
3.0125582484400e-04;       4111
3.0127518558100e-04;       3522
3.0129453456800e-04;       3522
3.0131389551900e-04;      -1778
3.0133324436800e-04;      -1778
3.0135260525700e-04;       5434
3.0137195425400e-04;       5434
3.0139131511700e-04;        134
3.0141066399800e-04;        134
3.0143002489700e-04;       -455
3.0144614783100e-04;       -455
3.0146550863800e-04;       6757
3.0148485752500e-04;       6757
3.0150421834600e-04;       1457
3.0152356734400e-04;       1457
3.0154292811900e-04;        868
3.0156227701300e-04;        868
3.0158163757700e-04;      -4432
3.0160098644100e-04;      -4432
3.0162034731300e-04;       2780
3.0163969625200e-04;       2780
3.0165905706000e-04;       2191
3.0167840586600e-04;       2191
3.0169776662400e-04;       4692
3.0171711552100e-04;       4692
3.0173647634100e-04;       4103
3.0175582518600e-04;       4103
3.0177518617000e-04;       3514
3.0179453501600e-04;       3514
3.0181389578900e-04;      -1786
3.0183324470100e-04;      -1786
3.0185260544000e-04;       5426
3.0187195432400e-04;       5426
3.0189131505900e-04;        126
3.0191066390000e-04;        126
3.0193002472700e-04;       -463
3.0194614756900e-04;       -463
3.0196550848600e-04;       6749
3.0198485729600e-04;       6749
3.0200421820900e-04;       1449
3.0202356718900e-04;       1449
3.0204292808100e-04;        860
3.0206227688400e-04;        860
3.0208163765600e-04;      -4440
3.0210098656600e-04;      -4440
3.0212034727800e-04;       2772
3.0213969615000e-04;       2772
3.0215905707200e-04;       2183
3.0217840591000e-04;       2183
3.0219776684800e-04;       4684
3.0221711570900e-04;       4684
3.0223647651900e-04;       4095
3.0225582540100e-04;       4095
3.0227518618600e-04;       3506
3.0229453516300e-04;       3506
3.0231389578900e-04;       6007
3.0233324456600e-04;       6007
3.0235260545800e-04;       5418
3.0237195435700e-04;       5418
3.0239131510500e-04;        118
3.0241066383900e-04;        118
3.0243002463800e-04;       -471
3.0244614762900e-04;       -471
3.0246550844900e-04;       6741
3.0248485731100e-04;       6741
3.0250421813800e-04;       1441
3.0252356689800e-04;       1441
3.0254292772200e-04;        852
3.0256227650300e-04;        852
3.0258163731100e-04;      -4448
3.0260098622800e-04;      -4448
3.0262034711300e-04;       2764
3.0263969591900e-04;       2764
3.0265905680100e-04;       2175
3.0267840566100e-04;       2175
3.0269776662200e-04;       4676
3.0271711569300e-04;       4676
3.0273647645200e-04;       4087
3.0275582536000e-04;       4087
3.0277518626400e-04;       3498
3.0279453509900e-04;       3498
3.0281389596500e-04;      -1802
3.0283324490200e-04;      -1802
3.0285260559500e-04;       5410
3.0287195450300e-04;       5410
3.0289131542700e-04;        110
3.0291066438000e-04;        110
3.0293002520600e-04;       7322
3.0294614839300e-04;       7322
3.0296550917600e-04;       6733
3.0298485810600e-04;       6733
3.0300421883400e-04;       1433
3.0302356780400e-04;       1433
3.0304292846800e-04;        844
3.0306227734100e-04;        844
3.0308163809100e-04;      -4456
3.0310098685100e-04;      -4456
3.0312034756200e-04;       2756
3.0313969648400e-04;       2756
3.0315905738300e-04;       2167
3.0317840616800e-04;       2167
3.0319776704700e-04;       4668
3.0321711596500e-04;       4668
3.0323647663900e-04;       4079
3.0325582571200e-04;       4079
3.0327518637600e-04;       3490
3.0329453533300e-04;       3490
3.0331389614400e-04;      -1810
3.0333324512700e-04;      -1810
3.0335260602500e-04;       5402
3.0337195478000e-04;       5402
3.0339131556800e-04;        102
3.0341066458900e-04;        102
3.0343002529300e-04;       -487
3.0344614823500e-04;       -487
3.0346550905400e-04;       6725
3.0348485793900e-04;       6725
3.0350421884500e-04;       1425
3.0352356767700e-04;       1425
3.0354292854600e-04;        836
3.0356227739700e-04;        836
3.0358163826300e-04;       3337
3.0360098726300e-04;       3337
3.0362034797500e-04;       2748
3.0363969684300e-04;       2748
3.0365905780700e-04;       2159
3.0367840658500e-04;       2159
3.0369776744100e-04;       4660
3.0371711633300e-04;       4660
3.0373647709800e-04;       4071
3.0375582596000e-04;       4071
3.0377518680100e-04;       3482
3.0379453565400e-04;       3482
3.0381389644400e-04;      -1818
3.0383324536000e-04;      -1818
3.0385260612700e-04;       5394
3.0387195493200e-04;       5394
3.0389131579400e-04;         94
3.0391066468700e-04;         94
3.0393002551100e-04;       -495
3.0394614853100e-04;       -495
3.0396550934500e-04;      -1084
3.0398485816300e-04;      -1084
3.0400421899400e-04;       1417
3.0402356784400e-04;       1417
3.0404292857400e-04;        828
3.0406227753400e-04;        828
3.0408163830200e-04;      -4472
3.0410098716200e-04;      -4472
3.0412034803900e-04;       2740
3.0413969698100e-04;       2740
3.0415905775000e-04;       2151
3.0417840646600e-04;       2151
3.0419776725800e-04;       4652
3.0421711611100e-04;       4652
3.0423647692100e-04;       4063
3.0425582580700e-04;       4063
3.0427518671700e-04;       3474
3.0429453551300e-04;       3474
3.0431389653900e-04;       5975
3.0433324534400e-04;       5975
3.0435260618700e-04;       5386
3.0437195508200e-04;       5386
3.0439131593400e-04;         86
3.0441066483400e-04;         86
3.0443002550900e-04;       -503
3.0444614850900e-04;       -503
3.0446550929500e-04;       6709
3.0448485811900e-04;       6709
3.0450421894500e-04;       1409
3.0452356783700e-04;       1409
3.0454292866900e-04;        820
3.0456227754300e-04;        820
3.0458163827300e-04;       3321
3.0460098723800e-04;       3321
3.0462034806900e-04;       2732
3.0463969672100e-04;       2732
3.0465905755500e-04;       2143
3.0467840630800e-04;       2143
3.0469776710600e-04;       4644
3.0471711602700e-04;       4644
3.0473647699300e-04;       4055
3.0475582589800e-04;       4055
3.0477518659300e-04;       3466
3.0479453531900e-04;       3466
3.0481389605600e-04;      -1834
3.0483324487400e-04;      -1834
3.0485260559500e-04;       5378
3.0487195431600e-04;       5378
3.0489131514600e-04;         78
3.0491066407100e-04;         78
3.0493002487000e-04;       -511
3.0494614794200e-04;       -511
3.0496550880700e-04;       6701
3.0498485767800e-04;       6701
3.0500421843900e-04;       1401
3.0502356728100e-04;       1401
3.0504292823700e-04;        812
3.0506227704900e-04;        812
3.0508163772700e-04;      -4488
3.0510098643600e-04;      -4488
3.0512034719600e-04;       2724
3.0513969614300e-04;       2724
3.0515905703700e-04;       2135
3.0517840575400e-04;       2135
3.0519776669400e-04;       4636
3.0521711558800e-04;       4636
3.0523647629200e-04;       4047
3.0525582518500e-04;       4047
3.0527518603000e-04;       3458
3.0529453493800e-04;       3458
3.0531389560800e-04;      -1842
3.0533324452700e-04;      -1842
3.0535260531700e-04;       5370
3.0537195405500e-04;       5370
3.0539131488600e-04;         70
3.0541066382700e-04;         70
3.0543002459900e-04;       -519
3.0544614752900e-04;       -519
3.0546550840300e-04;       6693
3.0548485708200e-04;       6693
3.0550421800800e-04;       1393
3.0552356685300e-04;       1393
3.0554292778800e-04;        804
3.0556227656700e-04;        804
3.0558163750200e-04;      -4496
3.0560098634000e-04;      -4496
3.0562034699000e-04;       2716
3.0563969580900e-04;       2716
3.0565905670000e-04;       2127
3.0567840557900e-04;       2127
3.0569776637600e-04;       4628
3.0571711519500e-04;       4628
3.0573647617200e-04;       4039
3.0575582501200e-04;       4039
3.0577518570200e-04;       3450
3.0579453457100e-04;       3450
3.0581389534900e-04;      -1850
3.0583324420300e-04;      -1850
3.0585260504900e-04;      -2439
3.0587195400000e-04;      -2439
3.0589131473200e-04;         62
3.0591066348000e-04;         62
3.0593002447700e-04;       -527
3.0594614745200e-04;       -527
3.0596550836900e-04;       6685
3.0598485722100e-04;       6685
3.0600421804600e-04;       1385
3.0602356695500e-04;       1385
3.0604292776500e-04;        796
3.0606227666600e-04;        796
3.0608163746600e-04;      -4504
3.0610098630600e-04;      -4504
3.0612034713200e-04;       2708
3.0613969599100e-04;       2708
3.0615905697600e-04;       2119
3.0617840576500e-04;       2119
3.0619776658800e-04;       4620
3.0621711549600e-04;       4620
3.0623647642500e-04;       4031
3.0625582538300e-04;       4031
3.0627518618100e-04;       3442
3.0629453499600e-04;       3442
3.0631389578600e-04;       5943
3.0633324481700e-04;       5943
3.0635260559600e-04;       5354
3.0637195447200e-04;       5354
3.0639131528400e-04;         54
3.0641066403800e-04;         54
3.0643002483800e-04;       -535
3.0644614810400e-04;       -535
3.0646550887600e-04;       6677
3.0648485769200e-04;       6677
3.0650421837900e-04;       1377
3.0652356732700e-04;       1377
3.0654292812900e-04;        788
3.0656227695600e-04;        788
3.0658163780200e-04;      -4512
3.0660098654100e-04;      -4512
3.0662034735600e-04;       2700
3.0663969640100e-04;       2700
3.0665905714100e-04;       2111
3.0667840612500e-04;       2111
3.0669776688100e-04;       4612
3.0671711583300e-04;       4612
3.0673647661300e-04;       4023
3.0675582528600e-04;       4023
3.0677518612500e-04;       3434
3.0679453504200e-04;       3434
3.0681389577700e-04;       5935
3.0683324464100e-04;       5935
3.0685260541100e-04;       5346
3.0687195421600e-04;       5346
3.0689131518600e-04;         46
3.0691066397900e-04;         46
3.0693002484100e-04;       -543
3.0694614780400e-04;       -543
3.0696550861700e-04;       6669
3.0698485745800e-04;       6669
3.0700421819300e-04;       1369
3.0702356714000e-04;       1369
3.0704292786300e-04;        780
3.0706227666500e-04;        780
3.0708163749700e-04;      -4520
3.0710098631400e-04;      -4520
3.0712034711500e-04;       2692
3.0713969613900e-04;       2692
3.0715905688800e-04;       2103
3.0717840561700e-04;       2103
3.0719776651000e-04;       4604
3.0721711544100e-04;       4604
3.0723647624000e-04;       4015
3.0725582496100e-04;       4015
3.0727518577400e-04;       3426
3.0729453449200e-04;       3426
3.0731389538300e-04;       5927
3.0733324433500e-04;       5927
3.0735260524400e-04;       5338
3.0737195409700e-04;       5338
3.0739131492200e-04;         38
3.0741066373300e-04;         38
3.0743002457100e-04;       -551
3.0744614741400e-04;       -551
3.0746550819900e-04;       6661
3.0748485715700e-04;       6661
3.0750421779000e-04;       1361
3.0752356654700e-04;       1361
3.0754292721500e-04;        772
3.0756227609500e-04;        772
3.0758163678600e-04;      -4528
3.0760098571600e-04;      -4528
3.0762034644000e-04;       2684
3.0763969532100e-04;       2684
3.0765905611700e-04;       2095
3.0767840503500e-04;       2095
3.0769776567600e-04;       4596
3.0771711472700e-04;       4596
3.0773647563700e-04;       4007
3.0775582445700e-04;       4007
3.0777518521800e-04;       3418
3.0779453405400e-04;       3418
3.0781389486500e-04;      -1882
3.0783324378900e-04;      -1882
3.0785260478700e-04;       5330
3.0787195358500e-04;       5330
3.0789131433500e-04;         30
3.0791066322600e-04;         30
3.0793002411800e-04;       -559
3.0794614709500e-04;       -559
3.0796550792100e-04;       6653
3.0798485678600e-04;       6653
3.0800421746800e-04;       1353
3.0802356636000e-04;       1353
3.0804292705600e-04;        764
3.0806227582000e-04;        764
3.0808163667100e-04;      -4536
3.0810098551000e-04;      -4536
3.0812034641800e-04;       2676
3.0813969521400e-04;       2676
3.0815905608000e-04;       2087
3.0817840497000e-04;       2087
3.0819776579900e-04;       4588
3.0821711468800e-04;       4588
3.0823647553700e-04;       3999
3.0825582446200e-04;       3999
3.0827518543000e-04;       3410
3.0829453451600e-04;       3410
3.0831389536800e-04;      -1890
3.0833324425600e-04;      -1890
3.0835260521800e-04;      -2479
3.0837195420000e-04;      -2479
3.0839131508200e-04;         22
3.0841066395800e-04;         22
3.0843002474000e-04;       -567
3.0844614772400e-04;       -567
3.0846550866500e-04;       6645
3.0848485757400e-04;       6645
3.0850421835700e-04;       1345
3.0852356724600e-04;       1345
3.0854292810200e-04;        756
3.0856227708600e-04;        756
3.0858163795000e-04;      -4544
3.0860098689600e-04;      -4544
3.0862034774300e-04;       2668
3.0863969680000e-04;       2668
3.0865905779700e-04;       2079
3.0867840656900e-04;       2079
3.0869776735200e-04;       4580
3.0871711626600e-04;       4580
3.0873647709400e-04;       3991
3.0875582601700e-04;       3991
3.0877518689500e-04;       3402
3.0879453573000e-04;       3402
3.0881389652100e-04;       5903
3.0883324526400e-04;       5903
3.0885260600800e-04;       5314
3.0887195508900e-04;       5314
3.0889131590900e-04;         14
3.0891066474900e-04;         14
3.0893002584000e-04;       -575
3.0894614883100e-04;       -575
3.0896550945800e-04;       6637
3.0898485830400e-04;       6637
3.0900421911300e-04;       1337
3.0902356807400e-04;       1337
3.0904292882400e-04;        748
3.0906227777900e-04;        748
3.0908163858300e-04;       3249
3.0910098743600e-04;       3249
3.0912034831400e-04;       2660
3.0913969703400e-04;       2660
3.0915905813800e-04;       2071
3.0917840699400e-04;       2071
3.0919776784700e-04;       4572
3.0921711663800e-04;       4572
3.0923647750400e-04;       3983
3.0925582634800e-04;       3983
3.0927518725600e-04;       3394
3.0929453600700e-04;       3394
3.0931389691100e-04;       5895
3.0933324577200e-04;       5895
3.0935260655500e-04;       5306
3.0937195551600e-04;       5306
3.0939131627800e-04;          6
3.0941066502500e-04;          6
3.0943002602400e-04;       7218
3.0944614907000e-04;       7218
3.0946550974300e-04;       6629
3.0948485874900e-04;       6629
3.0950421958800e-04;       1329
3.0952356848300e-04;       1329
3.0954292932100e-04;        740
3.0956227786000e-04;        740
3.0958163874200e-04;      -4560
3.0960098755400e-04;      -4560
3.0962034842900e-04;       2652
3.0963969726900e-04;       2652
3.0965905800400e-04;       2063
3.0967840698700e-04;       2063
3.0969776793900e-04;       4564
3.0971711682400e-04;       4564
3.0973647761200e-04;       3975
3.0975582634900e-04;       3975
3.0977518719100e-04;       3386
3.0979453607200e-04;       3386
3.0981389694900e-04;       5887
3.0983324586500e-04;       5887
3.0985260677000e-04;       5298
3.0987195566600e-04;       5298
3.0989131646400e-04;         -2
3.0991066518900e-04;         -2
3.0993002584300e-04;       -591
3.0994614887400e-04;       -591
3.0996550977000e-04;       6621
3.0998485851200e-04;       6621
3.1000421921800e-04;       1321
3.1002356796500e-04;       1321
3.1004292896100e-04;        732
3.1006227761700e-04;        732
3.1008163852800e-04;      -4568
3.1010098737500e-04;      -4568
3.1012034839000e-04;       2644
3.1013969719700e-04;       2644
3.1015905789400e-04;       2055
3.1017840663300e-04;       2055
3.1019776753600e-04;       4556
3.1021711648800e-04;       4556
3.1023647738300e-04;       3967
3.1025582627700e-04;       3967
3.1027518712900e-04;       3378
3.1029453597700e-04;       3378
3.1031389677200e-04;       5879
3.1033324566300e-04;       5879
3.1035260644900e-04;       5290
3.1037195512800e-04;       5290
3.1039131611200e-04;        -10
3.1041066488000e-04;        -10
3.1043002578500e-04;       -599
3.1044614870300e-04;       -599
3.1046550957200e-04;       6613
3.1048485841100e-04;       6613
3.1050421924600e-04;       1313
3.1052356808900e-04;       1313
3.1054292901900e-04;        724
3.1056227781200e-04;        724
3.1058163872800e-04;       3225
3.1060098764300e-04;       3225
3.1062034866900e-04;       2636
3.1063969763300e-04;       2636
3.1065905837000e-04;       2047
3.1067840727800e-04;       2047
3.1069776805000e-04;       4548
3.1071711698600e-04;       4548
3.1073647771400e-04;       3959
3.1075582644900e-04;       3959
3.1077518738500e-04;       3370
3.1079453625200e-04;       3370
3.1081389702400e-04;       5871
3.1083324579000e-04;       5871
3.1085260652800e-04;       5282
3.1087195541300e-04;       5282
3.1089131607000e-04;        -18
3.1091066491000e-04;        -18
3.1093002582400e-04;       7194
3.1094614881500e-04;       7194
3.1096550980100e-04;       6605
3.1098485855200e-04;       6605
3.1100421924000e-04;       1305
3.1102356800500e-04;       1305
3.1104292902700e-04;        716
3.1106227776200e-04;        716
3.1108163853200e-04;       3217
3.1110098734200e-04;       3217
3.1112034810400e-04;       2628
3.1113969703400e-04;       2628
3.1115905783800e-04;       2039
3.1117840664900e-04;       2039
3.1119776755500e-04;       4540
3.1121711634300e-04;       4540
3.1123647723600e-04;       3951
3.1125582602500e-04;       3951
3.1127518685400e-04;       3362
3.1129453575100e-04;       3362
3.1131389652300e-04;      -1938
3.1133324549400e-04;      -1938
3.1135260626200e-04;      -2527
3.1137195524700e-04;      -2527
3.1139131619900e-04;        -26
3.1141066511900e-04;        -26
3.1143002599300e-04;       7186
3.1144614896000e-04;       7186
3.1146550983500e-04;       6597
3.1148485865300e-04;       6597
3.1150421955300e-04;       1297
3.1152356831500e-04;       1297
3.1154292933100e-04;       8509
3.1156227813600e-04;       8509
3.1158163893800e-04;       3209
3.1160098787800e-04;       3209
3.1162034883300e-04;       2620
3.1163969766300e-04;       2620
3.1165905852500e-04;       2031
3.1167840738800e-04;       2031
3.1169776815300e-04;       4532
3.1171711695000e-04;       4532
3.1173647788400e-04;       3943
3.1175582675500e-04;       3943
3.1177518756900e-04;       3354
3.1179453632800e-04;       3354
3.1181389720500e-04;       5855
3.1183324602900e-04;       5855
3.1185260688400e-04;       5266
3.1187195586100e-04;       5266
3.1189131657400e-04;        -34
3.1191066544900e-04;        -34
3.1193002635800e-04;       7178
3.1194614932200e-04;       7178
3.1196551019200e-04;       6589
3.1198485900100e-04;       6589
3.1200421981600e-04;       1289
3.1202356857400e-04;       1289
3.1204292939700e-04;        700
3.1206227822600e-04;        700
3.1208163911200e-04;       3201
3.1210098805900e-04;       3201
3.1212034885100e-04;       2612
3.1213969781900e-04;       2612
3.1215905864500e-04;       2023
3.1217840742000e-04;       2023
3.1219776804300e-04;       4524
3.1221711710900e-04;       4524
3.1223647787300e-04;       3935
3.1225582684200e-04;       3935
3.1227518771900e-04;       3346
3.1229453645100e-04;       3346
3.1231389721700e-04;      -1954
3.1233324612300e-04;      -1954
3.1235260681400e-04;       5258
3.1237195554900e-04;       5258
3.1239131625400e-04;        -42
3.1241066525300e-04;        -42
3.1243002608900e-04;       -631
3.1244614908500e-04;       -631
3.1246550992700e-04;       6581
3.1248485868500e-04;       6581
3.1250421949700e-04;       1281
3.1252356840800e-04;       1281
3.1254292925600e-04;        692
3.1256227804700e-04;        692
3.1258163887900e-04;       3193
3.1260098778200e-04;       3193
3.1262034864700e-04;       2604
3.1263969758800e-04;       2604
3.1265905827700e-04;       2015
3.1267840721300e-04;       2015
3.1269776800100e-04;       4516
3.1271711681400e-04;       4516
3.1273647779000e-04;       3927
3.1275582664700e-04;       3927
3.1277518755400e-04;       3338
3.1279453624300e-04;       3338
3.1281389712300e-04;       5839
3.1283324594400e-04;       5839
3.1285260681100e-04;       5250
3.1287195570500e-04;       5250
3.1289131643300e-04;        -50
3.1291066528200e-04;        -50
3.1293002604600e-04;       7162
3.1294614909600e-04;       7162
3.1296550981700e-04;       6573
3.1298485881000e-04;       6573
3.1300421952800e-04;       1273
3.1302356845700e-04;       1273
3.1304292924800e-04;        684
3.1306227799100e-04;        684
3.1308163878300e-04;       3185
3.1310098749700e-04;       3185
3.1312034838900e-04;       2596
3.1313969701800e-04;       2596
3.1315905799100e-04;       2007
3.1317840698400e-04;       2007
3.1319776784700e-04;       4508
3.1321711659600e-04;       4508
3.1323647749100e-04;       3919
3.1325582634700e-04;       3919
3.1327518721000e-04;       3330
3.1329453603300e-04;       3330
3.1331389686800e-04;       5831
3.1333324568300e-04;       5831
3.1335260643700e-04;       5242
3.1337195527700e-04;       5242
3.1339131624400e-04;        -58
3.1341066500600e-04;        -58
3.1343002562200e-04;       -647
3.1344614877800e-04;       -647
3.1346550954700e-04;       6565
3.1348485843200e-04;       6565
3.1350421932500e-04;       1265
3.1352356799200e-04;       1265
3.1354292896400e-04;        676
3.1356227789700e-04;        676
3.1358163870500e-04;       3177
3.1360098756400e-04;       3177
3.1362034827400e-04;       2588
3.1363969700200e-04;       2588
3.1365905774900e-04;       1999
3.1367840662100e-04;       1999
3.1369776749200e-04;       4500
3.1371711623400e-04;       4500
3.1373647697900e-04;       3911
3.1375582596500e-04;       3911
3.1377518679000e-04;       3322
3.1379453560300e-04;       3322
3.1381389630500e-04;      -1978
3.1383324509800e-04;      -1978
3.1385260607400e-04;       5234
3.1387195478700e-04;       5234
3.1389131581300e-04;        -66
3.1391066478700e-04;        -66
3.1393002564800e-04;       -655
3.1394614879200e-04;       -655
3.1396550965000e-04;       6557
3.1398485844400e-04;       6557
3.1400421934300e-04;       1257
3.1402356824000e-04;       1257
3.1404292904700e-04;        668
3.1406227793600e-04;        668
3.1408163897400e-04;      -4632
3.1410098776100e-04;      -4632
3.1412034852800e-04;       2580
3.1413969734100e-04;       2580
3.1415905823100e-04;       1991
3.1417840708200e-04;       1991
3.1419776807500e-04;       4492
3.1421711677000e-04;       4492
3.1423647757000e-04;       3903
3.1425582651500e-04;       3903
3.1427518738600e-04;       3314
3.1429453617300e-04;       3314
3.1431389721600e-04;       5815
3.1433324589500e-04;       5815
3.1435260665100e-04;       5226
3.1437195556500e-04;       5226
3.1439131634500e-04;        -74
3.1441066512500e-04;        -74
3.1443002599700e-04;       7138
3.1444614910000e-04;       7138
3.1446550982900e-04;       6549
3.1448485869100e-04;       6549
3.1450421957800e-04;       1249
3.1452356828500e-04;       1249
3.1454292908700e-04;        660
3.1456227789600e-04;        660
3.1458163870600e-04;       3161
3.1460098742100e-04;       3161
3.1462034828800e-04;       2572
3.1463969713800e-04;       2572
3.1465905778400e-04;       1983
3.1467840665500e-04;       1983
3.1469776743500e-04;       4484
3.1471711649600e-04;       4484
3.1473647730500e-04;       3895
3.1475582615900e-04;       3895
3.1477518711500e-04;       3306
3.1479453601500e-04;       3306
3.1481389662400e-04;       5807
3.1483324560900e-04;       5807
3.1485260653000e-04;       5218
3.1487195530700e-04;       5218
3.1489131601900e-04;        -82
3.1491066495300e-04;        -82
3.1493002564900e-04;       7130
3.1494614854600e-04;       7130
3.1496550928500e-04;       6541
3.1498485801900e-04;       6541
3.1500421881900e-04;       1241
3.1502356749500e-04;       1241
3.1504292828000e-04;        652
3.1506227704500e-04;        652
3.1508163787900e-04;      -4648
3.1510098686800e-04;      -4648
3.1512034759400e-04;       2564
3.1513969644300e-04;       2564
3.1515905722700e-04;       1975
3.1517840602000e-04;       1975
3.1519776673400e-04;       4476
3.1521711568700e-04;       4476
3.1523647662700e-04;       3887
3.1525582531600e-04;       3887
3.1527518605600e-04;       3298
3.1529453484100e-04;       3298
3.1531389568100e-04;      -2002
3.1533324459100e-04;      -2002
3.1535260556100e-04;       5210
3.1537195429900e-04;       5210
3.1539131528400e-04;        -90
3.1541066409100e-04;        -90
3.1543002494300e-04;       -679
3.1544614800100e-04;       -679
3.1546550890400e-04;       6533
3.1548485778000e-04;       6533
3.1550421859500e-04;       1233
3.1552356728100e-04;       1233
3.1554292817200e-04;        644
3.1556227715300e-04;        644
3.1558163785300e-04;       3145
3.1560098666000e-04;       3145
3.1562034743400e-04;       2556
3.1563969621600e-04;       2556
3.1565905711400e-04;       1967
3.1567840591900e-04;       1967
3.1569776690600e-04;       4468
3.1571711559900e-04;       4468
3.1573647639600e-04;       3879
3.1575582534700e-04;       3879
3.1577518635100e-04;       3290
3.1579453522500e-04;       3290
3.1581389609800e-04;      -2010
3.1583324483900e-04;      -2010
3.1585260545300e-04;       5202
3.1587195439700e-04;       5202
3.1589131527500e-04;        -98
3.1591066415000e-04;        -98
3.1593002501600e-04;       -687
3.1594614794400e-04;       -687
3.1596550879100e-04;       6525
3.1598485749100e-04;       6525
3.1600421840500e-04;       1225
3.1602356721700e-04;       1225
3.1604292801400e-04;        636
3.1606227673100e-04;        636
3.1608163762900e-04;      -4664
3.1610098638000e-04;      -4664
3.1612034730600e-04;       2548
3.1613969618300e-04;       2548
3.1615905729200e-04;       1959
3.1617840612400e-04;       1959
3.1619776702300e-04;       4460
3.1621711599200e-04;       4460
3.1623647680600e-04;       3871
3.1625582574500e-04;       3871
3.1627518642500e-04;       3282
3.1629453533100e-04;       3282
3.1631389610200e-04;      -2018
3.1633324503900e-04;      -2018
3.1635260582800e-04;      -2607
3.1637195460100e-04;      -2607
3.1639131550000e-04;       -106
3.1641066434200e-04;       -106
3.1643002515600e-04;       -695
3.1644614811600e-04;       -695
3.1646550900300e-04;       6517
3.1648485784900e-04;       6517
3.1650421869600e-04;       1217
3.1652356768900e-04;       1217
3.1654292859500e-04;        628
3.1656227746100e-04;        628
3.1658163835600e-04;       3129
3.1660098722600e-04;       3129
3.1662034805900e-04;       2540
3.1663969686300e-04;       2540
3.1665905778100e-04;       1951
3.1667840663200e-04;       1951
3.1669776727100e-04;       4452
3.1671711624400e-04;       4452
3.1673647714800e-04;       3863
3.1675582611900e-04;       3863
3.1677518709200e-04;       3274
3.1679453595500e-04;       3274
3.1681389676200e-04;      -2026
3.1683324548300e-04;      -2026
3.1685260634300e-04;       5186
3.1687195522800e-04;       5186
3.1689131602600e-04;       -114
3.1691066468400e-04;       -114
3.1693002553900e-04;       7098
3.1694614859300e-04;       7098
3.1696550945200e-04;       6509
3.1698485832300e-04;       6509
3.1700421915200e-04;       1209
3.1702356798600e-04;       1209
3.1704292875300e-04;        620
3.1706227767800e-04;        620
3.1708163864100e-04;      -4680
3.1710098751300e-04;      -4680
3.1712034813800e-04;       2532
3.1713969705600e-04;       2532
3.1715905794500e-04;       1943
3.1717840687400e-04;       1943
3.1719776776800e-04;       4444
3.1721711664100e-04;       4444
3.1723647744000e-04;       3855
3.1725582620200e-04;       3855
3.1727518708500e-04;       3266
3.1729453599700e-04;       3266
3.1731389691200e-04;       5767
3.1733324566400e-04;       5767
3.1735260648500e-04;       5178
3.1737195529200e-04;       5178
3.1739131606300e-04;       -122
3.1741066487400e-04;       -122
3.1743002572500e-04;       7090
3.1744614871800e-04;       7090
3.1746550959200e-04;       6501
3.1748485828400e-04;       6501
3.1750421918200e-04;       1201
3.1752356808000e-04;       1201
3.1754292885200e-04;        612
3.1756227772900e-04;        612
3.1758163844200e-04;       3113
3.1760098729400e-04;       3113
3.1762034822200e-04;       2524
3.1763969714900e-04;       2524
3.1765905780200e-04;       1935
3.1767840663400e-04;       1935
3.1769776752000e-04;       4436
3.1771711646900e-04;       4436
3.1773647729000e-04;       3847
3.1775582614400e-04;       3847
3.1777518694100e-04;       3258
3.1779453592900e-04;       3258
3.1781389677700e-04;       5759
3.1783324551800e-04;       5759
3.1785260642100e-04;       5170
3.1787195539900e-04;       5170
3.1789131635500e-04;       -130
3.1791066501000e-04;       -130
3.1793002580600e-04;       -719
3.1794614889400e-04;       -719
3.1796550966400e-04;       6493
3.1798485841200e-04;       6493
3.1800421930800e-04;       1193
3.1802356823300e-04;       1193
3.1804292914300e-04;        604
3.1806227801200e-04;        604
3.1808163889000e-04;       3105
3.1810098784300e-04;       3105
3.1812034861700e-04;       2516
3.1813969737600e-04;       2516
3.1815905816300e-04;       1927
3.1817840692400e-04;       1927
3.1819776774600e-04;       4428
3.1821711648800e-04;       4428
3.1823647733500e-04;       3839
3.1825582615500e-04;       3839
3.1827518700600e-04;       3250
3.1829453568700e-04;       3250
3.1831389648200e-04;       5751
3.1833324533900e-04;       5751
3.1835260616600e-04;       5162
3.1837195502300e-04;       5162
3.1839131594300e-04;       -138
3.1841066469400e-04;       -138
3.1843002551100e-04;       -727
3.1844614846100e-04;       -727
3.1846550933700e-04;       6485
3.1848485822400e-04;       6485
3.1850421907000e-04;       1185
3.1852356780700e-04;       1185
3.1854292866000e-04;        596
3.1856227755400e-04;        596
3.1858163828900e-04;       3097
3.1860098715700e-04;       3097
3.1862034781100e-04;       2508
3.1863969661300e-04;       2508
3.1865905735700e-04;       1919
3.1867840623700e-04;       1919
3.1869776695400e-04;       4420
3.1871711590600e-04;       4420
3.1873647668300e-04;       3831
3.1875582560000e-04;       3831
3.1877518635400e-04;       3242
3.1879453527000e-04;       3242
3.1881389610800e-04;       5743
3.1883324495500e-04;       5743
3.1885260584600e-04;       5154
3.1887195462300e-04;       5154
3.1889131548800e-04;       -146
3.1891066430300e-04;       -146
3.1893002514500e-04;       -735
3.1894614842800e-04;       -735
3.1896550914000e-04;       6477
3.1898485784100e-04;       6477
3.1900421879900e-04;       1177
3.1902356761000e-04;       1177
3.1904292844100e-04;        588
3.1906227732700e-04;        588
3.1908163815300e-04;      -4712
3.1910098699100e-04;      -4712
3.1912034779500e-04;       2500
3.1913969671000e-04;       2500
3.1915905750600e-04;       1911
3.1917840651900e-04;       1911
3.1919776708600e-04;       4412
3.1921711608700e-04;       4412
3.1923647683400e-04;       3823
3.1925582559600e-04;       3823
3.1927518638800e-04;       3234
3.1929453500900e-04;       3234
3.1931389576600e-04;      -2066
3.1933324475800e-04;      -2066
3.1935260566400e-04;       5146
3.1937195464100e-04;       5146
3.1939131541700e-04;       -154
3.1941066438200e-04;       -154
3.1943002513600e-04;       -743
3.1944614825300e-04;       -743
3.1946550916200e-04;       6469
3.1948485802700e-04;       6469
3.1950421891800e-04;       1169
3.1952356764100e-04;       1169
3.1954292838100e-04;        580
3.1956227723500e-04;        580
3.1958163808000e-04;      -4720
3.1960098700400e-04;      -4720
3.1962034773300e-04;       2492
3.1963969646000e-04;       2492
3.1965905729200e-04;       1903
3.1967840608500e-04;       1903
3.1969776673600e-04;       4404
3.1971711569900e-04;       4404
3.1973647660700e-04;       3815
3.1975582538000e-04;       3815
3.1977518629500e-04;       3226
3.1979453505600e-04;       3226
3.1981389584700e-04;      -2074
3.1983324476900e-04;      -2074
3.1985260558900e-04;       5138
3.1987195446600e-04;       5138
3.1989131530200e-04;       -162
3.1991066413200e-04;       -162
3.1993002502200e-04;       7050
3.1994614808500e-04;       7050
3.1996550895200e-04;       6461
3.1998485778900e-04;       6461
3.2000421851500e-04;       1161
3.2002356731000e-04;       1161
3.2004292824600e-04;        572
3.2006227706200e-04;        572
3.2008163783500e-04;      -4728
3.2010098672300e-04;      -4728
3.2012034741800e-04;       2484
3.2013969621000e-04;       2484
3.2015905700700e-04;       1895
3.2017840587600e-04;       1895
3.2019776651600e-04;       4396
3.2021711520400e-04;       4396
3.2023647611000e-04;       3807
3.2025582496800e-04;       3807
3.2027518588600e-04;       3218
3.2029453474400e-04;       3218
3.2031389562700e-04;      -2082
3.2033324468700e-04;      -2082
3.2035260540800e-04;      -2671
3.2037195415600e-04;      -2671
3.2039131505600e-04;       -170
3.2041066383100e-04;       -170
3.2043002473800e-04;       -759
3.2044614773300e-04;       -759
3.2046550852900e-04;       6453
3.2048485735700e-04;       6453
3.2050421812600e-04;       1153
3.2052356694900e-04;       1153
3.2054292777600e-04;        564
3.2056227668200e-04;        564
3.2058163748300e-04;       3065
3.2060098644600e-04;       3065
3.2062034712600e-04;       2476
3.2063969608700e-04;       2476
3.2065905709800e-04;       1887
3.2067840593500e-04;       1887
3.2069776661700e-04;       4388
3.2071711555500e-04;       4388
3.2073647645300e-04;       3799
3.2075582536200e-04;       3799
3.2077518621300e-04;       3210
3.2079453483300e-04;       3210
3.2081389575700e-04;      -2090
3.2083324443900e-04;      -2090
3.2085260545600e-04;       5122
3.2087195416200e-04;       5122
3.2089131496900e-04;       -178
3.2091066382500e-04;       -178
3.2093002471000e-04;       -767
3.2094614783100e-04;       -767
3.2096550860900e-04;       6445
3.2098485750800e-04;       6445
3.2100421820600e-04;       1145
3.2102356708100e-04;       1145
3.2104292797300e-04;        556
3.2106227681700e-04;        556
3.2108163763200e-04;      -4744
3.2110098645000e-04;      -4744
3.2112034721900e-04;       2468
3.2113969621600e-04;       2468
3.2115905704100e-04;       1879
3.2117840600200e-04;       1879
3.2119776699900e-04;       4380
3.2121711593900e-04;       4380
3.2123647688900e-04;       3791
3.2125582572500e-04;       3791
3.2127518640300e-04;       3202
3.2129453544600e-04;       3202
3.2131389629700e-04;       5703
3.2133324528100e-04;       5703
3.2135260614400e-04;      -2687
3.2137195506100e-04;      -2687
3.2139131599500e-04;       -186
3.2141066477900e-04;       -186
3.2143002566700e-04;       -775
3.2144614872700e-04;       -775
3.2146550953300e-04;       6437
3.2148485844800e-04;       6437
3.2150421935700e-04;       1137
3.2152356802700e-04;       1137
3.2154292898900e-04;        548
3.2156227783100e-04;        548
3.2158163886300e-04;      -4752
3.2160098762000e-04;      -4752
3.2162034840600e-04;       2460
3.2163969725300e-04;       2460
3.2165905817600e-04;       1871
3.2167840686200e-04;       1871
3.2169776786500e-04;       4372
3.2171711672900e-04;       4372
3.2173647755600e-04;       3783
3.2175582647100e-04;       3783
3.2177518721300e-04;       3194
3.2179453617400e-04;       3194
3.2181389696600e-04;      -2106
3.2183324590400e-04;      -2106
3.2185260674100e-04;       5106
3.2187195558000e-04;       5106
3.2189131639200e-04;       -194
3.2191066520200e-04;       -194
3.2193002613600e-04;       -783
3.2194614908800e-04;       -783
3.2196550984900e-04;       6429
3.2198485867700e-04;       6429
3.2200421949600e-04;       1129
3.2202356844200e-04;       1129
3.2204292917500e-04;        540
3.2206227800600e-04;        540
3.2208163893200e-04;       3041
3.2210098779400e-04;       3041
3.2212034856200e-04;       2452
3.2213969750700e-04;       2452
3.2215905822000e-04;       1863
3.2217840702400e-04;       1863
3.2219776791800e-04;       4364
3.2221711659300e-04;       4364
3.2223647770000e-04;       3775
3.2225582641000e-04;       3775
3.2227518724100e-04;       3186
3.2229453623600e-04;       3186
3.2231389704500e-04;      -2114
3.2233324576100e-04;      -2114
3.2235260667300e-04;       5098
3.2237195549800e-04;       5098
3.2239131629200e-04;       -202
3.2241066521100e-04;       -202
3.2243002596800e-04;       -791
3.2244614892400e-04;       -791
3.2246550974700e-04;       6421
3.2248485865100e-04;       6421
3.2250421963300e-04;       1121
3.2252356836800e-04;       1121
3.2254292929900e-04;        532
3.2256227816100e-04;        532
3.2258163896100e-04;      -4768
3.2260098791700e-04;      -4768
3.2262034881100e-04;       2444
3.2263969760800e-04;       2444
3.2265905844700e-04;       1855
3.2267840714800e-04;       1855
3.2269776799900e-04;       4356
3.2271711686700e-04;       4356
3.2273647771400e-04;       3767
3.2275582656700e-04;       3767
3.2277518735000e-04;       3178
3.2279453630600e-04;       3178
3.2281389702300e-04;      -2122
3.2283324595800e-04;      -2122
3.2285260677600e-04;       5090
3.2287195564500e-04;       5090
3.2289131639400e-04;       -210
3.2291066528700e-04;       -210
3.2293002621000e-04;       -799
3.2294614907600e-04;       -799
3.2296550996500e-04;       6413
3.2298485859100e-04;       6413
3.2300421953800e-04;       1113
3.2302356835100e-04;       1113
3.2304292915900e-04;        524
3.2306227786100e-04;        524
3.2308163874900e-04;      -4776
3.2310098761300e-04;      -4776
3.2312034837900e-04;       2436
3.2313969709700e-04;       2436
3.2315905798600e-04;       1847
3.2317840679800e-04;       1847
3.2319776762000e-04;       4348
3.2321711635900e-04;       4348
3.2323647717600e-04;       3759
3.2325582611500e-04;       3759
3.2327518698100e-04;       3170
3.2329453593300e-04;       3170
3.2331389674300e-04;      -2130
3.2333324541000e-04;      -2130
3.2335260630200e-04;       5082
3.2337195517100e-04;       5082
3.2339131607400e-04;       -218
3.2341066483300e-04;       -218
3.2343002585800e-04;       -807
3.2344614877400e-04;       -807
3.2346550965600e-04;       6405
3.2348485836900e-04;       6405
3.2350421923700e-04;       1105
3.2352356817100e-04;       1105
3.2354292908300e-04;        516
3.2356227793300e-04;        516
3.2358163880900e-04;       3017
3.2360098759000e-04;       3017
3.2362034848800e-04;       2428
3.2363969723400e-04;       2428
3.2365905806000e-04;       1839
3.2367840693200e-04;       1839
3.2369776777400e-04;       4340
3.2371711650800e-04;       4340
3.2373647749500e-04;       3751
3.2375582642900e-04;       3751
3.2377518740200e-04;       3162
3.2379453630700e-04;       3162
3.2381389716200e-04;       5663
3.2383324598400e-04;       5663
3.2385260671800e-04;       5074
3.2387195558100e-04;       5074
3.2389131643000e-04;       -226
3.2391066514400e-04;       -226
3.2393002590000e-04;       6986
3.2394614889000e-04;       6986
3.2396550968200e-04;       6397
3.2398485851000e-04;       6397
3.2400421931400e-04;       1097
3.2402356824000e-04;       1097
3.2404292915400e-04;        508
3.2406227799800e-04;        508
3.2408163878900e-04;       3009
3.2410098756100e-04;       3009
3.2412034837700e-04;       2420
3.2413969729300e-04;       2420
3.2415905812800e-04;       1831
3.2417840678100e-04;       1831
3.2419776757900e-04;       4332
3.2421711629000e-04;       4332
3.2423647722700e-04;       3743
3.2425582595100e-04;       3743
3.2427518670400e-04;       3154
3.2429453557400e-04;       3154
3.2431389650200e-04;       5655
3.2433324539600e-04;       5655
3.2435260625000e-04;       5066
3.2437195508900e-04;       5066
3.2439131606700e-04;       -234
3.2441066485200e-04;       -234
3.2443002573400e-04;       6978
3.2444614869500e-04;       6978
3.2446550954900e-04;       6389
3.2448485849700e-04;       6389
3.2450421943100e-04;       1089
3.2452356822000e-04;       1089
3.2454292908100e-04;        500
3.2456227791100e-04;        500
3.2458163865200e-04;       3001
3.2460098753900e-04;       3001
3.2462034832100e-04;       2412
3.2463969713300e-04;       2412
3.2465905796400e-04;       1823
3.2467840685800e-04;       1823
3.2469776766000e-04;       4324
3.2471711643800e-04;       4324
3.2473647714500e-04;       3735
3.2475582594800e-04;       3735
3.2477518687500e-04;       3146
3.2479453572100e-04;       3146
3.2481389653600e-04;       5647
3.2483324537000e-04;       5647
3.2485260611100e-04;       5058
3.2487195487800e-04;       5058
3.2489131569100e-04;       -242
3.2491066456500e-04;       -242
3.2493002530700e-04;       6970
3.2494614832700e-04;       6970
3.2496550919200e-04;       6381
3.2498485797600e-04;       6381
3.2500421890100e-04;       1081
3.2502356764800e-04;       1081
3.2504292848400e-04;        492
3.2506227737500e-04;        492
3.2508163820800e-04;       2993
3.2510098703400e-04;       2993
3.2512034799200e-04;       2404
3.2513969676300e-04;       2404
3.2515905761200e-04;       1815
3.2517840641500e-04;       1815
3.2519776698000e-04;       4316
3.2521711582000e-04;       4316
3.2523647670400e-04;       3727
3.2525582549600e-04;       3727
3.2527518626700e-04;       3138
3.2529453519600e-04;       3138
3.2531389592100e-04;       5639
3.2533324490700e-04;       5639
3.2535260572500e-04;       5050
3.2537195440600e-04;       5050
3.2539131523800e-04;       -250
3.2541066406500e-04;       -250
3.2543002490300e-04;       -839
3.2544614791200e-04;       -839
3.2546550876400e-04;       6373
3.2548485771100e-04;       6373
3.2550421855600e-04;       1073
3.2552356721000e-04;       1073
3.2554292815300e-04;        484
3.2556227700600e-04;        484
3.2558163788300e-04;       2985
3.2560098669700e-04;       2985
3.2562034762100e-04;       2396
3.2563969658300e-04;       2396
3.2565905759300e-04;       1807
3.2567840642600e-04;       1807
3.2569776724900e-04;       4308
3.2571711601900e-04;       4308
3.2573647685000e-04;       3719
3.2575582563800e-04;       3719
3.2577518648600e-04;       3130
3.2579453526800e-04;       3130
3.2581389606900e-04;       5631
3.2583324486900e-04;       5631
3.2585260567600e-04;       5042
3.2587195457500e-04;       5042
3.2589131535700e-04;       -258
3.2591066408700e-04;       -258
3.2593002493400e-04;       6954
3.2594614786700e-04;       6954
3.2596550856500e-04;       6365
3.2598485734400e-04;       6365
3.2600421829400e-04;       1065
3.2602356692000e-04;       1065
3.2604292793200e-04;        476
3.2606227684500e-04;        476
3.2608163754800e-04;      -4824
3.2610098619400e-04;      -4824
3.2612034698600e-04;       2388
3.2613969596600e-04;       2388
3.2615905689000e-04;       1799
3.2617840585200e-04;       1799
3.2619776671100e-04;       4300
3.2621711565900e-04;       4300
3.2623647649400e-04;       3711
3.2625582522700e-04;       3711
3.2627518599000e-04;       3122
3.2629453490900e-04;       3122
3.2631389556800e-04;      -2178
3.2633324436700e-04;      -2178
3.2635260519100e-04;       5034
3.2637195397100e-04;       5034
3.2639131488300e-04;       -266
3.2641066353400e-04;       -266
3.2643002434800e-04;       -855
3.2644614728700e-04;       -855
3.2646550812300e-04;       6357
3.2648485698000e-04;       6357
3.2650421784800e-04;       1057
3.2652356676500e-04;       1057
3.2654292753400e-04;        468
3.2656227638500e-04;        468
3.2658163734600e-04;      -4832
3.2660098613400e-04;      -4832
3.2662034698900e-04;       2380
3.2663969587000e-04;       2380
3.2665905674500e-04;       1791
3.2667840568100e-04;       1791
3.2669776661700e-04;       4292
3.2671711540600e-04;       4292
3.2673647618500e-04;       3703
3.2675582492100e-04;       3703
3.2677518579000e-04;       3114
3.2679453459900e-04;       3114
3.2681389536900e-04;      -2186
3.2683324431300e-04;      -2186
3.2685260504800e-04;      -2775
3.2687195389300e-04;      -2775
3.2689131477900e-04;       -274
3.2691066375200e-04;       -274
3.2693002450900e-04;       -863
3.2694614760400e-04;       -863
3.2696550867900e-04;       6349
3.2698485749000e-04;       6349
3.2700421831800e-04;       1049
3.2702356715900e-04;       1049
3.2704292787900e-04;        460
3.2706227667300e-04;        460
3.2708163748900e-04;      -4840
3.2710098639500e-04;      -4840
3.2712034735000e-04;       2372
3.2713969621100e-04;       2372
3.2715905705100e-04;       1783
3.2717840586600e-04;       1783
3.2719776672000e-04;       4284
3.2721711545800e-04;       4284
3.2723647647800e-04;       3695
3.2725582529200e-04;       3695
3.2727518631100e-04;       3106
3.2729453513500e-04;       3106
3.2731389596200e-04;       5607
3.2733324474100e-04;       5607
3.2735260560400e-04;       5018
3.2737195441600e-04;       5018
3.2739131531300e-04;       -282
3.2741066412900e-04;       -282
3.2743002501300e-04;       -871
3.2744614802200e-04;       -871
3.2746550881900e-04;       6341
3.2748485745400e-04;       6341
3.2750421848400e-04;       1041
3.2752356716100e-04;       1041
3.2754292787900e-04;        452
3.2756227663900e-04;        452
3.2758163738600e-04;      -4848
3.2760098637600e-04;      -4848
3.2762034714700e-04;       2364
3.2763969592200e-04;       2364
3.2765905679700e-04;       1775
3.2767840560100e-04;       1775
3.2769776647300e-04;       4276
3.2771711516900e-04;       4276
3.2773647596200e-04;       3687
3.2775582488400e-04;       3687
3.2777518569000e-04;       3098
3.2779453449200e-04;       3098
3.2781389528100e-04;      -2202
3.2783324408900e-04;      -2202
3.2785260502300e-04;      -2791
3.2787195376100e-04;      -2791
3.2789131464800e-04;       -290
3.2791066345700e-04;       -290
3.2793002450200e-04;       -879
3.2794614755500e-04;       -879
3.2796550835500e-04;       6333
3.2798485731400e-04;       6333
3.2800421815200e-04;       1033
3.2802356693100e-04;       1033
3.2804292790900e-04;        444
3.2806227663800e-04;        444
3.2808163748800e-04;      -4856
3.2810098641400e-04;      -4856
3.2812034729600e-04;       2356
3.2813969626700e-04;       2356
3.2815905697500e-04;       1767
3.2817840579400e-04;       1767
3.2819776679900e-04;       4268
3.2821711557200e-04;       4268
3.2823647638100e-04;       3679
3.2825582510300e-04;       3679
3.2827518597100e-04;       3090
3.2829453489600e-04;       3090
3.2831389585400e-04;       5591
3.2833324489500e-04;       5591
3.2835260554200e-04;       5002
3.2837195447600e-04;       5002
3.2839131521200e-04;       -298
3.2841066407700e-04;       -298
3.2843002481500e-04;       -887
3.2844614786100e-04;       -887
3.2846550870800e-04;       6325
3.2848485753100e-04;       6325
3.2850421837100e-04;       1025
3.2852356722600e-04;       1025
3.2854292801700e-04;        436
3.2856227679300e-04;        436
3.2858163757200e-04;       2937
3.2860098624700e-04;       2937
3.2862034719100e-04;       2348
3.2863969609400e-04;       2348
3.2865905694300e-04;       1759
3.2867840563600e-04;       1759
3.2869776654600e-04;       4260
3.2871711549800e-04;       4260
3.2873647631400e-04;       3671
3.2875582527300e-04;       3671
3.2877518609300e-04;       3082
3.2879453486300e-04;       3082
3.2881389570900e-04;      -2218
3.2883324445000e-04;      -2218
3.2885260560900e-04;      -2807
3.2887195453000e-04;      -2807
3.2889131533600e-04;       -306
3.2891066405700e-04;       -306
3.2893002494400e-04;       -895
3.2894614809400e-04;       -895
3.2896550890800e-04;       6317
3.2898485777500e-04;       6317
3.2900421858600e-04;       1017
3.2902356739200e-04;       1017
3.2904292834600e-04;        428
3.2906227726000e-04;        428
3.2908163806800e-04;      -4872
3.2910098694000e-04;      -4872
3.2912034781300e-04;       2340
3.2913969678300e-04;       2340
3.2915905770900e-04;       1751
3.2917840654000e-04;       1751
3.2919776736900e-04;       4252
3.2921711619800e-04;       4252
3.2923647698500e-04;       3663
3.2925582576000e-04;       3663
3.2927518676100e-04;       3074
3.2929453572800e-04;       3074
3.2931389643200e-04;      -2226
3.2933324532200e-04;      -2226
3.2935260612300e-04;       4986
3.2937195516800e-04;       4986
3.2939131599400e-04;       -314
3.2941066480700e-04;       -314
3.2943002574700e-04;       -903
3.2944614886100e-04;       -903
3.2946550964500e-04;       6309
3.2948485838600e-04;       6309
3.2950421922100e-04;       1009
3.2952356811400e-04;       1009
3.2954292886400e-04;        420
3.2956227786100e-04;        420
3.2958163853300e-04;       2921
3.2960098737500e-04;       2921
3.2962034806900e-04;       2332
3.2963969687400e-04;       2332
3.2965905788300e-04;       1743
3.2967840660000e-04;       1743
3.2969776747700e-04;      -3557
3.2971711633000e-04;      -3557
3.2973647714500e-04;       3655
3.2975582607100e-04;       3655
3.2977518698600e-04;       3066
3.2979453588600e-04;       3066
3.2981389671700e-04;       5567
3.2983324567900e-04;       5567
3.2985260628200e-04;       4978
3.2987195508300e-04;       4978
3.2989131580400e-04;       -322
3.2991066471800e-04;       -322
3.2993002557300e-04;       -911
3.2994614854400e-04;       -911
3.2996550931200e-04;       6301
3.2998485815600e-04;       6301
3.3000421904400e-04;       1001
3.3002356776400e-04;       1001
3.3004292856200e-04;        412
3.3006227746400e-04;        412
3.3008163825500e-04;       2913
3.3010098698400e-04;       2913
3.3012034784700e-04;       2324
3.3013969673200e-04;       2324
3.3015905768300e-04;       1735
3.3017840653500e-04;       1735
3.3019776735200e-04;       4236
3.3021711630800e-04;       4236
3.3023647701300e-04;       3647
3.3025582583100e-04;       3647
3.3027518668000e-04;       3058
3.3029453539800e-04;       3058
3.3031389621200e-04;       5559
3.3033324517900e-04;       5559
3.3035260593700e-04;       4970
3.3037195484200e-04;       4970
3.3039131562700e-04;       -330
3.3041066436300e-04;       -330
3.3043002520900e-04;       6882
3.3044614829400e-04;       6882
3.3046550916800e-04;       6293
3.3048485808400e-04;       6293
3.3050421871300e-04;        993
3.3052356757200e-04;        993
3.3054292834200e-04;        404
3.3056227737600e-04;        404
3.3058163804400e-04;       2905
3.3060098693000e-04;       2905
3.3062034784600e-04;       2316
3.3063969662600e-04;       2316
3.3065905755500e-04;       1727
3.3067840626900e-04;       1727
3.3069776705600e-04;       4228
3.3071711588800e-04;       4228
3.3073647666200e-04;       3639
3.3075582552900e-04;       3639
3.3077518622300e-04;       3050
3.3079453513300e-04;       3050
3.3081389589000e-04;       5551
3.3083324473300e-04;       5551
3.3085260560400e-04;       4962
3.3087195435500e-04;       4962
3.3089131518100e-04;       -338
3.3091066401800e-04;       -338
3.3093002492400e-04;       -927
3.3094614805000e-04;       -927
3.3096550883900e-04;       6285
3.3098485766100e-04;       6285
3.3100421825300e-04;        985
3.3102356722400e-04;        985
3.3104292807600e-04;        396
3.3106227697000e-04;        396
3.3108163777600e-04;      -4904
3.3110098674100e-04;      -4904
3.3112034755900e-04;       2308
3.3113969623800e-04;       2308
3.3115905716100e-04;       1719
3.3117840602400e-04;       1719
3.3119776673300e-04;       4220
3.3121711556500e-04;       4220
3.3123647653900e-04;       3631
3.3125582545500e-04;       3631
3.3127518623300e-04;       3042
3.3129453510700e-04;       3042
3.3131389604600e-04;      -2258
3.3133324502400e-04;      -2258
3.3135260592100e-04;      -2847
3.3137195469200e-04;      -2847
3.3139131556800e-04;       -346
3.3141066445000e-04;       -346
3.3143002521600e-04;       -935
3.3144614845700e-04;       -935
3.3146550924000e-04;       6277
3.3148485831300e-04;       6277
3.3150421901300e-04;        977
3.3152356774100e-04;        977
3.3154292886900e-04;        388
3.3156227773800e-04;        388
3.3158163852000e-04;      -4912
3.3160098739300e-04;      -4912
3.3162034826000e-04;       2300
3.3163969708300e-04;       2300
3.3165905805500e-04;       1711
3.3167840696200e-04;       1711
3.3169776774700e-04;       4212
3.3171711649000e-04;       4212
3.3173647724100e-04;       3623
3.3175582613100e-04;       3623
3.3177518700100e-04;       3034
3.3179453586500e-04;       3034
3.3181389668200e-04;       5535
3.3183324556100e-04;       5535
3.3185260642000e-04;       4946
3.3187195542000e-04;       4946
3.3189131638800e-04;       -354
3.3191066514200e-04;       -354
3.3193002610700e-04;       6858
3.3194614901100e-04;       6858
3.3196550979300e-04;       6269
3.3198485857900e-04;       6269
3.3200421939800e-04;        969
3.3202356815300e-04;        969
3.3204292913700e-04;        380
3.3206227799800e-04;        380
3.3208163888600e-04;      -4920
3.3210098746600e-04;      -4920
3.3212034845200e-04;       2292
3.3213969729700e-04;       2292
3.3215905804500e-04;       1703
3.3217840687200e-04;       1703
3.3219776763900e-04;       4204
3.3221711652600e-04;       4204
3.3223647735600e-04;       3615
3.3225582626700e-04;       3615
3.3227518698500e-04;       3026
3.3229453592400e-04;       3026
3.3231389668800e-04;       5527
3.3233324559700e-04;       5527
3.3235260635000e-04;       4938
3.3237195515100e-04;       4938
3.3239131600100e-04;       -362
3.3241066497000e-04;       -362
3.3243002575200e-04;       -951
3.3244614863200e-04;       -951
3.3246550965500e-04;       6261
3.3248485859200e-04;       6261
3.3250421931800e-04;        961
3.3252356829100e-04;        961
3.3254292900500e-04;        372
3.3256227780000e-04;        372
3.3258163864500e-04;       2873
3.3260098744800e-04;       2873
3.3262034835000e-04;       2284
3.3263969704800e-04;       2284
3.3265905768700e-04;       1695
3.3267840668100e-04;       1695
3.3269776734300e-04;       4196
3.3271711621300e-04;       4196
3.3273647704700e-04;       3607
3.3275582582700e-04;       3607
3.3277518683300e-04;       3018
3.3279453567300e-04;       3018
3.3281389658300e-04;       5519
3.3283324534900e-04;       5519
3.3285260603700e-04;       4930
3.3287195491200e-04;       4930
3.3289131578400e-04;       -370
3.3291066465200e-04;       -370
3.3293002564600e-04;       -959
3.3294614866700e-04;       -959
3.3296550940100e-04;       6253
3.3298485825500e-04;       6253
3.3300421907600e-04;        953
3.3302356776700e-04;        953
3.3304292854700e-04;        364
3.3306227757500e-04;        364
3.3308163833300e-04;       2865
3.3310098714100e-04;       2865
3.3312034794800e-04;       2276
3.3313969684100e-04;       2276
3.3315905770600e-04;       1687
3.3317840639100e-04;       1687
3.3319776709700e-04;       4188
3.3321711607300e-04;       4188
3.3323647693800e-04;       3599
3.3325582575300e-04;       3599
3.3327518668000e-04;       3010
3.3329453555500e-04;       3010
3.3331389639300e-04;       5511
3.3333324523900e-04;       5511
3.3335260612000e-04;       4922
3.3337195495100e-04;       4922
3.3339131580900e-04;       -378
3.3341066474800e-04;       -378
3.3343002555400e-04;       6834
3.3344614856000e-04;       6834
3.3346550937600e-04;       6245
3.3348485822900e-04;       6245
3.3350421918500e-04;        945
3.3352356821500e-04;        945
3.3354292888900e-04;        356
3.3356227765100e-04;        356
3.3358163846000e-04;      -4944
3.3360098726500e-04;      -4944
3.3362034814200e-04;       2268
3.3363969695900e-04;       2268
3.3365905778100e-04;       1679
3.3367840667500e-04;       1679
3.3369776745900e-04;       4180
3.3371711635500e-04;       4180
3.3373647711900e-04;       3591
3.3375582594100e-04;       3591
3.3377518672500e-04;       3002
3.3379453562200e-04;       3002
3.3381389630000e-04;      -2298
3.3383324537500e-04;      -2298
3.3385260610300e-04;       4914
3.3387195488000e-04;       4914
3.3389131589000e-04;       -386
3.3391066472700e-04;       -386
3.3393002563100e-04;       -975
3.3394614860000e-04;       -975
3.3396550947700e-04;       6237
3.3398485819000e-04;       6237
3.3400421904400e-04;        937
3.3402356778200e-04;        937
3.3404292861600e-04;        348
3.3406227750800e-04;        348
3.3408163833900e-04;      -4952
3.3410098711200e-04;      -4952
3.3412034806500e-04;       2260
3.3413969691200e-04;       2260
3.3415905782800e-04;       1671
3.3417840668200e-04;       1671
3.3419776748400e-04;       4172
3.3421711635700e-04;       4172
3.3423647724900e-04;       3583
3.3425582607900e-04;       3583
3.3427518683100e-04;       2994
3.3429453568000e-04;       2994
3.3431389656300e-04;       5495
3.3433324539700e-04;       5495
3.3435260627600e-04;       4906
3.3437195502400e-04;       4906
3.3439131592600e-04;       -394
3.3441066484300e-04;       -394
3.3443002562400e-04;       -983
3.3444614861300e-04;       -983
3.3446550935400e-04;       6229
3.3448485812700e-04;       6229
3.3450421904700e-04;        929
3.3452356789800e-04;        929
3.3454292884200e-04;        340
3.3456227775300e-04;        340
3.3458163845000e-04;      -4960
3.3460098740800e-04;      -4960
3.3462034816000e-04;       2252
3.3463969711000e-04;       2252
3.3465905792200e-04;       1663
3.3467840677200e-04;       1663
3.3469776775000e-04;       4164
3.3471711663600e-04;       4164
3.3473647724700e-04;       3575
3.3475582612100e-04;       3575
3.3477518702200e-04;       2986
3.3479453585800e-04;       2986
3.3481389675800e-04;       5487
3.3483324552200e-04;       5487
3.3485260636600e-04;       4898
3.3487195528100e-04;       4898
3.3489131624500e-04;       -402
3.3491066494200e-04;       -402
3.3493002589900e-04;       -991
3.3494614876700e-04;       -991
3.3496550952900e-04;       6221
3.3498485835300e-04;       6221
3.3500421905900e-04;        921
3.3502356786500e-04;        921
3.3504292877800e-04;        332
3.3506227761300e-04;        332
3.3508163844500e-04;      -4968
3.3510098722400e-04;      -4968
3.3512034813700e-04;       2244
3.3513969701000e-04;       2244
3.3515905774400e-04;       1655
3.3517840658600e-04;       1655
3.3519776752600e-04;       4156
3.3521711618400e-04;       4156
3.3523647716200e-04;       3567
3.3525582608000e-04;       3567
3.3527518700500e-04;       2978
3.3529453577600e-04;       2978
3.3531389664800e-04;      -2322
3.3533324553600e-04;      -2322
3.3535260626800e-04;       4890
3.3537195513700e-04;       4890
3.3539131579200e-04;       -410
3.3541066466800e-04;       -410
3.3543002536500e-04;       -999
3.3544614847200e-04;       -999
3.3546550927200e-04;       6213
3.3548485819100e-04;       6213
3.3550421906500e-04;        913
3.3552356790700e-04;        913
3.3554292880600e-04;        324
3.3556227774000e-04;        324
3.3558163869000e-04;      -4976
3.3560098731200e-04;      -4976
3.3562034825700e-04;       2236
3.3563969689800e-04;       2236
3.3565905779700e-04;       1647
3.3567840662900e-04;       1647
3.3569776757900e-04;       4148
3.3571711648200e-04;       4148
3.3573647739200e-04;       3559
3.3575582631300e-04;       3559
3.3577518717800e-04;       2970
3.3579453601300e-04;       2970
3.3581389685900e-04;       5471
3.3583324570700e-04;       5471
3.3585260645500e-04;       4882
3.3587195544200e-04;       4882
3.3589131633600e-04;       -418
3.3591066520900e-04;       -418
3.3593002609400e-04;      -1007
3.3594614905600e-04;      -1007
3.3596550990300e-04;       6205
3.3598485865000e-04;       6205
3.3600421957400e-04;        905
3.3602356836700e-04;        905
3.3604292922000e-04;        316
3.3606227793200e-04;        316
3.3608163881900e-04;      -4984
3.3610098770800e-04;      -4984
3.3612034855700e-04;       2228
3.3613969751700e-04;       2228
3.3615905838200e-04;       1639
3.3617840719000e-04;       1639
3.3619776788500e-04;       4140
3.3621711690100e-04;       4140
3.3623647753600e-04;       3551
3.3625582651000e-04;       3551
3.3627518734000e-04;       2962
3.3629453625400e-04;       2962
3.3631389702100e-04;      -2338
3.3633324589600e-04;      -2338
3.3635260678100e-04;       4874
3.3637195569300e-04;       4874
3.3639131642400e-04;       -426
3.3641066518100e-04;       -426
3.3643002613600e-04;       6786
3.3644614921200e-04;       6786
3.3646550998300e-04;       6197
3.3648485899300e-04;       6197
3.3650421986600e-04;        897
3.3652356864000e-04;        897
3.3654292952900e-04;        308
3.3656227838400e-04;        308
3.3658163907500e-04;       2809
3.3660098802100e-04;       2809
3.3662034887100e-04;       2220
3.3663969774400e-04;       2220
3.3665905846200e-04;       1631
3.3667840743600e-04;       1631
3.3669776825600e-04;       4132
3.3671711715600e-04;       4132
3.3673647793100e-04;       3543
3.3675582669100e-04;       3543
3.3677518752100e-04;       2954
3.3679453649700e-04;       2954
3.3681389720200e-04;       5455
3.3683324588200e-04;       5455
3.3685260674700e-04;       4866
3.3687195567800e-04;       4866
3.3689131648300e-04;       -434
3.3691066537400e-04;       -434
3.3693002631000e-04;      -1023
3.3694614941700e-04;      -1023
3.3696551015000e-04;       6189
3.3698485896900e-04;       6189
3.3700421978600e-04;        889
3.3702356864700e-04;        889
3.3704292954400e-04;       8101
3.3706227840500e-04;       8101
3.3708163919100e-04;       2801
3.3710098800100e-04;       2801
3.3712034894700e-04;       2212
3.3713969763200e-04;       2212
3.3715905847000e-04;       1623
3.3717840703600e-04;       1623
3.3719776787800e-04;       4124
3.3721711664900e-04;       4124
3.3723647754700e-04;       3535
3.3725582646300e-04;       3535
3.3727518734400e-04;       2946
3.3729453606900e-04;       2946
3.3731389701400e-04;       5447
3.3733324593000e-04;       5447
3.3735260670300e-04;       4858
3.3737195560900e-04;       4858
3.3739131646200e-04;       -442
3.3741066537600e-04;       -442
3.3743002626900e-04;       6770
3.3744614937600e-04;       6770
3.3746551034700e-04;       6181
3.3748485917300e-04;       6181
3.3750422014800e-04;        881
3.3752356886800e-04;        881
3.3754292958200e-04;       8093
3.3756227849500e-04;       8093
3.3758163933100e-04;       2793
3.3760098827100e-04;       2793
3.3762034907800e-04;       2204
3.3763969779300e-04;       2204
3.3765905858800e-04;       1615
3.3767840739800e-04;       1615
3.3769776831900e-04;       4116
3.3771711698900e-04;       4116
3.3773647783800e-04;       3527
3.3775582660600e-04;       3527
3.3777518761300e-04;       2938
3.3779453651100e-04;       2938
3.3781389734400e-04;       5439
3.3783324624700e-04;       5439
3.3785260710800e-04;       4850
3.3787195591700e-04;       4850
3.3789131671300e-04;       -450
3.3791066560300e-04;       -450
3.3793002649900e-04;      -1039
3.3794614958800e-04;      -1039
3.3796551028300e-04;       6173
3.3798485919700e-04;       6173
3.3800421990800e-04;        873
3.3802356879500e-04;        873
3.3804292972500e-04;        284
3.3806227859000e-04;        284
3.3808163933800e-04;       2785
3.3810098827700e-04;       2785
3.3812034898800e-04;       2196
3.3813969766900e-04;       2196
3.3815905856000e-04;       1607
3.3817840723000e-04;       1607
3.3819776808500e-04;       4108
3.3821711683200e-04;       4108
3.3823647783600e-04;       3519
3.3825582678400e-04;       3519
3.3827518752100e-04;       2930
3.3829453642800e-04;       2930
3.3831389728200e-04;       5431
3.3833324612100e-04;       5431
3.3835260687700e-04;       4842
3.3837195573900e-04;       4842
3.3839131659300e-04;       -458
3.3841066544600e-04;       -458
3.3843002651200e-04;       6754
3.3844614956800e-04;       6754
3.3846551019000e-04;       6165
3.3848485896300e-04;       6165
3.3850421985600e-04;        865
3.3852356874400e-04;        865
3.3854292953700e-04;       8077
3.3856227823500e-04;       8077
3.3858163921900e-04;       2777
3.3860098809600e-04;       2777
3.3862034890000e-04;       2188
3.3863969760400e-04;       2188
3.3865905830100e-04;       1599
3.3867840712300e-04;       1599
3.3869776776300e-04;       4100
3.3871711667200e-04;       4100
3.3873647744100e-04;       3511
3.3875582635100e-04;       3511
3.3877518727000e-04;       2922
3.3879453608300e-04;       2922
3.3881389691300e-04;      -2378
3.3883324588800e-04;      -2378
3.3885260676500e-04;      -2967
3.3887195549100e-04;      -2967
3.3889131633300e-04;       -466
3.3891066519800e-04;       -466
3.3893002597100e-04;      -1055
3.3894614893400e-04;      -1055
3.3896550979100e-04;       6157
3.3898485863300e-04;       6157
3.3900421957200e-04;        857
3.3902356845200e-04;        857
3.3904292936800e-04;        268
3.3906227816400e-04;        268
3.3908163909600e-04;      -5032
3.3910098794700e-04;      -5032
3.3912034875300e-04;       2180
3.3913969769700e-04;       2180
3.3915905866100e-04;       1591
3.3917840750800e-04;       1591
3.3919776843600e-04;       4092
3.3921711733400e-04;       4092
3.3923647824700e-04;       3503
3.3925582697800e-04;       3503
3.3927518781700e-04;       2914
3.3929453650300e-04;       2914
3.3931389739000e-04;       5415
3.3933324629100e-04;       5415
3.3935260702600e-04;       4826
3.3937195582000e-04;       4826
3.3939131666100e-04;       -474
3.3941066571400e-04;       -474
3.3943002652900e-04;      -1063
3.3944614970000e-04;      -1063
3.3946551059400e-04;       6149
3.3948485942000e-04;       6149
3.3950422033800e-04;        849
3.3952356906300e-04;        849
3.3954292984000e-04;        260
3.3956227866400e-04;        260
3.3958163952700e-04;       2761
3.3960098841000e-04;       2761
3.3962034908000e-04;       2172
3.3963969791400e-04;       2172
3.3965905878600e-04;       1583
3.3967840761000e-04;       1583
3.3969776849300e-04;       4084
3.3971711727200e-04;       4084
3.3973647818700e-04;       3495
3.3975582704300e-04;       3495
3.3977518783100e-04;       2906
3.3979453665900e-04;       2906
3.3981389773800e-04;       5407
3.3983324648900e-04;       5407
3.3985260740500e-04;       4818
3.3987195634200e-04;       4818
3.3989131728300e-04;       7319
3.3991066609000e-04;       7319
3.3993002694500e-04;       6730
3.3994615000200e-04;       6730
3.3996551086400e-04;       6141
3.3998485966200e-04;       6141
3.4000422035600e-04;        841
3.4002356919600e-04;        841
3.4004293002100e-04;       8053
3.4006227891100e-04;       8053
3.4008163957900e-04;       2753
3.4010098831800e-04;       2753
3.4012034904100e-04;       2164
3.4013969790300e-04;       2164
3.4015905878300e-04;       1575
3.4017840767200e-04;       1575
3.4019776840300e-04;       4076
3.4021711713600e-04;       4076
3.4023647797500e-04;       3487
3.4025582691700e-04;       3487
3.4027518765600e-04;       2898
3.4029453657100e-04;       2898
3.4031389724800e-04;      -2402
3.4033324603600e-04;      -2402
3.4035260706600e-04;       4810
3.4037195573000e-04;       4810
3.4039131666100e-04;       -490
3.4041066550500e-04;       -490
3.4043002621200e-04;      -1079
3.4044614928300e-04;      -1079
3.4046551012200e-04;       6133
3.4048485895300e-04;       6133
3.4050421969300e-04;        833
3.4052356879000e-04;        833
3.4054292959900e-04;        244
3.4056227842700e-04;        244
3.4058163926600e-04;       2745
3.4060098811400e-04;       2745
3.4062034907600e-04;       2156
3.4063969783700e-04;       2156
3.4065905854600e-04;       1567
3.4067840742800e-04;       1567
3.4069776848100e-04;       4068
3.4071711745000e-04;       4068
3.4073647838000e-04;       3479
3.4075582716100e-04;       3479
3.4077518785100e-04;       2890
3.4079453654100e-04;       2890
3.4081389730700e-04;       5391
3.4083324626400e-04;       5391
3.4085260721600e-04;       4802
3.4087195592600e-04;       4802
3.4089131682100e-04;       -498
3.4091066554000e-04;       -498
3.4093002632500e-04;       6714
3.4094614940400e-04;       6714
3.4096551024200e-04;       6125
3.4098485921800e-04;       6125
3.4100422009900e-04;        825
3.4102356889700e-04;        825
3.4104292956500e-04;        236
3.4106227854700e-04;        236
3.4108163936400e-04;       2737
3.4110098814000e-04;       2737
3.4112034901700e-04;       2148
3.4113969797500e-04;       2148
3.4115905876600e-04;       1559
3.4117840767100e-04;       1559
3.4119776860700e-04;       4060
3.4121711725900e-04;       4060
3.4123647824300e-04;       3471
3.4125582711300e-04;       3471
3.4127518790000e-04;       2882
3.4129453676900e-04;       2882
3.4131389761300e-04;       5383
3.4133324648800e-04;       5383
3.4135260737100e-04;       4794
3.4137195619500e-04;       4794
3.4139131700200e-04;       -506
3.4141066587300e-04;       -506
3.4143002670000e-04;       6706
3.4144614976000e-04;       6706
3.4146551054000e-04;       6117
3.4148485940200e-04;       6117
3.4150422017900e-04;        817
3.4152356912300e-04;        817
3.4154292983000e-04;        228
3.4156227880600e-04;        228
3.4158163952500e-04;       2729
3.4160098826900e-04;       2729
3.4162034907100e-04;       2140
3.4163969786700e-04;       2140
3.4165905860100e-04;       1551
3.4167840745000e-04;       1551
3.4169776819000e-04;       4052
3.4171711711400e-04;       4052
3.4173647791000e-04;       3463
3.4175582686400e-04;       3463
3.4177518767700e-04;       2874
3.4179453661000e-04;       2874
3.4181389741400e-04;       5375
3.4183324625100e-04;       5375
3.4185260705200e-04;       4786
3.4187195586400e-04;       4786
3.4189131676800e-04;       -514
3.4191066551100e-04;       -514
3.4193002637600e-04;       6698
3.4194614953700e-04;       6698
3.4196551046000e-04;       6109
3.4198485924400e-04;       6109
3.4200422012700e-04;        809
3.4202356886000e-04;        809
3.4204292967700e-04;        220
3.4206227845800e-04;        220
3.4208163917400e-04;       2721
3.4210098802300e-04;       2721
3.4212034892300e-04;       2132
3.4213969779300e-04;       2132
3.4215905870000e-04;       1543
3.4217840745100e-04;       1543
3.4219776841700e-04;       4044
3.4221711719400e-04;       4044
3.4223647790900e-04;       3455
3.4225582666800e-04;       3455
3.4227518754700e-04;       2866
3.4229453632200e-04;       2866
3.4231389717300e-04;       5367
3.4233324602500e-04;       5367
3.4235260685900e-04;       4778
3.4237195575400e-04;       4778
3.4239131667400e-04;       -522
3.4241066540200e-04;       -522
3.4243002622000e-04;      -1111
3.4244614926500e-04;      -1111
3.4246551014800e-04;       6101
3.4248485894800e-04;       6101
3.4250421999100e-04;        801
3.4252356884200e-04;        801
3.4254292977300e-04;       8013
3.4256227846800e-04;       8013
3.4258163940000e-04;       2713
3.4260098816800e-04;       2713
3.4262034884100e-04;       2124
3.4263969768600e-04;       2124
3.4265905880300e-04;       1535
3.4267840761500e-04;       1535
3.4269776851500e-04;       4036
3.4271711745800e-04;       4036
3.4273647822900e-04;       3447
3.4275582697700e-04;       3447
3.4277518800200e-04;       2858
3.4279453650200e-04;       2858
3.4281389751700e-04;       5359
3.4283324638500e-04;       5359
3.4285260709300e-04;      -3031
3.4287195598100e-04;      -3031
3.4289131677400e-04;       -530
3.4291066571600e-04;       -530
3.4293002661500e-04;      -1119
3.4294614969100e-04;      -1119
3.4296551054200e-04;       6093
3.4298485936800e-04;       6093
3.4300422006300e-04;        793
3.4302356890800e-04;        793
3.4304292975300e-04;        204
3.4306227867600e-04;        204
3.4308163935400e-04;       2705
3.4310098816500e-04;       2705
3.4312034908800e-04;       2116
3.4313969775100e-04;       2116
3.4315905881800e-04;       1527
3.4317840762000e-04;       1527
3.4319776857700e-04;       4028
3.4321711738900e-04;       4028
3.4323647831600e-04;       3439
3.4325582717700e-04;       3439
3.4327518796100e-04;       2850
3.4329453691300e-04;       2850
3.4331389774100e-04;       5351
3.4333324674900e-04;       5351
3.4335260756800e-04;       4762
3.4337195644700e-04;       4762
3.4339131734800e-04;       -538
3.4341066623400e-04;       -538
3.4343002712700e-04;       6674
3.4344615005200e-04;       6674
3.4346551077800e-04;       6085
3.4348485965800e-04;       6085
3.4350422027600e-04;        785
3.4352356910700e-04;        785
3.4354292993600e-04;        196
3.4356227886200e-04;        196
3.4358163963900e-04;       2697
3.4360098848000e-04;       2697
3.4362034937400e-04;       2108
3.4363969812900e-04;       2108
3.4365905897100e-04;       1519
3.4367840770500e-04;       1519
3.4369776859800e-04;       4020
3.4371711740400e-04;       4020
3.4373647836400e-04;       3431
3.4375582705400e-04;       3431
3.4377518782500e-04;       2842
3.4379453668900e-04;       2842
3.4381389751300e-04;       5343
3.4383324638900e-04;       5343
3.4385260716000e-04;       4754
3.4387195594900e-04;       4754
3.4389131671800e-04;       -546
3.4391066557400e-04;       -546
3.4393002658900e-04;      -1135
3.4394614971100e-04;      -1135
3.4396551059500e-04;       6077
3.4398485922100e-04;       6077
3.4400422019200e-04;        777
3.4402356886200e-04;        777
3.4404292959700e-04;        188
3.4406227857500e-04;        188
3.4408163940200e-04;       2689
3.4410098836900e-04;       2689
3.4412034909200e-04;       2100
3.4413969798100e-04;       2100
3.4415905874900e-04;       1511
3.4417840767000e-04;       1511
3.4419776858400e-04;       4012
3.4421711730600e-04;       4012
3.4423647809200e-04;       3423
3.4425582706500e-04;       3423
3.4427518775700e-04;       2834
3.4429453661400e-04;       2834
3.4431389753600e-04;       5335
3.4433324625600e-04;       5335
3.4435260706700e-04;       4746
3.4437195605000e-04;       4746
3.4439131700500e-04;       -554
3.4441066588000e-04;       -554
3.4443002663400e-04;       6658
3.4444614958100e-04;       6658
3.4446551040100e-04;       6069
3.4448485920300e-04;       6069
3.4450422007200e-04;        769
3.4452356876500e-04;        769
3.4454292973400e-04;        180
3.4456227854600e-04;        180
3.4458163943200e-04;       2681
3.4460098832400e-04;       2681
3.4462034923600e-04;       2092
3.4463969813500e-04;       2092
3.4465905900000e-04;       1503
3.4467840788200e-04;       1503
3.4469776876100e-04;       4004
3.4471711761700e-04;       4004
3.4473647840000e-04;       3415
3.4475582742600e-04;       3415
3.4477518821900e-04;       2826
3.4479453697000e-04;       2826
3.4481389770800e-04;       5327
3.4483324654500e-04;       5327
3.4485260750300e-04;       4738
3.4487195638400e-04;       4738
3.4489131728300e-04;       -562
3.4491066614800e-04;       -562
3.4493002695600e-04;       6650
3.4494614996700e-04;       6650
3.4496551080100e-04;       6061
3.4498485972600e-04;       6061
3.4500422061000e-04;        761
3.4502356939500e-04;        761
3.4504293029600e-04;        172
3.4506227908300e-04;        172
3.4508164002300e-04;       2673
3.4510098877700e-04;       2673
3.4512034963700e-04;       2084
3.4513969853300e-04;       2084
3.4515905925200e-04;       1495
3.4517840813000e-04;       1495
3.4519776895400e-04;       3996
3.4521711788300e-04;       3996
3.4523647867600e-04;       3407
3.4525582750000e-04;       3407
3.4527518823500e-04;       2818
3.4529453711600e-04;       2818
3.4531389795900e-04;       5319
3.4533324680800e-04;       5319
3.4535260752500e-04;       4730
3.4537195651200e-04;       4730
3.4539131730400e-04;       -570
3.4541066604700e-04;       -570
3.4543002697400e-04;       6642
3.4544615010400e-04;       6642
3.4546551089600e-04;       6053
3.4548485976800e-04;       6053
3.4550422068200e-04;        753
3.4552356961700e-04;        753
3.4554293041700e-04;        164
3.4556227932100e-04;        164
3.4558164011100e-04;       2665
3.4560098895800e-04;       2665
3.4562034983300e-04;       2076
3.4563969856800e-04;       2076
3.4565905938700e-04;       1487
3.4567840827100e-04;       1487
3.4569776900700e-04;       3988
3.4571711781700e-04;       3988
3.4573647870400e-04;       3399
3.4575582760400e-04;       3399
3.4577518864900e-04;       2810
3.4579453734500e-04;       2810
3.4581389822500e-04;       5311
3.4583324705600e-04;       5311
3.4585260778200e-04;       4722
3.4587195686800e-04;       4722
3.4589131772600e-04;       -578
3.4591066663700e-04;       -578
3.4593002727500e-04;       6634
3.4594615029000e-04;       6634
3.4596551114400e-04;       6045
3.4598485992800e-04;       6045
3.4600422068700e-04;        745
3.4602356956000e-04;        745
3.4604293046500e-04;        156
3.4606227916600e-04;        156
3.4608164003600e-04;       2657
3.4610098882200e-04;       2657
3.4612034975800e-04;       2068
3.4613969854500e-04;       2068
3.4615905943700e-04;       1479
3.4617840828800e-04;       1479
3.4619776929900e-04;       3980
3.4621711811800e-04;       3980
3.4623647901200e-04;       3391
3.4625582792100e-04;       3391
3.4627518888500e-04;       2802
3.4629453759000e-04;       2802
3.4631389855800e-04;       5303
3.4633324740600e-04;       5303
3.4635260831800e-04;       4714
3.4637195697100e-04;       4714
3.4639131773400e-04;       -586
3.4641066657000e-04;       -586
3.4643002735000e-04;       6626
3.4644615040100e-04;       6626
3.4646551125400e-04;       6037
3.4648486016300e-04;       6037
3.4650422092900e-04;        737
3.4652356967600e-04;        737
3.4654293051800e-04;       7949
3.4656227935600e-04;       7949
3.4658164024400e-04;       2649
3.4660098911300e-04;       2649
3.4662034991300e-04;       2060
3.4663969874300e-04;       2060
3.4665905940100e-04;       1471
3.4667840816300e-04;       1471
3.4669776901900e-04;       3972
3.4671711777800e-04;       3972
3.4673647860800e-04;       3383
3.4675582728700e-04;       3383
3.4677518821300e-04;       2794
3.4679453701300e-04;       2794
3.4681389783100e-04;       5295
3.4683324675600e-04;       5295
3.4685260764800e-04;       4706
3.4687195641800e-04;       4706
3.4689131725100e-04;       -594
3.4691066620500e-04;       -594
3.4693002699300e-04;       6618
3.4694615000500e-04;       6618
3.4696551068300e-04;       6029
3.4698485961300e-04;       6029
3.4700422052700e-04;        729
3.4702356925700e-04;        729
3.4704292999500e-04;       7941
3.4706227881400e-04;       7941
3.4708163954000e-04;       2641
3.4710098834500e-04;       2641
3.4712034932800e-04;       2052
3.4713969812900e-04;       2052
3.4715905896300e-04;       1463
3.4717840772200e-04;       1463
3.4719776862000e-04;       3964
3.4721711745500e-04;       3964
3.4723647835100e-04;       3375
3.4725582705900e-04;       3375
3.4727518785000e-04;       2786
3.4729453666400e-04;       2786
3.4731389749000e-04;       5287
3.4733324635500e-04;       5287
3.4735260720900e-04;       4698
3.4737195606700e-04;       4698
3.4739131693300e-04;       -602
3.4741066589000e-04;       -602
3.4743002647900e-04;       6610
3.4744614964100e-04;       6610
3.4746551044800e-04;       6021
3.4748485941700e-04;       6021
3.4750422021400e-04;        721
3.4752356916800e-04;        721
3.4754293001200e-04;        132
3.4756227890400e-04;        132
3.4758163965000e-04;       2633
3.4760098833900e-04;       2633
3.4762034917500e-04;       2044
3.4763969781200e-04;       2044
3.4765905862900e-04;       1455
3.4767840746900e-04;       1455
3.4769776835200e-04;       3956
3.4771711725500e-04;       3956
3.4773647801400e-04;       3367
3.4775582693200e-04;       3367
3.4777518778900e-04;       2778
3.4779453662700e-04;       2778
3.4781389745100e-04;       5279
3.4783324631500e-04;       5279
3.4785260719200e-04;       4690
3.4787195598700e-04;       4690
3.4789131670700e-04;       -610
3.4791066558800e-04;       -610
3.4793002634200e-04;      -1199
3.4794614935800e-04;      -1199
3.4796551025000e-04;       6013
3.4798485903700e-04;       6013
3.4800421986000e-04;        713
3.4802356858200e-04;        713
3.4804292967000e-04;       7925
3.4806227841000e-04;       7925
3.4808163917000e-04;       2625
3.4810098798000e-04;       2625
3.4812034882000e-04;       2036
3.4813969781100e-04;       2036
3.4815905852500e-04;       1447
3.4817840742900e-04;       1447
3.4819776835500e-04;       3948
3.4821711712000e-04;       3948
3.4823647802600e-04;       3359
3.4825582688700e-04;       3359
3.4827518779500e-04;       2770
3.4829453675500e-04;       2770
3.4831389761300e-04;      -2530
3.4833324645500e-04;      -2530
3.4835260745400e-04;       4682
3.4837195624900e-04;       4682
3.4839131705000e-04;       -618
3.4841066589200e-04;       -618
3.4843002668700e-04;      -1207
3.4844614972900e-04;      -1207
3.4846551064900e-04;       6005
3.4848485947900e-04;       6005
3.4850422037200e-04;        705
3.4852356917800e-04;        705
3.4854292990700e-04;        116
3.4856227878700e-04;        116
3.4858163982200e-04;      -5184
3.4860098867000e-04;      -5184
3.4862034949800e-04;       2028
3.4863969834900e-04;       2028
3.4865905914700e-04;       1439
3.4867840790900e-04;       1439
3.4869776870700e-04;       3940
3.4871711756000e-04;       3940
3.4873647839300e-04;       3351
3.4875582718700e-04;       3351
3.4877518806300e-04;       2762
3.4879453696400e-04;       2762
3.4881389791400e-04;       5263
3.4883324686700e-04;       5263
3.4885260781400e-04;       4674
3.4887195649100e-04;       4674
3.4889131732700e-04;       -626
3.4891066619900e-04;       -626
3.4893002705700e-04;      -1215
3.4894615010300e-04;      -1215
3.4896551097000e-04;       5997
3.4898485987400e-04;       5997
3.4900422070300e-04;        697
3.4902356952700e-04;        697
3.4904293037700e-04;        108
3.4906227914300e-04;        108
3.4908164000600e-04;      -5192
3.4910098884600e-04;      -5192
3.4912034973300e-04;       2020
3.4913969874300e-04;       2020
3.4915905964000e-04;       1431
3.4917840843100e-04;       1431
3.4919776937700e-04;       3932
3.4921711830400e-04;       3932
3.4923647896000e-04;       3343
3.4925582788900e-04;       3343
3.4927518872100e-04;       2754
3.4929453762600e-04;       2754
3.4931389851400e-04;       5255
3.4933324732700e-04;       5255
3.4935260829600e-04;       4666
3.4937195716600e-04;       4666
3.4939131799000e-04;       -634
3.4941066683400e-04;       -634
3.4943002770000e-04;       6578
3.4944615061300e-04;       6578
3.4946551137300e-04;       5989
3.4948486011600e-04;       5989
3.4950422105900e-04;        689
3.4952356996000e-04;        689
3.4954293086900e-04;       7901
3.4956227965400e-04;       7901
3.4958164050400e-04;       2601
3.4960098939400e-04;       2601
3.4962035028500e-04;       2012
3.4963969901000e-04;       2012
3.4965905979400e-04;       1423
3.4967840853000e-04;       1423
3.4969776940700e-04;       3924
3.4971711811400e-04;       3924
3.4973647911500e-04;       3335
3.4975582776800e-04;       3335
3.4977518851200e-04;       2746
3.4979453736800e-04;       2746
3.4981389830500e-04;       5247
3.4983324710100e-04;       5247
3.4985260795500e-04;       4658
3.4987195682200e-04;       4658
3.4989131758500e-04;       -642
3.4991066641000e-04;       -642
3.4993002712800e-04;       6570
3.4994615029400e-04;       6570
3.4996551095100e-04;       5981
3.4998485975300e-04;       5981
3.5000422064900e-04;        681
3.5002356955800e-04;        681
3.5004293035400e-04;         92
3.5006227914500e-04;         92
3.5008163985000e-04;       2593
3.5010098867900e-04;       2593
3.5012034931400e-04;       2004
3.5013969803100e-04;       2004
3.5015905894500e-04;       1415
3.5017840772000e-04;       1415
3.5019776858900e-04;       3916
3.5021711747400e-04;       3916
3.5023647812500e-04;       3327
3.5025582695600e-04;       3327
3.5027518772700e-04;       2738
3.5029453660200e-04;       2738
3.5031389730600e-04;       5239
3.5033324620000e-04;       5239
3.5035260691700e-04;       4650
3.5037195593700e-04;       4650
3.5039131669700e-04;       -650
3.5041066553000e-04;       -650
3.5043002641900e-04;      -1239
3.5044614947100e-04;      -1239
3.5046551022300e-04;       5973
3.5048485925200e-04;       5973
3.5050422015000e-04;        673
3.5052356891700e-04;        673
3.5054292963300e-04;         84
3.5056227840000e-04;         84
3.5058163926300e-04;       2585
3.5060098817700e-04;       2585
3.5062034898000e-04;       1996
3.5063969785500e-04;       1996
3.5065905875200e-04;       1407
3.5067840754800e-04;       1407
3.5069776832200e-04;       3908
3.5071711717300e-04;       3908
3.5073647800900e-04;       3319
3.5075582706600e-04;       3319
3.5077518810200e-04;       2730
3.5079453693900e-04;       2730
3.5081389782300e-04;       5231
3.5083324674100e-04;       5231
3.5085260764600e-04;       4642
3.5087195646900e-04;       4642
3.5089131746400e-04;       -658
3.5091066608600e-04;       -658
3.5093002695800e-04;      -1247
3.5094615004100e-04;      -1247
3.5096551076000e-04;       5965
3.5098485950400e-04;       5965
3.5100422033500e-04;        665
3.5102356905100e-04;        665
3.5104292989700e-04;         76
3.5106227884300e-04;         76
3.5108163969100e-04;       2577
3.5110098856800e-04;       2577
3.5112034930400e-04;       1988
3.5113969817200e-04;       1988
3.5115905905800e-04;       1399
3.5117840787600e-04;       1399
3.5119776883600e-04;       3900
3.5121711763600e-04;       3900
3.5123647842300e-04;       3311
3.5125582749900e-04;       3311
3.5127518824100e-04;       2722
3.5129453732100e-04;       2722
3.5131389797800e-04;       5223
3.5133324678100e-04;       5223
3.5135260776100e-04;       4634
3.5137195659800e-04;       4634
3.5139131752900e-04;       -666
3.5141066655900e-04;       -666
3.5143002743500e-04;      -1255
3.5144615062100e-04;      -1255
3.5146551153500e-04;       5957
3.5148486045800e-04;       5957
3.5150422118400e-04;        657
3.5152357000900e-04;        657
3.5154293084700e-04;         68
3.5156227970600e-04;         68
3.5158164059100e-04;       2569
3.5160098938000e-04;       2569
3.5162035013200e-04;       1980
3.5163969899100e-04;       1980
3.5165905990300e-04;       1391
3.5167840879800e-04;       1391
3.5169776986900e-04;       3892
3.5171711868200e-04;       3892
3.5173647944300e-04;       3303
3.5175582827500e-04;       3303
3.5177518924600e-04;       2714
3.5179453798800e-04;       2714
3.5181389881400e-04;       5215
3.5183324780900e-04;       5215
3.5185260873400e-04;       4626
3.5187195748800e-04;       4626
3.5189131815700e-04;       -674
3.5191066697800e-04;       -674
3.5193002778200e-04;       6538
3.5194615103400e-04;       6538
3.5196551177200e-04;       5949
3.5198486051200e-04;       5949
3.5200422150300e-04;        649
3.5202357019400e-04;        649
3.5204293108100e-04;       7861
3.5206227990900e-04;       7861
3.5208164072500e-04;       2561
3.5210098961400e-04;       2561
3.5212035029300e-04;       1972
3.5213969915900e-04;       1972
3.5215905999000e-04;       1383
3.5217840885200e-04;       1383
3.5219776968600e-04;       3884
3.5221711851500e-04;       3884
3.5223647922400e-04;       3295
3.5225582813300e-04;       3295
3.5227518898300e-04;       2706
3.5229453778600e-04;       2706
3.5231389856400e-04;       5207
3.5233324739400e-04;       5207
3.5235260822500e-04;       4618
3.5237195710400e-04;       4618
3.5239131806900e-04;       7119
3.5241066697500e-04;       7119
3.5243002777200e-04;       6530
3.5244615078400e-04;       6530
3.5246551159200e-04;       5941
3.5248486030400e-04;       5941
3.5250422113500e-04;        641
3.5252356977500e-04;        641
3.5254293070400e-04;       7853
3.5256227958300e-04;       7853
3.5258164037500e-04;       2553
3.5260098909600e-04;       2553
3.5262034982100e-04;       1964
3.5263969864400e-04;       1964
3.5265905928200e-04;       1375
3.5267840800400e-04;       1375
3.5269776896500e-04;       3876
3.5271711776200e-04;       3876
3.5273647866400e-04;       3287
3.5275582746500e-04;       3287
3.5277518821100e-04;       2698
3.5279453700300e-04;       2698
3.5281389776400e-04;       5199
3.5283324657000e-04;       5199
3.5285260746400e-04;       4610
3.5287195623200e-04;       4610
3.5289131705400e-04;       -690
3.5291066596000e-04;       -690
3.5293002664500e-04;       6522
3.5294614956400e-04;       6522
3.5296551054400e-04;       5933
3.5298485934700e-04;       5933
3.5300422015200e-04;        633
3.5302356897400e-04;        633
3.5304292983700e-04;         44
3.5306227853100e-04;         44
3.5308163946700e-04;       2545
3.5310098826300e-04;       2545
3.5312034919700e-04;       1956
3.5313969806900e-04;       1956
3.5315905893200e-04;       1367
3.5317840777300e-04;       1367
3.5319776857800e-04;       3868
3.5321711756400e-04;       3868
3.5323647833800e-04;       3279
3.5325582716600e-04;       3279
3.5327518804100e-04;       2690
3.5329453691100e-04;       2690
3.5331389773900e-04;       5191
3.5333324654700e-04;       5191
3.5335260739900e-04;       4602
3.5337195614000e-04;       4602
3.5339131717400e-04;       -698
3.5341066595900e-04;       -698
3.5343002680400e-04;       6514
3.5344614977900e-04;       6514
3.5346551067500e-04;       5925
3.5348485931700e-04;       5925
3.5350422019000e-04;        625
3.5352356911600e-04;        625
3.5354292988600e-04;         36
3.5356227862300e-04;         36
3.5358163949900e-04;       2537
3.5360098828700e-04;       2537
3.5362034919700e-04;       1948
3.5363969806500e-04;       1948
3.5365905892100e-04;       1359
3.5367840767100e-04;       1359
3.5369776851500e-04;       3860
3.5371711736500e-04;       3860
3.5373647817500e-04;       3271
3.5375582692200e-04;       3271
3.5377518776900e-04;       2682
3.5379453658500e-04;       2682
3.5381389740900e-04;       5183
3.5383324630300e-04;       5183
3.5385260714200e-04;       4594
3.5387195591800e-04;       4594
3.5389131667200e-04;       -706
3.5391066550000e-04;       -706
3.5393002625800e-04;      -1295
3.5394614935100e-04;      -1295
3.5396551012000e-04;       5917
3.5398485888000e-04;       5917
3.5400421967000e-04;        617
3.5402356868600e-04;        617
3.5404292953100e-04;         28
3.5406227831600e-04;         28
3.5408163930900e-04;       2529
3.5410098818200e-04;       2529
3.5412034905200e-04;       1940
3.5413969785400e-04;       1940
3.5415905873900e-04;       1351
3.5417840757200e-04;       1351
3.5419776847700e-04;       3852
3.5421711735200e-04;       3852
3.5423647810200e-04;       3263
3.5425582709600e-04;       3263
3.5427518791500e-04;       2674
3.5429453664300e-04;       2674
3.5431389764000e-04;       5175
3.5433324641500e-04;       5175
3.5435260725300e-04;       4586
3.5437195603600e-04;       4586
3.5439131702700e-04;       -714
3.5441066598600e-04;       -714
3.5443002676900e-04;       6498
3.5444614972400e-04;       6498
3.5446551065600e-04;       5909
3.5448485944000e-04;       5909
3.5450422040400e-04;        609
3.5452356924300e-04;        609
3.5454293000300e-04;         20
3.5456227881300e-04;         20
3.5458163952000e-04;       2521
3.5460098834600e-04;       2521
3.5462034921900e-04;       1932
3.5463969813300e-04;       1932
3.5465905924900e-04;       1343
3.5467840797200e-04;       1343
3.5469776876400e-04;       3844
3.5471711764700e-04;       3844
3.5473647847800e-04;       3255
3.5475582728200e-04;       3255
3.5477518804200e-04;       2666
3.5479453683400e-04;       2666
3.5481389752700e-04;       5167
3.5483324635100e-04;       5167
3.5485260723400e-04;       4578
3.5487195615300e-04;       4578
3.5489131706200e-04;       -722
3.5491066590900e-04;       -722
3.5493002675300e-04;       6490
3.5494614977200e-04;       6490
3.5496551051700e-04;       5901
3.5498485940700e-04;       5901
3.5500422017800e-04;        601
3.5502356884700e-04;        601
3.5504292969900e-04;       7813
3.5506227860700e-04;       7813
3.5508163933600e-04;       2513
3.5510098814700e-04;       2513
3.5512034899400e-04;       1924
3.5513969788300e-04;       1924
3.5515905885600e-04;       1335
3.5517840770000e-04;       1335
3.5519776847000e-04;       3836
3.5521711746700e-04;       3836
3.5523647832400e-04;       3247
3.5525582701900e-04;       3247
3.5527518778600e-04;       2658
3.5529453667300e-04;       2658
3.5531389746700e-04;       5159
3.5533324646200e-04;       5159
3.5535260734600e-04;       4570
3.5537195615300e-04;       4570
3.5539131699300e-04;       -730
3.5541066572400e-04;       -730
3.5543002666500e-04;      -1319
3.5544614972100e-04;      -1319
3.5546551067900e-04;       5893
3.5548485936300e-04;       5893
3.5550422020500e-04;        593
3.5552356919600e-04;        593
3.5554293009600e-04;          4
3.5556227885000e-04;          4
3.5558163959400e-04;       2505
3.5560098860600e-04;       2505
3.5562034944200e-04;       1916
3.5563969830300e-04;       1916
3.5565905911800e-04;       1327
3.5567840800900e-04;       1327
3.5569776881800e-04;       3828
3.5571711776200e-04;       3828
3.5573647860800e-04;       3239
3.5575582749500e-04;       3239
3.5577518830500e-04;       2650
3.5579453713000e-04;       2650
3.5581389808000e-04;       5151
3.5583324699200e-04;       5151
3.5585260802600e-04;       4562
3.5587195686000e-04;       4562
3.5589131769700e-04;       -738
3.5591066660900e-04;       -738
3.5593002743400e-04;       6474
3.5594615052000e-04;       6474
3.5596551133000e-04;       5885
3.5598486012100e-04;       5885
3.5600422101600e-04;        585
3.5602356990500e-04;        585
3.5604293084800e-04;         -4
3.5606227968400e-04;         -4
3.5608164055200e-04;       2497
3.5610098945300e-04;       2497
3.5612035036600e-04;       1908
3.5613969921000e-04;       1908
3.5615906019800e-04;       1319
3.5617840898200e-04;       1319
3.5619776991100e-04;       3820
3.5621711866700e-04;       3820
3.5623647939000e-04;       3231
3.5625582827500e-04;       3231
3.5627518922700e-04;       2642
3.5629453808700e-04;       2642
3.5631389883400e-04;       5143
3.5633324757300e-04;       5143
3.5635260854200e-04;       4554
3.5637195742400e-04;       4554
3.5639131833100e-04;       -746
3.5641066721800e-04;       -746
3.5643002787800e-04;       6466
3.5644615097200e-04;       6466
3.5646551165300e-04;       5877
3.5648486053600e-04;       5877
3.5650422133200e-04;        577
3.5652357007400e-04;        577
3.5654293101700e-04;        -12
3.5656227987200e-04;        -12
3.5658164065100e-04;       2489
3.5660098963700e-04;       2489
3.5662035032700e-04;       1900
3.5663969932700e-04;       1900
3.5665906018300e-04;       1311
3.5667840891500e-04;       1311
3.5669776992200e-04;       3812
3.5671711879400e-04;       3812
3.5673647951900e-04;       3223
3.5675582837700e-04;       3223
3.5677518922600e-04;       2634
3.5679453797400e-04;       2634
3.5681389865400e-04;       5135
3.5683324738000e-04;       5135
3.5685260817300e-04;       4546
3.5687195700300e-04;       4546
3.5689131789000e-04;       -754
3.5691066669100e-04;       -754
3.5693002741500e-04;      -1343
3.5694615050300e-04;      -1343
3.5696551133900e-04;       5869
3.5698486018100e-04;       5869
3.5700422104100e-04;        569
3.5702356997500e-04;        569
3.5704293077000e-04;        -20
3.5706227957500e-04;        -20
3.5708164038300e-04;       2481
3.5710098919300e-04;       2481
3.5712035007700e-04;       1892
3.5713969898000e-04;       1892
3.5715905990800e-04;       1303
3.5717840861500e-04;       1303
3.5719776946200e-04;       3804
3.5721711825600e-04;       3804
3.5723647901200e-04;       3215
3.5725582778500e-04;       3215
3.5727518878500e-04;       2626
3.5729453753700e-04;       2626
3.5731389838200e-04;       5127
3.5733324715300e-04;       5127
3.5735260800400e-04;       4538
3.5737195692300e-04;       4538
3.5739131770000e-04;       -762
3.5741066660800e-04;       -762
3.5743002750200e-04;       6450
3.5744615050400e-04;       6450
3.5746551137900e-04;       5861
3.5748486025000e-04;       5861
3.5750422101100e-04;        561
3.5752357002100e-04;        561
3.5754293061900e-04;       7773
3.5756227950700e-04;       7773
3.5758164026400e-04;       2473
3.5760098916800e-04;       2473
3.5762034986800e-04;       1884
3.5763969877300e-04;       1884
3.5765905960800e-04;       1295
3.5767840860600e-04;       1295
3.5769776944000e-04;       3796
3.5771711823700e-04;       3796
3.5773647911200e-04;       3207
3.5775582786700e-04;       3207
3.5777518864700e-04;       2618
3.5779453758100e-04;       2618
3.5781389844700e-04;       5119
3.5783324717600e-04;       5119
3.5785260798100e-04;       4530
3.5787195686600e-04;       4530
3.5789131771300e-04;       -770
3.5791066635900e-04;       -770
3.5793002733000e-04;       6442
3.5794615040000e-04;       6442
3.5796551115500e-04;       5853
3.5798486007200e-04;       5853
3.5800422087100e-04;        553
3.5802356985300e-04;        553
3.5804293066900e-04;        -36
3.5806227959700e-04;        -36
3.5808164058100e-04;       2465
3.5810098928300e-04;       2465
3.5812035030300e-04;       1876
3.5813969917300e-04;       1876
3.5815906008600e-04;       1287
3.5817840898600e-04;       1287
3.5819776966700e-04;       3788
3.5821711832300e-04;       3788
3.5823647935600e-04;       3199
3.5825582814000e-04;       3199
3.5827518907300e-04;       2610
3.5829453807300e-04;       2610
3.5831389882900e-04;       5111
3.5833324760600e-04;       5111
3.5835260853800e-04;       4522
3.5837195726200e-04;       4522
3.5839131802000e-04;       -778
3.5841066685100e-04;       -778
3.5843002757800e-04;       6434
3.5844615077100e-04;       6434
3.5846551163900e-04;       5845
3.5848486047600e-04;       5845
3.5850422132600e-04;        545
3.5852357006200e-04;        545
3.5854293084700e-04;        -44
3.5856227966500e-04;        -44
3.5858164058700e-04;       2457
3.5860098946900e-04;       2457
3.5862035028200e-04;       1868
3.5863969899600e-04;       1868
3.5865905990000e-04;       1279
3.5867840872100e-04;       1279
3.5869776954700e-04;       3780
3.5871711841000e-04;       3780
3.5873647932300e-04;       3191
3.5875582804600e-04;       3191
3.5877518875200e-04;       2602
3.5879453760400e-04;       2602
3.5881389852200e-04;       5103
3.5883324740900e-04;       5103
3.5885260830600e-04;       4514
3.5887195709700e-04;       4514
3.5889131785300e-04;       -786
3.5891066669100e-04;       -786
3.5893002736600e-04;       6426
3.5894615040600e-04;       6426
3.5896551110300e-04;       5837
3.5898485985200e-04;       5837
3.5900422073600e-04;        537
3.5902356988200e-04;        537
3.5904293072800e-04;        -52
3.5906227965700e-04;        -52
3.5908164047800e-04;       2449
3.5910098927800e-04;       2449
3.5912035009200e-04;       1860
3.5913969892700e-04;       1860
3.5915905976300e-04;       1271
3.5917840845100e-04;       1271
3.5919776919000e-04;       3772
3.5921711803400e-04;       3772
3.5923647891900e-04;       3183
3.5925582770900e-04;       3183
3.5927518848200e-04;       2594
3.5929453730400e-04;       2594
3.5931389815300e-04;       5095
3.5933324693000e-04;       5095
3.5935260773800e-04;       4506
3.5937195651800e-04;       4506
3.5939131729400e-04;       -794
3.5941066624400e-04;       -794
3.5943002712900e-04;       6418
3.5944615023400e-04;       6418
3.5946551104600e-04;       5829
3.5948486005800e-04;       5829
3.5950422095300e-04;        529
3.5952356967900e-04;        529
3.5954293034000e-04;       7741
3.5956227908500e-04;       7741
3.5958163996300e-04;       2441
3.5960098886400e-04;       2441
3.5962034962000e-04;       1852
3.5963969850100e-04;       1852
3.5965905927900e-04;       1263
3.5967840817400e-04;       1263
3.5969776894800e-04;       3764
3.5971711768400e-04;       3764
3.5973647855400e-04;       3175
3.5975582742300e-04;       3175
3.5977518847000e-04;       2586
3.5979453720200e-04;       2586
3.5981389798000e-04;       5087
3.5983324684100e-04;       5087
3.5985260776200e-04;       4498
3.5987195671500e-04;       4498
3.5989131746100e-04;       -802
3.5991066619800e-04;       -802
3.5993002714600e-04;      -1391
3.5994615021300e-04;      -1391
3.5996551098600e-04;       5821
3.5998485983600e-04;       5821
3.6000422062600e-04;        521
3.6002356944400e-04;        521
3.6004293024700e-04;       7733
3.6006227905600e-04;       7733
3.6008163993500e-04;       2433
3.6010098891100e-04;       2433
3.6012034974500e-04;       1844
3.6013969870200e-04;       1844
3.6015905959100e-04;       1255
3.6017840852600e-04;       1255
3.6019776924800e-04;       3756
3.6021711826200e-04;       3756
3.6023647921000e-04;       3167
3.6025582793900e-04;       3167
3.6027518875500e-04;       2578
3.6029453738000e-04;       2578
3.6031389825100e-04;       5079
3.6033324705300e-04;       5079
3.6035260804300e-04;       4490
3.6037195676100e-04;       4490
3.6039131749000e-04;       -810
3.6041066626400e-04;       -810
3.6043002695900e-04;       6402
3.6044615014100e-04;       6402
3.6046551096900e-04;       5813
3.6048485981100e-04;       5813
3.6050422070000e-04;        513
3.6052356969300e-04;        513
3.6054293031800e-04;       7725
3.6056227905800e-04;       7725
3.6058164002100e-04;       2425
3.6060098863500e-04;       2425
3.6062034954000e-04;       1836
3.6063969826800e-04;       1836
3.6065905905900e-04;       1247
3.6067840784800e-04;       1247
3.6069776870200e-04;       3748
3.6071711752600e-04;       3748
3.6073647833400e-04;       3159
3.6075582715600e-04;       3159
3.6077518798300e-04;       2570
3.6079453676800e-04;       2570
3.6081389746700e-04;       5071
3.6083324630700e-04;       5071
3.6085260708500e-04;       4482
3.6087195576000e-04;       4482
3.6089131660600e-04;       -818
3.6091066535400e-04;       -818
3.6093002621000e-04;      -1407
3.6094614914600e-04;      -1407
3.6096551012400e-04;       5805
3.6098485910000e-04;       5805
3.6100422002200e-04;        505
3.6102356876400e-04;        505
3.6104292955600e-04;        -84
3.6106227839500e-04;        -84
3.6108163934900e-04;       2417
3.6110098805800e-04;       2417
3.6112034901900e-04;       1828
3.6113969793100e-04;       1828
3.6115905874800e-04;       1239
3.6117840765300e-04;       1239
3.6119776846700e-04;       3740
3.6121711732900e-04;       3740
3.6123647818600e-04;       3151
3.6125582709900e-04;       3151
3.6127518802700e-04;       2562
3.6129453694500e-04;       2562
3.6131389776600e-04;       5063
3.6133324653600e-04;       5063
3.6135260734900e-04;       4474
3.6137195623700e-04;       4474
3.6139131712600e-04;       -826
3.6141066587800e-04;       -826
3.6143002680200e-04;      -1415
3.6144614984900e-04;      -1415
3.6146551074000e-04;       5797
3.6148485938300e-04;       5797
3.6150422018900e-04;        497
3.6152356899400e-04;        497
3.6154292997200e-04;       7709
3.6156227869000e-04;       7709
3.6158163962000e-04;       2409
3.6160098847200e-04;       2409
3.6162034931900e-04;       1820
3.6163969822100e-04;       1820
3.6165905895400e-04;       1231
3.6167840782600e-04;       1231
3.6169776866600e-04;       3732
3.6171711740000e-04;       3732
3.6173647837900e-04;       3143
3.6175582708200e-04;       3143
3.6177518799000e-04;       2554
3.6179453682700e-04;       2554
3.6181389771700e-04;       5055
3.6183324660300e-04;       5055
3.6185260736700e-04;       4466
3.6187195608600e-04;       4466
3.6189131692600e-04;       -834
3.6191066580000e-04;       -834
3.6193002661600e-04;       6378
3.6194614960100e-04;       6378
3.6196551044000e-04;       5789
3.6198485926500e-04;       5789
3.6200421997600e-04;        489
3.6202356880700e-04;        489
3.6204292965600e-04;       -100
3.6206227839700e-04;       -100
3.6208163911100e-04;       2401
3.6210098814400e-04;       2401
3.6212034877400e-04;       1812
3.6213969758700e-04;       1812
3.6215905839000e-04;       1223
3.6217840732800e-04;       1223
3.6219776815800e-04;       3724
3.6221711691900e-04;       3724
3.6223647777800e-04;       3135
3.6225582666900e-04;       3135
3.6227518730900e-04;       2546
3.6229453615600e-04;       2546
3.6231389691500e-04;       5047
3.6233324580800e-04;       5047
3.6235260671500e-04;       4458
3.6237195555500e-04;       4458
3.6239131635500e-04;       -842
3.6241066521600e-04;       -842
3.6243002615600e-04;       6370
3.6244614926000e-04;       6370
3.6246550990800e-04;       5781
3.6248485883400e-04;       5781
3.6250421973000e-04;        481
3.6252356854800e-04;        481
3.6254292931600e-04;       7693
3.6256227819700e-04;       7693
3.6258163910900e-04;       2393
3.6260098788400e-04;       2393
3.6262034871200e-04;       1804
3.6263969746400e-04;       1804
3.6265905816600e-04;       1215
3.6267840703000e-04;       1215
3.6269776779200e-04;       3716
3.6271711649600e-04;       3716
3.6273647732600e-04;       3127
3.6275582612000e-04;       3127
3.6277518708700e-04;       2538
3.6279453584400e-04;       2538
3.6281389677100e-04;      -2762
3.6283324547800e-04;      -2762
3.6285260646100e-04;       4450
3.6287195531400e-04;       4450
3.6289131608300e-04;       -850
3.6291066498500e-04;       -850
3.6293002579000e-04;       6362
3.6294614880500e-04;       6362
3.6296550973200e-04;       5773
3.6298485853900e-04;       5773
3.6300421933200e-04;        473
3.6302356820600e-04;        473
3.6304292894400e-04;       -116
3.6306227779900e-04;       -116
3.6308163866100e-04;      -5416
3.6310098745400e-04;      -5416
3.6312034832100e-04;       1796
3.6313969701300e-04;       1796
3.6315905782200e-04;       1207
3.6317840665600e-04;       1207
3.6319776766800e-04;       3708
3.6321711646400e-04;       3708
3.6323647739400e-04;       3119
3.6325582632500e-04;       3119
3.6327518719900e-04;       2530
3.6329453606500e-04;       2530
3.6331389683000e-04;       5031
3.6333324572100e-04;       5031
3.6335260670300e-04;       4442
3.6337195557700e-04;       4442
3.6339131622700e-04;       -858
3.6341066508900e-04;       -858
3.6343002586400e-04;      -1447
3.6344614892500e-04;      -1447
3.6346550971300e-04;       5765
3.6348485856900e-04;       5765
3.6350421930000e-04;        465
3.6352356817400e-04;        465
3.6354292897000e-04;       -124
3.6356227770200e-04;       -124
3.6358163846200e-04;       2377
3.6360098730100e-04;       2377
3.6362034809800e-04;       1788
3.6363969708000e-04;       1788
3.6365905799800e-04;       1199
3.6367840687200e-04;       1199
3.6369776764700e-04;       3700
3.6371711649300e-04;       3700
3.6373647732700e-04;       3111
3.6375582626100e-04;       3111
3.6377518678100e-04;       2522
3.6379453584300e-04;       2522
3.6381389663000e-04;       5023
3.6383324562400e-04;       5023
3.6385260642400e-04;       4434
3.6387195526800e-04;       4434
3.6389131610600e-04;       -866
3.6391066484700e-04;       -866
3.6393002571600e-04;      -1455
3.6394614865000e-04;      -1455
3.6396550962700e-04;       5757
3.6398485841900e-04;       5757
3.6400421932600e-04;        457
3.6402356820200e-04;        457
3.6404292896400e-04;       -132
3.6406227778700e-04;       -132
3.6408163861800e-04;       2369
3.6410098748100e-04;       2369
3.6412034837500e-04;       1780
3.6413969716400e-04;       1780
3.6415905793200e-04;       1191
3.6417840675700e-04;       1191
3.6419776780900e-04;       3692
3.6421711674800e-04;       3692
3.6423647747200e-04;       3103
3.6425582623500e-04;       3103
3.6427518707300e-04;       2514
3.6429453583000e-04;       2514
3.6431389663200e-04;      -2786
3.6433324547400e-04;      -2786
3.6435260633900e-04;       4426
3.6437195521200e-04;       4426
3.6439131616900e-04;       -874
3.6441066495000e-04;       -874
3.6443002557300e-04;      -1463
3.6444614865600e-04;      -1463
3.6446550939600e-04;       5749
3.6448485834800e-04;       5749
3.6450421919200e-04;        449
3.6452356795400e-04;        449
3.6454292902000e-04;       -140
3.6456227775000e-04;       -140
3.6458163863200e-04;       2361
3.6460098751000e-04;       2361
3.6462034842600e-04;       1772
3.6463969735100e-04;       1772
3.6465905832200e-04;       1183
3.6467840712000e-04;       1183
3.6469776784800e-04;       3684
3.6471711672900e-04;       3684
3.6473647752000e-04;       3095
3.6475582634400e-04;       3095
3.6477518720400e-04;       2506
3.6479453617200e-04;       2506
3.6481389703300e-04;      -2794
3.6483324586300e-04;      -2794
3.6485260672300e-04;       4418
3.6487195538700e-04;       4418
3.6489131626800e-04;       -882
3.6491066523600e-04;       -882
3.6493002617400e-04;       6330
3.6494614914400e-04;       6330
3.6496550993200e-04;       5741
3.6498485876600e-04;       5741
3.6500421950300e-04;        441
3.6502356838900e-04;        441
3.6504292928400e-04;       -148
3.6506227810000e-04;       -148
3.6508163906300e-04;       2353
3.6510098785000e-04;       2353
3.6512034885200e-04;       1764
3.6513969776600e-04;       1764
3.6515905856900e-04;       1175
3.6517840740700e-04;       1175
3.6519776828200e-04;       3676
3.6521711714400e-04;       3676
3.6523647817500e-04;       3087
3.6525582709000e-04;       3087
3.6527518792900e-04;       2498
3.6529453681700e-04;       2498
3.6531389768500e-04;       4999
3.6533324647000e-04;       4999
3.6535260732300e-04;       4410
3.6537195619100e-04;       4410
3.6539131697900e-04;       -890
3.6541066577600e-04;       -890
3.6543002660100e-04;       6322
3.6544614958400e-04;       6322
3.6546551054100e-04;       5733
3.6548485943900e-04;       5733
3.6550422026200e-04;        433
3.6552356908200e-04;        433
3.6554292987900e-04;       7645
3.6556227870700e-04;       7645
3.6558163947700e-04;       2345
3.6560098815400e-04;       2345
3.6562034905500e-04;       1756
3.6563969790500e-04;       1756
3.6565905880500e-04;       1167
3.6567840772600e-04;       1167
3.6569776867400e-04;       3668
3.6571711758400e-04;       3668
3.6573647848600e-04;       3079
3.6575582717100e-04;       3079
3.6577518803000e-04;       2490
3.6579453672800e-04;       2490
3.6581389761500e-04;       4991
3.6583324654400e-04;       4991
3.6585260734000e-04;       4402
3.6587195602600e-04;       4402
3.6589131688700e-04;       -898
3.6591066564400e-04;       -898
3.6593002642100e-04;       6314
3.6594614954000e-04;       6314
3.6596551030700e-04;       5725
3.6598485908900e-04;       5725
3.6600422003700e-04;        425
3.6602356899200e-04;        425
3.6604292988200e-04;       7637
3.6606227870600e-04;       7637
3.6608163961900e-04;       2337
3.6610098826500e-04;       2337
3.6612034908600e-04;       1748
3.6613969782000e-04;       1748
3.6615905868600e-04;       1159
3.6617840755900e-04;       1159
3.6619776830700e-04;       3660
3.6621711725800e-04;       3660
3.6623647815000e-04;       3071
3.6625582713200e-04;       3071
3.6627518802600e-04;       2482
3.6629453698300e-04;       2482
3.6631389797400e-04;       4983
3.6633324671500e-04;       4983
3.6635260757700e-04;       4394
3.6637195636300e-04;       4394
3.6639131733100e-04;       6895
3.6641066603100e-04;       6895
3.6643002681900e-04;       6306
3.6644614970500e-04;       6306
3.6646551052700e-04;       5717
3.6648485930900e-04;       5717
3.6650422009300e-04;        417
3.6652356889100e-04;        417
3.6654292979300e-04;       -172
3.6656227866600e-04;       -172
3.6658163964900e-04;      -5472
3.6660098843200e-04;      -5472
3.6662034938400e-04;       1740
3.6663969829700e-04;       1740
3.6665905918100e-04;       1151
3.6667840789900e-04;       1151
3.6669776864300e-04;       3652
3.6671711768200e-04;       3652
3.6673647853700e-04;       3063
3.6675582733300e-04;       3063
3.6677518831000e-04;       2474
3.6679453720000e-04;       2474
3.6681389800100e-04;       4975
3.6683324685100e-04;       4975
3.6685260790700e-04;       4386
3.6687195680100e-04;       4386
3.6689131766300e-04;       -914
3.6691066654200e-04;       -914
3.6693002741200e-04;       6298
3.6694615038300e-04;       6298
3.6696551132900e-04;       5709
3.6698486029100e-04;       5709
3.6700422105400e-04;        409
3.6702356999200e-04;        409
3.6704293073500e-04;       -180
3.6706227955000e-04;       -180
3.6708164027700e-04;       2321
3.6710098906000e-04;       2321
3.6712035007200e-04;       1732
3.6713969875300e-04;       1732
3.6715905947600e-04;       1143
3.6717840832800e-04;       1143
3.6719776936000e-04;       3644
3.6721711808800e-04;       3644
3.6723647897500e-04;       3055
3.6725582781100e-04;       3055
3.6727518872900e-04;       2466
3.6729453769000e-04;       2466
3.6731389854800e-04;       4967
3.6733324732500e-04;       4967
3.6735260816000e-04;       4378
3.6737195721600e-04;       4378
3.6739131796900e-04;       -922
3.6741066686400e-04;       -922
3.6743002763800e-04;       6290
3.6744615052300e-04;       6290
3.6746551131800e-04;       5701
3.6748486021200e-04;       5701
3.6750422090900e-04;        401
3.6752356974700e-04;        401
3.6754293067700e-04;       -188
3.6756227958700e-04;       -188
3.6758164034400e-04;       2313
3.6760098911200e-04;       2313
3.6762034991800e-04;       1724
3.6763969905100e-04;       1724
3.6765905997500e-04;       1135
3.6767840880900e-04;       1135
3.6769776966300e-04;       3636
3.6771711850600e-04;       3636
3.6773647937200e-04;       3047
3.6775582816300e-04;       3047
3.6777518893000e-04;       2458
3.6779453775400e-04;       2458
3.6781389846200e-04;       4959
3.6783324743500e-04;       4959
3.6785260820100e-04;       4370
3.6787195721300e-04;       4370
3.6789131809500e-04;       -930
3.6791066698400e-04;       -930
3.6793002775200e-04;       6282
3.6794615074400e-04;       6282
3.6796551157500e-04;       5693
3.6798486036500e-04;       5693
3.6800422129900e-04;        393
3.6802356999700e-04;        393
3.6804293101800e-04;       7605
3.6806227995300e-04;       7605
3.6808164080700e-04;       2305
3.6810098968300e-04;       2305
3.6812035054100e-04;       1716
3.6813969930900e-04;       1716
3.6815906010300e-04;       1127
3.6817840897000e-04;       1127
3.6819776971800e-04;       3628
3.6821711861500e-04;       3628
3.6823647949000e-04;       3039
3.6825582821800e-04;       3039
3.6827518916800e-04;       2450
3.6829453798400e-04;       2450
3.6831389879800e-04;       4951
3.6833324773100e-04;       4951
3.6835260851100e-04;       4362
3.6837195733800e-04;       4362
3.6839131829300e-04;       -938
3.6841066717900e-04;       -938
3.6843002798600e-04;       6274
3.6844615122700e-04;       6274
3.6846551202900e-04;       5685
3.6848486087900e-04;       5685
3.6850422173500e-04;        385
3.6852357065000e-04;        385
3.6854293152900e-04;       7597
3.6856228031000e-04;       7597
3.6858164132200e-04;       2297
3.6860099017400e-04;       2297
3.6862035094100e-04;       1708
3.6863969979500e-04;       1708
3.6865906077600e-04;       1119
3.6867840961600e-04;       1119
3.6869777052200e-04;       3620
3.6871711937800e-04;       3620
3.6873648024900e-04;       3031
3.6875582915700e-04;       3031
3.6877518999900e-04;       2442
3.6879453885700e-04;       2442
3.6881389959100e-04;       4943
3.6883324857700e-04;       4943
3.6885260940100e-04;       4354
3.6887195809900e-04;       4354
3.6889131908800e-04;       -946
3.6891066793900e-04;       -946
3.6893002886000e-04;       6266
3.6894615189500e-04;       6266
3.6896551274800e-04;       5677
3.6898486152100e-04;       5677
3.6900422233000e-04;        377
3.6902357118700e-04;        377
3.6904293200800e-04;       7589
3.6906228093900e-04;       7589
3.6908164178200e-04;       2289
3.6910099065100e-04;       2289
3.6912035155600e-04;       1700
3.6913970052400e-04;       1700
3.6915906131500e-04;       8912
3.6917841009800e-04;       8912
3.6919777084500e-04;       3612
3.6921711967200e-04;       3612
3.6923648050300e-04;       3023
3.6925582932700e-04;       3023
3.6927519006700e-04;       2434
3.6929453886600e-04;       2434
3.6931389978200e-04;       4935
3.6933324865200e-04;       4935
3.6935260956200e-04;       4346
3.6937195844900e-04;       4346
3.6939131926200e-04;       6847
3.6941066807800e-04;       6847
3.6943002888000e-04;       6258
3.6944615205900e-04;       6258
3.6946551282700e-04;       5669
3.6948486144800e-04;       5669
3.6950422243400e-04;        369
3.6952357128400e-04;        369
3.6954293221000e-04;       -220
3.6956228107600e-04;       -220
3.6958164189600e-04;       2281
3.6960099067300e-04;       2281
3.6962035140800e-04;       1692
3.6963970031400e-04;       1692
3.6965906103900e-04;       1103
3.6967840979800e-04;       1103
3.6969777075100e-04;       3604
3.6971711965500e-04;       3604
3.6973648042800e-04;       3015
3.6975582924800e-04;       3015
3.6977519005100e-04;       2426
3.6979453908300e-04;       2426
3.6981390004500e-04;       4927
3.6983324886300e-04;       4927
3.6985260963400e-04;       4338
3.6987195846200e-04;       4338
3.6989131941100e-04;       6839
3.6991066828100e-04;       6839
3.6993002926800e-04;       6250
3.6994615224400e-04;       6250
3.6996551299900e-04;       5661
3.6998486189900e-04;       5661
3.7000422260100e-04;       8162
3.7002357142200e-04;       8162
3.7004293232600e-04;       7573
3.7006228105000e-04;       7573
3.7008164181300e-04;       2273
3.7010099072800e-04;       2273
3.7012035143700e-04;       1684
3.7013970020700e-04;       1684
3.7015906094500e-04;       1095
3.7017840984000e-04;       1095
3.7019777058900e-04;       3596
3.7021711944900e-04;       3596
3.7023648028200e-04;       3007
3.7025582909300e-04;       3007
3.7027518982100e-04;       2418
3.7029453863100e-04;       2418
3.7031389937300e-04;       4919
3.7033324825600e-04;       4919
3.7035260921100e-04;       4330
3.7037195796300e-04;       4330
3.7039131891500e-04;       6831
3.7041066766700e-04;       6831
3.7043002847900e-04;       6242
3.7044615156600e-04;       6242
3.7046551231800e-04;       5653
3.7048486117900e-04;       5653
3.7050422191600e-04;        353
3.7052357064100e-04;        353
3.7054293139600e-04;       7565
3.7056228028700e-04;       7565
3.7058164116400e-04;       2265
3.7060098993800e-04;       2265
3.7062035084000e-04;       1676
3.7063969951800e-04;       1676
3.7065906040500e-04;       1087
3.7067840926200e-04;       1087
3.7069776992600e-04;       3588
3.7071711878800e-04;       3588
3.7073647957100e-04;       2999
3.7075582840500e-04;       2999
3.7077518928300e-04;       2410
3.7079453806900e-04;       2410
3.7081389879000e-04;       4911
3.7083324759700e-04;       4911
3.7085260827100e-04;       4322
3.7087195722600e-04;       4322
3.7089131785400e-04;       6823
3.7091066687300e-04;       6823
3.7093002771900e-04;       6234
3.7094615073100e-04;       6234
3.7096551150500e-04;       5645
3.7098486051100e-04;       5645
3.7100422153600e-04;        345
3.7102357025700e-04;        345
3.7104293102900e-04;       7557
3.7106227999100e-04;       7557
3.7108164082400e-04;       2257
3.7110098962600e-04;       2257
3.7112035048200e-04;       1668
3.7113969940500e-04;       1668
3.7115906020700e-04;       1079
3.7117840907900e-04;       1079
3.7119776989400e-04;       3580
3.7121711874000e-04;       3580
3.7123647950800e-04;       2991
3.7125582840600e-04;       2991
3.7127518928400e-04;       2402
3.7129453813500e-04;       2402
3.7131389897200e-04;       4903
3.7133324780000e-04;       4903
3.7135260860800e-04;       4314
3.7137195749800e-04;       4314
3.7139131825900e-04;       -986
3.7141066712600e-04;       -986
3.7143002794500e-04;       6226
3.7144615099200e-04;       6226
3.7146551182800e-04;       5637
3.7148486071100e-04;       5637
3.7150422154400e-04;        337
3.7152357047800e-04;        337
3.7154293133400e-04;       -252
3.7156228006600e-04;       -252
3.7158164080300e-04;       2249
3.7160098970700e-04;       2249
3.7162035055700e-04;       1660
3.7163969919500e-04;       1660
3.7165906019100e-04;       1071
3.7167840900300e-04;       1071
3.7169776992000e-04;       3572
3.7171711867100e-04;       3572
3.7173647965800e-04;       2983
3.7175582850900e-04;       2983
3.7177518936900e-04;       2394
3.7179453832100e-04;       2394
3.7181389918500e-04;       4895
3.7183324808800e-04;       4895
3.7185260892600e-04;       4306
3.7187195792000e-04;       4306
3.7189131875700e-04;       -994
3.7191066761500e-04;       -994
3.7193002844900e-04;       6218
3.7194615146100e-04;       6218
3.7196551233600e-04;       5629
3.7198486110600e-04;       5629
3.7200422196900e-04;        329
3.7202357093100e-04;        329
3.7204293176000e-04;       7541
3.7206228059700e-04;       7541
3.7208164153800e-04;       2241
3.7210099030900e-04;       2241
3.7212035111300e-04;       1652
3.7213970001600e-04;       1652
3.7215906079400e-04;       1063
3.7217840966100e-04;       1063
3.7219777045800e-04;       3564
3.7221711919900e-04;       3564
3.7223648023500e-04;       2975
3.7225582906200e-04;       2975
3.7227518978900e-04;       2386
3.7229453870300e-04;       2386
3.7231389940500e-04;       4887
3.7233324837700e-04;       4887
3.7235260925000e-04;       4298
3.7237195805400e-04;       4298
3.7239131896000e-04;       6799
3.7241066794900e-04;       6799
3.7243002878200e-04;       6210
3.7244615177100e-04;       6210
3.7246551254600e-04;       5621
3.7248486146200e-04;       5621
3.7250422242900e-04;        321
3.7252357110300e-04;        321
3.7254293188100e-04;       7533
3.7256228082900e-04;       7533
3.7258164161900e-04;       2233
3.7260099054700e-04;       2233
3.7262035139600e-04;       1644
3.7263970027400e-04;       1644
3.7265906105800e-04;       1055
3.7267840985300e-04;       1055
3.7269777078600e-04;       3556
3.7271711975600e-04;       3556
3.7273648052500e-04;       2967
3.7275582944800e-04;       2967
3.7277519016800e-04;       2378
3.7279453883400e-04;       2378
3.7281389963700e-04;       4879
3.7283324843800e-04;       4879
3.7285260917700e-04;       4290
3.7287195811200e-04;       4290
3.7289131896500e-04;       6791
3.7291066781800e-04;       6791
3.7293002865700e-04;       6202
3.7294615166500e-04;       6202
3.7296551252300e-04;       5613
3.7298486141600e-04;       5613
3.7300422220400e-04;       8114
3.7302357105200e-04;       8114
3.7304293174800e-04;       7525
3.7306228061100e-04;       7525
3.7308164147600e-04;       2225
3.7310099021900e-04;       2225
3.7312035109200e-04;       1636
3.7313969996600e-04;       1636
3.7315906076400e-04;       8848
3.7317840965300e-04;       8848
3.7319777046900e-04;       3548
3.7321711933400e-04;       3548
3.7323648019500e-04;       2959
3.7325582910500e-04;       2959
3.7327518997200e-04;       2370
3.7329453873700e-04;       2370
3.7331389972400e-04;       4871
3.7333324852800e-04;       4871
3.7335260935900e-04;       4282
3.7337195822400e-04;       4282
3.7339131908300e-04;      -1018
3.7341066786900e-04;      -1018
3.7343002858100e-04;       6194
3.7344615152700e-04;       6194
3.7346551223400e-04;       5605
3.7348486107600e-04;       5605
3.7350422186700e-04;        305
3.7352357062700e-04;        305
3.7354293160500e-04;       7517
3.7356228035400e-04;       7517
3.7358164126400e-04;       2217
3.7360098998900e-04;       2217
3.7362035074800e-04;       1628
3.7363969955900e-04;       1628
3.7365906031600e-04;       1039
3.7367840917700e-04;       1039
3.7369777009300e-04;       3540
3.7371711870900e-04;       3540
3.7373647953000e-04;       2951
3.7375582830600e-04;       2951
3.7377518909200e-04;       2362
3.7379453794500e-04;       2362
3.7381389864200e-04;       4863
3.7383324759000e-04;       4863
3.7385260851100e-04;       4274
3.7387195744300e-04;       4274
3.7389131829900e-04;      -1026
3.7391066712700e-04;      -1026
3.7393002802000e-04;       6186
3.7394615109400e-04;       6186
3.7396551178300e-04;       5597
3.7398486059300e-04;       5597
3.7400422154500e-04;        297
3.7402357048800e-04;        297
3.7404293138000e-04;       7509
3.7406228015100e-04;       7509
3.7408164109700e-04;       2209
3.7410098994100e-04;       2209
3.7412035080800e-04;       1620
3.7413969955200e-04;       1620
3.7415906030500e-04;       1031
3.7417840911700e-04;       1031
3.7419777002000e-04;       3532
3.7421711888500e-04;       3532
3.7423647975800e-04;       2943
3.7425582855700e-04;       2943
3.7427518938000e-04;       2354
3.7429453816800e-04;       2354
3.7431389904600e-04;       4855
3.7433324793000e-04;       4855
3.7435260875700e-04;       4266
3.7437195745400e-04;       4266
3.7439131832800e-04;      -1034
3.7441066707600e-04;      -1034
3.7443002794200e-04;       6178
3.7444615106400e-04;       6178
3.7446551179600e-04;       5589
3.7448486052300e-04;       5589
3.7450422137500e-04;        289
3.7452357012600e-04;        289
3.7454293092400e-04;       -300
3.7456227976100e-04;       -300
3.7458164044400e-04;      -5600
3.7460098912500e-04;      -5600
3.7462034987700e-04;       1612
3.7463969872800e-04;       1612
3.7465905962600e-04;       1023
3.7467840848300e-04;       1023
3.7469776919400e-04;       3524
3.7471711817200e-04;       3524
3.7473647910300e-04;       2935
3.7475582792900e-04;       2935
3.7477518880000e-04;       2346
3.7479453769800e-04;       2346
3.7481389854900e-04;       4847
3.7483324747500e-04;       4847
3.7485260837700e-04;       4258
3.7487195710500e-04;       4258
3.7489131817700e-04;      -1042
3.7491066701900e-04;      -1042
3.7493002775000e-04;       6170
3.7494615083700e-04;       6170
3.7496551157500e-04;       5581
3.7498486034400e-04;       5581
3.7500422134100e-04;        281
3.7502357029700e-04;        281
3.7504293109400e-04;       7493
3.7506227998200e-04;       7493
3.7508164073300e-04;       2193
3.7510098959500e-04;       2193
3.7512035048100e-04;       1604
3.7513969928800e-04;       1604
3.7515906006600e-04;       1015
3.7517840900200e-04;       1015
3.7519776976800e-04;       3516
3.7521711859400e-04;       3516
3.7523647945800e-04;       2927
3.7525582834800e-04;       2927
3.7527518926100e-04;       2338
3.7529453812700e-04;       2338
3.7531389899100e-04;       4839
3.7533324783400e-04;       4839
3.7535260862800e-04;       4250
3.7537195754000e-04;       4250
3.7539131840700e-04;      -1050
3.7541066724700e-04;      -1050
3.7543002795300e-04;       6162
3.7544615097200e-04;       6162
3.7546551187400e-04;       5573
3.7548486059100e-04;       5573
3.7550422141200e-04;        273
3.7552357028100e-04;        273
3.7554293098300e-04;       7485
3.7556227986800e-04;       7485
3.7558164084100e-04;       2185
3.7560098954000e-04;       2185
3.7562035040000e-04;       1596
3.7563969914200e-04;       1596
3.7565905990500e-04;       1007
3.7567840870900e-04;       1007
3.7569776966400e-04;       3508
3.7571711862700e-04;       3508
3.7573647935400e-04;       2919
3.7575582818800e-04;       2919
3.7577518909900e-04;       2330
3.7579453798500e-04;       2330
3.7581389880400e-04;       4831
3.7583324759000e-04;       4831
3.7585260847000e-04;       4242
3.7587195724600e-04;       4242
3.7589131801700e-04;      -1058
3.7591066674500e-04;      -1058
3.7593002758000e-04;       6154
3.7594615066900e-04;       6154
3.7596551158300e-04;       5565
3.7598486045100e-04;       5565
3.7600422124600e-04;        265
3.7602357009900e-04;        265
3.7604293102200e-04;       -324
3.7606227987800e-04;       -324
3.7608164061100e-04;       2177
3.7610098957000e-04;       2177
3.7612035038100e-04;       1588
3.7613969917700e-04;       1588
3.7615906013600e-04;        999
3.7617840892900e-04;        999
3.7619776975000e-04;       3500
3.7621711864500e-04;       3500
3.7623647956000e-04;       2911
3.7625582840000e-04;       2911
3.7627518921400e-04;       2322
3.7629453806200e-04;       2322
3.7631389898300e-04;       4823
3.7633324794400e-04;       4823
3.7635260868100e-04;       4234
3.7637195765100e-04;       4234
3.7639131851900e-04;       6735
3.7641066729100e-04;       6735
3.7643002830000e-04;       6146
3.7644615126700e-04;       6146
3.7646551209600e-04;       5557
3.7648486100100e-04;       5557
3.7650422168600e-04;        257
3.7652357059000e-04;        257
3.7654293121400e-04;       -332
3.7656228005900e-04;       -332
3.7658164091200e-04;       2169
3.7660098970300e-04;       2169
3.7662035052100e-04;       1580
3.7663969930900e-04;       1580
3.7665906025600e-04;        991
3.7667840919800e-04;        991
3.7669777000400e-04;       3492
3.7671711875100e-04;       3492
3.7673647965800e-04;       2903
3.7675582835500e-04;       2903
3.7677518907300e-04;       2314
3.7679453780500e-04;       2314
3.7681389873800e-04;       4815
3.7683324749800e-04;       4815
3.7685260835300e-04;       4226
3.7687195718800e-04;       4226
3.7689131815300e-04;      -1074
3.7691066720200e-04;      -1074
3.7693002813200e-04;       6138
3.7694615098700e-04;       6138
3.7696551182900e-04;       5549
3.7698486084500e-04;       5549
3.7700422154300e-04;        249
3.7702357035700e-04;        249
3.7704293134200e-04;       7461
3.7706228018000e-04;       7461
3.7708164090100e-04;       2161
3.7710098967200e-04;       2161
3.7712035050300e-04;       1572
3.7713969938600e-04;       1572
3.7715906013100e-04;        983
3.7717840912500e-04;        983
3.7719776988100e-04;       3484
3.7721711888800e-04;       3484
3.7723647966700e-04;       2895
3.7725582844300e-04;       2895
3.7727518934000e-04;       2306
3.7729453821100e-04;       2306
3.7731389905600e-04;       4807
3.7733324798700e-04;       4807
3.7735260868700e-04;       4218
3.7737195763600e-04;       4218
3.7739131831100e-04;       6719
3.7741066711600e-04;       6719
3.7743002795100e-04;       6130
3.7744615095400e-04;       6130
3.7746551182700e-04;       5541
3.7748486061800e-04;       5541
3.7750422143200e-04;        241
3.7752357016900e-04;        241
3.7754293107000e-04;       -348
3.7756227978500e-04;       -348
3.7758164065600e-04;       2153
3.7760098952200e-04;       2153
3.7762035038400e-04;       1564
3.7763969921300e-04;       1564
3.7765906010600e-04;        975
3.7767840887300e-04;        975
3.7769776971500e-04;       3476
3.7771711841000e-04;       3476
3.7773647920000e-04;       2887
3.7775582820400e-04;       2887
3.7777518895000e-04;       2298
3.7779453776300e-04;       2298
3.7781389881000e-04;       4799
3.7783324772100e-04;       4799
3.7785260849300e-04;       4210
3.7787195725900e-04;       4210
3.7789131827500e-04;      -1090
3.7791066715600e-04;      -1090
3.7793002822500e-04;       6122
3.7794615115300e-04;       6122
3.7796551210400e-04;       5533
3.7798486094100e-04;       5533
3.7800422178300e-04;        233
3.7802357070900e-04;        233
3.7804293127900e-04;       7445
3.7806227992600e-04;       7445
3.7808164086700e-04;       2145
3.7810098960600e-04;       2145
3.7812035046100e-04;       1556
3.7813969954900e-04;       1556
3.7815906045500e-04;        967
3.7817840921500e-04;        967
3.7819777003500e-04;       3468
3.7821711890600e-04;       3468
3.7823647989700e-04;       2879
3.7825582860100e-04;       2879
3.7827518947000e-04;       2290
3.7829453833600e-04;       2290
3.7831389920900e-04;       4791
3.7833324807500e-04;       4791
3.7835260887400e-04;       4202
3.7837195792800e-04;       4202
3.7839131872300e-04;       6703
3.7841066759300e-04;       6703
3.7843002838700e-04;       6114
3.7844615135500e-04;       6114
3.7846551211700e-04;       5525
3.7848486100500e-04;       5525
3.7850422182900e-04;        225
3.7852357068100e-04;        225
3.7854293158000e-04;       7437
3.7856228046100e-04;       7437
3.7858164112900e-04;       2137
3.7860098990700e-04;       2137
3.7862035077100e-04;       1548
3.7863969959200e-04;       1548
3.7865906034200e-04;        959
3.7867840917400e-04;        959
3.7869776993200e-04;       3460
3.7871711860300e-04;       3460
3.7873647943500e-04;       2871
3.7875582839300e-04;       2871
3.7877518924900e-04;       2282
3.7879453805300e-04;       2282
3.7881389881900e-04;       4783
3.7883324767400e-04;       4783
3.7885260863900e-04;       4194
3.7887195732300e-04;       4194
3.7889131808300e-04;      -1106
3.7891066693200e-04;      -1106
3.7893002792200e-04;       6106
3.7894615105700e-04;       6106
3.7896551186500e-04;       5517
3.7898486056700e-04;       5517
3.7900422135400e-04;        217
3.7902357034300e-04;        217
3.7904293111100e-04;       7429
3.7906227984400e-04;       7429
3.7908164063600e-04;       2129
3.7910098939500e-04;       2129
3.7912035040500e-04;       1540
3.7913969919900e-04;       1540
3.7915905989000e-04;        951
3.7917840875300e-04;        951
3.7919776979500e-04;       3452
3.7921711863100e-04;       3452
3.7923647930400e-04;       2863
3.7925582825400e-04;       2863
3.7927518891500e-04;       2274
3.7929453766700e-04;       2274
3.7931389834800e-04;       4775
3.7933324722000e-04;       4775
3.7935260794200e-04;       4186
3.7937195665600e-04;       4186
3.7939131765900e-04;      -1114
3.7941066650500e-04;      -1114
3.7943002726600e-04;       6098
3.7944615050700e-04;       6098
3.7946551122600e-04;       5509
3.7948485999100e-04;       5509
3.7950422091300e-04;        209
3.7952356976500e-04;        209
3.7954293060600e-04;       -380
3.7956227960500e-04;       -380
3.7958164044900e-04;       2121
3.7960098931700e-04;       2121
3.7962035010600e-04;       1532
3.7963969898300e-04;       1532
3.7965905994400e-04;        943
3.7967840875700e-04;        943
3.7969776959300e-04;       3444
3.7971711856200e-04;       3444
3.7973647942700e-04;       2855
3.7975582833100e-04;       2855
3.7977518903800e-04;       2266
3.7979453786500e-04;       2266
3.7981389874500e-04;       4767
3.7983324757800e-04;       4767
3.7985260842800e-04;       4178
3.7987195729700e-04;       4178
3.7989131811800e-04;       6679
3.7991066693900e-04;       6679
3.7993002782300e-04;       6090
3.7994615093400e-04;       6090
3.7996551181600e-04;       5501
3.7998486054000e-04;       5501
3.8000422141400e-04;        201
3.8002357034600e-04;        201
3.8004293109000e-04;       7413
3.8006227970100e-04;       7413
3.8008164062500e-04;       2113
3.8010098955200e-04;       2113
3.8012035026500e-04;       1524
3.8013969918200e-04;       1524
3.8015905995000e-04;        935
3.8017840866400e-04;        935
3.8019776959900e-04;       3436
3.8021711840600e-04;       3436
3.8023647913900e-04;       2847
3.8025582789900e-04;       2847
3.8027518882300e-04;       2258
3.8029453772800e-04;       2258
3.8031389849700e-04;       4759
3.8033324744100e-04;       4759
3.8035260837500e-04;       4170
3.8037195716100e-04;       4170
3.8039131800600e-04;      -1130
3.8041066700600e-04;      -1130
3.8043002787600e-04;       6082
3.8044615089700e-04;       6082
3.8046551181500e-04;       5493
3.8048486052700e-04;       5493
3.8050422129900e-04;        193
3.8052357020600e-04;        193
3.8054293111500e-04;       7405
3.8056227978300e-04;       7405
3.8058164075900e-04;       2105
3.8060098955800e-04;       2105
3.8062035038700e-04;       1516
3.8063969938500e-04;       1516
3.8065906029700e-04;        927
3.8067840901000e-04;        927
3.8069776992000e-04;       3428
3.8071711869300e-04;       3428
3.8073647958400e-04;       2839
3.8075582836900e-04;       2839
3.8077518936400e-04;       2250
3.8079453799800e-04;       2250
3.8081389878400e-04;       4751
3.8083324761100e-04;       4751
3.8085260849600e-04;       4162
3.8087195718700e-04;       4162
3.8089131808200e-04;      -1138
3.8091066686300e-04;      -1138
3.8093002769700e-04;       6074
3.8094615084800e-04;       6074
3.8096551171800e-04;       5485
3.8098486054200e-04;       5485
3.8100422132400e-04;        185
3.8102357015700e-04;        185
3.8104293099900e-04;       7397
3.8106227984700e-04;       7397
3.8108164066100e-04;       2097
3.8110098958500e-04;       2097
3.8112035050500e-04;       1508
3.8113969933000e-04;       1508
3.8115906023300e-04;        919
3.8117840905400e-04;        919
3.8119776988400e-04;       3420
3.8121711876600e-04;       3420
3.8123647962000e-04;       2831
3.8125582848400e-04;       2831
3.8127518921800e-04;       2242
3.8129453801700e-04;       2242
3.8131389883100e-04;       4743
3.8133324762200e-04;       4743
3.8135260850800e-04;       4154
3.8137195724900e-04;       4154
3.8139131802700e-04;       6655
3.8141066690900e-04;       6655
3.8143002780500e-04;       6066
3.8144615076700e-04;       6066
3.8146551162800e-04;       5477
3.8148486039000e-04;       5477
3.8150422127200e-04;        177
3.8152357008400e-04;        177
3.8154293086900e-04;       7389
3.8156227980000e-04;       7389
3.8158164053700e-04;       2089
3.8160098936700e-04;       2089
3.8162035019900e-04;       1500
3.8163969897100e-04;       1500
3.8165905968600e-04;        911
3.8167840863300e-04;        911
3.8169776954800e-04;       3412
3.8171711843500e-04;       3412
3.8173647927400e-04;       2823
3.8175582814000e-04;       2823
3.8177518906900e-04;       2234
3.8179453783600e-04;       2234
3.8181389856100e-04;       4735
3.8183324732600e-04;       4735
3.8185260809400e-04;       4146
3.8187195694900e-04;       4146
3.8189131778100e-04;      -1154
3.8191066665600e-04;      -1154
3.8193002761800e-04;       6058
3.8194615084500e-04;       6058
3.8196551162100e-04;       5469
3.8198486036700e-04;       5469
3.8200422124600e-04;       7970
3.8202357007000e-04;       7970
3.8204293091400e-04;       7381
3.8206227959100e-04;       7381
3.8208164047700e-04;       2081
3.8210098932700e-04;       2081
3.8212035010500e-04;       1492
3.8213969887100e-04;       1492
3.8215905955800e-04;        903
3.8217840834000e-04;        903
3.8219776907900e-04;       3404
3.8221711785700e-04;       3404
3.8223647871300e-04;       2815
3.8225582753300e-04;       2815
3.8227518825200e-04;       2226
3.8229453696100e-04;       2226
3.8231389792200e-04;       4727
3.8233324656000e-04;       4727
3.8235260741800e-04;       4138
3.8237195619000e-04;       4138
3.8239131700200e-04;      -1162
3.8241066590200e-04;      -1162
3.8243002675300e-04;       6050
3.8244614980800e-04;       6050
3.8246551071200e-04;       5461
3.8248485962200e-04;       5461
3.8250422049000e-04;        161
3.8252356943800e-04;        161
3.8254293030200e-04;       -428
3.8256227916800e-04;       -428
3.8258164000700e-04;       2073
3.8260098870900e-04;       2073
3.8262034963300e-04;       1484
3.8263969846500e-04;       1484
3.8265905927300e-04;        895
3.8267840797600e-04;        895
3.8269776888000e-04;       3396
3.8271711756900e-04;       3396
3.8273647834600e-04;       2807
3.8275582713800e-04;       2807
3.8277518789000e-04;       2218
3.8279453692200e-04;       2218
3.8281389782100e-04;       4719
3.8283324667200e-04;       4719
3.8285260736500e-04;       4130
3.8287195628700e-04;       4130
3.8289131716200e-04;      -1170
3.8291066605500e-04;      -1170
3.8293002691600e-04;       6042
3.8294614997100e-04;       6042
3.8296551082800e-04;       5453
3.8298485972500e-04;       5453
3.8300422057300e-04;        153
3.8302356937700e-04;        153
3.8304293007900e-04;       -436
3.8306227910900e-04;       -436
3.8308163994000e-04;       2065
3.8310098876200e-04;       2065
3.8312034963700e-04;       1476
3.8313969830000e-04;       1476
3.8315905919900e-04;        887
3.8317840793300e-04;        887
3.8319776883500e-04;       3388
3.8321711783900e-04;       3388
3.8323647850000e-04;       2799
3.8325582721300e-04;       2799
3.8327518808800e-04;       2210
3.8329453691100e-04;       2210
3.8331389786600e-04;       4711
3.8333324662400e-04;       4711
3.8335260750900e-04;       4122
3.8337195626100e-04;       4122
3.8339131720000e-04;      -1178
3.8341066612900e-04;      -1178
3.8343002709100e-04;      -1767
3.8344615019800e-04;      -1767
3.8346551101100e-04;       5445
3.8348485978700e-04;       5445
3.8350422073900e-04;        145
3.8352356959900e-04;        145
3.8354293061600e-04;       -444
3.8356227933800e-04;       -444
3.8358163996500e-04;       2057
3.8360098890700e-04;       2057
3.8362034955700e-04;       1468
3.8363969837400e-04;       1468
3.8365905924700e-04;        879
3.8367840805000e-04;        879
3.8369776883000e-04;       3380
3.8371711764500e-04;       3380
3.8373647846800e-04;       2791
3.8375582726200e-04;       2791
3.8377518828200e-04;       2202
3.8379453713600e-04;       2202
3.8381389802200e-04;       4703
3.8383324688500e-04;       4703
3.8385260766100e-04;       4114
3.8387195635300e-04;       4114
3.8389131724500e-04;      -1186
3.8391066615600e-04;      -1186
3.8393002693100e-04;       6026
3.8394615000500e-04;       6026
3.8396551073100e-04;       5437
3.8398485964700e-04;       5437
3.8400422058700e-04;        137
3.8402356952800e-04;        137
3.8404293033900e-04;       -452
3.8406227935000e-04;       -452
3.8408164027100e-04;       2049
3.8410098908700e-04;       2049
3.8412035000400e-04;       1460
3.8413969904700e-04;       1460
3.8415905987300e-04;        871
3.8417840873600e-04;        871
3.8419776955100e-04;       3372
3.8421711823700e-04;       3372
3.8423647925200e-04;       2783
3.8425582799300e-04;       2783
3.8427518893800e-04;       2194
3.8429453775000e-04;       2194
3.8431389860000e-04;       4695
3.8433324753200e-04;       4695
3.8435260833200e-04;       4106
3.8437195719500e-04;       4106
3.8439131798300e-04;       6607
3.8441066681000e-04;       6607
3.8443002768600e-04;       6018
3.8444615070300e-04;       6018
3.8446551154800e-04;       5429
3.8448486034600e-04;       5429
3.8450422120700e-04;        129
3.8452357003000e-04;        129
3.8454293079600e-04;       7341
3.8456227972300e-04;       7341
3.8458164034100e-04;       2041
3.8460098912600e-04;       2041
3.8462035011000e-04;       1452
3.8463969887200e-04;       1452
3.8465905961200e-04;        863
3.8467840857300e-04;        863
3.8469776941100e-04;       3364
3.8471711815900e-04;       3364
3.8473647895000e-04;       2775
3.8475582788000e-04;       2775
3.8477518876800e-04;       2186
3.8479453751900e-04;       2186
3.8481389831300e-04;       4687
3.8483324716500e-04;       4687
3.8485260801400e-04;       4098
3.8487195688500e-04;       4098
3.8489131778400e-04;      -1202
3.8491066672600e-04;      -1202
3.8493002744500e-04;       6010
3.8494615042400e-04;       6010
3.8496551128100e-04;       5421
3.8498486014400e-04;       5421
3.8500422097700e-04;        121
3.8502356995100e-04;        121
3.8504293084200e-04;       -468
3.8506227960800e-04;       -468
3.8508164049400e-04;      -5768
3.8510098949700e-04;      -5768
3.8512035040000e-04;       1444
3.8513969921200e-04;       1444
3.8515906006400e-04;        855
3.8517840883800e-04;        855
3.8519776969700e-04;       3356
3.8521711850500e-04;       3356
3.8523647934400e-04;       2767
3.8525582828800e-04;       2767
3.8527518923500e-04;       2178
3.8529453815800e-04;       2178
3.8531389901900e-04;       4679
3.8533324800700e-04;       4679
3.8535260895100e-04;       4090
3.8537195766900e-04;       4090
3.8539131849100e-04;      -1210
3.8541066736500e-04;      -1210
3.8543002821500e-04;       6002
3.8544615125200e-04;       6002
3.8546551213000e-04;       5413
3.8548486104300e-04;       5413
3.8550422175400e-04;        113
3.8552357074900e-04;        113
3.8554293155200e-04;       -476
3.8556228024600e-04;       -476
3.8558164106600e-04;       2025
3.8560098979100e-04;       2025
3.8562035061300e-04;       1436
3.8563969958700e-04;       1436
3.8565906047900e-04;        847
3.8567840933800e-04;        847
3.8569777022000e-04;       3348
3.8571711885000e-04;       3348
3.8573647972200e-04;       2759
3.8575582856500e-04;       2759
3.8577518946800e-04;       2170
3.8579453815700e-04;       2170
3.8581389906400e-04;       4671
3.8583324766100e-04;       4671
3.8585260861200e-04;       4082
3.8587195730100e-04;       4082
3.8589131802800e-04;      -1218
3.8591066686700e-04;      -1218
3.8593002777300e-04;       5994
3.8594615070900e-04;       5994
3.8596551139700e-04;       5405
3.8598486021700e-04;       5405
3.8600422103500e-04;        105
3.8602356986000e-04;        105
3.8604293071900e-04;       7317
3.8606227962400e-04;       7317
3.8608164041500e-04;       2017
3.8610098922500e-04;       2017
3.8612035024800e-04;       1428
3.8613969888300e-04;       1428
3.8615905984600e-04;        839
3.8617840858900e-04;        839
3.8619776939000e-04;       3340
3.8621711825100e-04;       3340
3.8623647906400e-04;       2751
3.8625582801000e-04;       2751
3.8627518881500e-04;       2162
3.8629453763400e-04;       2162
3.8631389840800e-04;       4663
3.8633324724200e-04;       4663
3.8635260809300e-04;       4074
3.8637195693000e-04;       4074
3.8639131786200e-04;      -1226
3.8641066669700e-04;      -1226
3.8643002754900e-04;       5986
3.8644615057700e-04;       5986
3.8646551146600e-04;       5397
3.8648486020700e-04;       5397
3.8650422092000e-04;         97
3.8652356973000e-04;         97
3.8654293048200e-04;       7309
3.8656227924100e-04;       7309
3.8658164012100e-04;       2009
3.8660098888800e-04;       2009
3.8662034966500e-04;       1420
3.8663969847000e-04;       1420
3.8665905920400e-04;        831
3.8667840806300e-04;        831
3.8669776890300e-04;       3332
3.8671711773500e-04;       3332
3.8673647837900e-04;       2743
3.8675582741100e-04;       2743
3.8677518803800e-04;       2154
3.8679453671100e-04;       2154
3.8681389751200e-04;       4655
3.8683324648600e-04;       4655
3.8685260718300e-04;       4066
3.8687195593800e-04;       4066
3.8689131677600e-04;      -1234
3.8691066570800e-04;      -1234
3.8693002649100e-04;      -1823
3.8694614956100e-04;      -1823
3.8696551029600e-04;       5389
3.8698485922800e-04;       5389
3.8700421995500e-04;         89
3.8702356882900e-04;         89
3.8704292957300e-04;       -500
3.8706227849600e-04;       -500
3.8708163942000e-04;       2001
3.8710098811600e-04;       2001
3.8712034893600e-04;       1412
3.8713969780700e-04;       1412
3.8715905871400e-04;        823
3.8717840754900e-04;        823
3.8719776845000e-04;       3324
3.8721711737800e-04;       3324
3.8723647826500e-04;       2735
3.8725582700500e-04;       2735
3.8727518796400e-04;       2146
3.8729453682400e-04;       2146
3.8731389781200e-04;       4647
3.8733324655500e-04;       4647
3.8735260745200e-04;       4058
3.8737195615400e-04;       4058
3.8739131710800e-04;      -1242
3.8741066596300e-04;      -1242
3.8743002683700e-04;       5970
3.8744614984000e-04;       5970
3.8746551069300e-04;       5381
3.8748485950700e-04;       5381
3.8750422025800e-04;         81
3.8752356905300e-04;         81
3.8754292982500e-04;       -508
3.8756227865600e-04;       -508
3.8758163949400e-04;      -5808
3.8760098831800e-04;      -5808
3.8762034912600e-04;       1404
3.8763969796300e-04;       1404
3.8765905871300e-04;        815
3.8767840764700e-04;        815
3.8769776841300e-04;       3316
3.8771711733100e-04;       3316
3.8773647814500e-04;       2727
3.8775582711800e-04;       2727
3.8777518792500e-04;       2138
3.8779453671900e-04;       2138
3.8781389767200e-04;       4639
3.8783324648800e-04;       4639
3.8785260722100e-04;       4050
3.8787195620200e-04;       4050
3.8789131714200e-04;      -1250
3.8791066586800e-04;      -1250
3.8793002681100e-04;       5962
3.8794614991200e-04;       5962
3.8796551063200e-04;       5373
3.8798485937900e-04;       5373
3.8800422014400e-04;         73
3.8802356911300e-04;         73
3.8804293005500e-04;       -516
3.8806227900400e-04;       -516
3.8808163977200e-04;       1985
3.8810098859300e-04;       1985
3.8812034947200e-04;       1396
3.8813969821600e-04;       1396
3.8815905901200e-04;        807
3.8817840780900e-04;        807
3.8819776853100e-04;       3308
3.8821711739000e-04;       3308
3.8823647838800e-04;       2719
3.8825582720000e-04;       2719
3.8827518794500e-04;       2130
3.8829453681100e-04;       2130
3.8831389766800e-04;       4631
3.8833324647400e-04;       4631
3.8835260740200e-04;       4042
3.8837195631100e-04;       4042
3.8839131710700e-04;      -1258
3.8841066602000e-04;      -1258
3.8843002672100e-04;       5954
3.8844614976100e-04;       5954
3.8846551059100e-04;       5365
3.8848485945300e-04;       5365
3.8850422035900e-04;         65
3.8852356901700e-04;         65
3.8854292985500e-04;       -524
3.8856227876400e-04;       -524
3.8858163954200e-04;       1977
3.8860098819400e-04;       1977
3.8862034902200e-04;       1388
3.8863969803900e-04;       1388
3.8865905892900e-04;        799
3.8867840781400e-04;        799
3.8869776868900e-04;       3300
3.8871711760800e-04;       3300
3.8873647829000e-04;       2711
3.8875582738000e-04;       2711
3.8877518813400e-04;       2122
3.8879453686000e-04;       2122
3.8881389757800e-04;       4623
3.8883324657500e-04;       4623
3.8885260748400e-04;       4034
3.8887195627400e-04;       4034
3.8889131735000e-04;      -1266
3.8891066600600e-04;      -1266
3.8893002681500e-04;       5946
3.8894614989900e-04;       5946
3.8896551081800e-04;       5357
3.8898485954600e-04;       5357
3.8900422043700e-04;         57
3.8902356917800e-04;         57
3.8904293016600e-04;       -532
3.8906227900700e-04;       -532
3.8908163967300e-04;       1969
3.8910098858500e-04;       1969
3.8912034937000e-04;       1380
3.8913969818100e-04;       1380
3.8915905890700e-04;        791
3.8917840787900e-04;        791
3.8919776877600e-04;       3292
3.8921711756600e-04;       3292
3.8923647836300e-04;       2703
3.8925582729500e-04;       2703
3.8927518828300e-04;       2114
3.8929453712300e-04;       2114
3.8931389809100e-04;       4615
3.8933324698400e-04;       4615
3.8935260784600e-04;       4026
3.8937195647800e-04;       4026
3.8939131743300e-04;      -1274
3.8941066635700e-04;      -1274
3.8943002722400e-04;       5938
3.8944615024200e-04;       5938
3.8946551115900e-04;       5349
3.8948485995000e-04;       5349
3.8950422077000e-04;         49
3.8952356967900e-04;         49
3.8954293044600e-04;       -540
3.8956227924900e-04;       -540
3.8958163999800e-04;      -5840
3.8960098876900e-04;      -5840
3.8962034955700e-04;       1372
3.8963969848800e-04;       1372
3.8965905922700e-04;        783
3.8967840791400e-04;        783
3.8969776885900e-04;       3284
3.8971711757900e-04;       3284
3.8973647841200e-04;       2695
3.8975582737500e-04;       2695
3.8977518818500e-04;       2106
3.8979453708100e-04;       2106
3.8981389810000e-04;       4607
3.8983324711900e-04;       4607
3.8985260786200e-04;       4018
3.8987195690100e-04;       4018
3.8989131767200e-04;      -1282
3.8991066640800e-04;      -1282
3.8993002734300e-04;       5930
3.8994615035500e-04;       5930
3.8996551118100e-04;       5341
3.8998486003700e-04;       5341
3.9000422081100e-04;         41
3.9002356962100e-04;         41
3.9004293049400e-04;       7253
3.9006227942800e-04;       7253
3.9008164009700e-04;       1953
3.9010098893300e-04;       1953
3.9012034974500e-04;       1364
3.9013969848100e-04;       1364
3.9015905930700e-04;        775
3.9017840784900e-04;        775
3.9019776856000e-04;       3276
3.9021711742500e-04;       3276
3.9023647826000e-04;       2687
3.9025582699500e-04;       2687
3.9027518783400e-04;       2098
3.9029453652900e-04;       2098
3.9031389744300e-04;       4599
3.9033324619800e-04;       4599
3.9035260705500e-04;       4010
3.9037195591200e-04;       4010
3.9039131683700e-04;      -1290
3.9041066569400e-04;      -1290
3.9043002642000e-04;       5922
3.9044614963300e-04;       5922
3.9046551037800e-04;       5333
3.9048485928500e-04;       5333
3.9050422007500e-04;         33
3.9052356893400e-04;         33
3.9054292979600e-04;       -556
3.9056227865600e-04;       -556
3.9058163953900e-04;       1945
3.9060098843700e-04;       1945
3.9062034932000e-04;       1356
3.9063969808800e-04;       1356
3.9065905900000e-04;        767
3.9067840771600e-04;        767
3.9069776859200e-04;       3268
3.9071711749900e-04;       3268
3.9073647819700e-04;       2679
3.9075582694800e-04;       2679
3.9077518781900e-04;       2090
3.9079453649200e-04;       2090
3.9081389736000e-04;       4591
3.9083324609100e-04;       4591
3.9085260694000e-04;       4002
3.9087195571000e-04;       4002
3.9089131653900e-04;      -1298
3.9091066521100e-04;      -1298
3.9093002605100e-04;      -1887
3.9094614892900e-04;      -1887
3.9096550996100e-04;       5325
3.9098485877000e-04;       5325
3.9100421965600e-04;         25
3.9102356853200e-04;         25
3.9104292925700e-04;       -564
3.9106227820300e-04;       -564
3.9108163893800e-04;       1937
3.9110098791100e-04;       1937
3.9112034872500e-04;       1348
3.9113969772800e-04;       1348
3.9115905858400e-04;        759
3.9117840747100e-04;        759
3.9119776822000e-04;       3260
3.9121711716400e-04;       3260
3.9123647805700e-04;       2671
3.9125582688000e-04;       2671
3.9127518764200e-04;       2082
3.9129453654700e-04;       2082
3.9131389743800e-04;       4583
3.9133324620800e-04;       4583
3.9135260693900e-04;       3994
3.9137195591100e-04;       3994
3.9139131679600e-04;      -1306
3.9141066571900e-04;      -1306
3.9143002669000e-04;       5906
3.9144614958900e-04;       5906
3.9146551035900e-04;       5317
3.9148485919900e-04;       5317
3.9150422014000e-04;         17
3.9152356889200e-04;         17
3.9154292962100e-04;       -572
3.9156227837400e-04;       -572
3.9158163916800e-04;       1929
3.9160098791400e-04;       1929
3.9162034869500e-04;       1340
3.9163969756200e-04;       1340
3.9165905849000e-04;        751
3.9167840736900e-04;        751
3.9169776811300e-04;       3252
3.9171711695800e-04;       3252
3.9173647783300e-04;       2663
3.9175582680000e-04;       2663
3.9177518758400e-04;       2074
3.9179453642400e-04;       2074
3.9181389719100e-04;       4575
3.9183324601900e-04;       4575
3.9185260685200e-04;       3986
3.9187195564200e-04;       3986
3.9189131651700e-04;      -1314
3.9191066538600e-04;      -1314
3.9193002633000e-04;      -1903
3.9194614942800e-04;      -1903
3.9196551020400e-04;       5309
3.9198485901900e-04;       5309
3.9200421991000e-04;          9
3.9202356863100e-04;          9
3.9204292953400e-04;       -580
3.9206227848000e-04;       -580
3.9208163923000e-04;       1921
3.9210098825700e-04;       1921
3.9212034908700e-04;       1332
3.9213969786900e-04;       1332
3.9215905881500e-04;        743
3.9217840760000e-04;        743
3.9219776853100e-04;       3244
3.9221711732400e-04;       3244
3.9223647826500e-04;       2655
3.9225582707500e-04;       2655
3.9227518774400e-04;       2066
3.9229453665000e-04;       2066
3.9231389749300e-04;       4567
3.9233324626300e-04;       4567
3.9235260699500e-04;       3978
3.9237195587500e-04;       3978
3.9239131675400e-04;      -1322
3.9241066555300e-04;      -1322
3.9243002632700e-04;      -1911
3.9244614927700e-04;      -1911
3.9246551000000e-04;       5301
3.9248485875700e-04;       5301
3.9250421970200e-04;          1
3.9252356838000e-04;          1
3.9254292932900e-04;       -588
3.9256227830400e-04;       -588
3.9258163909600e-04;       1913
3.9260098791800e-04;       1913
3.9262034877300e-04;       1324
3.9263969764600e-04;       1324
3.9265905854500e-04;        735
3.9267840739400e-04;        735
3.9269776830700e-04;       3236
3.9271711716300e-04;       3236
3.9273647785300e-04;       2647
3.9275582683000e-04;       2647
3.9277518758600e-04;       2058
3.9279453654700e-04;       2058
3.9281389740900e-04;       4559
3.9283324626500e-04;       4559
3.9285260709100e-04;       3970
3.9287195595100e-04;       3970
3.9289131681700e-04;      -1330
3.9291066571200e-04;      -1330
3.9293002650500e-04;       5882
3.9294614954700e-04;       5882
3.9296551030300e-04;       5293
3.9298485923000e-04;       5293
3.9300422003200e-04;         -7
3.9302356879200e-04;         -7
3.9304292954000e-04;       -596
3.9306227845300e-04;       -596
3.9308163933500e-04;      -5896
3.9310098829300e-04;      -5896
3.9312034937500e-04;       1316
3.9313969848900e-04;       1316
3.9315905909600e-04;        727
3.9317840801700e-04;        727
3.9319776874700e-04;       3228
3.9321711762100e-04;       3228
3.9323647846300e-04;       2639
3.9325582733900e-04;       2639
3.9327518825800e-04;       2050
3.9329453694300e-04;       2050
3.9331389785500e-04;       4551
3.9333324671600e-04;       4551
3.9335260753300e-04;       3962
3.9337195634900e-04;       3962
3.9339131736700e-04;      -1338
3.9341066614300e-04;      -1338
3.9343002690200e-04;       5874
3.9344614993300e-04;       5874
3.9346551078800e-04;       5285
3.9348485962200e-04;       5285
3.9350422051000e-04;        -15
3.9352356932700e-04;        -15
3.9354293025600e-04;       -604
3.9356227928200e-04;       -604
3.9358164015800e-04;       1897
3.9360098901100e-04;       1897
3.9362034989800e-04;       1308
3.9363969863700e-04;       1308
3.9365905942300e-04;        719
3.9367840849500e-04;        719
3.9369776926800e-04;       3220
3.9371711799800e-04;       3220
3.9373647888500e-04;       2631
3.9375582762700e-04;       2631
3.9377518848100e-04;       2042
3.9379453738300e-04;       2042
3.9381389822100e-04;       4543
3.9383324712900e-04;       4543
3.9385260791700e-04;       3954
3.9387195667600e-04;       3954
3.9389131742600e-04;      -1346
3.9391066627600e-04;      -1346
3.9393002716200e-04;       5866
3.9394615030500e-04;       5866
3.9396551116500e-04;       5277
3.9398485995200e-04;       5277
3.9400422082300e-04;        -23
3.9402356972700e-04;        -23
3.9404293053000e-04;       7189
3.9406227922400e-04;       7189
3.9408164018200e-04;       1889
3.9410098911100e-04;       1889
3.9412034991400e-04;       1300
3.9413969871100e-04;       1300
3.9415905954900e-04;        711
3.9417840834000e-04;        711
3.9419776930100e-04;       3212
3.9421711816700e-04;       3212
3.9423647907700e-04;       2623
3.9425582775800e-04;       2623
3.9427518857800e-04;       2034
3.9429453749100e-04;       2034
3.9431389835500e-04;       4535
3.9433324721600e-04;       4535
3.9435260800600e-04;       3946
3.9437195683400e-04;       3946
3.9439131766100e-04;      -1354
3.9441066643400e-04;      -1354
3.9443002731800e-04;       5858
3.9444615047500e-04;       5858
3.9446551131600e-04;       5269
3.9448486003600e-04;       5269
3.9450422081300e-04;        -31
3.9452356966800e-04;        -31
3.9454293054800e-04;       -620
3.9456227931200e-04;       -620
3.9458164003800e-04;       1881
3.9460098892000e-04;       1881
3.9462034975300e-04;       1292
3.9463969845400e-04;       1292
3.9465905905500e-04;        703
3.9467840790500e-04;        703
3.9469776878000e-04;       3204
3.9471711771700e-04;       3204
3.9473647850200e-04;       2615
3.9475582754100e-04;       2615
3.9477518850500e-04;       2026
3.9479453723100e-04;       2026
3.9481389800100e-04;       4527
3.9483324668100e-04;       4527
3.9485260769300e-04;       3938
3.9487195649900e-04;       3938
3.9489131725000e-04;      -1362
3.9491066621700e-04;      -1362
3.9493002699700e-04;       5850
3.9494614993900e-04;       5850
3.9496551084000e-04;       5261
3.9498485972900e-04;       5261
3.9500422056000e-04;        -39
3.9502356932300e-04;        -39
3.9504293013200e-04;       7173
3.9506227900800e-04;       7173
3.9508163995800e-04;       1873
3.9510098877000e-04;       1873
3.9512034964800e-04;       1284
3.9513969853200e-04;       1284
3.9515905957900e-04;        695
3.9517840849500e-04;        695
3.9519776940600e-04;       3196
3.9521711821600e-04;       3196
3.9523647898100e-04;       2607
3.9525582788500e-04;       2607
3.9527518876600e-04;       2018
3.9529453761000e-04;       2018
3.9531389837900e-04;       4519
3.9533324733600e-04;       4519
3.9535260845800e-04;       3930
3.9537195728700e-04;       3930
3.9539131796000e-04;       6431
3.9541066672000e-04;       6431
3.9543002751900e-04;       5842
3.9544615076500e-04;       5842
3.9546551176600e-04;       5253
3.9548486052800e-04;       5253
3.9550422131800e-04;        -47
3.9552357018000e-04;        -47
3.9554293091600e-04;       -636
3.9556227994500e-04;       -636
3.9558164087900e-04;       1865
3.9560098959400e-04;       1865
3.9562035042000e-04;       1276
3.9563969929400e-04;       1276
3.9565906002000e-04;        687
3.9567840891600e-04;        687
3.9569776967300e-04;       3188
3.9571711861000e-04;       3188
3.9573647922700e-04;       2599
3.9575582815600e-04;       2599
3.9577518891700e-04;       2010
3.9579453789200e-04;       2010
3.9581389866100e-04;       4511
3.9583324771300e-04;       4511
3.9585260833200e-04;       3922
3.9587195724500e-04;       3922
3.9589131804600e-04;      -1378
3.9591066698600e-04;      -1378
3.9593002782600e-04;       5834
3.9594615077800e-04;       5834
3.9596551158300e-04;       5245
3.9598486038800e-04;       5245
3.9600422143800e-04;        -55
3.9602357022700e-04;        -55
3.9604293092000e-04;       -644
3.9606227981100e-04;       -644
3.9608164051000e-04;       1857
3.9610098927800e-04;       1857
3.9612035019600e-04;       1268
3.9613969889400e-04;       1268
3.9615905976600e-04;        679
3.9617840852300e-04;        679
3.9619776938700e-04;       3180
3.9621711812000e-04;       3180
3.9623647898600e-04;       2591
3.9625582781400e-04;       2591
3.9627518882100e-04;       2002
3.9629453762300e-04;       2002
3.9631389847400e-04;       4503
3.9633324727700e-04;       4503
3.9635260814900e-04;       3914
3.9637195710300e-04;       3914
3.9639131791100e-04;      -1386
3.9641066671500e-04;      -1386
3.9643002744500e-04;       5826
3.9644615044500e-04;       5826
3.9646551138500e-04;       5237
3.9648486038500e-04;       5237
3.9650422107900e-04;        -63
3.9652356971600e-04;        -63
3.9654293060000e-04;       7149
3.9656227945400e-04;       7149
3.9658164028800e-04;       1849
3.9660098896600e-04;       1849
3.9662034990100e-04;       1260
3.9663969860800e-04;       1260
3.9665905952900e-04;        671
3.9667840828700e-04;        671
3.9669776911300e-04;       3172
3.9671711782100e-04;       3172
3.9673647870400e-04;       2583
3.9675582745800e-04;       2583
3.9677518843700e-04;       1994
3.9679453719700e-04;       1994
3.9681389818100e-04;       4495
3.9683324713000e-04;       4495
3.9685260805700e-04;       3906
3.9687195690200e-04;       3906
3.9689131780600e-04;      -1394
3.9691066669700e-04;      -1394
3.9693002741700e-04;       5818
3.9694615042000e-04;       5818
3.9696551117200e-04;       5229
3.9698486006200e-04;       5229
3.9700422070200e-04;        -71
3.9702356960000e-04;        -71
3.9704293021400e-04;       -660
3.9706227908500e-04;       -660
3.9708163992500e-04;       1841
3.9710098885500e-04;       1841
3.9712034966400e-04;       1252
3.9713969865300e-04;       1252
3.9715905961000e-04;        663
3.9717840854100e-04;        663
3.9719776927200e-04;       3164
3.9721711807900e-04;       3164
3.9723647901100e-04;       2575
3.9725582783200e-04;       2575
3.9727518852200e-04;       1986
3.9729453734200e-04;       1986
3.9731389819600e-04;       4487
3.9733324704800e-04;       4487
3.9735260795000e-04;       3898
3.9737195682100e-04;       3898
3.9739131772500e-04;      -1402
3.9741066655400e-04;      -1402
3.9743002736200e-04;       5810
3.9744615046200e-04;       5810
3.9746551126300e-04;       5221
3.9748486003300e-04;       5221
3.9750422107600e-04;        -79
3.9752356994000e-04;        -79
3.9754293066500e-04;       7133
3.9756227962000e-04;       7133
3.9758164031600e-04;       1833
3.9760098930600e-04;       1833
3.9762035006600e-04;       1244
3.9763969882300e-04;       1244
3.9765905966400e-04;        655
3.9767840847800e-04;        655
3.9769776921000e-04;       3156
3.9771711811500e-04;       3156
3.9773647899600e-04;       2567
3.9775582784800e-04;       2567
3.9777518882100e-04;       1978
3.9779453761500e-04;       1978
3.9781389841400e-04;       4479
3.9783324722000e-04;       4479
3.9785260818900e-04;       3890
3.9787195687600e-04;       3890
3.9789131773300e-04;      -1410
3.9791066663600e-04;      -1410
3.9793002731100e-04;       5802
3.9794615031700e-04;       5802
3.9796551119800e-04;       5213
3.9798486001700e-04;       5213
3.9800422084100e-04;        -87
3.9802356970600e-04;        -87
3.9804293051300e-04;       7125
3.9806227929500e-04;       7125
3.9808164012900e-04;       1825
3.9810098901500e-04;       1825
3.9812034968600e-04;       1236
3.9813969854100e-04;       1236
3.9815905947400e-04;        647
3.9817840838800e-04;        647
3.9819776919700e-04;       3148
3.9821711809200e-04;       3148
3.9823647902400e-04;       2559
3.9825582766000e-04;       2559
3.9827518856200e-04;       1970
3.9829453725800e-04;       1970
3.9831389809800e-04;       4471
3.9833324688600e-04;       4471
3.9835260771300e-04;       3882
3.9837195656300e-04;       3882
3.9839131733600e-04;      -1418
3.9841066615300e-04;      -1418
3.9843002700400e-04;       5794
3.9844614992300e-04;       5794
3.9846551063800e-04;       5205
3.9848485947500e-04;       5205
3.9850422024800e-04;        -95
3.9852356915500e-04;        -95
3.9854292996400e-04;       -684
3.9856227878700e-04;       -684
3.9858163963300e-04;      -5984
3.9860098862600e-04;      -5984
3.9862034948100e-04;       1228
3.9863969834100e-04;       1228
3.9865905924000e-04;        639
3.9867840805300e-04;        639
3.9869776910400e-04;       3140
3.9871711788400e-04;       3140
3.9873647854900e-04;       2551
3.9875582747200e-04;       2551
3.9877518830600e-04;       1962
3.9879453739300e-04;       1962
3.9881389818800e-04;       4463
3.9883324721500e-04;       4463
3.9885260796500e-04;       3874
3.9887195672300e-04;       3874
3.9889131756600e-04;      -1426
3.9891066638600e-04;      -1426
3.9893002731900e-04;       5786
3.9894615033500e-04;       5786
3.9896551113800e-04;       5197
3.9898485999500e-04;       5197
3.9900422087400e-04;       -103
3.9902356963000e-04;       -103
3.9904293037300e-04;       7109
3.9906227910300e-04;       7109
3.9908163984400e-04;       1809
3.9910098866800e-04;       1809
3.9912034955100e-04;       1220
3.9913969849800e-04;       1220
3.9915905943200e-04;        631
3.9917840827600e-04;        631
3.9919776928700e-04;       3132
3.9921711812000e-04;       3132
3.9923647891100e-04;       2543
3.9925582772900e-04;       2543
3.9927518850400e-04;       1954
3.9929453721200e-04;       1954
3.9931389819900e-04;       4455
3.9933324694100e-04;       4455
3.9935260761600e-04;       3866
3.9937195636300e-04;       3866
3.9939131723200e-04;      -1434
3.9941066591100e-04;      -1434
3.9943002700100e-04;       5778
3.9944614989900e-04;       5778
3.9946551095400e-04;       5189
3.9948485956500e-04;       5189
3.9950422038200e-04;       -111
3.9952356914900e-04;       -111
3.9954293011400e-04;       -700
3.9956227895300e-04;       -700
3.9958163961900e-04;       1801
3.9960098837600e-04;       1801
3.9962034931700e-04;       1212
3.9963969808900e-04;       1212
3.9965905905500e-04;        623
3.9967840792800e-04;        623
3.9969776865600e-04;       3124
3.9971711742000e-04;       3124
3.9973647831400e-04;       2535
3.9975582710800e-04;       2535
3.9977518785600e-04;       1946
3.9979453674300e-04;       1946
3.9981389758500e-04;       4447
3.9983324632800e-04;       4447
3.9985260725900e-04;       3858
3.9987195610800e-04;       3858
3.9989131680000e-04;      -1442
3.9991066586200e-04;      -1442
3.9993002656300e-04;      -2031
3.9994614966900e-04;      -2031
3.9996551035000e-04;       5181
3.9998485915500e-04;       5181
4.0000422011400e-04;       -119
4.0002356884800e-04;       -119
4.0004292990000e-04;       7093
4.0006227861200e-04;       7093
4.0008163958000e-04;       1793
4.0010098851000e-04;       1793
4.0012034931600e-04;       1204
4.0013969815400e-04;       1204
4.0015905890200e-04;        615
4.0017840786600e-04;        615
4.0019776885400e-04;       3116
4.0021711767300e-04;       3116
4.0023647862200e-04;       2527
4.0025582752700e-04;       2527
4.0027518833100e-04;       1938
4.0029453696500e-04;       1938
4.0031389794700e-04;      -3362
4.0033324664800e-04;      -3362
4.0035260745000e-04;       3850
4.0037195637900e-04;       3850
4.0039131721900e-04;      -1450
4.0041066607000e-04;      -1450
4.0043002695100e-04;       5762
4.0044614988000e-04;       5762
4.0046551064300e-04;       5173
4.0048485946700e-04;       5173
4.0050422035400e-04;       -127
4.0052356937100e-04;       -127
4.0054293012600e-04;       -716
4.0056227890100e-04;       -716
4.0058163978800e-04;       1785
4.0060098857600e-04;       1785
4.0062034949200e-04;       1196
4.0063969819800e-04;       1196
4.0065905902900e-04;        607
4.0067840797300e-04;        607
4.0069776874400e-04;       3108
4.0071711754200e-04;       3108
4.0073647836100e-04;       2519
4.0075582730400e-04;       2519
4.0077518819800e-04;       1930
4.0079453707300e-04;       1930
4.0081389791700e-04;       4431
4.0083324676800e-04;       4431
4.0085260763700e-04;       3842
4.0087195662800e-04;       3842
4.0089131734200e-04;       6343
4.0091066631000e-04;       6343
4.0093002696900e-04;       5754
4.0094614996400e-04;       5754
4.0096551085600e-04;       5165
4.0098485962300e-04;       5165
4.0100422049600e-04;       -135
4.0102356924400e-04;       -135
4.0104293009600e-04;       7077
4.0106227892300e-04;       7077
4.0108163966600e-04;       1777
4.0110098847200e-04;       1777
4.0112034939200e-04;       1188
4.0113969816400e-04;       1188
4.0115905894500e-04;        599
4.0117840762900e-04;        599
4.0119776845300e-04;       3100
4.0121711711400e-04;       3100
4.0123647802800e-04;       2511
4.0125582684700e-04;       2511
4.0127518766700e-04;       1922
4.0129453642600e-04;       1922
4.0131389719600e-04;      -3378
4.0133324613100e-04;      -3378
4.0135260695400e-04;      -3967
4.0137195593700e-04;      -3967
4.0139131694600e-04;      -1466
4.0141066560900e-04;      -1466
4.0143002651200e-04;      -2055
4.0144614962600e-04;      -2055
4.0146551038900e-04;       5157
4.0148485935900e-04;       5157
4.0150422016200e-04;       -143
4.0152356895700e-04;       -143
4.0154292990000e-04;       -732
4.0156227862000e-04;       -732
4.0158163936500e-04;       1769
4.0160098820600e-04;       1769
4.0162034902600e-04;       1180
4.0163969777000e-04;       1180
4.0165905871500e-04;        591
4.0167840763500e-04;        591
4.0169776836900e-04;       3092
4.0171711733000e-04;       3092
4.0173647815500e-04;       2503
4.0175582715900e-04;       2503
4.0177518801400e-04;       1914
4.0179453680600e-04;       1914
4.0181389770400e-04;       4415
4.0183324654600e-04;       4415
4.0185260733900e-04;       3826
4.0187195624300e-04;       3826
4.0189131704100e-04;      -1474
4.0191066576500e-04;      -1474
4.0193002680200e-04;       5738
4.0194614962200e-04;       5738
4.0196551052800e-04;       5149
4.0198485935200e-04;       5149
4.0200422033200e-04;       -151
4.0202356910900e-04;       -151
4.0204293000600e-04;       7061
4.0206227874300e-04;       7061
4.0208163956000e-04;       1761
4.0210098838000e-04;       1761
4.0212034914500e-04;       1172
4.0213969784400e-04;       1172
4.0215905859400e-04;        583
4.0217840747100e-04;        583
4.0219776848100e-04;       3084
4.0221711739200e-04;       3084
4.0223647835300e-04;       2495
4.0225582708000e-04;       2495
4.0227518787800e-04;       1906
4.0229453677900e-04;       1906
4.0231389766500e-04;       4407
4.0233324641200e-04;       4407
4.0235260718200e-04;       3818
4.0237195582900e-04;       3818
4.0239131667900e-04;      -1482
4.0241066558500e-04;      -1482
4.0243002644600e-04;      -2071
4.0244614962300e-04;      -2071
4.0246551039400e-04;       5141
4.0248485915900e-04;       5141
4.0250422018500e-04;       -159
4.0252356918400e-04;       -159
4.0254292986100e-04;       -748
4.0256227873000e-04;       -748
4.0258163956700e-04;       1753
4.0260098850900e-04;       1753
4.0262034953500e-04;       1164
4.0263969844700e-04;       1164
4.0265905924000e-04;        575
4.0267840814300e-04;        575
4.0269776898200e-04;       3076
4.0271711791600e-04;       3076
4.0273647863200e-04;       2487
4.0275582751300e-04;       2487
4.0277518840000e-04;       1898
4.0279453718300e-04;       1898
4.0281389806900e-04;       4399
4.0283324691400e-04;       4399
4.0285260774000e-04;       3810
4.0287195651800e-04;       3810
4.0289131730700e-04;       6311
4.0291066619300e-04;       6311
4.0293002714000e-04;       5722
4.0294615018800e-04;       5722
4.0296551104300e-04;       5133
4.0298485990900e-04;       5133
4.0300422068200e-04;       -167
4.0302356957100e-04;       -167
4.0304293057700e-04;       -756
4.0306227942400e-04;       -756
4.0308164026700e-04;       1745
4.0310098909300e-04;       1745
4.0312035002700e-04;       1156
4.0313969887300e-04;       1156
4.0315905970000e-04;        567
4.0317840860800e-04;        567
4.0319776949600e-04;       3068
4.0321711823700e-04;       3068
4.0323647895800e-04;       2479
4.0325582785600e-04;       2479
4.0327518875300e-04;       1890
4.0329453763900e-04;       1890
4.0331389848200e-04;       4391
4.0333324736800e-04;       4391
4.0335260819800e-04;       3802
4.0337195698900e-04;       3802
4.0339131783400e-04;      -1498
4.0341066667200e-04;      -1498
4.0343002763400e-04;       5714
4.0344615070500e-04;       5714
4.0346551148100e-04;       5125
4.0348486039500e-04;       5125
4.0350422127500e-04;       -175
4.0352357002600e-04;       -175
4.0354293105300e-04;       7037
4.0356227983500e-04;       7037
4.0358164064000e-04;       1737
4.0360098949700e-04;       1737
4.0362035015800e-04;       1148
4.0363969912600e-04;       1148
4.0365905988900e-04;        559
4.0367840883700e-04;        559
4.0369776968400e-04;       3060
4.0371711847100e-04;       3060
4.0373647925500e-04;       2471
4.0375582812600e-04;       2471
4.0377518904700e-04;       1882
4.0379453797000e-04;       1882
4.0381389865400e-04;       4383
4.0383324728700e-04;       4383
4.0385260813000e-04;       3794
4.0387195690600e-04;       3794
4.0389131778800e-04;      -1506
4.0391066647500e-04;      -1506
4.0393002733600e-04;       5706
4.0394615026400e-04;       5706
4.0396551106000e-04;       5117
4.0398485989200e-04;       5117
4.0400422073600e-04;       -183
4.0402356963800e-04;       -183
4.0404293032800e-04;       7029
4.0406227924100e-04;       7029
4.0408163989800e-04;       1729
4.0410098876600e-04;       1729
4.0412034970700e-04;       1140
4.0413969846700e-04;       1140
4.0415905931400e-04;        551
4.0417840820200e-04;        551
4.0419776898800e-04;       3052
4.0421711784400e-04;       3052
4.0423647862800e-04;       2463
4.0425582724900e-04;       2463
4.0427518818400e-04;       1874
4.0429453706800e-04;       1874
4.0431389782400e-04;       4375
4.0433324660000e-04;       4375
4.0435260751100e-04;       3786
4.0437195632400e-04;       3786
4.0439131717000e-04;      -1514
4.0441066596800e-04;      -1514
4.0443002672400e-04;      -2103
4.0444614982600e-04;      -2103
4.0446551073300e-04;       5109
4.0448485962300e-04;       5109
4.0450422044500e-04;       -191
4.0452356927500e-04;       -191
4.0454292995100e-04;       7021
4.0456227875700e-04;       7021
4.0458163955900e-04;       1721
4.0460098833100e-04;       1721
4.0462034921500e-04;       1132
4.0463969807500e-04;       1132
4.0465905883600e-04;        543
4.0467840773200e-04;        543
4.0469776862000e-04;       3044
4.0471711734000e-04;       3044
4.0473647825400e-04;       2455
4.0475582721300e-04;       2455
4.0477518800400e-04;       1866
4.0479453654700e-04;       1866
4.0481389756100e-04;       4367
4.0483324648200e-04;       4367
4.0485260724500e-04;       3778
4.0487195621500e-04;       3778
4.0489131697000e-04;      -1522
4.0491066572600e-04;      -1522
4.0493002666400e-04;      -2111
4.0494614982800e-04;      -2111
4.0496551067700e-04;       5101
4.0498485937500e-04;       5101
4.0500422022900e-04;       -199
4.0502356908300e-04;       -199
4.0504292987500e-04;       7013
4.0506227874700e-04;       7013
4.0508163942300e-04;       1713
4.0510098819500e-04;       1713
4.0512034898100e-04;       1124
4.0513969782300e-04;       1124
4.0515905876600e-04;        535
4.0517840759000e-04;        535
4.0519776839600e-04;       3036
4.0521711728200e-04;       3036
4.0523647815300e-04;       2447
4.0525582697700e-04;       2447
4.0527518760600e-04;       1858
4.0529453641400e-04;       1858
4.0531389727100e-04;       4359
4.0533324602600e-04;       4359
4.0535260691600e-04;       3770
4.0537195575900e-04;       3770
4.0539131672200e-04;      -1530
4.0541066551100e-04;      -1530
4.0543002642400e-04;      -2119
4.0544614943400e-04;      -2119
4.0546551028200e-04;       5093
4.0548485912700e-04;       5093
4.0550422006900e-04;       -207
4.0552356885600e-04;       -207
4.0554292973300e-04;       -796
4.0556227844000e-04;       -796
4.0558163937400e-04;       1705
4.0560098821900e-04;       1705
4.0562034898700e-04;       1116
4.0563969797200e-04;       1116
4.0565905887800e-04;        527
4.0567840786300e-04;        527
4.0569776850200e-04;       3028
4.0571711738300e-04;       3028
4.0573647829400e-04;       2439
4.0575582721800e-04;       2439
4.0577518813900e-04;       1850
4.0579453704100e-04;       1850
4.0581389804800e-04;       4351
4.0583324684100e-04;       4351
4.0585260766800e-04;       3762
4.0587195641700e-04;       3762
4.0589131723900e-04;      -1538
4.0591066614700e-04;      -1538
4.0593002694700e-04;       5674
4.0594614996300e-04;       5674
4.0596551073300e-04;       5085
4.0598485937800e-04;       5085
4.0600422036700e-04;       -215
4.0602356922900e-04;       -215
4.0604293011600e-04;       -804
4.0606227896700e-04;       -804
4.0608163989200e-04;       1697
4.0610098873900e-04;       1697
4.0612034954400e-04;       1108
4.0613969840100e-04;       1108
4.0615905917200e-04;        519
4.0617840804900e-04;        519
4.0619776879500e-04;       3020
4.0621711780100e-04;       3020
4.0623647843800e-04;       2431
4.0625582738500e-04;       2431
4.0627518826800e-04;       1842
4.0629453713800e-04;       1842
4.0631389783900e-04;       4343
4.0633324668700e-04;       4343
4.0635260752600e-04;       3754
4.0637195632300e-04;       3754
4.0639131721600e-04;      -1546
4.0641066599000e-04;      -1546
4.0643002679700e-04;       5666
4.0644614975000e-04;       5666
4.0646551048500e-04;       5077
4.0648485923700e-04;       5077
4.0650422017200e-04;       -223
4.0652356893200e-04;       -223
4.0654292987500e-04;       -812
4.0656227858600e-04;       -812
4.0658163947500e-04;       1689
4.0660098845300e-04;       1689
4.0662034937700e-04;       1100
4.0663969807800e-04;       1100
4.0665905905100e-04;        511
4.0667840795100e-04;        511
4.0669776876800e-04;       3012
4.0671711762900e-04;       3012
4.0673647841900e-04;       2423
4.0675582727900e-04;       2423
4.0677518804000e-04;       1834
4.0679453694300e-04;       1834
4.0681389775900e-04;       4335
4.0683324661800e-04;       4335
4.0685260744200e-04;       3746
4.0687195646900e-04;       3746
4.0689131720100e-04;      -1554
4.0691066609700e-04;      -1554
4.0693002675900e-04;       5658
4.0694614988500e-04;       5658
4.0696551070900e-04;       5069
4.0698485964800e-04;       5069
4.0700422047600e-04;       -231
4.0702356925400e-04;       -231
4.0704293002000e-04;       -820
4.0706227887500e-04;       -820
4.0708163972800e-04;       1681
4.0710098848700e-04;       1681
4.0712034940000e-04;       1092
4.0713969818400e-04;       1092
4.0715905906000e-04;        503
4.0717840798400e-04;        503
4.0719776883400e-04;       3004
4.0721711765600e-04;       3004
4.0723647860200e-04;       2415
4.0725582748000e-04;       2415
4.0727518845400e-04;       1826
4.0729453726300e-04;       1826
4.0731389804100e-04;       4327
4.0733324689000e-04;       4327
4.0735260765700e-04;       3738
4.0737195649300e-04;       3738
4.0739131745400e-04;      -1562
4.0741066620700e-04;      -1562
4.0743002712400e-04;       5650
4.0744615026200e-04;       5650
4.0746551095100e-04;       5061
4.0748485978700e-04;       5061
4.0750422071000e-04;       -239
4.0752356953200e-04;       -239
4.0754293021700e-04;       -828
4.0756227914300e-04;       -828
4.0758163986900e-04;       1673
4.0760098882800e-04;       1673
4.0762034963000e-04;       1084
4.0763969834200e-04;       1084
4.0765905907800e-04;        495
4.0767840799500e-04;        495
4.0769776882300e-04;       2996
4.0771711750900e-04;       2996
4.0773647839300e-04;       2407
4.0775582736200e-04;       2407
4.0777518805300e-04;       1818
4.0779453683800e-04;       1818
4.0781389767200e-04;      -3482
4.0783324652200e-04;      -3482
4.0785260723400e-04;       3730
4.0787195610800e-04;       3730
4.0789131697000e-04;      -1570
4.0791066595200e-04;      -1570
4.0793002690400e-04;      -2159
4.0794615003800e-04;      -2159
4.0796551101900e-04;       5053
4.0798485982100e-04;       5053
4.0800422065700e-04;       -247
4.0802356951100e-04;       -247
4.0804293038700e-04;       6965
4.0806227936100e-04;       6965
4.0808164032200e-04;       1665
4.0810098914600e-04;       1665
4.0812035006800e-04;       1076
4.0813969896700e-04;       1076
4.0815905967300e-04;        487
4.0817840857500e-04;        487
4.0819776941700e-04;       2988
4.0821711824500e-04;       2988
4.0823647905500e-04;       2399
4.0825582787000e-04;       2399
4.0827518861400e-04;       1810
4.0829453739400e-04;       1810
4.0831389832500e-04;       4311
4.0833324706900e-04;       4311
4.0835260794700e-04;       3722
4.0837195676500e-04;       3722
4.0839131766400e-04;      -1578
4.0841066665900e-04;      -1578
4.0843002741200e-04;       5634
4.0844615050700e-04;       5634
4.0846551128200e-04;       5045
4.0848486005200e-04;       5045
4.0850422092100e-04;       -255
4.0852356974200e-04;       -255
4.0854293052200e-04;       6957
4.0856227940200e-04;       6957
4.0858164031900e-04;       1657
4.0860098915600e-04;       1657
4.0862035005200e-04;       1068
4.0863969901900e-04;       1068
4.0865905976500e-04;        479
4.0867840880000e-04;        479
4.0869776958300e-04;       2980
4.0871711844400e-04;       2980
4.0873647934000e-04;       2391
4.0875582806900e-04;       2391
4.0877518891600e-04;       1802
4.0879453771900e-04;       1802
4.0881389868100e-04;       4303
4.0883324746700e-04;       4303
4.0885260838700e-04;       3714
4.0887195736400e-04;       3714
4.0889131822800e-04;       6215
4.0891066709600e-04;       6215
4.0893002796400e-04;       5626
4.0894615089700e-04;       5626
4.0896551161500e-04;       5037
4.0898486057500e-04;       5037
4.0900422151500e-04;       -263
4.0902357041200e-04;       -263
4.0904293097100e-04;       6949
4.0906227981400e-04;       6949
4.0908164081200e-04;       1649
4.0910098961000e-04;       1649
4.0912035039700e-04;       1060
4.0913969901100e-04;       1060
4.0915905992000e-04;        471
4.0917840860700e-04;        471
4.0919776923300e-04;       2972
4.0921711816600e-04;       2972
4.0923647914800e-04;       2383
4.0925582794600e-04;       2383
4.0927518888800e-04;       1794
4.0929453761400e-04;       1794
4.0931389848400e-04;       4295
4.0933324727600e-04;       4295
4.0935260821200e-04;       3706
4.0937195701500e-04;       3706
4.0939131809500e-04;      -1594
4.0941066689400e-04;      -1594
4.0943002772700e-04;       5618
4.0944615068700e-04;       5618
4.0946551146500e-04;       5029
4.0948486042500e-04;       5029
4.0950422120100e-04;       -271
4.0952356989700e-04;       -271
4.0954293092900e-04;       -860
4.0956227980500e-04;       -860
4.0958164061200e-04;       1641
4.0960098930200e-04;       1641
4.0962035020400e-04;       1052
4.0963969899200e-04;       1052
4.0965905998000e-04;        463
4.0967840868000e-04;        463
4.0969776964200e-04;       2964
4.0971711848700e-04;       2964
4.0973647948700e-04;       2375
4.0975582825200e-04;       2375
4.0977518909200e-04;       1786
4.0979453804800e-04;       1786
4.0981389866000e-04;       4287
4.0983324759100e-04;       4287
4.0985260831600e-04;       3698
4.0987195713600e-04;       3698
4.0989131799100e-04;      -1602
4.0991066685600e-04;      -1602
4.0993002779900e-04;       5610
4.0994615082300e-04;       5610
4.0996551173600e-04;       5021
4.0998486070000e-04;       5021
4.1000422160400e-04;       -279
4.1002357044100e-04;       -279
4.1004293128900e-04;       6933
4.1006228009300e-04;       6933
4.1008164070500e-04;       1633
4.1010098964300e-04;       1633
4.1012035047200e-04;       1044
4.1013969947300e-04;       1044
4.1015906048200e-04;        455
4.1017840932700e-04;        455
4.1019777015100e-04;       2956
4.1021711900500e-04;       2956
4.1023647986100e-04;       2367
4.1025582880000e-04;       2367
4.1027518954300e-04;       1778
4.1029453845500e-04;       1778
4.1031389929000e-04;       4279
4.1033324821200e-04;       4279
4.1035260893300e-04;       3690
4.1037195781300e-04;       3690
4.1039131867100e-04;      -1610
4.1041066752200e-04;      -1610
4.1043002837300e-04;       5602
4.1044615146400e-04;       5602
4.1046551246900e-04;       5013
4.1048486129700e-04;       5013
4.1050422209800e-04;       -287
4.1052357092000e-04;       -287
4.1054293196500e-04;       6925
4.1056228077100e-04;       6925
4.1058164156400e-04;       1625
4.1060099040700e-04;       1625
4.1062035123200e-04;       1036
4.1063970010600e-04;       1036
4.1065906111700e-04;        447
4.1067841004500e-04;        447
4.1069777068800e-04;       2948
4.1071711943100e-04;       2948
4.1073648021900e-04;       2359
4.1075582897700e-04;       2359
4.1077518977300e-04;       1770
4.1079453864900e-04;       1770
4.1081389945800e-04;       4271
4.1083324821100e-04;       4271
4.1085260908100e-04;       3682
4.1087195782000e-04;       3682
4.1089131860900e-04;      -1618
4.1091066746500e-04;      -1618
4.1093002832900e-04;       5594
4.1094615135200e-04;       5594
4.1096551226900e-04;       5005
4.1098486102600e-04;       5005
4.1100422180900e-04;       -295
4.1102357068500e-04;       -295
4.1104293158400e-04;       6917
4.1106228036400e-04;       6917
4.1108164125400e-04;       1617
4.1110099001400e-04;       1617
4.1112035088300e-04;       1028
4.1113969979200e-04;       1028
4.1115906058300e-04;        439
4.1117840942800e-04;        439
4.1119777047700e-04;       2940
4.1121711929000e-04;       2940
4.1123648015700e-04;       2351
4.1125582900500e-04;       2351
4.1127518997100e-04;       1762
4.1129453883100e-04;       1762
4.1131389940700e-04;       4263
4.1133324844300e-04;       4263
4.1135260937900e-04;       3674
4.1137195819700e-04;       3674
4.1139131910400e-04;       6175
4.1141066800000e-04;       6175
4.1143002893100e-04;       5586
4.1144615194300e-04;       5586
4.1146551272800e-04;       4997
4.1148486152400e-04;       4997
4.1150422228000e-04;       -303
4.1152357106000e-04;       -303
4.1154293196300e-04;       6909
4.1156228075700e-04;       6909
4.1158164153800e-04;       1609
4.1160099045500e-04;       1609
4.1162035138400e-04;       1020
4.1163970015000e-04;       1020
4.1165906080600e-04;        431
4.1167840960800e-04;        431
4.1169777040100e-04;       2932
4.1171711925800e-04;       2932
4.1173647992400e-04;       2343
4.1175582883800e-04;       2343
4.1177518971300e-04;       1754
4.1179453873600e-04;       1754
4.1181389969200e-04;       4255
4.1183324844700e-04;       4255
4.1185260939300e-04;       3666
4.1187195836000e-04;       3666
4.1189131916700e-04;      -1634
4.1191066800700e-04;      -1634
4.1193002886300e-04;       5578
4.1194615180300e-04;       5578
4.1196551271500e-04;       4989
4.1198486144100e-04;       4989
4.1200422245400e-04;       -311
4.1202357144600e-04;       -311
4.1204293220200e-04;       6901
4.1206228098700e-04;       6901
4.1208164179100e-04;       1601
4.1210099061200e-04;       1601
4.1212035137800e-04;       1012
4.1213970029400e-04;       1012
4.1215906113900e-04;        423
4.1217840993400e-04;        423
4.1219777081800e-04;       2924
4.1221711970300e-04;       2924
4.1223648057400e-04;       2335
4.1225582949400e-04;       2335
4.1227519019900e-04;       1746
4.1229453891000e-04;       1746
4.1231389983700e-04;       4247
4.1233324866800e-04;       4247
4.1235260952400e-04;       3658
4.1237195835500e-04;       3658
4.1239131915500e-04;      -1642
4.1241066798500e-04;      -1642
4.1243002887200e-04;       5570
4.1244615186200e-04;       5570
4.1246551286000e-04;       4981
4.1248486151200e-04;       4981
4.1250422250000e-04;       -319
4.1252357131500e-04;       -319
4.1254293203600e-04;       6893
4.1256228095600e-04;       6893
4.1258164171800e-04;       1593
4.1260099058600e-04;       1593
4.1262035146200e-04;       1004
4.1263970043200e-04;       1004
4.1265906121200e-04;        415
4.1267841008700e-04;        415
4.1269777088000e-04;       2916
4.1271711970100e-04;       2916
4.1273648046900e-04;       2327
4.1275582947800e-04;       2327
4.1277519027100e-04;       1738
4.1279453923000e-04;       1738
4.1281390002600e-04;       4239
4.1283324882900e-04;       4239
4.1285260954500e-04;       3650
4.1287195845300e-04;       3650
4.1289131924500e-04;       6151
4.1291066796800e-04;       6151
4.1293002890700e-04;       5562
4.1294615197200e-04;       5562
4.1296551283500e-04;       4973
4.1298486158000e-04;       4973
4.1300422231900e-04;       -327
4.1302357123200e-04;       -327
4.1304293223300e-04;       6885
4.1306228094900e-04;       6885
4.1308164187000e-04;       1585
4.1310099067900e-04;       1585
4.1312035137200e-04;        996
4.1313970039900e-04;        996
4.1315906126600e-04;        407
4.1317841023600e-04;        407
4.1319777096300e-04;       2908
4.1321711968800e-04;       2908
4.1323648046800e-04;       2319
4.1325582944200e-04;       2319
4.1327519017900e-04;       1730
4.1329453906000e-04;       1730
4.1331389983800e-04;       4231
4.1333324867700e-04;       4231
4.1335260946500e-04;       3642
4.1337195829700e-04;       3642
4.1339131915100e-04;      -1658
4.1341066815400e-04;      -1658
4.1343002891100e-04;       5554
4.1344615194200e-04;       5554
4.1346551284700e-04;       4965
4.1348486162200e-04;       4965
4.1350422249300e-04;       -335
4.1352357158700e-04;       -335
4.1354293232500e-04;       6877
4.1356228110900e-04;       6877
4.1358164194900e-04;       1577
4.1360099075000e-04;       1577
4.1362035161000e-04;        988
4.1363970049900e-04;        988
4.1365906131100e-04;        399
4.1367841003600e-04;        399
4.1369777084200e-04;       2900
4.1371711970800e-04;       2900
4.1373648055600e-04;       2311
4.1375582928000e-04;       2311
4.1377519008500e-04;       1722
4.1379453888600e-04;       1722
4.1381389964300e-04;       4223
4.1383324834600e-04;       4223
4.1385260911000e-04;       3634
4.1387195794400e-04;       3634
4.1389131872800e-04;       6135
4.1391066760600e-04;       6135
4.1393002832500e-04;       5546
4.1394615144200e-04;       5546
4.1396551221800e-04;       4957
4.1398486098900e-04;       4957
4.1400422180700e-04;       -343
4.1402357065200e-04;       -343
4.1404293144100e-04;       6869
4.1406228020300e-04;       6869
4.1408164104900e-04;       1569
4.1410098991200e-04;       1569
4.1412035074300e-04;        980
4.1413969965300e-04;        980
4.1415906037400e-04;        391
4.1417840916800e-04;        391
4.1419776998900e-04;       2892
4.1421711878000e-04;       2892
4.1423647966000e-04;       2303
4.1425582845400e-04;       2303
4.1427518931800e-04;       1714
4.1429453797900e-04;       1714
4.1431389876400e-04;       4215
4.1433324747300e-04;       4215
4.1435260825000e-04;       3626
4.1437195717400e-04;       3626
4.1439131792300e-04;      -1674
4.1441066664700e-04;      -1674
4.1443002750600e-04;       5538
4.1444615042700e-04;       5538
4.1446551124200e-04;       4949
4.1448486023900e-04;       4949
4.1450422107700e-04;       -351
4.1452357006000e-04;       -351
4.1454293090300e-04;       -940
4.1456227978900e-04;       -940
4.1458164069100e-04;       1561
4.1460098954500e-04;       1561
4.1462035022400e-04;        972
4.1463969906900e-04;        972
4.1465905991300e-04;        383
4.1467840872300e-04;        383
4.1469776969600e-04;       2884
4.1471711852700e-04;       2884
4.1473647941600e-04;       2295
4.1475582830600e-04;       2295
4.1477518927900e-04;       1706
4.1479453817800e-04;       1706
4.1481389887100e-04;       4207
4.1483324755800e-04;       4207
4.1485260825800e-04;       3618
4.1487195698500e-04;       3618
4.1489131773900e-04;      -1682
4.1491066653200e-04;      -1682
4.1493002731100e-04;       5530
4.1494615040700e-04;       5530
4.1496551131300e-04;       4941
4.1498486007400e-04;       4941
4.1500422095100e-04;       -359
4.1502356986200e-04;       -359
4.1504293067500e-04;       -948
4.1506227961400e-04;       -948
4.1508164044200e-04;      -6248
4.1510098925700e-04;      -6248
4.1512035013200e-04;        964
4.1513969891200e-04;        964
4.1515905973100e-04;        375
4.1517840871800e-04;        375
4.1519776953700e-04;       2876
4.1521711839000e-04;       2876
4.1523647937900e-04;       2287
4.1525582811200e-04;       2287
4.1527518918700e-04;       1698
4.1529453804400e-04;       1698
4.1531389892500e-04;       4199
4.1533324757200e-04;       4199
4.1535260833700e-04;       3610
4.1537195728400e-04;       3610
4.1539131831000e-04;      -1690
4.1541066703500e-04;      -1690
4.1543002803900e-04;       5522
4.1544615113200e-04;       5522
4.1546551189700e-04;       4933
4.1548486059000e-04;       4933
4.1550422140000e-04;       -367
4.1552357022700e-04;       -367
4.1554293109400e-04;       6845
4.1556227984500e-04;       6845
4.1558164071100e-04;       1545
4.1560098956500e-04;       1545
4.1562035013600e-04;        956
4.1563969906900e-04;        956
4.1565905986900e-04;        367
4.1567840876300e-04;        367
4.1569776972100e-04;       2868
4.1571711850400e-04;       2868
4.1573647932200e-04;       2279
4.1575582824200e-04;       2279
4.1577518918200e-04;       1690
4.1579453809100e-04;       1690
4.1581389868200e-04;       4191
4.1583324755500e-04;       4191
4.1585260844700e-04;       3602
4.1587195728300e-04;       3602
4.1589131803700e-04;      -1698
4.1591066691800e-04;      -1698
4.1593002778400e-04;      -2287
4.1594615086500e-04;      -2287
4.1596551182200e-04;       4925
4.1598486072200e-04;       4925
4.1600422152100e-04;       -375
4.1602357041100e-04;       -375
4.1604293125200e-04;       6837
4.1606228029200e-04;       6837
4.1608164107400e-04;       1537
4.1610099005300e-04;       1537
4.1612035094200e-04;        948
4.1613969972000e-04;        948
4.1615906043300e-04;        359
4.1617840927900e-04;        359
4.1619776999300e-04;       2860
4.1621711896300e-04;       2860
4.1623647973100e-04;       2271
4.1625582865200e-04;       2271
4.1627518939400e-04;       1682
4.1629453828000e-04;       1682
4.1631389926300e-04;       4183
4.1633324802500e-04;       4183
4.1635260878600e-04;       3594
4.1637195763400e-04;       3594
4.1639131848000e-04;      -1706
4.1641066730600e-04;      -1706
4.1643002828400e-04;       5506
4.1644615134100e-04;       5506
4.1646551222300e-04;       4917
4.1648486099700e-04;       4917
4.1650422184600e-04;       -383
4.1652357073400e-04;       -383
4.1654293148000e-04;       6829
4.1656228019100e-04;       6829
4.1658164117500e-04;       1529
4.1660099012500e-04;       1529
4.1662035095200e-04;        940
4.1663969975700e-04;        940
4.1665906068600e-04;        351
4.1667840944700e-04;        351
4.1669777023200e-04;       2852
4.1671711916500e-04;       2852
4.1673647994500e-04;       2263
4.1675582865100e-04;       2263
4.1677518943900e-04;       1674
4.1679453825500e-04;       1674
4.1681389912500e-04;       4175
4.1683324790000e-04;       4175
4.1685260889900e-04;       3586
4.1687195762400e-04;       3586
4.1689131842200e-04;      -1714
4.1691066732900e-04;      -1714
4.1693002827000e-04;       5498
4.1694615122700e-04;       5498
4.1696551215500e-04;       4909
4.1698486109800e-04;       4909
4.1700422205700e-04;       -391
4.1702357084700e-04;       -391
4.1704293161000e-04;       -980
4.1706228060200e-04;       -980
4.1708164137400e-04;       1521
4.1710099023800e-04;       1521
4.1712035107000e-04;        932
4.1713969994000e-04;        932
4.1715906060800e-04;        343
4.1717840946000e-04;        343
4.1719777044600e-04;       2844
4.1721711930600e-04;       2844
4.1723648024800e-04;       2255
4.1725582897500e-04;       2255
4.1727518995700e-04;       1666
4.1729453869300e-04;       1666
4.1731389957400e-04;       4167
4.1733324847900e-04;       4167
4.1735260950700e-04;       3578
4.1737195826300e-04;       3578
4.1739131924900e-04;       6079
4.1741066798900e-04;       6079
4.1743002896200e-04;       5490
4.1744615205900e-04;       5490
4.1746551287200e-04;       4901
4.1748486175000e-04;       4901
4.1750422258200e-04;       -399
4.1752357142900e-04;       -399
4.1754293225600e-04;       6813
4.1756228128900e-04;       6813
4.1758164211800e-04;       1513
4.1760099080600e-04;       1513
4.1762035169400e-04;        924
4.1763970054000e-04;        924
4.1765906120800e-04;       8136
4.1767840995600e-04;       8136
4.1769777087100e-04;       2836
4.1771711959500e-04;       2836
4.1773648060400e-04;       2247
4.1775582924000e-04;       2247
4.1777519006800e-04;       1658
4.1779453892700e-04;       1658
4.1781389977500e-04;       4159
4.1783324849100e-04;       4159
4.1785260921200e-04;       3570
4.1787195795500e-04;       3570
4.1789131880500e-04;       6071
4.1791066770500e-04;       6071
4.1793002857000e-04;       5482
4.1794615155600e-04;       5482
4.1796551257600e-04;       4893
4.1798486132300e-04;       4893
4.1800422215700e-04;       -407
4.1802357091300e-04;       -407
4.1804293165700e-04;       6805
4.1806228054400e-04;       6805
4.1808164144000e-04;       1505
4.1810099008400e-04;       1505
4.1812035109900e-04;        916
4.1813969987800e-04;        916
4.1815906068800e-04;        327
4.1817840944800e-04;        327
4.1819777019500e-04;       2828
4.1821711891300e-04;       2828
4.1823647987800e-04;       2239
4.1825582870200e-04;       2239
4.1827518948100e-04;       1650
4.1829453829600e-04;       1650
4.1831389923700e-04;       4151
4.1833324799300e-04;       4151
4.1835260890700e-04;       3562
4.1837195760600e-04;       3562
4.1839131845200e-04;       6063
4.1841066741600e-04;       6063
4.1843002813900e-04;       5474
4.1844615116400e-04;       5474
4.1846551195500e-04;       4885
4.1848486085900e-04;       4885
4.1850422156100e-04;       -415
4.1852357055100e-04;       -415
4.1854293127500e-04;       6797
4.1856228005100e-04;       6797
4.1858164098500e-04;       1497
4.1860098975500e-04;       1497
4.1862035056900e-04;        908
4.1863969934500e-04;        908
4.1865906027600e-04;        319
4.1867840893800e-04;        319
4.1869776962800e-04;       2820
4.1871711844100e-04;       2820
4.1873647930100e-04;       2231
4.1875582823900e-04;       2231
4.1877518913100e-04;       1642
4.1879453760600e-04;       1642
4.1881389843500e-04;       4143
4.1883324724000e-04;       4143
4.1885260813700e-04;       3554
4.1887195689700e-04;       3554
4.1889131778000e-04;      -1746
4.1891066670900e-04;      -1746
4.1893002748100e-04;       5466
4.1894615037100e-04;       5466
4.1896551126100e-04;       4877
4.1898486010700e-04;       4877
4.1900422110500e-04;       -423
4.1902357006800e-04;       -423
4.1904293082000e-04;       6789
4.1906227950600e-04;       6789
4.1908164038800e-04;       1489
4.1910098909500e-04;       1489
4.1912034978200e-04;        900
4.1913969866100e-04;        900
4.1915905938100e-04;        311
4.1917840834500e-04;        311
4.1919776903200e-04;       2812
4.1921711784000e-04;       2812
4.1923647876800e-04;       2223
4.1925582758000e-04;       2223
4.1927518838200e-04;       1634
4.1929453722300e-04;       1634
4.1931389802900e-04;       4135
4.1933324671000e-04;       4135
4.1935260764700e-04;       3546
4.1937195627300e-04;       3546
4.1939131711100e-04;      -1754
4.1941066592300e-04;      -1754
4.1943002701600e-04;       5458
4.1944615015200e-04;       5458
4.1946551100300e-04;       4869
4.1948485973600e-04;       4869
4.1950422072400e-04;       -431
4.1952356958600e-04;       -431
4.1954293044400e-04;      -1020
4.1956227926600e-04;      -1020
4.1958164000500e-04;       1481
4.1960098887100e-04;       1481
4.1962034951800e-04;        892
4.1963969833600e-04;        892
4.1965905904600e-04;        303
4.1967840799300e-04;        303
4.1969776889000e-04;       2804
4.1971711762100e-04;       2804
4.1973647869800e-04;       2215
4.1975582751900e-04;       2215
4.1977518848800e-04;       1626
4.1979453719300e-04;       1626
4.1981389803200e-04;       4127
4.1983324686600e-04;       4127
4.1985260775400e-04;       3538
4.1987195660600e-04;       3538
4.1989131735400e-04;      -1762
4.1991066612900e-04;      -1762
4.1993002694800e-04;       5450
4.1994614998500e-04;       5450
4.1996551081200e-04;       4861
4.1998485975300e-04;       4861
4.2000422062000e-04;       -439
4.2002356947400e-04;       -439
4.2004293017800e-04;      -1028
4.2006227907300e-04;      -1028
4.2008163998500e-04;       1473
4.2010098867800e-04;       1473
4.2012034964300e-04;        884
4.2013969829900e-04;        884
4.2015905915000e-04;        295
4.2017840796200e-04;        295
4.2019776903900e-04;       2796
4.2021711785700e-04;       2796
4.2023647880000e-04;       2207
4.2025582773500e-04;       2207
4.2027518861800e-04;       1618
4.2029453745800e-04;       1618
4.2031389825700e-04;       4119
4.2033324700800e-04;       4119
4.2035260784300e-04;       3530
4.2037195680400e-04;       3530
4.2039131768300e-04;      -1770
4.2041066642800e-04;      -1770
4.2043002721300e-04;      -2359
4.2044615025200e-04;      -2359
4.2046551113200e-04;       4853
4.2048485994500e-04;       4853
4.2050422084100e-04;       -447
4.2052356967700e-04;       -447
4.2054293053600e-04;       6765
4.2056227932900e-04;       6765
4.2058164024400e-04;       1465
4.2060098911300e-04;       1465
4.2062034996200e-04;        876
4.2063969877700e-04;        876
4.2065905980800e-04;        287
4.2067840846100e-04;        287
4.2069776924300e-04;       2788
4.2071711792000e-04;       2788
4.2073647886000e-04;       2199
4.2075582774900e-04;       2199
4.2077518860700e-04;       1610
4.2079453749200e-04;       1610
4.2081389825800e-04;       4111
4.2083324697700e-04;       4111
4.2085260773800e-04;       3522
4.2087195669400e-04;       3522
4.2089131759700e-04;      -1778
4.2091066630400e-04;      -1778
4.2093002723600e-04;       5434
4.2094615016200e-04;       5434
4.2096551091700e-04;       4845
4.2098485983300e-04;       4845
4.2100422057700e-04;       -455
4.2102356935000e-04;       -455
4.2104293001500e-04;       6757
4.2106227888000e-04;       6757
4.2108163971200e-04;       1457
4.2110098856000e-04;       1457
4.2112034946600e-04;        868
4.2113969835400e-04;        868
4.2115905924000e-04;        279
4.2117840813500e-04;        279
4.2119776897200e-04;       2780
4.2121711790200e-04;       2780
4.2123647894600e-04;       2191
4.2125582776100e-04;       2191
4.2127518856300e-04;       1602
4.2129453722800e-04;       1602
4.2131389807400e-04;       4103
4.2133324706800e-04;       4103
4.2135260785500e-04;       3514
4.2137195670000e-04;       3514
4.2139131748900e-04;      -1786
4.2141066616400e-04;      -1786
4.2143002701600e-04;      -2375
4.2144615011900e-04;      -2375
4.2146551107800e-04;       4837
4.2148485984000e-04;       4837
4.2150422077500e-04;       -463
4.2152356947000e-04;       -463
4.2154293027600e-04;      -1052
4.2156227917100e-04;      -1052
4.2158163997300e-04;       1449
4.2160098892900e-04;       1449
4.2162034984900e-04;        860
4.2163969867200e-04;        860
4.2165905962200e-04;        271
4.2167840847700e-04;        271
4.2169776931800e-04;       2772
4.2171711813100e-04;       2772
4.2173647904600e-04;       2183
4.2175582801500e-04;       2183
4.2177518886600e-04;       1594
4.2179453761800e-04;       1594
4.2181389854700e-04;       4095
4.2183324757100e-04;       4095
4.2185260838700e-04;       3506
4.2187195728400e-04;       3506
4.2189131807900e-04;      -1794
4.2191066696800e-04;      -1794
4.2193002787300e-04;       5418
4.2194615099500e-04;       5418
4.2196551188300e-04;       4829
4.2198486066300e-04;       4829
4.2200422175000e-04;       -471
4.2202357059000e-04;       -471
4.2204293131900e-04;       6741
4.2206228006100e-04;       6741
4.2208164085200e-04;       1441
4.2210098971400e-04;       1441
4.2212035065400e-04;        852
4.2213969954000e-04;        852
4.2215906036100e-04;        263
4.2217840931900e-04;        263
4.2219777020700e-04;       2764
4.2221711905700e-04;       2764
4.2223648008000e-04;       2175
4.2225582883600e-04;       2175
4.2227518966000e-04;       1586
4.2229453847300e-04;       1586
4.2231389939600e-04;       4087
4.2233324796500e-04;       4087
4.2235260889800e-04;       3498
4.2237195777500e-04;       3498
4.2239131861300e-04;       5999
4.2241066745500e-04;       5999
4.2243002821400e-04;       5410
4.2244615126500e-04;       5410
4.2246551228300e-04;       4821
4.2248486097900e-04;       4821
4.2250422188500e-04;       -479
4.2252357072700e-04;       -479
4.2254293180200e-04;       6733
4.2256228059200e-04;       6733
4.2258164132900e-04;       1433
4.2260098997700e-04;       1433
4.2262035074600e-04;        844
4.2263969974500e-04;        844
4.2265906056300e-04;        255
4.2267840943900e-04;        255
4.2269777015900e-04;       2756
4.2271711913200e-04;       2756
4.2273647984400e-04;       2167
4.2275582890200e-04;       2167
4.2277518979300e-04;       1578
4.2279453873500e-04;       1578
4.2281389943300e-04;       4079
4.2283324834800e-04;       4079
4.2285260908800e-04;       3490
4.2287195800800e-04;       3490
4.2289131888200e-04;       5991
4.2291066765100e-04;       5991
4.2293002847500e-04;       5402
4.2294615166800e-04;       5402
4.2296551253900e-04;       4813
4.2298486140500e-04;       4813
4.2300422234900e-04;       -487
4.2302357113600e-04;       -487
4.2304293196100e-04;       6725
4.2306228083900e-04;       6725
4.2308164167400e-04;       1425
4.2310099042900e-04;       1425
4.2312035135300e-04;        836
4.2313970016300e-04;        836
4.2315906103700e-04;        247
4.2317841000900e-04;        247
4.2319777092300e-04;       2748
4.2321711967500e-04;       2748
4.2323648055100e-04;       2159
4.2325582937900e-04;       2159
4.2327519025100e-04;       1570
4.2329453899400e-04;       1570
4.2331389972900e-04;       4071
4.2333324866800e-04;       4071
4.2335260939000e-04;       3482
4.2337195824600e-04;       3482
4.2339131911700e-04;       5983
4.2341066802200e-04;       5983
4.2343002892200e-04;       5394
4.2344615176500e-04;       5394
4.2346551263900e-04;       4805
4.2348486151200e-04;       4805
4.2350422242400e-04;       -495
4.2352357130600e-04;       -495
4.2354293206900e-04;       6717
4.2356228089900e-04;       6717
4.2358164169800e-04;       1417
4.2360099048200e-04;       1417
4.2362035142900e-04;        828
4.2363970023000e-04;        828
4.2365906114600e-04;        239
4.2367840985100e-04;        239
4.2369777047500e-04;       2740
4.2371711942000e-04;       2740
4.2373648027500e-04;       2151
4.2375582902600e-04;       2151
4.2377518990800e-04;       1562
4.2379453878300e-04;       1562
4.2381389961200e-04;       4063
4.2383324852900e-04;       4063
4.2385260924200e-04;       3474
4.2387195808300e-04;       3474
4.2389131895700e-04;       5975
4.2391066782800e-04;       5975
4.2393002863300e-04;       5386
4.2394615165900e-04;       5386
4.2396551251100e-04;       4797
4.2398486123300e-04;       4797
4.2400422209400e-04;       -503
4.2402357090300e-04;       -503
4.2404293177400e-04;      -1092
4.2406228045800e-04;      -1092
4.2408164145000e-04;       1409
4.2410099010800e-04;       1409
4.2412035087800e-04;        820
4.2413969968400e-04;        820
4.2415906045300e-04;        231
4.2417840935800e-04;        231
4.2419777028800e-04;       2732
4.2421711918100e-04;       2732
4.2423647986200e-04;       2143
4.2425582869400e-04;       2143
4.2427518957400e-04;       9355
4.2429453864600e-04;       9355
4.2431389931400e-04;       4055
4.2433324830600e-04;       4055
4.2435260909000e-04;       3466
4.2437195803000e-04;       3466
4.2439131882200e-04;       5967
4.2441066768800e-04;       5967
4.2443002839100e-04;       5378
4.2444615144500e-04;       5378
4.2446551226800e-04;       4789
4.2448486101200e-04;       4789
4.2450422194300e-04;       -511
4.2452357084300e-04;       -511
4.2454293157800e-04;       6701
4.2456228036600e-04;       6701
4.2458164123600e-04;       1401
4.2460099005800e-04;       1401
4.2462035092800e-04;        812
4.2463969971100e-04;        812
4.2465906053600e-04;        223
4.2467840939000e-04;        223
4.2469777028500e-04;       2724
4.2471711898200e-04;       2724
4.2473648003000e-04;       2135
4.2475582879700e-04;       2135
4.2477518954900e-04;       1546
4.2479453829300e-04;       1546
4.2481389894100e-04;       4047
4.2483324778900e-04;       4047
4.2485260845700e-04;       3458
4.2487195729500e-04;       3458
4.2489131815300e-04;      -1842
4.2491066695900e-04;      -1842
4.2493002787600e-04;       5370
4.2494615075300e-04;       5370
4.2496551171200e-04;       4781
4.2498486059900e-04;       4781
4.2500422153200e-04;       -519
4.2502357035600e-04;       -519
4.2504293117800e-04;       6693
4.2506227999300e-04;       6693
4.2508164072800e-04;       1393
4.2510098948500e-04;       1393
4.2512035033100e-04;        804
4.2513969923000e-04;        804
4.2515906007700e-04;        215
4.2517840901900e-04;        215
4.2519776977100e-04;       2716
4.2521711856700e-04;       2716
4.2523647952200e-04;       2127
4.2525582822400e-04;       2127
4.2527518907500e-04;       1538
4.2529453790700e-04;       1538
4.2531389879300e-04;       4039
4.2533324748800e-04;       4039
4.2535260822400e-04;       3450
4.2537195714600e-04;       3450
4.2539131803200e-04;      -1850
4.2541066686000e-04;      -1850
4.2543002771800e-04;       5362
4.2544615082600e-04;       5362
4.2546551174900e-04;       4773
4.2548486057200e-04;       4773
4.2550422144800e-04;       -527
4.2552357039100e-04;       -527
4.2554293119600e-04;       6685
4.2556228011500e-04;       6685
4.2558164104500e-04;       1385
4.2560098982100e-04;       1385
4.2562035056600e-04;        796
4.2563969943800e-04;        796
4.2565906024300e-04;        207
4.2567840922500e-04;        207
4.2569776993600e-04;       2708
4.2571711886300e-04;       2708
4.2573647970400e-04;       2119
4.2575582854900e-04;       2119
4.2577518943800e-04;       1530
4.2579453835000e-04;       1530
4.2581389915200e-04;       4031
4.2583324795700e-04;       4031
4.2585260887500e-04;       3442
4.2587195760800e-04;       3442
4.2589131843600e-04;      -1858
4.2591066727200e-04;      -1858
4.2593002802200e-04;       5354
4.2594615105300e-04;       5354
4.2596551184000e-04;       4765
4.2598486058200e-04;       4765
4.2600422147900e-04;       -535
4.2602357032300e-04;       -535
4.2604293122600e-04;       6677
4.2606228007300e-04;       6677
4.2608164082700e-04;       1377
4.2610098955300e-04;       1377
4.2612035037300e-04;        788
4.2613969918000e-04;        788
4.2615906016200e-04;        199
4.2617840891900e-04;        199
4.2619776967100e-04;       2700
4.2621711845300e-04;       2700
4.2623647935600e-04;       2111
4.2625582808000e-04;       2111
4.2627518901800e-04;       1522
4.2629453768700e-04;       1522
4.2631389840200e-04;       4023
4.2633324737300e-04;       4023
4.2635260823900e-04;       3434
4.2637195708600e-04;       3434
4.2639131802200e-04;      -1866
4.2641066676000e-04;      -1866
4.2643002764300e-04;       5346
4.2644615075600e-04;       5346
4.2646551143000e-04;       4757
4.2648486032300e-04;       4757
4.2650422100800e-04;       -543
4.2652356999800e-04;       -543
4.2654293084900e-04;      -1132
4.2656227964600e-04;      -1132
4.2658164057400e-04;       1369
4.2660098950500e-04;       1369
4.2662035044100e-04;        780
4.2663969915700e-04;        780
4.2665906017500e-04;        191
4.2667840899700e-04;        191
4.2669776989100e-04;       2692
4.2671711884000e-04;       2692
4.2673647969500e-04;       2103
4.2675582853100e-04;       2103
4.2677518941900e-04;       1514
4.2679453839200e-04;       1514
4.2681389930000e-04;       4015
4.2683324813100e-04;       4015
4.2685260892900e-04;       3426
4.2687195768500e-04;       3426
4.2689131848500e-04;       5927
4.2691066741900e-04;       5927
4.2693002829800e-04;       5338
4.2694615147200e-04;       5338
4.2696551227300e-04;       4749
4.2698486106800e-04;       4749
4.2700422181900e-04;       -551
4.2702357074600e-04;       -551
4.2704293148900e-04;       6661
4.2706228010700e-04;       6661
4.2708164090100e-04;       1361
4.2710098970100e-04;       1361
4.2712035054600e-04;        772
4.2713969948900e-04;        772
4.2715906022800e-04;        183
4.2717840913500e-04;        183
4.2719776987300e-04;       2684
4.2721711892200e-04;       2684
4.2723647963900e-04;       2095
4.2725582856700e-04;       2095
4.2727518935300e-04;       9307
4.2729453817300e-04;       9307
4.2731389906200e-04;       4007
4.2733324800200e-04;       4007
4.2735260875900e-04;       3418
4.2737195759800e-04;       3418
4.2739131837300e-04;       5919
4.2741066714500e-04;       5919
4.2743002796600e-04;       5330
4.2744615094700e-04;       5330
4.2746551168700e-04;       4741
4.2748486051200e-04;       4741
4.2750422119900e-04;       -559
4.2752356987700e-04;       -559
4.2754293068300e-04;      -1148
4.2756227947100e-04;      -1148
4.2758164042800e-04;       1353
4.2760098922400e-04;       1353
4.2762034993800e-04;        764
4.2763969891200e-04;        764
4.2765905967800e-04;        175
4.2767840850800e-04;        175
4.2769776941500e-04;       2676
4.2771711820900e-04;       2676
4.2773647906400e-04;       2087
4.2775582780900e-04;       2087
4.2777518864500e-04;       1498
4.2779453738300e-04;       1498
4.2781389810500e-04;       3999
4.2783324701900e-04;       3999
4.2785260773600e-04;       3410
4.2787195664000e-04;       3410
4.2789131748400e-04;      -1890
4.2791066623200e-04;      -1890
4.2793002715300e-04;       5322
4.2794615007000e-04;       5322
4.2796551098700e-04;       4733
4.2798485978100e-04;       4733
4.2800422076000e-04;       -567
4.2802356954900e-04;       -567
4.2804293031400e-04;       6645
4.2806227914100e-04;       6645
4.2808163997000e-04;       1345
4.2810098860100e-04;       1345
4.2812034928700e-04;        756
4.2813969827500e-04;        756
4.2815905896200e-04;        167
4.2817840795400e-04;        167
4.2819776881400e-04;       2668
4.2821711764800e-04;       2668
4.2823647858500e-04;       2079
4.2825582736500e-04;       2079
4.2827518825500e-04;       1490
4.2829453707700e-04;       1490
4.2831389779500e-04;       3991
4.2833324656000e-04;       3991
4.2835260747800e-04;       3402
4.2837195634200e-04;       3402
4.2839131710900e-04;      -1898
4.2841066600400e-04;      -1898
4.2843002681600e-04;       5314
4.2844615001000e-04;       5314
4.2846551079300e-04;       4725
4.2848485961200e-04;       4725
4.2850422045100e-04;       -575
4.2852356950200e-04;       -575
4.2854293022400e-04;       6637
4.2856227920000e-04;       6637
4.2858164023000e-04;       1337
4.2860098898000e-04;       1337
4.2862034973000e-04;        748
4.2863969847600e-04;        748
4.2865905934000e-04;        159
4.2867840814000e-04;        159
4.2869776909400e-04;       2660
4.2871711790600e-04;       2660
4.2873647872200e-04;       2071
4.2875582732500e-04;       2071
4.2877518821100e-04;       1482
4.2879453703800e-04;       1482
4.2881389780200e-04;       3983
4.2883324668400e-04;       3983
4.2885260736700e-04;       3394
4.2887195615200e-04;       3394
4.2889131701200e-04;      -1906
4.2891066577300e-04;      -1906
4.2893002664700e-04;       5306
4.2894614968800e-04;       5306
4.2896551054200e-04;       4717
4.2898485944000e-04;       4717
4.2900422021400e-04;       -583
4.2902356875700e-04;       -583
4.2904292954900e-04;      -1172
4.2906227852000e-04;      -1172
4.2908163929700e-04;      -6472
4.2910098825700e-04;      -6472
4.2912034925400e-04;        740
4.2913969800900e-04;        740
4.2915905897100e-04;        151
4.2917840776300e-04;        151
4.2919776858700e-04;       2652
4.2921711760800e-04;       2652
4.2923647844300e-04;       2063
4.2925582743000e-04;       2063
4.2927518825500e-04;       1474
4.2929453712600e-04;       1474
4.2931389796300e-04;       3975
4.2933324699700e-04;       3975
4.2935260783300e-04;       3386
4.2937195662100e-04;       3386
4.2939131743500e-04;      -1914
4.2941066634500e-04;      -1914
4.2943002735100e-04;       5298
4.2944615037400e-04;       5298
4.2946551121400e-04;       4709
4.2948486012500e-04;       4709
4.2950422101800e-04;       -591
4.2952356978000e-04;       -591
4.2954293077100e-04;      -1180
4.2956227947500e-04;      -1180
4.2958164044000e-04;       1321
4.2960098926900e-04;       1321
4.2962035012300e-04;        732
4.2963969900500e-04;        732
4.2965905991200e-04;        143
4.2967840868800e-04;        143
4.2969776956000e-04;       2644
4.2971711836300e-04;       2644
4.2973647929000e-04;       2055
4.2975582826100e-04;       2055
4.2977518903900e-04;       1466
4.2979453785200e-04;       1466
4.2981389885200e-04;       3967
4.2983324769700e-04;       3967
4.2985260854200e-04;       3378
4.2987195748300e-04;       3378
4.2989131828600e-04;      -1922
4.2991066709200e-04;      -1922
4.2993002806000e-04;       5290
4.2994615107700e-04;       5290
4.2996551183200e-04;       4701
4.2998486071400e-04;       4701
4.3000422146800e-04;       -599
4.3002357034500e-04;       -599
4.3004293114700e-04;       6613
4.3006227987600e-04;       6613
4.3008164072500e-04;       1313
4.3010098959100e-04;       1313
4.3012035047600e-04;        724
4.3013969933500e-04;        724
4.3015906021400e-04;        135
4.3017840898200e-04;        135
4.3019776984300e-04;       2636
4.3021711874800e-04;       2636
4.3023647961000e-04;       2047
4.3025582855300e-04;       2047
4.3027518932800e-04;       1458
4.3029453825500e-04;       1458
4.3031389911700e-04;       3959
4.3033324804800e-04;       3959
4.3035260885900e-04;       3370
4.3037195778800e-04;       3370
4.3039131858300e-04;       5871
4.3041066739700e-04;       5871
4.3043002838000e-04;       5282
4.3044615152200e-04;       5282
4.3046551222300e-04;       4693
4.3048486120300e-04;       4693
4.3050422209200e-04;       -607
4.3052357081500e-04;       -607
4.3054293168100e-04;       6605
4.3056228054200e-04;       6605
4.3058164136700e-04;       1305
4.3060099022400e-04;       1305
4.3062035101300e-04;        716
4.3063969982700e-04;        716
4.3065906049200e-04;        127
4.3067840949400e-04;        127
4.3069777029200e-04;       2628
4.3071711918500e-04;       2628
4.3073648006500e-04;       2039
4.3075582890600e-04;       2039
4.3077518973100e-04;       1450
4.3079453847300e-04;       1450
4.3081389916800e-04;       3951
4.3083324792700e-04;       3951
4.3085260892800e-04;       3362
4.3087195766000e-04;       3362
4.3089131860000e-04;      -1938
4.3091066752100e-04;      -1938
4.3093002834800e-04;       5274
4.3094615152200e-04;       5274
4.3096551230400e-04;       4685
4.3098486114200e-04;       4685
4.3100422188400e-04;       7186
4.3102357068000e-04;       7186
4.3104293158400e-04;       6597
4.3106228045700e-04;       6597
4.3108164132900e-04;       1297
4.3110099019700e-04;       1297
4.3112035101200e-04;        708
4.3113969988800e-04;        708
4.3115906063000e-04;        119
4.3117840967400e-04;        119
4.3119777049300e-04;       2620
4.3121711934600e-04;       2620
4.3123648008800e-04;       2031
4.3125582874400e-04;       2031
4.3127518951900e-04;       1442
4.3129453840200e-04;       1442
4.3131389921000e-04;       3943
4.3133324804000e-04;       3943
4.3135260872200e-04;       3354
4.3137195758500e-04;       3354
4.3139131822300e-04;       5855
4.3141066718500e-04;       5855
4.3143002789700e-04;       5266
4.3144615088800e-04;       5266
4.3146551161900e-04;       4677
4.3148486050100e-04;       4677
4.3150422135100e-04;       -623
4.3152357012200e-04;       -623
4.3154293099800e-04;       6589
4.3156227974800e-04;       6589
4.3158164067000e-04;       1289
4.3160098950100e-04;       1289
4.3162035046000e-04;        700
4.3163969915400e-04;        700
4.3165906010300e-04;        111
4.3167840884800e-04;        111
4.3169776958200e-04;       2612
4.3171711842700e-04;       2612
4.3173647928500e-04;       2023
4.3175582812400e-04;       2023
4.3177518901100e-04;       1434
4.3179453801900e-04;       1434
4.3181389879400e-04;       3935
4.3183324771200e-04;       3935
4.3185260876600e-04;       3346
4.3187195760500e-04;       3346
4.3189131861300e-04;      -1954
4.3191066715400e-04;      -1954
4.3193002807200e-04;       5258
4.3194615098600e-04;       5258
4.3196551178200e-04;       4669
4.3198486057100e-04;       4669
4.3200422134600e-04;       -631
4.3202357008900e-04;       -631
4.3204293086700e-04;      -1220
4.3206227972500e-04;      -1220
4.3208164057300e-04;       1281
4.3210098948600e-04;       1281
4.3212035028200e-04;        692
4.3213969928500e-04;        692
4.3215906021800e-04;        103
4.3217840902700e-04;        103
4.3219776988400e-04;       2604
4.3221711877300e-04;       2604
4.3223647951500e-04;       2015
4.3225582842800e-04;       2015
4.3227518937500e-04;       1426
4.3229453807900e-04;       1426
4.3231389900500e-04;       3927
4.3233324796800e-04;       3927
4.3235260877700e-04;       3338
4.3237195769600e-04;       3338
4.3239131862400e-04;      -1962
4.3241066741200e-04;      -1962
4.3243002829600e-04;       5250
4.3244615131900e-04;       5250
4.3246551228700e-04;       4661
4.3248486113700e-04;       4661
4.3250422200000e-04;       -639
4.3252357093200e-04;       -639
4.3254293182200e-04;       6573
4.3256228059500e-04;       6573
4.3258164131000e-04;       1273
4.3260099036600e-04;       1273
4.3262035117800e-04;        684
4.3263969987300e-04;        684
4.3265906068800e-04;         95
4.3267840946600e-04;         95
4.3269777031700e-04;       2596
4.3271711922800e-04;       2596
4.3273648020300e-04;       2007
4.3275582920500e-04;       2007
4.3277519008500e-04;       1418
4.3279453899700e-04;       1418
4.3281389976600e-04;       3919
4.3283324859100e-04;       3919
4.3285260941500e-04;       3330
4.3287195819300e-04;       3330
4.3289131897000e-04;      -1970
4.3291066774000e-04;      -1970
4.3293002862600e-04;       5242
4.3294615171100e-04;       5242
4.3296551250000e-04;       4653
4.3298486137400e-04;       4653
4.3300422229500e-04;       -647
4.3302357106900e-04;       -647
4.3304293193700e-04;       6565
4.3306228071200e-04;       6565
4.3308164155700e-04;       1265
4.3310099027900e-04;       1265
4.3312035120400e-04;        676
4.3313970024100e-04;        676
4.3315906108300e-04;         87
4.3317841006100e-04;         87
4.3319777090500e-04;       2588
4.3321711959400e-04;       2588
4.3323648040900e-04;       1999
4.3325582925100e-04;       1999
4.3327519006200e-04;       1410
4.3329453888200e-04;       1410
4.3331389966800e-04;       3911
4.3333324861800e-04;       3911
4.3335260954500e-04;       3322
4.3337195812500e-04;       3322
4.3339131906000e-04;      -1978
4.3341066778100e-04;      -1978
4.3343002859800e-04;       5234
4.3344615166700e-04;       5234
4.3346551251500e-04;       4645
4.3348486135700e-04;       4645
4.3350422216200e-04;       -655
4.3352357098700e-04;       -655
4.3354293178200e-04;       6557
4.3356228067000e-04;       6557
4.3358164146900e-04;       1257
4.3360099030400e-04;       1257
4.3362035102300e-04;        668
4.3363969974900e-04;        668
4.3365906062900e-04;         79
4.3367840943400e-04;         79
4.3369777034700e-04;       2580
4.3371711930900e-04;       2580
4.3373648017400e-04;       1991
4.3375582903700e-04;       1991
4.3377518988400e-04;       1402
4.3379453871700e-04;       1402
4.3381389957400e-04;       3903
4.3383324850200e-04;       3903
4.3385260930900e-04;       3314
4.3387195815700e-04;       3314
4.3389131889200e-04;      -1986
4.3391066771400e-04;      -1986
4.3393002871900e-04;       5226
4.3394615169500e-04;       5226
4.3396551262400e-04;       4637
4.3398486150200e-04;       4637
4.3400422244900e-04;       7138
4.3402357141600e-04;       7138
4.3404293248400e-04;       6549
4.3406228135900e-04;       6549
4.3408164211400e-04;       1249
4.3410099097800e-04;       1249
4.3412035173200e-04;        660
4.3413970067800e-04;        660
4.3415906149600e-04;         71
4.3417841026600e-04;         71
4.3419777119300e-04;       2572
4.3421712009100e-04;       2572
4.3423648074600e-04;       1983
4.3425582981400e-04;       1983
4.3427519067800e-04;       1394
4.3429453985500e-04;       1394
4.3431390062500e-04;       3895
4.3433324934300e-04;       3895
4.3435261033600e-04;       3306
4.3437195919700e-04;       3306
4.3439132000600e-04;       5807
4.3441066891400e-04;       5807
4.3443002973900e-04;       5218
4.3444615288600e-04;       5218
4.3446551368400e-04;       4629
4.3448486259700e-04;       4629
4.3450422341400e-04;       -671
4.3452357200000e-04;       -671
4.3454293282200e-04;       6541
4.3456228158100e-04;       6541
4.3458164240500e-04;       1241
4.3460099107000e-04;       1241
4.3462035187600e-04;        652
4.3463970075200e-04;        652
4.3465906154400e-04;       7864
4.3467841042400e-04;       7864
4.3469777128200e-04;       2564
4.3471712024900e-04;       2564
4.3473648089800e-04;       1975
4.3475582968800e-04;       1975
4.3477519051400e-04;       1386
4.3479453927000e-04;       1386
4.3481390006100e-04;       3887
4.3483324879500e-04;       3887
4.3485260958500e-04;       3298
4.3487195853500e-04;       3298
4.3489131937600e-04;      -2002
4.3491066823800e-04;      -2002
4.3493002913500e-04;       5210
4.3494615221600e-04;       5210
4.3496551314300e-04;       4621
4.3498486203600e-04;       4621
4.3500422279900e-04;       7122
4.3502357155300e-04;       7122
4.3504293232700e-04;       6533
4.3506228119400e-04;       6533
4.3508164190000e-04;       1233
4.3510099086000e-04;       1233
4.3512035164800e-04;        644
4.3513970032600e-04;        644
4.3515906123200e-04;         55
4.3517840992300e-04;         55
4.3519777076600e-04;       2556
4.3521711958500e-04;       2556
4.3523648024100e-04;       1967
4.3525582923600e-04;       1967
4.3527519000300e-04;       1378
4.3529453890600e-04;       1378
4.3531389969200e-04;       3879
4.3533324847800e-04;       3879
4.3535260954000e-04;       3290
4.3537195845800e-04;       3290
4.3539131916600e-04;      -2010
4.3541066771500e-04;      -2010
4.3543002851800e-04;       5202
4.3544615140300e-04;       5202
4.3546551231500e-04;       4613
4.3548486102000e-04;       4613
4.3550422190200e-04;       -687
4.3552357075900e-04;       -687
4.3554293168200e-04;       6525
4.3556228046000e-04;       6525
4.3558164134300e-04;       1225
4.3560099002100e-04;       1225
4.3562035093800e-04;        636
4.3563969984300e-04;        636
4.3565906059300e-04;         47
4.3567840930900e-04;         47
4.3569777017900e-04;       2548
4.3571711901300e-04;       2548
4.3573647983300e-04;       1959
4.3575582867100e-04;       1959
4.3577518953400e-04;       1370
4.3579453849400e-04;       1370
4.3581389918700e-04;       3871
4.3583324807400e-04;       3871
4.3585260901000e-04;       3282
4.3587195763900e-04;       3282
4.3589131839900e-04;       5783
4.3591066730700e-04;       5783
4.3593002814100e-04;       5194
4.3594615122500e-04;       5194
4.3596551198700e-04;       4605
4.3598486090000e-04;       4605
4.3600422195900e-04;       -695
4.3602357073400e-04;       -695
4.3604293135900e-04;       6517
4.3606228026300e-04;       6517
4.3608164125900e-04;       1217
4.3610099009800e-04;       1217
4.3612035092900e-04;        628
4.3613969989100e-04;        628
4.3615906046900e-04;         39
4.3617840935900e-04;         39
4.3619777024500e-04;       2540
4.3621711903900e-04;       2540
4.3623647996900e-04;       1951
4.3625582867700e-04;       1951
4.3627518946200e-04;       1362
4.3629453826100e-04;       1362
4.3631389926000e-04;       3863
4.3633324800500e-04;       3863
4.3635260891100e-04;       3274
4.3637195776900e-04;       3274
4.3639131846600e-04;      -2026
4.3641066736300e-04;      -2026
4.3643002810700e-04;       5186
4.3644615117400e-04;       5186
4.3646551213900e-04;       4597
4.3648486105000e-04;       4597
4.3650422201200e-04;       -703
4.3652357087800e-04;       -703
4.3654293177500e-04;       6509
4.3656228045300e-04;       6509
4.3658164135800e-04;       1209
4.3660099015400e-04;       1209
4.3662035097400e-04;        620
4.3663969982200e-04;        620
4.3665906077900e-04;         31
4.3667840957500e-04;         31
4.3669777047500e-04;       2532
4.3671711918000e-04;       2532
4.3673648004000e-04;       1943
4.3675582884100e-04;       1943
4.3677518962000e-04;       1354
4.3679453843900e-04;       1354
4.3681389939800e-04;       3855
4.3683324817000e-04;       3855
4.3685260900400e-04;       3266
4.3687195786500e-04;       3266
4.3689131874700e-04;       5767
4.3691066762200e-04;       5767
4.3693002844400e-04;       5178
4.3694615149700e-04;       5178
4.3696551237200e-04;       4589
4.3698486125100e-04;       4589
4.3700422220200e-04;       -711
4.3702357080000e-04;       -711
4.3704293169400e-04;       6501
4.3706228060300e-04;       6501
4.3708164148600e-04;       1201
4.3710099025400e-04;       1201
4.3712035118700e-04;        612
4.3713970015200e-04;        612
4.3715906103800e-04;         23
4.3717840983900e-04;         23
4.3719777071000e-04;       2524
4.3721711955500e-04;       2524
4.3723648035600e-04;       1935
4.3725582931000e-04;       1935
4.3727519023600e-04;       1346
4.3729453898800e-04;       1346
4.3731389993100e-04;       3847
4.3733324888800e-04;       3847
4.3735260971000e-04;       3258
4.3737195852500e-04;       3258
4.3739131942900e-04;       5759
4.3741066818700e-04;       5759
4.3743002917300e-04;       5170
4.3744615213500e-04;       5170
4.3746551304600e-04;       4581
4.3748486170200e-04;       4581
4.3750422263800e-04;       -719
4.3752357136900e-04;       -719
4.3754293253200e-04;       6493
4.3756228127200e-04;       6493
4.3758164222700e-04;       1193
4.3760099104200e-04;       1193
4.3762035188300e-04;        604
4.3763970070900e-04;        604
4.3765906143900e-04;         15
4.3767841037800e-04;         15
4.3769777127100e-04;       2516
4.3771711996000e-04;       2516
4.3773648091500e-04;       1927
4.3775582979900e-04;       1927
4.3777519041500e-04;       1338
4.3779453925600e-04;       1338
4.3781390000100e-04;       3839
4.3783324868000e-04;       3839
4.3785260957000e-04;       3250
4.3787195839500e-04;       3250
4.3789131946500e-04;       5751
4.3791066835400e-04;       5751
4.3793002925900e-04;       5162
4.3794615231000e-04;       5162
4.3796551308900e-04;       4573
4.3798486195300e-04;       4573
4.3800422281100e-04;       -727
4.3802357160800e-04;       -727
4.3804293243200e-04;       6485
4.3806228119700e-04;       6485
4.3808164208500e-04;       1185
4.3810099090900e-04;       1185
4.3812035166100e-04;        596
4.3813970057600e-04;        596
4.3815906142200e-04;          7
4.3817841007000e-04;          7
4.3819777106700e-04;       2508
4.3821711975300e-04;       2508
4.3823648058400e-04;       1919
4.3825582950600e-04;       1919
4.3827519043900e-04;       1330
4.3829453932000e-04;       1330
4.3831390015200e-04;       3831
4.3833324915000e-04;       3831
4.3835260984100e-04;       3242
4.3837195866600e-04;       3242
4.3839131950700e-04;       5743
4.3841066841900e-04;       5743
4.3843002932000e-04;       5154
4.3844615253200e-04;       5154
4.3846551330800e-04;       4565
4.3848486222200e-04;       4565
4.3850422305800e-04;       -735
4.3852357172800e-04;       -735
4.3854293263900e-04;       6477
4.3856228155400e-04;       6477
4.3858164251300e-04;       1177
4.3860099125200e-04;       1177
4.3862035201000e-04;        588
4.3863970085700e-04;        588
4.3865906168700e-04;         -1
4.3867841046400e-04;         -1
4.3869777118100e-04;       2500
4.3871711999800e-04;       2500
4.3873648095000e-04;       1911
4.3875582974800e-04;       1911
4.3877519062900e-04;       1322
4.3879453946100e-04;       1322
4.3881390024100e-04;       3823
4.3883324921400e-04;       3823
4.3885261013200e-04;       3234
4.3887195887600e-04;       3234
4.3889131981600e-04;       5735
4.3891066860000e-04;       5735
4.3893002933600e-04;       5146
4.3894615237400e-04;       5146
4.3896551324100e-04;       4557
4.3898486207400e-04;       4557
4.3900422293200e-04;       7058
4.3902357183300e-04;       7058
4.3904293254800e-04;       6469
4.3906228140300e-04;       6469
4.3908164238900e-04;       1169
4.3910099121600e-04;       1169
4.3912035187300e-04;        580
4.3913970074200e-04;        580
4.3915906148100e-04;         -9
4.3917841010000e-04;         -9
4.3919777108900e-04;       2492
4.3921711982300e-04;       2492
4.3923648052600e-04;       1903
4.3925582942300e-04;       1903
4.3927519032500e-04;       1314
4.3929453924000e-04;       1314
4.3931390000100e-04;       3815
4.3933324885300e-04;       3815
4.3935260965200e-04;       3226
4.3937195848200e-04;       3226
4.3939131943800e-04;       5727
4.3941066834500e-04;       5727
4.3943002916000e-04;       5138
4.3944615214800e-04;       5138
4.3946551296700e-04;       4549
4.3948486187000e-04;       4549
4.3950422266200e-04;       -751
4.3952357156400e-04;       -751
4.3954293227200e-04;       6461
4.3956228121400e-04;       6461
4.3958164215300e-04;       1161
4.3960099089900e-04;       1161
4.3962035173400e-04;        572
4.3963970055700e-04;        572
4.3965906147500e-04;        -17
4.3967841017300e-04;        -17
4.3969777118400e-04;       2484
4.3971711998800e-04;       2484
4.3973648084200e-04;       1895
4.3975582965300e-04;       1895
4.3977519057600e-04;       1306
4.3979453954400e-04;       1306
4.3981390043900e-04;       3807
4.3983324933700e-04;       3807
4.3985261028600e-04;       3218
4.3987195919200e-04;       3218
4.3989131994300e-04;       5719
4.3991066880200e-04;       5719
4.3993002958000e-04;       5130
4.3994615288500e-04;       5130
4.3996551382300e-04;       4541
4.3998486265000e-04;       4541
4.4000422346700e-04;       7042
4.4002357217100e-04;       7042
4.4004293313800e-04;       6453
4.4006228193200e-04;       6453
4.4008164277300e-04;       1153
4.4010099155300e-04;       1153
4.4012035233600e-04;        564
4.4013970114300e-04;        564
4.4015906212900e-04;        -25
4.4017841107200e-04;        -25
4.4019777167100e-04;       2476
4.4021712060800e-04;       2476
4.4023648152400e-04;       1887
4.4025583034100e-04;       1887
4.4027519123300e-04;       9099
4.4029454008400e-04;       9099
4.4031390090800e-04;       3799
4.4033324966500e-04;       3799
4.4035261050700e-04;       3210
4.4037195940900e-04;       3210
4.4039132002900e-04;       5711
4.4041066904500e-04;       5711
4.4043002973700e-04;       5122
4.4044615281500e-04;       5122
4.4046551357800e-04;       4533
4.4048486246800e-04;       4533
4.4050422305000e-04;       7034
4.4052357195700e-04;       7034
4.4054293264600e-04;       6445
4.4056228163500e-04;       6445
4.4058164231000e-04;       1145
4.4060099114100e-04;       1145
4.4062035204500e-04;        556
4.4063970082400e-04;        556
4.4065906164700e-04;        -33
4.4067841043600e-04;        -33
4.4069777127900e-04;       2468
4.4071712013400e-04;       2468
4.4073648091600e-04;       1879
4.4075582994800e-04;       1879
4.4077519064700e-04;       1290
4.4079453952800e-04;       1290
4.4081390038200e-04;       3791
4.4083324927900e-04;       3791
4.4085261008600e-04;       3202
4.4087195884800e-04;       3202
4.4089131969000e-04;      -2098
4.4091066864800e-04;      -2098
4.4093002937100e-04;       5114
4.4094615246900e-04;       5114
4.4096551335700e-04;       4525
4.4098486234200e-04;       4525
4.4100422303300e-04;       -775
4.4102357190800e-04;       -775
4.4104293284400e-04;       6437
4.4106228164400e-04;       6437
4.4108164238700e-04;       1137
4.4110099117600e-04;       1137
4.4112035208600e-04;        548
4.4113970091700e-04;        548
4.4115906168400e-04;        -41
4.4117841047700e-04;        -41
4.4119777134000e-04;       2460
4.4121712004200e-04;       2460
4.4123648088400e-04;       1871
4.4125582969000e-04;       1871
4.4127519046400e-04;       1282
4.4129453951500e-04;       1282
4.4131390020500e-04;       3783
4.4133324922900e-04;       3783
4.4135261000500e-04;       3194
4.4137195889100e-04;       3194
4.4139131968200e-04;       5695
4.4141066851300e-04;       5695
4.4143002920700e-04;       5106
4.4144615244500e-04;       5106
4.4146551317700e-04;       4517
4.4148486210700e-04;       4517
4.4150422292000e-04;       -783
4.4152357180100e-04;       -783
4.4154293249200e-04;       6429
4.4156228142400e-04;       6429
4.4158164218400e-04;       1129
4.4160099093900e-04;       1129
4.4162035176200e-04;        540
4.4163970061400e-04;        540
4.4165906134400e-04;        -49
4.4167841019700e-04;        -49
4.4169777101300e-04;       2452
4.4171711982800e-04;       2452
4.4173648065500e-04;       1863
4.4175582954400e-04;       1863
4.4177519038000e-04;       1274
4.4179453926100e-04;       1274
4.4181389997400e-04;       3775
4.4183324887700e-04;       3775
4.4185260972600e-04;       3186
4.4187195862500e-04;       3186
4.4189131959400e-04;       5687
4.4191066843900e-04;       5687
4.4193002911200e-04;       5098
4.4194615214600e-04;       5098
4.4196551295000e-04;       4509
4.4198486187000e-04;       4509
4.4200422281100e-04;       7010
4.4202357163600e-04;       7010
4.4204293243100e-04;       6421
4.4206228134600e-04;       6421
4.4208164196900e-04;       1121
4.4210099076300e-04;       1121
4.4212035163300e-04;        532
4.4213970052700e-04;        532
4.4215906134200e-04;       7744
4.4217841007600e-04;       7744
4.4219777090000e-04;       2444
4.4221711963500e-04;       2444
4.4223648062500e-04;       1855
4.4225582943600e-04;       1855
4.4227519034500e-04;       1266
4.4229453905700e-04;       1266
4.4231389991200e-04;       3767
4.4233324879400e-04;       3767
4.4235260962000e-04;       3178
4.4237195843400e-04;       3178
4.4239131919500e-04;      -2122
4.4241066797700e-04;      -2122
4.4243002879400e-04;       5090
4.4244615189600e-04;       5090
4.4246551279200e-04;       4501
4.4248486165100e-04;       4501
4.4250422243400e-04;       -799
4.4252357151400e-04;       -799
4.4254293232000e-04;       6413
4.4256228122800e-04;       6413
4.4258164197600e-04;       1113
4.4260099076800e-04;       1113
4.4262035168800e-04;        524
4.4263970044000e-04;        524
4.4265906116500e-04;        -65
4.4267841006700e-04;        -65
4.4269777076100e-04;       2436
4.4271711967300e-04;       2436
4.4273648052700e-04;       1847
4.4275582917500e-04;       1847
4.4277518991400e-04;       1258
4.4279453868900e-04;       1258
4.4281389942600e-04;       3759
4.4283324837900e-04;       3759
4.4285260922800e-04;       3170
4.4287195808400e-04;       3170
4.4289131893100e-04;      -2130
4.4291066785200e-04;      -2130
4.4293002869900e-04;       5082
4.4294615175900e-04;       5082
4.4296551264300e-04;       4493
4.4298486140900e-04;       4493
4.4300422219500e-04;       -807
4.4302357120300e-04;       -807
4.4304293204300e-04;       6405
4.4306228084100e-04;       6405
4.4308164163200e-04;       1105
4.4310099055000e-04;       1105
4.4312035136000e-04;        516
4.4313970034100e-04;        516
4.4315906109700e-04;        -73
4.4317840988800e-04;        -73
4.4319777067500e-04;       2428
4.4321711944700e-04;       2428
4.4323648034200e-04;       1839
4.4325582923900e-04;       1839
4.4327519000300e-04;       9051
4.4329453893400e-04;       9051
4.4331389988200e-04;       3751
4.4333324878800e-04;       3751
4.4335260960500e-04;       3162
4.4337195858900e-04;       3162
4.4339131916000e-04;       5663
4.4341066805900e-04;       5663
4.4343002891600e-04;       5074
4.4344615189300e-04;       5074
4.4346551284500e-04;       4485
4.4348486146200e-04;       4485
4.4350422213400e-04;       -815
4.4352357097200e-04;       -815
4.4354293188900e-04;       6397
4.4356228070400e-04;       6397
4.4358164162000e-04;       1097
4.4360099050600e-04;       1097
4.4362035130200e-04;        508
4.4363970001600e-04;        508
4.4365906094900e-04;        -81
4.4367840969600e-04;        -81
4.4369777036000e-04;       2420
4.4371711919400e-04;       2420
4.4373647999000e-04;       1831
4.4375582898400e-04;       1831
4.4377518979900e-04;       1242
4.4379453863500e-04;       1242
4.4381389954800e-04;       3743
4.4383324843200e-04;       3743
4.4385260918000e-04;       3154
4.4387195796200e-04;       3154
4.4389131903500e-04;       5655
4.4391066789500e-04;       5655
4.4393002886800e-04;       5066
4.4394615195900e-04;       5066
4.4396551292500e-04;       4477
4.4398486184300e-04;       4477
4.4400422263800e-04;       -823
4.4402357135600e-04;       -823
4.4404293212200e-04;       6389
4.4406228103800e-04;       6389
4.4408164182700e-04;       1089
4.4410099072000e-04;       1089
4.4412035153400e-04;        500
4.4413970040400e-04;        500
4.4415906137700e-04;        -89
4.4417841027700e-04;        -89
4.4419777089600e-04;       2412
4.4421711997900e-04;       2412
4.4423648085900e-04;       1823
4.4425582958400e-04;       1823
4.4427519052300e-04;       9035
4.4429453930300e-04;       9035
4.4431390031000e-04;       3735
4.4433324904900e-04;       3735
4.4435260991600e-04;       3146
4.4437195880200e-04;       3146
4.4439131959300e-04;       5647
4.4441066839000e-04;       5647
4.4443002928400e-04;       5058
4.4444615227400e-04;       5058
4.4446551321100e-04;       4469
4.4448486203500e-04;       4469
4.4450422291300e-04;       -831
4.4452357161800e-04;       -831
4.4454293253100e-04;       6381
4.4456228147000e-04;       6381
4.4458164222700e-04;       1081
4.4460099108100e-04;       1081
4.4462035190000e-04;        492
4.4463970077100e-04;        492
4.4465906146900e-04;        -97
4.4467841030700e-04;        -97
4.4469777106900e-04;       2404
4.4471712000200e-04;       2404
4.4473648086600e-04;       1815
4.4475582968500e-04;       1815
4.4477519051500e-04;       1226
4.4479453920900e-04;       1226
4.4481390009900e-04;       3727
4.4483324902300e-04;       3727
4.4485260982500e-04;       3138
4.4487195877900e-04;       3138
4.4489131950200e-04;      -2162
4.4491066853600e-04;      -2162
4.4493002931100e-04;       5050
4.4494615245700e-04;       5050
4.4496551332700e-04;       4461
4.4498486229900e-04;       4461
4.4500422285500e-04;       -839
4.4502357168800e-04;       -839
4.4504293259000e-04;       6373
4.4506228149600e-04;       6373
4.4508164244900e-04;       1073
4.4510099129500e-04;       1073
4.4512035202500e-04;        484
4.4513970094400e-04;        484
4.4515906176900e-04;       -105
4.4517841048700e-04;       -105
4.4519777133400e-04;       2396
4.4521712024400e-04;       2396
4.4523648108200e-04;       1807
4.4525582984400e-04;       1807
4.4527519090500e-04;       1218
4.4529453962600e-04;       1218
4.4531390055200e-04;       3719
4.4533324943700e-04;       3719
4.4535261032600e-04;       3130
4.4537195918800e-04;       3130
4.4539132001100e-04;       5631
4.4541066906800e-04;       5631
4.4543002981000e-04;       5042
4.4544615292800e-04;       5042
4.4546551372500e-04;       4453
4.4548486252200e-04;       4453
4.4550422328500e-04;       6954
4.4552357211200e-04;       6954
4.4554293292600e-04;       6365
4.4556228181800e-04;       6365
4.4558164260100e-04;       1065
4.4560099145800e-04;       1065
4.4562035217500e-04;        476
4.4563970105200e-04;        476
4.4565906186200e-04;       7688
4.4567841069900e-04;       7688
4.4569777155100e-04;       2388
4.4571712036900e-04;       2388
4.4573648109200e-04;       1799
4.4575583000500e-04;       1799
4.4577519088800e-04;       9011
4.4579453984300e-04;       9011
4.4581390079500e-04;       3711
4.4583324961000e-04;       3711
4.4585261027500e-04;       3122
4.4587195924500e-04;       3122
4.4589132001900e-04;       5623
4.4591066891300e-04;       5623
4.4593002977600e-04;       5034
4.4594615281700e-04;       5034
4.4596551355400e-04;       4445
4.4598486236700e-04;       4445
4.4600422315500e-04;       -855
4.4602357173700e-04;       -855
4.4604293259600e-04;       6357
4.4606228140600e-04;       6357
4.4608164232000e-04;       1057
4.4610099101700e-04;       1057
4.4612035201600e-04;        468
4.4613970081900e-04;        468
4.4615906178700e-04;       -121
4.4617841070700e-04;       -121
4.4619777170500e-04;       2380
4.4621712032900e-04;       2380
4.4623648127300e-04;       1791
4.4625583004800e-04;       1791
4.4627519094800e-04;       1202
4.4629453963900e-04;       1202
4.4631390051500e-04;       3703
4.4633324927000e-04;       3703
4.4635261010800e-04;       3114
4.4637195905200e-04;       3114
4.4639131992500e-04;      -2186
4.4641066890700e-04;      -2186
4.4643002970900e-04;       5026
4.4644615287000e-04;       5026
4.4646551352000e-04;       4437
4.4648486223300e-04;       4437
4.4650422307500e-04;       -863
4.4652357196100e-04;       -863
4.4654293284500e-04;       6349
4.4656228164400e-04;       6349
4.4658164248200e-04;       1049
4.4660099127300e-04;       1049
4.4662035201800e-04;        460
4.4663970104400e-04;        460
4.4665906180600e-04;       7672
4.4667841066900e-04;       7672
4.4669777167000e-04;       2372
4.4671712038500e-04;       2372
4.4673648144200e-04;       1783
4.4675583011400e-04;       1783
4.4677519113700e-04;       1194
4.4679454003900e-04;       1194
4.4681390087500e-04;       3695
4.4683324967000e-04;       3695
4.4685261039300e-04;       3106
4.4687195932700e-04;       3106
4.4689132017500e-04;       5607
4.4691066904400e-04;       5607
4.4693002984700e-04;       5018
4.4694615289000e-04;       5018
4.4696551364600e-04;       4429
4.4698486245300e-04;       4429
4.4700422330700e-04;       -871
4.4702357214400e-04;       -871
4.4704293288200e-04;       6341
4.4706228170800e-04;       6341
4.4708164237400e-04;       1041
4.4710099119200e-04;       1041
4.4712035209500e-04;        452
4.4713970085700e-04;        452
4.4715906167000e-04;       -137
4.4717841054000e-04;       -137
4.4719777129700e-04;       2364
4.4721712013600e-04;       2364
4.4723648098500e-04;       1775
4.4725582995200e-04;       1775
4.4727519074400e-04;       1186
4.4729453946600e-04;       1186
4.4731390022900e-04;       3687
4.4733324919600e-04;       3687
4.4735260995400e-04;       3098
4.4737195883700e-04;       3098
4.4739131977800e-04;       5599
4.4741066867200e-04;       5599
4.4743002957400e-04;       5010
4.4744615261500e-04;       5010
4.4746551348600e-04;       4421
4.4748486241200e-04;       4421
4.4750422328100e-04;       -879
4.4752357216400e-04;       -879
4.4754293303700e-04;       6333
4.4756228189400e-04;       6333
4.4758164276700e-04;       1033
4.4760099150500e-04;       1033
4.4762035259100e-04;        444
4.4763970138400e-04;        444
4.4765906226800e-04;       -145
4.4767841121000e-04;       -145
4.4769777194200e-04;       2356
4.4771712067500e-04;       2356
4.4773648152000e-04;       1767
4.4775583027100e-04;       1767
4.4777519115600e-04;       1178
4.4779453997300e-04;       1178
4.4781390091200e-04;       3679
4.4783324981700e-04;       3679
4.4785261065200e-04;       3090
4.4787195954800e-04;       3090
4.4789132029900e-04;       5591
4.4791066910900e-04;       5591
4.4793002999800e-04;       5002
4.4794615310200e-04;       5002
4.4796551404900e-04;       4413
4.4798486290800e-04;       4413
4.4800422366300e-04;       -887
4.4802357247400e-04;       -887
4.4804293326200e-04;       6325
4.4806228202300e-04;       6325
4.4808164289900e-04;       1025
4.4810099159600e-04;       1025
4.4812035248800e-04;        436
4.4813970147000e-04;        436
4.4815906223700e-04;       -153
4.4817841120000e-04;       -153
4.4819777215800e-04;       2348
4.4821712103000e-04;       2348
4.4823648201000e-04;       1759
4.4825583088800e-04;       1759
4.4827519163100e-04;       8971
4.4829454050500e-04;       8971
4.4831390119400e-04;       3671
4.4833325014900e-04;       3671
4.4835261091900e-04;       3082
4.4837195972100e-04;       3082
4.4839132045400e-04;       5583
4.4841066917800e-04;       5583
4.4843003011800e-04;       4994
4.4844615326400e-04;       4994
4.4846551413500e-04;       4405
4.4848486296600e-04;       4405
4.4850422399300e-04;       6906
4.4852357270000e-04;       6906
4.4854293353500e-04;       6317
4.4856228248600e-04;       6317
4.4858164323200e-04;       1017
4.4860099204700e-04;       1017
4.4862035290500e-04;        428
4.4863970176200e-04;        428
4.4865906261600e-04;       7640
4.4867841151800e-04;       7640
4.4869777234200e-04;       2340
4.4871712118000e-04;       2340
4.4873648213500e-04;       1751
4.4875583105100e-04;       1751
4.4877519194100e-04;       8963
4.4879454069300e-04;       8963
4.4881390169700e-04;       3663
4.4883325045200e-04;       3663
4.4885261129300e-04;       3074
4.4887196015000e-04;       3074
4.4889132108500e-04;       5575
4.4891066976400e-04;       5575
4.4893003059300e-04;       4986
4.4894615389300e-04;       4986
4.4896551464800e-04;       4397
4.4898486339000e-04;       4397
4.4900422413900e-04;       6898
4.4902357298200e-04;       6898
4.4904293389700e-04;       6309
4.4906228274100e-04;       6309
4.4908164356900e-04;       1009
4.4910099235200e-04;       1009
4.4912035324500e-04;        420
4.4913970215900e-04;        420
4.4915906317900e-04;       -169
4.4917841192900e-04;       -169
4.4919777274400e-04;       2332
4.4921712151000e-04;       2332
4.4923648239900e-04;       1743
4.4925583120900e-04;       1743
4.4927519205600e-04;       8955
4.4929454084400e-04;       8955
4.4931390166500e-04;       3655
4.4933325040900e-04;       3655
4.4935261144000e-04;       3066
4.4937196005000e-04;       3066
4.4939132085700e-04;       5567
4.4941066977300e-04;       5567
4.4943003070400e-04;       4978
4.4944615373500e-04;       4978
4.4946551466400e-04;       4389
4.4948486353700e-04;       4389
4.4950422429600e-04;       -911
4.4952357330500e-04;       -911
4.4954293410100e-04;       6301
4.4956228274600e-04;       6301
4.4958164336700e-04;       1001
4.4960099227500e-04;       1001
4.4962035314900e-04;        412
4.4963970194900e-04;        412
4.4965906278300e-04;       7624
4.4967841167000e-04;       7624
4.4969777265300e-04;       2324
4.4971712144900e-04;       2324
4.4973648220000e-04;       1735
4.4975583106300e-04;       1735
4.4977519187600e-04;       8947
4.4979454050300e-04;       8947
4.4981390137100e-04;       3647
4.4983325001800e-04;       3647
4.4985261095200e-04;       3058
4.4987195971300e-04;       3058
4.4989132068900e-04;       5559
4.4991066948100e-04;       5559
4.4993003037200e-04;       4970
4.4994615342300e-04;       4970
4.4996551412700e-04;       4381
4.4998486284300e-04;       4381
4.5000422362000e-04;       -919
4.5002357245900e-04;       -919
4.5004293307800e-04;       6293
4.5006228197000e-04;       6293
4.5008164266300e-04;        993
4.5010099140800e-04;        993
4.5012035229600e-04;        404
4.5013970111800e-04;        404
4.5015906176600e-04;       -185
4.5017841073400e-04;       -185
4.5019777158400e-04;       2316
4.5021712044100e-04;       2316
4.5023648131300e-04;       1727
4.5025583017800e-04;       1727
4.5027519103800e-04;       1138
4.5029453986700e-04;       1138
4.5031390069200e-04;       3639
4.5033324954700e-04;       3639
4.5035261046300e-04;       3050
4.5037195942900e-04;       3050
4.5039132028900e-04;       5551
4.5041066915100e-04;       5551
4.5043003002600e-04;       4962
4.5044615316600e-04;       4962
4.5046551398900e-04;       4373
4.5048486286800e-04;       4373
4.5050422378000e-04;       6874
4.5052357254900e-04;       6874
4.5054293343200e-04;       6285
4.5056228223400e-04;       6285
4.5058164300700e-04;        985
4.5060099192000e-04;        985
4.5062035269200e-04;        396
4.5063970142200e-04;        396
4.5065906237400e-04;       7608
4.5067841112700e-04;       7608
4.5069777185100e-04;       2308
4.5071712056200e-04;       2308
4.5073648143100e-04;       1719
4.5075583033000e-04;       1719
4.5077519119900e-04;       1130
4.5079454008600e-04;       1130
4.5081390085300e-04;       3631
4.5083324958300e-04;       3631
4.5085261051500e-04;       3042
4.5087195918600e-04;       3042
4.5089132018000e-04;       5543
4.5091066895300e-04;       5543
4.5093002977200e-04;       4954
4.5094615279900e-04;       4954
4.5096551371300e-04;       4365
4.5098486257000e-04;       4365
4.5100422354700e-04;       6866
4.5102357231900e-04;       6866
4.5104293320700e-04;       6277
4.5106228194800e-04;       6277
4.5108164290800e-04;        977
4.5110099166900e-04;        977
4.5112035240400e-04;        388
4.5113970126400e-04;        388
4.5115906203500e-04;       -201
4.5117841097300e-04;       -201
4.5119777178100e-04;       2300
4.5121712045800e-04;       2300
4.5123648135900e-04;       1711
4.5125583024500e-04;       1711
4.5127519115400e-04;       1122
4.5129453995400e-04;       1122
4.5131390094000e-04;       3623
4.5133324977500e-04;       3623
4.5135261067800e-04;       3034
4.5137195950700e-04;       3034
4.5139132050900e-04;       5535
4.5141066938800e-04;       5535
4.5143003022500e-04;       4946
4.5144615336500e-04;       4946
4.5146551409000e-04;       4357
4.5148486299200e-04;       4357
4.5150422384100e-04;       -943
4.5152357260200e-04;       -943
4.5154293343900e-04;       6269
4.5156228232300e-04;       6269
4.5158164304200e-04;        969
4.5160099188200e-04;        969
4.5162035268800e-04;        380
4.5163970134100e-04;        380
4.5165906220300e-04;       -209
4.5167841108400e-04;       -209
4.5169777199400e-04;       2292
4.5171712093000e-04;       2292
4.5173648168900e-04;       1703
4.5175583067100e-04;       1703
4.5177519157900e-04;       1114
4.5179454023100e-04;       1114
4.5181390130000e-04;       3615
4.5183325010100e-04;       3615
4.5185261097000e-04;       3026
4.5187195978700e-04;       3026
4.5189132063000e-04;       5527
4.5191066956000e-04;       5527
4.5193003033300e-04;       4938
4.5194615336100e-04;       4938
4.5196551437700e-04;       4349
4.5198486308000e-04;       4349
4.5200422385700e-04;       6850
4.5202357271700e-04;       6850
4.5204293347400e-04;       6261
4.5206228239300e-04;       6261
4.5208164311700e-04;        961
4.5210099183700e-04;        961
4.5212035276700e-04;        372
4.5213970144900e-04;        372
4.5215906236100e-04;       -217
4.5217841121700e-04;       -217
4.5219777202100e-04;       2284
4.5221712076800e-04;       2284
4.5223648167200e-04;       1695
4.5225583054400e-04;       1695
4.5227519126400e-04;       1106
4.5229454014900e-04;       1106
4.5231390106100e-04;       3607
4.5233325005700e-04;       3607
4.5235261065500e-04;       3018
4.5237195959300e-04;       3018
4.5239132044100e-04;       5519
4.5241066936900e-04;       5519
4.5243003016300e-04;       4930
4.5244615330800e-04;       4930
4.5246551405500e-04;       4341
4.5248486298700e-04;       4341
4.5250422372200e-04;       6842
4.5252357268200e-04;       6842
4.5254293342600e-04;       6253
4.5256228224800e-04;       6253
4.5258164318800e-04;        953
4.5260099203600e-04;        953
4.5262035291900e-04;        364
4.5263970161400e-04;        364
4.5265906243900e-04;       -225
4.5267841123200e-04;       -225
4.5269777200100e-04;       2276
4.5271712091000e-04;       2276
4.5273648160500e-04;       1687
4.5275583040700e-04;       1687
4.5277519128500e-04;       8899
4.5279453994500e-04;       8899
4.5281390078100e-04;       3599
4.5283324963000e-04;       3599
4.5285261061900e-04;       3010
4.5287195947600e-04;       3010
4.5289132002700e-04;       5511
4.5291066893800e-04;       5511
4.5293002975200e-04;       4922
4.5294615271800e-04;       4922
4.5296551359300e-04;       4333
4.5298486243900e-04;       4333
4.5300422327900e-04;       6834
4.5302357206800e-04;       6834
4.5304293295000e-04;       6245
4.5306228181400e-04;       6245
4.5308164246600e-04;        945
4.5310099129400e-04;        945
4.5312035219000e-04;        356
4.5313970104800e-04;        356
4.5315906187600e-04;       -233
4.5317841035400e-04;       -233
4.5319777119700e-04;       2268
4.5321711998400e-04;       2268
4.5323648082900e-04;       1679
4.5325582965100e-04;       1679
4.5327519045700e-04;       1090
4.5329453921900e-04;       1090
4.5331390003100e-04;       3591
4.5333324872800e-04;       3591
4.5335260980700e-04;       3002
4.5337195867800e-04;       3002
4.5339131958400e-04;       5503
4.5341066851700e-04;       5503
4.5343002930900e-04;       4914
4.5344615223800e-04;       4914
4.5346551302600e-04;       4325
4.5348486173300e-04;       4325
4.5350422270600e-04;       -975
4.5352357144000e-04;       -975
4.5354293222800e-04;       6237
4.5356228112400e-04;       6237
4.5358164203700e-04;        937
4.5360099083400e-04;        937
4.5362035167900e-04;        348
4.5363970056800e-04;        348
4.5365906130000e-04;       -241
4.5367841014900e-04;       -241
4.5369777098800e-04;       2260
4.5371711961200e-04;       2260
4.5373648052000e-04;       1671
4.5375582930600e-04;       1671
4.5377519012200e-04;       1082
4.5379453893300e-04;       1082
4.5381389992900e-04;       3583
4.5383324870600e-04;       3583
4.5385260959000e-04;       2994
4.5387195828700e-04;       2994
4.5389131926500e-04;      -2306
4.5391066817200e-04;      -2306
4.5393002903500e-04;       4906
4.5394615203700e-04;       4906
4.5396551277900e-04;       4317
4.5398486177000e-04;       4317
4.5400422253600e-04;       -983
4.5402357148600e-04;       -983
4.5404293232900e-04;       6229
4.5406228120500e-04;       6229
4.5408164204900e-04;        929
4.5410099090100e-04;        929
4.5412035169500e-04;        340
4.5413970059900e-04;        340
4.5415906127500e-04;       7552
4.5417841018400e-04;       7552
4.5419777097300e-04;       2252
4.5421711974000e-04;       2252
4.5423648056000e-04;       1663
4.5425582953800e-04;       1663
4.5427519017300e-04;       1074
4.5429453909500e-04;       1074
4.5431389998100e-04;       3575
4.5433324878500e-04;       3575
4.5435260970000e-04;       2986
4.5437195853600e-04;       2986
4.5439131932700e-04;      -2314
4.5441066824300e-04;      -2314
4.5443002910700e-04;       4898
4.5444615217100e-04;       4898
4.5446551297400e-04;       4309
4.5448486170200e-04;       4309
4.5450422261600e-04;       -991
4.5452357116600e-04;       -991
4.5454293193800e-04;       6221
4.5456228086600e-04;       6221
4.5458164172900e-04;        921
4.5460099051800e-04;        921
4.5462035141000e-04;        332
4.5463970017800e-04;        332
4.5465906101700e-04;       -257
4.5467840994300e-04;       -257
4.5469777077400e-04;       2244
4.5471711969900e-04;       2244
4.5473648051300e-04;       1655
4.5475582941600e-04;       1655
4.5477519028300e-04;       1066
4.5479453913900e-04;       1066
4.5481390003400e-04;       3567
4.5483324882600e-04;       3567
4.5485260963000e-04;       2978
4.5487195848900e-04;       2978
4.5489131928600e-04;      -2322
4.5491066816400e-04;      -2322
4.5493002886500e-04;       4890
4.5494615204000e-04;       4890
4.5496551282300e-04;       4301
4.5498486168000e-04;       4301
4.5500422253700e-04;       6802
4.5502357130500e-04;       6802
4.5504293217700e-04;       6213
4.5506228097400e-04;       6213
4.5508164185600e-04;        913
4.5510099078900e-04;        913
4.5512035156400e-04;        324
4.5513970029600e-04;        324
4.5515906124800e-04;       -265
4.5517841006200e-04;       -265
4.5519777107000e-04;       2236
4.5521711972100e-04;       2236
4.5523648080100e-04;       1647
4.5525582961700e-04;       1647
4.5527519041000e-04;       1058
4.5529453925200e-04;       1058
4.5531390005600e-04;       3559
4.5533324882600e-04;       3559
4.5535260955100e-04;       2970
4.5537195856900e-04;       2970
4.5539131929600e-04;      -2330
4.5541066829100e-04;      -2330
4.5543002914900e-04;       4882
4.5544615212900e-04;       4882
4.5546551286600e-04;       4293
4.5548486179600e-04;       4293
4.5550422245200e-04;      -1007
4.5552357124300e-04;      -1007
4.5554293201600e-04;       6205
4.5556228100800e-04;       6205
4.5558164189500e-04;        905
4.5560099083700e-04;        905
4.5562035154000e-04;        316
4.5563970045800e-04;        316
4.5565906130400e-04;       -273
4.5567841010900e-04;       -273
4.5569777092300e-04;       2228
4.5571711992000e-04;       2228
4.5573648077400e-04;       1639
4.5575582971900e-04;       1639
4.5577519049600e-04;       1050
4.5579453925900e-04;       1050
4.5581390009200e-04;       3551
4.5583324898300e-04;       3551
4.5585260977900e-04;       2962
4.5587195866200e-04;       2962
4.5589131944700e-04;       5463
4.5591066827400e-04;       5463
4.5593002908700e-04;       4874
4.5594615207500e-04;       4874
4.5596551290100e-04;       4285
4.5598486174700e-04;       4285
4.5600422261100e-04;      -1015
4.5602357141100e-04;      -1015
4.5604293227900e-04;       6197
4.5606228116900e-04;       6197
4.5608164208000e-04;        897
4.5610099085000e-04;        897
4.5612035171000e-04;        308
4.5613970051800e-04;        308
4.5615906148100e-04;       -281
4.5617841039600e-04;       -281
4.5619777133400e-04;       2220
4.5621712011200e-04;       2220
4.5623648106900e-04;       1631
4.5625582993300e-04;       1631
4.5627519073900e-04;       1042
4.5629453952400e-04;       1042
4.5631390027400e-04;       3543
4.5633324920300e-04;       3543
4.5635261004700e-04;       2954
4.5637195882200e-04;       2954
4.5639131971500e-04;       5455
4.5641066858100e-04;       5455
4.5643002933200e-04;       4866
4.5644615239600e-04;       4866
4.5646551311100e-04;       4277
4.5648486203400e-04;       4277
4.5650422285700e-04;      -1023
4.5652357168500e-04;      -1023
4.5654293275700e-04;       6189
4.5656228161100e-04;       6189
4.5658164258600e-04;        889
4.5660099148600e-04;        889
4.5662035224000e-04;        300
4.5663970110000e-04;        300
4.5665906205500e-04;       7512
4.5667841082500e-04;       7512
4.5669777160100e-04;       2212
4.5671712044100e-04;       2212
4.5673648126600e-04;       1623
4.5675583007600e-04;       1623
4.5677519088900e-04;       8835
4.5679453983600e-04;       8835
4.5681390047100e-04;       3535
4.5683324931700e-04;       3535
4.5685261001600e-04;       2946
4.5687195883000e-04;       2946
4.5689131976700e-04;       5447
4.5691066855900e-04;       5447
4.5693002952000e-04;       4858
4.5694615249200e-04;       4858
4.5696551343400e-04;       4269
4.5698486227900e-04;       4269
4.5700422301000e-04;       6770
4.5702357190200e-04;       6770
4.5704293287500e-04;       6181
4.5706228159800e-04;       6181
4.5708164243600e-04;        881
4.5710099120500e-04;        881
4.5712035210900e-04;        292
4.5713970085000e-04;        292
4.5715906162100e-04;       7504
4.5717841034800e-04;       7504
4.5719777118800e-04;       2204
4.5721712008900e-04;       2204
4.5723648079400e-04;       1615
4.5725582963500e-04;       1615
4.5727519038900e-04;       1026
4.5729453919300e-04;       1026
4.5731390010400e-04;       3527
4.5733324888900e-04;       3527
4.5735260979300e-04;       2938
4.5737195860200e-04;       2938
4.5739131938900e-04;       5439
4.5741066817400e-04;       5439
4.5743002883000e-04;       4850
4.5744615188300e-04;       4850
4.5746551270000e-04;       4261
4.5748486154900e-04;       4261
4.5750422238200e-04;       6762
4.5752357142700e-04;       6762
4.5754293219900e-04;       6173
4.5756228095700e-04;       6173
4.5758164194800e-04;        873
4.5760099076100e-04;        873
4.5762035147100e-04;        284
4.5763970040500e-04;        284
4.5765906118100e-04;       -305
4.5767840991300e-04;       -305
4.5769777079100e-04;       2196
4.5771711947500e-04;       2196
4.5773648034200e-04;       1607
4.5775582926500e-04;       1607
4.5777519014300e-04;       1018
4.5779453883200e-04;       1018
4.5781389977800e-04;       3519
4.5783324855000e-04;       3519
4.5785260940900e-04;       2930
4.5787195824800e-04;       2930
4.5789131906200e-04;       5431
4.5791066789200e-04;       5431
4.5793002877400e-04;       4842
4.5794615178800e-04;       4842
4.5796551255900e-04;       4253
4.5798486138400e-04;       4253
4.5800422233600e-04;      -1047
4.5802357098500e-04;      -1047
4.5804293169700e-04;       6165
4.5806228064400e-04;       6165
4.5808164144100e-04;        865
4.5810099028900e-04;        865
4.5812035109800e-04;        276
4.5813969977700e-04;        276
4.5815906059800e-04;       -313
4.5817840940400e-04;       -313
4.5819777013600e-04;       2188
4.5821711907000e-04;       2188
4.5823647987000e-04;       1599
4.5825582872600e-04;       1599
4.5827518942100e-04;       1010
4.5829453836400e-04;       1010
4.5831389897400e-04;       3511
4.5833324796500e-04;       3511
4.5835260873800e-04;       2922
4.5837195749500e-04;       2922
4.5839131838800e-04;      -2378
4.5841066730700e-04;      -2378
4.5843002800500e-04;       4834
4.5844615104400e-04;       4834
4.5846551193700e-04;       4245
4.5848486088700e-04;       4245
4.5850422167900e-04;      -1055
4.5852357056600e-04;      -1055
4.5854293142600e-04;       6157
4.5856228022800e-04;       6157
4.5858164090800e-04;        857
4.5860098982000e-04;        857
4.5862035076700e-04;        268
4.5863969971000e-04;        268
4.5865906055300e-04;       -321
4.5867840945400e-04;       -321
4.5869777031200e-04;       2180
4.5871711909800e-04;       2180
4.5873648001700e-04;       1591
4.5875582878200e-04;       1591
4.5877518964800e-04;       1002
4.5879453851000e-04;       1002
4.5881389933600e-04;       3503
4.5883324830800e-04;       3503
4.5885260932800e-04;       2914
4.5887195800900e-04;       2914
4.5889131888200e-04;       5415
4.5891066752100e-04;       5415
4.5893002850600e-04;       4826
4.5894615154300e-04;       4826
4.5896551237600e-04;       4237
4.5898486124100e-04;       4237
4.5900422209300e-04;      -1063
4.5902357096500e-04;      -1063
4.5904293185800e-04;       6149
4.5906228077000e-04;       6149
4.5908164141200e-04;        849
4.5910099041200e-04;        849
4.5912035133800e-04;        260
4.5913970013900e-04;        260
4.5915906107700e-04;       -329
4.5917840979500e-04;       -329
4.5919777065900e-04;       2172
4.5921711943800e-04;       2172
4.5923648027800e-04;       1583
4.5925582912400e-04;       1583
4.5927518991300e-04;        994
4.5929453882200e-04;        994
4.5931389961700e-04;       3495
4.5933324844300e-04;       3495
4.5935260934500e-04;       2906
4.5937195812500e-04;       2906
4.5939131883600e-04;       5407
4.5941066763000e-04;       5407
4.5943002832300e-04;       4818
4.5944615137600e-04;       4818
4.5946551220400e-04;       4229
4.5948486086500e-04;       4229
4.5950422180500e-04;      -1071
4.5952357056500e-04;      -1071
4.5954293135900e-04;       6141
4.5956228020700e-04;       6141
4.5958164093800e-04;        841
4.5960099002300e-04;        841
4.5962035080500e-04;        252
4.5963969956600e-04;        252
4.5965906032900e-04;       -337
4.5967840905600e-04;       -337
4.5969776975400e-04;       2164
4.5971711866500e-04;       2164
4.5973647939800e-04;       1575
4.5975582821300e-04;       1575
4.5977518916700e-04;        986
4.5979453797500e-04;        986
4.5981389881900e-04;       3487
4.5983324767500e-04;       3487
4.5985260847000e-04;       2898
4.5987195729900e-04;       2898
4.5989131814500e-04;      -2402
4.5991066704900e-04;      -2402
4.5993002792200e-04;       4810
4.5994615091400e-04;       4810
4.5996551197300e-04;       4221
4.5998486091600e-04;       4221
4.6000422183800e-04;      -1079
4.6002357041000e-04;      -1079
4.6004293120300e-04;       6133
4.6006228006600e-04;       6133
4.6008164099900e-04;        833
4.6010098972700e-04;        833
4.6012035038400e-04;        244
4.6013969936200e-04;        244
4.6015906036800e-04;       -345
4.6017840910400e-04;       -345
4.6019776994700e-04;       2156
4.6021711896300e-04;       2156
4.6023647971200e-04;       1567
4.6025582862200e-04;       1567
4.6027518945000e-04;        978
4.6029453844100e-04;        978
4.6031389947600e-04;       3479
4.6033324810700e-04;       3479
4.6035260901800e-04;       2890
4.6037195779800e-04;       2890
4.6039131862800e-04;       5391
4.6041066745800e-04;       5391
4.6043002823400e-04;       4802
4.6044615120400e-04;       4802
4.6046551199100e-04;       4213
4.6048486084300e-04;       4213
4.6050422157400e-04;      -1087
4.6052357024600e-04;      -1087
4.6054293115400e-04;       6125
4.6056228006700e-04;       6125
4.6058164093600e-04;        825
4.6060098962800e-04;        825
4.6062035039700e-04;        236
4.6063969921900e-04;        236
4.6065906018400e-04;       -353
4.6067840902600e-04;       -353
4.6069776983400e-04;       2148
4.6071711870100e-04;       2148
4.6073647944000e-04;       1559
4.6075582843700e-04;       1559
4.6077518925200e-04;        970
4.6079453800500e-04;        970
4.6081389900300e-04;       3471
4.6083324795100e-04;       3471
4.6085260876000e-04;       2882
4.6087195772200e-04;       2882
4.6089131851300e-04;      -2418
4.6091066743500e-04;      -2418
4.6093002843500e-04;       4794
4.6094615140500e-04;       4794
4.6096551226500e-04;       4205
4.6098486117800e-04;       4205
4.6100422211100e-04;       6706
4.6102357087600e-04;       6706
4.6104293173700e-04;       6117
4.6106228058000e-04;       6117
4.6108164143300e-04;        817
4.6110099044700e-04;        817
4.6112035118800e-04;        228
4.6113969986600e-04;        228
4.6115906074300e-04;       -361
4.6117840969200e-04;       -361
4.6119777031300e-04;       2140
4.6121711917800e-04;       2140
4.6123648007500e-04;       1551
4.6125582876700e-04;       1551
4.6127518952000e-04;        962
4.6129453864600e-04;        962
4.6131389939500e-04;       3463
4.6133324816300e-04;       3463
4.6135260893400e-04;       2874
4.6137195782200e-04;       2874
4.6139131876200e-04;       5375
4.6141066742200e-04;       5375
4.6143002830600e-04;       4786
4.6144615124100e-04;       4786
4.6146551217300e-04;       4197
4.6148486109900e-04;       4197
4.6150422190300e-04;      -1103
4.6152357068400e-04;      -1103
4.6154293151500e-04;       6109
4.6156228034600e-04;       6109
4.6158164125800e-04;        809
4.6160099017500e-04;        809
4.6162035078100e-04;        220
4.6163969974400e-04;        220
4.6165906052200e-04;       -369
4.6167840938000e-04;       -369
4.6169777022100e-04;       2132
4.6171711911500e-04;       2132
4.6173647996500e-04;       1543
4.6175582885600e-04;       1543
4.6177518970400e-04;        954
4.6179453875500e-04;        954
4.6181389967500e-04;       3455
4.6183324847000e-04;       3455
4.6185260938300e-04;       2866
4.6187195811300e-04;       2866
4.6189131911100e-04;       5367
4.6191066796900e-04;       5367
4.6193002870400e-04;       4778
4.6194615192900e-04;       4778
4.6196551287600e-04;       4189
4.6198486174100e-04;       4189
4.6200422258200e-04;      -1111
4.6202357148400e-04;      -1111
4.6204293219200e-04;       6101
4.6206228113000e-04;       6101
4.6208164201700e-04;        801
4.6210099061500e-04;        801
4.6212035148400e-04;        212
4.6213970017500e-04;        212
4.6215906105900e-04;       -377
4.6217840985000e-04;       -377
4.6219777067400e-04;       2124
4.6221711952400e-04;       2124
4.6223648040300e-04;       1535
4.6225582924500e-04;       1535
4.6227519017300e-04;        946
4.6229453905000e-04;        946
4.6231389987600e-04;       3447
4.6233324873200e-04;       3447
4.6235260966700e-04;       2858
4.6237195856900e-04;       2858
4.6239131929300e-04;       5359
4.6241066820500e-04;       5359
4.6243002910800e-04;       4770
4.6244615218100e-04;       4770
4.6246551304600e-04;       4181
4.6248486193800e-04;       4181
4.6250422262400e-04;      -1119
4.6252357142100e-04;      -1119
4.6254293222700e-04;       6093
4.6256228096300e-04;       6093
4.6258164190600e-04;        793
4.6260099065400e-04;        793
4.6262035137500e-04;        204
4.6263970017800e-04;        204
4.6265906105300e-04;       -385
4.6267841012500e-04;       -385
4.6269777102500e-04;       2116
4.6271711980500e-04;       2116
4.6273648087100e-04;       1527
4.6275582974600e-04;       1527
4.6277519054300e-04;        938
4.6279453940500e-04;        938
4.6281390038300e-04;       3439
4.6283324921200e-04;       3439
4.6285261010100e-04;       2850
4.6287195873800e-04;       2850
4.6289131976100e-04;      -2450
4.6291066875800e-04;      -2450
4.6293002951000e-04;       4762
4.6294615249300e-04;       4762
4.6296551346300e-04;       4173
4.6298486243400e-04;       4173
4.6300422338900e-04;      -1127
4.6302357212100e-04;      -1127
4.6304293300200e-04;       6085
4.6306228179900e-04;       6085
4.6308164264900e-04;        785
4.6310099167700e-04;        785
4.6312035258500e-04;        196
4.6313970125900e-04;        196
4.6315906224100e-04;       7408
4.6317841110400e-04;       7408
4.6319777191200e-04;       2108
4.6321712077300e-04;       2108
4.6323648156900e-04;       1519
4.6325583048600e-04;       1519
4.6327519116800e-04;       8731
4.6329454016400e-04;       8731
4.6331390109100e-04;       3431
4.6333324987400e-04;       3431
4.6335261068300e-04;       2842
4.6337195953700e-04;       2842
4.6339132035300e-04;       5343
4.6341066908800e-04;       5343
4.6343002987400e-04;       4754
4.6344615286400e-04;       4754
4.6346551374000e-04;       4165
4.6348486251500e-04;       4165
4.6350422332300e-04;       6666
4.6352357222500e-04;       6666
4.6354293307700e-04;       6077
4.6356228181600e-04;       6077
4.6358164273600e-04;        777
4.6360099147600e-04;        777
4.6362035220500e-04;        188
4.6363970108600e-04;        188
4.6365906188200e-04;       -401
4.6367841071000e-04;       -401
4.6369777157900e-04;       2100
4.6371712041900e-04;       2100
4.6373648131800e-04;       1511
4.6375583004300e-04;       1511
4.6377519096200e-04;       8723
4.6379453968800e-04;       8723
4.6381390071300e-04;       3423
4.6383324966800e-04;       3423
4.6385261038500e-04;       2834
4.6387195918100e-04;       2834
4.6389131990300e-04;       5335
4.6391066869000e-04;       5335
4.6393002956100e-04;       4746
4.6394615265700e-04;       4746
4.6396551347000e-04;       4157
4.6398486225800e-04;       4157
4.6400422317600e-04;       6658
4.6402357194900e-04;       6658
4.6404293279300e-04;       6069
4.6406228172000e-04;       6069
4.6408164255700e-04;        769
4.6410099142700e-04;        769
4.6412035224800e-04;        180
4.6413970100000e-04;        180
4.6415906185800e-04;       -409
4.6417841065300e-04;       -409
4.6419777160100e-04;       2092
4.6421712043900e-04;       2092
4.6423648131900e-04;       1503
4.6425583016600e-04;       1503
4.6427519106900e-04;        914
4.6429453981800e-04;        914
4.6431390060200e-04;       3415
4.6433324951700e-04;       3415
4.6435261053500e-04;       2826
4.6437195949400e-04;       2826
4.6439132038300e-04;       5327
4.6441066922400e-04;       5327
4.6443003016200e-04;       4738
4.6444615319800e-04;       4738
4.6446551396800e-04;       4149
4.6448486270100e-04;       4149
4.6450422359500e-04;       6650
4.6452357230500e-04;       6650
4.6454293326600e-04;       6061
4.6456228205300e-04;       6061
4.6458164305200e-04;        761
4.6460099189600e-04;        761
4.6462035276300e-04;        172
4.6463970163900e-04;        172
4.6465906240200e-04;       -417
4.6467841122600e-04;       -417
4.6469777199800e-04;       2084
4.6471712087600e-04;       2084
4.6473648171600e-04;       1495
4.6475583056800e-04;       1495
4.6477519150600e-04;        906
4.6479454017000e-04;        906
4.6481390104500e-04;       3407
4.6483324989300e-04;       3407
4.6485261072900e-04;       2818
4.6487195960600e-04;       2818
4.6489132043400e-04;       5319
4.6491066936000e-04;       5319
4.6493003018600e-04;       4730
4.6494615324900e-04;       4730
4.6496551425400e-04;       4141
4.6498486309600e-04;       4141
4.6500422385200e-04;      -1159
4.6502357262900e-04;      -1159
4.6504293343700e-04;       6053
4.6506228237500e-04;       6053
4.6508164316600e-04;        753
4.6510099208700e-04;        753
4.6512035299700e-04;        164
4.6513970182900e-04;        164
4.6515906261400e-04;       -425
4.6517841130200e-04;       -425
4.6519777212400e-04;       2076
4.6521712086500e-04;       2076
4.6523648170600e-04;       1487
4.6525583054400e-04;       1487
4.6527519133700e-04;       8699
4.6529454018500e-04;       8699
4.6531390113700e-04;       3399
4.6533324994800e-04;       3399
4.6535261081600e-04;       2810
4.6537195950000e-04;       2810
4.6539132047400e-04;       5311
4.6541066928000e-04;       5311
4.6543003020300e-04;       4722
4.6544615312800e-04;       4722
4.6546551411300e-04;       4133
4.6548486291900e-04;       4133
4.6550422375900e-04;       6634
4.6552357263000e-04;       6634
4.6554293336800e-04;       6045
4.6556228220100e-04;       6045
4.6558164307900e-04;        745
4.6560099194300e-04;        745
4.6562035282000e-04;        156
4.6563970157100e-04;        156
4.6565906261000e-04;       -433
4.6567841141400e-04;       -433
4.6569777223100e-04;       2068
4.6571712103500e-04;       2068
4.6573648177500e-04;       1479
4.6575583065500e-04;       1479
4.6577519146700e-04;       8691
4.6579454033600e-04;       8691
4.6581390103700e-04;       3391
4.6583324990000e-04;       3391
4.6585261083100e-04;       2802
4.6587195977600e-04;       2802
4.6589132044800e-04;       5303
4.6591066946100e-04;       5303
4.6593003030700e-04;       4714
4.6594615342500e-04;       4714
4.6596551436100e-04;       4125
4.6598486307200e-04;       4125
4.6600422390200e-04;       6626
4.6602357275300e-04;       6626
4.6604293359900e-04;       6037
4.6606228241600e-04;       6037
4.6608164316600e-04;        737
4.6610099200800e-04;        737
4.6612035271300e-04;        148
4.6613970160200e-04;        148
4.6615906240900e-04;       7360
4.6617841135900e-04;       7360
4.6619777216000e-04;       2060
4.6621712093100e-04;       2060
4.6623648170900e-04;       1471
4.6625583064800e-04;       1471
4.6627519148700e-04;       8683
4.6629454019300e-04;       8683
4.6631390102800e-04;       3383
4.6633324988600e-04;       3383
4.6635261068700e-04;       2794
4.6637195946200e-04;       2794
4.6639132032400e-04;       5295
4.6641066923900e-04;       5295
4.6643002998500e-04;       4706
4.6644615290900e-04;       4706
4.6646551370700e-04;       4117
4.6648486248900e-04;       4117
4.6650422342400e-04;      -1183
4.6652357210600e-04;      -1183
4.6654293293600e-04;       6029
4.6656228187600e-04;       6029
4.6658164273200e-04;        729
4.6660099169700e-04;        729
4.6662035243900e-04;        140
4.6663970123400e-04;        140
4.6665906231900e-04;       -449
4.6667841096600e-04;       -449
4.6669777177500e-04;       2052
4.6671712055500e-04;       2052
4.6673648131300e-04;       1463
4.6675583026900e-04;       1463
4.6677519111000e-04;        874
4.6679453995000e-04;        874
4.6681390083200e-04;       3375
4.6683324966900e-04;       3375
4.6685261038200e-04;       2786
4.6687195916700e-04;       2786
4.6689132007300e-04;       5287
4.6691066877800e-04;       5287
4.6693002974500e-04;       4698
4.6694615275700e-04;       4698
4.6696551371500e-04;       4109
4.6698486250800e-04;       4109
4.6700422355400e-04;       6610
4.6702357237200e-04;       6610
4.6704293323800e-04;       6021
4.6706228205400e-04;       6021
4.6708164280900e-04;        721
4.6710099176800e-04;        721
4.6712035254900e-04;        132
4.6713970139800e-04;        132
4.6715906220100e-04;       -457
4.6717841113600e-04;       -457
4.6719777204100e-04;       2044
4.6721712072700e-04;       2044
4.6723648153300e-04;       1455
4.6725583030400e-04;       1455
4.6727519104600e-04;        866
4.6729453989200e-04;        866
4.6731390086500e-04;       3367
4.6733324979200e-04;       3367
4.6735261060700e-04;       2778
4.6737195962900e-04;       2778
4.6739132040400e-04;       5279
4.6741066944900e-04;       5279
4.6743003024200e-04;       4690
4.6744615326400e-04;       4690
4.6746551412500e-04;       4101
4.6748486312300e-04;       4101
4.6750422396100e-04;       6602
4.6752357279000e-04;       6602
4.6754293352300e-04;       6013
4.6756228258000e-04;       6013
4.6758164335000e-04;        713
4.6760099216900e-04;        713
4.6762035283600e-04;        124
4.6763970173300e-04;        124
4.6765906245000e-04;       -465
4.6767841126900e-04;       -465
4.6769777222300e-04;       2036
4.6771712112500e-04;       2036
4.6773648189500e-04;       1447
4.6775583068000e-04;       1447
4.6777519167000e-04;       8659
4.6779454049700e-04;       8659
4.6781390127600e-04;       3359
4.6783325007200e-04;       3359
4.6785261094300e-04;       2770
4.6787195972300e-04;       2770
4.6789132050200e-04;       5271
4.6791066940000e-04;       5271
4.6793003034000e-04;       4682
4.6794615327500e-04;       4682
4.6796551410200e-04;       4093
4.6798486298500e-04;       4093
4.6800422378000e-04;       6594
4.6802357253400e-04;       6594
4.6804293333900e-04;       6005
4.6806228216100e-04;       6005
4.6808164301900e-04;        705
4.6810099194700e-04;        705
4.6812035269000e-04;        116
4.6813970150400e-04;        116
4.6815906241900e-04;       7328
4.6817841101000e-04;       7328
4.6819777188700e-04;       2028
4.6821712061700e-04;       2028
4.6823648150000e-04;       1439
4.6825583026700e-04;       1439
4.6827519094300e-04;       8651
4.6829453974600e-04;       8651
4.6831390052200e-04;       3351
4.6833324932100e-04;       3351
4.6835261027200e-04;       2762
4.6837195917300e-04;       2762
4.6839131995000e-04;       5263
4.6841066888100e-04;       5263
4.6843002943700e-04;       4674
4.6844615251800e-04;       4674
4.6846551334200e-04;       4085
4.6848486201700e-04;       4085
4.6850422279400e-04;      -1215
4.6852357171300e-04;      -1215
4.6854293245300e-04;       5997
4.6856228123000e-04;       5997
4.6858164192200e-04;        697
4.6860099069700e-04;        697
4.6862035161400e-04;        108
4.6863970044300e-04;        108
4.6865906120900e-04;       -481
4.6867841018700e-04;       -481
4.6869777102400e-04;       2020
4.6871711988500e-04;       2020
4.6873648076800e-04;       1431
4.6875582947800e-04;       1431
4.6877519025200e-04;        842
4.6879453914900e-04;        842
4.6881389996600e-04;       3343
4.6883324876600e-04;       3343
4.6885260966000e-04;       2754
4.6887195843400e-04;       2754
4.6889131933100e-04;      -2546
4.6891066827400e-04;      -2546
4.6893002910900e-04;       4666
4.6894615216000e-04;       4666
4.6896551313200e-04;       4077
4.6898486194700e-04;       4077
4.6900422290700e-04;       6578
4.6902357173000e-04;       6578
4.6904293258400e-04;       5989
4.6906228148300e-04;       5989
4.6908164237400e-04;        689
4.6910099117000e-04;        689
4.6912035203500e-04;        100
4.6913970091100e-04;        100
4.6915906175500e-04;       -489
4.6917841055400e-04;       -489
4.6919777138400e-04;       2012
4.6921712023200e-04;       2012
4.6923648121800e-04;       1423
4.6925583014800e-04;       1423
4.6927519098800e-04;       8635
4.6929453990700e-04;       8635
4.6931390080500e-04;       3335
4.6933324956700e-04;       3335
4.6935261030900e-04;       2746
4.6937195921600e-04;       2746
4.6939132005000e-04;       5247
4.6941066880100e-04;       5247
4.6943002961200e-04;       4658
4.6944615273000e-04;       4658
4.6946551347700e-04;       4069
4.6948486231800e-04;       4069
4.6950422324500e-04;      -1231
4.6952357198700e-04;      -1231
4.6954293291200e-04;       5981
4.6956228175000e-04;       5981
4.6958164256500e-04;        681
4.6960099125000e-04;        681
4.6962035205900e-04;         92
4.6963970086800e-04;         92
4.6965906172900e-04;       -497
4.6967841072100e-04;       -497
4.6969777169500e-04;       2004
4.6971712049800e-04;       2004
4.6973648147000e-04;       1415
4.6975583035900e-04;       1415
4.6977519117800e-04;        826
4.6979453997100e-04;        826
4.6981390093400e-04;       3327
4.6983324972900e-04;       3327
4.6985261047000e-04;       2738
4.6987195934600e-04;       2738
4.6989132012900e-04;       5239
4.6991066913100e-04;       5239
4.6993003005600e-04;       4650
4.6994615330600e-04;       4650
4.6996551407000e-04;       4061
4.6998486291500e-04;       4061
4.7000422368200e-04;      -1239
4.7002357261200e-04;      -1239
4.7004293333600e-04;       5973
4.7006228225500e-04;       5973
4.7008164314600e-04;        673
4.7010099208900e-04;        673
4.7012035304800e-04;         84
4.7013970198000e-04;         84
4.7015906289100e-04;       7296
4.7017841177500e-04;       7296
4.7019777272200e-04;       1996
4.7021712154800e-04;       1996
4.7023648240000e-04;       1407
4.7025583127900e-04;       1407
4.7027519218000e-04;       8619
4.7029454094500e-04;       8619
4.7031390159300e-04;       3319
4.7033325036200e-04;       3319
4.7035261127800e-04;       2730
4.7037196020500e-04;       2730
4.7039132116900e-04;      -2570
4.7041067009600e-04;      -2570
4.7043003102100e-04;       4642
4.7044615398500e-04;       4642
4.7046551499700e-04;       4053
4.7048486379100e-04;       4053
4.7050422455000e-04;       6554
4.7052357333400e-04;       6554
4.7054293412700e-04;       5965
4.7056228290700e-04;       5965
4.7058164386700e-04;        665
4.7060099253300e-04;        665
4.7062035330300e-04;         76
4.7063970227800e-04;         76
4.7065906298600e-04;       -513
4.7067841197500e-04;       -513
4.7069777288100e-04;       1988
4.7071712179700e-04;       1988
4.7073648252600e-04;       1399
4.7075583135200e-04;       1399
4.7077519212700e-04;       8611
4.7079454115600e-04;       8611
4.7081390204100e-04;       3311
4.7083325083100e-04;       3311
4.7085261161200e-04;       2722
4.7087196031300e-04;       2722
4.7089132118700e-04;       5223
4.7091067023900e-04;       5223
4.7093003107100e-04;       4634
4.7094615409700e-04;       4634
4.7096551488800e-04;       4045
4.7098486369500e-04;       4045
4.7100422472600e-04;       6546
4.7102357352600e-04;       6546
4.7104293449200e-04;       5957
4.7106228328000e-04;       5957
4.7108164417800e-04;        657
4.7110099302600e-04;        657
4.7112035378300e-04;         68
4.7113970269000e-04;         68
4.7115906363400e-04;       7280
4.7117841238200e-04;       7280
4.7119777311700e-04;       1980
4.7121712200900e-04;       1980
4.7123648277800e-04;       1391
4.7125583159900e-04;       1391
4.7127519245500e-04;       8603
4.7129454135900e-04;       8603
4.7131390215600e-04;       3303
4.7133325111600e-04;       3303
4.7135261198500e-04;       2714
4.7137196075800e-04;       2714
4.7139132135100e-04;       5215
4.7141067029000e-04;       5215
4.7143003105300e-04;       4626
4.7144615419800e-04;       4626
4.7146551498900e-04;       4037
4.7148486379800e-04;       4037
4.7150422462900e-04;       6538
4.7152357337400e-04;       6538
4.7154293426600e-04;       5949
4.7156228317900e-04;       5949
4.7158164391200e-04;        649
4.7160099267700e-04;        649
4.7162035340200e-04;       7861
4.7163970221900e-04;       7861
4.7165906297600e-04;       7272
4.7167841202300e-04;       7272
4.7169777251700e-04;       1972
4.7171712140900e-04;       1972
4.7173648236800e-04;       1383
4.7175583103200e-04;       1383
4.7177519184900e-04;        794
4.7179454072300e-04;        794
4.7181390146900e-04;       3295
4.7183325038100e-04;       3295
4.7185261122400e-04;       2706
4.7187195997300e-04;       2706
4.7189132082700e-04;       5207
4.7191066960900e-04;       5207
4.7193003052900e-04;       4618
4.7194615340400e-04;       4618
4.7196551435400e-04;       4029
4.7198486299400e-04;       4029
4.7200422376200e-04;       6530
4.7202357273800e-04;       6530
4.7204293355600e-04;       5941
4.7206228224300e-04;       5941
4.7208164301400e-04;        641
4.7210099180400e-04;        641
4.7212035283300e-04;         52
4.7213970162100e-04;         52
4.7215906255300e-04;       -537
4.7217841125600e-04;       -537
4.7219777199500e-04;       1964
4.7221712081500e-04;       1964
4.7223648174300e-04;       1375
4.7225583042500e-04;       1375
4.7227519122700e-04;       8587
4.7229454002300e-04;       8587
4.7231390088700e-04;       3287
4.7233324968500e-04;       3287
4.7235261053300e-04;       2698
4.7237195935400e-04;       2698
4.7239132011600e-04;       5199
4.7241066907900e-04;       5199
4.7243002995300e-04;       4610
4.7244615286400e-04;       4610
4.7246551364800e-04;       4021
4.7248486239300e-04;       4021
4.7250422330500e-04;      -1279
4.7252357202000e-04;      -1279
4.7254293286000e-04;       5933
4.7256228157500e-04;       5933
4.7258164248400e-04;        633
4.7260099120700e-04;        633
4.7262035191300e-04;         44
4.7263970079800e-04;         44
4.7265906161700e-04;       7256
4.7267841035000e-04;       7256
4.7269777129100e-04;       1956
4.7271712007100e-04;       1956
4.7273648084400e-04;       1367
4.7275582964300e-04;       1367
4.7277519055000e-04;        778
4.7279453931800e-04;        778
4.7281390033700e-04;       3279
4.7283324904500e-04;       3279
4.7285260997100e-04;       2690
4.7287195872100e-04;       2690
4.7289131953000e-04;       5191
4.7291066848000e-04;       5191
4.7293002912500e-04;       4602
4.7294615231700e-04;       4602
4.7296551315000e-04;       4013
4.7298486195300e-04;       4013
4.7300422289800e-04;      -1287
4.7302357171500e-04;      -1287
4.7304293249800e-04;       5925
4.7306228136500e-04;       5925
4.7308164223800e-04;        625
4.7310099111400e-04;        625
4.7312035183500e-04;         36
4.7313970059600e-04;         36
4.7315906141800e-04;       -553
4.7317841018200e-04;       -553
4.7319777096100e-04;       1948
4.7321711975100e-04;       1948
4.7323648048300e-04;       1359
4.7325582953500e-04;       1359
4.7327519024700e-04;       8571
4.7329453917000e-04;       8571
4.7331389994200e-04;       3271
4.7333324872200e-04;       3271
4.7335260971700e-04;       2682
4.7337195856700e-04;       2682
4.7339131939200e-04;       5183
4.7341066816400e-04;       5183
4.7343002898500e-04;       4594
4.7344615201400e-04;       4594
4.7346551282800e-04;       4005
4.7348486159400e-04;       4005
4.7350422240600e-04;       6506
4.7352357125600e-04;       6506
4.7354293203800e-04;       5917
4.7356228087500e-04;       5917
4.7358164183300e-04;        617
4.7360099048000e-04;        617
4.7362035123600e-04;         28
4.7363970022800e-04;         28
4.7365906105300e-04;       -561
4.7367840995400e-04;       -561
4.7369777064700e-04;       1940
4.7371711961800e-04;       1940
4.7373648044400e-04;       1351
4.7375582919600e-04;       1351
4.7377519007800e-04;       8563
4.7379453876900e-04;       8563
4.7381389955000e-04;       3263
4.7383324845900e-04;       3263
4.7385260944800e-04;       2674
4.7387195830100e-04;       2674
4.7389131905200e-04;      -2626
4.7391066790400e-04;      -2626
4.7393002872500e-04;       4586
4.7394615176700e-04;       4586
4.7396551259400e-04;       3997
4.7398486146500e-04;       3997
4.7400422247300e-04;      -1303
4.7402357115600e-04;      -1303
4.7404293208800e-04;      -1892
4.7406228093300e-04;      -1892
4.7408164185500e-04;        609
4.7410099077400e-04;        609
4.7412035165100e-04;         20
4.7413970060700e-04;         20
4.7415906139300e-04;       -569
4.7417841026900e-04;       -569
4.7419777115100e-04;       1932
4.7421712007000e-04;       1932
4.7423648086800e-04;       1343
4.7425582963100e-04;       1343
4.7427519048000e-04;        754
4.7429453935300e-04;        754
4.7431390028500e-04;       3255
4.7433324924300e-04;       3255
4.7435261005000e-04;       2666
4.7437195889900e-04;       2666
4.7439131974000e-04;       5167
4.7441066862000e-04;       5167
4.7443002940300e-04;       4578
4.7444615255500e-04;       4578
4.7446551330500e-04;       3989
4.7448486221900e-04;       3989
4.7450422289900e-04;       6490
4.7452357198900e-04;       6490
4.7454293284300e-04;       5901
4.7456228158300e-04;       5901
4.7458164238200e-04;        601
4.7460099125200e-04;        601
4.7462035213500e-04;         12
4.7463970095500e-04;         12
4.7465906185900e-04;       -577
4.7467841064900e-04;       -577
4.7469777148100e-04;       1924
4.7471712028200e-04;       1924
4.7473648110500e-04;       1335
4.7475582974700e-04;       1335
4.7477519080100e-04;        746
4.7479453962800e-04;        746
4.7481390038300e-04;       3247
4.7483324914200e-04;       3247
4.7485261009700e-04;       2658
4.7487195889000e-04;       2658
4.7489131961800e-04;       5159
4.7491066855000e-04;       5159
4.7493002955100e-04;       4570
4.7494615273000e-04;       4570
4.7496551341700e-04;       3981
4.7498486227100e-04;       3981
4.7500422318100e-04;      -1319
4.7502357195100e-04;      -1319
4.7504293262700e-04;       5893
4.7506228128800e-04;       5893
4.7508164232200e-04;        593
4.7510099105600e-04;        593
4.7512035185100e-04;          4
4.7513970070200e-04;          4
4.7515906160900e-04;       7216
4.7517841046300e-04;       7216
4.7519777120400e-04;       1916
4.7521712006100e-04;       1916
4.7523648088200e-04;       1327
4.7525582975200e-04;       1327
4.7527519055000e-04;        738
4.7529453930400e-04;        738
4.7531390031000e-04;       3239
4.7533324913300e-04;       3239
4.7535260998200e-04;       2650
4.7537195862700e-04;       2650
4.7539131955500e-04;       5151
4.7541066842800e-04;       5151
4.7543002927500e-04;       4562
4.7544615218700e-04;       4562
4.7546551313600e-04;       3973
4.7548486178700e-04;       3973
4.7550422264800e-04;      -1327
4.7552357144900e-04;      -1327
4.7554293235000e-04;       5885
4.7556228121200e-04;       5885
4.7558164215500e-04;        585
4.7560099092900e-04;        585
4.7562035178200e-04;         -4
4.7563970053100e-04;         -4
4.7565906140000e-04;       7208
4.7567841030000e-04;       7208
4.7569777130300e-04;       1908
4.7571712017300e-04;       1908
4.7573648082500e-04;       1319
4.7575582977800e-04;       1319
4.7577519057700e-04;        730
4.7579453932000e-04;        730
4.7581390028700e-04;       3231
4.7583324911800e-04;       3231
4.7585260997300e-04;       2642
4.7587195876900e-04;       2642
4.7589131969100e-04;       5143
4.7591066846800e-04;       5143
4.7593002941600e-04;       4554
4.7594615245300e-04;       4554
4.7596551328100e-04;       3965
4.7598486201300e-04;       3965
4.7600422279700e-04;      -1335
4.7602357159500e-04;      -1335
4.7604293241300e-04;       5877
4.7606228115000e-04;       5877
4.7608164193100e-04;        577
4.7610099079900e-04;        577
4.7612035170000e-04;        -12
4.7613970054900e-04;        -12
4.7615906156400e-04;       -601
4.7617841033500e-04;       -601
4.7619777110200e-04;       1900
4.7621711982300e-04;       1900
4.7623648071600e-04;       1311
4.7625582937000e-04;       1311
4.7627519023400e-04;        722
4.7629453921500e-04;        722
4.7631390013800e-04;       3223
4.7633324891500e-04;       3223
4.7635260961100e-04;       2634
4.7637195846300e-04;       2634
4.7639131919500e-04;      -2666
4.7641066813000e-04;      -2666
4.7643002878700e-04;       4546
4.7644615190200e-04;       4546
4.7646551279000e-04;       3957
4.7648486168800e-04;       3957
4.7650422259500e-04;      -1343
4.7652357143800e-04;      -1343
4.7654293232500e-04;       5869
4.7656228125500e-04;       5869
4.7658164192700e-04;        569
4.7660099087700e-04;        569
4.7662035165900e-04;        -20
4.7663970038000e-04;        -20
4.7665906117200e-04;       -609
4.7667841005700e-04;       -609
4.7669777073400e-04;       1892
4.7671711970400e-04;       1892
4.7673648043600e-04;       1303
4.7675582925500e-04;       1303
4.7677518998300e-04;        714
4.7679453892400e-04;        714
4.7681389973000e-04;       3215
4.7683324864200e-04;       3215
4.7685260958600e-04;       2626
4.7687195869200e-04;       2626
4.7689131929300e-04;      -2674
4.7691066821800e-04;      -2674
4.7693002898800e-04;       4538
4.7694615201800e-04;       4538
4.7696551291900e-04;       3949
4.7698486170400e-04;       3949
4.7700422248600e-04;      -1351
4.7702357141700e-04;      -1351
4.7704293226600e-04;       5861
4.7706228108500e-04;       5861
4.7708164208000e-04;        561
4.7710099100200e-04;        561
4.7712035201300e-04;        -28
4.7713970086000e-04;        -28
4.7715906157700e-04;       -617
4.7717841051100e-04;       -617
4.7719777125800e-04;       1884
4.7721712019000e-04;       1884
4.7723648107600e-04;       1295
4.7725583001000e-04;       1295
4.7727519091000e-04;        706
4.7729453963100e-04;        706
4.7731390066000e-04;       3207
4.7733324943200e-04;       3207
4.7735261042000e-04;       2618
4.7737195920000e-04;       2618
4.7739132009300e-04;       5119
4.7741066895000e-04;       5119
4.7743002980700e-04;       4530
4.7744615293900e-04;       4530
4.7746551365100e-04;       3941
4.7748486266400e-04;       3941
4.7750422331700e-04;      -1359
4.7752357228000e-04;      -1359
4.7754293303200e-04;       5853
4.7756228178000e-04;       5853
4.7758164286100e-04;        553
4.7760099166000e-04;        553
4.7762035242200e-04;        -36
4.7763970140600e-04;        -36
4.7765906225900e-04;       7176
4.7767841109300e-04;       7176
4.7769777189200e-04;       1876
4.7771712077900e-04;       1876
4.7773648143000e-04;       1287
4.7775583031100e-04;       1287
4.7777519115700e-04;       8499
4.7779454011300e-04;       8499
4.7781390093500e-04;       3199
4.7783324975800e-04;       3199
4.7785261062100e-04;       2610
4.7787195937800e-04;       2610
4.7789132033800e-04;       5111
4.7791066901800e-04;       5111
4.7793002981700e-04;       4522
4.7794615274700e-04;       4522
4.7796551350700e-04;       3933
4.7798486228700e-04;       3933
4.7800422314100e-04;      -1367
4.7802357197000e-04;      -1367
4.7804293287300e-04;       5845
4.7806228168100e-04;       5845
4.7808164266400e-04;        545
4.7810099142100e-04;        545
4.7812035233600e-04;        -44
4.7813970123200e-04;        -44
4.7815906205300e-04;       7168
4.7817841085700e-04;       7168
4.7819777187100e-04;       1868
4.7821712079900e-04;       1868
4.7823648161300e-04;       1279
4.7825583048800e-04;       1279
4.7827519135800e-04;        690
4.7829454008300e-04;        690
4.7831390081700e-04;       3191
4.7833324972200e-04;       3191
4.7835261061300e-04;       2602
4.7837195950900e-04;       2602
4.7839132016500e-04;       5103
4.7841066904100e-04;       5103
4.7843002996700e-04;       4514
4.7844615304300e-04;       4514
4.7846551383900e-04;       3925
4.7848486271200e-04;       3925
4.7850422355600e-04;      -1375
4.7852357258900e-04;      -1375
4.7854293326900e-04;       5837
4.7856228224100e-04;       5837
4.7858164309700e-04;        537
4.7860099220800e-04;        537
4.7862035295600e-04;        -52
4.7863970171400e-04;        -52
4.7865906263600e-04;       7160
4.7867841136900e-04;       7160
4.7869777232800e-04;       1860
4.7871712106300e-04;       1860
4.7873648189100e-04;       1271
4.7875583079500e-04;       1271
4.7877519163300e-04;        682
4.7879454040500e-04;        682
4.7881390124500e-04;       3183
4.7883324991700e-04;       3183
4.7885261071700e-04;       2594
4.7887195957200e-04;       2594
4.7889132044500e-04;       5095
4.7891066925600e-04;       5095
4.7893003008900e-04;       4506
4.7894615309400e-04;       4506
4.7896551408000e-04;       3917
4.7898486285200e-04;       3917
4.7900422374500e-04;       6418
4.7902357248300e-04;       6418
4.7904293344300e-04;       5829
4.7906228215900e-04;       5829
4.7908164295900e-04;        529
4.7910099165000e-04;        529
4.7912035250200e-04;        -60
4.7913970129400e-04;        -60
4.7915906211000e-04;       -649
4.7917841097400e-04;       -649
4.7919777180800e-04;       1852
4.7921712064300e-04;       1852
4.7923648166700e-04;       1263
4.7925583047300e-04;       1263
4.7927519130700e-04;        674
4.7929454024700e-04;        674
4.7931390100400e-04;       3175
4.7933324989600e-04;       3175
4.7935261065200e-04;       2586
4.7937195948500e-04;       2586
4.7939132040200e-04;      -2714
4.7941066909000e-04;      -2714
4.7943003007100e-04;       4498
4.7944615313300e-04;       4498
4.7946551399300e-04;       3909
4.7948486266400e-04;       3909
4.7950422361000e-04;       6410
4.7952357253800e-04;       6410
4.7954293330400e-04;       5821
4.7956228216800e-04;       5821
4.7958164305600e-04;        521
4.7960099188200e-04;        521
4.7962035272700e-04;        -68
4.7963970156900e-04;        -68
4.7965906231800e-04;       7144
4.7967841131900e-04;       7144
4.7969777210900e-04;       1844
4.7971712085800e-04;       1844
4.7973648178000e-04;       1255
4.7975583060700e-04;       1255
4.7977519151100e-04;        666
4.7979454036400e-04;        666
4.7981390108500e-04;       3167
4.7983325003300e-04;       3167
4.7985261088900e-04;       2578
4.7987195967800e-04;       2578
4.7989132031900e-04;       5079
4.7991066929500e-04;       5079
4.7993003018500e-04;       4490
4.7994615335800e-04;       4490
4.7996551420100e-04;       3901
4.7998486312700e-04;       3901
4.8000422387800e-04;       6402
4.8002357261300e-04;       6402
4.8004293348100e-04;       5813
4.8006228226900e-04;       5813
4.8008164315800e-04;        513
4.8010099203200e-04;        513
4.8012035275000e-04;        -76
4.8013970160600e-04;        -76
4.8015906260000e-04;       7136
4.8017841128600e-04;       7136
4.8019777202200e-04;       1836
4.8021712094600e-04;       1836
4.8023648186500e-04;       1247
4.8025583067400e-04;       1247
4.8027519168900e-04;       8459
4.8029454053900e-04;       8459
4.8031390122300e-04;       3159
4.8033325011900e-04;       3159
4.8035261080200e-04;       2570
4.8037195963700e-04;       2570
4.8039132060600e-04;       5071
4.8041066936600e-04;       5071
4.8043003033700e-04;       4482
4.8044615338500e-04;       4482
4.8046551417800e-04;       3893
4.8048486311500e-04;       3893
4.8050422390600e-04;      -1407
4.8052357282700e-04;      -1407
4.8054293352700e-04;       5805
4.8056228236200e-04;       5805
4.8058164330000e-04;        505
4.8060099202100e-04;        505
4.8062035293900e-04;        -84
4.8063970172200e-04;        -84
4.8065906253000e-04;       -673
4.8067841141300e-04;       -673
4.8069777207700e-04;       1828
4.8071712104000e-04;       1828
4.8073648170700e-04;       1239
4.8075583038100e-04;       1239
4.8077519124100e-04;        650
4.8079454009800e-04;        650
4.8081390088100e-04;       3151
4.8083324972800e-04;       3151
4.8085261065700e-04;       2562
4.8087195936000e-04;       2562
4.8089132024900e-04;       5063
4.8091066911200e-04;       5063
4.8093002989200e-04;       4474
4.8094615294800e-04;       4474
4.8096551390600e-04;       3885
4.8098486281100e-04;       3885
4.8100422367700e-04;       6386
4.8102357256700e-04;       6386
4.8104293339000e-04;       5797
4.8106228226000e-04;       5797
4.8108164303900e-04;        497
4.8110099178800e-04;        497
4.8112035268300e-04;        -92
4.8113970156500e-04;        -92
4.8115906236200e-04;       7120
4.8117841112600e-04;       7120
4.8119777194100e-04;       1820
4.8121712080100e-04;       1820
4.8123648150100e-04;       1231
4.8125583029000e-04;       1231
4.8127519107200e-04;        642
4.8129453979900e-04;        642
4.8131390066700e-04;       3143
4.8133324947900e-04;       3143
4.8135261034900e-04;       2554
4.8137195921900e-04;       2554
4.8139131998400e-04;       5055
4.8141066886100e-04;       5055
4.8143002960000e-04;       4466
4.8144615270800e-04;       4466
4.8146551358800e-04;       3877
4.8148486252200e-04;       3877
4.8150422342600e-04;      -1423
4.8152357227300e-04;      -1423
4.8154293313600e-04;       5789
4.8156228195100e-04;       5789
4.8158164277800e-04;        489
4.8160099148700e-04;        489
4.8162035230800e-04;       -100
4.8163970118100e-04;       -100
4.8165906199500e-04;       -689
4.8167841064500e-04;       -689
4.8169777158200e-04;       1812
4.8171712034700e-04;       1812
4.8173648118000e-04;       1223
4.8175583001500e-04;       1223
4.8177519061100e-04;        634
4.8179453956500e-04;        634
4.8181390053200e-04;       3135
4.8183324933000e-04;       3135
4.8185261024700e-04;       2546
4.8187195925800e-04;       2546
4.8189132022600e-04;       5047
4.8191066904300e-04;       5047
4.8193002996200e-04;       4458
4.8194615311200e-04;       4458
4.8196551376000e-04;       3869
4.8198486243500e-04;       3869
4.8200422347400e-04;       6370
4.8202357228100e-04;       6370
4.8204293315600e-04;       5781
4.8206228186600e-04;       5781
4.8208164284000e-04;        481
4.8210099160700e-04;        481
4.8212035242700e-04;       -108
4.8213970121200e-04;       -108
4.8215906211200e-04;       7104
4.8217841094700e-04;       7104
4.8219777183500e-04;       1804
4.8221712057300e-04;       1804
4.8223648139500e-04;       1215
4.8225583033500e-04;       1215
4.8227519107400e-04;       8427
4.8229453988500e-04;       8427
4.8231390073300e-04;       3127
4.8233324955700e-04;       3127
4.8235261034400e-04;       2538
4.8237195917900e-04;       2538
4.8239131994800e-04;       5039
4.8241066873700e-04;       5039
4.8243002958900e-04;       4450
4.8244615257800e-04;       4450
4.8246551346900e-04;       3861
4.8248486208500e-04;       3861
4.8250422292300e-04;      -1439
4.8252357175200e-04;      -1439
4.8254293254800e-04;       5773
4.8256228156500e-04;       5773
4.8258164241900e-04;        473
4.8260099125700e-04;        473
4.8262035210400e-04;       -116
4.8263970082400e-04;       -116
4.8265906167800e-04;       7096
4.8267841061400e-04;       7096
4.8269777137700e-04;       1796
4.8271712039400e-04;       1796
4.8273648107000e-04;       1207
4.8275582996100e-04;       1207
4.8277519085300e-04;        618
4.8279453975900e-04;        618
4.8281390067200e-04;       3119
4.8283324959500e-04;       3119
4.8285261047100e-04;       2530
4.8287195923200e-04;       2530
4.8289131997000e-04;       5031
4.8291066862400e-04;       5031
4.8293002949900e-04;       4442
4.8294615255900e-04;       4442
4.8296551333600e-04;       3853
4.8298486229900e-04;       3853
4.8300422331500e-04;      -1447
4.8302357215300e-04;      -1447
4.8304293297600e-04;       5765
4.8306228177300e-04;       5765
4.8308164255100e-04;        465
4.8310099130800e-04;        465
4.8312035222500e-04;       -124
4.8313970104000e-04;       -124
4.8315906188600e-04;       -713
4.8317841088200e-04;       -713
4.8319777163700e-04;       1788
4.8321712049200e-04;       1788
4.8323648138300e-04;       1199
4.8325583017100e-04;       1199
4.8327519103200e-04;        610
4.8329453978000e-04;        610
4.8331390062700e-04;       3111
4.8333324943400e-04;       3111
4.8335261042800e-04;       2522
4.8337195917000e-04;       2522
4.8339132003300e-04;       5023
4.8341066887400e-04;       5023
4.8343002984000e-04;       4434
4.8344615283300e-04;       4434
4.8346551365000e-04;       3845
4.8348486260800e-04;       3845
4.8350422331200e-04;      -1455
4.8352357220700e-04;      -1455
4.8354293305600e-04;       5757
4.8356228189100e-04;       5757
4.8358164272800e-04;        457
4.8360099158800e-04;        457
4.8362035246900e-04;       -132
4.8363970113200e-04;       -132
4.8365906195600e-04;       -721
4.8367841080100e-04;       -721
4.8369777166800e-04;       1780
4.8371712048900e-04;       1780
4.8373648142900e-04;       1191
4.8375583013600e-04;       1191
4.8377519095800e-04;       8403
4.8379453976100e-04;       8403
4.8381390076600e-04;       3103
4.8383324955500e-04;       3103
4.8385261056100e-04;       2514
4.8387195934700e-04;       2514
4.8389132014600e-04;       5015
4.8391066903100e-04;       5015
4.8393002969400e-04;       4426
4.8394615279100e-04;       4426
4.8396551387300e-04;       3837
4.8398486262100e-04;       3837
4.8400422354700e-04;      -1463
4.8402357235700e-04;      -1463
4.8404293307800e-04;       5749
4.8406228189000e-04;       5749
4.8408164285000e-04;        449
4.8410099162800e-04;        449
4.8412035248100e-04;       -140
4.8413970139800e-04;       -140
4.8415906227800e-04;       -729
4.8417841109300e-04;       -729
4.8419777190400e-04;       1772
4.8421712061300e-04;       1772
4.8423648168300e-04;       1183
4.8425583054200e-04;       1183
4.8427519144700e-04;       8395
4.8429454025800e-04;       8395
4.8431390112000e-04;       3095
4.8433325008200e-04;       3095
4.8435261097900e-04;       2506
4.8437195992200e-04;       2506
4.8439132060300e-04;       5007
4.8441066943700e-04;       5007
4.8443003044500e-04;       4418
4.8444615337500e-04;       4418
4.8446551414300e-04;       3829
4.8448486293800e-04;       3829
4.8450422382800e-04;       6330
4.8452357267300e-04;       6330
4.8454293355100e-04;       5741
4.8456228241700e-04;       5741
4.8458164327800e-04;        441
4.8460099224500e-04;        441
4.8462035318300e-04;       -148
4.8463970181400e-04;       -148
4.8465906275100e-04;       7064
4.8467841154600e-04;       7064
4.8469777244500e-04;       1764
4.8471712133300e-04;       1764
4.8473648212000e-04;       1175
4.8475583092300e-04;       1175
4.8477519164200e-04;       8387
4.8479454041800e-04;       8387
4.8481390122400e-04;       3087
4.8483325010500e-04;       3087
4.8485261080900e-04;       2498
4.8487195967900e-04;       2498
4.8489132042800e-04;       4999
4.8491066930500e-04;       4999
4.8493003015300e-04;       4410
4.8494615320600e-04;       4410
4.8496551430800e-04;       3821
4.8498486304600e-04;       3821
4.8500422392000e-04;      -1479
4.8502357281400e-04;      -1479
4.8504293355500e-04;       5733
4.8506228248400e-04;       5733
4.8508164332400e-04;        433
4.8510099215100e-04;        433
4.8512035301100e-04;       -156
4.8513970178800e-04;       -156
4.8515906268400e-04;       -745
4.8517841153600e-04;       -745
4.8519777232700e-04;       1756
4.8521712120600e-04;       1756
4.8523648197400e-04;       1167
4.8525583079000e-04;       1167
4.8527519165100e-04;       8379
4.8529454070100e-04;       8379
4.8531390151400e-04;       3079
4.8533325044900e-04;       3079
4.8535261128300e-04;       2490
4.8537196002400e-04;       2490
4.8539132085200e-04;       4991
4.8541066981000e-04;       4991
4.8543003066100e-04;       4402
4.8544615376100e-04;       4402
4.8546551460200e-04;       3813
4.8548486343400e-04;       3813
4.8550422422600e-04;       6314
4.8552357300500e-04;       6314
4.8554293373400e-04;       5725
4.8556228270700e-04;       5725
4.8558164363000e-04;        425
4.8560099241100e-04;        425
4.8562035326500e-04;       -164
4.8563970207600e-04;       -164
4.8565906302600e-04;       -753
4.8567841188000e-04;       -753
4.8569777263900e-04;       1748
4.8571712159200e-04;       1748
4.8573648234000e-04;       1159
4.8575583113600e-04;       1159
4.8577519197500e-04;       8371
4.8579454092900e-04;       8371
4.8581390182400e-04;       3071
4.8583325084900e-04;       3071
4.8585261169300e-04;       2482
4.8587196043800e-04;       2482
4.8589132125500e-04;       4983
4.8591067019400e-04;       4983
4.8593003108200e-04;       4394
4.8594615408400e-04;       4394
4.8596551487600e-04;       3805
4.8598486364200e-04;       3805
4.8600422457300e-04;      -1495
4.8602357342400e-04;      -1495
4.8604293428300e-04;       5717
4.8606228304700e-04;       5717
4.8608164377300e-04;        417
4.8610099247400e-04;        417
4.8612035346500e-04;       -172
4.8613970238700e-04;       -172
4.8615906320000e-04;       -761
4.8617841217000e-04;       -761
4.8619777288900e-04;       1740
4.8621712164200e-04;       1740
4.8623648237600e-04;       1151
4.8625583143800e-04;       1151
4.8627519236000e-04;        562
4.8629454109000e-04;        562
4.8631390201400e-04;       3063
4.8633325080600e-04;       3063
4.8635261161100e-04;       2474
4.8637196049100e-04;       2474
4.8639132137100e-04;       4975
4.8641067024400e-04;       4975
4.8643003133300e-04;       4386
4.8644615435900e-04;       4386
4.8646551514500e-04;       3797
4.8648486405600e-04;       3797
4.8650422488000e-04;       6298
4.8652357365600e-04;       6298
4.8654293444500e-04;       5709
4.8656228329200e-04;       5709
4.8658164425300e-04;        409
4.8660099304700e-04;        409
4.8662035368100e-04;       7621
4.8663970252600e-04;       7621
4.8665906341000e-04;       7032
4.8667841210000e-04;       7032
4.8669777297900e-04;       1732
4.8671712171200e-04;       1732
4.8673648249100e-04;       1143
4.8675583155000e-04;       1143
4.8677519230400e-04;       8355
4.8679454125800e-04;       8355
4.8681390215400e-04;       3055
4.8683325101900e-04;       3055
4.8685261184800e-04;       2466
4.8687196067600e-04;       2466
4.8689132158200e-04;       4967
4.8691067029000e-04;       4967
4.8693003118900e-04;       4378
4.8694615418700e-04;       4378
4.8696551491200e-04;       3789
4.8698486378700e-04;       3789
4.8700422465300e-04;      -1511
4.8702357354300e-04;      -1511
4.8704293433100e-04;       5701
4.8706228321700e-04;       5701
4.8708164404900e-04;        401
4.8710099300600e-04;        401
4.8712035398900e-04;       -188
4.8713970279100e-04;       -188
4.8715906358800e-04;       7024
4.8717841238800e-04;       7024
4.8719777330500e-04;       1724
4.8721712209200e-04;       1724
4.8723648298900e-04;       1135
4.8725583187900e-04;       1135
4.8727519277700e-04;       8347
4.8729454157900e-04;       8347
4.8731390242400e-04;       3047
4.8733325120200e-04;       3047
4.8735261210600e-04;       2458
4.8737196098300e-04;       2458
4.8739132189200e-04;       4959
4.8741067076600e-04;       4959
4.8743003157200e-04;       4370
4.8744615460300e-04;       4370
4.8746551553200e-04;       3781
4.8748486448400e-04;       3781
4.8750422518800e-04;       6282
4.8752357394700e-04;       6282
4.8754293474100e-04;       5693
4.8756228347700e-04;       5693
4.8758164439100e-04;        393
4.8760099311300e-04;        393
4.8762035401000e-04;       -196
4.8763970291000e-04;       -196
4.8765906373600e-04;       -785
4.8767841257100e-04;       -785
4.8769777327700e-04;       1716
4.8771712219300e-04;       1716
4.8773648291200e-04;       1127
4.8775583166000e-04;       1127
4.8777519250000e-04;       8339
4.8779454141800e-04;       8339
4.8781390228400e-04;       3039
4.8783325099600e-04;       3039
4.8785261190000e-04;       2450
4.8787196078500e-04;       2450
4.8789132150000e-04;       4951
4.8791067043100e-04;       4951
4.8793003142500e-04;       4362
4.8794615434300e-04;       4362
4.8796551505800e-04;       3773
4.8798486380800e-04;       3773
4.8800422472600e-04;       6274
4.8802357352300e-04;       6274
4.8804293430400e-04;       5685
4.8806228308800e-04;       5685
4.8808164376700e-04;        385
4.8810099281900e-04;        385
4.8812035378400e-04;       -204
4.8813970273100e-04;       -204
4.8815906351200e-04;       7008
4.8817841238000e-04;       7008
4.8819777334500e-04;       1708
4.8821712205200e-04;       1708
4.8823648302100e-04;       1119
4.8825583188100e-04;       1119
4.8827519259600e-04;       8331
4.8829454143500e-04;       8331
4.8831390228900e-04;       3031
4.8833325103200e-04;       3031
4.8835261166200e-04;       2442
4.8837196046100e-04;       2442
4.8839132109000e-04;       4943
4.8841066993700e-04;       4943
4.8843003085000e-04;       4354
4.8844615388600e-04;       4354
4.8846551473200e-04;       3765
4.8848486349600e-04;       3765
4.8850422435700e-04;      -1535
4.8852357302900e-04;      -1535
4.8854293381000e-04;       5677
4.8856228251200e-04;       5677
4.8858164328300e-04;        377
4.8860099210300e-04;        377
4.8862035306700e-04;       -212
4.8863970197300e-04;       -212
4.8865906275800e-04;       7000
4.8867841154600e-04;       7000
4.8869777246800e-04;       1700
4.8871712122400e-04;       1700
4.8873648205500e-04;       1111
4.8875583087400e-04;       1111
4.8877519173800e-04;       8323
4.8879454044900e-04;       8323
4.8881390128700e-04;       3023
4.8883325006600e-04;       3023
4.8885261076800e-04;       2434
4.8887195964900e-04;       2434
4.8889132042200e-04;       4935
4.8891066930600e-04;       4935
4.8893003027000e-04;       4346
4.8894615322400e-04;       4346
4.8896551404500e-04;       3757
4.8898486290000e-04;       3757
4.8900422361700e-04;      -1543
4.8902357246700e-04;      -1543
4.8904293315100e-04;       5669
4.8906228192600e-04;       5669
4.8908164279400e-04;        369
4.8910099144300e-04;        369
4.8912035246100e-04;       -220
4.8913970138900e-04;       -220
4.8915906247200e-04;       6992
4.8917841123200e-04;       6992
4.8919777204400e-04;       1692
4.8921712100900e-04;       1692
4.8923648195900e-04;       1103
4.8925583080400e-04;       1103
4.8927519167400e-04;       8315
4.8929454060900e-04;       8315
4.8931390141700e-04;       3015
4.8933325027500e-04;       3015
4.8935261105500e-04;       2426
4.8937195979700e-04;       2426
4.8939132051700e-04;       4927
4.8941066930000e-04;       4927
4.8943003005800e-04;       4338
4.8944615315400e-04;       4338
4.8946551406400e-04;       3749
4.8948486279900e-04;       3749
4.8950422350400e-04;      -1551
4.8952357224200e-04;      -1551
4.8954293314100e-04;       5661
4.8956228195200e-04;       5661
4.8958164275900e-04;        361
4.8960099145500e-04;        361
4.8962035229800e-04;       -228
4.8963970102900e-04;       -228
4.8965906197400e-04;       -817
4.8967841058500e-04;       -817
4.8969777151900e-04;       1684
4.8971712039500e-04;       1684
4.8973648134100e-04;       1095
4.8975583018900e-04;       1095
4.8977519099200e-04;       8307
4.8979453982800e-04;       8307
4.8981390086800e-04;       3007
4.8983324974300e-04;       3007
4.8985261065400e-04;       2418
4.8987195954300e-04;       2418
4.8989132026200e-04;       4919
4.8991066919100e-04;       4919
4.8993002999600e-04;       4330
4.8994615308800e-04;       4330
4.8996551391800e-04;       3741
4.8998486287100e-04;       3741
4.9000422361000e-04;       6242
4.9002357249300e-04;       6242
4.9004293339300e-04;       5653
4.9006228225300e-04;       5653
4.9008164296000e-04;        353
4.9010099177500e-04;        353
4.9012035271400e-04;       -236
4.9013970148100e-04;       -236
4.9015906242600e-04;       -825
4.9017841115200e-04;       -825
4.9019777192400e-04;       1676
4.9021712067400e-04;       1676
4.9023648145500e-04;       1087
4.9025583038000e-04;       1087
4.9027519103000e-04;       8299
4.9029453971300e-04;       8299
4.9031390072700e-04;       2999
4.9033324964800e-04;       2999
4.9035261052900e-04;       2410
4.9037195931200e-04;       2410
4.9039132012300e-04;       4911
4.9041066913200e-04;       4911
4.9043003011300e-04;       4322
4.9044615320900e-04;       4322
4.9046551394800e-04;       3733
4.9048486292100e-04;       3733
4.9050422372800e-04;      -1567
4.9052357249300e-04;      -1567
4.9054293325500e-04;       5645
4.9056228201700e-04;       5645
4.9058164285400e-04;        345
4.9060099156400e-04;        345
4.9062035230000e-04;       -244
4.9063970113000e-04;       -244
4.9065906190900e-04;       6968
4.9067841086500e-04;       6968
4.9069777170200e-04;       1668
4.9071712052200e-04;       1668
4.9073648141100e-04;       1079
4.9075583010800e-04;       1079
4.9077519109300e-04;       8291
4.9079453992300e-04;       8291
4.9081390080200e-04;       2991
4.9083324957600e-04;       2991
4.9085261041500e-04;       2402
4.9087195931200e-04;       2402
4.9089132004300e-04;       4903
4.9091066887200e-04;       4903
4.9093002977200e-04;       4314
4.9094615271300e-04;       4314
4.9096551331400e-04;       3725
4.9098486222500e-04;       3725
4.9100422310000e-04;       6226
4.9102357188300e-04;       6226
4.9104293273200e-04;       5637
4.9106228155800e-04;       5637
4.9108164260000e-04;        337
4.9110099138800e-04;        337
4.9112035234700e-04;       -252
4.9113970121900e-04;       -252
4.9115906196000e-04;       -841
4.9117841090900e-04;       -841
4.9119777165500e-04;       1660
4.9121712038100e-04;       1660
4.9123648114500e-04;       1071
4.9125583008000e-04;       1071
4.9127519109300e-04;        482
4.9129454002900e-04;        482
4.9131390091500e-04;       2983
4.9133324971500e-04;       2983
4.9135261066500e-04;       2394
4.9137195936800e-04;       2394
4.9139132025200e-04;       4895
4.9141066917300e-04;       4895
4.9143003006000e-04;       4306
4.9144615298000e-04;       4306
4.9146551395100e-04;       3717
4.9148486277300e-04;       3717
4.9150422363200e-04;      -1583
4.9152357238500e-04;      -1583
4.9154293324700e-04;       5629
4.9156228221500e-04;       5629
4.9158164312100e-04;        329
4.9160099182500e-04;        329
4.9162035265500e-04;       -260
4.9163970155200e-04;       -260
4.9165906225800e-04;       6952
4.9167841100000e-04;       6952
4.9169777190500e-04;       1652
4.9171712091000e-04;       1652
4.9173648177200e-04;       1063
4.9175583078200e-04;       1063
4.9177519169300e-04;        474
4.9179454061300e-04;        474
4.9181390143800e-04;       2975
4.9183325027700e-04;       2975
4.9185261109600e-04;       2386
4.9187196002700e-04;       2386
4.9189132098300e-04;       4887
4.9191066973200e-04;       4887
4.9193003058300e-04;       4298
4.9194615359000e-04;       4298
4.9196551439500e-04;       3709
4.9198486321100e-04;       3709
4.9200422412100e-04;       6210
4.9202357294100e-04;       6210
4.9204293368700e-04;       5621
4.9206228247500e-04;       5621
4.9208164331300e-04;        321
4.9210099204100e-04;        321
4.9212035282700e-04;       -268
4.9213970177800e-04;       -268
4.9215906244400e-04;       6944
4.9217841131300e-04;       6944
4.9219777238000e-04;       1644
4.9221712108600e-04;       1644
4.9223648178000e-04;       1055
4.9225583076500e-04;       1055
4.9227519147400e-04;       8267
4.9229454052400e-04;       8267
4.9231390137700e-04;       2967
4.9233325013400e-04;       2967
4.9235261094200e-04;       2378
4.9237195986300e-04;       2378
4.9239132065500e-04;       4879
4.9241066948800e-04;       4879
4.9243003034200e-04;       4290
4.9244615330200e-04;       4290
4.9246551405000e-04;       3701
4.9248486293300e-04;       3701
4.9250422382900e-04;       6202
4.9252357269000e-04;       6202
4.9254293335700e-04;       5613
4.9256228206200e-04;       5613
4.9258164282100e-04;        313
4.9260099174900e-04;        313
4.9262035249200e-04;       -276
4.9263970150500e-04;       -276
4.9265906233300e-04;       -865
4.9267841139400e-04;       -865
4.9269777198600e-04;       1636
4.9271712080800e-04;       1636
4.9273648167100e-04;       1047
4.9275583038800e-04;       1047
4.9277519126200e-04;       8259
4.9279453994500e-04;       8259
4.9281390067600e-04;       2959
4.9283324946600e-04;       2959
4.9285261030000e-04;       2370
4.9287195911100e-04;       2370
4.9289132008700e-04;       4871
4.9291066889400e-04;       4871
4.9293002971600e-04;       4282
4.9294615271300e-04;       4282
4.9296551337500e-04;       3693
4.9298486229200e-04;       3693
4.9300422302200e-04;       6194
4.9302357192000e-04;       6194
4.9304293287500e-04;       5605
4.9306228181300e-04;       5605
4.9308164267800e-04;        305
4.9310099145200e-04;        305
4.9312035223700e-04;       -284
4.9313970120500e-04;       -284
4.9315906193700e-04;       -873
4.9317841073200e-04;       -873
4.9319777154400e-04;       1628
4.9321712035300e-04;       1628
4.9323648130500e-04;       1039
4.9325583012600e-04;       1039
4.9327519097500e-04;        450
4.9329453972500e-04;        450
4.9331390063600e-04;       2951
4.9333324927400e-04;       2951
4.9335261010500e-04;       2362
4.9337195883400e-04;       2362
4.9339131974300e-04;       4863
4.9341066842900e-04;       4863
4.9343002936000e-04;       4274
4.9344615245900e-04;       4274
4.9346551319800e-04;       3685
4.9348486220500e-04;       3685
4.9350422311600e-04;       6186
4.9352357201800e-04;       6186
4.9354293286700e-04;       5597
4.9356228165700e-04;       5597
4.9358164245300e-04;        297
4.9360099117100e-04;        297
4.9362035199900e-04;       -292
4.9363970081900e-04;       -292
4.9365906160400e-04;       -881
4.9367841044000e-04;       -881
4.9369777115700e-04;       1620
4.9371711994800e-04;       1620
4.9373648086700e-04;       1031
4.9375582957600e-04;       1031
4.9377519033500e-04;        442
4.9379453915500e-04;        442
4.9381390000200e-04;       2943
4.9383324882800e-04;       2943
4.9385260959700e-04;       2354
4.9387195829600e-04;       2354
4.9389131912400e-04;      -2946
4.9391066792400e-04;      -2946
4.9393002878800e-04;       4266
4.9394615197800e-04;       4266
4.9396551278100e-04;       3677
4.9398486175500e-04;       3677
4.9400422249300e-04;      -1623
4.9402357155300e-04;      -1623
4.9404293245300e-04;       5589
4.9406228130900e-04;       5589
4.9408164217700e-04;        289
4.9410099089200e-04;        289
4.9412035171800e-04;       -300
4.9413970065300e-04;       -300
4.9415906135800e-04;       6912
4.9417841017200e-04;       6912
4.9419777090800e-04;       1612
4.9421711978600e-04;       1612
4.9423648073200e-04;       1023
4.9425582957900e-04;       1023
4.9427519043100e-04;        434
4.9429453919300e-04;        434
4.9431390000400e-04;       2935
4.9433324875200e-04;       2935
4.9435260962300e-04;       2346
4.9437195841400e-04;       2346
4.9439131923100e-04;      -2954
4.9441066823200e-04;      -2954
4.9443002919300e-04;       4258
4.9444615218100e-04;       4258
4.9446551312300e-04;       3669
4.9448486194500e-04;       3669
4.9450422280100e-04;       6170
4.9452357155100e-04;       6170
4.9454293237100e-04;       5581
4.9456228112600e-04;       5581
4.9458164183300e-04;        281
4.9460099068100e-04;        281
4.9462035150500e-04;       -308
4.9463970027700e-04;       -308
4.9465906121100e-04;       -897
4.9467840999800e-04;       -897
4.9469777069000e-04;       1604
4.9471711957700e-04;       1604
4.9473648039000e-04;       1015
4.9475582910600e-04;       1015
4.9477518983700e-04;        426
4.9479453885800e-04;        426
4.9481389966800e-04;       2927
4.9483324849000e-04;       2927
4.9485260927900e-04;       2338
4.9487195817500e-04;       2338
4.9489131899200e-04;       4839
4.9491066781300e-04;       4839
4.9493002869200e-04;       4250
4.9494615182800e-04;       4250
4.9496551289100e-04;       3661
4.9498486169800e-04;       3661
4.9500422244800e-04;      -1639
4.9502357126200e-04;      -1639
4.9504293218600e-04;       5573
4.9506228107400e-04;       5573
4.9508164189300e-04;        273
4.9510099074000e-04;        273
4.9512035147300e-04;       -316
4.9513970027300e-04;       -316
4.9515906100600e-04;       -905
4.9517840997800e-04;       -905
4.9519777085300e-04;       1596
4.9521711979000e-04;       1596
4.9523648051500e-04;       1007
4.9525582950200e-04;       1007
4.9527519044100e-04;        418
4.9529453931900e-04;        418
4.9531390012300e-04;       2919
4.9533324892800e-04;       2919
4.9535260966400e-04;       2330
4.9537195841300e-04;       2330
4.9539131927500e-04;       4831
4.9541066806100e-04;       4831
4.9543002892000e-04;       4242
4.9544615182400e-04;       4242
4.9546551271700e-04;       3653
4.9548486155300e-04;       3653
4.9550422234400e-04;      -1647
4.9552357121300e-04;      -1647
4.9554293200700e-04;       5565
4.9556228071600e-04;       5565
4.9558164146400e-04;        265
4.9560099039700e-04;        265
4.9562035115500e-04;       -324
4.9563969991800e-04;       -324
4.9565906079400e-04;       -913
4.9567840963600e-04;       -913
4.9569777064500e-04;       1588
4.9571711932400e-04;       1588
4.9573648006600e-04;        999
4.9575582895500e-04;        999
4.9577518982700e-04;        410
4.9579453877200e-04;        410
4.9581389933400e-04;       2911
4.9583324816600e-04;       2911
4.9585260914000e-04;       2322
4.9587195783900e-04;       2322
4.9589131881100e-04;       4823
4.9591066759500e-04;       4823
4.9593002844400e-04;       4234
4.9594615151600e-04;       4234
4.9596551238500e-04;       3645
4.9598486130700e-04;       3645
4.9600422218800e-04;      -1655
4.9602357101600e-04;      -1655
4.9604293187600e-04;       5557
4.9606228064500e-04;       5557
4.9608164154400e-04;        257
4.9610099052900e-04;        257
4.9612035133200e-04;       -332
4.9613970015900e-04;       -332
4.9615906106200e-04;       -921
4.9617840969600e-04;       -921
4.9619777072400e-04;       1580
4.9621711939000e-04;       1580
4.9623648051300e-04;        991
4.9625582925500e-04;        991
4.9627519025000e-04;        402
4.9629453907100e-04;        402
4.9631389992800e-04;       2903
4.9633324871600e-04;       2903
4.9635260940900e-04;       2314
4.9637195809900e-04;       2314
4.9639131882700e-04;       4815
4.9641066762100e-04;       4815
4.9643002850900e-04;       4226
4.9644615157100e-04;       4226
4.9646551244500e-04;       3637
4.9648486136200e-04;       3637
4.9650422193700e-04;      -1663
4.9652357071600e-04;      -1663
4.9654293162500e-04;       5549
4.9656228049500e-04;       5549
4.9658164131800e-04;        249
4.9660099026500e-04;        249
4.9662035106200e-04;       -340
4.9663970007500e-04;       -340
4.9665906079300e-04;       -929
4.9667840975800e-04;       -929
4.9669777060800e-04;       1572
4.9671711948700e-04;       1572
4.9673648030100e-04;        983
4.9675582927800e-04;        983
4.9677518994400e-04;        394
4.9679453882300e-04;        394
4.9681389965100e-04;       2895
4.9683324852800e-04;       2895
4.9685260955900e-04;       2306
4.9687195836400e-04;       2306
4.9689131913000e-04;      -2994
4.9691066811300e-04;      -2994
4.9693002909300e-04;       4218
4.9694615193900e-04;       4218
4.9696551283700e-04;       3629
4.9698486165400e-04;       3629
4.9700422256400e-04;      -1671
4.9702357150400e-04;      -1671
4.9704293227000e-04;       5541
4.9706228106200e-04;       5541
4.9708164184900e-04;        241
4.9710099064000e-04;        241
4.9712035161500e-04;       -348
4.9713970037400e-04;       -348
4.9715906136400e-04;       -937
4.9717841017500e-04;       -937
4.9719777095700e-04;       1564
4.9721711992800e-04;       1564
4.9723648084100e-04;        975
4.9725582956400e-04;        975
4.9727519048100e-04;       8187
4.9729453924900e-04;       8187
4.9731389999800e-04;       2887
4.9733324888200e-04;       2887
4.9735260989100e-04;       2298
4.9737195871000e-04;       2298
4.9739131959800e-04;       4799
4.9741066851800e-04;       4799
4.9743002932700e-04;       4210
4.9744615236300e-04;       4210
4.9746551319100e-04;       3621
4.9748486201700e-04;       3621
4.9750422291000e-04;      -1679
4.9752357178400e-04;      -1679
4.9754293266000e-04;       5533
4.9756228149600e-04;       5533
4.9758164256900e-04;        233
4.9760099138400e-04;        233
4.9762035217300e-04;       -356
4.9763970089500e-04;       -356
4.9765906183300e-04;       6856
4.9767841072400e-04;       6856
4.9769777167800e-04;       1556
4.9771712070100e-04;       1556
4.9773648150800e-04;        967
4.9775583015500e-04;        967
4.9777519098500e-04;        378
4.9779453987700e-04;        378
4.9781390076100e-04;       2879
4.9783324942100e-04;       2879
4.9785261036900e-04;       2290
4.9787195931000e-04;       2290
4.9789132016800e-04;      -3010
4.9791066873100e-04;      -3010
4.9793002961500e-04;       4202
4.9794615264100e-04;       4202
4.9796551356100e-04;       3613
4.9798486252700e-04;       3613
4.9800422330700e-04;       6114
4.9802357219500e-04;       6114
4.9804293308300e-04;       5525
4.9806228176600e-04;       5525
4.9808164267400e-04;        225
4.9810099147600e-04;        225
4.9812035241700e-04;       -364
4.9813970116300e-04;       -364
4.9815906205900e-04;       -953
4.9817841089800e-04;       -953
4.9819777179800e-04;       1548
4.9821712063800e-04;       1548
4.9823648137200e-04;        959
4.9825583023900e-04;        959
4.9827519103300e-04;       8171
4.9829453990900e-04;       8171
4.9831390071300e-04;       2871
4.9833324965600e-04;       2871
4.9835261042800e-04;       2282
4.9837195939800e-04;       2282
4.9839132017800e-04;       4783
4.9841066908100e-04;       4783
4.9843002986300e-04;       4194
4.9844615295400e-04;       4194
4.9846551371200e-04;       3605
4.9848486232900e-04;       3605
4.9850422330100e-04;      -1695
4.9852357203000e-04;      -1695
4.9854293288200e-04;       5517
4.9856228177900e-04;       5517
4.9858164263200e-04;        217
4.9860099128300e-04;        217
4.9862035209400e-04;       -372
4.9863970091400e-04;       -372
4.9865906183600e-04;       6840
4.9867841067200e-04;       6840
4.9869777158900e-04;       1540
4.9871712037900e-04;       1540
4.9873648124900e-04;        951
4.9875583004100e-04;        951
4.9877519077700e-04;        362
4.9879453974100e-04;        362
4.9881390044100e-04;       2863
4.9883324922300e-04;       2863
4.9885261002100e-04;       2274
4.9887195892200e-04;       2274
4.9889131978800e-04;       4775
4.9891066877400e-04;       4775
4.9893002961000e-04;       4186
4.9894615268600e-04;       4186
4.9896551348600e-04;       3597
4.9898486225200e-04;       3597
4.9900422310900e-04;       6098
4.9902357191700e-04;       6098
4.9904293279600e-04;       5509
4.9906228166000e-04;       5509
4.9908164254300e-04;        209
4.9910099132500e-04;        209
4.9912035222200e-04;       -380
4.9913970092700e-04;       -380
4.9915906175700e-04;       -969
4.9917841056500e-04;       -969
4.9919777140200e-04;       1532
4.9921712020300e-04;       1532
4.9923648089000e-04;        943
4.9925582988100e-04;        943
4.9927519056700e-04;        354
4.9929453946600e-04;        354
4.9931390011100e-04;       2855
4.9933324913700e-04;       2855
4.9935260988100e-04;       2266
4.9937195877500e-04;       2266
4.9939131959200e-04;       4767
4.9941066842300e-04;       4767
4.9943002933900e-04;       4178
4.9944615248300e-04;       4178
4.9946551336400e-04;       3589
4.9948486206600e-04;       3589
4.9950422294800e-04;       6090
4.9952357174500e-04;       6090
4.9954293255000e-04;       5501
4.9956228136000e-04;       5501
4.9958164220200e-04;        201
4.9960099107100e-04;        201
4.9962035174600e-04;       -388
4.9963970049300e-04;       -388
4.9965906128300e-04;       -977
4.9967841031400e-04;       -977
4.9969777129400e-04;       1524
4.9971712015600e-04;       1524
4.9973648093200e-04;        935
4.9975582974900e-04;        935
4.9977519067300e-04;        346
4.9979453944600e-04;        346
4.9981390023100e-04;       2847
4.9983324905600e-04;       2847
4.9985260984500e-04;       2258
4.9987195859500e-04;       2258
4.9989131934600e-04;       4759
4.9991066822700e-04;       4759
4.9993002915200e-04;       4170
4.9994615226500e-04;       4170
4.9996551321300e-04;       3581
4.9998486195200e-04;       3581
5.0000422274600e-04;      -1719
5.0002357157700e-04;      -1719
5.0004293251700e-04;       5493
5.0006228116300e-04;       5493
5.0008164199200e-04;        193
5.0010099086000e-04;        193
5.0012035157300e-04;       -396
5.0013970044500e-04;       -396
5.0015906120900e-04;       6816
5.0017841008200e-04;       6816
5.0019777088300e-04;       1516
5.0021711973200e-04;       1516
5.0023648048600e-04;        927
5.0025582930300e-04;        927
5.0027519016900e-04;        338
5.0029453907900e-04;        338
5.0031390001100e-04;       2839
5.0033324870000e-04;       2839
5.0035260961100e-04;       2250
5.0037195858800e-04;       2250
5.0039131950100e-04;       4751
5.0041066815300e-04;       4751
5.0043002907600e-04;       4162
5.0044615207000e-04;       4162
5.0046551299900e-04;       3573
5.0048486177100e-04;       3573
5.0050422261800e-04;      -1727
5.0052357164200e-04;      -1727
5.0054293252400e-04;       5485
5.0056228144000e-04;       5485
5.0058164216000e-04;        185
5.0060099087500e-04;        185
5.0062035164700e-04;       -404
5.0063970057000e-04;       -404
5.0065906117600e-04;       6808
5.0067840994200e-04;       6808
5.0069777071600e-04;       1508
5.0071711961600e-04;       1508
5.0073648042000e-04;        919
5.0075582928000e-04;        919
5.0077519020700e-04;        330
5.0079453884900e-04;        330
5.0081389963600e-04;       2831
5.0083324854400e-04;       2831
5.0085260927800e-04;       2242
5.0087195810300e-04;       2242
5.0089131901000e-04;       4743
5.0091066784900e-04;       4743
5.0093002865600e-04;       4154
5.0094615161400e-04;       4154
5.0096551248100e-04;       3565
5.0098486124800e-04;       3565
5.0100422199100e-04;      -1735
5.0102357088100e-04;      -1735
5.0104293163500e-04;       5477
5.0106228025800e-04;       5477
5.0108164107000e-04;        177
5.0110098994000e-04;        177
5.0112035081400e-04;       -412
5.0113969966500e-04;       -412
5.0115906065300e-04;      -1001
5.0117840946400e-04;      -1001
5.0119777031000e-04;       1500
5.0121711906900e-04;       1500
5.0123648000000e-04;        911
5.0125582895100e-04;        911
5.0127518993400e-04;        322
5.0129453881500e-04;        322
5.0131389967200e-04;       2823
5.0133324852400e-04;       2823
5.0135260938900e-04;       2234
5.0137195821700e-04;       2234
5.0139131903100e-04;       4735
5.0141066784000e-04;       4735
5.0143002876700e-04;       4146
5.0144615193700e-04;       4146
5.0146551278200e-04;       3557
5.0148486150800e-04;       3557
5.0150422236200e-04;      -1743
5.0152357123000e-04;      -1743
5.0154293193100e-04;       5469
5.0156228079300e-04;       5469
5.0158164160700e-04;        169
5.0160099039500e-04;        169
5.0162035137900e-04;       -420
5.0163970018800e-04;       -420
5.0165906093000e-04;       6792
5.0167840962800e-04;       6792
5.0169777047800e-04;       1492
5.0171711937300e-04;       1492
5.0173648038300e-04;        903
5.0175582916000e-04;        903
5.0177518993500e-04;        314
5.0179453881500e-04;        314
5.0181389969100e-04;       2815
5.0183324838900e-04;       2815
5.0185260925500e-04;       2226
5.0187195806000e-04;       2226
5.0189131890300e-04;      -3074
5.0191066784200e-04;      -3074
5.0193002864600e-04;       4138
5.0194615161200e-04;       4138
5.0196551240100e-04;       3549
5.0198486124700e-04;       3549
5.0200422196100e-04;      -1751
5.0202357090400e-04;      -1751
5.0204293156800e-04;       5461
5.0206228050200e-04;       5461
5.0208164148500e-04;        161
5.0210099031500e-04;        161
5.0212035116100e-04;       -428
5.0213969991600e-04;       -428
5.0215906089400e-04;      -1017
5.0217840975400e-04;      -1017
5.0219777051400e-04;       1484
5.0221711936800e-04;       1484
5.0223648023000e-04;        895
5.0225582900300e-04;        895
5.0227518978700e-04;        306
5.0229453855500e-04;        306
5.0231389948700e-04;       2807
5.0233324831600e-04;       2807
5.0235260925300e-04;       2218
5.0237195812500e-04;       2218
5.0239131900500e-04;      -3082
5.0241066775700e-04;      -3082
5.0243002900600e-04;       4130
5.0244615194900e-04;       4130
5.0246551285100e-04;       3541
5.0248486163000e-04;       3541
5.0250422246300e-04;      -1759
5.0252357145600e-04;      -1759
5.0254293221300e-04;       5453
5.0256228117400e-04;       5453
5.0258164206400e-04;        153
5.0260099087400e-04;        153
5.0262035179600e-04;       -436
5.0263970053800e-04;       -436
5.0265906148100e-04;       6776
5.0267841036100e-04;       6776
5.0269777126000e-04;       1476
5.0271712022100e-04;       1476
5.0273648101300e-04;        887
5.0275582993700e-04;        887
5.0277519069600e-04;        298
5.0279453933700e-04;        298
5.0281390027500e-04;       2799
5.0283324907400e-04;       2799
5.0285260996600e-04;       2210
5.0287195876300e-04;       2210
5.0289131956000e-04;       4711
5.0291066848200e-04;       4711
5.0293002923700e-04;       4122
5.0294615236600e-04;       4122
5.0296551337600e-04;       3533
5.0298486227500e-04;       3533
5.0300422318300e-04;       6034
5.0302357196400e-04;       6034
5.0304293273800e-04;       5445
5.0306228162000e-04;       5445
5.0308164268200e-04;        145
5.0310099137200e-04;        145
5.0312035221000e-04;       -444
5.0313970123400e-04;       -444
5.0315906193900e-04;      -1033
5.0317841069000e-04;      -1033
5.0319777145200e-04;       1468
5.0321712015800e-04;       1468
5.0323648105100e-04;        879
5.0325582976000e-04;        879
5.0327519042800e-04;        290
5.0329453933300e-04;        290
5.0331390017000e-04;       2791
5.0333324896500e-04;       2791
5.0335260984900e-04;       2202
5.0337195877400e-04;       2202
5.0339131957000e-04;       4703
5.0341066850900e-04;       4703
5.0343002906900e-04;       4114
5.0344615219100e-04;       4114
5.0346551303800e-04;       3525
5.0348486194700e-04;       3525
5.0350422275100e-04;       6026
5.0352357147000e-04;       6026
5.0354293238800e-04;       5437
5.0356228119500e-04;       5437
5.0358164198900e-04;        137
5.0360099078100e-04;        137
5.0362035160300e-04;       -452
5.0363970046900e-04;       -452
5.0365906142500e-04;       6760
5.0367841028600e-04;       6760
5.0369777119700e-04;       1460
5.0371711998900e-04;       1460
5.0373648068200e-04;        871
5.0375582952800e-04;        871
5.0377519049300e-04;       8083
5.0379453928500e-04;       8083
5.0381390015100e-04;       2783
5.0383324897600e-04;       2783
5.0385260975800e-04;       2194
5.0387195856900e-04;       2194
5.0389131935400e-04;       4695
5.0391066805600e-04;       4695
5.0393002888000e-04;       4106
5.0394615200700e-04;       4106
5.0396551281600e-04;       3517
5.0398486171400e-04;       3517
5.0400422261000e-04;      -1783
5.0402357132000e-04;      -1783
5.0404293211500e-04;      -2372
5.0406228095000e-04;      -2372
5.0408164177400e-04;        129
5.0410099061300e-04;        129
5.0412035159300e-04;       -460
5.0413970045500e-04;       -460
5.0415906131200e-04;      -1049
5.0417841031700e-04;      -1049
5.0419777112600e-04;       1452
5.0421711990800e-04;       1452
5.0423648073700e-04;        863
5.0425582966400e-04;        863
5.0427519044800e-04;        274
5.0429453927300e-04;        274
5.0431390012400e-04;       2775
5.0433324898300e-04;       2775
5.0435260995200e-04;       2186
5.0437195873500e-04;       2186
5.0439131982500e-04;       4687
5.0441066861900e-04;       4687
5.0443002944300e-04;       4098
5.0444615241300e-04;       4098
5.0446551325000e-04;       3509
5.0448486199000e-04;       3509
5.0450422289000e-04;      -1791
5.0452357175900e-04;      -1791
5.0454293255300e-04;      -2380
5.0456228150700e-04;      -2380
5.0458164226000e-04;        121
5.0460099103700e-04;        121
5.0462035202800e-04;       -468
5.0463970064500e-04;       -468
5.0465906153900e-04;      -1057
5.0467841039600e-04;      -1057
5.0469777122100e-04;       1444
5.0471711998400e-04;       1444
5.0473648104100e-04;        855
5.0475583000700e-04;        855
5.0477519073400e-04;        266
5.0479453974600e-04;        266
5.0481390048900e-04;       2767
5.0483324924300e-04;       2767
5.0485261021800e-04;       2178
5.0487195899900e-04;       2178
5.0489131993600e-04;       4679
5.0491066874800e-04;       4679
5.0493002961100e-04;       4090
5.0494615276000e-04;       4090
5.0496551360600e-04;       3501
5.0498486255400e-04;       3501
5.0500422345900e-04;      -1799
5.0502357214200e-04;      -1799
5.0504293299100e-04;       5413
5.0506228169000e-04;       5413
5.0508164259500e-04;        113
5.0510099154000e-04;        113
5.0512035246600e-04;       -476
5.0513970115600e-04;       -476
5.0515906188500e-04;      -1065
5.0517841067000e-04;      -1065
5.0519777168300e-04;       1436
5.0521712054600e-04;       1436
5.0523648129300e-04;        847
5.0525583021500e-04;        847
5.0527519118800e-04;        258
5.0529453996300e-04;        258
5.0531390085700e-04;       2759
5.0533324982000e-04;       2759
5.0535261058000e-04;       2170
5.0537195935400e-04;       2170
5.0539132027900e-04;       4671
5.0541066920400e-04;       4671
5.0543002998000e-04;       4082
5.0544615299900e-04;       4082
5.0546551365200e-04;       3493
5.0548486251700e-04;       3493
5.0550422338100e-04;       5994
5.0552357223800e-04;       5994
5.0554293292400e-04;       5405
5.0556228170400e-04;       5405
5.0558164267000e-04;        105
5.0560099156300e-04;        105
5.0562035226900e-04;       -484
5.0563970116600e-04;       -484
5.0565906208100e-04;       6728
5.0567841095000e-04;       6728
5.0569777183300e-04;       1428
5.0571712066000e-04;       1428
5.0573648146800e-04;        839
5.0575583024500e-04;        839
5.0577519121900e-04;        250
5.0579453987100e-04;        250
5.0581390081000e-04;       2751
5.0583324968100e-04;       2751
5.0585261041300e-04;       2162
5.0587195936800e-04;       2162
5.0589132028800e-04;       4663
5.0591066929400e-04;       4663
5.0593003013500e-04;       4074
5.0594615306400e-04;       4074
5.0596551376000e-04;       3485
5.0598486266500e-04;       3485
5.0600422348100e-04;       5986
5.0602357237200e-04;       5986
5.0604293311900e-04;       5397
5.0606228197700e-04;       5397
5.0608164272500e-04;         97
5.0610099160500e-04;         97
5.0612035228300e-04;       -492
5.0613970105700e-04;       -492
5.0615906190200e-04;      -1081
5.0617841081500e-04;      -1081
5.0619777152300e-04;       1420
5.0621712017200e-04;       1420
5.0623648107000e-04;        831
5.0625583001900e-04;        831
5.0627519073800e-04;        242
5.0629453945400e-04;        242
5.0631390023500e-04;       2743
5.0633324900800e-04;       2743
5.0635260969000e-04;       2154
5.0637195846900e-04;       2154
5.0639131946900e-04;      -3146
5.0641066832000e-04;      -3146
5.0643002911000e-04;       4066
5.0644615221400e-04;       4066
5.0646551308800e-04;       3477
5.0648486182900e-04;       3477
5.0650422262700e-04;      -1823
5.0652357141700e-04;      -1823
5.0654293234800e-04;       5389
5.0656228120100e-04;       5389
5.0658164219200e-04;         89
5.0660099105700e-04;         89
5.0662035195200e-04;       -500
5.0663970087400e-04;       -500
